value,cagr_pct,max_dd_pct,ruined,killed,final_equity,trades_per_day,avg_hold_sec,time_stops,side_stops,wins,params
-2.9801529385057868,-2.9801529385057868,18.243766306964233,0.0,0.0,85.96900000003654,0.21397300148069198,971.7352406827608,97.0,16.0,165.0,"{""EntryMode"": 1, ""EntryTFMin"": 1, ""GridSpacingPts"": 150, ""TP_Pips"": 5.5, ""MaxLayers"": 3, ""Ladder"": ""step2"", ""MaxHoldSec"": 1800, ""StopPips"": 25.0, ""MaxBasketRiskPct"": 3.0, ""AddMinSec"": 60, ""Session"": ""lateny_1923"", ""ZEntry"": 2.25, ""ZEmaBars"": 120, ""NewsBeforeMin"": 30, ""NewsAfterMin"": 15, ""NewsCloseMode"": 0, ""DailyLossPct"": 8.0, ""MaxSpreadPts"": 0}"
-2.9801529385057868,-2.9801529385057868,18.243766306964233,0.0,0.0,85.96900000003654,0.21397300148069198,971.7352406827608,97.0,16.0,165.0,"{""EntryMode"": 1, ""EntryTFMin"": 1, ""GridSpacingPts"": 125, ""TP_Pips"": 5.5, ""MaxLayers"": 1, ""Ladder"": ""step1"", ""MaxHoldSec"": 1800, ""StopPips"": 25.0, ""MaxBasketRiskPct"": 3.0, ""AddMinSec"": 60, ""Session"": ""lateny_1923"", ""ZEntry"": 2.25, ""ZEmaBars"": 120, ""NewsBeforeMin"": 30, ""NewsAfterMin"": 15, ""NewsCloseMode"": 0, ""DailyLossPct"": 8.0, ""MaxSpreadPts"": 0}"
-2.9801529385057868,-2.9801529385057868,18.243766306964233,0.0,0.0,85.96900000003654,0.21397300148069198,971.7352406827608,97.0,16.0,165.0,"{""EntryMode"": 1, ""EntryTFMin"": 1, ""GridSpacingPts"": 150, ""TP_Pips"": 5.5, ""MaxLayers"": 1, ""Ladder"": ""step2"", ""MaxHoldSec"": 1800, ""StopPips"": 25.0, ""MaxBasketRiskPct"": 3.0, ""AddMinSec"": 60, ""Session"": ""lateny_1923"", ""ZEntry"": 2.25, ""ZEmaBars"": 120, ""NewsBeforeMin"": 30, ""NewsAfterMin"": 15, ""NewsCloseMode"": 0, ""DailyLossPct"": 8.0, ""MaxSpreadPts"": 0}"
-4.564427677508559,-3.6608351966335606,20.4517962404375,0.0,0.0,82.99700000003862,0.2124336273693201,1064.814118744923,112.0,16.0,148.0,"{""EntryMode"": 1, ""EntryTFMin"": 1, ""GridSpacingPts"": 150, ""TP_Pips"": 6.0, ""MaxLayers"": 6, ""Ladder"": ""step2"", ""MaxHoldSec"": 1800, ""StopPips"": 24.0, ""MaxBasketRiskPct"": 3.0, ""AddMinSec"": 60, ""Session"": ""lateny_1923"", ""ZEntry"": 2.25, ""ZEmaBars"": 120, ""NewsBeforeMin"": 30, ""NewsAfterMin"": 15, ""NewsCloseMode"": 0, ""DailyLossPct"": 8.0, ""MaxSpreadPts"": 0}"
-4.564427677508559,-3.6608351966335606,20.4517962404375,0.0,0.0,82.99700000003862,0.2124336273693201,1064.814118744923,112.0,16.0,148.0,"{""EntryMode"": 1, ""EntryTFMin"": 1, ""GridSpacingPts"": 145, ""TP_Pips"": 6.0, ""MaxLayers"": 1, ""Ladder"": ""step2"", ""MaxHoldSec"": 1800, ""StopPips"": 24.0, ""MaxBasketRiskPct"": 3.0, ""AddMinSec"": 60, ""Session"": ""lateny_1923"", ""ZEntry"": 2.25, ""ZEmaBars"": 120, ""NewsBeforeMin"": 30, ""NewsAfterMin"": 15, ""NewsCloseMode"": 0, ""DailyLossPct"": 8.0, ""MaxSpreadPts"": 0}"
-4.564427677508559,-3.6608351966335606,20.4517962404375,0.0,0.0,82.99700000003862,0.2124336273693201,1064.814118744923,112.0,16.0,148.0,"{""EntryMode"": 1, ""EntryTFMin"": 1, ""GridSpacingPts"": 150, ""TP_Pips"": 6.0, ""MaxLayers"": 4, ""Ladder"": ""step2"", ""MaxHoldSec"": 1800, ""StopPips"": 24.0, ""MaxBasketRiskPct"": 3.0, ""AddMinSec"": 60, ""Session"": ""lateny_1923"", ""ZEntry"": 2.25, ""ZEmaBars"": 120, ""NewsBeforeMin"": 30, ""NewsAfterMin"": 15, ""NewsCloseMode"": 0, ""DailyLossPct"": 8.0, ""MaxSpreadPts"": 0}"
-4.564427677508559,-3.6608351966335606,20.4517962404375,0.0,0.0,82.99700000003862,0.2124336273693201,1064.814118744923,112.0,16.0,148.0,"{""EntryMode"": 1, ""EntryTFMin"": 1, ""GridSpacingPts"": 25, ""TP_Pips"": 6.0, ""MaxLayers"": 2, ""Ladder"": ""step1"", ""MaxHoldSec"": 1800, ""StopPips"": 24.0, ""MaxBasketRiskPct"": 3.0, ""AddMinSec"": 60, ""Session"": ""lateny_1923"", ""ZEntry"": 2.25, ""ZEmaBars"": 120, ""NewsBeforeMin"": 30, ""NewsAfterMin"": 15, ""NewsCloseMode"": 0, ""DailyLossPct"": 8.0, ""MaxSpreadPts"": 0}"
-4.564427677508559,-3.6608351966335606,20.4517962404375,0.0,0.0,82.99700000003862,0.2124336273693201,1064.814118744923,112.0,16.0,148.0,"{""EntryMode"": 1, ""EntryTFMin"": 1, ""GridSpacingPts"": 150, ""TP_Pips"": 6.0, ""MaxLayers"": 2, ""Ladder"": ""step2"", ""MaxHoldSec"": 1800, ""StopPips"": 24.0, ""MaxBasketRiskPct"": 3.0, ""AddMinSec"": 30, ""Session"": ""lateny_1923"", ""ZEntry"": 2.25, ""ZEmaBars"": 120, ""NewsBeforeMin"": 30, ""NewsAfterMin"": 15, ""NewsCloseMode"": 0, ""DailyLossPct"": 8.0, ""MaxSpreadPts"": 0}"
-4.564427677508559,-3.6608351966335606,20.4517962404375,0.0,0.0,82.99700000003862,0.2124336273693201,1064.814118744923,112.0,16.0,148.0,"{""EntryMode"": 1, ""EntryTFMin"": 1, ""GridSpacingPts"": 150, ""TP_Pips"": 6.0, ""MaxLayers"": 5, ""Ladder"": ""step2"", ""MaxHoldSec"": 1800, ""StopPips"": 24.0, ""MaxBasketRiskPct"": 3.0, ""AddMinSec"": 60, ""Session"": ""lateny_1923"", ""ZEntry"": 2.25, ""ZEmaBars"": 120, ""NewsBeforeMin"": 30, ""NewsAfterMin"": 15, ""NewsCloseMode"": 0, ""DailyLossPct"": 8.0, ""MaxSpreadPts"": 0}"
-4.564427677508559,-3.6608351966335606,20.4517962404375,0.0,0.0,82.99700000003862,0.2124336273693201,1064.814118744923,112.0,16.0,148.0,"{""EntryMode"": 1, ""EntryTFMin"": 1, ""GridSpacingPts"": 115, ""TP_Pips"": 6.0, ""MaxLayers"": 2, ""Ladder"": ""step1"", ""MaxHoldSec"": 1800, ""StopPips"": 24.0, ""MaxBasketRiskPct"": 3.0, ""AddMinSec"": 60, ""Session"": ""lateny_1923"", ""ZEntry"": 2.25, ""ZEmaBars"": 120, ""NewsBeforeMin"": 30, ""NewsAfterMin"": 15, ""NewsCloseMode"": 0, ""DailyLossPct"": 8.0, ""MaxSpreadPts"": 0}"
-5.258830584527268,-2.9740559488019125,21.142387317862678,0.0,0.0,85.9960000000385,0.20473675681246067,994.0833378438235,93.0,13.0,160.0,"{""EntryMode"": 1, ""EntryTFMin"": 1, ""GridSpacingPts"": 130, ""TP_Pips"": 5.5, ""MaxLayers"": 1, ""Ladder"": ""step1"", ""MaxHoldSec"": 1800, ""StopPips"": 25.0, ""MaxBasketRiskPct"": 3.0, ""AddMinSec"": 60, ""Session"": ""lateny_1923"", ""ZEntry"": 2.0, ""ZEmaBars"": 120, ""NewsBeforeMin"": 30, ""NewsAfterMin"": 15, ""NewsCloseMode"": 0, ""DailyLossPct"": 8.0, ""MaxSpreadPts"": 0}"
-5.258830584527268,-2.9740559488019125,21.142387317862678,0.0,0.0,85.9960000000385,0.20473675681246067,994.0833378438235,93.0,13.0,160.0,"{""EntryMode"": 1, ""EntryTFMin"": 1, ""GridSpacingPts"": 130, ""TP_Pips"": 5.5, ""MaxLayers"": 1, ""Ladder"": ""step1"", ""MaxHoldSec"": 1800, ""StopPips"": 25.0, ""MaxBasketRiskPct"": 3.0, ""AddMinSec"": 60, ""Session"": ""lateny_1923"", ""ZEntry"": 2.0, ""ZEmaBars"": 120, ""NewsBeforeMin"": 30, ""NewsAfterMin"": 15, ""NewsCloseMode"": 0, ""DailyLossPct"": 8.0, ""MaxSpreadPts"": 0}"
-9.287336015748572,-4.127587179410752,22.57987441816891,0.0,0.0,81.00700000003965,0.22551830731598113,986.7192012579283,105.0,18.0,170.0,"{""EntryMode"": 1, ""EntryTFMin"": 1, ""GridSpacingPts"": 60, ""TP_Pips"": 5.5, ""MaxLayers"": 1, ""Ladder"": ""step1"", ""MaxHoldSec"": 1800, ""StopPips"": 24.0, ""MaxBasketRiskPct"": 3.0, ""AddMinSec"": 60, ""Session"": ""lateny_1923"", ""ZEntry"": 2.25, ""ZEmaBars"": 120, ""NewsBeforeMin"": 30, ""NewsAfterMin"": 15, ""NewsCloseMode"": 0, ""DailyLossPct"": 8.0, ""MaxSpreadPts"": 0}"
-9.287336015748572,-4.127587179410752,22.57987441816891,0.0,0.0,81.00700000003965,0.22551830731598113,986.7192012579283,105.0,18.0,170.0,"{""EntryMode"": 1, ""EntryTFMin"": 1, ""GridSpacingPts"": 140, ""TP_Pips"": 5.5, ""MaxLayers"": 1, ""Ladder"": ""step2"", ""MaxHoldSec"": 1800, ""StopPips"": 24.0, ""MaxBasketRiskPct"": 3.0, ""AddMinSec"": 60, ""Session"": ""lateny_1923"", ""ZEntry"": 2.25, ""ZEmaBars"": 120, ""NewsBeforeMin"": 30, ""NewsAfterMin"": 15, ""NewsCloseMode"": 0, ""DailyLossPct"": 8.0, ""MaxSpreadPts"": 0}"
-9.574130805152231,-3.7411083475583973,22.916511228796917,0.0,0.0,82.65200000003874,0.21628206264774982,987.2448279680165,95.0,17.0,169.0,"{""EntryMode"": 1, ""EntryTFMin"": 1, ""GridSpacingPts"": 140, ""TP_Pips"": 5.5, ""MaxLayers"": 1, ""Ladder"": ""step1"", ""MaxHoldSec"": 1800, ""StopPips"": 24.0, ""MaxBasketRiskPct"": 3.0, ""AddMinSec"": 60, ""Session"": ""lateny_1923"", ""ZEntry"": 2.0, ""ZEmaBars"": 120, ""NewsBeforeMin"": 30, ""NewsAfterMin"": 15, ""NewsCloseMode"": 0, ""DailyLossPct"": 8.0, ""MaxSpreadPts"": 0}"
-9.574130805152231,-3.7411083475583973,22.916511228796917,0.0,0.0,82.65200000003874,0.21628206264774982,987.2448279680165,95.0,17.0,169.0,"{""EntryMode"": 1, ""EntryTFMin"": 1, ""GridSpacingPts"": 150, ""TP_Pips"": 5.5, ""MaxLayers"": 1, ""Ladder"": ""step1"", ""MaxHoldSec"": 1800, ""StopPips"": 24.0, ""MaxBasketRiskPct"": 3.0, ""AddMinSec"": 60, ""Session"": ""lateny_1923"", ""ZEntry"": 2.0, ""ZEmaBars"": 120, ""NewsBeforeMin"": 30, ""NewsAfterMin"": 15, ""NewsCloseMode"": 0, ""DailyLossPct"": 8.0, ""MaxSpreadPts"": 0}"
-9.574130805152231,-3.7411083475583973,22.916511228796917,0.0,0.0,82.65200000003874,0.21628206264774982,987.2448279680165,95.0,17.0,169.0,"{""EntryMode"": 1, ""EntryTFMin"": 1, ""GridSpacingPts"": 45, ""TP_Pips"": 5.5, ""MaxLayers"": 2, ""Ladder"": ""step1"", ""MaxHoldSec"": 1800, ""StopPips"": 24.0, ""MaxBasketRiskPct"": 3.0, ""AddMinSec"": 60, ""Session"": ""lateny_1923"", ""ZEntry"": 2.0, ""ZEmaBars"": 120, ""NewsBeforeMin"": 30, ""NewsAfterMin"": 15, ""NewsCloseMode"": 0, ""DailyLossPct"": 8.0, ""MaxSpreadPts"": 0}"
-11.87276298971449,-4.490800277855955,23.690981355929267,0.0,0.0,79.48500000003888,0.2178214367591217,1060.7132330691657,114.0,18.0,151.0,"{""EntryMode"": 1, ""EntryTFMin"": 1, ""GridSpacingPts"": 125, ""TP_Pips"": 6.0, ""MaxLayers"": 1, ""Ladder"": ""step1"", ""MaxHoldSec"": 1800, ""StopPips"": 23.0, ""MaxBasketRiskPct"": 3.0, ""AddMinSec"": 60, ""Session"": ""lateny_1923"", ""ZEntry"": 2.25, ""ZEmaBars"": 120, ""NewsBeforeMin"": 30, ""NewsAfterMin"": 15, ""NewsCloseMode"": 0, ""DailyLossPct"": 8.0, ""MaxSpreadPts"": 0}"
-11.87276298971449,-4.490800277855955,23.690981355929267,0.0,0.0,79.48500000003888,0.2178214367591217,1060.7132330691657,114.0,18.0,151.0,"{""EntryMode"": 1, ""EntryTFMin"": 1, ""GridSpacingPts"": 145, ""TP_Pips"": 6.0, ""MaxLayers"": 1, ""Ladder"": ""step2"", ""MaxHoldSec"": 1800, ""StopPips"": 23.0, ""MaxBasketRiskPct"": 3.0, ""AddMinSec"": 30, ""Session"": ""lateny_1923"", ""ZEntry"": 2.25, ""ZEmaBars"": 120, ""NewsBeforeMin"": 30, ""NewsAfterMin"": 15, ""NewsCloseMode"": 0, ""DailyLossPct"": 8.0, ""MaxSpreadPts"": 0}"
-11.87276298971449,-4.490800277855955,23.690981355929267,0.0,0.0,79.48500000003888,0.2178214367591217,1060.7132330691657,114.0,18.0,151.0,"{""EntryMode"": 1, ""EntryTFMin"": 1, ""GridSpacingPts"": 145, ""TP_Pips"": 6.0, ""MaxLayers"": 3, ""Ladder"": ""step2"", ""MaxHoldSec"": 1800, ""StopPips"": 23.0, ""MaxBasketRiskPct"": 3.0, ""AddMinSec"": 30, ""Session"": ""lateny_1923"", ""ZEntry"": 2.25, ""ZEmaBars"": 120, ""NewsBeforeMin"": 30, ""NewsAfterMin"": 15, ""NewsCloseMode"": 0, ""DailyLossPct"": 8.0, ""MaxSpreadPts"": 0}"
-11.87276298971449,-4.490800277855955,23.690981355929267,0.0,0.0,79.48500000003888,0.2178214367591217,1060.7132330691657,114.0,18.0,151.0,"{""EntryMode"": 1, ""EntryTFMin"": 1, ""GridSpacingPts"": 125, ""TP_Pips"": 6.0, ""MaxLayers"": 1, ""Ladder"": ""step2"", ""MaxHoldSec"": 1800, ""StopPips"": 23.0, ""MaxBasketRiskPct"": 3.0, ""AddMinSec"": 15, ""Session"": ""lateny_1923"", ""ZEntry"": 2.25, ""ZEmaBars"": 120, ""NewsBeforeMin"": 30, ""NewsAfterMin"": 15, ""NewsCloseMode"": 0, ""DailyLossPct"": 8.0, ""MaxSpreadPts"": 0}"
-12.75503629403792,-4.46052117937934,24.14725755732929,0.0,0.0,79.61100000004213,0.23706361315127025,1018.8266892233291,118.0,18.0,172.0,"{""EntryMode"": 1, ""EntryTFMin"": 1, ""GridSpacingPts"": 145, ""TP_Pips"": 5.5, ""MaxLayers"": 2, ""Ladder"": ""step2"", ""MaxHoldSec"": 1800, ""StopPips"": 23.0, ""MaxBasketRiskPct"": 3.0, ""AddMinSec"": 30, ""Session"": ""lateny_1923"", ""ZEntry"": 2.25, ""ZEmaBars"": 120, ""NewsBeforeMin"": 30, ""NewsAfterMin"": 15, ""NewsCloseMode"": 0, ""DailyLossPct"": 8.0, ""MaxSpreadPts"": 0}"
-12.75503629403792,-4.46052117937934,24.14725755732929,0.0,0.0,79.61100000004213,0.23706361315127025,1018.8266892233291,118.0,18.0,172.0,"{""EntryMode"": 1, ""EntryTFMin"": 1, ""GridSpacingPts"": 40, ""TP_Pips"": 5.5, ""MaxLayers"": 2, ""Ladder"": ""step1"", ""MaxHoldSec"": 1800, ""StopPips"": 23.0, ""MaxBasketRiskPct"": 3.0, ""AddMinSec"": 60, ""Session"": ""lateny_1923"", ""ZEntry"": 2.25, ""ZEmaBars"": 120, ""NewsBeforeMin"": 30, ""NewsAfterMin"": 15, ""NewsCloseMode"": 0, ""DailyLossPct"": 8.0, ""MaxSpreadPts"": 0}"
-12.75503629403792,-4.46052117937934,24.14725755732929,0.0,0.0,79.61100000004213,0.23706361315127025,1018.8266892233291,118.0,18.0,172.0,"{""EntryMode"": 1, ""EntryTFMin"": 1, ""GridSpacingPts"": 25, ""TP_Pips"": 5.5, ""MaxLayers"": 2, ""Ladder"": ""step1"", ""MaxHoldSec"": 1800, ""StopPips"": 23.0, ""MaxBasketRiskPct"": 3.0, ""AddMinSec"": 60, ""Session"": ""lateny_1923"", ""ZEntry"": 2.25, ""ZEmaBars"": 120, ""NewsBeforeMin"": 30, ""NewsAfterMin"": 15, ""NewsCloseMode"": 0, ""DailyLossPct"": 8.0, ""MaxSpreadPts"": 0}"
-12.75503629403792,-4.46052117937934,24.14725755732929,0.0,0.0,79.61100000004213,0.23706361315127025,1018.8266892233291,118.0,18.0,172.0,"{""EntryMode"": 1, ""EntryTFMin"": 1, ""GridSpacingPts"": 150, ""TP_Pips"": 5.5, ""MaxLayers"": 2, ""Ladder"": ""step2"", ""MaxHoldSec"": 1800, ""StopPips"": 23.0, ""MaxBasketRiskPct"": 3.0, ""AddMinSec"": 30, ""Session"": ""lateny_1923"", ""ZEntry"": 2.25, ""ZEmaBars"": 120, ""NewsBeforeMin"": 30, ""NewsAfterMin"": 15, ""NewsCloseMode"": 0, ""DailyLossPct"": 8.0, ""MaxSpreadPts"": 0}"
-12.75503629403792,-4.46052117937934,24.14725755732929,0.0,0.0,79.61100000004213,0.23706361315127025,1018.8266892233291,118.0,18.0,172.0,"{""EntryMode"": 1, ""EntryTFMin"": 1, ""GridSpacingPts"": 150, ""TP_Pips"": 5.5, ""MaxLayers"": 4, ""Ladder"": ""step2"", ""MaxHoldSec"": 1800, ""StopPips"": 23.0, ""MaxBasketRiskPct"": 3.0, ""AddMinSec"": 60, ""Session"": ""lateny_1923"", ""ZEntry"": 2.25, ""ZEmaBars"": 120, ""NewsBeforeMin"": 30, ""NewsAfterMin"": 15, ""NewsCloseMode"": 0, ""DailyLossPct"": 8.0, ""MaxSpreadPts"": 0}"
-12.75503629403792,-4.46052117937934,24.14725755732929,0.0,0.0,79.61100000004213,0.23706361315127025,1018.8266892233291,118.0,18.0,172.0,"{""EntryMode"": 1, ""EntryTFMin"": 1, ""GridSpacingPts"": 100, ""TP_Pips"": 5.5, ""MaxLayers"": 2, ""Ladder"": ""step1"", ""MaxHoldSec"": 1800, ""StopPips"": 23.0, ""MaxBasketRiskPct"": 3.0, ""AddMinSec"": 60, ""Session"": ""lateny_1923"", ""ZEntry"": 2.25, ""ZEmaBars"": 120, ""NewsBeforeMin"": 30, ""NewsAfterMin"": 15, ""NewsCloseMode"": 0, ""DailyLossPct"": 8.0, ""MaxSpreadPts"": 0}"
-12.75503629403792,-4.46052117937934,24.14725755732929,0.0,0.0,79.61100000004213,0.23706361315127025,1018.8266892233291,118.0,18.0,172.0,"{""EntryMode"": 1, ""EntryTFMin"": 1, ""GridSpacingPts"": 120, ""TP_Pips"": 5.5, ""MaxLayers"": 2, ""Ladder"": ""step1"", ""MaxHoldSec"": 1800, ""StopPips"": 23.0, ""MaxBasketRiskPct"": 3.0, ""AddMinSec"": 60, ""Session"": ""lateny_1923"", ""ZEntry"": 2.25, ""ZEmaBars"": 120, ""NewsBeforeMin"": 30, ""NewsAfterMin"": 15, ""NewsCloseMode"": 0, ""DailyLossPct"": 8.0, ""MaxSpreadPts"": 0}"
-12.75503629403792,-4.46052117937934,24.14725755732929,0.0,0.0,79.61100000004213,0.23706361315127025,1018.8266892233291,118.0,18.0,172.0,"{""EntryMode"": 1, ""EntryTFMin"": 1, ""GridSpacingPts"": 125, ""TP_Pips"": 5.5, ""MaxLayers"": 1, ""Ladder"": ""step1"", ""MaxHoldSec"": 1800, ""StopPips"": 23.0, ""MaxBasketRiskPct"": 3.0, ""AddMinSec"": 60, ""Session"": ""lateny_1923"", ""ZEntry"": 2.25, ""ZEmaBars"": 120, ""NewsBeforeMin"": 30, ""NewsAfterMin"": 15, ""NewsCloseMode"": 0, ""DailyLossPct"": 8.0, ""MaxSpreadPts"": 0}"
-12.805471139780874,-4.632128698085925,24.086671220847474,0.0,0.0,78.89900000003904,0.22782736848303894,929.4594078011969,94.0,18.0,184.0,"{""EntryMode"": 1, ""EntryTFMin"": 1, ""GridSpacingPts"": 115, ""TP_Pips"": 5.0, ""MaxLayers"": 1, ""Ladder"": ""step1"", ""MaxHoldSec"": 1800, ""StopPips"": 23.0, ""MaxBasketRiskPct"": 3.0, ""AddMinSec"": 60, ""Session"": ""lateny_1923"", ""ZEntry"": 2.25, ""ZEmaBars"": 120, ""NewsBeforeMin"": 30, ""NewsAfterMin"": 15, ""NewsCloseMode"": 0, ""DailyLossPct"": 8.0, ""MaxSpreadPts"": 0}"
-12.805471139780874,-4.632128698085925,24.086671220847474,0.0,0.0,78.89900000003904,0.22782736848303894,929.4594078011969,94.0,18.0,184.0,"{""EntryMode"": 1, ""EntryTFMin"": 1, ""GridSpacingPts"": 100, ""TP_Pips"": 5.0, ""MaxLayers"": 2, ""Ladder"": ""step1"", ""MaxHoldSec"": 1800, ""StopPips"": 23.0, ""MaxBasketRiskPct"": 3.0, ""AddMinSec"": 60, ""Session"": ""lateny_1923"", ""ZEntry"": 2.25, ""ZEmaBars"": 120, ""NewsBeforeMin"": 30, ""NewsAfterMin"": 15, ""NewsCloseMode"": 0, ""DailyLossPct"": 8.0, ""MaxSpreadPts"": 0}"
-13.554406502199638,-4.678616866905349,24.437894817647145,0.0,0.0,78.70700000004429,0.2432211095967578,1076.7600618961244,131.0,19.0,166.0,"{""EntryMode"": 1, ""EntryTFMin"": 1, ""GridSpacingPts"": 150, ""TP_Pips"": 6.0, ""MaxLayers"": 1, ""Ladder"": ""step2"", ""MaxHoldSec"": 1800, ""StopPips"": 23.0, ""MaxBasketRiskPct"": 3.0, ""AddMinSec"": 30, ""Session"": ""lateny_1923"", ""ZEntry"": 2.25, ""ZEmaBars"": 120, ""NewsBeforeMin"": 30, ""NewsAfterMin"": 30, ""NewsCloseMode"": 0, ""DailyLossPct"": 8.0, ""MaxSpreadPts"": 0}"
-13.689488235239748,-4.731024609704681,24.479231812767534,0.0,0.0,78.49100000003875,0.227057681427353,928.256839895993,94.0,18.0,183.0,"{""EntryMode"": 1, ""EntryTFMin"": 1, ""GridSpacingPts"": 125, ""TP_Pips"": 5.0, ""MaxLayers"": 2, ""Ladder"": ""step1"", ""MaxHoldSec"": 1800, ""StopPips"": 23.0, ""MaxBasketRiskPct"": 3.0, ""AddMinSec"": 60, ""Session"": ""lateny_1923"", ""ZEntry"": 2.25, ""ZEmaBars"": 120, ""NewsBeforeMin"": 60, ""NewsAfterMin"": 15, ""NewsCloseMode"": 0, ""DailyLossPct"": 8.0, ""MaxSpreadPts"": 0}"
-50.0,-5.171634252952339,23.611853037158028,0.0,0.0,76.69369955069438,0.013854367002346962,1006.7518811583518,7.0,8.0,3.0,"{""EntryMode"": 1, ""EntryTFMin"": 1, ""GridSpacingPts"": 15, ""TP_Pips"": 11.5, ""MaxLayers"": 6, ""Ladder"": ""flat"", ""MaxHoldSec"": 1800, ""StopPips"": 13.0, ""MaxBasketRiskPct"": 5.0, ""AddMinSec"": 60, ""Session"": ""asia_0309"", ""ZEntry"": 2.5, ""ZEmaBars"": 30, ""NewsBeforeMin"": 15, ""NewsAfterMin"": 15, ""NewsCloseMode"": 0, ""DailyLossPct"": 5.0, ""MaxSpreadPts"": 0}"
-50.0,-0.6285659118095088,3.3250227965937693,0.0,0.0,96.89824341322793,0.010775618779603193,28.606634395463125,13.0,1.0,0.0,"{""EntryMode"": 1, ""EntryTFMin"": 5, ""GridSpacingPts"": 125, ""TP_Pips"": 7.5, ""MaxLayers"": 6, ""Ladder"": ""flat"", ""MaxHoldSec"": 30, ""StopPips"": 9.0, ""MaxBasketRiskPct"": 3.0, ""AddMinSec"": 15, ""Session"": ""asia_0309"", ""ZEntry"": 2.75, ""ZEmaBars"": 60, ""NewsBeforeMin"": 30, ""NewsAfterMin"": 60, ""NewsCloseMode"": 0, ""DailyLossPct"": 3.0, ""MaxSpreadPts"": 0}"
-50.0,0.0,0.0,0.0,0.0,100.0,0.0,0.0,0.0,0.0,0.0,"{""EntryMode"": 1, ""EntryTFMin"": 5, ""GridSpacingPts"": 40, ""TP_Pips"": 11.0, ""MaxLayers"": 2, ""Ladder"": ""step1"", ""MaxHoldSec"": 60, ""StopPips"": 25.0, ""MaxBasketRiskPct"": 2.0, ""AddMinSec"": 30, ""Session"": ""lateny_1923"", ""ZEntry"": 3.0, ""ZEmaBars"": 90, ""NewsBeforeMin"": 15, ""NewsAfterMin"": 30, ""NewsCloseMode"": 2, ""DailyLossPct"": 3.0, ""MaxSpreadPts"": 0}"
-50.0,0.0,0.0,0.0,0.0,100.0,0.0,0.0,0.0,0.0,0.0,"{""EntryMode"": 0, ""EntryTFMin"": 1, ""GridSpacingPts"": 15, ""TP_Pips"": 7.0, ""MaxLayers"": 5, ""Ladder"": ""step2"", ""MaxHoldSec"": 60, ""StopPips"": 23.0, ""MaxBasketRiskPct"": 1.0, ""AddMinSec"": 0, ""Session"": ""allday_0123"", ""ZEntry"": 2.5, ""ZEmaBars"": 90, ""NewsBeforeMin"": 60, ""NewsAfterMin"": 30, ""NewsCloseMode"": 0, ""DailyLossPct"": 8.0, ""MaxSpreadPts"": 10}"
-50.0,-4.598771188483475,21.124694376515485,0.0,0.0,79.03700000001267,0.08928369845956932,878.9155140336879,37.0,12.0,67.0,"{""EntryMode"": 1, ""EntryTFMin"": 1, ""GridSpacingPts"": 110, ""TP_Pips"": 6.0, ""MaxLayers"": 3, ""Ladder"": ""step1"", ""MaxHoldSec"": 1800, ""StopPips"": 23.0, ""MaxBasketRiskPct"": 3.0, ""AddMinSec"": 30, ""Session"": ""lateny_1923"", ""ZEntry"": 2.25, ""ZEmaBars"": 60, ""NewsBeforeMin"": 30, ""NewsAfterMin"": 15, ""NewsCloseMode"": 0, ""DailyLossPct"": 8.0, ""MaxSpreadPts"": 0}"
-50.0,0.0,0.0,0.0,0.0,100.0,0.0,0.0,0.0,0.0,0.0,"{""EntryMode"": 1, ""EntryTFMin"": 5, ""GridSpacingPts"": 100, ""TP_Pips"": 10.0, ""MaxLayers"": 4, ""Ladder"": ""flat"", ""MaxHoldSec"": 120, ""StopPips"": 19.0, ""MaxBasketRiskPct"": 1.0, ""AddMinSec"": 0, ""Session"": ""ny_1519"", ""ZEntry"": 1.25, ""ZEmaBars"": 60, ""NewsBeforeMin"": 30, ""NewsAfterMin"": 15, ""NewsCloseMode"": 0, ""DailyLossPct"": 3.0, ""MaxSpreadPts"": 0}"
-50.0,-3.9851947645112684,21.72528558135154,0.0,0.0,81.61000000002942,0.15547678524856037,1099.4135356969666,84.0,16.0,102.0,"{""EntryMode"": 1, ""EntryTFMin"": 1, ""GridSpacingPts"": 120, ""TP_Pips"": 6.5, ""MaxLayers"": 3, ""Ladder"": ""step1"", ""MaxHoldSec"": 1800, ""StopPips"": 24.0, ""MaxBasketRiskPct"": 3.0, ""AddMinSec"": 60, ""Session"": ""lateny_1923"", ""ZEntry"": 2.25, ""ZEmaBars"": 120, ""NewsBeforeMin"": 30, ""NewsAfterMin"": 15, ""NewsCloseMode"": 0, ""DailyLossPct"": 8.0, ""MaxSpreadPts"": 0}"
-50.0,-2.66717418429524,14.548369139645063,0.0,0.0,87.36378907032467,0.013854367002346962,1179.1151254177094,12.0,4.0,2.0,"{""EntryMode"": 1, ""EntryTFMin"": 1, ""GridSpacingPts"": 35, ""TP_Pips"": 13.5, ""MaxLayers"": 5, ""Ladder"": ""flat"", ""MaxHoldSec"": 1800, ""StopPips"": 15.0, ""MaxBasketRiskPct"": 5.0, ""AddMinSec"": 60, ""Session"": ""asia_0309"", ""ZEntry"": 2.5, ""ZEmaBars"": 30, ""NewsBeforeMin"": 15, ""NewsAfterMin"": 15, ""NewsCloseMode"": 0, ""DailyLossPct"": 5.0, ""MaxSpreadPts"": 0}"
-50.0,0.0,0.0,0.0,0.0,100.0,0.0,0.0,0.0,0.0,0.0,"{""EntryMode"": 1, ""EntryTFMin"": 5, ""GridSpacingPts"": 95, ""TP_Pips"": 11.0, ""MaxLayers"": 2, ""Ladder"": ""step1"", ""MaxHoldSec"": 60, ""StopPips"": 26.0, ""MaxBasketRiskPct"": 2.0, ""AddMinSec"": 30, ""Session"": ""lateny_1923"", ""ZEntry"": 2.75, ""ZEmaBars"": 90, ""NewsBeforeMin"": 15, ""NewsAfterMin"": 30, ""NewsCloseMode"": 2, ""DailyLossPct"": 3.0, ""MaxSpreadPts"": 0}"
-50.0,0.0,0.0,0.0,0.0,100.0,0.0,0.0,0.0,0.0,0.0,"{""EntryMode"": 1, ""EntryTFMin"": 5, ""GridSpacingPts"": 35, ""TP_Pips"": 9.0, ""MaxLayers"": 4, ""Ladder"": ""flat"", ""MaxHoldSec"": 120, ""StopPips"": 18.0, ""MaxBasketRiskPct"": 1.0, ""AddMinSec"": 0, ""Session"": ""ny_1519"", ""ZEntry"": 1.5, ""ZEmaBars"": 60, ""NewsBeforeMin"": 30, ""NewsAfterMin"": 15, ""NewsCloseMode"": 0, ""DailyLossPct"": 3.0, ""MaxSpreadPts"": 0}"
-50.0,-1.2947365264114108,6.6713068966388995,0.0,0.0,93.69541441849908,0.03155716928312364,30.392267570262995,41.0,0.0,0.0,"{""EntryMode"": 1, ""EntryTFMin"": 5, ""GridSpacingPts"": 95, ""TP_Pips"": 10.5, ""MaxLayers"": 6, ""Ladder"": ""flat"", ""MaxHoldSec"": 30, ""StopPips"": 12.0, ""MaxBasketRiskPct"": 3.0, ""AddMinSec"": 15, ""Session"": ""asia_0309"", ""ZEntry"": 2.5, ""ZEmaBars"": 60, ""NewsBeforeMin"": 30, ""NewsAfterMin"": 60, ""NewsCloseMode"": 0, ""DailyLossPct"": 3.0, ""MaxSpreadPts"": 0}"
-50.0,-4.4758206354651,20.58372222901326,0.0,0.0,79.54731462930908,0.0962108819607428,30.289635189056394,123.0,0.0,2.0,"{""EntryMode"": 1, ""EntryTFMin"": 1, ""GridSpacingPts"": 145, ""TP_Pips"": 5.5, ""MaxLayers"": 1, ""Ladder"": ""step1"", ""MaxHoldSec"": 30, ""StopPips"": 23.0, ""MaxBasketRiskPct"": 3.0, ""AddMinSec"": 60, ""Session"": ""london_1013"", ""ZEntry"": 2.25, ""ZEmaBars"": 120, ""NewsBeforeMin"": 30, ""NewsAfterMin"": 15, ""NewsCloseMode"": 0, ""DailyLossPct"": 8.0, ""MaxSpreadPts"": 0}"
-50.0,0.0,0.0,0.0,0.0,100.0,0.0,0.0,0.0,0.0,0.0,"{""EntryMode"": 1, ""EntryTFMin"": 5, ""GridSpacingPts"": 70, ""TP_Pips"": 12.0, ""MaxLayers"": 2, ""Ladder"": ""step1"", ""MaxHoldSec"": 60, ""StopPips"": 25.0, ""MaxBasketRiskPct"": 2.0, ""AddMinSec"": 30, ""Session"": ""lateny_1923"", ""ZEntry"": 2.75, ""ZEmaBars"": 90, ""NewsBeforeMin"": 15, ""NewsAfterMin"": 30, ""NewsCloseMode"": 2, ""DailyLossPct"": 3.0, ""MaxSpreadPts"": 0}"
-50.0,0.0,0.0,0.0,0.0,100.0,0.0,0.0,0.0,0.0,0.0,"{""EntryMode"": 0, ""EntryTFMin"": 1, ""GridSpacingPts"": 120, ""TP_Pips"": 10.5, ""MaxLayers"": 3, ""Ladder"": ""step2"", ""MaxHoldSec"": 120, ""StopPips"": 20.0, ""MaxBasketRiskPct"": 1.0, ""AddMinSec"": 0, ""Session"": ""allday_0123"", ""ZEntry"": 2.75, ""ZEmaBars"": 30, ""NewsBeforeMin"": 30, ""NewsAfterMin"": 30, ""NewsCloseMode"": 0, ""DailyLossPct"": 8.0, ""MaxSpreadPts"": 10}"
-50.0,-4.053569938976764,20.511299015969367,0.0,0.0,81.3200000000024,0.05541746800938785,756.6208035283619,51.0,17.0,4.0,"{""EntryMode"": 1, ""EntryTFMin"": 1, ""GridSpacingPts"": 35, ""TP_Pips"": 12.5, ""MaxLayers"": 6, ""Ladder"": ""step1"", ""MaxHoldSec"": 900, ""StopPips"": 13.0, ""MaxBasketRiskPct"": 3.0, ""AddMinSec"": 0, ""Session"": ""london_1013"", ""ZEntry"": 2.75, ""ZEmaBars"": 60, ""NewsBeforeMin"": 30, ""NewsAfterMin"": 60, ""NewsCloseMode"": 2, ""DailyLossPct"": 5.0, ""MaxSpreadPts"": 10}"
-50.0,-3.7698034855545903,22.572694239707033,0.0,0.0,82.52895200000142,0.03771466572861118,702.4466182314433,7.0,11.0,31.0,"{""EntryMode"": 1, ""EntryTFMin"": 1, ""GridSpacingPts"": 140, ""TP_Pips"": 6.5, ""MaxLayers"": 1, ""Ladder"": ""step2"", ""MaxHoldSec"": 1800, ""StopPips"": 24.0, ""MaxBasketRiskPct"": 3.0, ""AddMinSec"": 60, ""Session"": ""ny_1519"", ""ZEntry"": 2.0, ""ZEmaBars"": 120, ""NewsBeforeMin"": 30, ""NewsAfterMin"": 15, ""NewsCloseMode"": 0, ""DailyLossPct"": 8.0, ""MaxSpreadPts"": 0}"
-50.0,0.0,0.0,0.0,0.0,100.0,0.0,0.0,0.0,0.0,0.0,"{""EntryMode"": 0, ""EntryTFMin"": 5, ""GridSpacingPts"": 20, ""TP_Pips"": 7.5, ""MaxLayers"": 2, ""Ladder"": ""step1"", ""MaxHoldSec"": 600, ""StopPips"": 14.0, ""MaxBasketRiskPct"": 1.0, ""AddMinSec"": 0, ""Session"": ""london_1013"", ""ZEntry"": 2.0, ""ZEmaBars"": 60, ""NewsBeforeMin"": 30, ""NewsAfterMin"": 30, ""NewsCloseMode"": 2, ""DailyLossPct"": 5.0, ""MaxSpreadPts"": 0}"
-50.0,0.0,0.0,0.0,0.0,100.0,0.0,0.0,0.0,0.0,0.0,"{""EntryMode"": 1, ""EntryTFMin"": 5, ""GridSpacingPts"": 20, ""TP_Pips"": 4.0, ""MaxLayers"": 2, ""Ladder"": ""step1"", ""MaxHoldSec"": 120, ""StopPips"": 29.0, ""MaxBasketRiskPct"": 2.0, ""AddMinSec"": 0, ""Session"": ""asia_0109"", ""ZEntry"": 1.5, ""ZEmaBars"": 30, ""NewsBeforeMin"": 15, ""NewsAfterMin"": 30, ""NewsCloseMode"": 2, ""DailyLossPct"": 5.0, ""MaxSpreadPts"": 0}"
-50.0,-3.892562348449846,18.533477791585394,0.0,0.0,82.00420125499008,0.013854367002346962,1145.7169355869296,10.0,6.0,2.0,"{""EntryMode"": 1, ""EntryTFMin"": 1, ""GridSpacingPts"": 20, ""TP_Pips"": 15.0, ""MaxLayers"": 5, ""Ladder"": ""flat"", ""MaxHoldSec"": 1800, ""StopPips"": 14.0, ""MaxBasketRiskPct"": 5.0, ""AddMinSec"": 60, ""Session"": ""asia_0309"", ""ZEntry"": 2.5, ""ZEmaBars"": 30, ""NewsBeforeMin"": 15, ""NewsAfterMin"": 15, ""NewsCloseMode"": 0, ""DailyLossPct"": 5.0, ""MaxSpreadPts"": 0}"
-50.0,0.0,0.0,0.0,0.0,100.0,0.0,0.0,0.0,0.0,0.0,"{""EntryMode"": 1, ""EntryTFMin"": 5, ""GridSpacingPts"": 60, ""TP_Pips"": 10.0, ""MaxLayers"": 2, ""Ladder"": ""flat"", ""MaxHoldSec"": 120, ""StopPips"": 19.0, ""MaxBasketRiskPct"": 1.0, ""AddMinSec"": 0, ""Session"": ""ny_1519"", ""ZEntry"": 1.5, ""ZEmaBars"": 60, ""NewsBeforeMin"": 30, ""NewsAfterMin"": 15, ""NewsCloseMode"": 0, ""DailyLossPct"": 3.0, ""MaxSpreadPts"": 0}"
-50.0,0.0,0.0,0.0,0.0,100.0,0.0,0.0,0.0,0.0,0.0,"{""EntryMode"": 1, ""EntryTFMin"": 5, ""GridSpacingPts"": 15, ""TP_Pips"": 7.0, ""MaxLayers"": 2, ""Ladder"": ""step1"", ""MaxHoldSec"": 120, ""StopPips"": 30.0, ""MaxBasketRiskPct"": 2.0, ""AddMinSec"": 0, ""Session"": ""asia_0109"", ""ZEntry"": 2.0, ""ZEmaBars"": 30, ""NewsBeforeMin"": 15, ""NewsAfterMin"": 30, ""NewsCloseMode"": 2, ""DailyLossPct"": 5.0, ""MaxSpreadPts"": 0}"
-50.0,0.0,0.0,0.0,0.0,100.0,0.0,0.0,0.0,0.0,0.0,"{""EntryMode"": 0, ""EntryTFMin"": 1, ""GridSpacingPts"": 130, ""TP_Pips"": 11.0, ""MaxLayers"": 3, ""Ladder"": ""step1"", ""MaxHoldSec"": 120, ""StopPips"": 13.0, ""MaxBasketRiskPct"": 1.0, ""AddMinSec"": 0, ""Session"": ""allday_0123"", ""ZEntry"": 3.0, ""ZEmaBars"": 30, ""NewsBeforeMin"": 30, ""NewsAfterMin"": 30, ""NewsCloseMode"": 0, ""DailyLossPct"": 8.0, ""MaxSpreadPts"": 10}"
-50.0,0.0,0.0,0.0,0.0,100.0,0.0,0.0,0.0,0.0,0.0,"{""EntryMode"": 1, ""EntryTFMin"": 5, ""GridSpacingPts"": 10, ""TP_Pips"": 5.5, ""MaxLayers"": 2, ""Ladder"": ""step1"", ""MaxHoldSec"": 120, ""StopPips"": 29.0, ""MaxBasketRiskPct"": 2.0, ""AddMinSec"": 0, ""Session"": ""asia_0109"", ""ZEntry"": 1.75, ""ZEmaBars"": 30, ""NewsBeforeMin"": 15, ""NewsAfterMin"": 30, ""NewsCloseMode"": 2, ""DailyLossPct"": 5.0, ""MaxSpreadPts"": 0}"
-50.0,0.0,0.0,0.0,0.0,100.0,0.0,0.0,0.0,0.0,0.0,"{""EntryMode"": 0, ""EntryTFMin"": 5, ""GridSpacingPts"": 30, ""TP_Pips"": 7.5, ""MaxLayers"": 2, ""Ladder"": ""step1"", ""MaxHoldSec"": 600, ""StopPips"": 14.0, ""MaxBasketRiskPct"": 1.0, ""AddMinSec"": 0, ""Session"": ""london_1013"", ""ZEntry"": 1.25, ""ZEmaBars"": 60, ""NewsBeforeMin"": 30, ""NewsAfterMin"": 30, ""NewsCloseMode"": 2, ""DailyLossPct"": 5.0, ""MaxSpreadPts"": 0}"
-50.0,0.0,0.0,0.0,0.0,100.0,0.0,0.0,0.0,0.0,0.0,"{""EntryMode"": 0, ""EntryTFMin"": 1, ""GridSpacingPts"": 120, ""TP_Pips"": 11.5, ""MaxLayers"": 3, ""Ladder"": ""step1"", ""MaxHoldSec"": 120, ""StopPips"": 19.0, ""MaxBasketRiskPct"": 1.0, ""AddMinSec"": 0, ""Session"": ""allday_0123"", ""ZEntry"": 3.0, ""ZEmaBars"": 30, ""NewsBeforeMin"": 30, ""NewsAfterMin"": 30, ""NewsCloseMode"": 0, ""DailyLossPct"": 8.0, ""MaxSpreadPts"": 10}"
-50.0,0.0,0.0,0.0,0.0,100.0,0.0,0.0,0.0,0.0,0.0,"{""EntryMode"": 1, ""EntryTFMin"": 5, ""GridSpacingPts"": 60, ""TP_Pips"": 11.0, ""MaxLayers"": 2, ""Ladder"": ""step1"", ""MaxHoldSec"": 60, ""StopPips"": 22.0, ""MaxBasketRiskPct"": 2.0, ""AddMinSec"": 30, ""Session"": ""lateny_1923"", ""ZEntry"": 2.75, ""ZEmaBars"": 90, ""NewsBeforeMin"": 15, ""NewsAfterMin"": 30, ""NewsCloseMode"": 2, ""DailyLossPct"": 3.0, ""MaxSpreadPts"": 0}"
-50.0,-4.107937347528967,20.44365396966352,0.0,0.0,81.09000000000198,0.05541746800938785,706.683121220933,43.0,17.0,12.0,"{""EntryMode"": 1, ""EntryTFMin"": 1, ""GridSpacingPts"": 40, ""TP_Pips"": 9.5, ""MaxLayers"": 4, ""Ladder"": ""step1"", ""MaxHoldSec"": 900, ""StopPips"": 13.0, ""MaxBasketRiskPct"": 3.0, ""AddMinSec"": 0, ""Session"": ""london_1013"", ""ZEntry"": 2.75, ""ZEmaBars"": 60, ""NewsBeforeMin"": 30, ""NewsAfterMin"": 60, ""NewsCloseMode"": 2, ""DailyLossPct"": 5.0, ""MaxSpreadPts"": 10}"
-50.0,0.0,0.0,0.0,0.0,100.0,0.0,0.0,0.0,0.0,0.0,"{""EntryMode"": 0, ""EntryTFMin"": 5, ""GridSpacingPts"": 25, ""TP_Pips"": 5.0, ""MaxLayers"": 2, ""Ladder"": ""step1"", ""MaxHoldSec"": 600, ""StopPips"": 14.0, ""MaxBasketRiskPct"": 1.0, ""AddMinSec"": 0, ""Session"": ""london_1013"", ""ZEntry"": 1.5, ""ZEmaBars"": 60, ""NewsBeforeMin"": 30, ""NewsAfterMin"": 30, ""NewsCloseMode"": 2, ""DailyLossPct"": 5.0, ""MaxSpreadPts"": 0}"
-50.0,-0.21464550029127727,1.067999999997312,0.0,0.0,98.93200000000269,0.006157496445487539,33.12880748510361,8.0,0.0,0.0,"{""EntryMode"": 0, ""EntryTFMin"": 1, ""GridSpacingPts"": 120, ""TP_Pips"": 9.0, ""MaxLayers"": 1, ""Ladder"": ""step2"", ""MaxHoldSec"": 30, ""StopPips"": 9.0, ""MaxBasketRiskPct"": 1.0, ""AddMinSec"": 0, ""Session"": ""lateny_1923"", ""ZEntry"": 2.75, ""ZEmaBars"": 90, ""NewsBeforeMin"": 15, ""NewsAfterMin"": 30, ""NewsCloseMode"": 0, ""DailyLossPct"": 3.0, ""MaxSpreadPts"": 10}"
-50.0,0.0,0.0,0.0,0.0,100.0,0.0,0.0,0.0,0.0,0.0,"{""EntryMode"": 0, ""EntryTFMin"": 1, ""GridSpacingPts"": 115, ""TP_Pips"": 7.5, ""MaxLayers"": 1, ""Ladder"": ""step2"", ""MaxHoldSec"": 30, ""StopPips"": 10.0, ""MaxBasketRiskPct"": 1.0, ""AddMinSec"": 0, ""Session"": ""lateny_1923"", ""ZEntry"": 2.25, ""ZEmaBars"": 30, ""NewsBeforeMin"": 15, ""NewsAfterMin"": 30, ""NewsCloseMode"": 0, ""DailyLossPct"": 3.0, ""MaxSpreadPts"": 10}"
-50.0,0.0,0.0,0.0,0.0,100.0,0.0,0.0,0.0,0.0,0.0,"{""EntryMode"": 1, ""EntryTFMin"": 5, ""GridSpacingPts"": 50, ""TP_Pips"": 11.5, ""MaxLayers"": 2, ""Ladder"": ""step1"", ""MaxHoldSec"": 60, ""StopPips"": 28.0, ""MaxBasketRiskPct"": 2.0, ""AddMinSec"": 30, ""Session"": ""lateny_1923"", ""ZEntry"": 2.5, ""ZEmaBars"": 90, ""NewsBeforeMin"": 15, ""NewsAfterMin"": 30, ""NewsCloseMode"": 2, ""DailyLossPct"": 3.0, ""MaxSpreadPts"": 0}"
-50.0,0.0,0.0,0.0,0.0,100.0,0.0,0.0,0.0,0.0,0.0,"{""EntryMode"": 0, ""EntryTFMin"": 1, ""GridSpacingPts"": 10, ""TP_Pips"": 4.0, ""MaxLayers"": 5, ""Ladder"": ""step1"", ""MaxHoldSec"": 60, ""StopPips"": 21.0, ""MaxBasketRiskPct"": 2.0, ""AddMinSec"": 30, ""Session"": ""london_1013"", ""ZEntry"": 3.0, ""ZEmaBars"": 60, ""NewsBeforeMin"": 60, ""NewsAfterMin"": 60, ""NewsCloseMode"": 0, ""DailyLossPct"": 3.0, ""MaxSpreadPts"": 0}"
-50.0,-2.9758623046248767,18.633474779649998,0.0,0.0,85.98800000002292,0.12314992890975078,1129.3215459755486,69.0,9.0,82.0,"{""EntryMode"": 1, ""EntryTFMin"": 1, ""GridSpacingPts"": 115, ""TP_Pips"": 6.0, ""MaxLayers"": 2, ""Ladder"": ""step1"", ""MaxHoldSec"": 1800, ""StopPips"": 25.0, ""MaxBasketRiskPct"": 3.0, ""AddMinSec"": 60, ""Session"": ""lateny_1923"", ""ZEntry"": 2.25, ""ZEmaBars"": 120, ""NewsBeforeMin"": 30, ""NewsAfterMin"": 15, ""NewsCloseMode"": 0, ""DailyLossPct"": 8.0, ""MaxSpreadPts"": 0}"
-50.0,-3.8385511996143373,18.681009404631084,0.0,0.0,82.23475000000823,0.01308467994666102,1192.390872578872,11.0,3.0,3.0,"{""EntryMode"": 1, ""EntryTFMin"": 1, ""GridSpacingPts"": 15, ""TP_Pips"": 10.5, ""MaxLayers"": 4, ""Ladder"": ""flat"", ""MaxHoldSec"": 1800, ""StopPips"": 16.0, ""MaxBasketRiskPct"": 5.0, ""AddMinSec"": 60, ""Session"": ""asia_0309"", ""ZEntry"": 2.5, ""ZEmaBars"": 30, ""NewsBeforeMin"": 15, ""NewsAfterMin"": 15, ""NewsCloseMode"": 0, ""DailyLossPct"": 5.0, ""MaxSpreadPts"": 0}"
-50.0,-3.065218758028243,16.081180450000396,0.0,0.0,85.59300000002379,0.13546492180072586,819.1312641485139,48.0,13.0,115.0,"{""EntryMode"": 1, ""EntryTFMin"": 1, ""GridSpacingPts"": 140, ""TP_Pips"": 5.0, ""MaxLayers"": 1, ""Ladder"": ""step2"", ""MaxHoldSec"": 1800, ""StopPips"": 25.0, ""MaxBasketRiskPct"": 3.0, ""AddMinSec"": 60, ""Session"": ""lateny_1923"", ""ZEntry"": 2.75, ""ZEmaBars"": 120, ""NewsBeforeMin"": 30, ""NewsAfterMin"": 15, ""NewsCloseMode"": 0, ""DailyLossPct"": 8.0, ""MaxSpreadPts"": 0}"
-50.0,-1.7381332587757647,12.092701753034344,0.0,0.0,91.61100000000667,0.027708734004693925,1159.1478086482914,16.0,2.0,18.0,"{""EntryMode"": 1, ""EntryTFMin"": 1, ""GridSpacingPts"": 110, ""TP_Pips"": 6.0, ""MaxLayers"": 1, ""Ladder"": ""step1"", ""MaxHoldSec"": 1800, ""StopPips"": 27.0, ""MaxBasketRiskPct"": 3.0, ""AddMinSec"": 60, ""Session"": ""lateny_1923"", ""ZEntry"": 2.25, ""ZEmaBars"": 120, ""NewsBeforeMin"": 30, ""NewsAfterMin"": 15, ""NewsCloseMode"": 0, ""DailyLossPct"": 8.0, ""MaxSpreadPts"": 0}"
-50.0,0.0,0.0,0.0,0.0,100.0,0.0,0.0,0.0,0.0,0.0,"{""EntryMode"": 0, ""EntryTFMin"": 1, ""GridSpacingPts"": 15, ""TP_Pips"": 6.0, ""MaxLayers"": 5, ""Ladder"": ""step2"", ""MaxHoldSec"": 60, ""StopPips"": 26.0, ""MaxBasketRiskPct"": 1.0, ""AddMinSec"": 0, ""Session"": ""allday_0123"", ""ZEntry"": 2.75, ""ZEmaBars"": 90, ""NewsBeforeMin"": 60, ""NewsAfterMin"": 30, ""NewsCloseMode"": 0, ""DailyLossPct"": 8.0, ""MaxSpreadPts"": 10}"
-50.0,0.0,0.0,0.0,0.0,100.0,0.0,0.0,0.0,0.0,0.0,"{""EntryMode"": 1, ""EntryTFMin"": 1, ""GridSpacingPts"": 150, ""TP_Pips"": 5.0, ""MaxLayers"": 1, ""Ladder"": ""step2"", ""MaxHoldSec"": 1800, ""StopPips"": 26.0, ""MaxBasketRiskPct"": 3.0, ""AddMinSec"": 60, ""Session"": ""lateny_1923"", ""ZEntry"": 2.5, ""ZEmaBars"": 30, ""NewsBeforeMin"": 30, ""NewsAfterMin"": 15, ""NewsCloseMode"": 0, ""DailyLossPct"": 8.0, ""MaxSpreadPts"": 0}"
-50.0,0.0,0.0,0.0,0.0,100.0,0.0,0.0,0.0,0.0,0.0,"{""EntryMode"": 0, ""EntryTFMin"": 1, ""GridSpacingPts"": 10, ""TP_Pips"": 7.0, ""MaxLayers"": 4, ""Ladder"": ""step2"", ""MaxHoldSec"": 60, ""StopPips"": 25.0, ""MaxBasketRiskPct"": 1.0, ""AddMinSec"": 0, ""Session"": ""allday_0123"", ""ZEntry"": 2.5, ""ZEmaBars"": 90, ""NewsBeforeMin"": 60, ""NewsAfterMin"": 30, ""NewsCloseMode"": 0, ""DailyLossPct"": 8.0, ""MaxSpreadPts"": 10}"
-50.0,0.0,0.0,0.0,0.0,100.0,0.0,0.0,0.0,0.0,0.0,"{""EntryMode"": 1, ""EntryTFMin"": 1, ""GridSpacingPts"": 35, ""TP_Pips"": 5.0, ""MaxLayers"": 1, ""Ladder"": ""flat"", ""MaxHoldSec"": 60, ""StopPips"": 29.0, ""MaxBasketRiskPct"": 1.0, ""AddMinSec"": 30, ""Session"": ""asia_0109"", ""ZEntry"": 2.0, ""ZEmaBars"": 120, ""NewsBeforeMin"": 60, ""NewsAfterMin"": 60, ""NewsCloseMode"": 2, ""DailyLossPct"": 8.0, ""MaxSpreadPts"": 10}"
-50.0,-3.54080889502969,18.31951420051287,0.0,0.0,83.5150000000091,0.05926590328781756,752.057038718462,56.0,9.0,12.0,"{""EntryMode"": 1, ""EntryTFMin"": 5, ""GridSpacingPts"": 30, ""TP_Pips"": 11.5, ""MaxLayers"": 3, ""Ladder"": ""step1"", ""MaxHoldSec"": 900, ""StopPips"": 22.0, ""MaxBasketRiskPct"": 5.0, ""AddMinSec"": 0, ""Session"": ""lateny_1923"", ""ZEntry"": 2.5, ""ZEmaBars"": 90, ""NewsBeforeMin"": 30, ""NewsAfterMin"": 60, ""NewsCloseMode"": 2, ""DailyLossPct"": 8.0, ""MaxSpreadPts"": 10}"
-50.0,0.0,0.0,0.0,0.0,100.0,0.0,0.0,0.0,0.0,0.0,"{""EntryMode"": 1, ""EntryTFMin"": 5, ""GridSpacingPts"": 35, ""TP_Pips"": 10.0, ""MaxLayers"": 3, ""Ladder"": ""flat"", ""MaxHoldSec"": 120, ""StopPips"": 21.0, ""MaxBasketRiskPct"": 1.0, ""AddMinSec"": 0, ""Session"": ""ny_1519"", ""ZEntry"": 1.75, ""ZEmaBars"": 60, ""NewsBeforeMin"": 30, ""NewsAfterMin"": 15, ""NewsCloseMode"": 0, ""DailyLossPct"": 3.0, ""MaxSpreadPts"": 0}"
-50.0,0.0,0.0,0.0,0.0,100.0,0.0,0.0,0.0,0.0,0.0,"{""EntryMode"": 0, ""EntryTFMin"": 1, ""GridSpacingPts"": 10, ""TP_Pips"": 6.5, ""MaxLayers"": 6, ""Ladder"": ""step2"", ""MaxHoldSec"": 900, ""StopPips"": 24.0, ""MaxBasketRiskPct"": 1.0, ""AddMinSec"": 0, ""Session"": ""allday_0123"", ""ZEntry"": 2.75, ""ZEmaBars"": 90, ""NewsBeforeMin"": 60, ""NewsAfterMin"": 30, ""NewsCloseMode"": 0, ""DailyLossPct"": 8.0, ""MaxSpreadPts"": 10}"
-50.0,0.0,0.0,0.0,0.0,100.0,0.0,0.0,0.0,0.0,0.0,"{""EntryMode"": 1, ""EntryTFMin"": 5, ""GridSpacingPts"": 80, ""TP_Pips"": 11.5, ""MaxLayers"": 1, ""Ladder"": ""flat"", ""MaxHoldSec"": 30, ""StopPips"": 19.0, ""MaxBasketRiskPct"": 1.0, ""AddMinSec"": 15, ""Session"": ""asia_0309"", ""ZEntry"": 3.0, ""ZEmaBars"": 30, ""NewsBeforeMin"": 60, ""NewsAfterMin"": 15, ""NewsCloseMode"": 2, ""DailyLossPct"": 5.0, ""MaxSpreadPts"": 0}"
-50.0,-5.1849252760012625,24.549918166936486,0.0,0.0,76.64000000000296,0.05541746800938785,756.686444623603,51.0,15.0,6.0,"{""EntryMode"": 1, ""EntryTFMin"": 1, ""GridSpacingPts"": 40, ""TP_Pips"": 11.0, ""MaxLayers"": 3, ""Ladder"": ""step1"", ""MaxHoldSec"": 900, ""StopPips"": 16.0, ""MaxBasketRiskPct"": 3.0, ""AddMinSec"": 0, ""Session"": ""london_1013"", ""ZEntry"": 2.75, ""ZEmaBars"": 60, ""NewsBeforeMin"": 30, ""NewsAfterMin"": 60, ""NewsCloseMode"": 2, ""DailyLossPct"": 5.0, ""MaxSpreadPts"": 10}"
-50.0,-3.7872992773510528,19.42737088971087,0.0,0.0,82.45400000001598,0.07927776673565207,1153.8047083373617,49.0,5.0,49.0,"{""EntryMode"": 1, ""EntryTFMin"": 1, ""GridSpacingPts"": 150, ""TP_Pips"": 6.0, ""MaxLayers"": 1, ""Ladder"": ""step1"", ""MaxHoldSec"": 1800, ""StopPips"": 24.0, ""MaxBasketRiskPct"": 3.0, ""AddMinSec"": 60, ""Session"": ""lateny_1923"", ""ZEntry"": 1.25, ""ZEmaBars"": 120, ""NewsBeforeMin"": 30, ""NewsAfterMin"": 15, ""NewsCloseMode"": 0, ""DailyLossPct"": 8.0, ""MaxSpreadPts"": 0}"
-50.0,-1.2947365264114108,6.6713068966388995,0.0,0.0,93.69541441849908,0.03155716928312364,30.392267570262995,41.0,0.0,0.0,"{""EntryMode"": 1, ""EntryTFMin"": 5, ""GridSpacingPts"": 115, ""TP_Pips"": 5.5, ""MaxLayers"": 6, ""Ladder"": ""flat"", ""MaxHoldSec"": 30, ""StopPips"": 12.0, ""MaxBasketRiskPct"": 3.0, ""AddMinSec"": 15, ""Session"": ""asia_0309"", ""ZEntry"": 2.5, ""ZEmaBars"": 60, ""NewsBeforeMin"": 30, ""NewsAfterMin"": 60, ""NewsCloseMode"": 0, ""DailyLossPct"": 3.0, ""MaxSpreadPts"": 0}"
-50.0,-0.7493769300091269,4.095539304203837,0.0,0.0,96.31100000000367,0.020781550503520443,60.0,27.0,0.0,0.0,"{""EntryMode"": 1, ""EntryTFMin"": 1, ""GridSpacingPts"": 140, ""TP_Pips"": 5.5, ""MaxLayers"": 1, ""Ladder"": ""step1"", ""MaxHoldSec"": 60, ""StopPips"": 28.0, ""MaxBasketRiskPct"": 3.0, ""AddMinSec"": 60, ""Session"": ""lateny_1923"", ""ZEntry"": 1.75, ""ZEmaBars"": 120, ""NewsBeforeMin"": 30, ""NewsAfterMin"": 15, ""NewsCloseMode"": 0, ""DailyLossPct"": 8.0, ""MaxSpreadPts"": 0}"
-50.0,0.0,0.0,0.0,0.0,100.0,0.0,0.0,0.0,0.0,0.0,"{""EntryMode"": 1, ""EntryTFMin"": 1, ""GridSpacingPts"": 30, ""TP_Pips"": 4.5, ""MaxLayers"": 3, ""Ladder"": ""flat"", ""MaxHoldSec"": 60, ""StopPips"": 30.0, ""MaxBasketRiskPct"": 1.0, ""AddMinSec"": 30, ""Session"": ""asia_0109"", ""ZEntry"": 2.0, ""ZEmaBars"": 120, ""NewsBeforeMin"": 60, ""NewsAfterMin"": 60, ""NewsCloseMode"": 2, ""DailyLossPct"": 8.0, ""MaxSpreadPts"": 10}"
-50.0,-0.14993723779330725,3.611169014223364,0.0,0.0,99.253000000003,0.01924217639214856,594.2889896869659,11.0,3.0,11.0,"{""EntryMode"": 1, ""EntryTFMin"": 5, ""GridSpacingPts"": 25, ""TP_Pips"": 8.5, ""MaxLayers"": 3, ""Ladder"": ""step1"", ""MaxHoldSec"": 900, ""StopPips"": 22.0, ""MaxBasketRiskPct"": 5.0, ""AddMinSec"": 0, ""Session"": ""lateny_1923"", ""ZEntry"": 2.75, ""ZEmaBars"": 90, ""NewsBeforeMin"": 30, ""NewsAfterMin"": 60, ""NewsCloseMode"": 2, ""DailyLossPct"": 8.0, ""MaxSpreadPts"": 10}"
-50.0,-5.369841535934528,24.16899999997777,0.0,0.0,75.8960000000221,0.1562464723042463,1176.0915735965498,89.0,8.0,106.0,"{""EntryMode"": 1, ""EntryTFMin"": 1, ""GridSpacingPts"": 150, ""TP_Pips"": 5.0, ""MaxLayers"": 1, ""Ladder"": ""step1"", ""MaxHoldSec"": 1800, ""StopPips"": 22.0, ""MaxBasketRiskPct"": 3.0, ""AddMinSec"": 60, ""Session"": ""asia_0309"", ""ZEntry"": 2.0, ""ZEmaBars"": 120, ""NewsBeforeMin"": 30, ""NewsAfterMin"": 15, ""NewsCloseMode"": 0, ""DailyLossPct"": 8.0, ""MaxSpreadPts"": 0}"
-50.0,0.0,0.0,0.0,0.0,100.0,0.0,0.0,0.0,0.0,0.0,"{""EntryMode"": 1, ""EntryTFMin"": 5, ""GridSpacingPts"": 20, ""TP_Pips"": 10.0, ""MaxLayers"": 4, ""Ladder"": ""step1"", ""MaxHoldSec"": 120, ""StopPips"": 30.0, ""MaxBasketRiskPct"": 2.0, ""AddMinSec"": 0, ""Session"": ""asia_0109"", ""ZEntry"": 1.25, ""ZEmaBars"": 30, ""NewsBeforeMin"": 15, ""NewsAfterMin"": 30, ""NewsCloseMode"": 2, ""DailyLossPct"": 5.0, ""MaxSpreadPts"": 0}"
-50.0,0.0,0.0,0.0,0.0,100.0,0.0,0.0,0.0,0.0,0.0,"{""EntryMode"": 1, ""EntryTFMin"": 1, ""GridSpacingPts"": 25, ""TP_Pips"": 6.0, ""MaxLayers"": 2, ""Ladder"": ""flat"", ""MaxHoldSec"": 60, ""StopPips"": 30.0, ""MaxBasketRiskPct"": 1.0, ""AddMinSec"": 30, ""Session"": ""asia_0109"", ""ZEntry"": 2.0, ""ZEmaBars"": 120, ""NewsBeforeMin"": 60, ""NewsAfterMin"": 60, ""NewsCloseMode"": 2, ""DailyLossPct"": 8.0, ""MaxSpreadPts"": 10}"
-50.0,0.0,0.0,0.0,0.0,100.0,0.0,0.0,0.0,0.0,0.0,"{""EntryMode"": 1, ""EntryTFMin"": 5, ""GridSpacingPts"": 75, ""TP_Pips"": 15.0, ""MaxLayers"": 3, ""Ladder"": ""step1"", ""MaxHoldSec"": 600, ""StopPips"": 29.0, ""MaxBasketRiskPct"": 1.0, ""AddMinSec"": 60, ""Session"": ""asia_0309"", ""ZEntry"": 3.0, ""ZEmaBars"": 30, ""NewsBeforeMin"": 15, ""NewsAfterMin"": 15, ""NewsCloseMode"": 0, ""DailyLossPct"": 5.0, ""MaxSpreadPts"": 10}"
-50.0,-0.012810872122925865,5.243776551394184,0.0,0.0,99.93600000000258,0.01924217639214856,710.0393149662018,15.0,4.0,6.0,"{""EntryMode"": 1, ""EntryTFMin"": 5, ""GridSpacingPts"": 25, ""TP_Pips"": 12.5, ""MaxLayers"": 3, ""Ladder"": ""step1"", ""MaxHoldSec"": 900, ""StopPips"": 18.0, ""MaxBasketRiskPct"": 5.0, ""AddMinSec"": 0, ""Session"": ""lateny_1923"", ""ZEntry"": 2.75, ""ZEmaBars"": 90, ""NewsBeforeMin"": 15, ""NewsAfterMin"": 60, ""NewsCloseMode"": 2, ""DailyLossPct"": 8.0, ""MaxSpreadPts"": 10}"
-50.0,-1.2947365264114108,6.6713068966388995,0.0,0.0,93.69541441849908,0.03155716928312364,30.392267570262995,41.0,0.0,0.0,"{""EntryMode"": 1, ""EntryTFMin"": 5, ""GridSpacingPts"": 110, ""TP_Pips"": 11.5, ""MaxLayers"": 6, ""Ladder"": ""flat"", ""MaxHoldSec"": 30, ""StopPips"": 11.0, ""MaxBasketRiskPct"": 3.0, ""AddMinSec"": 0, ""Session"": ""asia_0309"", ""ZEntry"": 2.5, ""ZEmaBars"": 60, ""NewsBeforeMin"": 30, ""NewsAfterMin"": 60, ""NewsCloseMode"": 0, ""DailyLossPct"": 3.0, ""MaxSpreadPts"": 0}"
-50.0,-2.921730006238976,14.614077452819274,0.0,0.0,86.22800000000358,0.013854367002346962,1235.8730998792148,12.0,4.0,2.0,"{""EntryMode"": 1, ""EntryTFMin"": 1, ""GridSpacingPts"": 15, ""TP_Pips"": 13.0, ""MaxLayers"": 4, ""Ladder"": ""step2"", ""MaxHoldSec"": 1800, ""StopPips"": 15.0, ""MaxBasketRiskPct"": 5.0, ""AddMinSec"": 60, ""Session"": ""asia_0309"", ""ZEntry"": 2.5, ""ZEmaBars"": 30, ""NewsBeforeMin"": 15, ""NewsAfterMin"": 15, ""NewsCloseMode"": 0, ""DailyLossPct"": 5.0, ""MaxSpreadPts"": 0}"
-50.0,-4.439156654646659,22.066029797552222,0.0,0.0,79.70000000000249,0.05541746800938785,749.8626621464888,49.0,17.0,6.0,"{""EntryMode"": 1, ""EntryTFMin"": 1, ""GridSpacingPts"": 40, ""TP_Pips"": 12.0, ""MaxLayers"": 4, ""Ladder"": ""step1"", ""MaxHoldSec"": 900, ""StopPips"": 14.0, ""MaxBasketRiskPct"": 3.0, ""AddMinSec"": 0, ""Session"": ""london_1013"", ""ZEntry"": 2.75, ""ZEmaBars"": 60, ""NewsBeforeMin"": 30, ""NewsAfterMin"": 60, ""NewsCloseMode"": 2, ""DailyLossPct"": 5.0, ""MaxSpreadPts"": 10}"
-50.0,-0.5078348589911963,2.7356580523353453,0.0,0.0,97.48795588268547,0.010775618779603193,30.31066507952554,14.0,0.0,0.0,"{""EntryMode"": 1, ""EntryTFMin"": 5, ""GridSpacingPts"": 115, ""TP_Pips"": 6.5, ""MaxLayers"": 6, ""Ladder"": ""flat"", ""MaxHoldSec"": 30, ""StopPips"": 11.0, ""MaxBasketRiskPct"": 3.0, ""AddMinSec"": 15, ""Session"": ""asia_0309"", ""ZEntry"": 2.75, ""ZEmaBars"": 60, ""NewsBeforeMin"": 30, ""NewsAfterMin"": 60, ""NewsCloseMode"": 0, ""DailyLossPct"": 3.0, ""MaxSpreadPts"": 0}"
-50.0,0.0,0.0,0.0,0.0,100.0,0.0,0.0,0.0,0.0,0.0,"{""EntryMode"": 1, ""EntryTFMin"": 5, ""GridSpacingPts"": 125, ""TP_Pips"": 11.0, ""MaxLayers"": 2, ""Ladder"": ""step1"", ""MaxHoldSec"": 60, ""StopPips"": 30.0, ""MaxBasketRiskPct"": 2.0, ""AddMinSec"": 30, ""Session"": ""lateny_1923"", ""ZEntry"": 2.75, ""ZEmaBars"": 90, ""NewsBeforeMin"": 15, ""NewsAfterMin"": 30, ""NewsCloseMode"": 2, ""DailyLossPct"": 3.0, ""MaxSpreadPts"": 0}"
-50.0,0.0,0.0,0.0,0.0,100.0,0.0,0.0,0.0,0.0,0.0,"{""EntryMode"": 1, ""EntryTFMin"": 5, ""GridSpacingPts"": 15, ""TP_Pips"": 8.5, ""MaxLayers"": 5, ""Ladder"": ""step1"", ""MaxHoldSec"": 120, ""StopPips"": 29.0, ""MaxBasketRiskPct"": 2.0, ""AddMinSec"": 0, ""Session"": ""asia_0109"", ""ZEntry"": 1.25, ""ZEmaBars"": 30, ""NewsBeforeMin"": 15, ""NewsAfterMin"": 30, ""NewsCloseMode"": 2, ""DailyLossPct"": 5.0, ""MaxSpreadPts"": 0}"
-50.0,-4.293237036996378,21.71614879217201,0.0,0.0,80.31000000000293,0.056187155065073796,718.5605966358969,48.0,19.0,6.0,"{""EntryMode"": 1, ""EntryTFMin"": 1, ""GridSpacingPts"": 30, ""TP_Pips"": 11.5, ""MaxLayers"": 2, ""Ladder"": ""step1"", ""MaxHoldSec"": 900, ""StopPips"": 12.0, ""MaxBasketRiskPct"": 3.0, ""AddMinSec"": 0, ""Session"": ""london_1013"", ""ZEntry"": 2.75, ""ZEmaBars"": 60, ""NewsBeforeMin"": 30, ""NewsAfterMin"": 60, ""NewsCloseMode"": 2, ""DailyLossPct"": 5.0, ""MaxSpreadPts"": 10}"
-50.0,-3.8597969242387786,19.012501478866962,0.0,0.0,82.1440000000161,0.08081714084702395,1191.847098331866,51.0,7.0,47.0,"{""EntryMode"": 1, ""EntryTFMin"": 5, ""GridSpacingPts"": 120, ""TP_Pips"": 6.0, ""MaxLayers"": 1, ""Ladder"": ""step1"", ""MaxHoldSec"": 1800, ""StopPips"": 24.0, ""MaxBasketRiskPct"": 3.0, ""AddMinSec"": 60, ""Session"": ""lateny_1923"", ""ZEntry"": 2.25, ""ZEmaBars"": 120, ""NewsBeforeMin"": 30, ""NewsAfterMin"": 15, ""NewsCloseMode"": 0, ""DailyLossPct"": 8.0, ""MaxSpreadPts"": 0}"
-50.0,0.0,0.0,0.0,0.0,100.0,0.0,0.0,0.0,0.0,0.0,"{""EntryMode"": 0, ""EntryTFMin"": 5, ""GridSpacingPts"": 25, ""TP_Pips"": 5.0, ""MaxLayers"": 2, ""Ladder"": ""step1"", ""MaxHoldSec"": 600, ""StopPips"": 15.0, ""MaxBasketRiskPct"": 1.0, ""AddMinSec"": 0, ""Session"": ""london_1013"", ""ZEntry"": 2.0, ""ZEmaBars"": 60, ""NewsBeforeMin"": 30, ""NewsAfterMin"": 30, ""NewsCloseMode"": 2, ""DailyLossPct"": 5.0, ""MaxSpreadPts"": 0}"
-50.0,0.0,0.0,0.0,0.0,100.0,0.0,0.0,0.0,0.0,0.0,"{""EntryMode"": 1, ""EntryTFMin"": 5, ""GridSpacingPts"": 115, ""TP_Pips"": 14.5, ""MaxLayers"": 3, ""Ladder"": ""step1"", ""MaxHoldSec"": 300, ""StopPips"": 30.0, ""MaxBasketRiskPct"": 1.0, ""AddMinSec"": 60, ""Session"": ""asia_0309"", ""ZEntry"": 3.0, ""ZEmaBars"": 30, ""NewsBeforeMin"": 30, ""NewsAfterMin"": 15, ""NewsCloseMode"": 0, ""DailyLossPct"": 5.0, ""MaxSpreadPts"": 10}"
-50.0,-4.589111054340423,22.796723520137792,0.0,0.0,79.07700000003142,0.17933708397482456,991.5687771695689,83.0,20.0,130.0,"{""EntryMode"": 1, ""EntryTFMin"": 1, ""GridSpacingPts"": 145, ""TP_Pips"": 6.0, ""MaxLayers"": 1, ""Ladder"": ""step2"", ""MaxHoldSec"": 1800, ""StopPips"": 23.0, ""MaxBasketRiskPct"": 3.0, ""AddMinSec"": 60, ""Session"": ""lateny_1923"", ""ZEntry"": 2.5, ""ZEmaBars"": 120, ""NewsBeforeMin"": 30, ""NewsAfterMin"": 15, ""NewsCloseMode"": 0, ""DailyLossPct"": 8.0, ""MaxSpreadPts"": 0}"
-50.0,0.0,0.0,0.0,0.0,100.0,0.0,0.0,0.0,0.0,0.0,"{""EntryMode"": 1, ""EntryTFMin"": 1, ""GridSpacingPts"": 35, ""TP_Pips"": 3.5, ""MaxLayers"": 1, ""Ladder"": ""step1"", ""MaxHoldSec"": 60, ""StopPips"": 30.0, ""MaxBasketRiskPct"": 1.0, ""AddMinSec"": 30, ""Session"": ""asia_0109"", ""ZEntry"": 2.0, ""ZEmaBars"": 120, ""NewsBeforeMin"": 60, ""NewsAfterMin"": 60, ""NewsCloseMode"": 2, ""DailyLossPct"": 8.0, ""MaxSpreadPts"": 10}"
-50.0,0.0,0.0,0.0,0.0,100.0,0.0,0.0,0.0,0.0,0.0,"{""EntryMode"": 1, ""EntryTFMin"": 5, ""GridSpacingPts"": 40, ""TP_Pips"": 12.0, ""MaxLayers"": 2, ""Ladder"": ""step1"", ""MaxHoldSec"": 60, ""StopPips"": 26.0, ""MaxBasketRiskPct"": 2.0, ""AddMinSec"": 30, ""Session"": ""lateny_1923"", ""ZEntry"": 2.75, ""ZEmaBars"": 90, ""NewsBeforeMin"": 15, ""NewsAfterMin"": 30, ""NewsCloseMode"": 2, ""DailyLossPct"": 3.0, ""MaxSpreadPts"": 0}"
-50.0,-0.5078348589911963,2.7356580523353453,0.0,0.0,97.48795588268547,0.010775618779603193,30.31066507952554,14.0,0.0,0.0,"{""EntryMode"": 1, ""EntryTFMin"": 5, ""GridSpacingPts"": 125, ""TP_Pips"": 11.5, ""MaxLayers"": 6, ""Ladder"": ""flat"", ""MaxHoldSec"": 30, ""StopPips"": 12.0, ""MaxBasketRiskPct"": 3.0, ""AddMinSec"": 15, ""Session"": ""asia_0309"", ""ZEntry"": 2.75, ""ZEmaBars"": 60, ""NewsBeforeMin"": 30, ""NewsAfterMin"": 60, ""NewsCloseMode"": 0, ""DailyLossPct"": 3.0, ""MaxSpreadPts"": 0}"
-50.0,-0.18781456519499917,5.944336954901957,0.0,0.0,99.06500000000328,0.01924217639214856,747.0590968227388,17.0,3.0,5.0,"{""EntryMode"": 1, ""EntryTFMin"": 5, ""GridSpacingPts"": 15, ""TP_Pips"": 13.0, ""MaxLayers"": 2, ""Ladder"": ""step1"", ""MaxHoldSec"": 900, ""StopPips"": 22.0, ""MaxBasketRiskPct"": 5.0, ""AddMinSec"": 0, ""Session"": ""lateny_1923"", ""ZEntry"": 2.75, ""ZEmaBars"": 90, ""NewsBeforeMin"": 30, ""NewsAfterMin"": 60, ""NewsCloseMode"": 2, ""DailyLossPct"": 8.0, ""MaxSpreadPts"": 10}"
-50.0,-1.2947365264114108,6.6713068966388995,0.0,0.0,93.69541441849908,0.03155716928312364,30.392267570262995,41.0,0.0,0.0,"{""EntryMode"": 1, ""EntryTFMin"": 5, ""GridSpacingPts"": 130, ""TP_Pips"": 7.5, ""MaxLayers"": 6, ""Ladder"": ""flat"", ""MaxHoldSec"": 30, ""StopPips"": 14.0, ""MaxBasketRiskPct"": 3.0, ""AddMinSec"": 15, ""Session"": ""asia_0309"", ""ZEntry"": 2.5, ""ZEmaBars"": 60, ""NewsBeforeMin"": 30, ""NewsAfterMin"": 60, ""NewsCloseMode"": 0, ""DailyLossPct"": 3.0, ""MaxSpreadPts"": 0}"
-50.0,-1.2947365264114108,6.6713068966388995,0.0,0.0,93.69541441849908,0.03155716928312364,30.392267570262995,41.0,0.0,0.0,"{""EntryMode"": 1, ""EntryTFMin"": 5, ""GridSpacingPts"": 100, ""TP_Pips"": 8.5, ""MaxLayers"": 6, ""Ladder"": ""flat"", ""MaxHoldSec"": 30, ""StopPips"": 14.0, ""MaxBasketRiskPct"": 3.0, ""AddMinSec"": 15, ""Session"": ""asia_0309"", ""ZEntry"": 2.5, ""ZEmaBars"": 60, ""NewsBeforeMin"": 30, ""NewsAfterMin"": 60, ""NewsCloseMode"": 0, ""DailyLossPct"": 3.0, ""MaxSpreadPts"": 0}"
-50.0,-4.513655153299134,21.94748034221616,0.0,0.0,79.39000000000225,0.05541746800938785,707.868181457122,43.0,17.0,12.0,"{""EntryMode"": 1, ""EntryTFMin"": 1, ""GridSpacingPts"": 40, ""TP_Pips"": 9.5, ""MaxLayers"": 6, ""Ladder"": ""step1"", ""MaxHoldSec"": 900, ""StopPips"": 14.0, ""MaxBasketRiskPct"": 3.0, ""AddMinSec"": 0, ""Session"": ""london_1013"", ""ZEntry"": 2.75, ""ZEmaBars"": 60, ""NewsBeforeMin"": 30, ""NewsAfterMin"": 60, ""NewsCloseMode"": 2, ""DailyLossPct"": 5.0, ""MaxSpreadPts"": 10}"
-50.0,-1.4774351719631817,12.695696566314648,0.0,0.0,92.83200000002037,0.10005931723917251,1140.1985814792429,59.0,4.0,67.0,"{""EntryMode"": 1, ""EntryTFMin"": 1, ""GridSpacingPts"": 130, ""TP_Pips"": 6.5, ""MaxLayers"": 1, ""Ladder"": ""step1"", ""MaxHoldSec"": 1800, ""StopPips"": 27.0, ""MaxBasketRiskPct"": 3.0, ""AddMinSec"": 60, ""Session"": ""lateny_1923"", ""ZEntry"": 1.75, ""ZEmaBars"": 120, ""NewsBeforeMin"": 30, ""NewsAfterMin"": 15, ""NewsCloseMode"": 0, ""DailyLossPct"": 8.0, ""MaxSpreadPts"": 0}"
-50.0,0.0,0.0,0.0,0.0,100.0,0.0,0.0,0.0,0.0,0.0,"{""EntryMode"": 1, ""EntryTFMin"": 1, ""GridSpacingPts"": 35, ""TP_Pips"": 0.5, ""MaxLayers"": 2, ""Ladder"": ""flat"", ""MaxHoldSec"": 60, ""StopPips"": 30.0, ""MaxBasketRiskPct"": 1.0, ""AddMinSec"": 30, ""Session"": ""asia_0109"", ""ZEntry"": 1.75, ""ZEmaBars"": 90, ""NewsBeforeMin"": 60, ""NewsAfterMin"": 60, ""NewsCloseMode"": 2, ""DailyLossPct"": 8.0, ""MaxSpreadPts"": 10}"
-50.0,-4.578489420144183,23.50445062858828,0.0,0.0,79.12100000002782,0.14393147941327122,884.9743293833732,56.0,15.0,116.0,"{""EntryMode"": 1, ""EntryTFMin"": 1, ""GridSpacingPts"": 115, ""TP_Pips"": 5.0, ""MaxLayers"": 3, ""Ladder"": ""step1"", ""MaxHoldSec"": 1800, ""StopPips"": 23.0, ""MaxBasketRiskPct"": 3.0, ""AddMinSec"": 60, ""Session"": ""lateny_1923"", ""ZEntry"": 2.5, ""ZEmaBars"": 120, ""NewsBeforeMin"": 30, ""NewsAfterMin"": 15, ""NewsCloseMode"": 0, ""DailyLossPct"": 8.0, ""MaxSpreadPts"": 0}"
-50.0,-2.9630767616973697,24.022775493947794,0.0,0.0,86.0446375000308,0.1747189616407089,1228.2806957932823,111.0,14.0,102.0,"{""EntryMode"": 1, ""EntryTFMin"": 1, ""GridSpacingPts"": 50, ""TP_Pips"": 8.5, ""MaxLayers"": 1, ""Ladder"": ""flat"", ""MaxHoldSec"": 1800, ""StopPips"": 25.0, ""MaxBasketRiskPct"": 3.0, ""AddMinSec"": 60, ""Session"": ""lateny_1923"", ""ZEntry"": 1.25, ""ZEmaBars"": 60, ""NewsBeforeMin"": 30, ""NewsAfterMin"": 15, ""NewsCloseMode"": 0, ""DailyLossPct"": 5.0, ""MaxSpreadPts"": 0}"
-50.0,-3.6938427802114093,20.017955054420465,0.0,0.0,82.8550000000276,0.17317958752933704,844.2573054857221,58.0,15.0,152.0,"{""EntryMode"": 1, ""EntryTFMin"": 1, ""GridSpacingPts"": 115, ""TP_Pips"": 4.5, ""MaxLayers"": 2, ""Ladder"": ""step1"", ""MaxHoldSec"": 1800, ""StopPips"": 24.0, ""MaxBasketRiskPct"": 3.0, ""AddMinSec"": 60, ""Session"": ""lateny_1923"", ""ZEntry"": 2.25, ""ZEmaBars"": 120, ""NewsBeforeMin"": 30, ""NewsAfterMin"": 15, ""NewsCloseMode"": 0, ""DailyLossPct"": 8.0, ""MaxSpreadPts"": 0}"
-50.0,0.0,0.0,0.0,0.0,100.0,0.0,0.0,0.0,0.0,0.0,"{""EntryMode"": 1, ""EntryTFMin"": 5, ""GridSpacingPts"": 15, ""TP_Pips"": 10.0, ""MaxLayers"": 3, ""Ladder"": ""step1"", ""MaxHoldSec"": 120, ""StopPips"": 30.0, ""MaxBasketRiskPct"": 2.0, ""AddMinSec"": 0, ""Session"": ""asia_0309"", ""ZEntry"": 1.75, ""ZEmaBars"": 30, ""NewsBeforeMin"": 15, ""NewsAfterMin"": 30, ""NewsCloseMode"": 2, ""DailyLossPct"": 5.0, ""MaxSpreadPts"": 0}"
-50.0,-2.6814003719514368,12.714999999997318,0.0,0.0,87.30000000000287,0.03540560456155335,60.0,46.0,0.0,0.0,"{""EntryMode"": 1, ""EntryTFMin"": 5, ""GridSpacingPts"": 90, ""TP_Pips"": 9.0, ""MaxLayers"": 1, ""Ladder"": ""step1"", ""MaxHoldSec"": 60, ""StopPips"": 25.0, ""MaxBasketRiskPct"": 5.0, ""AddMinSec"": 60, ""Session"": ""london_1013"", ""ZEntry"": 2.0, ""ZEmaBars"": 30, ""NewsBeforeMin"": 30, ""NewsAfterMin"": 60, ""NewsCloseMode"": 2, ""DailyLossPct"": 3.0, ""MaxSpreadPts"": 0}"
-50.0,0.0,0.0,0.0,0.0,100.0,0.0,0.0,0.0,0.0,0.0,"{""EntryMode"": 0, ""EntryTFMin"": 1, ""GridSpacingPts"": 140, ""TP_Pips"": 9.5, ""MaxLayers"": 3, ""Ladder"": ""step1"", ""MaxHoldSec"": 120, ""StopPips"": 18.0, ""MaxBasketRiskPct"": 1.0, ""AddMinSec"": 0, ""Session"": ""allday_0123"", ""ZEntry"": 2.75, ""ZEmaBars"": 30, ""NewsBeforeMin"": 30, ""NewsAfterMin"": 30, ""NewsCloseMode"": 0, ""DailyLossPct"": 8.0, ""MaxSpreadPts"": 10}"
-50.0,0.0,0.0,0.0,0.0,100.0,0.0,0.0,0.0,0.0,0.0,"{""EntryMode"": 1, ""EntryTFMin"": 5, ""GridSpacingPts"": 10, ""TP_Pips"": 7.0, ""MaxLayers"": 3, ""Ladder"": ""step1"", ""MaxHoldSec"": 120, ""StopPips"": 30.0, ""MaxBasketRiskPct"": 2.0, ""AddMinSec"": 0, ""Session"": ""asia_0109"", ""ZEntry"": 1.75, ""ZEmaBars"": 30, ""NewsBeforeMin"": 15, ""NewsAfterMin"": 30, ""NewsCloseMode"": 2, ""DailyLossPct"": 5.0, ""MaxSpreadPts"": 0}"
-50.0,0.0,0.0,0.0,0.0,100.0,0.0,0.0,0.0,0.0,0.0,"{""EntryMode"": 0, ""EntryTFMin"": 1, ""GridSpacingPts"": 10, ""TP_Pips"": 6.5, ""MaxLayers"": 5, ""Ladder"": ""step2"", ""MaxHoldSec"": 60, ""StopPips"": 22.0, ""MaxBasketRiskPct"": 1.0, ""AddMinSec"": 0, ""Session"": ""allday_0123"", ""ZEntry"": 3.0, ""ZEmaBars"": 90, ""NewsBeforeMin"": 60, ""NewsAfterMin"": 30, ""NewsCloseMode"": 0, ""DailyLossPct"": 8.0, ""MaxSpreadPts"": 10}"
-50.0,-3.172655303324612,21.03163558770201,0.0,0.0,85.12000000002152,0.11776211951994918,834.956867607902,42.0,8.0,103.0,"{""EntryMode"": 1, ""EntryTFMin"": 1, ""GridSpacingPts"": 150, ""TP_Pips"": 4.5, ""MaxLayers"": 1, ""Ladder"": ""step1"", ""MaxHoldSec"": 1800, ""StopPips"": 25.0, ""MaxBasketRiskPct"": 3.0, ""AddMinSec"": 60, ""Session"": ""lateny_1923"", ""ZEntry"": 2.0, ""ZEmaBars"": 120, ""NewsBeforeMin"": 30, ""NewsAfterMin"": 15, ""NewsCloseMode"": 0, ""DailyLossPct"": 8.0, ""MaxSpreadPts"": 0}"
-50.0,0.0,0.0,0.0,0.0,100.0,0.0,0.0,0.0,0.0,0.0,"{""EntryMode"": 0, ""EntryTFMin"": 1, ""GridSpacingPts"": 100, ""TP_Pips"": 7.0, ""MaxLayers"": 1, ""Ladder"": ""step2"", ""MaxHoldSec"": 30, ""StopPips"": 10.0, ""MaxBasketRiskPct"": 1.0, ""AddMinSec"": 0, ""Session"": ""lateny_1923"", ""ZEntry"": 2.25, ""ZEmaBars"": 90, ""NewsBeforeMin"": 15, ""NewsAfterMin"": 30, ""NewsCloseMode"": 0, ""DailyLossPct"": 3.0, ""MaxSpreadPts"": 10}"
-50.0,0.0,0.0,0.0,0.0,100.0,0.0,0.0,0.0,0.0,0.0,"{""EntryMode"": 0, ""EntryTFMin"": 1, ""GridSpacingPts"": 10, ""TP_Pips"": 6.0, ""MaxLayers"": 5, ""Ladder"": ""step1"", ""MaxHoldSec"": 60, ""StopPips"": 21.0, ""MaxBasketRiskPct"": 2.0, ""AddMinSec"": 30, ""Session"": ""london_1013"", ""ZEntry"": 3.0, ""ZEmaBars"": 60, ""NewsBeforeMin"": 60, ""NewsAfterMin"": 60, ""NewsCloseMode"": 0, ""DailyLossPct"": 3.0, ""MaxSpreadPts"": 0}"
-50.0,0.0,0.0,0.0,0.0,100.0,0.0,0.0,0.0,0.0,0.0,"{""EntryMode"": 0, ""EntryTFMin"": 5, ""GridSpacingPts"": 105, ""TP_Pips"": 3.0, ""MaxLayers"": 3, ""Ladder"": ""flat"", ""MaxHoldSec"": 1800, ""StopPips"": 17.0, ""MaxBasketRiskPct"": 1.0, ""AddMinSec"": 0, ""Session"": ""lateny_1923"", ""ZEntry"": 2.5, ""ZEmaBars"": 60, ""NewsBeforeMin"": 15, ""NewsAfterMin"": 15, ""NewsCloseMode"": 2, ""DailyLossPct"": 5.0, ""MaxSpreadPts"": 0}"
-50.0,0.0,0.0,0.0,0.0,100.0,0.0,0.0,0.0,0.0,0.0,"{""EntryMode"": 0, ""EntryTFMin"": 1, ""GridSpacingPts"": 115, ""TP_Pips"": 5.5, ""MaxLayers"": 1, ""Ladder"": ""step2"", ""MaxHoldSec"": 30, ""StopPips"": 11.0, ""MaxBasketRiskPct"": 1.0, ""AddMinSec"": 0, ""Session"": ""lateny_1923"", ""ZEntry"": 2.25, ""ZEmaBars"": 90, ""NewsBeforeMin"": 15, ""NewsAfterMin"": 30, ""NewsCloseMode"": 0, ""DailyLossPct"": 3.0, ""MaxSpreadPts"": 0}"
-50.0,0.0,0.0,0.0,0.0,100.0,0.0,0.0,0.0,0.0,0.0,"{""EntryMode"": 0, ""EntryTFMin"": 1, ""GridSpacingPts"": 45, ""TP_Pips"": 6.0, ""MaxLayers"": 2, ""Ladder"": ""step2"", ""MaxHoldSec"": 900, ""StopPips"": 15.0, ""MaxBasketRiskPct"": 1.0, ""AddMinSec"": 0, ""Session"": ""asia_0309"", ""ZEntry"": 1.5, ""ZEmaBars"": 30, ""NewsBeforeMin"": 30, ""NewsAfterMin"": 60, ""NewsCloseMode"": 0, ""DailyLossPct"": 5.0, ""MaxSpreadPts"": 0}"
-50.0,0.0,0.0,0.0,0.0,100.0,0.0,0.0,0.0,0.0,0.0,"{""EntryMode"": 1, ""EntryTFMin"": 5, ""GridSpacingPts"": 75, ""TP_Pips"": 9.5, ""MaxLayers"": 3, ""Ladder"": ""flat"", ""MaxHoldSec"": 120, ""StopPips"": 19.0, ""MaxBasketRiskPct"": 1.0, ""AddMinSec"": 0, ""Session"": ""ny_1519"", ""ZEntry"": 1.0, ""ZEmaBars"": 60, ""NewsBeforeMin"": 30, ""NewsAfterMin"": 15, ""NewsCloseMode"": 0, ""DailyLossPct"": 3.0, ""MaxSpreadPts"": 0}"
-50.0,0.0,0.0,0.0,0.0,100.0,0.0,0.0,0.0,0.0,0.0,"{""EntryMode"": 0, ""EntryTFMin"": 1, ""GridSpacingPts"": 10, ""TP_Pips"": 6.5, ""MaxLayers"": 4, ""Ladder"": ""step2"", ""MaxHoldSec"": 60, ""StopPips"": 24.0, ""MaxBasketRiskPct"": 1.0, ""AddMinSec"": 0, ""Session"": ""allday_0123"", ""ZEntry"": 3.0, ""ZEmaBars"": 90, ""NewsBeforeMin"": 60, ""NewsAfterMin"": 30, ""NewsCloseMode"": 0, ""DailyLossPct"": 8.0, ""MaxSpreadPts"": 10}"
-50.0,-4.5331592258428195,23.057977246944972,0.0,0.0,79.30900000001851,0.10698650074034599,1088.4207807451285,58.0,12.0,69.0,"{""EntryMode"": 1, ""EntryTFMin"": 1, ""GridSpacingPts"": 55, ""TP_Pips"": 7.0, ""MaxLayers"": 2, ""Ladder"": ""flat"", ""MaxHoldSec"": 1800, ""StopPips"": 23.0, ""MaxBasketRiskPct"": 3.0, ""AddMinSec"": 60, ""Session"": ""lateny_1923"", ""ZEntry"": 2.0, ""ZEmaBars"": 60, ""NewsBeforeMin"": 30, ""NewsAfterMin"": 15, ""NewsCloseMode"": 0, ""DailyLossPct"": 5.0, ""MaxSpreadPts"": 0}"
-50.0,0.0,0.0,0.0,0.0,100.0,0.0,0.0,0.0,0.0,0.0,"{""EntryMode"": 1, ""EntryTFMin"": 5, ""GridSpacingPts"": 50, ""TP_Pips"": 11.5, ""MaxLayers"": 3, ""Ladder"": ""step1"", ""MaxHoldSec"": 60, ""StopPips"": 29.0, ""MaxBasketRiskPct"": 2.0, ""AddMinSec"": 30, ""Session"": ""lateny_1923"", ""ZEntry"": 2.5, ""ZEmaBars"": 90, ""NewsBeforeMin"": 15, ""NewsAfterMin"": 30, ""NewsCloseMode"": 2, ""DailyLossPct"": 3.0, ""MaxSpreadPts"": 0}"
-50.0,0.0,0.0,0.0,0.0,100.0,0.0,0.0,0.0,0.0,0.0,"{""EntryMode"": 1, ""EntryTFMin"": 5, ""GridSpacingPts"": 70, ""TP_Pips"": 8.5, ""MaxLayers"": 1, ""Ladder"": ""flat"", ""MaxHoldSec"": 30, ""StopPips"": 21.0, ""MaxBasketRiskPct"": 1.0, ""AddMinSec"": 15, ""Session"": ""asia_0309"", ""ZEntry"": 2.75, ""ZEmaBars"": 30, ""NewsBeforeMin"": 60, ""NewsAfterMin"": 15, ""NewsCloseMode"": 2, ""DailyLossPct"": 5.0, ""MaxSpreadPts"": 0}"
-50.0,0.0,0.0,0.0,0.0,100.0,0.0,0.0,0.0,0.0,0.0,"{""EntryMode"": 1, ""EntryTFMin"": 5, ""GridSpacingPts"": 85, ""TP_Pips"": 10.0, ""MaxLayers"": 1, ""Ladder"": ""flat"", ""MaxHoldSec"": 30, ""StopPips"": 25.0, ""MaxBasketRiskPct"": 1.0, ""AddMinSec"": 15, ""Session"": ""asia_0309"", ""ZEntry"": 2.75, ""ZEmaBars"": 30, ""NewsBeforeMin"": 60, ""NewsAfterMin"": 15, ""NewsCloseMode"": 2, ""DailyLossPct"": 5.0, ""MaxSpreadPts"": 0}"
-50.0,0.0,0.0,0.0,0.0,100.0,0.0,0.0,0.0,0.0,0.0,"{""EntryMode"": 1, ""EntryTFMin"": 5, ""GridSpacingPts"": 90, ""TP_Pips"": 10.0, ""MaxLayers"": 1, ""Ladder"": ""flat"", ""MaxHoldSec"": 30, ""StopPips"": 22.0, ""MaxBasketRiskPct"": 1.0, ""AddMinSec"": 15, ""Session"": ""asia_0309"", ""ZEntry"": 2.75, ""ZEmaBars"": 30, ""NewsBeforeMin"": 60, ""NewsAfterMin"": 15, ""NewsCloseMode"": 2, ""DailyLossPct"": 5.0, ""MaxSpreadPts"": 0}"
-50.0,0.0,0.0,0.0,0.0,100.0,0.0,0.0,0.0,0.0,0.0,"{""EntryMode"": 1, ""EntryTFMin"": 5, ""GridSpacingPts"": 30, ""TP_Pips"": 10.0, ""MaxLayers"": 3, ""Ladder"": ""flat"", ""MaxHoldSec"": 120, ""StopPips"": 16.0, ""MaxBasketRiskPct"": 1.0, ""AddMinSec"": 0, ""Session"": ""ny_1519"", ""ZEntry"": 1.5, ""ZEmaBars"": 60, ""NewsBeforeMin"": 30, ""NewsAfterMin"": 15, ""NewsCloseMode"": 0, ""DailyLossPct"": 3.0, ""MaxSpreadPts"": 0}"
-50.0,-3.691749407753908,17.135999999985188,0.0,0.0,82.86400000001481,0.07004152206742076,60.31198540362683,88.0,0.0,3.0,"{""EntryMode"": 1, ""EntryTFMin"": 5, ""GridSpacingPts"": 145, ""TP_Pips"": 5.0, ""MaxLayers"": 1, ""Ladder"": ""step2"", ""MaxHoldSec"": 60, ""StopPips"": 24.0, ""MaxBasketRiskPct"": 3.0, ""AddMinSec"": 60, ""Session"": ""lateny_1923"", ""ZEntry"": 2.25, ""ZEmaBars"": 120, ""NewsBeforeMin"": 30, ""NewsAfterMin"": 15, ""NewsCloseMode"": 0, ""DailyLossPct"": 8.0, ""MaxSpreadPts"": 0}"
-50.0,0.0,0.0,0.0,0.0,100.0,0.0,0.0,0.0,0.0,0.0,"{""EntryMode"": 1, ""EntryTFMin"": 5, ""GridSpacingPts"": 15, ""TP_Pips"": 6.5, ""MaxLayers"": 1, ""Ladder"": ""step1"", ""MaxHoldSec"": 120, ""StopPips"": 29.0, ""MaxBasketRiskPct"": 2.0, ""AddMinSec"": 0, ""Session"": ""asia_0109"", ""ZEntry"": 1.5, ""ZEmaBars"": 30, ""NewsBeforeMin"": 15, ""NewsAfterMin"": 30, ""NewsCloseMode"": 0, ""DailyLossPct"": 5.0, ""MaxSpreadPts"": 0}"
-50.0,0.0,0.0,0.0,0.0,100.0,0.0,0.0,0.0,0.0,0.0,"{""EntryMode"": 1, ""EntryTFMin"": 5, ""GridSpacingPts"": 85, ""TP_Pips"": 11.0, ""MaxLayers"": 1, ""Ladder"": ""step1"", ""MaxHoldSec"": 60, ""StopPips"": 28.0, ""MaxBasketRiskPct"": 2.0, ""AddMinSec"": 30, ""Session"": ""lateny_1923"", ""ZEntry"": 3.0, ""ZEmaBars"": 90, ""NewsBeforeMin"": 15, ""NewsAfterMin"": 30, ""NewsCloseMode"": 2, ""DailyLossPct"": 5.0, ""MaxSpreadPts"": 0}"
-50.0,-2.9242084329967444,18.209749119064504,0.0,0.0,86.21700000002338,0.11391368424151947,1227.5677465403958,76.0,9.0,63.0,"{""EntryMode"": 1, ""EntryTFMin"": 1, ""GridSpacingPts"": 145, ""TP_Pips"": 7.0, ""MaxLayers"": 1, ""Ladder"": ""step2"", ""MaxHoldSec"": 1800, ""StopPips"": 25.0, ""MaxBasketRiskPct"": 3.0, ""AddMinSec"": 60, ""Session"": ""lateny_1923"", ""ZEntry"": 2.25, ""ZEmaBars"": 120, ""NewsBeforeMin"": 15, ""NewsAfterMin"": 30, ""NewsCloseMode"": 0, ""DailyLossPct"": 8.0, ""MaxSpreadPts"": 0}"
-50.0,0.0,0.0,0.0,0.0,100.0,0.0,0.0,0.0,0.0,0.0,"{""EntryMode"": 1, ""EntryTFMin"": 5, ""GridSpacingPts"": 125, ""TP_Pips"": 11.0, ""MaxLayers"": 3, ""Ladder"": ""step1"", ""MaxHoldSec"": 60, ""StopPips"": 30.0, ""MaxBasketRiskPct"": 2.0, ""AddMinSec"": 30, ""Session"": ""lateny_1923"", ""ZEntry"": 2.75, ""ZEmaBars"": 90, ""NewsBeforeMin"": 15, ""NewsAfterMin"": 30, ""NewsCloseMode"": 2, ""DailyLossPct"": 3.0, ""MaxSpreadPts"": 0}"
-50.0,-3.9146660360209307,20.949265081970946,0.0,0.0,81.91000000001766,0.0962108819607428,1019.3530308786362,48.0,10.0,67.0,"{""EntryMode"": 1, ""EntryTFMin"": 1, ""GridSpacingPts"": 35, ""TP_Pips"": 6.5, ""MaxLayers"": 2, ""Ladder"": ""flat"", ""MaxHoldSec"": 1800, ""StopPips"": 24.0, ""MaxBasketRiskPct"": 3.0, ""AddMinSec"": 60, ""Session"": ""lateny_1923"", ""ZEntry"": 1.5, ""ZEmaBars"": 60, ""NewsBeforeMin"": 30, ""NewsAfterMin"": 15, ""NewsCloseMode"": 0, ""DailyLossPct"": 5.0, ""MaxSpreadPts"": 0}"
-50.0,0.0,0.0,0.0,0.0,100.0,0.0,0.0,0.0,0.0,0.0,"{""EntryMode"": 1, ""EntryTFMin"": 5, ""GridSpacingPts"": 75, ""TP_Pips"": 10.5, ""MaxLayers"": 4, ""Ladder"": ""step1"", ""MaxHoldSec"": 60, ""StopPips"": 27.0, ""MaxBasketRiskPct"": 2.0, ""AddMinSec"": 30, ""Session"": ""lateny_1923"", ""ZEntry"": 2.75, ""ZEmaBars"": 90, ""NewsBeforeMin"": 15, ""NewsAfterMin"": 30, ""NewsCloseMode"": 2, ""DailyLossPct"": 3.0, ""MaxSpreadPts"": 0}"
-50.0,-2.6814003719514368,12.714999999997318,0.0,0.0,87.30000000000287,0.03540560456155335,60.0,46.0,0.0,0.0,"{""EntryMode"": 1, ""EntryTFMin"": 5, ""GridSpacingPts"": 95, ""TP_Pips"": 10.0, ""MaxLayers"": 3, ""Ladder"": ""step1"", ""MaxHoldSec"": 60, ""StopPips"": 30.0, ""MaxBasketRiskPct"": 5.0, ""AddMinSec"": 60, ""Session"": ""london_1013"", ""ZEntry"": 2.0, ""ZEmaBars"": 30, ""NewsBeforeMin"": 30, ""NewsAfterMin"": 60, ""NewsCloseMode"": 2, ""DailyLossPct"": 3.0, ""MaxSpreadPts"": 0}"
-50.0,0.0,0.0,0.0,0.0,100.0,0.0,0.0,0.0,0.0,0.0,"{""EntryMode"": 0, ""EntryTFMin"": 5, ""GridSpacingPts"": 15, ""TP_Pips"": 7.0, ""MaxLayers"": 2, ""Ladder"": ""step1"", ""MaxHoldSec"": 600, ""StopPips"": 16.0, ""MaxBasketRiskPct"": 1.0, ""AddMinSec"": 0, ""Session"": ""london_1013"", ""ZEntry"": 1.5, ""ZEmaBars"": 60, ""NewsBeforeMin"": 30, ""NewsAfterMin"": 30, ""NewsCloseMode"": 2, ""DailyLossPct"": 5.0, ""MaxSpreadPts"": 0}"
-50.0,0.0,0.0,0.0,0.0,100.0,0.0,0.0,0.0,0.0,0.0,"{""EntryMode"": 0, ""EntryTFMin"": 5, ""GridSpacingPts"": 15, ""TP_Pips"": 6.5, ""MaxLayers"": 2, ""Ladder"": ""step1"", ""MaxHoldSec"": 600, ""StopPips"": 15.0, ""MaxBasketRiskPct"": 1.0, ""AddMinSec"": 0, ""Session"": ""london_1013"", ""ZEntry"": 2.25, ""ZEmaBars"": 60, ""NewsBeforeMin"": 30, ""NewsAfterMin"": 30, ""NewsCloseMode"": 2, ""DailyLossPct"": 5.0, ""MaxSpreadPts"": 0}"
-50.0,0.0,0.0,0.0,0.0,100.0,0.0,0.0,0.0,0.0,0.0,"{""EntryMode"": 1, ""EntryTFMin"": 5, ""GridSpacingPts"": 45, ""TP_Pips"": 14.5, ""MaxLayers"": 3, ""Ladder"": ""step1"", ""MaxHoldSec"": 300, ""StopPips"": 30.0, ""MaxBasketRiskPct"": 1.0, ""AddMinSec"": 60, ""Session"": ""asia_0309"", ""ZEntry"": 3.0, ""ZEmaBars"": 30, ""NewsBeforeMin"": 30, ""NewsAfterMin"": 15, ""NewsCloseMode"": 0, ""DailyLossPct"": 5.0, ""MaxSpreadPts"": 10}"
-50.0,0.0,0.0,0.0,0.0,100.0,0.0,0.0,0.0,0.0,0.0,"{""EntryMode"": 1, ""EntryTFMin"": 5, ""GridSpacingPts"": 35, ""TP_Pips"": 10.5, ""MaxLayers"": 3, ""Ladder"": ""flat"", ""MaxHoldSec"": 120, ""StopPips"": 17.0, ""MaxBasketRiskPct"": 1.0, ""AddMinSec"": 0, ""Session"": ""ny_1519"", ""ZEntry"": 1.25, ""ZEmaBars"": 60, ""NewsBeforeMin"": 30, ""NewsAfterMin"": 15, ""NewsCloseMode"": 0, ""DailyLossPct"": 3.0, ""MaxSpreadPts"": 0}"
-50.0,-3.54080889502969,18.31951420051287,0.0,0.0,83.5150000000091,0.05926590328781756,752.057038718462,56.0,9.0,12.0,"{""EntryMode"": 1, ""EntryTFMin"": 5, ""GridSpacingPts"": 15, ""TP_Pips"": 11.5, ""MaxLayers"": 3, ""Ladder"": ""step1"", ""MaxHoldSec"": 900, ""StopPips"": 22.0, ""MaxBasketRiskPct"": 5.0, ""AddMinSec"": 0, ""Session"": ""lateny_1923"", ""ZEntry"": 2.5, ""ZEmaBars"": 90, ""NewsBeforeMin"": 30, ""NewsAfterMin"": 60, ""NewsCloseMode"": 2, ""DailyLossPct"": 8.0, ""MaxSpreadPts"": 10}"
-50.0,0.0,0.0,0.0,0.0,100.0,0.0,0.0,0.0,0.0,0.0,"{""EntryMode"": 0, ""EntryTFMin"": 1, ""GridSpacingPts"": 20, ""TP_Pips"": 7.0, ""MaxLayers"": 5, ""Ladder"": ""step2"", ""MaxHoldSec"": 60, ""StopPips"": 23.0, ""MaxBasketRiskPct"": 1.0, ""AddMinSec"": 0, ""Session"": ""london_1013"", ""ZEntry"": 3.0, ""ZEmaBars"": 90, ""NewsBeforeMin"": 60, ""NewsAfterMin"": 30, ""NewsCloseMode"": 0, ""DailyLossPct"": 8.0, ""MaxSpreadPts"": 10}"
-50.0,-1.6242053234726939,10.012207627323237,0.0,0.0,92.14300000000422,0.01924217639214856,1045.5434687393054,9.0,3.0,13.0,"{""EntryMode"": 1, ""EntryTFMin"": 1, ""GridSpacingPts"": 125, ""TP_Pips"": 5.5, ""MaxLayers"": 1, ""Ladder"": ""step1"", ""MaxHoldSec"": 1800, ""StopPips"": 27.0, ""MaxBasketRiskPct"": 3.0, ""AddMinSec"": 60, ""Session"": ""lateny_1923"", ""ZEntry"": 2.75, ""ZEmaBars"": 120, ""NewsBeforeMin"": 30, ""NewsAfterMin"": 15, ""NewsCloseMode"": 0, ""DailyLossPct"": 8.0, ""MaxSpreadPts"": 0}"
-50.0,0.0,0.0,0.0,0.0,100.0,0.0,0.0,0.0,0.0,0.0,"{""EntryMode"": 1, ""EntryTFMin"": 5, ""GridSpacingPts"": 20, ""TP_Pips"": 10.0, ""MaxLayers"": 2, ""Ladder"": ""step1"", ""MaxHoldSec"": 120, ""StopPips"": 30.0, ""MaxBasketRiskPct"": 2.0, ""AddMinSec"": 0, ""Session"": ""asia_0109"", ""ZEntry"": 1.5, ""ZEmaBars"": 30, ""NewsBeforeMin"": 15, ""NewsAfterMin"": 30, ""NewsCloseMode"": 2, ""DailyLossPct"": 5.0, ""MaxSpreadPts"": 0}"
-50.0,0.0,0.0,0.0,0.0,100.0,0.0,0.0,0.0,0.0,0.0,"{""EntryMode"": 0, ""EntryTFMin"": 1, ""GridSpacingPts"": 125, ""TP_Pips"": 6.5, ""MaxLayers"": 1, ""Ladder"": ""step2"", ""MaxHoldSec"": 30, ""StopPips"": 10.0, ""MaxBasketRiskPct"": 1.0, ""AddMinSec"": 0, ""Session"": ""lateny_1923"", ""ZEntry"": 2.75, ""ZEmaBars"": 90, ""NewsBeforeMin"": 15, ""NewsAfterMin"": 30, ""NewsCloseMode"": 0, ""DailyLossPct"": 3.0, ""MaxSpreadPts"": 10}"
-50.0,-0.35877443990448565,2.2504356484936223,0.0,0.0,98.22000000000048,0.002309061167057827,456.9790981610616,1.0,2.0,0.0,"{""EntryMode"": 1, ""EntryTFMin"": 5, ""GridSpacingPts"": 120, ""TP_Pips"": 8.0, ""MaxLayers"": 5, ""Ladder"": ""step2"", ""MaxHoldSec"": 900, ""StopPips"": 9.0, ""MaxBasketRiskPct"": 1.0, ""AddMinSec"": 30, ""Session"": ""london_1013"", ""ZEntry"": 1.25, ""ZEmaBars"": 30, ""NewsBeforeMin"": 30, ""NewsAfterMin"": 60, ""NewsCloseMode"": 0, ""DailyLossPct"": 3.0, ""MaxSpreadPts"": 10}"
-50.0,0.0,0.0,0.0,0.0,100.0,0.0,0.0,0.0,0.0,0.0,"{""EntryMode"": 0, ""EntryTFMin"": 1, ""GridSpacingPts"": 125, ""TP_Pips"": 2.0, ""MaxLayers"": 1, ""Ladder"": ""step2"", ""MaxHoldSec"": 30, ""StopPips"": 10.0, ""MaxBasketRiskPct"": 1.0, ""AddMinSec"": 0, ""Session"": ""lateny_1923"", ""ZEntry"": 2.5, ""ZEmaBars"": 90, ""NewsBeforeMin"": 15, ""NewsAfterMin"": 30, ""NewsCloseMode"": 0, ""DailyLossPct"": 3.0, ""MaxSpreadPts"": 10}"
-50.0,-0.07274875666982705,1.2736698607922414,0.0,0.0,99.63700000000041,0.0015393741113718848,1422.3979278405507,1.0,0.0,1.0,"{""EntryMode"": 1, ""EntryTFMin"": 1, ""GridSpacingPts"": 125, ""TP_Pips"": 5.5, ""MaxLayers"": 1, ""Ladder"": ""step1"", ""MaxHoldSec"": 1800, ""StopPips"": 29.0, ""MaxBasketRiskPct"": 3.0, ""AddMinSec"": 60, ""Session"": ""lateny_1923"", ""ZEntry"": 2.0, ""ZEmaBars"": 120, ""NewsBeforeMin"": 30, ""NewsAfterMin"": 15, ""NewsCloseMode"": 0, ""DailyLossPct"": 8.0, ""MaxSpreadPts"": 0}"
-50.0,-3.432648995488574,17.715095592526954,0.0,0.0,83.98400000000902,0.05926590328781756,742.5117698311805,53.0,10.0,14.0,"{""EntryMode"": 1, ""EntryTFMin"": 5, ""GridSpacingPts"": 15, ""TP_Pips"": 11.0, ""MaxLayers"": 4, ""Ladder"": ""step1"", ""MaxHoldSec"": 900, ""StopPips"": 21.0, ""MaxBasketRiskPct"": 5.0, ""AddMinSec"": 0, ""Session"": ""lateny_1923"", ""ZEntry"": 2.5, ""ZEmaBars"": 90, ""NewsBeforeMin"": 30, ""NewsAfterMin"": 60, ""NewsCloseMode"": 2, ""DailyLossPct"": 8.0, ""MaxSpreadPts"": 10}"
-50.0,-4.176663645280543,20.956336844185035,0.0,0.0,80.80000000000219,0.05541746800938785,743.1768340832659,49.0,17.0,6.0,"{""EntryMode"": 1, ""EntryTFMin"": 1, ""GridSpacingPts"": 35, ""TP_Pips"": 11.0, ""MaxLayers"": 6, ""Ladder"": ""step1"", ""MaxHoldSec"": 900, ""StopPips"": 13.0, ""MaxBasketRiskPct"": 3.0, ""AddMinSec"": 0, ""Session"": ""london_1013"", ""ZEntry"": 2.75, ""ZEmaBars"": 60, ""NewsBeforeMin"": 30, ""NewsAfterMin"": 15, ""NewsCloseMode"": 2, ""DailyLossPct"": 5.0, ""MaxSpreadPts"": 10}"
-50.0,0.0,0.0,0.0,0.0,100.0,0.0,0.0,0.0,0.0,0.0,"{""EntryMode"": 1, ""EntryTFMin"": 5, ""GridSpacingPts"": 15, ""TP_Pips"": 8.5, ""MaxLayers"": 2, ""Ladder"": ""step1"", ""MaxHoldSec"": 120, ""StopPips"": 29.0, ""MaxBasketRiskPct"": 2.0, ""AddMinSec"": 0, ""Session"": ""asia_0109"", ""ZEntry"": 2.0, ""ZEmaBars"": 30, ""NewsBeforeMin"": 15, ""NewsAfterMin"": 30, ""NewsCloseMode"": 2, ""DailyLossPct"": 5.0, ""MaxSpreadPts"": 0}"
-50.0,0.0,0.0,0.0,0.0,100.0,0.0,0.0,0.0,0.0,0.0,"{""EntryMode"": 1, ""EntryTFMin"": 1, ""GridSpacingPts"": 40, ""TP_Pips"": 2.5, ""MaxLayers"": 2, ""Ladder"": ""flat"", ""MaxHoldSec"": 60, ""StopPips"": 30.0, ""MaxBasketRiskPct"": 1.0, ""AddMinSec"": 30, ""Session"": ""asia_0109"", ""ZEntry"": 2.0, ""ZEmaBars"": 120, ""NewsBeforeMin"": 60, ""NewsAfterMin"": 60, ""NewsCloseMode"": 2, ""DailyLossPct"": 8.0, ""MaxSpreadPts"": 10}"
-50.0,-0.17350307851172753,5.83932187239302,0.0,0.0,99.13600000000282,0.01924217639214856,710.5783355045319,15.0,4.0,6.0,"{""EntryMode"": 1, ""EntryTFMin"": 5, ""GridSpacingPts"": 25, ""TP_Pips"": 12.5, ""MaxLayers"": 4, ""Ladder"": ""step1"", ""MaxHoldSec"": 900, ""StopPips"": 20.0, ""MaxBasketRiskPct"": 5.0, ""AddMinSec"": 0, ""Session"": ""lateny_1923"", ""ZEntry"": 2.75, ""ZEmaBars"": 90, ""NewsBeforeMin"": 30, ""NewsAfterMin"": 60, ""NewsCloseMode"": 2, ""DailyLossPct"": 8.0, ""MaxSpreadPts"": 10}"
-50.0,0.0,0.0,0.0,0.0,100.0,0.0,0.0,0.0,0.0,0.0,"{""EntryMode"": 1, ""EntryTFMin"": 5, ""GridSpacingPts"": 105, ""TP_Pips"": 8.0, ""MaxLayers"": 3, ""Ladder"": ""step2"", ""MaxHoldSec"": 900, ""StopPips"": 10.0, ""MaxBasketRiskPct"": 1.0, ""AddMinSec"": 30, ""Session"": ""london_1013"", ""ZEntry"": 1.0, ""ZEmaBars"": 30, ""NewsBeforeMin"": 30, ""NewsAfterMin"": 60, ""NewsCloseMode"": 0, ""DailyLossPct"": 3.0, ""MaxSpreadPts"": 10}"
-50.0,-2.310129399265315,14.921355228228464,0.0,0.0,88.97700000002004,0.11006524896308977,959.129980227094,47.0,4.0,92.0,"{""EntryMode"": 1, ""EntryTFMin"": 1, ""GridSpacingPts"": 130, ""TP_Pips"": 5.0, ""MaxLayers"": 2, ""Ladder"": ""step1"", ""MaxHoldSec"": 1800, ""StopPips"": 26.0, ""MaxBasketRiskPct"": 3.0, ""AddMinSec"": 60, ""Session"": ""lateny_1923"", ""ZEntry"": 1.75, ""ZEmaBars"": 120, ""NewsBeforeMin"": 30, ""NewsAfterMin"": 15, ""NewsCloseMode"": 0, ""DailyLossPct"": 8.0, ""MaxSpreadPts"": 0}"
-50.0,-2.070064455968157,11.514419028557482,0.0,0.0,90.0750000000033,0.025399672837636098,1343.1922012598086,22.0,8.0,3.0,"{""EntryMode"": 1, ""EntryTFMin"": 5, ""GridSpacingPts"": 120, ""TP_Pips"": 11.0, ""MaxLayers"": 6, ""Ladder"": ""flat"", ""MaxHoldSec"": 1800, ""StopPips"": 12.0, ""MaxBasketRiskPct"": 3.0, ""AddMinSec"": 15, ""Session"": ""asia_0309"", ""ZEntry"": 2.5, ""ZEmaBars"": 60, ""NewsBeforeMin"": 30, ""NewsAfterMin"": 60, ""NewsCloseMode"": 0, ""DailyLossPct"": 3.0, ""MaxSpreadPts"": 0}"
-50.0,0.0,0.0,0.0,0.0,100.0,0.0,0.0,0.0,0.0,0.0,"{""EntryMode"": 1, ""EntryTFMin"": 1, ""GridSpacingPts"": 30, ""TP_Pips"": 1.0, ""MaxLayers"": 4, ""Ladder"": ""flat"", ""MaxHoldSec"": 60, ""StopPips"": 30.0, ""MaxBasketRiskPct"": 1.0, ""AddMinSec"": 30, ""Session"": ""asia_0109"", ""ZEntry"": 2.0, ""ZEmaBars"": 120, ""NewsBeforeMin"": 60, ""NewsAfterMin"": 60, ""NewsCloseMode"": 2, ""DailyLossPct"": 8.0, ""MaxSpreadPts"": 10}"
-50.0,-2.222619998999209,18.033756131798523,0.0,0.0,89.37600000001764,0.08312620201408177,1024.3163795018,40.0,4.0,64.0,"{""EntryMode"": 1, ""EntryTFMin"": 1, ""GridSpacingPts"": 135, ""TP_Pips"": 5.5, ""MaxLayers"": 3, ""Ladder"": ""step1"", ""MaxHoldSec"": 1800, ""StopPips"": 26.0, ""MaxBasketRiskPct"": 3.0, ""AddMinSec"": 60, ""Session"": ""lateny_1923"", ""ZEntry"": 2.0, ""ZEmaBars"": 120, ""NewsBeforeMin"": 30, ""NewsAfterMin"": 15, ""NewsCloseMode"": 0, ""DailyLossPct"": 8.0, ""MaxSpreadPts"": 0}"
-50.0,0.0,0.0,0.0,0.0,100.0,0.0,0.0,0.0,0.0,0.0,"{""EntryMode"": 1, ""EntryTFMin"": 5, ""GridSpacingPts"": 10, ""TP_Pips"": 4.5, ""MaxLayers"": 5, ""Ladder"": ""step1"", ""MaxHoldSec"": 120, ""StopPips"": 29.0, ""MaxBasketRiskPct"": 2.0, ""AddMinSec"": 0, ""Session"": ""asia_0109"", ""ZEntry"": 1.5, ""ZEmaBars"": 30, ""NewsBeforeMin"": 15, ""NewsAfterMin"": 30, ""NewsCloseMode"": 2, ""DailyLossPct"": 5.0, ""MaxSpreadPts"": 0}"
-50.0,0.0,0.0,0.0,0.0,100.0,0.0,0.0,0.0,0.0,0.0,"{""EntryMode"": 1, ""EntryTFMin"": 5, ""GridSpacingPts"": 15, ""TP_Pips"": 9.0, ""MaxLayers"": 5, ""Ladder"": ""step1"", ""MaxHoldSec"": 120, ""StopPips"": 29.0, ""MaxBasketRiskPct"": 2.0, ""AddMinSec"": 0, ""Session"": ""asia_0109"", ""ZEntry"": 1.75, ""ZEmaBars"": 30, ""NewsBeforeMin"": 15, ""NewsAfterMin"": 30, ""NewsCloseMode"": 2, ""DailyLossPct"": 5.0, ""MaxSpreadPts"": 0}"
-50.0,-2.290108400343882,11.352913660111495,0.0,0.0,89.06816000000326,0.05310840684233002,733.2140901659576,17.0,5.0,47.0,"{""EntryMode"": 1, ""EntryTFMin"": 1, ""GridSpacingPts"": 150, ""TP_Pips"": 4.5, ""MaxLayers"": 1, ""Ladder"": ""step2"", ""MaxHoldSec"": 1800, ""StopPips"": 26.0, ""MaxBasketRiskPct"": 3.0, ""AddMinSec"": 60, ""Session"": ""allday_0123"", ""ZEntry"": 2.25, ""ZEmaBars"": 120, ""NewsBeforeMin"": 30, ""NewsAfterMin"": 15, ""NewsCloseMode"": 0, ""DailyLossPct"": 8.0, ""MaxSpreadPts"": 0}"
-50.0,-2.9758623046248767,18.633474779649998,0.0,0.0,85.98800000002292,0.12314992890975078,1129.3215459755486,69.0,9.0,82.0,"{""EntryMode"": 1, ""EntryTFMin"": 1, ""GridSpacingPts"": 150, ""TP_Pips"": 6.0, ""MaxLayers"": 1, ""Ladder"": ""step2"", ""MaxHoldSec"": 1800, ""StopPips"": 25.0, ""MaxBasketRiskPct"": 3.0, ""AddMinSec"": 60, ""Session"": ""lateny_1923"", ""ZEntry"": 2.25, ""ZEmaBars"": 120, ""NewsBeforeMin"": 30, ""NewsAfterMin"": 15, ""NewsCloseMode"": 0, ""DailyLossPct"": 8.0, ""MaxSpreadPts"": 0}"
-50.0,-0.5667144866991602,2.88499999999938,0.0,0.0,97.20000000000053,0.010005931723917252,60.0,13.0,0.0,0.0,"{""EntryMode"": 1, ""EntryTFMin"": 5, ""GridSpacingPts"": 100, ""TP_Pips"": 10.5, ""MaxLayers"": 2, ""Ladder"": ""step1"", ""MaxHoldSec"": 60, ""StopPips"": 27.0, ""MaxBasketRiskPct"": 5.0, ""AddMinSec"": 60, ""Session"": ""london_1013"", ""ZEntry"": 2.25, ""ZEmaBars"": 30, ""NewsBeforeMin"": 30, ""NewsAfterMin"": 60, ""NewsCloseMode"": 2, ""DailyLossPct"": 3.0, ""MaxSpreadPts"": 0}"
-50.0,0.0,0.0,0.0,0.0,100.0,0.0,0.0,0.0,0.0,0.0,"{""EntryMode"": 0, ""EntryTFMin"": 5, ""GridSpacingPts"": 30, ""TP_Pips"": 5.0, ""MaxLayers"": 3, ""Ladder"": ""step1"", ""MaxHoldSec"": 600, ""StopPips"": 15.0, ""MaxBasketRiskPct"": 1.0, ""AddMinSec"": 0, ""Session"": ""london_1013"", ""ZEntry"": 1.75, ""ZEmaBars"": 60, ""NewsBeforeMin"": 30, ""NewsAfterMin"": 30, ""NewsCloseMode"": 2, ""DailyLossPct"": 5.0, ""MaxSpreadPts"": 0}"
-50.0,0.0,0.0,0.0,0.0,100.0,0.0,0.0,0.0,0.0,0.0,"{""EntryMode"": 1, ""EntryTFMin"": 5, ""GridSpacingPts"": 105, ""TP_Pips"": 7.5, ""MaxLayers"": 4, ""Ladder"": ""step2"", ""MaxHoldSec"": 900, ""StopPips"": 10.0, ""MaxBasketRiskPct"": 1.0, ""AddMinSec"": 30, ""Session"": ""london_1013"", ""ZEntry"": 1.75, ""ZEmaBars"": 30, ""NewsBeforeMin"": 30, ""NewsAfterMin"": 60, ""NewsCloseMode"": 0, ""DailyLossPct"": 3.0, ""MaxSpreadPts"": 10}"
-50.0,-0.10427878378737043,0.5199999999999534,0.0,0.0,99.48000000000005,0.0030787482227437697,60.0,4.0,0.0,0.0,"{""EntryMode"": 0, ""EntryTFMin"": 1, ""GridSpacingPts"": 10, ""TP_Pips"": 4.5, ""MaxLayers"": 2, ""Ladder"": ""step1"", ""MaxHoldSec"": 60, ""StopPips"": 19.0, ""MaxBasketRiskPct"": 2.0, ""AddMinSec"": 30, ""Session"": ""london_1013"", ""ZEntry"": 3.0, ""ZEmaBars"": 60, ""NewsBeforeMin"": 60, ""NewsAfterMin"": 60, ""NewsCloseMode"": 0, ""DailyLossPct"": 3.0, ""MaxSpreadPts"": 0}"
-50.0,0.0,0.0,0.0,0.0,100.0,0.0,0.0,0.0,0.0,0.0,"{""EntryMode"": 0, ""EntryTFMin"": 1, ""GridSpacingPts"": 20, ""TP_Pips"": 7.0, ""MaxLayers"": 6, ""Ladder"": ""step2"", ""MaxHoldSec"": 60, ""StopPips"": 25.0, ""MaxBasketRiskPct"": 1.0, ""AddMinSec"": 60, ""Session"": ""allday_0123"", ""ZEntry"": 3.0, ""ZEmaBars"": 90, ""NewsBeforeMin"": 60, ""NewsAfterMin"": 30, ""NewsCloseMode"": 0, ""DailyLossPct"": 8.0, ""MaxSpreadPts"": 10}"
-50.0,-3.9851947645112684,21.72528558135154,0.0,0.0,81.61000000002942,0.15547678524856037,1099.4135356969666,84.0,16.0,102.0,"{""EntryMode"": 1, ""EntryTFMin"": 1, ""GridSpacingPts"": 110, ""TP_Pips"": 6.5, ""MaxLayers"": 1, ""Ladder"": ""step1"", ""MaxHoldSec"": 1800, ""StopPips"": 24.0, ""MaxBasketRiskPct"": 3.0, ""AddMinSec"": 60, ""Session"": ""lateny_1923"", ""ZEntry"": 2.25, ""ZEmaBars"": 120, ""NewsBeforeMin"": 30, ""NewsAfterMin"": 15, ""NewsCloseMode"": 0, ""DailyLossPct"": 8.0, ""MaxSpreadPts"": 0}"
-50.0,-3.6938427802114093,20.017955054420465,0.0,0.0,82.8550000000276,0.17317958752933704,844.2573054857221,58.0,15.0,152.0,"{""EntryMode"": 1, ""EntryTFMin"": 1, ""GridSpacingPts"": 130, ""TP_Pips"": 4.5, ""MaxLayers"": 1, ""Ladder"": ""step1"", ""MaxHoldSec"": 1800, ""StopPips"": 24.0, ""MaxBasketRiskPct"": 3.0, ""AddMinSec"": 60, ""Session"": ""lateny_1923"", ""ZEntry"": 2.25, ""ZEmaBars"": 120, ""NewsBeforeMin"": 30, ""NewsAfterMin"": 15, ""NewsCloseMode"": 0, ""DailyLossPct"": 8.0, ""MaxSpreadPts"": 0}"
-50.0,-4.688391680891934,21.744166326777318,0.0,0.0,78.6666768000074,0.10852587485171787,827.1395424661181,34.0,15.0,92.0,"{""EntryMode"": 1, ""EntryTFMin"": 1, ""GridSpacingPts"": 120, ""TP_Pips"": 5.0, ""MaxLayers"": 1, ""Ladder"": ""step1"", ""MaxHoldSec"": 1800, ""StopPips"": 23.0, ""MaxBasketRiskPct"": 3.0, ""AddMinSec"": 60, ""Session"": ""allday_0123"", ""ZEntry"": 2.25, ""ZEmaBars"": 120, ""NewsBeforeMin"": 30, ""NewsAfterMin"": 15, ""NewsCloseMode"": 0, ""DailyLossPct"": 8.0, ""MaxSpreadPts"": 0}"
-50.0,-4.694481705683751,21.4487714128695,0.0,0.0,78.64156250000578,0.03925403983998306,1348.2329362545695,32.0,3.0,16.0,"{""EntryMode"": 1, ""EntryTFMin"": 1, ""GridSpacingPts"": 125, ""TP_Pips"": 6.0, ""MaxLayers"": 1, ""Ladder"": ""step1"", ""MaxHoldSec"": 1800, ""StopPips"": 23.0, ""MaxBasketRiskPct"": 3.0, ""AddMinSec"": 60, ""Session"": ""asia_0109"", ""ZEntry"": 2.25, ""ZEmaBars"": 120, ""NewsBeforeMin"": 30, ""NewsAfterMin"": 15, ""NewsCloseMode"": 0, ""DailyLossPct"": 5.0, ""MaxSpreadPts"": 0}"
-50.0,-3.3039049928560327,18.654325382673314,0.0,0.0,84.54500000002876,0.1685614651952214,918.3085151429935,65.0,14.0,140.0,"{""EntryMode"": 1, ""EntryTFMin"": 1, ""GridSpacingPts"": 115, ""TP_Pips"": 5.0, ""MaxLayers"": 3, ""Ladder"": ""step1"", ""MaxHoldSec"": 1800, ""StopPips"": 25.0, ""MaxBasketRiskPct"": 3.0, ""AddMinSec"": 60, ""Session"": ""lateny_1923"", ""ZEntry"": 2.25, ""ZEmaBars"": 120, ""NewsBeforeMin"": 30, ""NewsAfterMin"": 15, ""NewsCloseMode"": 0, ""DailyLossPct"": 8.0, ""MaxSpreadPts"": 0}"
-50.0,0.0,0.0,0.0,0.0,100.0,0.0,0.0,0.0,0.0,0.0,"{""EntryMode"": 1, ""EntryTFMin"": 5, ""GridSpacingPts"": 100, ""TP_Pips"": 9.5, ""MaxLayers"": 1, ""Ladder"": ""flat"", ""MaxHoldSec"": 30, ""StopPips"": 20.0, ""MaxBasketRiskPct"": 1.0, ""AddMinSec"": 15, ""Session"": ""asia_0309"", ""ZEntry"": 3.0, ""ZEmaBars"": 30, ""NewsBeforeMin"": 60, ""NewsAfterMin"": 15, ""NewsCloseMode"": 2, ""DailyLossPct"": 5.0, ""MaxSpreadPts"": 0}"
-50.0,0.0,0.0,0.0,0.0,100.0,0.0,0.0,0.0,0.0,0.0,"{""EntryMode"": 1, ""EntryTFMin"": 5, ""GridSpacingPts"": 75, ""TP_Pips"": 10.5, ""MaxLayers"": 2, ""Ladder"": ""step1"", ""MaxHoldSec"": 60, ""StopPips"": 30.0, ""MaxBasketRiskPct"": 2.0, ""AddMinSec"": 30, ""Session"": ""lateny_1923"", ""ZEntry"": 3.0, ""ZEmaBars"": 90, ""NewsBeforeMin"": 15, ""NewsAfterMin"": 30, ""NewsCloseMode"": 2, ""DailyLossPct"": 3.0, ""MaxSpreadPts"": 0}"
-50.0,-2.551022476327325,13.32123882337332,0.0,0.0,87.88600000000478,0.03848435278429712,767.1800515937807,15.0,6.0,29.0,"{""EntryMode"": 1, ""EntryTFMin"": 1, ""GridSpacingPts"": 140, ""TP_Pips"": 5.5, ""MaxLayers"": 1, ""Ladder"": ""step1"", ""MaxHoldSec"": 1800, ""StopPips"": 23.0, ""MaxBasketRiskPct"": 3.0, ""AddMinSec"": 60, ""Session"": ""lateny_1923"", ""ZEntry"": 2.0, ""ZEmaBars"": 30, ""NewsBeforeMin"": 30, ""NewsAfterMin"": 15, ""NewsCloseMode"": 0, ""DailyLossPct"": 8.0, ""MaxSpreadPts"": 0}"
-50.0,0.0,0.0,0.0,0.0,100.0,0.0,0.0,0.0,0.0,0.0,"{""EntryMode"": 1, ""EntryTFMin"": 5, ""GridSpacingPts"": 110, ""TP_Pips"": 11.0, ""MaxLayers"": 2, ""Ladder"": ""step1"", ""MaxHoldSec"": 60, ""StopPips"": 30.0, ""MaxBasketRiskPct"": 2.0, ""AddMinSec"": 30, ""Session"": ""lateny_1923"", ""ZEntry"": 2.25, ""ZEmaBars"": 90, ""NewsBeforeMin"": 15, ""NewsAfterMin"": 30, ""NewsCloseMode"": 2, ""DailyLossPct"": 3.0, ""MaxSpreadPts"": 0}"
-50.0,0.0,0.0,0.0,0.0,100.0,0.0,0.0,0.0,0.0,0.0,"{""EntryMode"": 0, ""EntryTFMin"": 5, ""GridSpacingPts"": 85, ""TP_Pips"": 0.5, ""MaxLayers"": 1, ""Ladder"": ""flat"", ""MaxHoldSec"": 1800, ""StopPips"": 17.0, ""MaxBasketRiskPct"": 1.0, ""AddMinSec"": 0, ""Session"": ""lateny_1923"", ""ZEntry"": 2.75, ""ZEmaBars"": 60, ""NewsBeforeMin"": 15, ""NewsAfterMin"": 15, ""NewsCloseMode"": 2, ""DailyLossPct"": 5.0, ""MaxSpreadPts"": 0}"
-50.0,0.0,0.0,0.0,0.0,100.0,0.0,0.0,0.0,0.0,0.0,"{""EntryMode"": 1, ""EntryTFMin"": 5, ""GridSpacingPts"": 65, ""TP_Pips"": 10.0, ""MaxLayers"": 2, ""Ladder"": ""step1"", ""MaxHoldSec"": 60, ""StopPips"": 27.0, ""MaxBasketRiskPct"": 2.0, ""AddMinSec"": 30, ""Session"": ""lateny_1923"", ""ZEntry"": 2.75, ""ZEmaBars"": 90, ""NewsBeforeMin"": 15, ""NewsAfterMin"": 30, ""NewsCloseMode"": 2, ""DailyLossPct"": 3.0, ""MaxSpreadPts"": 0}"
-50.0,0.0,0.0,0.0,0.0,100.0,0.0,0.0,0.0,0.0,0.0,"{""EntryMode"": 0, ""EntryTFMin"": 5, ""GridSpacingPts"": 80, ""TP_Pips"": 2.5, ""MaxLayers"": 1, ""Ladder"": ""flat"", ""MaxHoldSec"": 1800, ""StopPips"": 18.0, ""MaxBasketRiskPct"": 1.0, ""AddMinSec"": 0, ""Session"": ""lateny_1923"", ""ZEntry"": 2.5, ""ZEmaBars"": 60, ""NewsBeforeMin"": 15, ""NewsAfterMin"": 15, ""NewsCloseMode"": 2, ""DailyLossPct"": 5.0, ""MaxSpreadPts"": 0}"
-50.0,-0.21464550029127727,1.067999999997312,0.0,0.0,98.93200000000269,0.006157496445487539,33.12880748510361,8.0,0.0,0.0,"{""EntryMode"": 0, ""EntryTFMin"": 1, ""GridSpacingPts"": 120, ""TP_Pips"": 1.0, ""MaxLayers"": 1, ""Ladder"": ""step2"", ""MaxHoldSec"": 30, ""StopPips"": 9.0, ""MaxBasketRiskPct"": 1.0, ""AddMinSec"": 0, ""Session"": ""lateny_1923"", ""ZEntry"": 2.75, ""ZEmaBars"": 90, ""NewsBeforeMin"": 15, ""NewsAfterMin"": 30, ""NewsCloseMode"": 0, ""DailyLossPct"": 3.0, ""MaxSpreadPts"": 10}"
-50.0,0.0,0.0,0.0,0.0,100.0,0.0,0.0,0.0,0.0,0.0,"{""EntryMode"": 1, ""EntryTFMin"": 5, ""GridSpacingPts"": 40, ""TP_Pips"": 9.5, ""MaxLayers"": 3, ""Ladder"": ""flat"", ""MaxHoldSec"": 120, ""StopPips"": 19.0, ""MaxBasketRiskPct"": 1.0, ""AddMinSec"": 0, ""Session"": ""ny_1519"", ""ZEntry"": 1.5, ""ZEmaBars"": 60, ""NewsBeforeMin"": 30, ""NewsAfterMin"": 15, ""NewsCloseMode"": 0, ""DailyLossPct"": 3.0, ""MaxSpreadPts"": 0}"
-50.0,0.0,0.0,0.0,0.0,100.0,0.0,0.0,0.0,0.0,0.0,"{""EntryMode"": 0, ""EntryTFMin"": 1, ""GridSpacingPts"": 120, ""TP_Pips"": 11.5, ""MaxLayers"": 2, ""Ladder"": ""step1"", ""MaxHoldSec"": 120, ""StopPips"": 18.0, ""MaxBasketRiskPct"": 1.0, ""AddMinSec"": 0, ""Session"": ""allday_0123"", ""ZEntry"": 3.0, ""ZEmaBars"": 30, ""NewsBeforeMin"": 30, ""NewsAfterMin"": 30, ""NewsCloseMode"": 0, ""DailyLossPct"": 8.0, ""MaxSpreadPts"": 10}"
-50.0,0.0,0.0,0.0,0.0,100.0,0.0,0.0,0.0,0.0,0.0,"{""EntryMode"": 1, ""EntryTFMin"": 5, ""GridSpacingPts"": 25, ""TP_Pips"": 10.5, ""MaxLayers"": 2, ""Ladder"": ""step1"", ""MaxHoldSec"": 60, ""StopPips"": 27.0, ""MaxBasketRiskPct"": 2.0, ""AddMinSec"": 30, ""Session"": ""lateny_1923"", ""ZEntry"": 2.75, ""ZEmaBars"": 90, ""NewsBeforeMin"": 15, ""NewsAfterMin"": 30, ""NewsCloseMode"": 2, ""DailyLossPct"": 3.0, ""MaxSpreadPts"": 0}"
-50.0,0.0,0.0,0.0,0.0,100.0,0.0,0.0,0.0,0.0,0.0,"{""EntryMode"": 1, ""EntryTFMin"": 5, ""GridSpacingPts"": 75, ""TP_Pips"": 14.5, ""MaxLayers"": 1, ""Ladder"": ""step1"", ""MaxHoldSec"": 300, ""StopPips"": 30.0, ""MaxBasketRiskPct"": 1.0, ""AddMinSec"": 60, ""Session"": ""asia_0309"", ""ZEntry"": 3.0, ""ZEmaBars"": 30, ""NewsBeforeMin"": 30, ""NewsAfterMin"": 15, ""NewsCloseMode"": 0, ""DailyLossPct"": 5.0, ""MaxSpreadPts"": 10}"
-50.0,-4.630193655637416,22.83829875067458,0.0,0.0,78.90700000002921,0.15855553347130413,965.9175307653609,71.0,16.0,119.0,"{""EntryMode"": 1, ""EntryTFMin"": 1, ""GridSpacingPts"": 110, ""TP_Pips"": 5.5, ""MaxLayers"": 1, ""Ladder"": ""step1"", ""MaxHoldSec"": 1800, ""StopPips"": 23.0, ""MaxBasketRiskPct"": 3.0, ""AddMinSec"": 60, ""Session"": ""lateny_1923"", ""ZEntry"": 2.5, ""ZEmaBars"": 120, ""NewsBeforeMin"": 30, ""NewsAfterMin"": 15, ""NewsCloseMode"": 0, ""DailyLossPct"": 8.0, ""MaxSpreadPts"": 10}"
-50.0,-4.521946049968295,22.793858966350406,0.0,0.0,79.35556000002762,0.17702802280776675,895.9784421279244,70.0,8.0,152.0,"{""EntryMode"": 1, ""EntryTFMin"": 1, ""GridSpacingPts"": 150, ""TP_Pips"": 4.5, ""MaxLayers"": 1, ""Ladder"": ""step1"", ""MaxHoldSec"": 1800, ""StopPips"": 23.0, ""MaxBasketRiskPct"": 3.0, ""AddMinSec"": 60, ""Session"": ""lateny_1923"", ""ZEntry"": 1.5, ""ZEmaBars"": 120, ""NewsBeforeMin"": 30, ""NewsAfterMin"": 15, ""NewsCloseMode"": 0, ""DailyLossPct"": 8.0, ""MaxSpreadPts"": 0}"
-50.0,-0.5078348589911963,2.7356580523353453,0.0,0.0,97.48795588268547,0.010775618779603193,30.31066507952554,14.0,0.0,0.0,"{""EntryMode"": 1, ""EntryTFMin"": 5, ""GridSpacingPts"": 115, ""TP_Pips"": 10.5, ""MaxLayers"": 6, ""Ladder"": ""flat"", ""MaxHoldSec"": 30, ""StopPips"": 10.0, ""MaxBasketRiskPct"": 3.0, ""AddMinSec"": 15, ""Session"": ""asia_0309"", ""ZEntry"": 2.75, ""ZEmaBars"": 60, ""NewsBeforeMin"": 30, ""NewsAfterMin"": 60, ""NewsCloseMode"": 0, ""DailyLossPct"": 3.0, ""MaxSpreadPts"": 0}"
-50.0,0.0,0.0,0.0,0.0,100.0,0.0,0.0,0.0,0.0,0.0,"{""EntryMode"": 0, ""EntryTFMin"": 1, ""GridSpacingPts"": 125, ""TP_Pips"": 4.0, ""MaxLayers"": 1, ""Ladder"": ""step2"", ""MaxHoldSec"": 30, ""StopPips"": 12.0, ""MaxBasketRiskPct"": 1.0, ""AddMinSec"": 0, ""Session"": ""lateny_1923"", ""ZEntry"": 2.75, ""ZEmaBars"": 90, ""NewsBeforeMin"": 15, ""NewsAfterMin"": 30, ""NewsCloseMode"": 0, ""DailyLossPct"": 3.0, ""MaxSpreadPts"": 10}"
-50.0,0.0,0.0,0.0,0.0,100.0,0.0,0.0,0.0,0.0,0.0,"{""EntryMode"": 1, ""EntryTFMin"": 5, ""GridSpacingPts"": 75, ""TP_Pips"": 15.0, ""MaxLayers"": 4, ""Ladder"": ""step1"", ""MaxHoldSec"": 300, ""StopPips"": 29.0, ""MaxBasketRiskPct"": 1.0, ""AddMinSec"": 60, ""Session"": ""asia_0309"", ""ZEntry"": 3.0, ""ZEmaBars"": 30, ""NewsBeforeMin"": 30, ""NewsAfterMin"": 15, ""NewsCloseMode"": 0, ""DailyLossPct"": 8.0, ""MaxSpreadPts"": 10}"
-50.0,0.0,0.0,0.0,0.0,100.0,0.0,0.0,0.0,0.0,0.0,"{""EntryMode"": 1, ""EntryTFMin"": 1, ""GridSpacingPts"": 25, ""TP_Pips"": 13.5, ""MaxLayers"": 4, ""Ladder"": ""flat"", ""MaxHoldSec"": 120, ""StopPips"": 22.0, ""MaxBasketRiskPct"": 5.0, ""AddMinSec"": 15, ""Session"": ""lateny_1923"", ""ZEntry"": 2.5, ""ZEmaBars"": 30, ""NewsBeforeMin"": 15, ""NewsAfterMin"": 30, ""NewsCloseMode"": 0, ""DailyLossPct"": 3.0, ""MaxSpreadPts"": 10}"
-50.0,0.0,0.0,0.0,0.0,100.0,0.0,0.0,0.0,0.0,0.0,"{""EntryMode"": 0, ""EntryTFMin"": 5, ""GridSpacingPts"": 85, ""TP_Pips"": 9.0, ""MaxLayers"": 5, ""Ladder"": ""step2"", ""MaxHoldSec"": 60, ""StopPips"": 25.0, ""MaxBasketRiskPct"": 1.0, ""AddMinSec"": 0, ""Session"": ""asia_0309"", ""ZEntry"": 1.75, ""ZEmaBars"": 90, ""NewsBeforeMin"": 15, ""NewsAfterMin"": 60, ""NewsCloseMode"": 2, ""DailyLossPct"": 5.0, ""MaxSpreadPts"": 10}"
-50.0,0.0,0.0,0.0,0.0,100.0,0.0,0.0,0.0,0.0,0.0,"{""EntryMode"": 0, ""EntryTFMin"": 1, ""GridSpacingPts"": 50, ""TP_Pips"": 9.0, ""MaxLayers"": 2, ""Ladder"": ""flat"", ""MaxHoldSec"": 120, ""StopPips"": 23.0, ""MaxBasketRiskPct"": 2.0, ""AddMinSec"": 0, ""Session"": ""asia_0109"", ""ZEntry"": 2.75, ""ZEmaBars"": 90, ""NewsBeforeMin"": 30, ""NewsAfterMin"": 15, ""NewsCloseMode"": 0, ""DailyLossPct"": 3.0, ""MaxSpreadPts"": 0}"
-50.0,0.0,0.0,0.0,0.0,100.0,0.0,0.0,0.0,0.0,0.0,"{""EntryMode"": 0, ""EntryTFMin"": 5, ""GridSpacingPts"": 50, ""TP_Pips"": 6.0, ""MaxLayers"": 2, ""Ladder"": ""step1"", ""MaxHoldSec"": 600, ""StopPips"": 18.0, ""MaxBasketRiskPct"": 1.0, ""AddMinSec"": 0, ""Session"": ""london_1013"", ""ZEntry"": 2.0, ""ZEmaBars"": 60, ""NewsBeforeMin"": 30, ""NewsAfterMin"": 30, ""NewsCloseMode"": 2, ""DailyLossPct"": 5.0, ""MaxSpreadPts"": 0}"
-50.0,0.0,0.0,0.0,0.0,100.0,0.0,0.0,0.0,0.0,0.0,"{""EntryMode"": 1, ""EntryTFMin"": 5, ""GridSpacingPts"": 50, ""TP_Pips"": 5.0, ""MaxLayers"": 3, ""Ladder"": ""step1"", ""MaxHoldSec"": 60, ""StopPips"": 24.0, ""MaxBasketRiskPct"": 2.0, ""AddMinSec"": 15, ""Session"": ""lateny_1923"", ""ZEntry"": 2.5, ""ZEmaBars"": 30, ""NewsBeforeMin"": 15, ""NewsAfterMin"": 60, ""NewsCloseMode"": 2, ""DailyLossPct"": 5.0, ""MaxSpreadPts"": 10}"
-50.0,-4.488051347191313,20.768991378878326,0.0,0.0,79.49643250000243,0.07158089617879264,288.59073245773715,90.0,2.0,1.0,"{""EntryMode"": 1, ""EntryTFMin"": 5, ""GridSpacingPts"": 100, ""TP_Pips"": 13.5, ""MaxLayers"": 4, ""Ladder"": ""step1"", ""MaxHoldSec"": 300, ""StopPips"": 23.0, ""MaxBasketRiskPct"": 3.0, ""AddMinSec"": 30, ""Session"": ""london_1013"", ""ZEntry"": 1.0, ""ZEmaBars"": 60, ""NewsBeforeMin"": 30, ""NewsAfterMin"": 60, ""NewsCloseMode"": 2, ""DailyLossPct"": 5.0, ""MaxSpreadPts"": 10}"
-50.0,0.0,0.0,0.0,0.0,100.0,0.0,0.0,0.0,0.0,0.0,"{""EntryMode"": 0, ""EntryTFMin"": 1, ""GridSpacingPts"": 25, ""TP_Pips"": 2.5, ""MaxLayers"": 5, ""Ladder"": ""flat"", ""MaxHoldSec"": 600, ""StopPips"": 20.0, ""MaxBasketRiskPct"": 2.0, ""AddMinSec"": 15, ""Session"": ""london_1013"", ""ZEntry"": 2.25, ""ZEmaBars"": 30, ""NewsBeforeMin"": 60, ""NewsAfterMin"": 15, ""NewsCloseMode"": 2, ""DailyLossPct"": 5.0, ""MaxSpreadPts"": 10}"
-50.0,-3.9851947645112684,21.72528558135154,0.0,0.0,81.61000000002942,0.15547678524856037,1099.4135356969666,84.0,16.0,102.0,"{""EntryMode"": 1, ""EntryTFMin"": 1, ""GridSpacingPts"": 145, ""TP_Pips"": 6.5, ""MaxLayers"": 2, ""Ladder"": ""step2"", ""MaxHoldSec"": 1800, ""StopPips"": 24.0, ""MaxBasketRiskPct"": 3.0, ""AddMinSec"": 30, ""Session"": ""lateny_1923"", ""ZEntry"": 2.25, ""ZEmaBars"": 120, ""NewsBeforeMin"": 30, ""NewsAfterMin"": 15, ""NewsCloseMode"": 0, ""DailyLossPct"": 8.0, ""MaxSpreadPts"": 0}"
-50.0,-0.7050777237763484,3.4739999999995206,0.0,0.0,96.52600000000048,0.002309061167057827,641.9717456499735,2.0,1.0,0.0,"{""EntryMode"": 1, ""EntryTFMin"": 5, ""GridSpacingPts"": 35, ""TP_Pips"": 5.5, ""MaxLayers"": 2, ""Ladder"": ""step1"", ""MaxHoldSec"": 900, ""StopPips"": 17.0, ""MaxBasketRiskPct"": 3.0, ""AddMinSec"": 30, ""Session"": ""asia_0109"", ""ZEntry"": 2.75, ""ZEmaBars"": 30, ""NewsBeforeMin"": 30, ""NewsAfterMin"": 60, ""NewsCloseMode"": 2, ""DailyLossPct"": 3.0, ""MaxSpreadPts"": 10}"
-50.0,0.0,0.0,0.0,0.0,100.0,0.0,0.0,0.0,0.0,0.0,"{""EntryMode"": 0, ""EntryTFMin"": 5, ""GridSpacingPts"": 85, ""TP_Pips"": 10.0, ""MaxLayers"": 2, ""Ladder"": ""flat"", ""MaxHoldSec"": 60, ""StopPips"": 20.0, ""MaxBasketRiskPct"": 1.0, ""AddMinSec"": 15, ""Session"": ""london_1013"", ""ZEntry"": 2.5, ""ZEmaBars"": 60, ""NewsBeforeMin"": 30, ""NewsAfterMin"": 60, ""NewsCloseMode"": 2, ""DailyLossPct"": 8.0, ""MaxSpreadPts"": 10}"
-50.0,-1.449840464993457,7.215218931831766,0.0,0.0,92.96200000000871,0.03848435278429712,371.97231701850893,46.0,1.0,3.0,"{""EntryMode"": 0, ""EntryTFMin"": 5, ""GridSpacingPts"": 30, ""TP_Pips"": 12.0, ""MaxLayers"": 4, ""Ladder"": ""flat"", ""MaxHoldSec"": 300, ""StopPips"": 27.0, ""MaxBasketRiskPct"": 3.0, ""AddMinSec"": 60, ""Session"": ""allday_0123"", ""ZEntry"": 1.0, ""ZEmaBars"": 60, ""NewsBeforeMin"": 60, ""NewsAfterMin"": 15, ""NewsCloseMode"": 2, ""DailyLossPct"": 5.0, ""MaxSpreadPts"": 0}"
-50.0,0.0,0.0,0.0,0.0,100.0,0.0,0.0,0.0,0.0,0.0,"{""EntryMode"": 1, ""EntryTFMin"": 5, ""GridSpacingPts"": 135, ""TP_Pips"": 6.0, ""MaxLayers"": 6, ""Ladder"": ""step2"", ""MaxHoldSec"": 900, ""StopPips"": 27.0, ""MaxBasketRiskPct"": 1.0, ""AddMinSec"": 0, ""Session"": ""lateny_1923"", ""ZEntry"": 2.75, ""ZEmaBars"": 90, ""NewsBeforeMin"": 30, ""NewsAfterMin"": 30, ""NewsCloseMode"": 2, ""DailyLossPct"": 3.0, ""MaxSpreadPts"": 10}"
-50.0,0.0,0.0,0.0,0.0,100.0,0.0,0.0,0.0,0.0,0.0,"{""EntryMode"": 0, ""EntryTFMin"": 1, ""GridSpacingPts"": 150, ""TP_Pips"": 9.5, ""MaxLayers"": 1, ""Ladder"": ""step2"", ""MaxHoldSec"": 60, ""StopPips"": 29.0, ""MaxBasketRiskPct"": 2.0, ""AddMinSec"": 60, ""Session"": ""lateny_1923"", ""ZEntry"": 1.0, ""ZEmaBars"": 60, ""NewsBeforeMin"": 60, ""NewsAfterMin"": 30, ""NewsCloseMode"": 0, ""DailyLossPct"": 5.0, ""MaxSpreadPts"": 0}"
-50.0,0.0,0.0,0.0,0.0,100.0,0.0,0.0,0.0,0.0,0.0,"{""EntryMode"": 0, ""EntryTFMin"": 1, ""GridSpacingPts"": 80, ""TP_Pips"": 9.0, ""MaxLayers"": 4, ""Ladder"": ""step2"", ""MaxHoldSec"": 600, ""StopPips"": 29.0, ""MaxBasketRiskPct"": 2.0, ""AddMinSec"": 30, ""Session"": ""london_1013"", ""ZEntry"": 2.75, ""ZEmaBars"": 30, ""NewsBeforeMin"": 60, ""NewsAfterMin"": 15, ""NewsCloseMode"": 2, ""DailyLossPct"": 8.0, ""MaxSpreadPts"": 10}"
-50.0,0.0,0.0,0.0,0.0,100.0,0.0,0.0,0.0,0.0,0.0,"{""EntryMode"": 1, ""EntryTFMin"": 5, ""GridSpacingPts"": 10, ""TP_Pips"": 7.0, ""MaxLayers"": 2, ""Ladder"": ""step1"", ""MaxHoldSec"": 120, ""StopPips"": 30.0, ""MaxBasketRiskPct"": 2.0, ""AddMinSec"": 0, ""Session"": ""asia_0109"", ""ZEntry"": 1.0, ""ZEmaBars"": 30, ""NewsBeforeMin"": 15, ""NewsAfterMin"": 30, ""NewsCloseMode"": 2, ""DailyLossPct"": 5.0, ""MaxSpreadPts"": 0}"
-50.0,0.0,0.0,0.0,0.0,100.0,0.0,0.0,0.0,0.0,0.0,"{""EntryMode"": 1, ""EntryTFMin"": 1, ""GridSpacingPts"": 20, ""TP_Pips"": 4.0, ""MaxLayers"": 4, ""Ladder"": ""flat"", ""MaxHoldSec"": 60, ""StopPips"": 30.0, ""MaxBasketRiskPct"": 1.0, ""AddMinSec"": 30, ""Session"": ""asia_0109"", ""ZEntry"": 2.0, ""ZEmaBars"": 120, ""NewsBeforeMin"": 60, ""NewsAfterMin"": 60, ""NewsCloseMode"": 2, ""DailyLossPct"": 8.0, ""MaxSpreadPts"": 10}"
-50.0,-1.2947365264114108,6.6713068966388995,0.0,0.0,93.69541441849908,0.03155716928312364,30.392267570262995,41.0,0.0,0.0,"{""EntryMode"": 1, ""EntryTFMin"": 5, ""GridSpacingPts"": 115, ""TP_Pips"": 12.5, ""MaxLayers"": 6, ""Ladder"": ""flat"", ""MaxHoldSec"": 30, ""StopPips"": 12.0, ""MaxBasketRiskPct"": 3.0, ""AddMinSec"": 15, ""Session"": ""asia_0309"", ""ZEntry"": 2.5, ""ZEmaBars"": 60, ""NewsBeforeMin"": 30, ""NewsAfterMin"": 60, ""NewsCloseMode"": 0, ""DailyLossPct"": 3.0, ""MaxSpreadPts"": 0}"
-50.0,-5.1120662697416215,23.34046657442236,0.0,0.0,76.93474115057633,0.013854367002346962,1010.6293235421181,8.0,8.0,2.0,"{""EntryMode"": 1, ""EntryTFMin"": 1, ""GridSpacingPts"": 10, ""TP_Pips"": 13.0, ""MaxLayers"": 4, ""Ladder"": ""flat"", ""MaxHoldSec"": 1800, ""StopPips"": 12.0, ""MaxBasketRiskPct"": 5.0, ""AddMinSec"": 60, ""Session"": ""asia_0309"", ""ZEntry"": 2.5, ""ZEmaBars"": 30, ""NewsBeforeMin"": 15, ""NewsAfterMin"": 15, ""NewsCloseMode"": 0, ""DailyLossPct"": 5.0, ""MaxSpreadPts"": 0}"
-50.0,0.0,0.0,0.0,0.0,100.0,0.0,0.0,0.0,0.0,0.0,"{""EntryMode"": 0, ""EntryTFMin"": 5, ""GridSpacingPts"": 30, ""TP_Pips"": 4.5, ""MaxLayers"": 2, ""Ladder"": ""step1"", ""MaxHoldSec"": 600, ""StopPips"": 17.0, ""MaxBasketRiskPct"": 1.0, ""AddMinSec"": 0, ""Session"": ""london_1013"", ""ZEntry"": 1.5, ""ZEmaBars"": 60, ""NewsBeforeMin"": 30, ""NewsAfterMin"": 30, ""NewsCloseMode"": 2, ""DailyLossPct"": 5.0, ""MaxSpreadPts"": 0}"
-50.0,0.0,0.0,0.0,0.0,100.0,0.0,0.0,0.0,0.0,0.0,"{""EntryMode"": 1, ""EntryTFMin"": 5, ""GridSpacingPts"": 20, ""TP_Pips"": 11.0, ""MaxLayers"": 3, ""Ladder"": ""step1"", ""MaxHoldSec"": 900, ""StopPips"": 23.0, ""MaxBasketRiskPct"": 1.0, ""AddMinSec"": 0, ""Session"": ""lateny_1923"", ""ZEntry"": 3.0, ""ZEmaBars"": 90, ""NewsBeforeMin"": 30, ""NewsAfterMin"": 60, ""NewsCloseMode"": 2, ""DailyLossPct"": 8.0, ""MaxSpreadPts"": 10}"
-50.0,0.0,0.0,0.0,0.0,100.0,0.0,0.0,0.0,0.0,0.0,"{""EntryMode"": 1, ""EntryTFMin"": 5, ""GridSpacingPts"": 55, ""TP_Pips"": 11.5, ""MaxLayers"": 2, ""Ladder"": ""step1"", ""MaxHoldSec"": 60, ""StopPips"": 27.0, ""MaxBasketRiskPct"": 2.0, ""AddMinSec"": 30, ""Session"": ""lateny_1923"", ""ZEntry"": 2.75, ""ZEmaBars"": 90, ""NewsBeforeMin"": 15, ""NewsAfterMin"": 30, ""NewsCloseMode"": 2, ""DailyLossPct"": 3.0, ""MaxSpreadPts"": 0}"
-50.0,0.0,0.0,0.0,0.0,100.0,0.0,0.0,0.0,0.0,0.0,"{""EntryMode"": 0, ""EntryTFMin"": 1, ""GridSpacingPts"": 15, ""TP_Pips"": 6.5, ""MaxLayers"": 6, ""Ladder"": ""step2"", ""MaxHoldSec"": 60, ""StopPips"": 23.0, ""MaxBasketRiskPct"": 1.0, ""AddMinSec"": 0, ""Session"": ""allday_0123"", ""ZEntry"": 2.5, ""ZEmaBars"": 90, ""NewsBeforeMin"": 60, ""NewsAfterMin"": 30, ""NewsCloseMode"": 0, ""DailyLossPct"": 8.0, ""MaxSpreadPts"": 10}"
-50.0,0.0,0.0,0.0,0.0,100.0,0.0,0.0,0.0,0.0,0.0,"{""EntryMode"": 1, ""EntryTFMin"": 5, ""GridSpacingPts"": 10, ""TP_Pips"": 5.0, ""MaxLayers"": 2, ""Ladder"": ""step1"", ""MaxHoldSec"": 120, ""StopPips"": 30.0, ""MaxBasketRiskPct"": 2.0, ""AddMinSec"": 0, ""Session"": ""asia_0109"", ""ZEntry"": 1.25, ""ZEmaBars"": 30, ""NewsBeforeMin"": 15, ""NewsAfterMin"": 30, ""NewsCloseMode"": 2, ""DailyLossPct"": 5.0, ""MaxSpreadPts"": 0}"
-50.0,0.0,0.0,0.0,0.0,100.0,0.0,0.0,0.0,0.0,0.0,"{""EntryMode"": 1, ""EntryTFMin"": 5, ""GridSpacingPts"": 25, ""TP_Pips"": 8.5, ""MaxLayers"": 4, ""Ladder"": ""step1"", ""MaxHoldSec"": 120, ""StopPips"": 30.0, ""MaxBasketRiskPct"": 2.0, ""AddMinSec"": 0, ""Session"": ""asia_0109"", ""ZEntry"": 1.75, ""ZEmaBars"": 30, ""NewsBeforeMin"": 15, ""NewsAfterMin"": 30, ""NewsCloseMode"": 2, ""DailyLossPct"": 5.0, ""MaxSpreadPts"": 0}"
-50.0,-3.1845367856264573,15.765015802467586,0.0,0.0,85.06781926605774,0.013854367002346962,1132.8119002819062,9.0,6.0,3.0,"{""EntryMode"": 1, ""EntryTFMin"": 1, ""GridSpacingPts"": 40, ""TP_Pips"": 12.5, ""MaxLayers"": 6, ""Ladder"": ""flat"", ""MaxHoldSec"": 1800, ""StopPips"": 14.0, ""MaxBasketRiskPct"": 5.0, ""AddMinSec"": 60, ""Session"": ""asia_0309"", ""ZEntry"": 2.5, ""ZEmaBars"": 30, ""NewsBeforeMin"": 15, ""NewsAfterMin"": 15, ""NewsCloseMode"": 0, ""DailyLossPct"": 5.0, ""MaxSpreadPts"": 0}"
-50.0,-4.501623546283562,23.310068817411235,0.0,0.0,79.44000000000334,0.056187155065073796,708.1510713818956,47.0,19.0,7.0,"{""EntryMode"": 1, ""EntryTFMin"": 1, ""GridSpacingPts"": 45, ""TP_Pips"": 10.5, ""MaxLayers"": 2, ""Ladder"": ""step1"", ""MaxHoldSec"": 900, ""StopPips"": 12.0, ""MaxBasketRiskPct"": 3.0, ""AddMinSec"": 0, ""Session"": ""london_1013"", ""ZEntry"": 2.75, ""ZEmaBars"": 60, ""NewsBeforeMin"": 30, ""NewsAfterMin"": 60, ""NewsCloseMode"": 2, ""DailyLossPct"": 5.0, ""MaxSpreadPts"": 10}"
-50.0,0.0,0.0,0.0,0.0,100.0,0.0,0.0,0.0,0.0,0.0,"{""EntryMode"": 0, ""EntryTFMin"": 5, ""GridSpacingPts"": 45, ""TP_Pips"": 6.5, ""MaxLayers"": 2, ""Ladder"": ""step1"", ""MaxHoldSec"": 600, ""StopPips"": 11.0, ""MaxBasketRiskPct"": 1.0, ""AddMinSec"": 0, ""Session"": ""london_1013"", ""ZEntry"": 2.0, ""ZEmaBars"": 60, ""NewsBeforeMin"": 30, ""NewsAfterMin"": 30, ""NewsCloseMode"": 2, ""DailyLossPct"": 5.0, ""MaxSpreadPts"": 0}"
-50.0,0.0,0.0,0.0,0.0,100.0,0.0,0.0,0.0,0.0,0.0,"{""EntryMode"": 1, ""EntryTFMin"": 5, ""GridSpacingPts"": 60, ""TP_Pips"": 11.0, ""MaxLayers"": 2, ""Ladder"": ""step1"", ""MaxHoldSec"": 60, ""StopPips"": 24.0, ""MaxBasketRiskPct"": 2.0, ""AddMinSec"": 30, ""Session"": ""lateny_1923"", ""ZEntry"": 3.0, ""ZEmaBars"": 90, ""NewsBeforeMin"": 15, ""NewsAfterMin"": 30, ""NewsCloseMode"": 2, ""DailyLossPct"": 3.0, ""MaxSpreadPts"": 0}"
-50.0,0.0,0.0,0.0,0.0,100.0,0.0,0.0,0.0,0.0,0.0,"{""EntryMode"": 1, ""EntryTFMin"": 5, ""GridSpacingPts"": 15, ""TP_Pips"": 9.0, ""MaxLayers"": 2, ""Ladder"": ""step1"", ""MaxHoldSec"": 120, ""StopPips"": 29.0, ""MaxBasketRiskPct"": 2.0, ""AddMinSec"": 0, ""Session"": ""asia_0109"", ""ZEntry"": 1.0, ""ZEmaBars"": 30, ""NewsBeforeMin"": 15, ""NewsAfterMin"": 30, ""NewsCloseMode"": 2, ""DailyLossPct"": 5.0, ""MaxSpreadPts"": 0}"
-50.0,-0.3297602823321033,5.455829966764,0.0,0.0,98.36300000000259,0.01924217639214856,662.9418509674073,12.0,4.0,9.0,"{""EntryMode"": 1, ""EntryTFMin"": 5, ""GridSpacingPts"": 15, ""TP_Pips"": 10.0, ""MaxLayers"": 3, ""Ladder"": ""step1"", ""MaxHoldSec"": 900, ""StopPips"": 19.0, ""MaxBasketRiskPct"": 5.0, ""AddMinSec"": 0, ""Session"": ""lateny_1923"", ""ZEntry"": 2.75, ""ZEmaBars"": 90, ""NewsBeforeMin"": 30, ""NewsAfterMin"": 60, ""NewsCloseMode"": 2, ""DailyLossPct"": 8.0, ""MaxSpreadPts"": 10}"
-50.0,0.0,0.0,0.0,0.0,100.0,0.0,0.0,0.0,0.0,0.0,"{""EntryMode"": 1, ""EntryTFMin"": 5, ""GridSpacingPts"": 20, ""TP_Pips"": 8.5, ""MaxLayers"": 3, ""Ladder"": ""step1"", ""MaxHoldSec"": 120, ""StopPips"": 30.0, ""MaxBasketRiskPct"": 2.0, ""AddMinSec"": 0, ""Session"": ""asia_0109"", ""ZEntry"": 2.25, ""ZEmaBars"": 30, ""NewsBeforeMin"": 15, ""NewsAfterMin"": 30, ""NewsCloseMode"": 2, ""DailyLossPct"": 5.0, ""MaxSpreadPts"": 0}"
-50.0,0.0,0.0,0.0,0.0,100.0,0.0,0.0,0.0,0.0,0.0,"{""EntryMode"": 1, ""EntryTFMin"": 5, ""GridSpacingPts"": 20, ""TP_Pips"": 9.0, ""MaxLayers"": 1, ""Ladder"": ""step1"", ""MaxHoldSec"": 120, ""StopPips"": 29.0, ""MaxBasketRiskPct"": 2.0, ""AddMinSec"": 0, ""Session"": ""asia_0109"", ""ZEntry"": 1.75, ""ZEmaBars"": 30, ""NewsBeforeMin"": 15, ""NewsAfterMin"": 30, ""NewsCloseMode"": 2, ""DailyLossPct"": 5.0, ""MaxSpreadPts"": 0}"
-50.0,0.0,0.0,0.0,0.0,100.0,0.0,0.0,0.0,0.0,0.0,"{""EntryMode"": 0, ""EntryTFMin"": 1, ""GridSpacingPts"": 125, ""TP_Pips"": 10.0, ""MaxLayers"": 2, ""Ladder"": ""step1"", ""MaxHoldSec"": 120, ""StopPips"": 15.0, ""MaxBasketRiskPct"": 1.0, ""AddMinSec"": 0, ""Session"": ""allday_0123"", ""ZEntry"": 3.0, ""ZEmaBars"": 30, ""NewsBeforeMin"": 30, ""NewsAfterMin"": 30, ""NewsCloseMode"": 0, ""DailyLossPct"": 8.0, ""MaxSpreadPts"": 10}"
-50.0,0.0,0.0,0.0,0.0,100.0,0.0,0.0,0.0,0.0,0.0,"{""EntryMode"": 0, ""EntryTFMin"": 1, ""GridSpacingPts"": 125, ""TP_Pips"": 10.5, ""MaxLayers"": 1, ""Ladder"": ""step2"", ""MaxHoldSec"": 30, ""StopPips"": 11.0, ""MaxBasketRiskPct"": 1.0, ""AddMinSec"": 0, ""Session"": ""lateny_1923"", ""ZEntry"": 2.0, ""ZEmaBars"": 90, ""NewsBeforeMin"": 15, ""NewsAfterMin"": 30, ""NewsCloseMode"": 0, ""DailyLossPct"": 3.0, ""MaxSpreadPts"": 10}"
-50.0,0.0,0.0,0.0,0.0,100.0,0.0,0.0,0.0,0.0,0.0,"{""EntryMode"": 1, ""EntryTFMin"": 5, ""GridSpacingPts"": 100, ""TP_Pips"": 13.5, ""MaxLayers"": 3, ""Ladder"": ""step1"", ""MaxHoldSec"": 300, ""StopPips"": 30.0, ""MaxBasketRiskPct"": 1.0, ""AddMinSec"": 60, ""Session"": ""asia_0309"", ""ZEntry"": 3.0, ""ZEmaBars"": 30, ""NewsBeforeMin"": 30, ""NewsAfterMin"": 15, ""NewsCloseMode"": 0, ""DailyLossPct"": 5.0, ""MaxSpreadPts"": 10}"
-50.0,-0.21464550029127727,1.067999999997312,0.0,0.0,98.93200000000269,0.006157496445487539,33.12880748510361,8.0,0.0,0.0,"{""EntryMode"": 0, ""EntryTFMin"": 1, ""GridSpacingPts"": 120, ""TP_Pips"": 3.0, ""MaxLayers"": 1, ""Ladder"": ""step2"", ""MaxHoldSec"": 30, ""StopPips"": 9.0, ""MaxBasketRiskPct"": 1.0, ""AddMinSec"": 0, ""Session"": ""lateny_1923"", ""ZEntry"": 2.25, ""ZEmaBars"": 90, ""NewsBeforeMin"": 15, ""NewsAfterMin"": 30, ""NewsCloseMode"": 0, ""DailyLossPct"": 3.0, ""MaxSpreadPts"": 10}"
-50.0,-2.9115936203924497,20.045040870403433,0.0,0.0,86.2730000000208,0.10698650074034599,1044.2128642121702,54.0,8.0,77.0,"{""EntryMode"": 1, ""EntryTFMin"": 1, ""GridSpacingPts"": 55, ""TP_Pips"": 6.0, ""MaxLayers"": 2, ""Ladder"": ""step1"", ""MaxHoldSec"": 1800, ""StopPips"": 25.0, ""MaxBasketRiskPct"": 3.0, ""AddMinSec"": 60, ""Session"": ""lateny_1923"", ""ZEntry"": 2.0, ""ZEmaBars"": 120, ""NewsBeforeMin"": 30, ""NewsAfterMin"": 15, ""NewsCloseMode"": 0, ""DailyLossPct"": 8.0, ""MaxSpreadPts"": 0}"
-50.0,-3.7588277219587463,18.95971343046901,0.0,0.0,82.57600000002635,0.12238024185406483,270.51397747349887,123.0,1.0,35.0,"{""EntryMode"": 1, ""EntryTFMin"": 1, ""GridSpacingPts"": 50, ""TP_Pips"": 5.0, ""MaxLayers"": 1, ""Ladder"": ""step1"", ""MaxHoldSec"": 300, ""StopPips"": 24.0, ""MaxBasketRiskPct"": 3.0, ""AddMinSec"": 60, ""Session"": ""lateny_1923"", ""ZEntry"": 2.0, ""ZEmaBars"": 120, ""NewsBeforeMin"": 30, ""NewsAfterMin"": 15, ""NewsCloseMode"": 0, ""DailyLossPct"": 8.0, ""MaxSpreadPts"": 0}"
-50.0,-3.0045562245335833,19.288277795121132,0.0,0.0,85.86100000002331,0.1216105547983789,987.5047417561216,53.0,8.0,97.0,"{""EntryMode"": 1, ""EntryTFMin"": 1, ""GridSpacingPts"": 110, ""TP_Pips"": 5.5, ""MaxLayers"": 2, ""Ladder"": ""step1"", ""MaxHoldSec"": 1800, ""StopPips"": 25.0, ""MaxBasketRiskPct"": 3.0, ""AddMinSec"": 60, ""Session"": ""lateny_1923"", ""ZEntry"": 1.75, ""ZEmaBars"": 120, ""NewsBeforeMin"": 30, ""NewsAfterMin"": 15, ""NewsCloseMode"": 0, ""DailyLossPct"": 8.0, ""MaxSpreadPts"": 0}"
-50.0,0.0,0.0,0.0,0.0,100.0,0.0,0.0,0.0,0.0,0.0,"{""EntryMode"": 1, ""EntryTFMin"": 5, ""GridSpacingPts"": 25, ""TP_Pips"": 13.0, ""MaxLayers"": 3, ""Ladder"": ""step1"", ""MaxHoldSec"": 900, ""StopPips"": 21.0, ""MaxBasketRiskPct"": 2.0, ""AddMinSec"": 0, ""Session"": ""lateny_1923"", ""ZEntry"": 2.75, ""ZEmaBars"": 90, ""NewsBeforeMin"": 30, ""NewsAfterMin"": 60, ""NewsCloseMode"": 2, ""DailyLossPct"": 8.0, ""MaxSpreadPts"": 10}"
-50.0,-3.9084172721184696,18.174507857305056,0.0,0.0,81.93662213325769,0.10775618779603194,30.49442940950394,140.0,0.0,0.0,"{""EntryMode"": 1, ""EntryTFMin"": 5, ""GridSpacingPts"": 90, ""TP_Pips"": 10.5, ""MaxLayers"": 6, ""Ladder"": ""flat"", ""MaxHoldSec"": 30, ""StopPips"": 10.0, ""MaxBasketRiskPct"": 3.0, ""AddMinSec"": 15, ""Session"": ""asia_0309"", ""ZEntry"": 2.25, ""ZEmaBars"": 60, ""NewsBeforeMin"": 30, ""NewsAfterMin"": 60, ""NewsCloseMode"": 0, ""DailyLossPct"": 3.0, ""MaxSpreadPts"": 0}"
-50.0,-1.1430790642896316,10.18795238142436,0.0,0.0,94.41700000000131,0.011545305835289135,545.0102903525034,2.0,4.0,9.0,"{""EntryMode"": 1, ""EntryTFMin"": 1, ""GridSpacingPts"": 115, ""TP_Pips"": 6.5, ""MaxLayers"": 1, ""Ladder"": ""step1"", ""MaxHoldSec"": 1800, ""StopPips"": 22.0, ""MaxBasketRiskPct"": 3.0, ""AddMinSec"": 60, ""Session"": ""lateny_1923"", ""ZEntry"": 2.25, ""ZEmaBars"": 30, ""NewsBeforeMin"": 30, ""NewsAfterMin"": 15, ""NewsCloseMode"": 0, ""DailyLossPct"": 8.0, ""MaxSpreadPts"": 0}"
-50.0,-2.9136205591758224,17.987256189477336,0.0,0.0,86.26400000002938,0.16625240402816355,898.2865964835387,63.0,21.0,132.0,"{""EntryMode"": 1, ""EntryTFMin"": 1, ""GridSpacingPts"": 135, ""TP_Pips"": 6.0, ""MaxLayers"": 1, ""Ladder"": ""step2"", ""MaxHoldSec"": 1800, ""StopPips"": 22.0, ""MaxBasketRiskPct"": 3.0, ""AddMinSec"": 60, ""Session"": ""lateny_1923"", ""ZEntry"": 2.75, ""ZEmaBars"": 120, ""NewsBeforeMin"": 30, ""NewsAfterMin"": 15, ""NewsCloseMode"": 0, ""DailyLossPct"": 8.0, ""MaxSpreadPts"": 0}"
-50.0,0.0,0.0,0.0,0.0,100.0,0.0,0.0,0.0,0.0,0.0,"{""EntryMode"": 1, ""EntryTFMin"": 1, ""GridSpacingPts"": 10, ""TP_Pips"": 4.0, ""MaxLayers"": 1, ""Ladder"": ""flat"", ""MaxHoldSec"": 60, ""StopPips"": 30.0, ""MaxBasketRiskPct"": 1.0, ""AddMinSec"": 30, ""Session"": ""asia_0109"", ""ZEntry"": 2.0, ""ZEmaBars"": 120, ""NewsBeforeMin"": 60, ""NewsAfterMin"": 60, ""NewsCloseMode"": 2, ""DailyLossPct"": 8.0, ""MaxSpreadPts"": 10}"
-50.0,0.0,0.0,0.0,0.0,100.0,0.0,0.0,0.0,0.0,0.0,"{""EntryMode"": 0, ""EntryTFMin"": 1, ""GridSpacingPts"": 30, ""TP_Pips"": 10.5, ""MaxLayers"": 4, ""Ladder"": ""step1"", ""MaxHoldSec"": 120, ""StopPips"": 25.0, ""MaxBasketRiskPct"": 2.0, ""AddMinSec"": 30, ""Session"": ""asia_0309"", ""ZEntry"": 1.25, ""ZEmaBars"": 60, ""NewsBeforeMin"": 60, ""NewsAfterMin"": 30, ""NewsCloseMode"": 0, ""DailyLossPct"": 5.0, ""MaxSpreadPts"": 0}"
-50.0,0.0,0.0,0.0,0.0,100.0,0.0,0.0,0.0,0.0,0.0,"{""EntryMode"": 0, ""EntryTFMin"": 1, ""GridSpacingPts"": 115, ""TP_Pips"": 10.5, ""MaxLayers"": 1, ""Ladder"": ""step2"", ""MaxHoldSec"": 30, ""StopPips"": 12.0, ""MaxBasketRiskPct"": 1.0, ""AddMinSec"": 0, ""Session"": ""lateny_1923"", ""ZEntry"": 2.5, ""ZEmaBars"": 90, ""NewsBeforeMin"": 15, ""NewsAfterMin"": 30, ""NewsCloseMode"": 0, ""DailyLossPct"": 3.0, ""MaxSpreadPts"": 10}"
-50.0,0.0,0.0,0.0,0.0,100.0,0.0,0.0,0.0,0.0,0.0,"{""EntryMode"": 1, ""EntryTFMin"": 5, ""GridSpacingPts"": 70, ""TP_Pips"": 10.0, ""MaxLayers"": 3, ""Ladder"": ""flat"", ""MaxHoldSec"": 120, ""StopPips"": 20.0, ""MaxBasketRiskPct"": 1.0, ""AddMinSec"": 0, ""Session"": ""ny_1519"", ""ZEntry"": 1.5, ""ZEmaBars"": 60, ""NewsBeforeMin"": 30, ""NewsAfterMin"": 15, ""NewsCloseMode"": 0, ""DailyLossPct"": 3.0, ""MaxSpreadPts"": 0}"
-50.0,-2.342888851607139,13.276772725936276,0.0,0.0,88.82800000000857,0.042332788062726834,997.4310555496525,21.0,5.0,29.0,"{""EntryMode"": 1, ""EntryTFMin"": 1, ""GridSpacingPts"": 145, ""TP_Pips"": 6.0, ""MaxLayers"": 1, ""Ladder"": ""step2"", ""MaxHoldSec"": 1800, ""StopPips"": 26.0, ""MaxBasketRiskPct"": 3.0, ""AddMinSec"": 60, ""Session"": ""lateny_1923"", ""ZEntry"": 2.5, ""ZEmaBars"": 120, ""NewsBeforeMin"": 60, ""NewsAfterMin"": 15, ""NewsCloseMode"": 0, ""DailyLossPct"": 8.0, ""MaxSpreadPts"": 0}"
-50.0,-0.5211045160347649,6.07484076433134,0.0,0.0,97.42300000000272,0.020011863447834503,600.2005123175107,11.0,4.0,11.0,"{""EntryMode"": 1, ""EntryTFMin"": 5, ""GridSpacingPts"": 20, ""TP_Pips"": 9.0, ""MaxLayers"": 3, ""Ladder"": ""step1"", ""MaxHoldSec"": 900, ""StopPips"": 17.0, ""MaxBasketRiskPct"": 5.0, ""AddMinSec"": 0, ""Session"": ""lateny_1923"", ""ZEntry"": 2.75, ""ZEmaBars"": 90, ""NewsBeforeMin"": 30, ""NewsAfterMin"": 60, ""NewsCloseMode"": 2, ""DailyLossPct"": 8.0, ""MaxSpreadPts"": 10}"
-50.0,0.0,0.0,0.0,0.0,100.0,0.0,0.0,0.0,0.0,0.0,"{""EntryMode"": 1, ""EntryTFMin"": 5, ""GridSpacingPts"": 80, ""TP_Pips"": 14.0, ""MaxLayers"": 3, ""Ladder"": ""step1"", ""MaxHoldSec"": 60, ""StopPips"": 30.0, ""MaxBasketRiskPct"": 1.0, ""AddMinSec"": 60, ""Session"": ""asia_0309"", ""ZEntry"": 3.0, ""ZEmaBars"": 30, ""NewsBeforeMin"": 30, ""NewsAfterMin"": 15, ""NewsCloseMode"": 0, ""DailyLossPct"": 5.0, ""MaxSpreadPts"": 10}"
-50.0,0.0,0.0,0.0,0.0,100.0,0.0,0.0,0.0,0.0,0.0,"{""EntryMode"": 1, ""EntryTFMin"": 5, ""GridSpacingPts"": 85, ""TP_Pips"": 13.0, ""MaxLayers"": 3, ""Ladder"": ""step2"", ""MaxHoldSec"": 300, ""StopPips"": 29.0, ""MaxBasketRiskPct"": 1.0, ""AddMinSec"": 60, ""Session"": ""asia_0309"", ""ZEntry"": 3.0, ""ZEmaBars"": 30, ""NewsBeforeMin"": 30, ""NewsAfterMin"": 15, ""NewsCloseMode"": 0, ""DailyLossPct"": 5.0, ""MaxSpreadPts"": 10}"
-50.0,-1.537826683356791,14.61164732876046,0.0,0.0,92.54800000001481,0.07312027029016453,990.0109371779098,34.0,2.0,59.0,"{""EntryMode"": 1, ""EntryTFMin"": 1, ""GridSpacingPts"": 145, ""TP_Pips"": 5.0, ""MaxLayers"": 1, ""Ladder"": ""step2"", ""MaxHoldSec"": 1800, ""StopPips"": 27.0, ""MaxBasketRiskPct"": 3.0, ""AddMinSec"": 60, ""Session"": ""lateny_1923"", ""ZEntry"": 2.0, ""ZEmaBars"": 120, ""NewsBeforeMin"": 30, ""NewsAfterMin"": 15, ""NewsCloseMode"": 0, ""DailyLossPct"": 8.0, ""MaxSpreadPts"": 0}"
-50.0,0.0,0.0,0.0,0.0,100.0,0.0,0.0,0.0,0.0,0.0,"{""EntryMode"": 1, ""EntryTFMin"": 1, ""GridSpacingPts"": 55, ""TP_Pips"": 2.5, ""MaxLayers"": 2, ""Ladder"": ""flat"", ""MaxHoldSec"": 60, ""StopPips"": 29.0, ""MaxBasketRiskPct"": 1.0, ""AddMinSec"": 30, ""Session"": ""asia_0109"", ""ZEntry"": 2.0, ""ZEmaBars"": 120, ""NewsBeforeMin"": 60, ""NewsAfterMin"": 60, ""NewsCloseMode"": 2, ""DailyLossPct"": 8.0, ""MaxSpreadPts"": 10}"
-50.0,0.0,0.0,0.0,0.0,100.0,0.0,0.0,0.0,0.0,0.0,"{""EntryMode"": 1, ""EntryTFMin"": 5, ""GridSpacingPts"": 35, ""TP_Pips"": 10.5, ""MaxLayers"": 4, ""Ladder"": ""flat"", ""MaxHoldSec"": 120, ""StopPips"": 21.0, ""MaxBasketRiskPct"": 1.0, ""AddMinSec"": 0, ""Session"": ""ny_1519"", ""ZEntry"": 1.25, ""ZEmaBars"": 60, ""NewsBeforeMin"": 30, ""NewsAfterMin"": 15, ""NewsCloseMode"": 0, ""DailyLossPct"": 3.0, ""MaxSpreadPts"": 0}"
-50.0,0.0,0.0,0.0,0.0,100.0,0.0,0.0,0.0,0.0,0.0,"{""EntryMode"": 1, ""EntryTFMin"": 1, ""GridSpacingPts"": 55, ""TP_Pips"": 2.0, ""MaxLayers"": 3, ""Ladder"": ""flat"", ""MaxHoldSec"": 60, ""StopPips"": 29.0, ""MaxBasketRiskPct"": 1.0, ""AddMinSec"": 30, ""Session"": ""asia_0109"", ""ZEntry"": 2.0, ""ZEmaBars"": 120, ""NewsBeforeMin"": 60, ""NewsAfterMin"": 60, ""NewsCloseMode"": 2, ""DailyLossPct"": 8.0, ""MaxSpreadPts"": 10}"
-50.0,-0.5462512450129076,3.0635118306349134,0.0,0.0,97.30000000000051,0.0030787482227437697,461.7462010383606,2.0,2.0,0.0,"{""EntryMode"": 1, ""EntryTFMin"": 1, ""GridSpacingPts"": 80, ""TP_Pips"": 14.5, ""MaxLayers"": 2, ""Ladder"": ""step1"", ""MaxHoldSec"": 600, ""StopPips"": 14.0, ""MaxBasketRiskPct"": 2.0, ""AddMinSec"": 0, ""Session"": ""london_1013"", ""ZEntry"": 2.75, ""ZEmaBars"": 30, ""NewsBeforeMin"": 30, ""NewsAfterMin"": 60, ""NewsCloseMode"": 2, ""DailyLossPct"": 3.0, ""MaxSpreadPts"": 10}"
-50.0,-2.8063530190867603,13.541650663847152,0.0,0.0,86.741321548449,0.04618122334115654,24.14074277083079,40.0,3.0,17.0,"{""EntryMode"": 1, ""EntryTFMin"": 5, ""GridSpacingPts"": 130, ""TP_Pips"": 1.0, ""MaxLayers"": 3, ""Ladder"": ""step2"", ""MaxHoldSec"": 30, ""StopPips"": 8.0, ""MaxBasketRiskPct"": 5.0, ""AddMinSec"": 60, ""Session"": ""ny_1519"", ""ZEntry"": 2.5, ""ZEmaBars"": 60, ""NewsBeforeMin"": 30, ""NewsAfterMin"": 15, ""NewsCloseMode"": 2, ""DailyLossPct"": 8.0, ""MaxSpreadPts"": 0}"
-50.0,0.0,0.0,0.0,0.0,100.0,0.0,0.0,0.0,0.0,0.0,"{""EntryMode"": 1, ""EntryTFMin"": 5, ""GridSpacingPts"": 15, ""TP_Pips"": 5.5, ""MaxLayers"": 3, ""Ladder"": ""step1"", ""MaxHoldSec"": 120, ""StopPips"": 29.0, ""MaxBasketRiskPct"": 2.0, ""AddMinSec"": 0, ""Session"": ""asia_0109"", ""ZEntry"": 2.5, ""ZEmaBars"": 30, ""NewsBeforeMin"": 15, ""NewsAfterMin"": 30, ""NewsCloseMode"": 2, ""DailyLossPct"": 5.0, ""MaxSpreadPts"": 0}"
-50.0,-3.248579244179961,16.173747735073576,0.0,0.0,84.78700000000828,0.05926590328781756,750.3841785550118,54.0,12.0,11.0,"{""EntryMode"": 1, ""EntryTFMin"": 5, ""GridSpacingPts"": 20, ""TP_Pips"": 12.0, ""MaxLayers"": 3, ""Ladder"": ""step1"", ""MaxHoldSec"": 900, ""StopPips"": 18.0, ""MaxBasketRiskPct"": 5.0, ""AddMinSec"": 0, ""Session"": ""lateny_1923"", ""ZEntry"": 2.5, ""ZEmaBars"": 90, ""NewsBeforeMin"": 30, ""NewsAfterMin"": 60, ""NewsCloseMode"": 2, ""DailyLossPct"": 8.0, ""MaxSpreadPts"": 10}"
-50.0,0.0,0.0,0.0,0.0,100.0,0.0,0.0,0.0,0.0,0.0,"{""EntryMode"": 0, ""EntryTFMin"": 5, ""GridSpacingPts"": 35, ""TP_Pips"": 8.0, ""MaxLayers"": 2, ""Ladder"": ""step1"", ""MaxHoldSec"": 600, ""StopPips"": 10.0, ""MaxBasketRiskPct"": 1.0, ""AddMinSec"": 0, ""Session"": ""london_1013"", ""ZEntry"": 1.75, ""ZEmaBars"": 60, ""NewsBeforeMin"": 30, ""NewsAfterMin"": 30, ""NewsCloseMode"": 2, ""DailyLossPct"": 5.0, ""MaxSpreadPts"": 0}"
-50.0,-2.9758623046248767,18.633474779649998,0.0,0.0,85.98800000002292,0.12314992890975078,1129.3215459755486,69.0,9.0,82.0,"{""EntryMode"": 1, ""EntryTFMin"": 1, ""GridSpacingPts"": 95, ""TP_Pips"": 6.0, ""MaxLayers"": 2, ""Ladder"": ""step1"", ""MaxHoldSec"": 1800, ""StopPips"": 25.0, ""MaxBasketRiskPct"": 3.0, ""AddMinSec"": 30, ""Session"": ""lateny_1923"", ""ZEntry"": 2.25, ""ZEmaBars"": 120, ""NewsBeforeMin"": 30, ""NewsAfterMin"": 15, ""NewsCloseMode"": 0, ""DailyLossPct"": 8.0, ""MaxSpreadPts"": 0}"
-50.0,0.0,0.0,0.0,0.0,100.0,0.0,0.0,0.0,0.0,0.0,"{""EntryMode"": 1, ""EntryTFMin"": 1, ""GridSpacingPts"": 50, ""TP_Pips"": 8.0, ""MaxLayers"": 3, ""Ladder"": ""flat"", ""MaxHoldSec"": 60, ""StopPips"": 30.0, ""MaxBasketRiskPct"": 1.0, ""AddMinSec"": 30, ""Session"": ""asia_0109"", ""ZEntry"": 2.0, ""ZEmaBars"": 120, ""NewsBeforeMin"": 60, ""NewsAfterMin"": 60, ""NewsCloseMode"": 2, ""DailyLossPct"": 8.0, ""MaxSpreadPts"": 10}"
-50.0,-3.1167424992227244,17.529297726941156,0.0,0.0,85.36590000000255,0.08774432434819743,854.5453388400192,28.0,9.0,77.0,"{""EntryMode"": 1, ""EntryTFMin"": 1, ""GridSpacingPts"": 150, ""TP_Pips"": 5.5, ""MaxLayers"": 3, ""Ladder"": ""step2"", ""MaxHoldSec"": 1800, ""StopPips"": 25.0, ""MaxBasketRiskPct"": 3.0, ""AddMinSec"": 60, ""Session"": ""london_1013"", ""ZEntry"": 2.25, ""ZEmaBars"": 120, ""NewsBeforeMin"": 30, ""NewsAfterMin"": 15, ""NewsCloseMode"": 0, ""DailyLossPct"": 5.0, ""MaxSpreadPts"": 0}"
-50.0,-4.557742588126901,23.674608077818895,0.0,0.0,79.20700000002883,0.18934301569874182,838.6520537706945,66.0,16.0,164.0,"{""EntryMode"": 1, ""EntryTFMin"": 1, ""GridSpacingPts"": 135, ""TP_Pips"": 4.5, ""MaxLayers"": 4, ""Ladder"": ""step1"", ""MaxHoldSec"": 1800, ""StopPips"": 23.0, ""MaxBasketRiskPct"": 3.0, ""AddMinSec"": 60, ""Session"": ""lateny_1923"", ""ZEntry"": 2.25, ""ZEmaBars"": 120, ""NewsBeforeMin"": 60, ""NewsAfterMin"": 15, ""NewsCloseMode"": 0, ""DailyLossPct"": 8.0, ""MaxSpreadPts"": 0}"
-50.0,0.0,0.0,0.0,0.0,100.0,0.0,0.0,0.0,0.0,0.0,"{""EntryMode"": 1, ""EntryTFMin"": 5, ""GridSpacingPts"": 100, ""TP_Pips"": 11.5, ""MaxLayers"": 1, ""Ladder"": ""flat"", ""MaxHoldSec"": 30, ""StopPips"": 16.0, ""MaxBasketRiskPct"": 1.0, ""AddMinSec"": 15, ""Session"": ""asia_0309"", ""ZEntry"": 3.0, ""ZEmaBars"": 30, ""NewsBeforeMin"": 60, ""NewsAfterMin"": 15, ""NewsCloseMode"": 2, ""DailyLossPct"": 5.0, ""MaxSpreadPts"": 0}"
-50.0,-3.6875632083646415,21.040478000224468,0.0,0.0,82.88200000003006,0.1747189616407089,916.78822395472,68.0,15.0,144.0,"{""EntryMode"": 1, ""EntryTFMin"": 1, ""GridSpacingPts"": 105, ""TP_Pips"": 5.0, ""MaxLayers"": 1, ""Ladder"": ""step1"", ""MaxHoldSec"": 1800, ""StopPips"": 24.0, ""MaxBasketRiskPct"": 3.0, ""AddMinSec"": 60, ""Session"": ""lateny_1923"", ""ZEntry"": 2.25, ""ZEmaBars"": 120, ""NewsBeforeMin"": 30, ""NewsAfterMin"": 15, ""NewsCloseMode"": 0, ""DailyLossPct"": 8.0, ""MaxSpreadPts"": 0}"
-50.0,0.0,0.0,0.0,0.0,100.0,0.0,0.0,0.0,0.0,0.0,"{""EntryMode"": 1, ""EntryTFMin"": 5, ""GridSpacingPts"": 30, ""TP_Pips"": 11.0, ""MaxLayers"": 3, ""Ladder"": ""flat"", ""MaxHoldSec"": 120, ""StopPips"": 21.0, ""MaxBasketRiskPct"": 1.0, ""AddMinSec"": 0, ""Session"": ""ny_1519"", ""ZEntry"": 1.5, ""ZEmaBars"": 60, ""NewsBeforeMin"": 30, ""NewsAfterMin"": 15, ""NewsCloseMode"": 0, ""DailyLossPct"": 3.0, ""MaxSpreadPts"": 0}"
-50.0,-2.508456046836305,15.44133177164379,0.0,0.0,88.07800000002253,0.1216105547983789,1130.6049221670899,69.0,7.0,82.0,"{""EntryMode"": 1, ""EntryTFMin"": 1, ""GridSpacingPts"": 150, ""TP_Pips"": 6.0, ""MaxLayers"": 2, ""Ladder"": ""step2"", ""MaxHoldSec"": 1800, ""StopPips"": 26.0, ""MaxBasketRiskPct"": 3.0, ""AddMinSec"": 60, ""Session"": ""lateny_1923"", ""ZEntry"": 2.25, ""ZEmaBars"": 120, ""NewsBeforeMin"": 30, ""NewsAfterMin"": 15, ""NewsCloseMode"": 0, ""DailyLossPct"": 8.0, ""MaxSpreadPts"": 0}"
-50.0,-3.6740792886213014,19.35609946748091,0.0,0.0,82.94000000000815,0.1631736558054198,865.9395749829224,56.0,16.0,140.0,"{""EntryMode"": 1, ""EntryTFMin"": 1, ""GridSpacingPts"": 65, ""TP_Pips"": 5.5, ""MaxLayers"": 2, ""Ladder"": ""step1"", ""MaxHoldSec"": 1800, ""StopPips"": 24.0, ""MaxBasketRiskPct"": 3.0, ""AddMinSec"": 60, ""Session"": ""london_1013"", ""ZEntry"": 2.25, ""ZEmaBars"": 120, ""NewsBeforeMin"": 30, ""NewsAfterMin"": 15, ""NewsCloseMode"": 0, ""DailyLossPct"": 8.0, ""MaxSpreadPts"": 0}"
-50.0,-0.7912762840609711,7.732186401947211,0.0,0.0,96.10800000000607,0.024629985781950157,1160.6820593319444,14.0,1.0,17.0,"{""EntryMode"": 1, ""EntryTFMin"": 1, ""GridSpacingPts"": 140, ""TP_Pips"": 6.0, ""MaxLayers"": 1, ""Ladder"": ""step2"", ""MaxHoldSec"": 1800, ""StopPips"": 28.0, ""MaxBasketRiskPct"": 3.0, ""AddMinSec"": 60, ""Session"": ""lateny_1923"", ""ZEntry"": 2.25, ""ZEmaBars"": 120, ""NewsBeforeMin"": 30, ""NewsAfterMin"": 15, ""NewsCloseMode"": 0, ""DailyLossPct"": 8.0, ""MaxSpreadPts"": 0}"
-50.0,-3.9851947645112684,21.72528558135154,0.0,0.0,81.61000000002942,0.15547678524856037,1099.4135356969666,84.0,16.0,102.0,"{""EntryMode"": 1, ""EntryTFMin"": 1, ""GridSpacingPts"": 120, ""TP_Pips"": 6.5, ""MaxLayers"": 2, ""Ladder"": ""step2"", ""MaxHoldSec"": 1800, ""StopPips"": 24.0, ""MaxBasketRiskPct"": 3.0, ""AddMinSec"": 15, ""Session"": ""lateny_1923"", ""ZEntry"": 2.25, ""ZEmaBars"": 120, ""NewsBeforeMin"": 60, ""NewsAfterMin"": 15, ""NewsCloseMode"": 0, ""DailyLossPct"": 8.0, ""MaxSpreadPts"": 0}"
-50.0,-1.2270330859935341,10.585104798593346,0.0,0.0,94.01700000000122,0.011545305835289135,545.8432029565175,2.0,4.0,9.0,"{""EntryMode"": 1, ""EntryTFMin"": 1, ""GridSpacingPts"": 140, ""TP_Pips"": 6.5, ""MaxLayers"": 4, ""Ladder"": ""step2"", ""MaxHoldSec"": 1800, ""StopPips"": 23.0, ""MaxBasketRiskPct"": 3.0, ""AddMinSec"": 60, ""Session"": ""lateny_1923"", ""ZEntry"": 2.25, ""ZEmaBars"": 30, ""NewsBeforeMin"": 30, ""NewsAfterMin"": 15, ""NewsCloseMode"": 0, ""DailyLossPct"": 8.0, ""MaxSpreadPts"": 0}"
-50.0,-3.830771647676545,21.01235682118831,0.0,0.0,82.26800000003011,0.15393741113718848,1144.0177716070957,92.0,16.0,92.0,"{""EntryMode"": 1, ""EntryTFMin"": 1, ""GridSpacingPts"": 20, ""TP_Pips"": 7.0, ""MaxLayers"": 2, ""Ladder"": ""step1"", ""MaxHoldSec"": 1800, ""StopPips"": 24.0, ""MaxBasketRiskPct"": 3.0, ""AddMinSec"": 60, ""Session"": ""lateny_1923"", ""ZEntry"": 2.25, ""ZEmaBars"": 120, ""NewsBeforeMin"": 30, ""NewsAfterMin"": 15, ""NewsCloseMode"": 0, ""DailyLossPct"": 8.0, ""MaxSpreadPts"": 0}"
-50.0,-2.9582560662411606,15.403442208821474,0.0,0.0,86.06600000001477,0.0815868279027099,994.9501384873142,39.0,8.0,59.0,"{""EntryMode"": 1, ""EntryTFMin"": 1, ""GridSpacingPts"": 85, ""TP_Pips"": 5.5, ""MaxLayers"": 2, ""Ladder"": ""step1"", ""MaxHoldSec"": 1800, ""StopPips"": 25.0, ""MaxBasketRiskPct"": 3.0, ""AddMinSec"": 60, ""Session"": ""lateny_1923"", ""ZEntry"": 2.5, ""ZEmaBars"": 120, ""NewsBeforeMin"": 30, ""NewsAfterMin"": 15, ""NewsCloseMode"": 0, ""DailyLossPct"": 8.0, ""MaxSpreadPts"": 0}"
-50.0,-3.3944821436683092,16.758709215183096,0.0,0.0,84.15000000001933,0.09467150784937091,234.1902072662261,76.0,39.0,8.0,"{""EntryMode"": 1, ""EntryTFMin"": 5, ""GridSpacingPts"": 60, ""TP_Pips"": 10.5, ""MaxLayers"": 6, ""Ladder"": ""flat"", ""MaxHoldSec"": 300, ""StopPips"": 6.0, ""MaxBasketRiskPct"": 2.0, ""AddMinSec"": 60, ""Session"": ""lateny_1923"", ""ZEntry"": 2.75, ""ZEmaBars"": 120, ""NewsBeforeMin"": 30, ""NewsAfterMin"": 15, ""NewsCloseMode"": 2, ""DailyLossPct"": 3.0, ""MaxSpreadPts"": 0}"
-50.0,-4.626082211410598,23.714708241886388,0.0,0.0,78.92400000002932,0.17702802280776675,788.7336257327858,54.0,15.0,161.0,"{""EntryMode"": 1, ""EntryTFMin"": 1, ""GridSpacingPts"": 135, ""TP_Pips"": 4.0, ""MaxLayers"": 2, ""Ladder"": ""step2"", ""MaxHoldSec"": 1800, ""StopPips"": 23.0, ""MaxBasketRiskPct"": 3.0, ""AddMinSec"": 30, ""Session"": ""lateny_1923"", ""ZEntry"": 2.25, ""ZEmaBars"": 120, ""NewsBeforeMin"": 30, ""NewsAfterMin"": 15, ""NewsCloseMode"": 0, ""DailyLossPct"": 8.0, ""MaxSpreadPts"": 0}"
-50.0,0.0,0.0,0.0,0.0,100.0,0.0,0.0,0.0,0.0,0.0,"{""EntryMode"": 1, ""EntryTFMin"": 1, ""GridSpacingPts"": 25, ""TP_Pips"": 4.5, ""MaxLayers"": 2, ""Ladder"": ""flat"", ""MaxHoldSec"": 60, ""StopPips"": 30.0, ""MaxBasketRiskPct"": 1.0, ""AddMinSec"": 30, ""Session"": ""asia_0109"", ""ZEntry"": 2.0, ""ZEmaBars"": 120, ""NewsBeforeMin"": 60, ""NewsAfterMin"": 60, ""NewsCloseMode"": 2, ""DailyLossPct"": 8.0, ""MaxSpreadPts"": 10}"
-50.0,-4.274880752152333,20.332803496909314,0.0,0.0,80.38700000001252,0.01616342816940479,1004.7983294291928,9.0,10.0,2.0,"{""EntryMode"": 1, ""EntryTFMin"": 1, ""GridSpacingPts"": 20, ""TP_Pips"": 15.0, ""MaxLayers"": 4, ""Ladder"": ""flat"", ""MaxHoldSec"": 1800, ""StopPips"": 10.0, ""MaxBasketRiskPct"": 5.0, ""AddMinSec"": 60, ""Session"": ""asia_0309"", ""ZEntry"": 2.5, ""ZEmaBars"": 30, ""NewsBeforeMin"": 15, ""NewsAfterMin"": 15, ""NewsCloseMode"": 0, ""DailyLossPct"": 5.0, ""MaxSpreadPts"": 0}"
-50.0,-4.530328943628925,21.277540690744903,0.0,0.0,79.32075000000546,0.013854367002346962,1045.2443684220316,8.0,8.0,2.0,"{""EntryMode"": 1, ""EntryTFMin"": 1, ""GridSpacingPts"": 30, ""TP_Pips"": 13.0, ""MaxLayers"": 4, ""Ladder"": ""flat"", ""MaxHoldSec"": 1800, ""StopPips"": 13.0, ""MaxBasketRiskPct"": 5.0, ""AddMinSec"": 60, ""Session"": ""asia_0309"", ""ZEntry"": 2.5, ""ZEmaBars"": 30, ""NewsBeforeMin"": 15, ""NewsAfterMin"": 15, ""NewsCloseMode"": 0, ""DailyLossPct"": 5.0, ""MaxSpreadPts"": 0}"
-50.0,0.0,0.0,0.0,0.0,100.0,0.0,0.0,0.0,0.0,0.0,"{""EntryMode"": 0, ""EntryTFMin"": 5, ""GridSpacingPts"": 15, ""TP_Pips"": 7.5, ""MaxLayers"": 2, ""Ladder"": ""step1"", ""MaxHoldSec"": 600, ""StopPips"": 17.0, ""MaxBasketRiskPct"": 1.0, ""AddMinSec"": 0, ""Session"": ""london_1013"", ""ZEntry"": 2.25, ""ZEmaBars"": 60, ""NewsBeforeMin"": 30, ""NewsAfterMin"": 30, ""NewsCloseMode"": 2, ""DailyLossPct"": 5.0, ""MaxSpreadPts"": 0}"
-50.0,0.0,0.0,0.0,0.0,100.0,0.0,0.0,0.0,0.0,0.0,"{""EntryMode"": 0, ""EntryTFMin"": 5, ""GridSpacingPts"": 45, ""TP_Pips"": 7.0, ""MaxLayers"": 2, ""Ladder"": ""step1"", ""MaxHoldSec"": 600, ""StopPips"": 13.0, ""MaxBasketRiskPct"": 1.0, ""AddMinSec"": 0, ""Session"": ""london_1013"", ""ZEntry"": 1.5, ""ZEmaBars"": 60, ""NewsBeforeMin"": 30, ""NewsAfterMin"": 30, ""NewsCloseMode"": 2, ""DailyLossPct"": 5.0, ""MaxSpreadPts"": 0}"
-50.0,0.0,0.0,0.0,0.0,100.0,0.0,0.0,0.0,0.0,0.0,"{""EntryMode"": 1, ""EntryTFMin"": 1, ""GridSpacingPts"": 45, ""TP_Pips"": 4.5, ""MaxLayers"": 2, ""Ladder"": ""flat"", ""MaxHoldSec"": 60, ""StopPips"": 29.0, ""MaxBasketRiskPct"": 1.0, ""AddMinSec"": 30, ""Session"": ""asia_0109"", ""ZEntry"": 2.0, ""ZEmaBars"": 120, ""NewsBeforeMin"": 60, ""NewsAfterMin"": 60, ""NewsCloseMode"": 2, ""DailyLossPct"": 8.0, ""MaxSpreadPts"": 10}"
-50.0,-4.167646908678813,20.152546397046468,0.0,0.0,80.83800000001006,0.05926590328781756,784.9985254138707,59.0,12.0,6.0,"{""EntryMode"": 1, ""EntryTFMin"": 5, ""GridSpacingPts"": 25, ""TP_Pips"": 14.5, ""MaxLayers"": 3, ""Ladder"": ""step1"", ""MaxHoldSec"": 900, ""StopPips"": 20.0, ""MaxBasketRiskPct"": 5.0, ""AddMinSec"": 0, ""Session"": ""lateny_1923"", ""ZEntry"": 2.5, ""ZEmaBars"": 90, ""NewsBeforeMin"": 30, ""NewsAfterMin"": 60, ""NewsCloseMode"": 2, ""DailyLossPct"": 8.0, ""MaxSpreadPts"": 10}"
-50.0,0.18005802303671103,3.013977432580687,0.0,0.0,100.90300000000055,0.006157496445487539,663.7526558339596,4.0,1.0,3.0,"{""EntryMode"": 1, ""EntryTFMin"": 5, ""GridSpacingPts"": 10, ""TP_Pips"": 11.5, ""MaxLayers"": 3, ""Ladder"": ""step1"", ""MaxHoldSec"": 900, ""StopPips"": 24.0, ""MaxBasketRiskPct"": 5.0, ""AddMinSec"": 0, ""Session"": ""lateny_1923"", ""ZEntry"": 3.0, ""ZEmaBars"": 90, ""NewsBeforeMin"": 30, ""NewsAfterMin"": 60, ""NewsCloseMode"": 2, ""DailyLossPct"": 8.0, ""MaxSpreadPts"": 10}"
-50.0,0.0,0.0,0.0,0.0,100.0,0.0,0.0,0.0,0.0,0.0,"{""EntryMode"": 1, ""EntryTFMin"": 5, ""GridSpacingPts"": 15, ""TP_Pips"": 9.5, ""MaxLayers"": 2, ""Ladder"": ""flat"", ""MaxHoldSec"": 120, ""StopPips"": 19.0, ""MaxBasketRiskPct"": 1.0, ""AddMinSec"": 0, ""Session"": ""ny_1519"", ""ZEntry"": 1.25, ""ZEmaBars"": 60, ""NewsBeforeMin"": 30, ""NewsAfterMin"": 15, ""NewsCloseMode"": 0, ""DailyLossPct"": 3.0, ""MaxSpreadPts"": 0}"
-50.0,0.0,0.0,0.0,0.0,100.0,0.0,0.0,0.0,0.0,0.0,"{""EntryMode"": 1, ""EntryTFMin"": 1, ""GridSpacingPts"": 50, ""TP_Pips"": 6.0, ""MaxLayers"": 3, ""Ladder"": ""flat"", ""MaxHoldSec"": 60, ""StopPips"": 28.0, ""MaxBasketRiskPct"": 1.0, ""AddMinSec"": 30, ""Session"": ""asia_0109"", ""ZEntry"": 2.0, ""ZEmaBars"": 120, ""NewsBeforeMin"": 60, ""NewsAfterMin"": 60, ""NewsCloseMode"": 2, ""DailyLossPct"": 8.0, ""MaxSpreadPts"": 10}"
-50.0,-0.11432855008880471,5.249732004603793,0.0,0.0,99.43000000000316,0.01924217639214856,722.1963710880281,16.0,3.0,6.0,"{""EntryMode"": 1, ""EntryTFMin"": 5, ""GridSpacingPts"": 20, ""TP_Pips"": 12.5, ""MaxLayers"": 3, ""Ladder"": ""step2"", ""MaxHoldSec"": 900, ""StopPips"": 23.0, ""MaxBasketRiskPct"": 5.0, ""AddMinSec"": 0, ""Session"": ""lateny_1923"", ""ZEntry"": 2.75, ""ZEmaBars"": 90, ""NewsBeforeMin"": 30, ""NewsAfterMin"": 60, ""NewsCloseMode"": 2, ""DailyLossPct"": 8.0, ""MaxSpreadPts"": 10}"
-50.0,0.0,0.0,0.0,0.0,100.0,0.0,0.0,0.0,0.0,0.0,"{""EntryMode"": 1, ""EntryTFMin"": 1, ""GridSpacingPts"": 45, ""TP_Pips"": 7.5, ""MaxLayers"": 2, ""Ladder"": ""flat"", ""MaxHoldSec"": 60, ""StopPips"": 29.0, ""MaxBasketRiskPct"": 1.0, ""AddMinSec"": 30, ""Session"": ""asia_0109"", ""ZEntry"": 2.0, ""ZEmaBars"": 120, ""NewsBeforeMin"": 60, ""NewsAfterMin"": 60, ""NewsCloseMode"": 2, ""DailyLossPct"": 8.0, ""MaxSpreadPts"": 10}"
-50.0,-1.422700433497237,9.155454048954722,0.0,0.0,93.09000000000054,0.01308467994666102,767.0633334692787,12.0,4.0,1.0,"{""EntryMode"": 1, ""EntryTFMin"": 1, ""GridSpacingPts"": 35, ""TP_Pips"": 12.0, ""MaxLayers"": 6, ""Ladder"": ""step1"", ""MaxHoldSec"": 900, ""StopPips"": 16.0, ""MaxBasketRiskPct"": 3.0, ""AddMinSec"": 0, ""Session"": ""london_1013"", ""ZEntry"": 3.0, ""ZEmaBars"": 60, ""NewsBeforeMin"": 30, ""NewsAfterMin"": 60, ""NewsCloseMode"": 2, ""DailyLossPct"": 5.0, ""MaxSpreadPts"": 10}"
-50.0,-3.4605514513288083,16.96947768711386,0.0,0.0,83.86280900553875,0.013854367002346962,1011.3200098872184,8.0,8.0,2.0,"{""EntryMode"": 1, ""EntryTFMin"": 1, ""GridSpacingPts"": 40, ""TP_Pips"": 14.0, ""MaxLayers"": 5, ""Ladder"": ""flat"", ""MaxHoldSec"": 1800, ""StopPips"": 12.0, ""MaxBasketRiskPct"": 5.0, ""AddMinSec"": 60, ""Session"": ""asia_0309"", ""ZEntry"": 2.5, ""ZEmaBars"": 30, ""NewsBeforeMin"": 15, ""NewsAfterMin"": 15, ""NewsCloseMode"": 0, ""DailyLossPct"": 5.0, ""MaxSpreadPts"": 0}"
-50.0,0.0,0.0,0.0,0.0,100.0,0.0,0.0,0.0,0.0,0.0,"{""EntryMode"": 0, ""EntryTFMin"": 1, ""GridSpacingPts"": 120, ""TP_Pips"": 6.5, ""MaxLayers"": 1, ""Ladder"": ""step2"", ""MaxHoldSec"": 30, ""StopPips"": 10.0, ""MaxBasketRiskPct"": 1.0, ""AddMinSec"": 0, ""Session"": ""lateny_1923"", ""ZEntry"": 2.0, ""ZEmaBars"": 90, ""NewsBeforeMin"": 15, ""NewsAfterMin"": 30, ""NewsCloseMode"": 0, ""DailyLossPct"": 3.0, ""MaxSpreadPts"": 10}"
-50.0,0.0,0.0,0.0,0.0,100.0,0.0,0.0,0.0,0.0,0.0,"{""EntryMode"": 1, ""EntryTFMin"": 5, ""GridSpacingPts"": 55, ""TP_Pips"": 11.0, ""MaxLayers"": 3, ""Ladder"": ""flat"", ""MaxHoldSec"": 120, ""StopPips"": 20.0, ""MaxBasketRiskPct"": 1.0, ""AddMinSec"": 0, ""Session"": ""ny_1519"", ""ZEntry"": 1.75, ""ZEmaBars"": 60, ""NewsBeforeMin"": 30, ""NewsAfterMin"": 15, ""NewsCloseMode"": 0, ""DailyLossPct"": 3.0, ""MaxSpreadPts"": 0}"
-50.0,0.0,0.0,0.0,0.0,100.0,0.0,0.0,0.0,0.0,0.0,"{""EntryMode"": 0, ""EntryTFMin"": 5, ""GridSpacingPts"": 30, ""TP_Pips"": 7.0, ""MaxLayers"": 2, ""Ladder"": ""step1"", ""MaxHoldSec"": 600, ""StopPips"": 13.0, ""MaxBasketRiskPct"": 1.0, ""AddMinSec"": 0, ""Session"": ""london_1013"", ""ZEntry"": 2.25, ""ZEmaBars"": 60, ""NewsBeforeMin"": 30, ""NewsAfterMin"": 30, ""NewsCloseMode"": 2, ""DailyLossPct"": 5.0, ""MaxSpreadPts"": 0}"
-50.0,-4.557742588126901,23.674608077818895,0.0,0.0,79.20700000002883,0.18934301569874182,838.6520537706945,66.0,16.0,164.0,"{""EntryMode"": 1, ""EntryTFMin"": 1, ""GridSpacingPts"": 150, ""TP_Pips"": 4.5, ""MaxLayers"": 1, ""Ladder"": ""step1"", ""MaxHoldSec"": 1800, ""StopPips"": 23.0, ""MaxBasketRiskPct"": 3.0, ""AddMinSec"": 60, ""Session"": ""lateny_1923"", ""ZEntry"": 2.25, ""ZEmaBars"": 120, ""NewsBeforeMin"": 30, ""NewsAfterMin"": 15, ""NewsCloseMode"": 0, ""DailyLossPct"": 8.0, ""MaxSpreadPts"": 0}"
-50.0,-3.8914368991458503,20.391711831569054,0.0,0.0,82.00900000000891,0.05849621623213162,1068.138686768803,31.0,7.0,38.0,"{""EntryMode"": 1, ""EntryTFMin"": 1, ""GridSpacingPts"": 115, ""TP_Pips"": 6.0, ""MaxLayers"": 1, ""Ladder"": ""step1"", ""MaxHoldSec"": 1800, ""StopPips"": 24.0, ""MaxBasketRiskPct"": 3.0, ""AddMinSec"": 60, ""Session"": ""lateny_1923"", ""ZEntry"": 2.0, ""ZEmaBars"": 60, ""NewsBeforeMin"": 30, ""NewsAfterMin"": 15, ""NewsCloseMode"": 0, ""DailyLossPct"": 8.0, ""MaxSpreadPts"": 0}"
-50.0,0.0,0.0,0.0,0.0,100.0,0.0,0.0,0.0,0.0,0.0,"{""EntryMode"": 1, ""EntryTFMin"": 5, ""GridSpacingPts"": 20, ""TP_Pips"": 6.5, ""MaxLayers"": 3, ""Ladder"": ""step1"", ""MaxHoldSec"": 120, ""StopPips"": 29.0, ""MaxBasketRiskPct"": 2.0, ""AddMinSec"": 0, ""Session"": ""asia_0109"", ""ZEntry"": 1.75, ""ZEmaBars"": 30, ""NewsBeforeMin"": 15, ""NewsAfterMin"": 15, ""NewsCloseMode"": 2, ""DailyLossPct"": 5.0, ""MaxSpreadPts"": 0}"
-50.0,-3.162185996580813,17.31295753314589,0.0,0.0,85.16600000001412,0.07619901851290829,1110.6921826049133,43.0,8.0,48.0,"{""EntryMode"": 1, ""EntryTFMin"": 1, ""GridSpacingPts"": 135, ""TP_Pips"": 6.5, ""MaxLayers"": 1, ""Ladder"": ""step2"", ""MaxHoldSec"": 1800, ""StopPips"": 25.0, ""MaxBasketRiskPct"": 3.0, ""AddMinSec"": 60, ""Session"": ""lateny_1923"", ""ZEntry"": 2.5, ""ZEmaBars"": 120, ""NewsBeforeMin"": 30, ""NewsAfterMin"": 15, ""NewsCloseMode"": 0, ""DailyLossPct"": 8.0, ""MaxSpreadPts"": 0}"
-50.0,0.0,0.0,0.0,0.0,100.0,0.0,0.0,0.0,0.0,0.0,"{""EntryMode"": 1, ""EntryTFMin"": 5, ""GridSpacingPts"": 125, ""TP_Pips"": 10.5, ""MaxLayers"": 1, ""Ladder"": ""flat"", ""MaxHoldSec"": 30, ""StopPips"": 23.0, ""MaxBasketRiskPct"": 1.0, ""AddMinSec"": 15, ""Session"": ""asia_0309"", ""ZEntry"": 3.0, ""ZEmaBars"": 30, ""NewsBeforeMin"": 60, ""NewsAfterMin"": 15, ""NewsCloseMode"": 2, ""DailyLossPct"": 5.0, ""MaxSpreadPts"": 0}"
-50.0,0.0,0.0,0.0,0.0,100.0,0.0,0.0,0.0,0.0,0.0,"{""EntryMode"": 0, ""EntryTFMin"": 1, ""GridSpacingPts"": 125, ""TP_Pips"": 9.0, ""MaxLayers"": 1, ""Ladder"": ""step2"", ""MaxHoldSec"": 30, ""StopPips"": 11.0, ""MaxBasketRiskPct"": 1.0, ""AddMinSec"": 0, ""Session"": ""lateny_1923"", ""ZEntry"": 2.5, ""ZEmaBars"": 60, ""NewsBeforeMin"": 15, ""NewsAfterMin"": 30, ""NewsCloseMode"": 0, ""DailyLossPct"": 3.0, ""MaxSpreadPts"": 10}"
-50.0,0.0,0.0,0.0,0.0,100.0,0.0,0.0,0.0,0.0,0.0,"{""EntryMode"": 1, ""EntryTFMin"": 1, ""GridSpacingPts"": 30, ""TP_Pips"": 5.5, ""MaxLayers"": 4, ""Ladder"": ""flat"", ""MaxHoldSec"": 60, ""StopPips"": 28.0, ""MaxBasketRiskPct"": 1.0, ""AddMinSec"": 30, ""Session"": ""asia_0109"", ""ZEntry"": 2.0, ""ZEmaBars"": 120, ""NewsBeforeMin"": 60, ""NewsAfterMin"": 60, ""NewsCloseMode"": 2, ""DailyLossPct"": 8.0, ""MaxSpreadPts"": 10}"
-50.0,0.0,0.0,0.0,0.0,100.0,0.0,0.0,0.0,0.0,0.0,"{""EntryMode"": 1, ""EntryTFMin"": 1, ""GridSpacingPts"": 45, ""TP_Pips"": 2.0, ""MaxLayers"": 4, ""Ladder"": ""flat"", ""MaxHoldSec"": 60, ""StopPips"": 30.0, ""MaxBasketRiskPct"": 1.0, ""AddMinSec"": 30, ""Session"": ""asia_0109"", ""ZEntry"": 2.0, ""ZEmaBars"": 120, ""NewsBeforeMin"": 60, ""NewsAfterMin"": 60, ""NewsCloseMode"": 2, ""DailyLossPct"": 8.0, ""MaxSpreadPts"": 10}"
-50.0,0.0,0.0,0.0,0.0,100.0,0.0,0.0,0.0,0.0,0.0,"{""EntryMode"": 1, ""EntryTFMin"": 5, ""GridSpacingPts"": 20, ""TP_Pips"": 9.5, ""MaxLayers"": 4, ""Ladder"": ""flat"", ""MaxHoldSec"": 120, ""StopPips"": 18.0, ""MaxBasketRiskPct"": 1.0, ""AddMinSec"": 0, ""Session"": ""ny_1519"", ""ZEntry"": 1.0, ""ZEmaBars"": 60, ""NewsBeforeMin"": 30, ""NewsAfterMin"": 15, ""NewsCloseMode"": 0, ""DailyLossPct"": 3.0, ""MaxSpreadPts"": 0}"
-50.0,0.0,0.0,0.0,0.0,100.0,0.0,0.0,0.0,0.0,0.0,"{""EntryMode"": 1, ""EntryTFMin"": 5, ""GridSpacingPts"": 20, ""TP_Pips"": 6.5, ""MaxLayers"": 5, ""Ladder"": ""step1"", ""MaxHoldSec"": 120, ""StopPips"": 30.0, ""MaxBasketRiskPct"": 2.0, ""AddMinSec"": 0, ""Session"": ""asia_0309"", ""ZEntry"": 1.25, ""ZEmaBars"": 30, ""NewsBeforeMin"": 15, ""NewsAfterMin"": 30, ""NewsCloseMode"": 2, ""DailyLossPct"": 5.0, ""MaxSpreadPts"": 0}"
-50.0,0.0,0.0,0.0,0.0,100.0,0.0,0.0,0.0,0.0,0.0,"{""EntryMode"": 1, ""EntryTFMin"": 5, ""GridSpacingPts"": 75, ""TP_Pips"": 10.5, ""MaxLayers"": 1, ""Ladder"": ""flat"", ""MaxHoldSec"": 120, ""StopPips"": 19.0, ""MaxBasketRiskPct"": 1.0, ""AddMinSec"": 0, ""Session"": ""ny_1519"", ""ZEntry"": 1.25, ""ZEmaBars"": 60, ""NewsBeforeMin"": 30, ""NewsAfterMin"": 15, ""NewsCloseMode"": 0, ""DailyLossPct"": 3.0, ""MaxSpreadPts"": 0}"
-50.0,-0.21464550029127727,1.067999999997312,0.0,0.0,98.93200000000269,0.006157496445487539,33.12880748510361,8.0,0.0,0.0,"{""EntryMode"": 0, ""EntryTFMin"": 1, ""GridSpacingPts"": 120, ""TP_Pips"": 11.0, ""MaxLayers"": 1, ""Ladder"": ""step2"", ""MaxHoldSec"": 30, ""StopPips"": 9.0, ""MaxBasketRiskPct"": 1.0, ""AddMinSec"": 0, ""Session"": ""lateny_1923"", ""ZEntry"": 2.5, ""ZEmaBars"": 90, ""NewsBeforeMin"": 15, ""NewsAfterMin"": 30, ""NewsCloseMode"": 0, ""DailyLossPct"": 3.0, ""MaxSpreadPts"": 10}"
-50.0,0.0,0.0,0.0,0.0,100.0,0.0,0.0,0.0,0.0,0.0,"{""EntryMode"": 1, ""EntryTFMin"": 1, ""GridSpacingPts"": 15, ""TP_Pips"": 3.0, ""MaxLayers"": 2, ""Ladder"": ""flat"", ""MaxHoldSec"": 60, ""StopPips"": 30.0, ""MaxBasketRiskPct"": 1.0, ""AddMinSec"": 30, ""Session"": ""asia_0109"", ""ZEntry"": 2.0, ""ZEmaBars"": 120, ""NewsBeforeMin"": 60, ""NewsAfterMin"": 30, ""NewsCloseMode"": 2, ""DailyLossPct"": 8.0, ""MaxSpreadPts"": 10}"
-50.0,-3.0363271525938207,15.110669416707637,0.0,0.0,85.72055616429718,0.013854367002346962,1145.767970097065,10.0,6.0,2.0,"{""EntryMode"": 1, ""EntryTFMin"": 1, ""GridSpacingPts"": 35, ""TP_Pips"": 15.0, ""MaxLayers"": 5, ""Ladder"": ""flat"", ""MaxHoldSec"": 1800, ""StopPips"": 14.0, ""MaxBasketRiskPct"": 5.0, ""AddMinSec"": 60, ""Session"": ""asia_0309"", ""ZEntry"": 2.5, ""ZEmaBars"": 30, ""NewsBeforeMin"": 15, ""NewsAfterMin"": 15, ""NewsCloseMode"": 0, ""DailyLossPct"": 5.0, ""MaxSpreadPts"": 0}"
-50.0,0.0,0.0,0.0,0.0,100.0,0.0,0.0,0.0,0.0,0.0,"{""EntryMode"": 1, ""EntryTFMin"": 5, ""GridSpacingPts"": 130, ""TP_Pips"": 11.5, ""MaxLayers"": 1, ""Ladder"": ""flat"", ""MaxHoldSec"": 30, ""StopPips"": 20.0, ""MaxBasketRiskPct"": 1.0, ""AddMinSec"": 15, ""Session"": ""asia_0309"", ""ZEntry"": 3.0, ""ZEmaBars"": 30, ""NewsBeforeMin"": 60, ""NewsAfterMin"": 15, ""NewsCloseMode"": 2, ""DailyLossPct"": 5.0, ""MaxSpreadPts"": 0}"
-50.0,0.0,0.0,0.0,0.0,100.0,0.0,0.0,0.0,0.0,0.0,"{""EntryMode"": 1, ""EntryTFMin"": 1, ""GridSpacingPts"": 35, ""TP_Pips"": 4.0, ""MaxLayers"": 4, ""Ladder"": ""flat"", ""MaxHoldSec"": 60, ""StopPips"": 30.0, ""MaxBasketRiskPct"": 1.0, ""AddMinSec"": 30, ""Session"": ""asia_0109"", ""ZEntry"": 2.0, ""ZEmaBars"": 120, ""NewsBeforeMin"": 60, ""NewsAfterMin"": 60, ""NewsCloseMode"": 2, ""DailyLossPct"": 8.0, ""MaxSpreadPts"": 10}"
-50.0,0.0,0.0,0.0,0.0,100.0,0.0,0.0,0.0,0.0,0.0,"{""EntryMode"": 0, ""EntryTFMin"": 5, ""GridSpacingPts"": 40, ""TP_Pips"": 7.5, ""MaxLayers"": 2, ""Ladder"": ""step1"", ""MaxHoldSec"": 600, ""StopPips"": 18.0, ""MaxBasketRiskPct"": 1.0, ""AddMinSec"": 0, ""Session"": ""london_1013"", ""ZEntry"": 1.75, ""ZEmaBars"": 60, ""NewsBeforeMin"": 30, ""NewsAfterMin"": 30, ""NewsCloseMode"": 2, ""DailyLossPct"": 5.0, ""MaxSpreadPts"": 0}"
-50.0,-2.9758623046248767,18.633474779649998,0.0,0.0,85.98800000002292,0.12314992890975078,1129.3215459755486,69.0,9.0,82.0,"{""EntryMode"": 1, ""EntryTFMin"": 1, ""GridSpacingPts"": 120, ""TP_Pips"": 6.0, ""MaxLayers"": 4, ""Ladder"": ""step1"", ""MaxHoldSec"": 1800, ""StopPips"": 25.0, ""MaxBasketRiskPct"": 3.0, ""AddMinSec"": 60, ""Session"": ""lateny_1923"", ""ZEntry"": 2.25, ""ZEmaBars"": 120, ""NewsBeforeMin"": 30, ""NewsAfterMin"": 15, ""NewsCloseMode"": 0, ""DailyLossPct"": 8.0, ""MaxSpreadPts"": 0}"
-50.0,-3.042112894664617,17.547843322115,0.0,0.0,85.69500000002887,0.1685614651952214,908.3728529465296,64.0,14.0,141.0,"{""EntryMode"": 1, ""EntryTFMin"": 1, ""GridSpacingPts"": 115, ""TP_Pips"": 5.0, ""MaxLayers"": 1, ""Ladder"": ""step1"", ""MaxHoldSec"": 1800, ""StopPips"": 25.0, ""MaxBasketRiskPct"": 3.0, ""AddMinSec"": 60, ""Session"": ""lateny_1923"", ""ZEntry"": 2.25, ""ZEmaBars"": 120, ""NewsBeforeMin"": 30, ""NewsAfterMin"": 30, ""NewsCloseMode"": 0, ""DailyLossPct"": 8.0, ""MaxSpreadPts"": 0}"
-50.0,0.2495014473115731,3.113744974208617,0.0,0.0,101.25300000000072,0.006157496445487539,686.4243851900101,4.0,1.0,3.0,"{""EntryMode"": 1, ""EntryTFMin"": 5, ""GridSpacingPts"": 25, ""TP_Pips"": 13.0, ""MaxLayers"": 3, ""Ladder"": ""step1"", ""MaxHoldSec"": 900, ""StopPips"": 25.0, ""MaxBasketRiskPct"": 5.0, ""AddMinSec"": 0, ""Session"": ""lateny_1923"", ""ZEntry"": 3.0, ""ZEmaBars"": 90, ""NewsBeforeMin"": 30, ""NewsAfterMin"": 60, ""NewsCloseMode"": 2, ""DailyLossPct"": 8.0, ""MaxSpreadPts"": 10}"
-50.0,0.0,0.0,0.0,0.0,100.0,0.0,0.0,0.0,0.0,0.0,"{""EntryMode"": 1, ""EntryTFMin"": 5, ""GridSpacingPts"": 15, ""TP_Pips"": 6.0, ""MaxLayers"": 5, ""Ladder"": ""step1"", ""MaxHoldSec"": 120, ""StopPips"": 30.0, ""MaxBasketRiskPct"": 2.0, ""AddMinSec"": 0, ""Session"": ""asia_0109"", ""ZEntry"": 1.5, ""ZEmaBars"": 30, ""NewsBeforeMin"": 15, ""NewsAfterMin"": 30, ""NewsCloseMode"": 2, ""DailyLossPct"": 5.0, ""MaxSpreadPts"": 0}"
-50.0,-4.562807011675174,20.813999999979657,0.0,0.0,79.18600000002034,0.08851401140388337,1254.8955671768183,66.0,3.0,46.0,"{""EntryMode"": 0, ""EntryTFMin"": 1, ""GridSpacingPts"": 125, ""TP_Pips"": 5.5, ""MaxLayers"": 1, ""Ladder"": ""step1"", ""MaxHoldSec"": 1800, ""StopPips"": 23.0, ""MaxBasketRiskPct"": 3.0, ""AddMinSec"": 60, ""Session"": ""lateny_1923"", ""ZEntry"": 2.25, ""ZEmaBars"": 90, ""NewsBeforeMin"": 30, ""NewsAfterMin"": 15, ""NewsCloseMode"": 0, ""DailyLossPct"": 8.0, ""MaxSpreadPts"": 0}"
-50.0,-4.100838956881725,19.994476936262704,0.0,0.0,81.12000000001655,0.11468337129720542,797.2747772819595,35.0,13.0,101.0,"{""EntryMode"": 1, ""EntryTFMin"": 1, ""GridSpacingPts"": 145, ""TP_Pips"": 4.5, ""MaxLayers"": 1, ""Ladder"": ""step2"", ""MaxHoldSec"": 1800, ""StopPips"": 24.0, ""MaxBasketRiskPct"": 3.0, ""AddMinSec"": 60, ""Session"": ""lateny_1923"", ""ZEntry"": 2.5, ""ZEmaBars"": 120, ""NewsBeforeMin"": 30, ""NewsAfterMin"": 15, ""NewsCloseMode"": 0, ""DailyLossPct"": 8.0, ""MaxSpreadPts"": 0}"
-50.0,-4.850585712815059,23.5742951989262,0.0,0.0,78.00000000000362,0.05541746800938785,759.7034197847048,49.0,17.0,6.0,"{""EntryMode"": 1, ""EntryTFMin"": 1, ""GridSpacingPts"": 35, ""TP_Pips"": 12.0, ""MaxLayers"": 5, ""Ladder"": ""step1"", ""MaxHoldSec"": 900, ""StopPips"": 15.0, ""MaxBasketRiskPct"": 3.0, ""AddMinSec"": 0, ""Session"": ""london_1013"", ""ZEntry"": 2.75, ""ZEmaBars"": 60, ""NewsBeforeMin"": 30, ""NewsAfterMin"": 60, ""NewsCloseMode"": 2, ""DailyLossPct"": 5.0, ""MaxSpreadPts"": 10}"
-50.0,-0.21464550029127727,1.067999999997312,0.0,0.0,98.93200000000269,0.006157496445487539,33.12880748510361,8.0,0.0,0.0,"{""EntryMode"": 0, ""EntryTFMin"": 1, ""GridSpacingPts"": 120, ""TP_Pips"": 1.5, ""MaxLayers"": 1, ""Ladder"": ""step2"", ""MaxHoldSec"": 30, ""StopPips"": 9.0, ""MaxBasketRiskPct"": 1.0, ""AddMinSec"": 0, ""Session"": ""lateny_1923"", ""ZEntry"": 2.25, ""ZEmaBars"": 90, ""NewsBeforeMin"": 15, ""NewsAfterMin"": 30, ""NewsCloseMode"": 0, ""DailyLossPct"": 3.0, ""MaxSpreadPts"": 10}"
-50.0,0.0,0.0,0.0,0.0,100.0,0.0,0.0,0.0,0.0,0.0,"{""EntryMode"": 1, ""EntryTFMin"": 1, ""GridSpacingPts"": 20, ""TP_Pips"": 2.5, ""MaxLayers"": 1, ""Ladder"": ""flat"", ""MaxHoldSec"": 60, ""StopPips"": 29.0, ""MaxBasketRiskPct"": 1.0, ""AddMinSec"": 30, ""Session"": ""asia_0109"", ""ZEntry"": 2.0, ""ZEmaBars"": 120, ""NewsBeforeMin"": 60, ""NewsAfterMin"": 60, ""NewsCloseMode"": 2, ""DailyLossPct"": 8.0, ""MaxSpreadPts"": 10}"
-50.0,0.0,0.0,0.0,0.0,100.0,0.0,0.0,0.0,0.0,0.0,"{""EntryMode"": 1, ""EntryTFMin"": 1, ""GridSpacingPts"": 20, ""TP_Pips"": 7.5, ""MaxLayers"": 2, ""Ladder"": ""flat"", ""MaxHoldSec"": 60, ""StopPips"": 29.0, ""MaxBasketRiskPct"": 1.0, ""AddMinSec"": 30, ""Session"": ""asia_0109"", ""ZEntry"": 2.0, ""ZEmaBars"": 120, ""NewsBeforeMin"": 60, ""NewsAfterMin"": 60, ""NewsCloseMode"": 2, ""DailyLossPct"": 8.0, ""MaxSpreadPts"": 10}"
-50.0,0.0,0.0,0.0,0.0,100.0,0.0,0.0,0.0,0.0,0.0,"{""EntryMode"": 1, ""EntryTFMin"": 5, ""GridSpacingPts"": 20, ""TP_Pips"": 14.5, ""MaxLayers"": 3, ""Ladder"": ""step1"", ""MaxHoldSec"": 900, ""StopPips"": 19.0, ""MaxBasketRiskPct"": 5.0, ""AddMinSec"": 0, ""Session"": ""lateny_1923"", ""ZEntry"": 2.75, ""ZEmaBars"": 30, ""NewsBeforeMin"": 30, ""NewsAfterMin"": 60, ""NewsCloseMode"": 2, ""DailyLossPct"": 8.0, ""MaxSpreadPts"": 10}"
-50.0,-4.626082211410598,23.714708241886388,0.0,0.0,78.92400000002932,0.17702802280776675,788.7336257327858,54.0,15.0,161.0,"{""EntryMode"": 1, ""EntryTFMin"": 1, ""GridSpacingPts"": 110, ""TP_Pips"": 4.0, ""MaxLayers"": 3, ""Ladder"": ""step1"", ""MaxHoldSec"": 1800, ""StopPips"": 23.0, ""MaxBasketRiskPct"": 3.0, ""AddMinSec"": 60, ""Session"": ""lateny_1923"", ""ZEntry"": 2.25, ""ZEmaBars"": 120, ""NewsBeforeMin"": 30, ""NewsAfterMin"": 15, ""NewsCloseMode"": 0, ""DailyLossPct"": 8.0, ""MaxSpreadPts"": 0}"
-50.0,0.0,0.0,0.0,0.0,100.0,0.0,0.0,0.0,0.0,0.0,"{""EntryMode"": 1, ""EntryTFMin"": 5, ""GridSpacingPts"": 70, ""TP_Pips"": 11.0, ""MaxLayers"": 1, ""Ladder"": ""flat"", ""MaxHoldSec"": 30, ""StopPips"": 25.0, ""MaxBasketRiskPct"": 1.0, ""AddMinSec"": 15, ""Session"": ""asia_0309"", ""ZEntry"": 3.0, ""ZEmaBars"": 30, ""NewsBeforeMin"": 60, ""NewsAfterMin"": 15, ""NewsCloseMode"": 2, ""DailyLossPct"": 5.0, ""MaxSpreadPts"": 0}"
-50.0,0.0,0.0,0.0,0.0,100.0,0.0,0.0,0.0,0.0,0.0,"{""EntryMode"": 1, ""EntryTFMin"": 5, ""GridSpacingPts"": 15, ""TP_Pips"": 7.0, ""MaxLayers"": 5, ""Ladder"": ""step1"", ""MaxHoldSec"": 120, ""StopPips"": 30.0, ""MaxBasketRiskPct"": 2.0, ""AddMinSec"": 0, ""Session"": ""ny_1519"", ""ZEntry"": 1.75, ""ZEmaBars"": 30, ""NewsBeforeMin"": 15, ""NewsAfterMin"": 30, ""NewsCloseMode"": 2, ""DailyLossPct"": 5.0, ""MaxSpreadPts"": 0}"
-50.0,0.0,0.0,0.0,0.0,100.0,0.0,0.0,0.0,0.0,0.0,"{""EntryMode"": 1, ""EntryTFMin"": 5, ""GridSpacingPts"": 70, ""TP_Pips"": 10.5, ""MaxLayers"": 2, ""Ladder"": ""flat"", ""MaxHoldSec"": 120, ""StopPips"": 19.0, ""MaxBasketRiskPct"": 1.0, ""AddMinSec"": 0, ""Session"": ""ny_1519"", ""ZEntry"": 1.25, ""ZEmaBars"": 60, ""NewsBeforeMin"": 30, ""NewsAfterMin"": 15, ""NewsCloseMode"": 0, ""DailyLossPct"": 3.0, ""MaxSpreadPts"": 0}"
-50.0,0.0,0.0,0.0,0.0,100.0,0.0,0.0,0.0,0.0,0.0,"{""EntryMode"": 1, ""EntryTFMin"": 5, ""GridSpacingPts"": 40, ""TP_Pips"": 10.0, ""MaxLayers"": 2, ""Ladder"": ""flat"", ""MaxHoldSec"": 120, ""StopPips"": 16.0, ""MaxBasketRiskPct"": 1.0, ""AddMinSec"": 0, ""Session"": ""ny_1519"", ""ZEntry"": 1.0, ""ZEmaBars"": 60, ""NewsBeforeMin"": 30, ""NewsAfterMin"": 15, ""NewsCloseMode"": 0, ""DailyLossPct"": 3.0, ""MaxSpreadPts"": 0}"
-50.0,0.0,0.0,0.0,0.0,100.0,0.0,0.0,0.0,0.0,0.0,"{""EntryMode"": 0, ""EntryTFMin"": 1, ""GridSpacingPts"": 20, ""TP_Pips"": 7.0, ""MaxLayers"": 6, ""Ladder"": ""step1"", ""MaxHoldSec"": 60, ""StopPips"": 22.0, ""MaxBasketRiskPct"": 1.0, ""AddMinSec"": 0, ""Session"": ""allday_0123"", ""ZEntry"": 2.75, ""ZEmaBars"": 90, ""NewsBeforeMin"": 60, ""NewsAfterMin"": 30, ""NewsCloseMode"": 0, ""DailyLossPct"": 8.0, ""MaxSpreadPts"": 10}"
-50.0,0.0,0.0,0.0,0.0,100.0,0.0,0.0,0.0,0.0,0.0,"{""EntryMode"": 0, ""EntryTFMin"": 1, ""GridSpacingPts"": 115, ""TP_Pips"": 5.0, ""MaxLayers"": 1, ""Ladder"": ""step2"", ""MaxHoldSec"": 30, ""StopPips"": 11.0, ""MaxBasketRiskPct"": 1.0, ""AddMinSec"": 0, ""Session"": ""lateny_1923"", ""ZEntry"": 2.75, ""ZEmaBars"": 90, ""NewsBeforeMin"": 15, ""NewsAfterMin"": 30, ""NewsCloseMode"": 0, ""DailyLossPct"": 3.0, ""MaxSpreadPts"": 10}"
-50.0,0.0,0.0,0.0,0.0,100.0,0.0,0.0,0.0,0.0,0.0,"{""EntryMode"": 1, ""EntryTFMin"": 5, ""GridSpacingPts"": 10, ""TP_Pips"": 10.5, ""MaxLayers"": 4, ""Ladder"": ""step1"", ""MaxHoldSec"": 120, ""StopPips"": 30.0, ""MaxBasketRiskPct"": 2.0, ""AddMinSec"": 0, ""Session"": ""asia_0109"", ""ZEntry"": 1.5, ""ZEmaBars"": 30, ""NewsBeforeMin"": 15, ""NewsAfterMin"": 30, ""NewsCloseMode"": 2, ""DailyLossPct"": 5.0, ""MaxSpreadPts"": 0}"
-50.0,0.0,0.0,0.0,0.0,100.0,0.0,0.0,0.0,0.0,0.0,"{""EntryMode"": 0, ""EntryTFMin"": 5, ""GridSpacingPts"": 40, ""TP_Pips"": 6.0, ""MaxLayers"": 2, ""Ladder"": ""step1"", ""MaxHoldSec"": 600, ""StopPips"": 18.0, ""MaxBasketRiskPct"": 1.0, ""AddMinSec"": 0, ""Session"": ""london_1013"", ""ZEntry"": 1.5, ""ZEmaBars"": 30, ""NewsBeforeMin"": 30, ""NewsAfterMin"": 30, ""NewsCloseMode"": 2, ""DailyLossPct"": 5.0, ""MaxSpreadPts"": 0}"
-50.0,0.0,0.0,0.0,0.0,100.0,0.0,0.0,0.0,0.0,0.0,"{""EntryMode"": 0, ""EntryTFMin"": 1, ""GridSpacingPts"": 115, ""TP_Pips"": 1.5, ""MaxLayers"": 1, ""Ladder"": ""step2"", ""MaxHoldSec"": 30, ""StopPips"": 12.0, ""MaxBasketRiskPct"": 1.0, ""AddMinSec"": 0, ""Session"": ""lateny_1923"", ""ZEntry"": 2.25, ""ZEmaBars"": 90, ""NewsBeforeMin"": 15, ""NewsAfterMin"": 30, ""NewsCloseMode"": 0, ""DailyLossPct"": 3.0, ""MaxSpreadPts"": 10}"
-50.0,0.0,0.0,0.0,0.0,100.0,0.0,0.0,0.0,0.0,0.0,"{""EntryMode"": 0, ""EntryTFMin"": 1, ""GridSpacingPts"": 125, ""TP_Pips"": 8.5, ""MaxLayers"": 1, ""Ladder"": ""step2"", ""MaxHoldSec"": 30, ""StopPips"": 11.0, ""MaxBasketRiskPct"": 1.0, ""AddMinSec"": 0, ""Session"": ""lateny_1923"", ""ZEntry"": 2.25, ""ZEmaBars"": 90, ""NewsBeforeMin"": 15, ""NewsAfterMin"": 30, ""NewsCloseMode"": 0, ""DailyLossPct"": 3.0, ""MaxSpreadPts"": 10}"
-50.0,-4.427423972723954,20.35925314969644,0.0,0.0,79.74890966379999,0.10775618779603194,30.201840690204076,138.0,2.0,0.0,"{""EntryMode"": 1, ""EntryTFMin"": 5, ""GridSpacingPts"": 110, ""TP_Pips"": 11.5, ""MaxLayers"": 6, ""Ladder"": ""flat"", ""MaxHoldSec"": 30, ""StopPips"": 9.0, ""MaxBasketRiskPct"": 3.0, ""AddMinSec"": 15, ""Session"": ""asia_0309"", ""ZEntry"": 2.25, ""ZEmaBars"": 60, ""NewsBeforeMin"": 30, ""NewsAfterMin"": 60, ""NewsCloseMode"": 0, ""DailyLossPct"": 3.0, ""MaxSpreadPts"": 0}"
-50.0,0.0,0.0,0.0,0.0,100.0,0.0,0.0,0.0,0.0,0.0,"{""EntryMode"": 1, ""EntryTFMin"": 1, ""GridSpacingPts"": 15, ""TP_Pips"": 1.0, ""MaxLayers"": 3, ""Ladder"": ""flat"", ""MaxHoldSec"": 60, ""StopPips"": 29.0, ""MaxBasketRiskPct"": 1.0, ""AddMinSec"": 30, ""Session"": ""asia_0109"", ""ZEntry"": 2.0, ""ZEmaBars"": 120, ""NewsBeforeMin"": 60, ""NewsAfterMin"": 60, ""NewsCloseMode"": 2, ""DailyLossPct"": 8.0, ""MaxSpreadPts"": 10}"
-50.0,-4.623180441955855,22.87822154199058,0.0,0.0,78.93600000003659,0.16394334286110573,275.7369910187435,174.0,1.0,38.0,"{""EntryMode"": 1, ""EntryTFMin"": 1, ""GridSpacingPts"": 110, ""TP_Pips"": 5.5, ""MaxLayers"": 2, ""Ladder"": ""step1"", ""MaxHoldSec"": 300, ""StopPips"": 23.0, ""MaxBasketRiskPct"": 3.0, ""AddMinSec"": 60, ""Session"": ""lateny_1923"", ""ZEntry"": 2.0, ""ZEmaBars"": 120, ""NewsBeforeMin"": 30, ""NewsAfterMin"": 15, ""NewsCloseMode"": 0, ""DailyLossPct"": 8.0, ""MaxSpreadPts"": 0}"
-50.0,0.0,0.0,0.0,0.0,100.0,0.0,0.0,0.0,0.0,0.0,"{""EntryMode"": 1, ""EntryTFMin"": 5, ""GridSpacingPts"": 60, ""TP_Pips"": 10.0, ""MaxLayers"": 3, ""Ladder"": ""flat"", ""MaxHoldSec"": 120, ""StopPips"": 18.0, ""MaxBasketRiskPct"": 1.0, ""AddMinSec"": 0, ""Session"": ""ny_1519"", ""ZEntry"": 1.75, ""ZEmaBars"": 60, ""NewsBeforeMin"": 30, ""NewsAfterMin"": 15, ""NewsCloseMode"": 0, ""DailyLossPct"": 3.0, ""MaxSpreadPts"": 0}"
-50.0,0.0,0.0,0.0,0.0,100.0,0.0,0.0,0.0,0.0,0.0,"{""EntryMode"": 1, ""EntryTFMin"": 5, ""GridSpacingPts"": 85, ""TP_Pips"": 11.0, ""MaxLayers"": 2, ""Ladder"": ""step1"", ""MaxHoldSec"": 60, ""StopPips"": 30.0, ""MaxBasketRiskPct"": 2.0, ""AddMinSec"": 30, ""Session"": ""lateny_1923"", ""ZEntry"": 2.5, ""ZEmaBars"": 90, ""NewsBeforeMin"": 15, ""NewsAfterMin"": 30, ""NewsCloseMode"": 2, ""DailyLossPct"": 3.0, ""MaxSpreadPts"": 0}"
-50.0,0.0,0.0,0.0,0.0,100.0,0.0,0.0,0.0,0.0,0.0,"{""EntryMode"": 0, ""EntryTFMin"": 1, ""GridSpacingPts"": 115, ""TP_Pips"": 7.0, ""MaxLayers"": 1, ""Ladder"": ""step2"", ""MaxHoldSec"": 30, ""StopPips"": 10.0, ""MaxBasketRiskPct"": 1.0, ""AddMinSec"": 0, ""Session"": ""lateny_1923"", ""ZEntry"": 2.5, ""ZEmaBars"": 90, ""NewsBeforeMin"": 15, ""NewsAfterMin"": 30, ""NewsCloseMode"": 0, ""DailyLossPct"": 3.0, ""MaxSpreadPts"": 10}"
-50.0,-2.1081688003087518,12.82854862075071,0.0,0.0,89.9000000000132,0.07773839262428019,934.5385449909027,32.0,11.0,58.0,"{""EntryMode"": 1, ""EntryTFMin"": 1, ""GridSpacingPts"": 150, ""TP_Pips"": 6.5, ""MaxLayers"": 1, ""Ladder"": ""step2"", ""MaxHoldSec"": 1800, ""StopPips"": 25.0, ""MaxBasketRiskPct"": 3.0, ""AddMinSec"": 60, ""Session"": ""lateny_1923"", ""ZEntry"": 3.0, ""ZEmaBars"": 120, ""NewsBeforeMin"": 30, ""NewsAfterMin"": 15, ""NewsCloseMode"": 0, ""DailyLossPct"": 8.0, ""MaxSpreadPts"": 0}"
-50.0,0.0,0.0,0.0,0.0,100.0,0.0,0.0,0.0,0.0,0.0,"{""EntryMode"": 1, ""EntryTFMin"": 5, ""GridSpacingPts"": 20, ""TP_Pips"": 6.0, ""MaxLayers"": 4, ""Ladder"": ""step1"", ""MaxHoldSec"": 120, ""StopPips"": 30.0, ""MaxBasketRiskPct"": 2.0, ""AddMinSec"": 0, ""Session"": ""asia_0109"", ""ZEntry"": 1.5, ""ZEmaBars"": 30, ""NewsBeforeMin"": 15, ""NewsAfterMin"": 30, ""NewsCloseMode"": 2, ""DailyLossPct"": 5.0, ""MaxSpreadPts"": 0}"
-50.0,-0.5078348589911963,2.7356580523353453,0.0,0.0,97.48795588268547,0.010775618779603193,30.31066507952554,14.0,0.0,0.0,"{""EntryMode"": 1, ""EntryTFMin"": 5, ""GridSpacingPts"": 105, ""TP_Pips"": 7.5, ""MaxLayers"": 6, ""Ladder"": ""flat"", ""MaxHoldSec"": 30, ""StopPips"": 10.0, ""MaxBasketRiskPct"": 3.0, ""AddMinSec"": 15, ""Session"": ""asia_0309"", ""ZEntry"": 2.75, ""ZEmaBars"": 60, ""NewsBeforeMin"": 30, ""NewsAfterMin"": 60, ""NewsCloseMode"": 0, ""DailyLossPct"": 3.0, ""MaxSpreadPts"": 0}"
-50.0,-1.6740374033065275,10.729592590768439,0.0,0.0,91.90999999999994,0.01308467994666102,623.2051927201888,8.0,7.0,2.0,"{""EntryMode"": 1, ""EntryTFMin"": 1, ""GridSpacingPts"": 30, ""TP_Pips"": 9.0, ""MaxLayers"": 4, ""Ladder"": ""step1"", ""MaxHoldSec"": 900, ""StopPips"": 11.0, ""MaxBasketRiskPct"": 3.0, ""AddMinSec"": 0, ""Session"": ""london_1013"", ""ZEntry"": 3.0, ""ZEmaBars"": 60, ""NewsBeforeMin"": 30, ""NewsAfterMin"": 60, ""NewsCloseMode"": 2, ""DailyLossPct"": 5.0, ""MaxSpreadPts"": 10}"
-50.0,-0.21464550029127727,1.067999999997312,0.0,0.0,98.93200000000269,0.006157496445487539,33.12880748510361,8.0,0.0,0.0,"{""EntryMode"": 0, ""EntryTFMin"": 1, ""GridSpacingPts"": 120, ""TP_Pips"": 2.5, ""MaxLayers"": 1, ""Ladder"": ""step2"", ""MaxHoldSec"": 30, ""StopPips"": 9.0, ""MaxBasketRiskPct"": 1.0, ""AddMinSec"": 0, ""Session"": ""lateny_1923"", ""ZEntry"": 2.75, ""ZEmaBars"": 90, ""NewsBeforeMin"": 15, ""NewsAfterMin"": 30, ""NewsCloseMode"": 0, ""DailyLossPct"": 3.0, ""MaxSpreadPts"": 10}"
-50.0,0.0,0.0,0.0,0.0,100.0,0.0,0.0,0.0,0.0,0.0,"{""EntryMode"": 1, ""EntryTFMin"": 5, ""GridSpacingPts"": 115, ""TP_Pips"": 11.5, ""MaxLayers"": 1, ""Ladder"": ""step1"", ""MaxHoldSec"": 60, ""StopPips"": 27.0, ""MaxBasketRiskPct"": 2.0, ""AddMinSec"": 30, ""Session"": ""lateny_1923"", ""ZEntry"": 2.5, ""ZEmaBars"": 90, ""NewsBeforeMin"": 15, ""NewsAfterMin"": 30, ""NewsCloseMode"": 2, ""DailyLossPct"": 3.0, ""MaxSpreadPts"": 0}"
-50.0,0.0,0.0,0.0,0.0,100.0,0.0,0.0,0.0,0.0,0.0,"{""EntryMode"": 1, ""EntryTFMin"": 5, ""GridSpacingPts"": 45, ""TP_Pips"": 10.0, ""MaxLayers"": 3, ""Ladder"": ""flat"", ""MaxHoldSec"": 120, ""StopPips"": 25.0, ""MaxBasketRiskPct"": 1.0, ""AddMinSec"": 0, ""Session"": ""ny_1519"", ""ZEntry"": 1.0, ""ZEmaBars"": 60, ""NewsBeforeMin"": 30, ""NewsAfterMin"": 15, ""NewsCloseMode"": 0, ""DailyLossPct"": 3.0, ""MaxSpreadPts"": 0}"
-50.0,0.0,0.0,0.0,0.0,100.0,0.0,0.0,0.0,0.0,0.0,"{""EntryMode"": 1, ""EntryTFMin"": 5, ""GridSpacingPts"": 40, ""TP_Pips"": 9.5, ""MaxLayers"": 3, ""Ladder"": ""flat"", ""MaxHoldSec"": 120, ""StopPips"": 24.0, ""MaxBasketRiskPct"": 1.0, ""AddMinSec"": 0, ""Session"": ""ny_1519"", ""ZEntry"": 1.25, ""ZEmaBars"": 60, ""NewsBeforeMin"": 30, ""NewsAfterMin"": 15, ""NewsCloseMode"": 0, ""DailyLossPct"": 3.0, ""MaxSpreadPts"": 0}"
-50.0,0.0,0.0,0.0,0.0,100.0,0.0,0.0,0.0,0.0,0.0,"{""EntryMode"": 1, ""EntryTFMin"": 5, ""GridSpacingPts"": 80, ""TP_Pips"": 9.0, ""MaxLayers"": 3, ""Ladder"": ""flat"", ""MaxHoldSec"": 120, ""StopPips"": 19.0, ""MaxBasketRiskPct"": 1.0, ""AddMinSec"": 0, ""Session"": ""ny_1519"", ""ZEntry"": 1.5, ""ZEmaBars"": 60, ""NewsBeforeMin"": 30, ""NewsAfterMin"": 15, ""NewsCloseMode"": 0, ""DailyLossPct"": 3.0, ""MaxSpreadPts"": 0}"
-50.0,-2.3226563526248745,13.923739237392066,0.0,0.0,88.92000000000012,0.01308467994666102,1144.690560481128,4.0,9.0,4.0,"{""EntryMode"": 1, ""EntryTFMin"": 1, ""GridSpacingPts"": 35, ""TP_Pips"": 10.5, ""MaxLayers"": 3, ""Ladder"": ""step1"", ""MaxHoldSec"": 1800, ""StopPips"": 14.0, ""MaxBasketRiskPct"": 3.0, ""AddMinSec"": 0, ""Session"": ""london_1013"", ""ZEntry"": 3.0, ""ZEmaBars"": 60, ""NewsBeforeMin"": 30, ""NewsAfterMin"": 60, ""NewsCloseMode"": 2, ""DailyLossPct"": 5.0, ""MaxSpreadPts"": 10}"
-50.0,-0.014499356312580591,0.9609999999999276,0.0,0.0,99.92756718809332,0.0015393741113718848,30.0,2.0,0.0,0.0,"{""EntryMode"": 1, ""EntryTFMin"": 5, ""GridSpacingPts"": 105, ""TP_Pips"": 12.5, ""MaxLayers"": 1, ""Ladder"": ""flat"", ""MaxHoldSec"": 30, ""StopPips"": 21.0, ""MaxBasketRiskPct"": 3.0, ""AddMinSec"": 15, ""Session"": ""asia_0309"", ""ZEntry"": 2.75, ""ZEmaBars"": 30, ""NewsBeforeMin"": 60, ""NewsAfterMin"": 15, ""NewsCloseMode"": 2, ""DailyLossPct"": 5.0, ""MaxSpreadPts"": 0}"
-50.0,-4.674254750081919,22.36814530211655,0.0,0.0,78.72500000001513,0.10544712662897411,826.2921837343199,43.0,12.0,82.0,"{""EntryMode"": 1, ""EntryTFMin"": 1, ""GridSpacingPts"": 120, ""TP_Pips"": 5.5, ""MaxLayers"": 3, ""Ladder"": ""step1"", ""MaxHoldSec"": 1800, ""StopPips"": 22.0, ""MaxBasketRiskPct"": 3.0, ""AddMinSec"": 60, ""Session"": ""lateny_1923"", ""ZEntry"": 2.25, ""ZEmaBars"": 60, ""NewsBeforeMin"": 30, ""NewsAfterMin"": 15, ""NewsCloseMode"": 0, ""DailyLossPct"": 8.0, ""MaxSpreadPts"": 0}"
-50.0,-1.2947365264114108,6.6713068966388995,0.0,0.0,93.69541441849908,0.03155716928312364,30.392267570262995,41.0,0.0,0.0,"{""EntryMode"": 1, ""EntryTFMin"": 5, ""GridSpacingPts"": 125, ""TP_Pips"": 8.0, ""MaxLayers"": 6, ""Ladder"": ""flat"", ""MaxHoldSec"": 30, ""StopPips"": 11.0, ""MaxBasketRiskPct"": 3.0, ""AddMinSec"": 15, ""Session"": ""asia_0309"", ""ZEntry"": 2.5, ""ZEmaBars"": 60, ""NewsBeforeMin"": 30, ""NewsAfterMin"": 60, ""NewsCloseMode"": 0, ""DailyLossPct"": 3.0, ""MaxSpreadPts"": 0}"
-50.0,0.0,0.0,0.0,0.0,100.0,0.0,0.0,0.0,0.0,0.0,"{""EntryMode"": 1, ""EntryTFMin"": 5, ""GridSpacingPts"": 90, ""TP_Pips"": 12.0, ""MaxLayers"": 1, ""Ladder"": ""flat"", ""MaxHoldSec"": 30, ""StopPips"": 24.0, ""MaxBasketRiskPct"": 1.0, ""AddMinSec"": 15, ""Session"": ""asia_0309"", ""ZEntry"": 3.0, ""ZEmaBars"": 30, ""NewsBeforeMin"": 60, ""NewsAfterMin"": 15, ""NewsCloseMode"": 2, ""DailyLossPct"": 5.0, ""MaxSpreadPts"": 0}"
-50.0,0.0,0.0,0.0,0.0,100.0,0.0,0.0,0.0,0.0,0.0,"{""EntryMode"": 0, ""EntryTFMin"": 5, ""GridSpacingPts"": 40, ""TP_Pips"": 7.0, ""MaxLayers"": 2, ""Ladder"": ""step2"", ""MaxHoldSec"": 600, ""StopPips"": 14.0, ""MaxBasketRiskPct"": 1.0, ""AddMinSec"": 0, ""Session"": ""london_1013"", ""ZEntry"": 1.75, ""ZEmaBars"": 60, ""NewsBeforeMin"": 30, ""NewsAfterMin"": 30, ""NewsCloseMode"": 2, ""DailyLossPct"": 5.0, ""MaxSpreadPts"": 0}"
-50.0,0.0,0.0,0.0,0.0,100.0,0.0,0.0,0.0,0.0,0.0,"{""EntryMode"": 0, ""EntryTFMin"": 1, ""GridSpacingPts"": 20, ""TP_Pips"": 7.0, ""MaxLayers"": 3, ""Ladder"": ""step2"", ""MaxHoldSec"": 60, ""StopPips"": 25.0, ""MaxBasketRiskPct"": 1.0, ""AddMinSec"": 0, ""Session"": ""allday_0123"", ""ZEntry"": 3.0, ""ZEmaBars"": 90, ""NewsBeforeMin"": 60, ""NewsAfterMin"": 30, ""NewsCloseMode"": 0, ""DailyLossPct"": 8.0, ""MaxSpreadPts"": 10}"
-50.0,-4.462841710065668,20.497355676357248,0.0,0.0,79.60133795817296,0.1162227454085773,30.060892416151937,150.0,0.0,1.0,"{""EntryMode"": 1, ""EntryTFMin"": 1, ""GridSpacingPts"": 120, ""TP_Pips"": 5.5, ""MaxLayers"": 2, ""Ladder"": ""step1"", ""MaxHoldSec"": 30, ""StopPips"": 23.0, ""MaxBasketRiskPct"": 3.0, ""AddMinSec"": 60, ""Session"": ""lateny_1923"", ""ZEntry"": 2.5, ""ZEmaBars"": 120, ""NewsBeforeMin"": 30, ""NewsAfterMin"": 15, ""NewsCloseMode"": 0, ""DailyLossPct"": 8.0, ""MaxSpreadPts"": 0}"
-50.0,0.0,0.0,0.0,0.0,100.0,0.0,0.0,0.0,0.0,0.0,"{""EntryMode"": 1, ""EntryTFMin"": 5, ""GridSpacingPts"": 75, ""TP_Pips"": 11.0, ""MaxLayers"": 3, ""Ladder"": ""step1"", ""MaxHoldSec"": 60, ""StopPips"": 30.0, ""MaxBasketRiskPct"": 2.0, ""AddMinSec"": 15, ""Session"": ""lateny_1923"", ""ZEntry"": 2.5, ""ZEmaBars"": 90, ""NewsBeforeMin"": 15, ""NewsAfterMin"": 30, ""NewsCloseMode"": 2, ""DailyLossPct"": 3.0, ""MaxSpreadPts"": 0}"
-50.0,0.0,0.0,0.0,0.0,100.0,0.0,0.0,0.0,0.0,0.0,"{""EntryMode"": 0, ""EntryTFMin"": 5, ""GridSpacingPts"": 20, ""TP_Pips"": 6.5, ""MaxLayers"": 2, ""Ladder"": ""step1"", ""MaxHoldSec"": 600, ""StopPips"": 10.0, ""MaxBasketRiskPct"": 1.0, ""AddMinSec"": 0, ""Session"": ""london_1013"", ""ZEntry"": 1.5, ""ZEmaBars"": 60, ""NewsBeforeMin"": 30, ""NewsAfterMin"": 30, ""NewsCloseMode"": 2, ""DailyLossPct"": 5.0, ""MaxSpreadPts"": 0}"
-50.0,-2.9566766433884006,14.711999999989303,0.0,0.0,86.07300000001051,0.05541746800938785,1348.1566370391845,40.0,3.0,29.0,"{""EntryMode"": 1, ""EntryTFMin"": 1, ""GridSpacingPts"": 135, ""TP_Pips"": 6.0, ""MaxLayers"": 1, ""Ladder"": ""step2"", ""MaxHoldSec"": 1800, ""StopPips"": 25.0, ""MaxBasketRiskPct"": 3.0, ""AddMinSec"": 60, ""Session"": ""asia_0309"", ""ZEntry"": 2.25, ""ZEmaBars"": 120, ""NewsBeforeMin"": 30, ""NewsAfterMin"": 15, ""NewsCloseMode"": 0, ""DailyLossPct"": 8.0, ""MaxSpreadPts"": 0}"
-50.0,-0.9828898221595606,6.991455553886236,0.0,0.0,95.18400000000399,0.020011863447834503,115.26005367132333,24.0,1.0,1.0,"{""EntryMode"": 1, ""EntryTFMin"": 5, ""GridSpacingPts"": 15, ""TP_Pips"": 13.5, ""MaxLayers"": 3, ""Ladder"": ""step1"", ""MaxHoldSec"": 120, ""StopPips"": 19.0, ""MaxBasketRiskPct"": 5.0, ""AddMinSec"": 0, ""Session"": ""lateny_1923"", ""ZEntry"": 2.75, ""ZEmaBars"": 90, ""NewsBeforeMin"": 30, ""NewsAfterMin"": 60, ""NewsCloseMode"": 2, ""DailyLossPct"": 8.0, ""MaxSpreadPts"": 10}"
-50.0,-4.341937417431396,22.644716829194028,0.0,0.0,80.10600000000895,0.05233871978664408,807.7683534823672,56.0,6.0,6.0,"{""EntryMode"": 1, ""EntryTFMin"": 5, ""GridSpacingPts"": 25, ""TP_Pips"": 10.5, ""MaxLayers"": 3, ""Ladder"": ""step1"", ""MaxHoldSec"": 900, ""StopPips"": 17.0, ""MaxBasketRiskPct"": 5.0, ""AddMinSec"": 0, ""Session"": ""asia_0309"", ""ZEntry"": 2.75, ""ZEmaBars"": 90, ""NewsBeforeMin"": 30, ""NewsAfterMin"": 60, ""NewsCloseMode"": 2, ""DailyLossPct"": 8.0, ""MaxSpreadPts"": 10}"
-50.0,0.0,0.0,0.0,0.0,100.0,0.0,0.0,0.0,0.0,0.0,"{""EntryMode"": 1, ""EntryTFMin"": 5, ""GridSpacingPts"": 10, ""TP_Pips"": 7.0, ""MaxLayers"": 4, ""Ladder"": ""step1"", ""MaxHoldSec"": 120, ""StopPips"": 30.0, ""MaxBasketRiskPct"": 2.0, ""AddMinSec"": 0, ""Session"": ""asia_0109"", ""ZEntry"": 2.0, ""ZEmaBars"": 30, ""NewsBeforeMin"": 15, ""NewsAfterMin"": 30, ""NewsCloseMode"": 2, ""DailyLossPct"": 5.0, ""MaxSpreadPts"": 0}"
-50.0,0.0,0.0,0.0,0.0,100.0,0.0,0.0,0.0,0.0,0.0,"{""EntryMode"": 1, ""EntryTFMin"": 5, ""GridSpacingPts"": 85, ""TP_Pips"": 15.0, ""MaxLayers"": 3, ""Ladder"": ""step1"", ""MaxHoldSec"": 300, ""StopPips"": 29.0, ""MaxBasketRiskPct"": 1.0, ""AddMinSec"": 60, ""Session"": ""asia_0309"", ""ZEntry"": 2.75, ""ZEmaBars"": 30, ""NewsBeforeMin"": 30, ""NewsAfterMin"": 15, ""NewsCloseMode"": 0, ""DailyLossPct"": 5.0, ""MaxSpreadPts"": 10}"
-50.0,-1.2947365264114108,6.6713068966388995,0.0,0.0,93.69541441849908,0.03155716928312364,30.392267570262995,41.0,0.0,0.0,"{""EntryMode"": 1, ""EntryTFMin"": 5, ""GridSpacingPts"": 110, ""TP_Pips"": 8.0, ""MaxLayers"": 6, ""Ladder"": ""flat"", ""MaxHoldSec"": 30, ""StopPips"": 12.0, ""MaxBasketRiskPct"": 3.0, ""AddMinSec"": 15, ""Session"": ""asia_0309"", ""ZEntry"": 2.5, ""ZEmaBars"": 60, ""NewsBeforeMin"": 30, ""NewsAfterMin"": 60, ""NewsCloseMode"": 0, ""DailyLossPct"": 3.0, ""MaxSpreadPts"": 0}"
-50.0,0.0,0.0,0.0,0.0,100.0,0.0,0.0,0.0,0.0,0.0,"{""EntryMode"": 1, ""EntryTFMin"": 5, ""GridSpacingPts"": 85, ""TP_Pips"": 10.0, ""MaxLayers"": 3, ""Ladder"": ""step1"", ""MaxHoldSec"": 60, ""StopPips"": 29.0, ""MaxBasketRiskPct"": 2.0, ""AddMinSec"": 30, ""Session"": ""lateny_1923"", ""ZEntry"": 2.5, ""ZEmaBars"": 90, ""NewsBeforeMin"": 15, ""NewsAfterMin"": 30, ""NewsCloseMode"": 2, ""DailyLossPct"": 3.0, ""MaxSpreadPts"": 0}"
-50.0,0.0,0.0,0.0,0.0,100.0,0.0,0.0,0.0,0.0,0.0,"{""EntryMode"": 1, ""EntryTFMin"": 1, ""GridSpacingPts"": 130, ""TP_Pips"": 6.0, ""MaxLayers"": 1, ""Ladder"": ""step1"", ""MaxHoldSec"": 1800, ""StopPips"": 30.0, ""MaxBasketRiskPct"": 3.0, ""AddMinSec"": 60, ""Session"": ""lateny_1923"", ""ZEntry"": 1.75, ""ZEmaBars"": 120, ""NewsBeforeMin"": 30, ""NewsAfterMin"": 15, ""NewsCloseMode"": 0, ""DailyLossPct"": 8.0, ""MaxSpreadPts"": 0}"
-50.0,0.0,0.0,0.0,0.0,100.0,0.0,0.0,0.0,0.0,0.0,"{""EntryMode"": 0, ""EntryTFMin"": 5, ""GridSpacingPts"": 40, ""TP_Pips"": 6.5, ""MaxLayers"": 4, ""Ladder"": ""step1"", ""MaxHoldSec"": 600, ""StopPips"": 14.0, ""MaxBasketRiskPct"": 1.0, ""AddMinSec"": 0, ""Session"": ""london_1013"", ""ZEntry"": 2.0, ""ZEmaBars"": 60, ""NewsBeforeMin"": 30, ""NewsAfterMin"": 30, ""NewsCloseMode"": 2, ""DailyLossPct"": 5.0, ""MaxSpreadPts"": 0}"
-50.0,0.0,0.0,0.0,0.0,100.0,0.0,0.0,0.0,0.0,0.0,"{""EntryMode"": 0, ""EntryTFMin"": 1, ""GridSpacingPts"": 130, ""TP_Pips"": 11.5, ""MaxLayers"": 3, ""Ladder"": ""step1"", ""MaxHoldSec"": 120, ""StopPips"": 17.0, ""MaxBasketRiskPct"": 1.0, ""AddMinSec"": 0, ""Session"": ""allday_0123"", ""ZEntry"": 3.0, ""ZEmaBars"": 30, ""NewsBeforeMin"": 30, ""NewsAfterMin"": 30, ""NewsCloseMode"": 0, ""DailyLossPct"": 8.0, ""MaxSpreadPts"": 10}"
-50.0,-4.439156654646659,22.066029797552222,0.0,0.0,79.70000000000249,0.05541746800938785,749.8626621464888,49.0,17.0,6.0,"{""EntryMode"": 1, ""EntryTFMin"": 1, ""GridSpacingPts"": 50, ""TP_Pips"": 12.0, ""MaxLayers"": 5, ""Ladder"": ""step1"", ""MaxHoldSec"": 900, ""StopPips"": 14.0, ""MaxBasketRiskPct"": 3.0, ""AddMinSec"": 0, ""Session"": ""london_1013"", ""ZEntry"": 2.75, ""ZEmaBars"": 60, ""NewsBeforeMin"": 30, ""NewsAfterMin"": 30, ""NewsCloseMode"": 2, ""DailyLossPct"": 5.0, ""MaxSpreadPts"": 10}"
-50.0,0.070542357127934,2.8144423493246418,0.0,0.0,100.3530000000005,0.006157496445487539,543.778412491083,4.0,1.0,3.0,"{""EntryMode"": 1, ""EntryTFMin"": 5, ""GridSpacingPts"": 15, ""TP_Pips"": 9.0, ""MaxLayers"": 3, ""Ladder"": ""step1"", ""MaxHoldSec"": 900, ""StopPips"": 22.0, ""MaxBasketRiskPct"": 5.0, ""AddMinSec"": 0, ""Session"": ""lateny_1923"", ""ZEntry"": 3.0, ""ZEmaBars"": 90, ""NewsBeforeMin"": 30, ""NewsAfterMin"": 60, ""NewsCloseMode"": 2, ""DailyLossPct"": 8.0, ""MaxSpreadPts"": 10}"
-50.0,0.0,0.0,0.0,0.0,100.0,0.0,0.0,0.0,0.0,0.0,"{""EntryMode"": 0, ""EntryTFMin"": 1, ""GridSpacingPts"": 15, ""TP_Pips"": 4.5, ""MaxLayers"": 6, ""Ladder"": ""step2"", ""MaxHoldSec"": 60, ""StopPips"": 25.0, ""MaxBasketRiskPct"": 1.0, ""AddMinSec"": 0, ""Session"": ""allday_0123"", ""ZEntry"": 3.0, ""ZEmaBars"": 90, ""NewsBeforeMin"": 60, ""NewsAfterMin"": 30, ""NewsCloseMode"": 0, ""DailyLossPct"": 8.0, ""MaxSpreadPts"": 10}"
-50.0,-1.2621684499123709,8.400774539496247,0.0,0.0,93.8500000000007,0.01308467994666102,686.8898350631489,10.0,6.0,1.0,"{""EntryMode"": 1, ""EntryTFMin"": 1, ""GridSpacingPts"": 40, ""TP_Pips"": 12.0, ""MaxLayers"": 5, ""Ladder"": ""step1"", ""MaxHoldSec"": 900, ""StopPips"": 12.0, ""MaxBasketRiskPct"": 3.0, ""AddMinSec"": 0, ""Session"": ""london_1013"", ""ZEntry"": 3.0, ""ZEmaBars"": 60, ""NewsBeforeMin"": 30, ""NewsAfterMin"": 60, ""NewsCloseMode"": 2, ""DailyLossPct"": 5.0, ""MaxSpreadPts"": 10}"
-50.0,-4.434358264055738,22.1014671738351,0.0,0.0,79.72000000000277,0.056187155065073796,708.1510713818956,47.0,19.0,7.0,"{""EntryMode"": 1, ""EntryTFMin"": 1, ""GridSpacingPts"": 40, ""TP_Pips"": 10.5, ""MaxLayers"": 5, ""Ladder"": ""step1"", ""MaxHoldSec"": 900, ""StopPips"": 12.0, ""MaxBasketRiskPct"": 3.0, ""AddMinSec"": 0, ""Session"": ""london_1013"", ""ZEntry"": 2.75, ""ZEmaBars"": 60, ""NewsBeforeMin"": 30, ""NewsAfterMin"": 60, ""NewsCloseMode"": 2, ""DailyLossPct"": 5.0, ""MaxSpreadPts"": 10}"
-50.0,0.0,0.0,0.0,0.0,100.0,0.0,0.0,0.0,0.0,0.0,"{""EntryMode"": 0, ""EntryTFMin"": 5, ""GridSpacingPts"": 30, ""TP_Pips"": 6.5, ""MaxLayers"": 2, ""Ladder"": ""step1"", ""MaxHoldSec"": 600, ""StopPips"": 16.0, ""MaxBasketRiskPct"": 1.0, ""AddMinSec"": 0, ""Session"": ""london_1013"", ""ZEntry"": 1.75, ""ZEmaBars"": 60, ""NewsBeforeMin"": 30, ""NewsAfterMin"": 30, ""NewsCloseMode"": 2, ""DailyLossPct"": 5.0, ""MaxSpreadPts"": 0}"
-50.0,0.0,0.0,0.0,0.0,100.0,0.0,0.0,0.0,0.0,0.0,"{""EntryMode"": 0, ""EntryTFMin"": 1, ""GridSpacingPts"": 95, ""TP_Pips"": 1.0, ""MaxLayers"": 5, ""Ladder"": ""step1"", ""MaxHoldSec"": 30, ""StopPips"": 20.0, ""MaxBasketRiskPct"": 1.0, ""AddMinSec"": 30, ""Session"": ""london_1013"", ""ZEntry"": 1.5, ""ZEmaBars"": 30, ""NewsBeforeMin"": 15, ""NewsAfterMin"": 60, ""NewsCloseMode"": 2, ""DailyLossPct"": 3.0, ""MaxSpreadPts"": 0}"
-50.0,-2.279608105845121,10.883999999996561,0.0,0.0,89.11600000000344,0.06696277384467698,774.8489350977906,63.0,6.0,18.0,"{""EntryMode"": 0, ""EntryTFMin"": 1, ""GridSpacingPts"": 10, ""TP_Pips"": 10.5, ""MaxLayers"": 4, ""Ladder"": ""flat"", ""MaxHoldSec"": 900, ""StopPips"": 17.0, ""MaxBasketRiskPct"": 2.0, ""AddMinSec"": 15, ""Session"": ""ny_1519"", ""ZEntry"": 1.5, ""ZEmaBars"": 30, ""NewsBeforeMin"": 30, ""NewsAfterMin"": 15, ""NewsCloseMode"": 2, ""DailyLossPct"": 8.0, ""MaxSpreadPts"": 10}"
-50.0,0.0,0.0,0.0,0.0,100.0,0.0,0.0,0.0,0.0,0.0,"{""EntryMode"": 0, ""EntryTFMin"": 1, ""GridSpacingPts"": 55, ""TP_Pips"": 0.5, ""MaxLayers"": 1, ""Ladder"": ""flat"", ""MaxHoldSec"": 900, ""StopPips"": 27.0, ""MaxBasketRiskPct"": 2.0, ""AddMinSec"": 30, ""Session"": ""asia_0109"", ""ZEntry"": 3.0, ""ZEmaBars"": 60, ""NewsBeforeMin"": 60, ""NewsAfterMin"": 15, ""NewsCloseMode"": 0, ""DailyLossPct"": 8.0, ""MaxSpreadPts"": 10}"
-50.0,-0.10910216725666944,0.543999999999798,0.0,0.0,99.4560000000002,0.0030787482227437697,1800.0,4.0,0.0,0.0,"{""EntryMode"": 0, ""EntryTFMin"": 1, ""GridSpacingPts"": 15, ""TP_Pips"": 14.5, ""MaxLayers"": 2, ""Ladder"": ""flat"", ""MaxHoldSec"": 1800, ""StopPips"": 19.0, ""MaxBasketRiskPct"": 2.0, ""AddMinSec"": 15, ""Session"": ""asia_0309"", ""ZEntry"": 2.25, ""ZEmaBars"": 120, ""NewsBeforeMin"": 30, ""NewsAfterMin"": 15, ""NewsCloseMode"": 2, ""DailyLossPct"": 8.0, ""MaxSpreadPts"": 10}"
-50.0,0.0,0.0,0.0,0.0,100.0,0.0,0.0,0.0,0.0,0.0,"{""EntryMode"": 0, ""EntryTFMin"": 1, ""GridSpacingPts"": 10, ""TP_Pips"": 5.5, ""MaxLayers"": 5, ""Ladder"": ""step2"", ""MaxHoldSec"": 60, ""StopPips"": 20.0, ""MaxBasketRiskPct"": 1.0, ""AddMinSec"": 0, ""Session"": ""allday_0123"", ""ZEntry"": 3.0, ""ZEmaBars"": 90, ""NewsBeforeMin"": 60, ""NewsAfterMin"": 30, ""NewsCloseMode"": 0, ""DailyLossPct"": 8.0, ""MaxSpreadPts"": 10}"
-50.0,0.0,0.0,0.0,0.0,100.0,0.0,0.0,0.0,0.0,0.0,"{""EntryMode"": 1, ""EntryTFMin"": 5, ""GridSpacingPts"": 40, ""TP_Pips"": 9.0, ""MaxLayers"": 3, ""Ladder"": ""flat"", ""MaxHoldSec"": 120, ""StopPips"": 20.0, ""MaxBasketRiskPct"": 1.0, ""AddMinSec"": 0, ""Session"": ""asia_0109"", ""ZEntry"": 1.0, ""ZEmaBars"": 60, ""NewsBeforeMin"": 30, ""NewsAfterMin"": 15, ""NewsCloseMode"": 0, ""DailyLossPct"": 3.0, ""MaxSpreadPts"": 0}"
-50.0,-3.3742735331979135,18.68290987718762,0.0,0.0,84.2380000000267,0.1685614651952214,845.1590263964772,56.0,14.0,149.0,"{""EntryMode"": 1, ""EntryTFMin"": 1, ""GridSpacingPts"": 150, ""TP_Pips"": 4.5, ""MaxLayers"": 2, ""Ladder"": ""step2"", ""MaxHoldSec"": 1800, ""StopPips"": 25.0, ""MaxBasketRiskPct"": 3.0, ""AddMinSec"": 60, ""Session"": ""lateny_1923"", ""ZEntry"": 2.25, ""ZEmaBars"": 120, ""NewsBeforeMin"": 30, ""NewsAfterMin"": 15, ""NewsCloseMode"": 0, ""DailyLossPct"": 8.0, ""MaxSpreadPts"": 0}"
-50.0,-1.4974075296495637,11.4113138302409,0.0,0.0,92.73800000000679,0.02924810811606581,1072.1093807816505,15.0,2.0,21.0,"{""EntryMode"": 1, ""EntryTFMin"": 1, ""GridSpacingPts"": 150, ""TP_Pips"": 5.5, ""MaxLayers"": 1, ""Ladder"": ""step2"", ""MaxHoldSec"": 1800, ""StopPips"": 27.0, ""MaxBasketRiskPct"": 3.0, ""AddMinSec"": 15, ""Session"": ""lateny_1923"", ""ZEntry"": 2.25, ""ZEmaBars"": 120, ""NewsBeforeMin"": 30, ""NewsAfterMin"": 15, ""NewsCloseMode"": 2, ""DailyLossPct"": 8.0, ""MaxSpreadPts"": 0}"
-50.0,0.0,0.0,0.0,0.0,100.0,0.0,0.0,0.0,0.0,0.0,"{""EntryMode"": 1, ""EntryTFMin"": 5, ""GridSpacingPts"": 15, ""TP_Pips"": 5.0, ""MaxLayers"": 4, ""Ladder"": ""step1"", ""MaxHoldSec"": 120, ""StopPips"": 29.0, ""MaxBasketRiskPct"": 2.0, ""AddMinSec"": 0, ""Session"": ""asia_0109"", ""ZEntry"": 1.75, ""ZEmaBars"": 30, ""NewsBeforeMin"": 15, ""NewsAfterMin"": 30, ""NewsCloseMode"": 2, ""DailyLossPct"": 5.0, ""MaxSpreadPts"": 0}"
-50.0,0.0,0.0,0.0,0.0,100.0,0.0,0.0,0.0,0.0,0.0,"{""EntryMode"": 0, ""EntryTFMin"": 5, ""GridSpacingPts"": 30, ""TP_Pips"": 5.5, ""MaxLayers"": 2, ""Ladder"": ""step1"", ""MaxHoldSec"": 600, ""StopPips"": 18.0, ""MaxBasketRiskPct"": 1.0, ""AddMinSec"": 0, ""Session"": ""london_1013"", ""ZEntry"": 1.75, ""ZEmaBars"": 60, ""NewsBeforeMin"": 30, ""NewsAfterMin"": 60, ""NewsCloseMode"": 2, ""DailyLossPct"": 5.0, ""MaxSpreadPts"": 0}"
-50.0,0.0,0.0,0.0,0.0,100.0,0.0,0.0,0.0,0.0,0.0,"{""EntryMode"": 1, ""EntryTFMin"": 5, ""GridSpacingPts"": 105, ""TP_Pips"": 11.5, ""MaxLayers"": 1, ""Ladder"": ""step1"", ""MaxHoldSec"": 300, ""StopPips"": 30.0, ""MaxBasketRiskPct"": 1.0, ""AddMinSec"": 60, ""Session"": ""asia_0309"", ""ZEntry"": 3.0, ""ZEmaBars"": 30, ""NewsBeforeMin"": 30, ""NewsAfterMin"": 15, ""NewsCloseMode"": 0, ""DailyLossPct"": 5.0, ""MaxSpreadPts"": 10}"
-50.0,0.0,0.0,0.0,0.0,100.0,0.0,0.0,0.0,0.0,0.0,"{""EntryMode"": 1, ""EntryTFMin"": 5, ""GridSpacingPts"": 75, ""TP_Pips"": 11.5, ""MaxLayers"": 1, ""Ladder"": ""flat"", ""MaxHoldSec"": 30, ""StopPips"": 21.0, ""MaxBasketRiskPct"": 1.0, ""AddMinSec"": 15, ""Session"": ""asia_0309"", ""ZEntry"": 2.5, ""ZEmaBars"": 60, ""NewsBeforeMin"": 60, ""NewsAfterMin"": 15, ""NewsCloseMode"": 2, ""DailyLossPct"": 5.0, ""MaxSpreadPts"": 0}"
-50.0,-4.593216133658573,24.695028092014585,0.0,0.0,79.0600000000383,0.20242769564540286,1203.282168474164,134.0,19.0,110.0,"{""EntryMode"": 1, ""EntryTFMin"": 1, ""GridSpacingPts"": 150, ""TP_Pips"": 7.5, ""MaxLayers"": 1, ""Ladder"": ""step2"", ""MaxHoldSec"": 1800, ""StopPips"": 23.0, ""MaxBasketRiskPct"": 3.0, ""AddMinSec"": 30, ""Session"": ""lateny_1923"", ""ZEntry"": 2.25, ""ZEmaBars"": 120, ""NewsBeforeMin"": 30, ""NewsAfterMin"": 15, ""NewsCloseMode"": 0, ""DailyLossPct"": 8.0, ""MaxSpreadPts"": 0}"
-50.0,0.0,0.0,0.0,0.0,100.0,0.0,0.0,0.0,0.0,0.0,"{""EntryMode"": 1, ""EntryTFMin"": 1, ""GridSpacingPts"": 40, ""TP_Pips"": 2.0, ""MaxLayers"": 1, ""Ladder"": ""flat"", ""MaxHoldSec"": 60, ""StopPips"": 30.0, ""MaxBasketRiskPct"": 1.0, ""AddMinSec"": 30, ""Session"": ""asia_0109"", ""ZEntry"": 2.25, ""ZEmaBars"": 120, ""NewsBeforeMin"": 60, ""NewsAfterMin"": 60, ""NewsCloseMode"": 2, ""DailyLossPct"": 8.0, ""MaxSpreadPts"": 10}"
-50.0,0.0,0.0,0.0,0.0,100.0,0.0,0.0,0.0,0.0,0.0,"{""EntryMode"": 1, ""EntryTFMin"": 5, ""GridSpacingPts"": 100, ""TP_Pips"": 11.0, ""MaxLayers"": 1, ""Ladder"": ""flat"", ""MaxHoldSec"": 30, ""StopPips"": 21.0, ""MaxBasketRiskPct"": 1.0, ""AddMinSec"": 15, ""Session"": ""asia_0309"", ""ZEntry"": 2.75, ""ZEmaBars"": 30, ""NewsBeforeMin"": 60, ""NewsAfterMin"": 15, ""NewsCloseMode"": 2, ""DailyLossPct"": 5.0, ""MaxSpreadPts"": 0}"
-50.0,0.0,0.0,0.0,0.0,100.0,0.0,0.0,0.0,0.0,0.0,"{""EntryMode"": 0, ""EntryTFMin"": 5, ""GridSpacingPts"": 10, ""TP_Pips"": 6.0, ""MaxLayers"": 2, ""Ladder"": ""step1"", ""MaxHoldSec"": 600, ""StopPips"": 18.0, ""MaxBasketRiskPct"": 1.0, ""AddMinSec"": 0, ""Session"": ""london_1013"", ""ZEntry"": 1.5, ""ZEmaBars"": 60, ""NewsBeforeMin"": 30, ""NewsAfterMin"": 30, ""NewsCloseMode"": 2, ""DailyLossPct"": 5.0, ""MaxSpreadPts"": 0}"
-50.0,-0.25989973153954793,5.698920455673492,0.0,0.0,98.7080000000026,0.01924217639214856,693.4778995609283,14.0,4.0,7.0,"{""EntryMode"": 1, ""EntryTFMin"": 5, ""GridSpacingPts"": 25, ""TP_Pips"": 11.0, ""MaxLayers"": 3, ""Ladder"": ""step1"", ""MaxHoldSec"": 900, ""StopPips"": 19.0, ""MaxBasketRiskPct"": 5.0, ""AddMinSec"": 0, ""Session"": ""lateny_1923"", ""ZEntry"": 2.75, ""ZEmaBars"": 90, ""NewsBeforeMin"": 30, ""NewsAfterMin"": 60, ""NewsCloseMode"": 2, ""DailyLossPct"": 5.0, ""MaxSpreadPts"": 10}"
-50.0,0.0,0.0,0.0,0.0,100.0,0.0,0.0,0.0,0.0,0.0,"{""EntryMode"": 1, ""EntryTFMin"": 5, ""GridSpacingPts"": 60, ""TP_Pips"": 14.0, ""MaxLayers"": 3, ""Ladder"": ""step1"", ""MaxHoldSec"": 300, ""StopPips"": 29.0, ""MaxBasketRiskPct"": 1.0, ""AddMinSec"": 60, ""Session"": ""asia_0309"", ""ZEntry"": 3.0, ""ZEmaBars"": 30, ""NewsBeforeMin"": 30, ""NewsAfterMin"": 15, ""NewsCloseMode"": 0, ""DailyLossPct"": 5.0, ""MaxSpreadPts"": 10}"
-50.0,-0.29470430354615607,5.944479771081798,0.0,0.0,98.5360000000026,0.01924217639214856,697.2150000572205,15.0,4.0,6.0,"{""EntryMode"": 1, ""EntryTFMin"": 5, ""GridSpacingPts"": 10, ""TP_Pips"": 11.5, ""MaxLayers"": 3, ""Ladder"": ""step1"", ""MaxHoldSec"": 900, ""StopPips"": 20.0, ""MaxBasketRiskPct"": 5.0, ""AddMinSec"": 0, ""Session"": ""lateny_1923"", ""ZEntry"": 2.75, ""ZEmaBars"": 90, ""NewsBeforeMin"": 30, ""NewsAfterMin"": 60, ""NewsCloseMode"": 2, ""DailyLossPct"": 8.0, ""MaxSpreadPts"": 10}"
-50.0,0.0,0.0,0.0,0.0,100.0,0.0,0.0,0.0,0.0,0.0,"{""EntryMode"": 1, ""EntryTFMin"": 5, ""GridSpacingPts"": 100, ""TP_Pips"": 13.0, ""MaxLayers"": 3, ""Ladder"": ""step1"", ""MaxHoldSec"": 300, ""StopPips"": 27.0, ""MaxBasketRiskPct"": 1.0, ""AddMinSec"": 60, ""Session"": ""asia_0309"", ""ZEntry"": 3.0, ""ZEmaBars"": 30, ""NewsBeforeMin"": 30, ""NewsAfterMin"": 15, ""NewsCloseMode"": 0, ""DailyLossPct"": 5.0, ""MaxSpreadPts"": 10}"
-50.0,0.0,0.0,0.0,0.0,100.0,0.0,0.0,0.0,0.0,0.0,"{""EntryMode"": 1, ""EntryTFMin"": 5, ""GridSpacingPts"": 90, ""TP_Pips"": 11.5, ""MaxLayers"": 1, ""Ladder"": ""flat"", ""MaxHoldSec"": 30, ""StopPips"": 21.0, ""MaxBasketRiskPct"": 1.0, ""AddMinSec"": 15, ""Session"": ""asia_0109"", ""ZEntry"": 3.0, ""ZEmaBars"": 30, ""NewsBeforeMin"": 60, ""NewsAfterMin"": 15, ""NewsCloseMode"": 2, ""DailyLossPct"": 5.0, ""MaxSpreadPts"": 0}"
-50.0,0.0,0.0,0.0,0.0,100.0,0.0,0.0,0.0,0.0,0.0,"{""EntryMode"": 1, ""EntryTFMin"": 5, ""GridSpacingPts"": 15, ""TP_Pips"": 7.5, ""MaxLayers"": 1, ""Ladder"": ""step1"", ""MaxHoldSec"": 120, ""StopPips"": 30.0, ""MaxBasketRiskPct"": 2.0, ""AddMinSec"": 0, ""Session"": ""asia_0109"", ""ZEntry"": 1.0, ""ZEmaBars"": 30, ""NewsBeforeMin"": 15, ""NewsAfterMin"": 30, ""NewsCloseMode"": 2, ""DailyLossPct"": 5.0, ""MaxSpreadPts"": 0}"
-50.0,-4.4345381863233,20.842766358844525,0.0,0.0,79.71925000000766,0.013854367002346962,1056.3009628415107,8.0,8.0,2.0,"{""EntryMode"": 1, ""EntryTFMin"": 1, ""GridSpacingPts"": 25, ""TP_Pips"": 15.0, ""MaxLayers"": 3, ""Ladder"": ""flat"", ""MaxHoldSec"": 1800, ""StopPips"": 13.0, ""MaxBasketRiskPct"": 5.0, ""AddMinSec"": 60, ""Session"": ""asia_0309"", ""ZEntry"": 2.5, ""ZEmaBars"": 30, ""NewsBeforeMin"": 15, ""NewsAfterMin"": 15, ""NewsCloseMode"": 0, ""DailyLossPct"": 5.0, ""MaxSpreadPts"": 0}"
-50.0,-0.6286158666751529,3.206999999999681,0.0,0.0,96.89800000000042,0.0015393741113718848,300.0,2.0,0.0,0.0,"{""EntryMode"": 1, ""EntryTFMin"": 5, ""GridSpacingPts"": 90, ""TP_Pips"": 14.0, ""MaxLayers"": 3, ""Ladder"": ""step1"", ""MaxHoldSec"": 300, ""StopPips"": 29.0, ""MaxBasketRiskPct"": 5.0, ""AddMinSec"": 60, ""Session"": ""asia_0309"", ""ZEntry"": 3.0, ""ZEmaBars"": 30, ""NewsBeforeMin"": 30, ""NewsAfterMin"": 15, ""NewsCloseMode"": 0, ""DailyLossPct"": 5.0, ""MaxSpreadPts"": 10}"
-50.0,0.0,0.0,0.0,0.0,100.0,0.0,0.0,0.0,0.0,0.0,"{""EntryMode"": 1, ""EntryTFMin"": 5, ""GridSpacingPts"": 90, ""TP_Pips"": 14.5, ""MaxLayers"": 4, ""Ladder"": ""step1"", ""MaxHoldSec"": 300, ""StopPips"": 30.0, ""MaxBasketRiskPct"": 1.0, ""AddMinSec"": 60, ""Session"": ""asia_0309"", ""ZEntry"": 3.0, ""ZEmaBars"": 30, ""NewsBeforeMin"": 30, ""NewsAfterMin"": 15, ""NewsCloseMode"": 0, ""DailyLossPct"": 5.0, ""MaxSpreadPts"": 10}"
-50.0,0.0,0.0,0.0,0.0,100.0,0.0,0.0,0.0,0.0,0.0,"{""EntryMode"": 1, ""EntryTFMin"": 5, ""GridSpacingPts"": 125, ""TP_Pips"": 11.5, ""MaxLayers"": 1, ""Ladder"": ""flat"", ""MaxHoldSec"": 30, ""StopPips"": 22.0, ""MaxBasketRiskPct"": 1.0, ""AddMinSec"": 15, ""Session"": ""asia_0309"", ""ZEntry"": 2.75, ""ZEmaBars"": 30, ""NewsBeforeMin"": 60, ""NewsAfterMin"": 15, ""NewsCloseMode"": 2, ""DailyLossPct"": 5.0, ""MaxSpreadPts"": 0}"
-50.0,0.0,0.0,0.0,0.0,100.0,0.0,0.0,0.0,0.0,0.0,"{""EntryMode"": 1, ""EntryTFMin"": 1, ""GridSpacingPts"": 30, ""TP_Pips"": 1.0, ""MaxLayers"": 2, ""Ladder"": ""flat"", ""MaxHoldSec"": 60, ""StopPips"": 29.0, ""MaxBasketRiskPct"": 1.0, ""AddMinSec"": 30, ""Session"": ""allday_0123"", ""ZEntry"": 2.0, ""ZEmaBars"": 120, ""NewsBeforeMin"": 60, ""NewsAfterMin"": 60, ""NewsCloseMode"": 2, ""DailyLossPct"": 8.0, ""MaxSpreadPts"": 10}"
-50.0,0.0,0.0,0.0,0.0,100.0,0.0,0.0,0.0,0.0,0.0,"{""EntryMode"": 0, ""EntryTFMin"": 5, ""GridSpacingPts"": 85, ""TP_Pips"": 3.5, ""MaxLayers"": 2, ""Ladder"": ""flat"", ""MaxHoldSec"": 1800, ""StopPips"": 17.0, ""MaxBasketRiskPct"": 1.0, ""AddMinSec"": 0, ""Session"": ""lateny_1923"", ""ZEntry"": 2.25, ""ZEmaBars"": 60, ""NewsBeforeMin"": 15, ""NewsAfterMin"": 15, ""NewsCloseMode"": 2, ""DailyLossPct"": 5.0, ""MaxSpreadPts"": 0}"
-50.0,0.0,0.0,0.0,0.0,100.0,0.0,0.0,0.0,0.0,0.0,"{""EntryMode"": 0, ""EntryTFMin"": 1, ""GridSpacingPts"": 130, ""TP_Pips"": 5.5, ""MaxLayers"": 2, ""Ladder"": ""step2"", ""MaxHoldSec"": 30, ""StopPips"": 10.0, ""MaxBasketRiskPct"": 1.0, ""AddMinSec"": 0, ""Session"": ""lateny_1923"", ""ZEntry"": 2.75, ""ZEmaBars"": 90, ""NewsBeforeMin"": 15, ""NewsAfterMin"": 30, ""NewsCloseMode"": 0, ""DailyLossPct"": 3.0, ""MaxSpreadPts"": 10}"
-50.0,0.0,0.0,0.0,0.0,100.0,0.0,0.0,0.0,0.0,0.0,"{""EntryMode"": 0, ""EntryTFMin"": 5, ""GridSpacingPts"": 110, ""TP_Pips"": 2.0, ""MaxLayers"": 2, ""Ladder"": ""flat"", ""MaxHoldSec"": 1800, ""StopPips"": 15.0, ""MaxBasketRiskPct"": 1.0, ""AddMinSec"": 0, ""Session"": ""lateny_1923"", ""ZEntry"": 2.5, ""ZEmaBars"": 60, ""NewsBeforeMin"": 15, ""NewsAfterMin"": 15, ""NewsCloseMode"": 2, ""DailyLossPct"": 5.0, ""MaxSpreadPts"": 0}"
-50.0,0.0,0.0,0.0,0.0,100.0,0.0,0.0,0.0,0.0,0.0,"{""EntryMode"": 1, ""EntryTFMin"": 5, ""GridSpacingPts"": 20, ""TP_Pips"": 7.0, ""MaxLayers"": 3, ""Ladder"": ""step1"", ""MaxHoldSec"": 120, ""StopPips"": 28.0, ""MaxBasketRiskPct"": 2.0, ""AddMinSec"": 0, ""Session"": ""asia_0109"", ""ZEntry"": 2.0, ""ZEmaBars"": 30, ""NewsBeforeMin"": 15, ""NewsAfterMin"": 30, ""NewsCloseMode"": 2, ""DailyLossPct"": 5.0, ""MaxSpreadPts"": 0}"
-50.0,0.0,0.0,0.0,0.0,100.0,0.0,0.0,0.0,0.0,0.0,"{""EntryMode"": 1, ""EntryTFMin"": 1, ""GridSpacingPts"": 15, ""TP_Pips"": 14.5, ""MaxLayers"": 6, ""Ladder"": ""flat"", ""MaxHoldSec"": 1800, ""StopPips"": 13.0, ""MaxBasketRiskPct"": 5.0, ""AddMinSec"": 60, ""Session"": ""lateny_1923"", ""ZEntry"": 2.5, ""ZEmaBars"": 30, ""NewsBeforeMin"": 15, ""NewsAfterMin"": 15, ""NewsCloseMode"": 0, ""DailyLossPct"": 5.0, ""MaxSpreadPts"": 0}"
-50.0,0.0,0.0,0.0,0.0,100.0,0.0,0.0,0.0,0.0,0.0,"{""EntryMode"": 0, ""EntryTFMin"": 1, ""GridSpacingPts"": 10, ""TP_Pips"": 8.5, ""MaxLayers"": 6, ""Ladder"": ""step2"", ""MaxHoldSec"": 60, ""StopPips"": 21.0, ""MaxBasketRiskPct"": 1.0, ""AddMinSec"": 0, ""Session"": ""allday_0123"", ""ZEntry"": 3.0, ""ZEmaBars"": 90, ""NewsBeforeMin"": 60, ""NewsAfterMin"": 30, ""NewsCloseMode"": 0, ""DailyLossPct"": 8.0, ""MaxSpreadPts"": 10}"
-50.0,0.0,0.0,0.0,0.0,100.0,0.0,0.0,0.0,0.0,0.0,"{""EntryMode"": 0, ""EntryTFMin"": 1, ""GridSpacingPts"": 10, ""TP_Pips"": 7.0, ""MaxLayers"": 5, ""Ladder"": ""step2"", ""MaxHoldSec"": 60, ""StopPips"": 25.0, ""MaxBasketRiskPct"": 1.0, ""AddMinSec"": 0, ""Session"": ""allday_0123"", ""ZEntry"": 3.0, ""ZEmaBars"": 90, ""NewsBeforeMin"": 60, ""NewsAfterMin"": 30, ""NewsCloseMode"": 0, ""DailyLossPct"": 8.0, ""MaxSpreadPts"": 10}"
-50.0,-1.4193731815689503,7.259495956431573,0.0,0.0,93.10570194904155,0.03155716928312364,29.81040343424169,40.0,1.0,0.0,"{""EntryMode"": 1, ""EntryTFMin"": 5, ""GridSpacingPts"": 120, ""TP_Pips"": 9.5, ""MaxLayers"": 6, ""Ladder"": ""flat"", ""MaxHoldSec"": 30, ""StopPips"": 9.0, ""MaxBasketRiskPct"": 3.0, ""AddMinSec"": 15, ""Session"": ""asia_0309"", ""ZEntry"": 2.5, ""ZEmaBars"": 60, ""NewsBeforeMin"": 30, ""NewsAfterMin"": 60, ""NewsCloseMode"": 0, ""DailyLossPct"": 3.0, ""MaxSpreadPts"": 0}"
-50.0,0.0,0.0,0.0,0.0,100.0,0.0,0.0,0.0,0.0,0.0,"{""EntryMode"": 1, ""EntryTFMin"": 5, ""GridSpacingPts"": 120, ""TP_Pips"": 2.5, ""MaxLayers"": 3, ""Ladder"": ""step1"", ""MaxHoldSec"": 1800, ""StopPips"": 22.0, ""MaxBasketRiskPct"": 1.0, ""AddMinSec"": 0, ""Session"": ""lateny_1923"", ""ZEntry"": 3.0, ""ZEmaBars"": 90, ""NewsBeforeMin"": 15, ""NewsAfterMin"": 60, ""NewsCloseMode"": 2, ""DailyLossPct"": 3.0, ""MaxSpreadPts"": 10}"
-50.0,-2.974857502611361,16.149101936522282,0.0,0.0,85.99245000001972,0.10467743957328816,1208.9231053298674,72.0,9.0,55.0,"{""EntryMode"": 1, ""EntryTFMin"": 1, ""GridSpacingPts"": 50, ""TP_Pips"": 8.0, ""MaxLayers"": 2, ""Ladder"": ""flat"", ""MaxHoldSec"": 1800, ""StopPips"": 25.0, ""MaxBasketRiskPct"": 3.0, ""AddMinSec"": 60, ""Session"": ""lateny_1923"", ""ZEntry"": 1.75, ""ZEmaBars"": 60, ""NewsBeforeMin"": 30, ""NewsAfterMin"": 15, ""NewsCloseMode"": 0, ""DailyLossPct"": 5.0, ""MaxSpreadPts"": 0}"
-50.0,0.0,0.0,0.0,0.0,100.0,0.0,0.0,0.0,0.0,0.0,"{""EntryMode"": 1, ""EntryTFMin"": 5, ""GridSpacingPts"": 60, ""TP_Pips"": 11.0, ""MaxLayers"": 2, ""Ladder"": ""step1"", ""MaxHoldSec"": 60, ""StopPips"": 30.0, ""MaxBasketRiskPct"": 2.0, ""AddMinSec"": 30, ""Session"": ""lateny_1923"", ""ZEntry"": 2.75, ""ZEmaBars"": 90, ""NewsBeforeMin"": 15, ""NewsAfterMin"": 30, ""NewsCloseMode"": 2, ""DailyLossPct"": 3.0, ""MaxSpreadPts"": 0}"
-50.0,-4.673285499126134,22.810922104002636,0.0,0.0,78.72900000002407,0.14470116646895717,814.1725723034294,49.0,18.0,121.0,"{""EntryMode"": 1, ""EntryTFMin"": 1, ""GridSpacingPts"": 145, ""TP_Pips"": 5.0, ""MaxLayers"": 2, ""Ladder"": ""step1"", ""MaxHoldSec"": 1800, ""StopPips"": 23.0, ""MaxBasketRiskPct"": 3.0, ""AddMinSec"": 60, ""Session"": ""lateny_1923"", ""ZEntry"": 2.75, ""ZEmaBars"": 120, ""NewsBeforeMin"": 30, ""NewsAfterMin"": 15, ""NewsCloseMode"": 0, ""DailyLossPct"": 8.0, ""MaxSpreadPts"": 0}"
-50.0,-1.2947365264114108,6.6713068966388995,0.0,0.0,93.69541441849908,0.03155716928312364,30.392267570262995,41.0,0.0,0.0,"{""EntryMode"": 1, ""EntryTFMin"": 5, ""GridSpacingPts"": 95, ""TP_Pips"": 8.5, ""MaxLayers"": 6, ""Ladder"": ""flat"", ""MaxHoldSec"": 30, ""StopPips"": 11.0, ""MaxBasketRiskPct"": 3.0, ""AddMinSec"": 15, ""Session"": ""asia_0309"", ""ZEntry"": 2.5, ""ZEmaBars"": 60, ""NewsBeforeMin"": 30, ""NewsAfterMin"": 60, ""NewsCloseMode"": 0, ""DailyLossPct"": 3.0, ""MaxSpreadPts"": 0}"
-50.0,-0.7578336644132433,5.926613573064671,0.0,0.0,96.27000000000614,0.028478421060379868,1263.0931170277477,18.0,1.0,18.0,"{""EntryMode"": 1, ""EntryTFMin"": 1, ""GridSpacingPts"": 125, ""TP_Pips"": 6.0, ""MaxLayers"": 1, ""Ladder"": ""step1"", ""MaxHoldSec"": 1800, ""StopPips"": 28.0, ""MaxBasketRiskPct"": 3.0, ""AddMinSec"": 60, ""Session"": ""lateny_1923"", ""ZEntry"": 1.25, ""ZEmaBars"": 120, ""NewsBeforeMin"": 30, ""NewsAfterMin"": 15, ""NewsCloseMode"": 0, ""DailyLossPct"": 8.0, ""MaxSpreadPts"": 0}"
-50.0,-4.997508960521468,23.97066838428025,0.0,0.0,77.40000000000356,0.05541746800938785,754.2026519576709,49.0,17.0,6.0,"{""EntryMode"": 1, ""EntryTFMin"": 1, ""GridSpacingPts"": 30, ""TP_Pips"": 11.0, ""MaxLayers"": 4, ""Ladder"": ""step1"", ""MaxHoldSec"": 900, ""StopPips"": 15.0, ""MaxBasketRiskPct"": 3.0, ""AddMinSec"": 0, ""Session"": ""london_1013"", ""ZEntry"": 2.75, ""ZEmaBars"": 60, ""NewsBeforeMin"": 30, ""NewsAfterMin"": 60, ""NewsCloseMode"": 2, ""DailyLossPct"": 5.0, ""MaxSpreadPts"": 10}"
-50.0,0.0,0.0,0.0,0.0,100.0,0.0,0.0,0.0,0.0,0.0,"{""EntryMode"": 1, ""EntryTFMin"": 1, ""GridSpacingPts"": 30, ""TP_Pips"": 1.0, ""MaxLayers"": 1, ""Ladder"": ""flat"", ""MaxHoldSec"": 60, ""StopPips"": 30.0, ""MaxBasketRiskPct"": 1.0, ""AddMinSec"": 30, ""Session"": ""asia_0109"", ""ZEntry"": 2.0, ""ZEmaBars"": 120, ""NewsBeforeMin"": 60, ""NewsAfterMin"": 60, ""NewsCloseMode"": 2, ""DailyLossPct"": 8.0, ""MaxSpreadPts"": 10}"
-50.0,0.0,0.0,0.0,0.0,100.0,0.0,0.0,0.0,0.0,0.0,"{""EntryMode"": 1, ""EntryTFMin"": 5, ""GridSpacingPts"": 110, ""TP_Pips"": 11.0, ""MaxLayers"": 1, ""Ladder"": ""flat"", ""MaxHoldSec"": 30, ""StopPips"": 20.0, ""MaxBasketRiskPct"": 1.0, ""AddMinSec"": 15, ""Session"": ""asia_0309"", ""ZEntry"": 3.0, ""ZEmaBars"": 30, ""NewsBeforeMin"": 60, ""NewsAfterMin"": 15, ""NewsCloseMode"": 2, ""DailyLossPct"": 5.0, ""MaxSpreadPts"": 0}"
-50.0,0.0,0.0,0.0,0.0,100.0,0.0,0.0,0.0,0.0,0.0,"{""EntryMode"": 1, ""EntryTFMin"": 5, ""GridSpacingPts"": 20, ""TP_Pips"": 8.0, ""MaxLayers"": 3, ""Ladder"": ""step1"", ""MaxHoldSec"": 120, ""StopPips"": 29.0, ""MaxBasketRiskPct"": 2.0, ""AddMinSec"": 0, ""Session"": ""asia_0109"", ""ZEntry"": 1.75, ""ZEmaBars"": 30, ""NewsBeforeMin"": 15, ""NewsAfterMin"": 30, ""NewsCloseMode"": 2, ""DailyLossPct"": 5.0, ""MaxSpreadPts"": 0}"
-50.0,0.0,0.0,0.0,0.0,100.0,0.0,0.0,0.0,0.0,0.0,"{""EntryMode"": 1, ""EntryTFMin"": 5, ""GridSpacingPts"": 65, ""TP_Pips"": 9.0, ""MaxLayers"": 1, ""Ladder"": ""flat"", ""MaxHoldSec"": 120, ""StopPips"": 20.0, ""MaxBasketRiskPct"": 1.0, ""AddMinSec"": 0, ""Session"": ""ny_1519"", ""ZEntry"": 1.25, ""ZEmaBars"": 60, ""NewsBeforeMin"": 30, ""NewsAfterMin"": 15, ""NewsCloseMode"": 0, ""DailyLossPct"": 3.0, ""MaxSpreadPts"": 0}"
-50.0,0.0,0.0,0.0,0.0,100.0,0.0,0.0,0.0,0.0,0.0,"{""EntryMode"": 1, ""EntryTFMin"": 1, ""GridSpacingPts"": 45, ""TP_Pips"": 1.5, ""MaxLayers"": 2, ""Ladder"": ""flat"", ""MaxHoldSec"": 60, ""StopPips"": 30.0, ""MaxBasketRiskPct"": 1.0, ""AddMinSec"": 30, ""Session"": ""asia_0109"", ""ZEntry"": 2.25, ""ZEmaBars"": 120, ""NewsBeforeMin"": 60, ""NewsAfterMin"": 60, ""NewsCloseMode"": 2, ""DailyLossPct"": 8.0, ""MaxSpreadPts"": 10}"
-50.0,0.0,0.0,0.0,0.0,100.0,0.0,0.0,0.0,0.0,0.0,"{""EntryMode"": 1, ""EntryTFMin"": 1, ""GridSpacingPts"": 25, ""TP_Pips"": 1.5, ""MaxLayers"": 2, ""Ladder"": ""flat"", ""MaxHoldSec"": 60, ""StopPips"": 30.0, ""MaxBasketRiskPct"": 1.0, ""AddMinSec"": 30, ""Session"": ""asia_0109"", ""ZEntry"": 1.75, ""ZEmaBars"": 120, ""NewsBeforeMin"": 60, ""NewsAfterMin"": 60, ""NewsCloseMode"": 2, ""DailyLossPct"": 8.0, ""MaxSpreadPts"": 10}"
-50.0,-1.2726977474959766,8.400774539496247,0.0,0.0,93.80000000000084,0.01308467994666102,674.5502829551696,10.0,6.0,1.0,"{""EntryMode"": 1, ""EntryTFMin"": 1, ""GridSpacingPts"": 35, ""TP_Pips"": 11.5, ""MaxLayers"": 4, ""Ladder"": ""step1"", ""MaxHoldSec"": 900, ""StopPips"": 12.0, ""MaxBasketRiskPct"": 3.0, ""AddMinSec"": 0, ""Session"": ""london_1013"", ""ZEntry"": 3.0, ""ZEmaBars"": 60, ""NewsBeforeMin"": 30, ""NewsAfterMin"": 30, ""NewsCloseMode"": 2, ""DailyLossPct"": 5.0, ""MaxSpreadPts"": 10}"
-50.0,0.0,0.0,0.0,0.0,100.0,0.0,0.0,0.0,0.0,0.0,"{""EntryMode"": 1, ""EntryTFMin"": 5, ""GridSpacingPts"": 10, ""TP_Pips"": 5.0, ""MaxLayers"": 2, ""Ladder"": ""step1"", ""MaxHoldSec"": 120, ""StopPips"": 28.0, ""MaxBasketRiskPct"": 2.0, ""AddMinSec"": 0, ""Session"": ""asia_0109"", ""ZEntry"": 1.0, ""ZEmaBars"": 30, ""NewsBeforeMin"": 15, ""NewsAfterMin"": 30, ""NewsCloseMode"": 2, ""DailyLossPct"": 5.0, ""MaxSpreadPts"": 0}"
-50.0,0.0,0.0,0.0,0.0,100.0,0.0,0.0,0.0,0.0,0.0,"{""EntryMode"": 1, ""EntryTFMin"": 1, ""GridSpacingPts"": 35, ""TP_Pips"": 1.0, ""MaxLayers"": 2, ""Ladder"": ""flat"", ""MaxHoldSec"": 60, ""StopPips"": 30.0, ""MaxBasketRiskPct"": 1.0, ""AddMinSec"": 30, ""Session"": ""asia_0109"", ""ZEntry"": 2.5, ""ZEmaBars"": 120, ""NewsBeforeMin"": 60, ""NewsAfterMin"": 60, ""NewsCloseMode"": 2, ""DailyLossPct"": 8.0, ""MaxSpreadPts"": 10}"
-50.0,0.0,0.0,0.0,0.0,100.0,0.0,0.0,0.0,0.0,0.0,"{""EntryMode"": 0, ""EntryTFMin"": 1, ""GridSpacingPts"": 10, ""TP_Pips"": 6.5, ""MaxLayers"": 6, ""Ladder"": ""step2"", ""MaxHoldSec"": 60, ""StopPips"": 25.0, ""MaxBasketRiskPct"": 1.0, ""AddMinSec"": 0, ""Session"": ""london_1013"", ""ZEntry"": 3.0, ""ZEmaBars"": 90, ""NewsBeforeMin"": 60, ""NewsAfterMin"": 30, ""NewsCloseMode"": 0, ""DailyLossPct"": 8.0, ""MaxSpreadPts"": 10}"
-50.0,0.0,0.0,0.0,0.0,100.0,0.0,0.0,0.0,0.0,0.0,"{""EntryMode"": 1, ""EntryTFMin"": 5, ""GridSpacingPts"": 30, ""TP_Pips"": 9.5, ""MaxLayers"": 3, ""Ladder"": ""flat"", ""MaxHoldSec"": 120, ""StopPips"": 18.0, ""MaxBasketRiskPct"": 1.0, ""AddMinSec"": 0, ""Session"": ""ny_1519"", ""ZEntry"": 1.0, ""ZEmaBars"": 60, ""NewsBeforeMin"": 30, ""NewsAfterMin"": 15, ""NewsCloseMode"": 0, ""DailyLossPct"": 3.0, ""MaxSpreadPts"": 0}"
-50.0,-4.453206522215758,20.91293797552474,0.0,0.0,79.6414623292668,0.013854367002346962,1008.9097498059274,7.0,8.0,3.0,"{""EntryMode"": 1, ""EntryTFMin"": 1, ""GridSpacingPts"": 25, ""TP_Pips"": 12.5, ""MaxLayers"": 5, ""Ladder"": ""flat"", ""MaxHoldSec"": 1800, ""StopPips"": 12.0, ""MaxBasketRiskPct"": 5.0, ""AddMinSec"": 60, ""Session"": ""asia_0309"", ""ZEntry"": 2.5, ""ZEmaBars"": 30, ""NewsBeforeMin"": 15, ""NewsAfterMin"": 15, ""NewsCloseMode"": 0, ""DailyLossPct"": 5.0, ""MaxSpreadPts"": 0}"
-50.0,-0.10427878378737043,0.5199999999999534,0.0,0.0,99.48000000000005,0.0030787482227437697,60.0,4.0,0.0,0.0,"{""EntryMode"": 0, ""EntryTFMin"": 1, ""GridSpacingPts"": 15, ""TP_Pips"": 3.0, ""MaxLayers"": 5, ""Ladder"": ""step1"", ""MaxHoldSec"": 60, ""StopPips"": 19.0, ""MaxBasketRiskPct"": 2.0, ""AddMinSec"": 30, ""Session"": ""london_1013"", ""ZEntry"": 3.0, ""ZEmaBars"": 60, ""NewsBeforeMin"": 60, ""NewsAfterMin"": 60, ""NewsCloseMode"": 0, ""DailyLossPct"": 3.0, ""MaxSpreadPts"": 0}"
-50.0,0.0,0.0,0.0,0.0,100.0,0.0,0.0,0.0,0.0,0.0,"{""EntryMode"": 0, ""EntryTFMin"": 1, ""GridSpacingPts"": 125, ""TP_Pips"": 9.5, ""MaxLayers"": 3, ""Ladder"": ""step1"", ""MaxHoldSec"": 120, ""StopPips"": 16.0, ""MaxBasketRiskPct"": 1.0, ""AddMinSec"": 0, ""Session"": ""allday_0123"", ""ZEntry"": 3.0, ""ZEmaBars"": 30, ""NewsBeforeMin"": 30, ""NewsAfterMin"": 30, ""NewsCloseMode"": 0, ""DailyLossPct"": 8.0, ""MaxSpreadPts"": 10}"
-50.0,0.0,0.0,0.0,0.0,100.0,0.0,0.0,0.0,0.0,0.0,"{""EntryMode"": 1, ""EntryTFMin"": 1, ""GridSpacingPts"": 75, ""TP_Pips"": 14.5, ""MaxLayers"": 3, ""Ladder"": ""step1"", ""MaxHoldSec"": 300, ""StopPips"": 30.0, ""MaxBasketRiskPct"": 1.0, ""AddMinSec"": 60, ""Session"": ""ny_1519"", ""ZEntry"": 3.0, ""ZEmaBars"": 30, ""NewsBeforeMin"": 30, ""NewsAfterMin"": 15, ""NewsCloseMode"": 0, ""DailyLossPct"": 5.0, ""MaxSpreadPts"": 10}"
-50.0,0.0,0.0,0.0,0.0,100.0,0.0,0.0,0.0,0.0,0.0,"{""EntryMode"": 0, ""EntryTFMin"": 5, ""GridSpacingPts"": 100, ""TP_Pips"": 2.0, ""MaxLayers"": 2, ""Ladder"": ""flat"", ""MaxHoldSec"": 1800, ""StopPips"": 18.0, ""MaxBasketRiskPct"": 1.0, ""AddMinSec"": 0, ""Session"": ""lateny_1923"", ""ZEntry"": 2.5, ""ZEmaBars"": 60, ""NewsBeforeMin"": 15, ""NewsAfterMin"": 15, ""NewsCloseMode"": 2, ""DailyLossPct"": 5.0, ""MaxSpreadPts"": 0}"
-50.0,0.0,0.0,0.0,0.0,100.0,0.0,0.0,0.0,0.0,0.0,"{""EntryMode"": 1, ""EntryTFMin"": 5, ""GridSpacingPts"": 80, ""TP_Pips"": 11.5, ""MaxLayers"": 2, ""Ladder"": ""step1"", ""MaxHoldSec"": 60, ""StopPips"": 27.0, ""MaxBasketRiskPct"": 2.0, ""AddMinSec"": 30, ""Session"": ""lateny_1923"", ""ZEntry"": 2.75, ""ZEmaBars"": 90, ""NewsBeforeMin"": 15, ""NewsAfterMin"": 30, ""NewsCloseMode"": 2, ""DailyLossPct"": 3.0, ""MaxSpreadPts"": 0}"
-50.0,0.0,0.0,0.0,0.0,100.0,0.0,0.0,0.0,0.0,0.0,"{""EntryMode"": 0, ""EntryTFMin"": 5, ""GridSpacingPts"": 95, ""TP_Pips"": 2.0, ""MaxLayers"": 1, ""Ladder"": ""flat"", ""MaxHoldSec"": 1800, ""StopPips"": 18.0, ""MaxBasketRiskPct"": 1.0, ""AddMinSec"": 0, ""Session"": ""lateny_1923"", ""ZEntry"": 2.5, ""ZEmaBars"": 60, ""NewsBeforeMin"": 15, ""NewsAfterMin"": 15, ""NewsCloseMode"": 2, ""DailyLossPct"": 5.0, ""MaxSpreadPts"": 0}"
-50.0,0.0,0.0,0.0,0.0,100.0,0.0,0.0,0.0,0.0,0.0,"{""EntryMode"": 0, ""EntryTFMin"": 1, ""GridSpacingPts"": 130, ""TP_Pips"": 10.5, ""MaxLayers"": 3, ""Ladder"": ""step1"", ""MaxHoldSec"": 120, ""StopPips"": 21.0, ""MaxBasketRiskPct"": 1.0, ""AddMinSec"": 0, ""Session"": ""allday_0123"", ""ZEntry"": 3.0, ""ZEmaBars"": 30, ""NewsBeforeMin"": 30, ""NewsAfterMin"": 30, ""NewsCloseMode"": 0, ""DailyLossPct"": 8.0, ""MaxSpreadPts"": 10}"
-50.0,-0.10427878378737043,0.5199999999999534,0.0,0.0,99.48000000000005,0.0030787482227437697,60.0,4.0,0.0,0.0,"{""EntryMode"": 0, ""EntryTFMin"": 1, ""GridSpacingPts"": 10, ""TP_Pips"": 1.0, ""MaxLayers"": 4, ""Ladder"": ""step1"", ""MaxHoldSec"": 60, ""StopPips"": 19.0, ""MaxBasketRiskPct"": 2.0, ""AddMinSec"": 60, ""Session"": ""london_1013"", ""ZEntry"": 3.0, ""ZEmaBars"": 60, ""NewsBeforeMin"": 60, ""NewsAfterMin"": 60, ""NewsCloseMode"": 0, ""DailyLossPct"": 3.0, ""MaxSpreadPts"": 0}"
-50.0,0.0,0.0,0.0,0.0,100.0,0.0,0.0,0.0,0.0,0.0,"{""EntryMode"": 0, ""EntryTFMin"": 5, ""GridSpacingPts"": 30, ""TP_Pips"": 7.5, ""MaxLayers"": 1, ""Ladder"": ""step1"", ""MaxHoldSec"": 600, ""StopPips"": 14.0, ""MaxBasketRiskPct"": 1.0, ""AddMinSec"": 0, ""Session"": ""london_1013"", ""ZEntry"": 1.75, ""ZEmaBars"": 60, ""NewsBeforeMin"": 30, ""NewsAfterMin"": 30, ""NewsCloseMode"": 2, ""DailyLossPct"": 5.0, ""MaxSpreadPts"": 0}"
-50.0,0.0,0.0,0.0,0.0,100.0,0.0,0.0,0.0,0.0,0.0,"{""EntryMode"": 0, ""EntryTFMin"": 1, ""GridSpacingPts"": 10, ""TP_Pips"": 4.0, ""MaxLayers"": 4, ""Ladder"": ""step1"", ""MaxHoldSec"": 60, ""StopPips"": 20.0, ""MaxBasketRiskPct"": 2.0, ""AddMinSec"": 30, ""Session"": ""lateny_1923"", ""ZEntry"": 3.0, ""ZEmaBars"": 60, ""NewsBeforeMin"": 60, ""NewsAfterMin"": 60, ""NewsCloseMode"": 0, ""DailyLossPct"": 3.0, ""MaxSpreadPts"": 0}"
-50.0,0.0,0.0,0.0,0.0,100.0,0.0,0.0,0.0,0.0,0.0,"{""EntryMode"": 0, ""EntryTFMin"": 1, ""GridSpacingPts"": 10, ""TP_Pips"": 2.5, ""MaxLayers"": 3, ""Ladder"": ""step1"", ""MaxHoldSec"": 60, ""StopPips"": 21.0, ""MaxBasketRiskPct"": 2.0, ""AddMinSec"": 30, ""Session"": ""london_1013"", ""ZEntry"": 3.0, ""ZEmaBars"": 60, ""NewsBeforeMin"": 60, ""NewsAfterMin"": 60, ""NewsCloseMode"": 0, ""DailyLossPct"": 3.0, ""MaxSpreadPts"": 0}"
-50.0,0.0,0.0,0.0,0.0,100.0,0.0,0.0,0.0,0.0,0.0,"{""EntryMode"": 1, ""EntryTFMin"": 5, ""GridSpacingPts"": 15, ""TP_Pips"": 8.0, ""MaxLayers"": 3, ""Ladder"": ""step1"", ""MaxHoldSec"": 120, ""StopPips"": 30.0, ""MaxBasketRiskPct"": 2.0, ""AddMinSec"": 0, ""Session"": ""asia_0109"", ""ZEntry"": 1.25, ""ZEmaBars"": 30, ""NewsBeforeMin"": 15, ""NewsAfterMin"": 30, ""NewsCloseMode"": 2, ""DailyLossPct"": 5.0, ""MaxSpreadPts"": 0}"
-50.0,0.0,0.0,0.0,0.0,100.0,0.0,0.0,0.0,0.0,0.0,"{""EntryMode"": 0, ""EntryTFMin"": 1, ""GridSpacingPts"": 20, ""TP_Pips"": 7.0, ""MaxLayers"": 6, ""Ladder"": ""step2"", ""MaxHoldSec"": 60, ""StopPips"": 27.0, ""MaxBasketRiskPct"": 1.0, ""AddMinSec"": 0, ""Session"": ""allday_0123"", ""ZEntry"": 3.0, ""ZEmaBars"": 30, ""NewsBeforeMin"": 60, ""NewsAfterMin"": 30, ""NewsCloseMode"": 0, ""DailyLossPct"": 8.0, ""MaxSpreadPts"": 10}"
-50.0,0.0,0.0,0.0,0.0,100.0,0.0,0.0,0.0,0.0,0.0,"{""EntryMode"": 0, ""EntryTFMin"": 5, ""GridSpacingPts"": 35, ""TP_Pips"": 6.0, ""MaxLayers"": 2, ""Ladder"": ""step1"", ""MaxHoldSec"": 600, ""StopPips"": 13.0, ""MaxBasketRiskPct"": 1.0, ""AddMinSec"": 0, ""Session"": ""london_1013"", ""ZEntry"": 2.0, ""ZEmaBars"": 60, ""NewsBeforeMin"": 30, ""NewsAfterMin"": 30, ""NewsCloseMode"": 2, ""DailyLossPct"": 5.0, ""MaxSpreadPts"": 0}"
-50.0,0.0,0.0,0.0,0.0,100.0,0.0,0.0,0.0,0.0,0.0,"{""EntryMode"": 1, ""EntryTFMin"": 5, ""GridSpacingPts"": 80, ""TP_Pips"": 15.0, ""MaxLayers"": 3, ""Ladder"": ""step1"", ""MaxHoldSec"": 300, ""StopPips"": 30.0, ""MaxBasketRiskPct"": 1.0, ""AddMinSec"": 60, ""Session"": ""asia_0309"", ""ZEntry"": 3.0, ""ZEmaBars"": 30, ""NewsBeforeMin"": 30, ""NewsAfterMin"": 15, ""NewsCloseMode"": 0, ""DailyLossPct"": 5.0, ""MaxSpreadPts"": 10}"
-50.0,0.0,0.0,0.0,0.0,100.0,0.0,0.0,0.0,0.0,0.0,"{""EntryMode"": 1, ""EntryTFMin"": 1, ""GridSpacingPts"": 60, ""TP_Pips"": 2.0, ""MaxLayers"": 2, ""Ladder"": ""flat"", ""MaxHoldSec"": 60, ""StopPips"": 25.0, ""MaxBasketRiskPct"": 1.0, ""AddMinSec"": 30, ""Session"": ""asia_0109"", ""ZEntry"": 2.0, ""ZEmaBars"": 120, ""NewsBeforeMin"": 60, ""NewsAfterMin"": 60, ""NewsCloseMode"": 2, ""DailyLossPct"": 8.0, ""MaxSpreadPts"": 10}"
-50.0,-2.9397607000935855,13.851999999978645,0.0,0.0,86.14800000002136,0.07158089617879264,59.83217812353565,90.0,0.0,3.0,"{""EntryMode"": 1, ""EntryTFMin"": 1, ""GridSpacingPts"": 145, ""TP_Pips"": 5.0, ""MaxLayers"": 4, ""Ladder"": ""step2"", ""MaxHoldSec"": 60, ""StopPips"": 25.0, ""MaxBasketRiskPct"": 3.0, ""AddMinSec"": 60, ""Session"": ""lateny_1923"", ""ZEntry"": 2.25, ""ZEmaBars"": 120, ""NewsBeforeMin"": 30, ""NewsAfterMin"": 15, ""NewsCloseMode"": 0, ""DailyLossPct"": 8.0, ""MaxSpreadPts"": 0}"
-50.0,0.0,0.0,0.0,0.0,100.0,0.0,0.0,0.0,0.0,0.0,"{""EntryMode"": 0, ""EntryTFMin"": 1, ""GridSpacingPts"": 10, ""TP_Pips"": 3.0, ""MaxLayers"": 4, ""Ladder"": ""step1"", ""MaxHoldSec"": 60, ""StopPips"": 20.0, ""MaxBasketRiskPct"": 2.0, ""AddMinSec"": 30, ""Session"": ""london_1013"", ""ZEntry"": 3.0, ""ZEmaBars"": 60, ""NewsBeforeMin"": 60, ""NewsAfterMin"": 60, ""NewsCloseMode"": 0, ""DailyLossPct"": 3.0, ""MaxSpreadPts"": 0}"
-50.0,-3.9442628937148116,21.727312750015805,0.0,0.0,81.7840000000217,0.10775618779603194,1107.2272639422686,60.0,12.0,68.0,"{""EntryMode"": 1, ""EntryTFMin"": 1, ""GridSpacingPts"": 45, ""TP_Pips"": 7.5, ""MaxLayers"": 2, ""Ladder"": ""flat"", ""MaxHoldSec"": 1800, ""StopPips"": 24.0, ""MaxBasketRiskPct"": 3.0, ""AddMinSec"": 60, ""Session"": ""lateny_1923"", ""ZEntry"": 1.5, ""ZEmaBars"": 60, ""NewsBeforeMin"": 30, ""NewsAfterMin"": 15, ""NewsCloseMode"": 0, ""DailyLossPct"": 5.0, ""MaxSpreadPts"": 0}"
-50.0,-2.6814003719514368,12.714999999997318,0.0,0.0,87.30000000000287,0.03540560456155335,60.0,46.0,0.0,0.0,"{""EntryMode"": 1, ""EntryTFMin"": 5, ""GridSpacingPts"": 95, ""TP_Pips"": 9.5, ""MaxLayers"": 2, ""Ladder"": ""step1"", ""MaxHoldSec"": 60, ""StopPips"": 28.0, ""MaxBasketRiskPct"": 5.0, ""AddMinSec"": 60, ""Session"": ""london_1013"", ""ZEntry"": 2.0, ""ZEmaBars"": 30, ""NewsBeforeMin"": 30, ""NewsAfterMin"": 60, ""NewsCloseMode"": 2, ""DailyLossPct"": 3.0, ""MaxSpreadPts"": 0}"
-50.0,0.0,0.0,0.0,0.0,100.0,0.0,0.0,0.0,0.0,0.0,"{""EntryMode"": 1, ""EntryTFMin"": 5, ""GridSpacingPts"": 105, ""TP_Pips"": 8.5, ""MaxLayers"": 5, ""Ladder"": ""step2"", ""MaxHoldSec"": 900, ""StopPips"": 10.0, ""MaxBasketRiskPct"": 1.0, ""AddMinSec"": 30, ""Session"": ""london_1013"", ""ZEntry"": 1.0, ""ZEmaBars"": 30, ""NewsBeforeMin"": 30, ""NewsAfterMin"": 60, ""NewsCloseMode"": 0, ""DailyLossPct"": 3.0, ""MaxSpreadPts"": 10}"
-50.0,0.0,0.0,0.0,0.0,100.0,0.0,0.0,0.0,0.0,0.0,"{""EntryMode"": 0, ""EntryTFMin"": 1, ""GridSpacingPts"": 45, ""TP_Pips"": 3.0, ""MaxLayers"": 2, ""Ladder"": ""step2"", ""MaxHoldSec"": 900, ""StopPips"": 14.0, ""MaxBasketRiskPct"": 1.0, ""AddMinSec"": 0, ""Session"": ""asia_0309"", ""ZEntry"": 1.75, ""ZEmaBars"": 30, ""NewsBeforeMin"": 30, ""NewsAfterMin"": 60, ""NewsCloseMode"": 0, ""DailyLossPct"": 5.0, ""MaxSpreadPts"": 0}"
-50.0,-3.6938427802114093,20.017955054420465,0.0,0.0,82.8550000000276,0.17317958752933704,844.2573054857221,58.0,15.0,152.0,"{""EntryMode"": 1, ""EntryTFMin"": 1, ""GridSpacingPts"": 80, ""TP_Pips"": 4.5, ""MaxLayers"": 2, ""Ladder"": ""step1"", ""MaxHoldSec"": 1800, ""StopPips"": 24.0, ""MaxBasketRiskPct"": 3.0, ""AddMinSec"": 60, ""Session"": ""lateny_1923"", ""ZEntry"": 2.25, ""ZEmaBars"": 120, ""NewsBeforeMin"": 30, ""NewsAfterMin"": 15, ""NewsCloseMode"": 0, ""DailyLossPct"": 8.0, ""MaxSpreadPts"": 10}"
-50.0,-0.21464550029127727,1.067999999997312,0.0,0.0,98.93200000000269,0.006157496445487539,33.12880748510361,8.0,0.0,0.0,"{""EntryMode"": 0, ""EntryTFMin"": 1, ""GridSpacingPts"": 115, ""TP_Pips"": 5.0, ""MaxLayers"": 1, ""Ladder"": ""step2"", ""MaxHoldSec"": 30, ""StopPips"": 9.0, ""MaxBasketRiskPct"": 1.0, ""AddMinSec"": 0, ""Session"": ""lateny_1923"", ""ZEntry"": 3.0, ""ZEmaBars"": 90, ""NewsBeforeMin"": 15, ""NewsAfterMin"": 30, ""NewsCloseMode"": 0, ""DailyLossPct"": 5.0, ""MaxSpreadPts"": 10}"
-50.0,-3.6964015935710193,17.260999999976747,0.0,0.0,82.8440000000234,0.08851401140388337,60.45348233969315,114.0,0.0,1.0,"{""EntryMode"": 1, ""EntryTFMin"": 1, ""GridSpacingPts"": 35, ""TP_Pips"": 6.0, ""MaxLayers"": 3, ""Ladder"": ""step1"", ""MaxHoldSec"": 60, ""StopPips"": 24.0, ""MaxBasketRiskPct"": 3.0, ""AddMinSec"": 60, ""Session"": ""lateny_1923"", ""ZEntry"": 2.25, ""ZEmaBars"": 120, ""NewsBeforeMin"": 30, ""NewsAfterMin"": 15, ""NewsCloseMode"": 0, ""DailyLossPct"": 8.0, ""MaxSpreadPts"": 0}"
-50.0,0.0,0.0,0.0,0.0,100.0,0.0,0.0,0.0,0.0,0.0,"{""EntryMode"": 1, ""EntryTFMin"": 5, ""GridSpacingPts"": 105, ""TP_Pips"": 10.0, ""MaxLayers"": 2, ""Ladder"": ""step1"", ""MaxHoldSec"": 60, ""StopPips"": 29.0, ""MaxBasketRiskPct"": 2.0, ""AddMinSec"": 30, ""Session"": ""lateny_1923"", ""ZEntry"": 2.75, ""ZEmaBars"": 90, ""NewsBeforeMin"": 15, ""NewsAfterMin"": 30, ""NewsCloseMode"": 2, ""DailyLossPct"": 3.0, ""MaxSpreadPts"": 0}"
-50.0,0.0,0.0,0.0,0.0,100.0,0.0,0.0,0.0,0.0,0.0,"{""EntryMode"": 1, ""EntryTFMin"": 1, ""GridSpacingPts"": 60, ""TP_Pips"": 0.5, ""MaxLayers"": 2, ""Ladder"": ""flat"", ""MaxHoldSec"": 60, ""StopPips"": 30.0, ""MaxBasketRiskPct"": 1.0, ""AddMinSec"": 30, ""Session"": ""asia_0109"", ""ZEntry"": 2.0, ""ZEmaBars"": 120, ""NewsBeforeMin"": 60, ""NewsAfterMin"": 60, ""NewsCloseMode"": 2, ""DailyLossPct"": 8.0, ""MaxSpreadPts"": 10}"
-50.0,-4.1280608680028585,22.0686138689806,0.0,0.0,81.0050000000288,0.15008897585875877,1208.175495145488,98.0,16.0,81.0,"{""EntryMode"": 1, ""EntryTFMin"": 1, ""GridSpacingPts"": 115, ""TP_Pips"": 7.5, ""MaxLayers"": 2, ""Ladder"": ""step1"", ""MaxHoldSec"": 1800, ""StopPips"": 24.0, ""MaxBasketRiskPct"": 3.0, ""AddMinSec"": 60, ""Session"": ""lateny_1923"", ""ZEntry"": 2.25, ""ZEmaBars"": 120, ""NewsBeforeMin"": 30, ""NewsAfterMin"": 15, ""NewsCloseMode"": 0, ""DailyLossPct"": 8.0, ""MaxSpreadPts"": 0}"
-50.0,0.0,0.0,0.0,0.0,100.0,0.0,0.0,0.0,0.0,0.0,"{""EntryMode"": 1, ""EntryTFMin"": 5, ""GridSpacingPts"": 10, ""TP_Pips"": 10.0, ""MaxLayers"": 4, ""Ladder"": ""step1"", ""MaxHoldSec"": 120, ""StopPips"": 29.0, ""MaxBasketRiskPct"": 2.0, ""AddMinSec"": 0, ""Session"": ""asia_0109"", ""ZEntry"": 2.0, ""ZEmaBars"": 30, ""NewsBeforeMin"": 15, ""NewsAfterMin"": 30, ""NewsCloseMode"": 2, ""DailyLossPct"": 5.0, ""MaxSpreadPts"": 0}"
-50.0,0.0,0.0,0.0,0.0,100.0,0.0,0.0,0.0,0.0,0.0,"{""EntryMode"": 0, ""EntryTFMin"": 1, ""GridSpacingPts"": 15, ""TP_Pips"": 5.0, ""MaxLayers"": 4, ""Ladder"": ""step2"", ""MaxHoldSec"": 120, ""StopPips"": 24.0, ""MaxBasketRiskPct"": 1.0, ""AddMinSec"": 0, ""Session"": ""allday_0123"", ""ZEntry"": 3.0, ""ZEmaBars"": 90, ""NewsBeforeMin"": 60, ""NewsAfterMin"": 30, ""NewsCloseMode"": 0, ""DailyLossPct"": 8.0, ""MaxSpreadPts"": 10}"
-50.0,0.0,0.0,0.0,0.0,100.0,0.0,0.0,0.0,0.0,0.0,"{""EntryMode"": 1, ""EntryTFMin"": 5, ""GridSpacingPts"": 110, ""TP_Pips"": 12.0, ""MaxLayers"": 1, ""Ladder"": ""flat"", ""MaxHoldSec"": 30, ""StopPips"": 20.0, ""MaxBasketRiskPct"": 1.0, ""AddMinSec"": 15, ""Session"": ""asia_0309"", ""ZEntry"": 2.5, ""ZEmaBars"": 30, ""NewsBeforeMin"": 60, ""NewsAfterMin"": 15, ""NewsCloseMode"": 2, ""DailyLossPct"": 5.0, ""MaxSpreadPts"": 0}"
-50.0,0.0,0.0,0.0,0.0,100.0,0.0,0.0,0.0,0.0,0.0,"{""EntryMode"": 1, ""EntryTFMin"": 5, ""GridSpacingPts"": 15, ""TP_Pips"": 5.0, ""MaxLayers"": 1, ""Ladder"": ""step1"", ""MaxHoldSec"": 120, ""StopPips"": 30.0, ""MaxBasketRiskPct"": 2.0, ""AddMinSec"": 0, ""Session"": ""asia_0109"", ""ZEntry"": 1.5, ""ZEmaBars"": 30, ""NewsBeforeMin"": 15, ""NewsAfterMin"": 30, ""NewsCloseMode"": 2, ""DailyLossPct"": 5.0, ""MaxSpreadPts"": 0}"
-50.0,-3.0387168292412836,15.665996456506836,0.0,0.0,85.71000000000666,0.08774432434819743,208.91545674282574,16.0,11.0,87.0,"{""EntryMode"": 1, ""EntryTFMin"": 5, ""GridSpacingPts"": 75, ""TP_Pips"": 1.5, ""MaxLayers"": 1, ""Ladder"": ""flat"", ""MaxHoldSec"": 600, ""StopPips"": 11.0, ""MaxBasketRiskPct"": 3.0, ""AddMinSec"": 15, ""Session"": ""lateny_1923"", ""ZEntry"": 2.0, ""ZEmaBars"": 60, ""NewsBeforeMin"": 15, ""NewsAfterMin"": 30, ""NewsCloseMode"": 2, ""DailyLossPct"": 5.0, ""MaxSpreadPts"": 0}"
-50.0,-2.9758623046248767,18.633474779649998,0.0,0.0,85.98800000002292,0.12314992890975078,1129.3215459755486,69.0,9.0,82.0,"{""EntryMode"": 1, ""EntryTFMin"": 1, ""GridSpacingPts"": 150, ""TP_Pips"": 6.0, ""MaxLayers"": 5, ""Ladder"": ""step2"", ""MaxHoldSec"": 1800, ""StopPips"": 25.0, ""MaxBasketRiskPct"": 3.0, ""AddMinSec"": 60, ""Session"": ""lateny_1923"", ""ZEntry"": 2.25, ""ZEmaBars"": 120, ""NewsBeforeMin"": 30, ""NewsAfterMin"": 15, ""NewsCloseMode"": 0, ""DailyLossPct"": 8.0, ""MaxSpreadPts"": 0}"
-50.0,0.0,0.0,0.0,0.0,100.0,0.0,0.0,0.0,0.0,0.0,"{""EntryMode"": 1, ""EntryTFMin"": 5, ""GridSpacingPts"": 75, ""TP_Pips"": 11.0, ""MaxLayers"": 2, ""Ladder"": ""step1"", ""MaxHoldSec"": 60, ""StopPips"": 29.0, ""MaxBasketRiskPct"": 2.0, ""AddMinSec"": 30, ""Session"": ""lateny_1923"", ""ZEntry"": 2.75, ""ZEmaBars"": 90, ""NewsBeforeMin"": 15, ""NewsAfterMin"": 30, ""NewsCloseMode"": 2, ""DailyLossPct"": 3.0, ""MaxSpreadPts"": 0}"
-50.0,-3.9906105212844656,22.094055860582625,0.0,0.0,81.58700000000496,0.04695091039684249,675.0384805724025,10.0,12.0,39.0,"{""EntryMode"": 1, ""EntryTFMin"": 1, ""GridSpacingPts"": 150, ""TP_Pips"": 6.0, ""MaxLayers"": 2, ""Ladder"": ""step2"", ""MaxHoldSec"": 1800, ""StopPips"": 24.0, ""MaxBasketRiskPct"": 3.0, ""AddMinSec"": 30, ""Session"": ""ny_1519"", ""ZEntry"": 2.5, ""ZEmaBars"": 120, ""NewsBeforeMin"": 30, ""NewsAfterMin"": 15, ""NewsCloseMode"": 0, ""DailyLossPct"": 8.0, ""MaxSpreadPts"": 0}"
-50.0,-4.459441188782276,20.461301074613402,0.0,0.0,79.61549709922767,0.1162227454085773,30.223724887860527,151.0,0.0,0.0,"{""EntryMode"": 1, ""EntryTFMin"": 1, ""GridSpacingPts"": 140, ""TP_Pips"": 6.5, ""MaxLayers"": 3, ""Ladder"": ""step2"", ""MaxHoldSec"": 30, ""StopPips"": 23.0, ""MaxBasketRiskPct"": 3.0, ""AddMinSec"": 30, ""Session"": ""lateny_1923"", ""ZEntry"": 2.25, ""ZEmaBars"": 120, ""NewsBeforeMin"": 30, ""NewsAfterMin"": 15, ""NewsCloseMode"": 0, ""DailyLossPct"": 8.0, ""MaxSpreadPts"": 0}"
-50.0,0.0,0.0,0.0,0.0,100.0,0.0,0.0,0.0,0.0,0.0,"{""EntryMode"": 1, ""EntryTFMin"": 5, ""GridSpacingPts"": 120, ""TP_Pips"": 10.5, ""MaxLayers"": 1, ""Ladder"": ""flat"", ""MaxHoldSec"": 30, ""StopPips"": 20.0, ""MaxBasketRiskPct"": 1.0, ""AddMinSec"": 15, ""Session"": ""asia_0309"", ""ZEntry"": 1.75, ""ZEmaBars"": 30, ""NewsBeforeMin"": 60, ""NewsAfterMin"": 15, ""NewsCloseMode"": 2, ""DailyLossPct"": 5.0, ""MaxSpreadPts"": 0}"
-50.0,0.0,0.0,0.0,0.0,100.0,0.0,0.0,0.0,0.0,0.0,"{""EntryMode"": 1, ""EntryTFMin"": 5, ""GridSpacingPts"": 145, ""TP_Pips"": 11.5, ""MaxLayers"": 1, ""Ladder"": ""flat"", ""MaxHoldSec"": 30, ""StopPips"": 19.0, ""MaxBasketRiskPct"": 1.0, ""AddMinSec"": 15, ""Session"": ""asia_0309"", ""ZEntry"": 2.0, ""ZEmaBars"": 30, ""NewsBeforeMin"": 60, ""NewsAfterMin"": 15, ""NewsCloseMode"": 2, ""DailyLossPct"": 5.0, ""MaxSpreadPts"": 0}"
-50.0,0.0,0.0,0.0,0.0,100.0,0.0,0.0,0.0,0.0,0.0,"{""EntryMode"": 0, ""EntryTFMin"": 5, ""GridSpacingPts"": 35, ""TP_Pips"": 7.5, ""MaxLayers"": 3, ""Ladder"": ""step1"", ""MaxHoldSec"": 600, ""StopPips"": 13.0, ""MaxBasketRiskPct"": 1.0, ""AddMinSec"": 0, ""Session"": ""london_1013"", ""ZEntry"": 2.0, ""ZEmaBars"": 60, ""NewsBeforeMin"": 30, ""NewsAfterMin"": 30, ""NewsCloseMode"": 2, ""DailyLossPct"": 5.0, ""MaxSpreadPts"": 0}"
-50.0,-3.718046066131142,17.613744194170746,0.0,0.0,82.7510000000058,0.03771466572861118,1389.0929603155919,32.0,2.0,15.0,"{""EntryMode"": 1, ""EntryTFMin"": 1, ""GridSpacingPts"": 135, ""TP_Pips"": 5.5, ""MaxLayers"": 2, ""Ladder"": ""step2"", ""MaxHoldSec"": 1800, ""StopPips"": 24.0, ""MaxBasketRiskPct"": 3.0, ""AddMinSec"": 30, ""Session"": ""asia_0109"", ""ZEntry"": 2.25, ""ZEmaBars"": 120, ""NewsBeforeMin"": 30, ""NewsAfterMin"": 15, ""NewsCloseMode"": 0, ""DailyLossPct"": 8.0, ""MaxSpreadPts"": 0}"
-50.0,-1.2947365264114108,6.6713068966388995,0.0,0.0,93.69541441849908,0.03155716928312364,30.392267570262995,41.0,0.0,0.0,"{""EntryMode"": 1, ""EntryTFMin"": 5, ""GridSpacingPts"": 110, ""TP_Pips"": 9.5, ""MaxLayers"": 6, ""Ladder"": ""flat"", ""MaxHoldSec"": 30, ""StopPips"": 11.0, ""MaxBasketRiskPct"": 3.0, ""AddMinSec"": 15, ""Session"": ""asia_0309"", ""ZEntry"": 2.5, ""ZEmaBars"": 60, ""NewsBeforeMin"": 30, ""NewsAfterMin"": 60, ""NewsCloseMode"": 0, ""DailyLossPct"": 3.0, ""MaxSpreadPts"": 0}"
-50.0,0.0,0.0,0.0,0.0,100.0,0.0,0.0,0.0,0.0,0.0,"{""EntryMode"": 1, ""EntryTFMin"": 5, ""GridSpacingPts"": 15, ""TP_Pips"": 7.5, ""MaxLayers"": 3, ""Ladder"": ""step1"", ""MaxHoldSec"": 120, ""StopPips"": 30.0, ""MaxBasketRiskPct"": 2.0, ""AddMinSec"": 0, ""Session"": ""asia_0109"", ""ZEntry"": 1.5, ""ZEmaBars"": 30, ""NewsBeforeMin"": 15, ""NewsAfterMin"": 30, ""NewsCloseMode"": 2, ""DailyLossPct"": 5.0, ""MaxSpreadPts"": 0}"
-50.0,-0.054090471942047635,4.904764742098289,0.0,0.0,99.7300000000026,0.01924217639214856,721.6000777816772,16.0,3.0,6.0,"{""EntryMode"": 1, ""EntryTFMin"": 5, ""GridSpacingPts"": 20, ""TP_Pips"": 12.0, ""MaxLayers"": 3, ""Ladder"": ""step1"", ""MaxHoldSec"": 900, ""StopPips"": 21.0, ""MaxBasketRiskPct"": 5.0, ""AddMinSec"": 0, ""Session"": ""lateny_1923"", ""ZEntry"": 2.75, ""ZEmaBars"": 90, ""NewsBeforeMin"": 30, ""NewsAfterMin"": 60, ""NewsCloseMode"": 2, ""DailyLossPct"": 8.0, ""MaxSpreadPts"": 10}"
-50.0,0.0,0.0,0.0,0.0,100.0,0.0,0.0,0.0,0.0,0.0,"{""EntryMode"": 0, ""EntryTFMin"": 5, ""GridSpacingPts"": 30, ""TP_Pips"": 6.5, ""MaxLayers"": 2, ""Ladder"": ""step1"", ""MaxHoldSec"": 600, ""StopPips"": 15.0, ""MaxBasketRiskPct"": 1.0, ""AddMinSec"": 0, ""Session"": ""london_1013"", ""ZEntry"": 1.75, ""ZEmaBars"": 60, ""NewsBeforeMin"": 30, ""NewsAfterMin"": 30, ""NewsCloseMode"": 2, ""DailyLossPct"": 5.0, ""MaxSpreadPts"": 0}"
-50.0,0.0,0.0,0.0,0.0,100.0,0.0,0.0,0.0,0.0,0.0,"{""EntryMode"": 1, ""EntryTFMin"": 5, ""GridSpacingPts"": 95, ""TP_Pips"": 11.0, ""MaxLayers"": 1, ""Ladder"": ""flat"", ""MaxHoldSec"": 30, ""StopPips"": 21.0, ""MaxBasketRiskPct"": 1.0, ""AddMinSec"": 15, ""Session"": ""asia_0309"", ""ZEntry"": 3.0, ""ZEmaBars"": 30, ""NewsBeforeMin"": 60, ""NewsAfterMin"": 15, ""NewsCloseMode"": 2, ""DailyLossPct"": 5.0, ""MaxSpreadPts"": 0}"
-50.0,0.0,0.0,0.0,0.0,100.0,0.0,0.0,0.0,0.0,0.0,"{""EntryMode"": 1, ""EntryTFMin"": 5, ""GridSpacingPts"": 50, ""TP_Pips"": 10.0, ""MaxLayers"": 3, ""Ladder"": ""flat"", ""MaxHoldSec"": 120, ""StopPips"": 19.0, ""MaxBasketRiskPct"": 1.0, ""AddMinSec"": 0, ""Session"": ""ny_1519"", ""ZEntry"": 1.0, ""ZEmaBars"": 60, ""NewsBeforeMin"": 30, ""NewsAfterMin"": 15, ""NewsCloseMode"": 0, ""DailyLossPct"": 3.0, ""MaxSpreadPts"": 0}"
-50.0,-4.488395772737852,21.277508001868217,0.0,0.0,79.49500000000644,0.04002372689566901,1291.6524107802998,30.0,4.0,18.0,"{""EntryMode"": 1, ""EntryTFMin"": 1, ""GridSpacingPts"": 145, ""TP_Pips"": 6.5, ""MaxLayers"": 5, ""Ladder"": ""step2"", ""MaxHoldSec"": 1800, ""StopPips"": 23.0, ""MaxBasketRiskPct"": 3.0, ""AddMinSec"": 60, ""Session"": ""asia_0309"", ""ZEntry"": 2.25, ""ZEmaBars"": 60, ""NewsBeforeMin"": 30, ""NewsAfterMin"": 15, ""NewsCloseMode"": 0, ""DailyLossPct"": 8.0, ""MaxSpreadPts"": 0}"
-50.0,0.0,0.0,0.0,0.0,100.0,0.0,0.0,0.0,0.0,0.0,"{""EntryMode"": 0, ""EntryTFMin"": 1, ""GridSpacingPts"": 15, ""TP_Pips"": 6.5, ""MaxLayers"": 6, ""Ladder"": ""step2"", ""MaxHoldSec"": 60, ""StopPips"": 24.0, ""MaxBasketRiskPct"": 1.0, ""AddMinSec"": 0, ""Session"": ""allday_0123"", ""ZEntry"": 3.0, ""ZEmaBars"": 90, ""NewsBeforeMin"": 60, ""NewsAfterMin"": 30, ""NewsCloseMode"": 0, ""DailyLossPct"": 8.0, ""MaxSpreadPts"": 10}"
-50.0,-4.745906593874438,22.084492350480915,0.0,0.0,78.42975000000585,0.013854367002346962,1045.4591319203378,8.0,8.0,2.0,"{""EntryMode"": 1, ""EntryTFMin"": 1, ""GridSpacingPts"": 20, ""TP_Pips"": 14.0, ""MaxLayers"": 5, ""Ladder"": ""flat"", ""MaxHoldSec"": 1800, ""StopPips"": 13.0, ""MaxBasketRiskPct"": 5.0, ""AddMinSec"": 60, ""Session"": ""asia_0309"", ""ZEntry"": 2.5, ""ZEmaBars"": 30, ""NewsBeforeMin"": 15, ""NewsAfterMin"": 15, ""NewsCloseMode"": 0, ""DailyLossPct"": 5.0, ""MaxSpreadPts"": 0}"
-50.0,-4.176663645280543,20.956336844185035,0.0,0.0,80.80000000000219,0.05541746800938785,743.1768340832659,49.0,17.0,6.0,"{""EntryMode"": 1, ""EntryTFMin"": 1, ""GridSpacingPts"": 35, ""TP_Pips"": 11.0, ""MaxLayers"": 5, ""Ladder"": ""step1"", ""MaxHoldSec"": 900, ""StopPips"": 13.0, ""MaxBasketRiskPct"": 3.0, ""AddMinSec"": 0, ""Session"": ""london_1013"", ""ZEntry"": 2.75, ""ZEmaBars"": 60, ""NewsBeforeMin"": 30, ""NewsAfterMin"": 60, ""NewsCloseMode"": 2, ""DailyLossPct"": 5.0, ""MaxSpreadPts"": 10}"
-50.0,0.0,0.0,0.0,0.0,100.0,0.0,0.0,0.0,0.0,0.0,"{""EntryMode"": 0, ""EntryTFMin"": 1, ""GridSpacingPts"": 125, ""TP_Pips"": 10.5, ""MaxLayers"": 3, ""Ladder"": ""step1"", ""MaxHoldSec"": 120, ""StopPips"": 17.0, ""MaxBasketRiskPct"": 1.0, ""AddMinSec"": 0, ""Session"": ""allday_0123"", ""ZEntry"": 3.0, ""ZEmaBars"": 30, ""NewsBeforeMin"": 30, ""NewsAfterMin"": 30, ""NewsCloseMode"": 0, ""DailyLossPct"": 8.0, ""MaxSpreadPts"": 10}"
-50.0,0.0,0.0,0.0,0.0,100.0,0.0,0.0,0.0,0.0,0.0,"{""EntryMode"": 0, ""EntryTFMin"": 5, ""GridSpacingPts"": 95, ""TP_Pips"": 1.5, ""MaxLayers"": 2, ""Ladder"": ""flat"", ""MaxHoldSec"": 1800, ""StopPips"": 16.0, ""MaxBasketRiskPct"": 1.0, ""AddMinSec"": 0, ""Session"": ""lateny_1923"", ""ZEntry"": 2.5, ""ZEmaBars"": 60, ""NewsBeforeMin"": 15, ""NewsAfterMin"": 15, ""NewsCloseMode"": 2, ""DailyLossPct"": 5.0, ""MaxSpreadPts"": 0}"
-50.0,0.0,0.0,0.0,0.0,100.0,0.0,0.0,0.0,0.0,0.0,"{""EntryMode"": 0, ""EntryTFMin"": 1, ""GridSpacingPts"": 120, ""TP_Pips"": 5.0, ""MaxLayers"": 1, ""Ladder"": ""step2"", ""MaxHoldSec"": 30, ""StopPips"": 10.0, ""MaxBasketRiskPct"": 1.0, ""AddMinSec"": 0, ""Session"": ""lateny_1923"", ""ZEntry"": 2.5, ""ZEmaBars"": 90, ""NewsBeforeMin"": 15, ""NewsAfterMin"": 30, ""NewsCloseMode"": 0, ""DailyLossPct"": 3.0, ""MaxSpreadPts"": 10}"
-50.0,0.0,0.0,0.0,0.0,100.0,0.0,0.0,0.0,0.0,0.0,"{""EntryMode"": 1, ""EntryTFMin"": 1, ""GridSpacingPts"": 35, ""TP_Pips"": 1.0, ""MaxLayers"": 2, ""Ladder"": ""flat"", ""MaxHoldSec"": 60, ""StopPips"": 30.0, ""MaxBasketRiskPct"": 1.0, ""AddMinSec"": 30, ""Session"": ""asia_0109"", ""ZEntry"": 2.0, ""ZEmaBars"": 120, ""NewsBeforeMin"": 60, ""NewsAfterMin"": 60, ""NewsCloseMode"": 2, ""DailyLossPct"": 8.0, ""MaxSpreadPts"": 10}"
-50.0,0.0,0.0,0.0,0.0,100.0,0.0,0.0,0.0,0.0,0.0,"{""EntryMode"": 1, ""EntryTFMin"": 5, ""GridSpacingPts"": 15, ""TP_Pips"": 5.5, ""MaxLayers"": 3, ""Ladder"": ""step2"", ""MaxHoldSec"": 60, ""StopPips"": 28.0, ""MaxBasketRiskPct"": 2.0, ""AddMinSec"": 60, ""Session"": ""allday_0123"", ""ZEntry"": 1.0, ""ZEmaBars"": 120, ""NewsBeforeMin"": 15, ""NewsAfterMin"": 60, ""NewsCloseMode"": 2, ""DailyLossPct"": 8.0, ""MaxSpreadPts"": 0}"
-50.0,0.0,0.0,0.0,0.0,100.0,0.0,0.0,0.0,0.0,0.0,"{""EntryMode"": 1, ""EntryTFMin"": 5, ""GridSpacingPts"": 20, ""TP_Pips"": 7.5, ""MaxLayers"": 1, ""Ladder"": ""step1"", ""MaxHoldSec"": 120, ""StopPips"": 29.0, ""MaxBasketRiskPct"": 2.0, ""AddMinSec"": 0, ""Session"": ""asia_0109"", ""ZEntry"": 1.75, ""ZEmaBars"": 30, ""NewsBeforeMin"": 15, ""NewsAfterMin"": 30, ""NewsCloseMode"": 2, ""DailyLossPct"": 5.0, ""MaxSpreadPts"": 0}"
-50.0,-0.21464550029127727,1.067999999997312,0.0,0.0,98.93200000000269,0.006157496445487539,33.12880748510361,8.0,0.0,0.0,"{""EntryMode"": 0, ""EntryTFMin"": 1, ""GridSpacingPts"": 130, ""TP_Pips"": 7.0, ""MaxLayers"": 1, ""Ladder"": ""step2"", ""MaxHoldSec"": 30, ""StopPips"": 9.0, ""MaxBasketRiskPct"": 1.0, ""AddMinSec"": 0, ""Session"": ""lateny_1923"", ""ZEntry"": 2.5, ""ZEmaBars"": 90, ""NewsBeforeMin"": 15, ""NewsAfterMin"": 30, ""NewsCloseMode"": 0, ""DailyLossPct"": 3.0, ""MaxSpreadPts"": 10}"
-50.0,0.0,0.0,0.0,0.0,100.0,0.0,0.0,0.0,0.0,0.0,"{""EntryMode"": 0, ""EntryTFMin"": 1, ""GridSpacingPts"": 20, ""TP_Pips"": 6.5, ""MaxLayers"": 6, ""Ladder"": ""step2"", ""MaxHoldSec"": 60, ""StopPips"": 18.0, ""MaxBasketRiskPct"": 1.0, ""AddMinSec"": 0, ""Session"": ""allday_0123"", ""ZEntry"": 3.0, ""ZEmaBars"": 90, ""NewsBeforeMin"": 60, ""NewsAfterMin"": 30, ""NewsCloseMode"": 0, ""DailyLossPct"": 8.0, ""MaxSpreadPts"": 10}"
-50.0,0.0,0.0,0.0,0.0,100.0,0.0,0.0,0.0,0.0,0.0,"{""EntryMode"": 0, ""EntryTFMin"": 1, ""GridSpacingPts"": 25, ""TP_Pips"": 6.5, ""MaxLayers"": 6, ""Ladder"": ""step2"", ""MaxHoldSec"": 60, ""StopPips"": 24.0, ""MaxBasketRiskPct"": 1.0, ""AddMinSec"": 0, ""Session"": ""allday_0123"", ""ZEntry"": 2.75, ""ZEmaBars"": 90, ""NewsBeforeMin"": 60, ""NewsAfterMin"": 30, ""NewsCloseMode"": 0, ""DailyLossPct"": 8.0, ""MaxSpreadPts"": 10}"
-50.0,0.0,0.0,0.0,0.0,100.0,0.0,0.0,0.0,0.0,0.0,"{""EntryMode"": 0, ""EntryTFMin"": 1, ""GridSpacingPts"": 140, ""TP_Pips"": 1.5, ""MaxLayers"": 1, ""Ladder"": ""step2"", ""MaxHoldSec"": 300, ""StopPips"": 13.0, ""MaxBasketRiskPct"": 1.0, ""AddMinSec"": 15, ""Session"": ""ny_1519"", ""ZEntry"": 1.25, ""ZEmaBars"": 30, ""NewsBeforeMin"": 30, ""NewsAfterMin"": 30, ""NewsCloseMode"": 0, ""DailyLossPct"": 3.0, ""MaxSpreadPts"": 10}"
-50.0,-0.6797699376633659,6.571532897134922,0.0,0.0,96.64900000000574,0.028478421060379868,584.6153846153845,37.0,0.0,0.0,"{""EntryMode"": 1, ""EntryTFMin"": 5, ""GridSpacingPts"": 85, ""TP_Pips"": 15.0, ""MaxLayers"": 3, ""Ladder"": ""step1"", ""MaxHoldSec"": 600, ""StopPips"": 22.0, ""MaxBasketRiskPct"": 5.0, ""AddMinSec"": 60, ""Session"": ""asia_0309"", ""ZEntry"": 2.5, ""ZEmaBars"": 60, ""NewsBeforeMin"": 60, ""NewsAfterMin"": 15, ""NewsCloseMode"": 0, ""DailyLossPct"": 5.0, ""MaxSpreadPts"": 0}"
-50.0,0.0,0.0,0.0,0.0,100.0,0.0,0.0,0.0,0.0,0.0,"{""EntryMode"": 1, ""EntryTFMin"": 1, ""GridSpacingPts"": 120, ""TP_Pips"": 1.5, ""MaxLayers"": 6, ""Ladder"": ""step1"", ""MaxHoldSec"": 600, ""StopPips"": 28.0, ""MaxBasketRiskPct"": 1.0, ""AddMinSec"": 60, ""Session"": ""london_1013"", ""ZEntry"": 2.0, ""ZEmaBars"": 60, ""NewsBeforeMin"": 60, ""NewsAfterMin"": 30, ""NewsCloseMode"": 0, ""DailyLossPct"": 5.0, ""MaxSpreadPts"": 0}"
-50.0,0.0,0.0,0.0,0.0,100.0,0.0,0.0,0.0,0.0,0.0,"{""EntryMode"": 0, ""EntryTFMin"": 5, ""GridSpacingPts"": 150, ""TP_Pips"": 14.0, ""MaxLayers"": 3, ""Ladder"": ""step1"", ""MaxHoldSec"": 60, ""StopPips"": 15.0, ""MaxBasketRiskPct"": 1.0, ""AddMinSec"": 60, ""Session"": ""ny_1519"", ""ZEntry"": 2.75, ""ZEmaBars"": 90, ""NewsBeforeMin"": 15, ""NewsAfterMin"": 15, ""NewsCloseMode"": 2, ""DailyLossPct"": 3.0, ""MaxSpreadPts"": 0}"
-50.0,0.0,0.0,0.0,0.0,100.0,0.0,0.0,0.0,0.0,0.0,"{""EntryMode"": 0, ""EntryTFMin"": 1, ""GridSpacingPts"": 30, ""TP_Pips"": 7.0, ""MaxLayers"": 2, ""Ladder"": ""step2"", ""MaxHoldSec"": 600, ""StopPips"": 30.0, ""MaxBasketRiskPct"": 2.0, ""AddMinSec"": 30, ""Session"": ""lateny_1923"", ""ZEntry"": 1.5, ""ZEmaBars"": 90, ""NewsBeforeMin"": 30, ""NewsAfterMin"": 30, ""NewsCloseMode"": 2, ""DailyLossPct"": 8.0, ""MaxSpreadPts"": 10}"
-50.0,-3.1439892750136145,15.87621134069958,0.0,0.0,85.24600000001702,0.08235651495839584,942.3259355006012,36.0,8.0,63.0,"{""EntryMode"": 1, ""EntryTFMin"": 1, ""GridSpacingPts"": 115, ""TP_Pips"": 5.0, ""MaxLayers"": 1, ""Ladder"": ""step1"", ""MaxHoldSec"": 1800, ""StopPips"": 25.0, ""MaxBasketRiskPct"": 3.0, ""AddMinSec"": 60, ""Session"": ""lateny_1923"", ""ZEntry"": 2.5, ""ZEmaBars"": 120, ""NewsBeforeMin"": 30, ""NewsAfterMin"": 15, ""NewsCloseMode"": 2, ""DailyLossPct"": 8.0, ""MaxSpreadPts"": 0}"
-50.0,-4.080380843061104,20.45206249693832,0.0,0.0,81.20651200000104,0.03001779517175175,590.6232180886154,5.0,10.0,24.0,"{""EntryMode"": 1, ""EntryTFMin"": 1, ""GridSpacingPts"": 130, ""TP_Pips"": 5.0, ""MaxLayers"": 1, ""Ladder"": ""step1"", ""MaxHoldSec"": 1800, ""StopPips"": 24.0, ""MaxBasketRiskPct"": 3.0, ""AddMinSec"": 60, ""Session"": ""ny_1519"", ""ZEntry"": 1.75, ""ZEmaBars"": 120, ""NewsBeforeMin"": 30, ""NewsAfterMin"": 15, ""NewsCloseMode"": 0, ""DailyLossPct"": 8.0, ""MaxSpreadPts"": 0}"
-50.0,0.0,0.0,0.0,0.0,100.0,0.0,0.0,0.0,0.0,0.0,"{""EntryMode"": 1, ""EntryTFMin"": 5, ""GridSpacingPts"": 20, ""TP_Pips"": 8.0, ""MaxLayers"": 5, ""Ladder"": ""step1"", ""MaxHoldSec"": 120, ""StopPips"": 30.0, ""MaxBasketRiskPct"": 2.0, ""AddMinSec"": 0, ""Session"": ""asia_0109"", ""ZEntry"": 1.5, ""ZEmaBars"": 30, ""NewsBeforeMin"": 15, ""NewsAfterMin"": 30, ""NewsCloseMode"": 2, ""DailyLossPct"": 5.0, ""MaxSpreadPts"": 0}"
-50.0,-3.085851409974516,19.73356561915468,0.0,0.0,85.50200000002133,0.11699243246426325,1066.9135643517839,60.0,8.0,84.0,"{""EntryMode"": 1, ""EntryTFMin"": 1, ""GridSpacingPts"": 120, ""TP_Pips"": 6.0, ""MaxLayers"": 1, ""Ladder"": ""step1"", ""MaxHoldSec"": 1800, ""StopPips"": 25.0, ""MaxBasketRiskPct"": 3.0, ""AddMinSec"": 60, ""Session"": ""lateny_1923"", ""ZEntry"": 1.75, ""ZEmaBars"": 120, ""NewsBeforeMin"": 30, ""NewsAfterMin"": 15, ""NewsCloseMode"": 0, ""DailyLossPct"": 8.0, ""MaxSpreadPts"": 0}"
-50.0,0.0,0.0,0.0,0.0,100.0,0.0,0.0,0.0,0.0,0.0,"{""EntryMode"": 0, ""EntryTFMin"": 1, ""GridSpacingPts"": 120, ""TP_Pips"": 3.5, ""MaxLayers"": 1, ""Ladder"": ""step2"", ""MaxHoldSec"": 30, ""StopPips"": 10.0, ""MaxBasketRiskPct"": 1.0, ""AddMinSec"": 0, ""Session"": ""lateny_1923"", ""ZEntry"": 2.5, ""ZEmaBars"": 90, ""NewsBeforeMin"": 15, ""NewsAfterMin"": 30, ""NewsCloseMode"": 0, ""DailyLossPct"": 3.0, ""MaxSpreadPts"": 10}"
-50.0,-0.08720344978894179,5.845115840648921,0.0,0.0,99.56500000000307,0.01924217639214856,750.2146557998656,17.0,3.0,5.0,"{""EntryMode"": 1, ""EntryTFMin"": 5, ""GridSpacingPts"": 20, ""TP_Pips"": 14.0, ""MaxLayers"": 3, ""Ladder"": ""step1"", ""MaxHoldSec"": 900, ""StopPips"": 22.0, ""MaxBasketRiskPct"": 5.0, ""AddMinSec"": 0, ""Session"": ""lateny_1923"", ""ZEntry"": 2.75, ""ZEmaBars"": 90, ""NewsBeforeMin"": 30, ""NewsAfterMin"": 60, ""NewsCloseMode"": 2, ""DailyLossPct"": 8.0, ""MaxSpreadPts"": 0}"
-50.0,0.0,0.0,0.0,0.0,100.0,0.0,0.0,0.0,0.0,0.0,"{""EntryMode"": 1, ""EntryTFMin"": 1, ""GridSpacingPts"": 140, ""TP_Pips"": 4.5, ""MaxLayers"": 1, ""Ladder"": ""step1"", ""MaxHoldSec"": 1800, ""StopPips"": 29.0, ""MaxBasketRiskPct"": 1.0, ""AddMinSec"": 60, ""Session"": ""lateny_1923"", ""ZEntry"": 2.0, ""ZEmaBars"": 120, ""NewsBeforeMin"": 30, ""NewsAfterMin"": 15, ""NewsCloseMode"": 0, ""DailyLossPct"": 8.0, ""MaxSpreadPts"": 0}"
-50.0,-3.7294579706424913,18.51840881487259,0.0,0.0,82.7020000000368,0.1577858464156182,289.8027384258343,179.0,0.0,26.0,"{""EntryMode"": 1, ""EntryTFMin"": 1, ""GridSpacingPts"": 125, ""TP_Pips"": 6.0, ""MaxLayers"": 2, ""Ladder"": ""step1"", ""MaxHoldSec"": 300, ""StopPips"": 24.0, ""MaxBasketRiskPct"": 3.0, ""AddMinSec"": 60, ""Session"": ""lateny_1923"", ""ZEntry"": 1.75, ""ZEmaBars"": 120, ""NewsBeforeMin"": 30, ""NewsAfterMin"": 15, ""NewsCloseMode"": 0, ""DailyLossPct"": 8.0, ""MaxSpreadPts"": 0}"
-50.0,0.0,0.0,0.0,0.0,100.0,0.0,0.0,0.0,0.0,0.0,"{""EntryMode"": 1, ""EntryTFMin"": 5, ""GridSpacingPts"": 65, ""TP_Pips"": 11.0, ""MaxLayers"": 1, ""Ladder"": ""flat"", ""MaxHoldSec"": 30, ""StopPips"": 20.0, ""MaxBasketRiskPct"": 1.0, ""AddMinSec"": 15, ""Session"": ""asia_0309"", ""ZEntry"": 3.0, ""ZEmaBars"": 30, ""NewsBeforeMin"": 60, ""NewsAfterMin"": 15, ""NewsCloseMode"": 2, ""DailyLossPct"": 5.0, ""MaxSpreadPts"": 0}"
-50.0,0.0,0.0,0.0,0.0,100.0,0.0,0.0,0.0,0.0,0.0,"{""EntryMode"": 0, ""EntryTFMin"": 5, ""GridSpacingPts"": 40, ""TP_Pips"": 8.0, ""MaxLayers"": 2, ""Ladder"": ""step1"", ""MaxHoldSec"": 600, ""StopPips"": 15.0, ""MaxBasketRiskPct"": 1.0, ""AddMinSec"": 0, ""Session"": ""asia_0109"", ""ZEntry"": 2.25, ""ZEmaBars"": 60, ""NewsBeforeMin"": 30, ""NewsAfterMin"": 30, ""NewsCloseMode"": 2, ""DailyLossPct"": 5.0, ""MaxSpreadPts"": 0}"
-50.0,-0.5078348589911963,2.7356580523353453,0.0,0.0,97.48795588268547,0.010775618779603193,30.31066507952554,14.0,0.0,0.0,"{""EntryMode"": 1, ""EntryTFMin"": 5, ""GridSpacingPts"": 95, ""TP_Pips"": 10.0, ""MaxLayers"": 6, ""Ladder"": ""flat"", ""MaxHoldSec"": 30, ""StopPips"": 10.0, ""MaxBasketRiskPct"": 3.0, ""AddMinSec"": 15, ""Session"": ""asia_0309"", ""ZEntry"": 2.75, ""ZEmaBars"": 60, ""NewsBeforeMin"": 30, ""NewsAfterMin"": 60, ""NewsCloseMode"": 0, ""DailyLossPct"": 3.0, ""MaxSpreadPts"": 0}"
-50.0,0.0,0.0,0.0,0.0,100.0,0.0,0.0,0.0,0.0,0.0,"{""EntryMode"": 0, ""EntryTFMin"": 5, ""GridSpacingPts"": 55, ""TP_Pips"": 5.0, ""MaxLayers"": 4, ""Ladder"": ""step1"", ""MaxHoldSec"": 60, ""StopPips"": 22.0, ""MaxBasketRiskPct"": 1.0, ""AddMinSec"": 15, ""Session"": ""lateny_1923"", ""ZEntry"": 3.0, ""ZEmaBars"": 30, ""NewsBeforeMin"": 15, ""NewsAfterMin"": 30, ""NewsCloseMode"": 0, ""DailyLossPct"": 5.0, ""MaxSpreadPts"": 10}"
-50.0,-2.1736287909781327,10.399999999994918,0.0,0.0,89.60000000000508,0.05849621623213162,57.0,76.0,0.0,0.0,"{""EntryMode"": 0, ""EntryTFMin"": 5, ""GridSpacingPts"": 145, ""TP_Pips"": 15.0, ""MaxLayers"": 2, ""Ladder"": ""step2"", ""MaxHoldSec"": 60, ""StopPips"": 26.0, ""MaxBasketRiskPct"": 3.0, ""AddMinSec"": 0, ""Session"": ""ny_1519"", ""ZEntry"": 1.5, ""ZEmaBars"": 30, ""NewsBeforeMin"": 15, ""NewsAfterMin"": 30, ""NewsCloseMode"": 0, ""DailyLossPct"": 5.0, ""MaxSpreadPts"": 0}"
-50.0,-3.661764369195486,18.658889250759643,0.0,0.0,82.99300000002707,0.1162227454085773,994.8996669982843,65.0,67.0,19.0,"{""EntryMode"": 1, ""EntryTFMin"": 5, ""GridSpacingPts"": 140, ""TP_Pips"": 14.5, ""MaxLayers"": 1, ""Ladder"": ""flat"", ""MaxHoldSec"": 1800, ""StopPips"": 8.0, ""MaxBasketRiskPct"": 5.0, ""AddMinSec"": 30, ""Session"": ""lateny_1923"", ""ZEntry"": 2.25, ""ZEmaBars"": 90, ""NewsBeforeMin"": 30, ""NewsAfterMin"": 60, ""NewsCloseMode"": 0, ""DailyLossPct"": 5.0, ""MaxSpreadPts"": 0}"
-50.0,0.0,0.0,0.0,0.0,100.0,0.0,0.0,0.0,0.0,0.0,"{""EntryMode"": 0, ""EntryTFMin"": 5, ""GridSpacingPts"": 90, ""TP_Pips"": 5.5, ""MaxLayers"": 1, ""Ladder"": ""step1"", ""MaxHoldSec"": 30, ""StopPips"": 15.0, ""MaxBasketRiskPct"": 1.0, ""AddMinSec"": 30, ""Session"": ""asia_0309"", ""ZEntry"": 2.0, ""ZEmaBars"": 30, ""NewsBeforeMin"": 30, ""NewsAfterMin"": 60, ""NewsCloseMode"": 2, ""DailyLossPct"": 3.0, ""MaxSpreadPts"": 0}"
-50.0,0.0,0.0,0.0,0.0,100.0,0.0,0.0,0.0,0.0,0.0,"{""EntryMode"": 0, ""EntryTFMin"": 1, ""GridSpacingPts"": 10, ""TP_Pips"": 6.0, ""MaxLayers"": 2, ""Ladder"": ""step2"", ""MaxHoldSec"": 60, ""StopPips"": 25.0, ""MaxBasketRiskPct"": 1.0, ""AddMinSec"": 0, ""Session"": ""allday_0123"", ""ZEntry"": 3.0, ""ZEmaBars"": 90, ""NewsBeforeMin"": 60, ""NewsAfterMin"": 30, ""NewsCloseMode"": 0, ""DailyLossPct"": 8.0, ""MaxSpreadPts"": 10}"
-50.0,0.0,0.0,0.0,0.0,100.0,0.0,0.0,0.0,0.0,0.0,"{""EntryMode"": 0, ""EntryTFMin"": 5, ""GridSpacingPts"": 25, ""TP_Pips"": 6.5, ""MaxLayers"": 2, ""Ladder"": ""step1"", ""MaxHoldSec"": 600, ""StopPips"": 22.0, ""MaxBasketRiskPct"": 1.0, ""AddMinSec"": 0, ""Session"": ""london_1013"", ""ZEntry"": 1.5, ""ZEmaBars"": 60, ""NewsBeforeMin"": 30, ""NewsAfterMin"": 30, ""NewsCloseMode"": 2, ""DailyLossPct"": 5.0, ""MaxSpreadPts"": 0}"
-50.0,0.0,0.0,0.0,0.0,100.0,0.0,0.0,0.0,0.0,0.0,"{""EntryMode"": 1, ""EntryTFMin"": 1, ""GridSpacingPts"": 35, ""TP_Pips"": 6.5, ""MaxLayers"": 6, ""Ladder"": ""step2"", ""MaxHoldSec"": 1800, ""StopPips"": 23.0, ""MaxBasketRiskPct"": 1.0, ""AddMinSec"": 15, ""Session"": ""asia_0309"", ""ZEntry"": 1.75, ""ZEmaBars"": 60, ""NewsBeforeMin"": 60, ""NewsAfterMin"": 30, ""NewsCloseMode"": 0, ""DailyLossPct"": 8.0, ""MaxSpreadPts"": 0}"
-50.0,-0.07294945907291295,0.9989999999998957,0.0,0.0,99.63600000000031,0.0015393741113718848,291.77452528476715,1.0,0.0,1.0,"{""EntryMode"": 0, ""EntryTFMin"": 5, ""GridSpacingPts"": 130, ""TP_Pips"": 7.0, ""MaxLayers"": 6, ""Ladder"": ""flat"", ""MaxHoldSec"": 300, ""StopPips"": 29.0, ""MaxBasketRiskPct"": 3.0, ""AddMinSec"": 30, ""Session"": ""lateny_1923"", ""ZEntry"": 2.5, ""ZEmaBars"": 60, ""NewsBeforeMin"": 15, ""NewsAfterMin"": 15, ""NewsCloseMode"": 2, ""DailyLossPct"": 5.0, ""MaxSpreadPts"": 10}"
-50.0,0.0,0.0,0.0,0.0,100.0,0.0,0.0,0.0,0.0,0.0,"{""EntryMode"": 1, ""EntryTFMin"": 1, ""GridSpacingPts"": 130, ""TP_Pips"": 10.5, ""MaxLayers"": 5, ""Ladder"": ""flat"", ""MaxHoldSec"": 30, ""StopPips"": 18.0, ""MaxBasketRiskPct"": 1.0, ""AddMinSec"": 30, ""Session"": ""lateny_1923"", ""ZEntry"": 1.0, ""ZEmaBars"": 120, ""NewsBeforeMin"": 60, ""NewsAfterMin"": 15, ""NewsCloseMode"": 0, ""DailyLossPct"": 8.0, ""MaxSpreadPts"": 0}"
-50.0,0.0,0.0,0.0,0.0,100.0,0.0,0.0,0.0,0.0,0.0,"{""EntryMode"": 1, ""EntryTFMin"": 1, ""GridSpacingPts"": 65, ""TP_Pips"": 5.5, ""MaxLayers"": 3, ""Ladder"": ""flat"", ""MaxHoldSec"": 60, ""StopPips"": 26.0, ""MaxBasketRiskPct"": 3.0, ""AddMinSec"": 0, ""Session"": ""lateny_1923"", ""ZEntry"": 2.5, ""ZEmaBars"": 30, ""NewsBeforeMin"": 60, ""NewsAfterMin"": 60, ""NewsCloseMode"": 2, ""DailyLossPct"": 8.0, ""MaxSpreadPts"": 10}"
-50.0,-0.11633898841252321,0.688249807709701,0.0,0.0,99.42000000000019,0.0015393741113718848,31.898280024528503,0.0,2.0,0.0,"{""EntryMode"": 1, ""EntryTFMin"": 5, ""GridSpacingPts"": 25, ""TP_Pips"": 8.5, ""MaxLayers"": 4, ""Ladder"": ""step1"", ""MaxHoldSec"": 300, ""StopPips"": 2.0, ""MaxBasketRiskPct"": 1.0, ""AddMinSec"": 60, ""Session"": ""asia_0309"", ""ZEntry"": 2.75, ""ZEmaBars"": 30, ""NewsBeforeMin"": 60, ""NewsAfterMin"": 60, ""NewsCloseMode"": 2, ""DailyLossPct"": 5.0, ""MaxSpreadPts"": 10}"
-50.0,0.0,0.0,0.0,0.0,100.0,0.0,0.0,0.0,0.0,0.0,"{""EntryMode"": 0, ""EntryTFMin"": 1, ""GridSpacingPts"": 40, ""TP_Pips"": 1.0, ""MaxLayers"": 6, ""Ladder"": ""step2"", ""MaxHoldSec"": 600, ""StopPips"": 10.0, ""MaxBasketRiskPct"": 1.0, ""AddMinSec"": 30, ""Session"": ""asia_0309"", ""ZEntry"": 2.25, ""ZEmaBars"": 90, ""NewsBeforeMin"": 15, ""NewsAfterMin"": 30, ""NewsCloseMode"": 0, ""DailyLossPct"": 5.0, ""MaxSpreadPts"": 10}"
-50.0,0.0,0.0,0.0,0.0,100.0,0.0,0.0,0.0,0.0,0.0,"{""EntryMode"": 0, ""EntryTFMin"": 5, ""GridSpacingPts"": 115, ""TP_Pips"": 12.5, ""MaxLayers"": 1, ""Ladder"": ""flat"", ""MaxHoldSec"": 30, ""StopPips"": 30.0, ""MaxBasketRiskPct"": 3.0, ""AddMinSec"": 60, ""Session"": ""lateny_1923"", ""ZEntry"": 1.0, ""ZEmaBars"": 120, ""NewsBeforeMin"": 30, ""NewsAfterMin"": 60, ""NewsCloseMode"": 0, ""DailyLossPct"": 5.0, ""MaxSpreadPts"": 0}"
-50.0,-3.3348235936880744,15.589999999994134,0.0,0.0,84.41000000000587,0.08466557612545367,285.5528343128306,103.0,3.0,4.0,"{""EntryMode"": 0, ""EntryTFMin"": 5, ""GridSpacingPts"": 150, ""TP_Pips"": 12.5, ""MaxLayers"": 2, ""Ladder"": ""flat"", ""MaxHoldSec"": 300, ""StopPips"": 16.0, ""MaxBasketRiskPct"": 2.0, ""AddMinSec"": 15, ""Session"": ""london_1013"", ""ZEntry"": 2.5, ""ZEmaBars"": 60, ""NewsBeforeMin"": 15, ""NewsAfterMin"": 15, ""NewsCloseMode"": 2, ""DailyLossPct"": 8.0, ""MaxSpreadPts"": 0}"
-50.0,-4.450280628434289,21.273159026143546,0.0,0.0,79.65365000000259,0.025399672837636098,810.2689893709289,26.0,4.0,3.0,"{""EntryMode"": 1, ""EntryTFMin"": 5, ""GridSpacingPts"": 90, ""TP_Pips"": 13.5, ""MaxLayers"": 4, ""Ladder"": ""step1"", ""MaxHoldSec"": 900, ""StopPips"": 23.0, ""MaxBasketRiskPct"": 3.0, ""AddMinSec"": 0, ""Session"": ""ny_1519"", ""ZEntry"": 1.5, ""ZEmaBars"": 30, ""NewsBeforeMin"": 30, ""NewsAfterMin"": 30, ""NewsCloseMode"": 0, ""DailyLossPct"": 5.0, ""MaxSpreadPts"": 10}"
-50.0,-2.8156204364187976,14.35340904593505,0.0,0.0,86.70000000000755,0.06311433856624728,689.9091429878682,51.0,21.0,10.0,"{""EntryMode"": 1, ""EntryTFMin"": 5, ""GridSpacingPts"": 30, ""TP_Pips"": 13.5, ""MaxLayers"": 1, ""Ladder"": ""step2"", ""MaxHoldSec"": 900, ""StopPips"": 12.0, ""MaxBasketRiskPct"": 2.0, ""AddMinSec"": 30, ""Session"": ""lateny_1923"", ""ZEntry"": 2.5, ""ZEmaBars"": 90, ""NewsBeforeMin"": 15, ""NewsAfterMin"": 15, ""NewsCloseMode"": 0, ""DailyLossPct"": 5.0, ""MaxSpreadPts"": 10}"
-50.0,-2.3446489913560353,11.17999999999455,0.0,0.0,88.82000000000545,0.0654233997333051,60.0,85.0,0.0,0.0,"{""EntryMode"": 0, ""EntryTFMin"": 5, ""GridSpacingPts"": 125, ""TP_Pips"": 8.5, ""MaxLayers"": 3, ""Ladder"": ""step2"", ""MaxHoldSec"": 60, ""StopPips"": 8.0, ""MaxBasketRiskPct"": 1.0, ""AddMinSec"": 60, ""Session"": ""ny_1519"", ""ZEntry"": 1.75, ""ZEmaBars"": 30, ""NewsBeforeMin"": 30, ""NewsAfterMin"": 15, ""NewsCloseMode"": 0, ""DailyLossPct"": 8.0, ""MaxSpreadPts"": 10}"
-50.0,0.0,0.0,0.0,0.0,100.0,0.0,0.0,0.0,0.0,0.0,"{""EntryMode"": 1, ""EntryTFMin"": 1, ""GridSpacingPts"": 105, ""TP_Pips"": 5.0, ""MaxLayers"": 2, ""Ladder"": ""step1"", ""MaxHoldSec"": 900, ""StopPips"": 27.0, ""MaxBasketRiskPct"": 2.0, ""AddMinSec"": 30, ""Session"": ""asia_0109"", ""ZEntry"": 2.0, ""ZEmaBars"": 120, ""NewsBeforeMin"": 15, ""NewsAfterMin"": 15, ""NewsCloseMode"": 0, ""DailyLossPct"": 5.0, ""MaxSpreadPts"": 0}"
-50.0,-2.230502744163143,10.659999999995463,0.0,0.0,89.34000000000454,0.0600355903435035,29.052025451892764,78.0,0.0,0.0,"{""EntryMode"": 0, ""EntryTFMin"": 5, ""GridSpacingPts"": 125, ""TP_Pips"": 14.0, ""MaxLayers"": 1, ""Ladder"": ""step1"", ""MaxHoldSec"": 30, ""StopPips"": 17.0, ""MaxBasketRiskPct"": 2.0, ""AddMinSec"": 0, ""Session"": ""ny_1519"", ""ZEntry"": 2.25, ""ZEmaBars"": 60, ""NewsBeforeMin"": 15, ""NewsAfterMin"": 30, ""NewsCloseMode"": 0, ""DailyLossPct"": 5.0, ""MaxSpreadPts"": 0}"
-50.0,0.0,0.0,0.0,0.0,100.0,0.0,0.0,0.0,0.0,0.0,"{""EntryMode"": 1, ""EntryTFMin"": 1, ""GridSpacingPts"": 20, ""TP_Pips"": 2.0, ""MaxLayers"": 6, ""Ladder"": ""step2"", ""MaxHoldSec"": 30, ""StopPips"": 30.0, ""MaxBasketRiskPct"": 2.0, ""AddMinSec"": 0, ""Session"": ""london_1013"", ""ZEntry"": 1.75, ""ZEmaBars"": 90, ""NewsBeforeMin"": 60, ""NewsAfterMin"": 60, ""NewsCloseMode"": 0, ""DailyLossPct"": 3.0, ""MaxSpreadPts"": 10}"
-50.0,-0.15224698597432473,0.7638442598590132,0.0,0.0,99.24152765164563,0.002309061167057827,30.0,3.0,0.0,0.0,"{""EntryMode"": 1, ""EntryTFMin"": 1, ""GridSpacingPts"": 35, ""TP_Pips"": 5.0, ""MaxLayers"": 1, ""Ladder"": ""step2"", ""MaxHoldSec"": 30, ""StopPips"": 19.0, ""MaxBasketRiskPct"": 2.0, ""AddMinSec"": 60, ""Session"": ""allday_0123"", ""ZEntry"": 3.0, ""ZEmaBars"": 90, ""NewsBeforeMin"": 15, ""NewsAfterMin"": 15, ""NewsCloseMode"": 0, ""DailyLossPct"": 5.0, ""MaxSpreadPts"": 10}"
-50.0,-2.923532473342627,19.269966722113516,0.0,0.0,86.2200000000222,0.11468337129720542,1107.4246732648032,63.0,8.0,78.0,"{""EntryMode"": 1, ""EntryTFMin"": 1, ""GridSpacingPts"": 140, ""TP_Pips"": 6.5, ""MaxLayers"": 2, ""Ladder"": ""step1"", ""MaxHoldSec"": 1800, ""StopPips"": 25.0, ""MaxBasketRiskPct"": 3.0, ""AddMinSec"": 60, ""Session"": ""lateny_1923"", ""ZEntry"": 1.75, ""ZEmaBars"": 120, ""NewsBeforeMin"": 30, ""NewsAfterMin"": 15, ""NewsCloseMode"": 0, ""DailyLossPct"": 8.0, ""MaxSpreadPts"": 0}"
-50.0,0.0,0.0,0.0,0.0,100.0,0.0,0.0,0.0,0.0,0.0,"{""EntryMode"": 0, ""EntryTFMin"": 1, ""GridSpacingPts"": 120, ""TP_Pips"": 5.5, ""MaxLayers"": 1, ""Ladder"": ""step2"", ""MaxHoldSec"": 30, ""StopPips"": 10.0, ""MaxBasketRiskPct"": 1.0, ""AddMinSec"": 0, ""Session"": ""lateny_1923"", ""ZEntry"": 2.5, ""ZEmaBars"": 90, ""NewsBeforeMin"": 15, ""NewsAfterMin"": 30, ""NewsCloseMode"": 0, ""DailyLossPct"": 3.0, ""MaxSpreadPts"": 10}"
-50.0,-0.35877443990448565,2.2504356484936223,0.0,0.0,98.22000000000048,0.002309061167057827,456.9790981610616,1.0,2.0,0.0,"{""EntryMode"": 1, ""EntryTFMin"": 5, ""GridSpacingPts"": 100, ""TP_Pips"": 7.5, ""MaxLayers"": 4, ""Ladder"": ""step2"", ""MaxHoldSec"": 900, ""StopPips"": 9.0, ""MaxBasketRiskPct"": 1.0, ""AddMinSec"": 30, ""Session"": ""london_1013"", ""ZEntry"": 1.0, ""ZEmaBars"": 30, ""NewsBeforeMin"": 30, ""NewsAfterMin"": 60, ""NewsCloseMode"": 0, ""DailyLossPct"": 3.0, ""MaxSpreadPts"": 10}"
-50.0,0.0,0.0,0.0,0.0,100.0,0.0,0.0,0.0,0.0,0.0,"{""EntryMode"": 0, ""EntryTFMin"": 1, ""GridSpacingPts"": 20, ""TP_Pips"": 2.0, ""MaxLayers"": 5, ""Ladder"": ""flat"", ""MaxHoldSec"": 600, ""StopPips"": 20.0, ""MaxBasketRiskPct"": 2.0, ""AddMinSec"": 15, ""Session"": ""london_1013"", ""ZEntry"": 2.75, ""ZEmaBars"": 30, ""NewsBeforeMin"": 60, ""NewsAfterMin"": 15, ""NewsCloseMode"": 2, ""DailyLossPct"": 5.0, ""MaxSpreadPts"": 10}"
-50.0,-1.2285048230096018,7.585449827846248,0.0,0.0,94.01000000000677,0.033096543394495526,203.65460767856865,22.0,20.0,1.0,"{""EntryMode"": 1, ""EntryTFMin"": 5, ""GridSpacingPts"": 60, ""TP_Pips"": 10.5, ""MaxLayers"": 6, ""Ladder"": ""flat"", ""MaxHoldSec"": 300, ""StopPips"": 4.0, ""MaxBasketRiskPct"": 2.0, ""AddMinSec"": 60, ""Session"": ""lateny_1923"", ""ZEntry"": 3.0, ""ZEmaBars"": 120, ""NewsBeforeMin"": 30, ""NewsAfterMin"": 15, ""NewsCloseMode"": 2, ""DailyLossPct"": 3.0, ""MaxSpreadPts"": 0}"
-50.0,0.0,0.0,0.0,0.0,100.0,0.0,0.0,0.0,0.0,0.0,"{""EntryMode"": 0, ""EntryTFMin"": 1, ""GridSpacingPts"": 120, ""TP_Pips"": 10.0, ""MaxLayers"": 3, ""Ladder"": ""step1"", ""MaxHoldSec"": 120, ""StopPips"": 19.0, ""MaxBasketRiskPct"": 1.0, ""AddMinSec"": 0, ""Session"": ""allday_0123"", ""ZEntry"": 3.0, ""ZEmaBars"": 30, ""NewsBeforeMin"": 30, ""NewsAfterMin"": 30, ""NewsCloseMode"": 0, ""DailyLossPct"": 8.0, ""MaxSpreadPts"": 10}"
-50.0,0.0,0.0,0.0,0.0,100.0,0.0,0.0,0.0,0.0,0.0,"{""EntryMode"": 0, ""EntryTFMin"": 5, ""GridSpacingPts"": 95, ""TP_Pips"": 3.5, ""MaxLayers"": 2, ""Ladder"": ""flat"", ""MaxHoldSec"": 1800, ""StopPips"": 16.0, ""MaxBasketRiskPct"": 1.0, ""AddMinSec"": 0, ""Session"": ""lateny_1923"", ""ZEntry"": 2.5, ""ZEmaBars"": 60, ""NewsBeforeMin"": 15, ""NewsAfterMin"": 15, ""NewsCloseMode"": 2, ""DailyLossPct"": 5.0, ""MaxSpreadPts"": 0}"
-50.0,0.0,0.0,0.0,0.0,100.0,0.0,0.0,0.0,0.0,0.0,"{""EntryMode"": 1, ""EntryTFMin"": 1, ""GridSpacingPts"": 45, ""TP_Pips"": 0.5, ""MaxLayers"": 2, ""Ladder"": ""flat"", ""MaxHoldSec"": 60, ""StopPips"": 29.0, ""MaxBasketRiskPct"": 1.0, ""AddMinSec"": 30, ""Session"": ""london_1013"", ""ZEntry"": 2.0, ""ZEmaBars"": 120, ""NewsBeforeMin"": 60, ""NewsAfterMin"": 60, ""NewsCloseMode"": 2, ""DailyLossPct"": 8.0, ""MaxSpreadPts"": 10}"
-50.0,0.0,0.0,0.0,0.0,100.0,0.0,0.0,0.0,0.0,0.0,"{""EntryMode"": 0, ""EntryTFMin"": 1, ""GridSpacingPts"": 15, ""TP_Pips"": 6.0, ""MaxLayers"": 5, ""Ladder"": ""step2"", ""MaxHoldSec"": 60, ""StopPips"": 23.0, ""MaxBasketRiskPct"": 1.0, ""AddMinSec"": 0, ""Session"": ""allday_0123"", ""ZEntry"": 2.75, ""ZEmaBars"": 90, ""NewsBeforeMin"": 60, ""NewsAfterMin"": 30, ""NewsCloseMode"": 0, ""DailyLossPct"": 8.0, ""MaxSpreadPts"": 10}"
-50.0,0.0,0.0,0.0,0.0,100.0,0.0,0.0,0.0,0.0,0.0,"{""EntryMode"": 0, ""EntryTFMin"": 1, ""GridSpacingPts"": 30, ""TP_Pips"": 1.5, ""MaxLayers"": 5, ""Ladder"": ""flat"", ""MaxHoldSec"": 600, ""StopPips"": 20.0, ""MaxBasketRiskPct"": 2.0, ""AddMinSec"": 15, ""Session"": ""london_1013"", ""ZEntry"": 2.5, ""ZEmaBars"": 30, ""NewsBeforeMin"": 60, ""NewsAfterMin"": 15, ""NewsCloseMode"": 2, ""DailyLossPct"": 5.0, ""MaxSpreadPts"": 10}"
-50.0,-3.267768893888212,15.579807644389382,0.0,0.0,84.70300000000191,0.05156903273095814,293.6980155601221,65.0,2.0,0.0,"{""EntryMode"": 1, ""EntryTFMin"": 5, ""GridSpacingPts"": 100, ""TP_Pips"": 14.0, ""MaxLayers"": 5, ""Ladder"": ""step1"", ""MaxHoldSec"": 300, ""StopPips"": 25.0, ""MaxBasketRiskPct"": 3.0, ""AddMinSec"": 30, ""Session"": ""london_1013"", ""ZEntry"": 1.0, ""ZEmaBars"": 60, ""NewsBeforeMin"": 30, ""NewsAfterMin"": 60, ""NewsCloseMode"": 2, ""DailyLossPct"": 5.0, ""MaxSpreadPts"": 10}"
-50.0,0.0,0.0,0.0,0.0,100.0,0.0,0.0,0.0,0.0,0.0,"{""EntryMode"": 1, ""EntryTFMin"": 5, ""GridSpacingPts"": 70, ""TP_Pips"": 13.0, ""MaxLayers"": 3, ""Ladder"": ""step1"", ""MaxHoldSec"": 300, ""StopPips"": 29.0, ""MaxBasketRiskPct"": 1.0, ""AddMinSec"": 60, ""Session"": ""asia_0309"", ""ZEntry"": 3.0, ""ZEmaBars"": 30, ""NewsBeforeMin"": 30, ""NewsAfterMin"": 15, ""NewsCloseMode"": 0, ""DailyLossPct"": 5.0, ""MaxSpreadPts"": 10}"
-50.0,-4.465220935894376,20.674308566300333,0.0,0.0,79.59143250000255,0.07158089617879264,288.6154216776292,90.0,2.0,1.0,"{""EntryMode"": 1, ""EntryTFMin"": 5, ""GridSpacingPts"": 100, ""TP_Pips"": 14.5, ""MaxLayers"": 4, ""Ladder"": ""step1"", ""MaxHoldSec"": 300, ""StopPips"": 23.0, ""MaxBasketRiskPct"": 3.0, ""AddMinSec"": 30, ""Session"": ""london_1013"", ""ZEntry"": 1.0, ""ZEmaBars"": 60, ""NewsBeforeMin"": 30, ""NewsAfterMin"": 60, ""NewsCloseMode"": 2, ""DailyLossPct"": 5.0, ""MaxSpreadPts"": 10}"
-50.0,-3.771659091182966,21.04386930105647,0.0,0.0,82.52100000000276,0.03694497867292523,578.8804530902787,6.0,10.0,32.0,"{""EntryMode"": 1, ""EntryTFMin"": 1, ""GridSpacingPts"": 140, ""TP_Pips"": 4.5, ""MaxLayers"": 1, ""Ladder"": ""step2"", ""MaxHoldSec"": 1800, ""StopPips"": 24.0, ""MaxBasketRiskPct"": 3.0, ""AddMinSec"": 60, ""Session"": ""ny_1519"", ""ZEntry"": 2.0, ""ZEmaBars"": 120, ""NewsBeforeMin"": 30, ""NewsAfterMin"": 15, ""NewsCloseMode"": 0, ""DailyLossPct"": 8.0, ""MaxSpreadPts"": 0}"
-50.0,0.0,0.0,0.0,0.0,100.0,0.0,0.0,0.0,0.0,0.0,"{""EntryMode"": 0, ""EntryTFMin"": 5, ""GridSpacingPts"": 25, ""TP_Pips"": 6.5, ""MaxLayers"": 2, ""Ladder"": ""step1"", ""MaxHoldSec"": 600, ""StopPips"": 19.0, ""MaxBasketRiskPct"": 1.0, ""AddMinSec"": 0, ""Session"": ""london_1013"", ""ZEntry"": 2.0, ""ZEmaBars"": 60, ""NewsBeforeMin"": 30, ""NewsAfterMin"": 30, ""NewsCloseMode"": 2, ""DailyLossPct"": 5.0, ""MaxSpreadPts"": 0}"
-50.0,0.0,0.0,0.0,0.0,100.0,0.0,0.0,0.0,0.0,0.0,"{""EntryMode"": 1, ""EntryTFMin"": 5, ""GridSpacingPts"": 65, ""TP_Pips"": 15.0, ""MaxLayers"": 3, ""Ladder"": ""step1"", ""MaxHoldSec"": 300, ""StopPips"": 30.0, ""MaxBasketRiskPct"": 1.0, ""AddMinSec"": 60, ""Session"": ""asia_0309"", ""ZEntry"": 3.0, ""ZEmaBars"": 30, ""NewsBeforeMin"": 30, ""NewsAfterMin"": 15, ""NewsCloseMode"": 0, ""DailyLossPct"": 5.0, ""MaxSpreadPts"": 10}"
-50.0,0.0,0.0,0.0,0.0,100.0,0.0,0.0,0.0,0.0,0.0,"{""EntryMode"": 0, ""EntryTFMin"": 1, ""GridSpacingPts"": 115, ""TP_Pips"": 10.0, ""MaxLayers"": 1, ""Ladder"": ""step2"", ""MaxHoldSec"": 30, ""StopPips"": 11.0, ""MaxBasketRiskPct"": 1.0, ""AddMinSec"": 0, ""Session"": ""lateny_1923"", ""ZEntry"": 2.25, ""ZEmaBars"": 90, ""NewsBeforeMin"": 15, ""NewsAfterMin"": 30, ""NewsCloseMode"": 0, ""DailyLossPct"": 3.0, ""MaxSpreadPts"": 10}"
-50.0,0.0,0.0,0.0,0.0,100.0,0.0,0.0,0.0,0.0,0.0,"{""EntryMode"": 1, ""EntryTFMin"": 1, ""GridSpacingPts"": 135, ""TP_Pips"": 5.5, ""MaxLayers"": 1, ""Ladder"": ""step2"", ""MaxHoldSec"": 1800, ""StopPips"": 24.0, ""MaxBasketRiskPct"": 1.0, ""AddMinSec"": 60, ""Session"": ""lateny_1923"", ""ZEntry"": 2.5, ""ZEmaBars"": 120, ""NewsBeforeMin"": 30, ""NewsAfterMin"": 15, ""NewsCloseMode"": 0, ""DailyLossPct"": 8.0, ""MaxSpreadPts"": 0}"
-50.0,-2.24289546951828,11.306385877153351,0.0,0.0,89.28342665676362,0.0030787482227437697,1033.537063062191,1.0,3.0,0.0,"{""EntryMode"": 1, ""EntryTFMin"": 1, ""GridSpacingPts"": 25, ""TP_Pips"": 14.0, ""MaxLayers"": 3, ""Ladder"": ""flat"", ""MaxHoldSec"": 1800, ""StopPips"": 14.0, ""MaxBasketRiskPct"": 5.0, ""AddMinSec"": 60, ""Session"": ""london_1013"", ""ZEntry"": 2.75, ""ZEmaBars"": 30, ""NewsBeforeMin"": 15, ""NewsAfterMin"": 15, ""NewsCloseMode"": 0, ""DailyLossPct"": 5.0, ""MaxSpreadPts"": 0}"
-50.0,0.0,0.0,0.0,0.0,100.0,0.0,0.0,0.0,0.0,0.0,"{""EntryMode"": 1, ""EntryTFMin"": 5, ""GridSpacingPts"": 65, ""TP_Pips"": 10.5, ""MaxLayers"": 3, ""Ladder"": ""flat"", ""MaxHoldSec"": 120, ""StopPips"": 19.0, ""MaxBasketRiskPct"": 1.0, ""AddMinSec"": 0, ""Session"": ""ny_1519"", ""ZEntry"": 1.0, ""ZEmaBars"": 60, ""NewsBeforeMin"": 30, ""NewsAfterMin"": 15, ""NewsCloseMode"": 0, ""DailyLossPct"": 3.0, ""MaxSpreadPts"": 0}"
-50.0,-3.7332553744064523,20.497577016251757,0.0,0.0,82.68570000002101,0.10621681368466004,1075.9855684754232,58.0,11.0,69.0,"{""EntryMode"": 1, ""EntryTFMin"": 1, ""GridSpacingPts"": 40, ""TP_Pips"": 7.0, ""MaxLayers"": 4, ""Ladder"": ""flat"", ""MaxHoldSec"": 1800, ""StopPips"": 24.0, ""MaxBasketRiskPct"": 3.0, ""AddMinSec"": 60, ""Session"": ""lateny_1923"", ""ZEntry"": 1.5, ""ZEmaBars"": 60, ""NewsBeforeMin"": 30, ""NewsAfterMin"": 15, ""NewsCloseMode"": 0, ""DailyLossPct"": 5.0, ""MaxSpreadPts"": 0}"
-50.0,0.0,0.0,0.0,0.0,100.0,0.0,0.0,0.0,0.0,0.0,"{""EntryMode"": 0, ""EntryTFMin"": 1, ""GridSpacingPts"": 10, ""TP_Pips"": 3.0, ""MaxLayers"": 2, ""Ladder"": ""step1"", ""MaxHoldSec"": 60, ""StopPips"": 21.0, ""MaxBasketRiskPct"": 2.0, ""AddMinSec"": 30, ""Session"": ""london_1013"", ""ZEntry"": 3.0, ""ZEmaBars"": 60, ""NewsBeforeMin"": 60, ""NewsAfterMin"": 60, ""NewsCloseMode"": 0, ""DailyLossPct"": 3.0, ""MaxSpreadPts"": 0}"
-50.0,0.0,0.0,0.0,0.0,100.0,0.0,0.0,0.0,0.0,0.0,"{""EntryMode"": 1, ""EntryTFMin"": 5, ""GridSpacingPts"": 60, ""TP_Pips"": 10.0, ""MaxLayers"": 4, ""Ladder"": ""flat"", ""MaxHoldSec"": 120, ""StopPips"": 20.0, ""MaxBasketRiskPct"": 1.0, ""AddMinSec"": 0, ""Session"": ""ny_1519"", ""ZEntry"": 1.0, ""ZEmaBars"": 60, ""NewsBeforeMin"": 30, ""NewsAfterMin"": 15, ""NewsCloseMode"": 0, ""DailyLossPct"": 3.0, ""MaxSpreadPts"": 0}"
-50.0,0.0,0.0,0.0,0.0,100.0,0.0,0.0,0.0,0.0,0.0,"{""EntryMode"": 1, ""EntryTFMin"": 1, ""GridSpacingPts"": 35, ""TP_Pips"": 2.0, ""MaxLayers"": 3, ""Ladder"": ""flat"", ""MaxHoldSec"": 60, ""StopPips"": 29.0, ""MaxBasketRiskPct"": 1.0, ""AddMinSec"": 30, ""Session"": ""asia_0109"", ""ZEntry"": 2.0, ""ZEmaBars"": 120, ""NewsBeforeMin"": 60, ""NewsAfterMin"": 60, ""NewsCloseMode"": 2, ""DailyLossPct"": 8.0, ""MaxSpreadPts"": 10}"
-50.0,-2.299146127555418,12.982291084773706,0.0,0.0,89.02700000000785,0.043102475118412774,1050.8372656390782,21.0,3.0,32.0,"{""EntryMode"": 1, ""EntryTFMin"": 5, ""GridSpacingPts"": 125, ""TP_Pips"": 5.0, ""MaxLayers"": 1, ""Ladder"": ""step1"", ""MaxHoldSec"": 1800, ""StopPips"": 26.0, ""MaxBasketRiskPct"": 3.0, ""AddMinSec"": 60, ""Session"": ""lateny_1923"", ""ZEntry"": 2.0, ""ZEmaBars"": 120, ""NewsBeforeMin"": 30, ""NewsAfterMin"": 15, ""NewsCloseMode"": 0, ""DailyLossPct"": 8.0, ""MaxSpreadPts"": 0}"
-50.0,0.0,0.0,0.0,0.0,100.0,0.0,0.0,0.0,0.0,0.0,"{""EntryMode"": 1, ""EntryTFMin"": 5, ""GridSpacingPts"": 105, ""TP_Pips"": 9.0, ""MaxLayers"": 5, ""Ladder"": ""step2"", ""MaxHoldSec"": 900, ""StopPips"": 11.0, ""MaxBasketRiskPct"": 1.0, ""AddMinSec"": 30, ""Session"": ""london_1013"", ""ZEntry"": 1.25, ""ZEmaBars"": 30, ""NewsBeforeMin"": 30, ""NewsAfterMin"": 60, ""NewsCloseMode"": 0, ""DailyLossPct"": 3.0, ""MaxSpreadPts"": 10}"
-50.0,0.0,0.0,0.0,0.0,100.0,0.0,0.0,0.0,0.0,0.0,"{""EntryMode"": 0, ""EntryTFMin"": 1, ""GridSpacingPts"": 10, ""TP_Pips"": 6.0, ""MaxLayers"": 3, ""Ladder"": ""step1"", ""MaxHoldSec"": 60, ""StopPips"": 21.0, ""MaxBasketRiskPct"": 2.0, ""AddMinSec"": 30, ""Session"": ""london_1013"", ""ZEntry"": 3.0, ""ZEmaBars"": 60, ""NewsBeforeMin"": 60, ""NewsAfterMin"": 60, ""NewsCloseMode"": 0, ""DailyLossPct"": 3.0, ""MaxSpreadPts"": 0}"
-50.0,-3.0204767736891847,22.989240323494997,0.0,0.0,85.79060000002886,0.15547678524856037,1198.5553537220148,93.0,10.0,99.0,"{""EntryMode"": 1, ""EntryTFMin"": 1, ""GridSpacingPts"": 50, ""TP_Pips"": 7.5, ""MaxLayers"": 2, ""Ladder"": ""flat"", ""MaxHoldSec"": 1800, ""StopPips"": 25.0, ""MaxBasketRiskPct"": 3.0, ""AddMinSec"": 60, ""Session"": ""lateny_1923"", ""ZEntry"": 1.25, ""ZEmaBars"": 60, ""NewsBeforeMin"": 30, ""NewsAfterMin"": 15, ""NewsCloseMode"": 0, ""DailyLossPct"": 5.0, ""MaxSpreadPts"": 0}"
-50.0,0.0,0.0,0.0,0.0,100.0,0.0,0.0,0.0,0.0,0.0,"{""EntryMode"": 1, ""EntryTFMin"": 5, ""GridSpacingPts"": 80, ""TP_Pips"": 15.0, ""MaxLayers"": 2, ""Ladder"": ""step1"", ""MaxHoldSec"": 300, ""StopPips"": 29.0, ""MaxBasketRiskPct"": 1.0, ""AddMinSec"": 60, ""Session"": ""asia_0309"", ""ZEntry"": 3.0, ""ZEmaBars"": 30, ""NewsBeforeMin"": 30, ""NewsAfterMin"": 15, ""NewsCloseMode"": 0, ""DailyLossPct"": 5.0, ""MaxSpreadPts"": 10}"
-50.0,-0.4186439002535569,4.1159207913696445,0.0,0.0,97.92545125498327,0.002309061167057827,846.2245167096455,1.0,1.0,1.0,"{""EntryMode"": 1, ""EntryTFMin"": 1, ""GridSpacingPts"": 20, ""TP_Pips"": 14.0, ""MaxLayers"": 6, ""Ladder"": ""flat"", ""MaxHoldSec"": 1800, ""StopPips"": 15.0, ""MaxBasketRiskPct"": 5.0, ""AddMinSec"": 60, ""Session"": ""asia_0309"", ""ZEntry"": 2.75, ""ZEmaBars"": 30, ""NewsBeforeMin"": 15, ""NewsAfterMin"": 15, ""NewsCloseMode"": 0, ""DailyLossPct"": 5.0, ""MaxSpreadPts"": 0}"
-50.0,0.0,0.0,0.0,0.0,100.0,0.0,0.0,0.0,0.0,0.0,"{""EntryMode"": 0, ""EntryTFMin"": 5, ""GridSpacingPts"": 80, ""TP_Pips"": 2.5, ""MaxLayers"": 2, ""Ladder"": ""flat"", ""MaxHoldSec"": 1800, ""StopPips"": 15.0, ""MaxBasketRiskPct"": 1.0, ""AddMinSec"": 0, ""Session"": ""lateny_1923"", ""ZEntry"": 2.5, ""ZEmaBars"": 60, ""NewsBeforeMin"": 15, ""NewsAfterMin"": 15, ""NewsCloseMode"": 2, ""DailyLossPct"": 5.0, ""MaxSpreadPts"": 0}"
-50.0,-2.6814003719514368,12.714999999997318,0.0,0.0,87.30000000000287,0.03540560456155335,60.0,46.0,0.0,0.0,"{""EntryMode"": 1, ""EntryTFMin"": 5, ""GridSpacingPts"": 75, ""TP_Pips"": 9.0, ""MaxLayers"": 2, ""Ladder"": ""step1"", ""MaxHoldSec"": 60, ""StopPips"": 26.0, ""MaxBasketRiskPct"": 5.0, ""AddMinSec"": 60, ""Session"": ""london_1013"", ""ZEntry"": 2.0, ""ZEmaBars"": 30, ""NewsBeforeMin"": 30, ""NewsAfterMin"": 60, ""NewsCloseMode"": 2, ""DailyLossPct"": 3.0, ""MaxSpreadPts"": 0}"
-50.0,-0.10427878378737043,0.5199999999999534,0.0,0.0,99.48000000000005,0.0030787482227437697,60.0,4.0,0.0,0.0,"{""EntryMode"": 0, ""EntryTFMin"": 1, ""GridSpacingPts"": 10, ""TP_Pips"": 2.5, ""MaxLayers"": 3, ""Ladder"": ""step1"", ""MaxHoldSec"": 60, ""StopPips"": 19.0, ""MaxBasketRiskPct"": 2.0, ""AddMinSec"": 30, ""Session"": ""london_1013"", ""ZEntry"": 2.75, ""ZEmaBars"": 60, ""NewsBeforeMin"": 60, ""NewsAfterMin"": 60, ""NewsCloseMode"": 0, ""DailyLossPct"": 3.0, ""MaxSpreadPts"": 0}"
-50.0,0.0,0.0,0.0,0.0,100.0,0.0,0.0,0.0,0.0,0.0,"{""EntryMode"": 1, ""EntryTFMin"": 5, ""GridSpacingPts"": 80, ""TP_Pips"": 12.5, ""MaxLayers"": 1, ""Ladder"": ""flat"", ""MaxHoldSec"": 30, ""StopPips"": 22.0, ""MaxBasketRiskPct"": 1.0, ""AddMinSec"": 15, ""Session"": ""asia_0309"", ""ZEntry"": 3.0, ""ZEmaBars"": 30, ""NewsBeforeMin"": 60, ""NewsAfterMin"": 15, ""NewsCloseMode"": 2, ""DailyLossPct"": 5.0, ""MaxSpreadPts"": 0}"
-50.0,-3.628383095950527,17.76841140305905,0.0,0.0,83.13680000000546,0.01308467994666102,1246.4453455021505,12.0,3.0,2.0,"{""EntryMode"": 1, ""EntryTFMin"": 1, ""GridSpacingPts"": 10, ""TP_Pips"": 14.0, ""MaxLayers"": 5, ""Ladder"": ""flat"", ""MaxHoldSec"": 1800, ""StopPips"": 16.0, ""MaxBasketRiskPct"": 5.0, ""AddMinSec"": 60, ""Session"": ""asia_0309"", ""ZEntry"": 2.5, ""ZEmaBars"": 30, ""NewsBeforeMin"": 15, ""NewsAfterMin"": 15, ""NewsCloseMode"": 0, ""DailyLossPct"": 5.0, ""MaxSpreadPts"": 0}"
-50.0,-0.11432855008933762,1.3069999999996895,0.0,0.0,99.43000000000052,0.0030787482227437697,60.0,4.0,0.0,0.0,"{""EntryMode"": 1, ""EntryTFMin"": 1, ""GridSpacingPts"": 15, ""TP_Pips"": 14.0, ""MaxLayers"": 5, ""Ladder"": ""flat"", ""MaxHoldSec"": 60, ""StopPips"": 15.0, ""MaxBasketRiskPct"": 5.0, ""AddMinSec"": 60, ""Session"": ""asia_0309"", ""ZEntry"": 2.75, ""ZEmaBars"": 30, ""NewsBeforeMin"": 15, ""NewsAfterMin"": 15, ""NewsCloseMode"": 0, ""DailyLossPct"": 5.0, ""MaxSpreadPts"": 0}"
-50.0,0.0,0.0,0.0,0.0,100.0,0.0,0.0,0.0,0.0,0.0,"{""EntryMode"": 0, ""EntryTFMin"": 1, ""GridSpacingPts"": 30, ""TP_Pips"": 2.5, ""MaxLayers"": 2, ""Ladder"": ""step2"", ""MaxHoldSec"": 900, ""StopPips"": 14.0, ""MaxBasketRiskPct"": 1.0, ""AddMinSec"": 0, ""Session"": ""asia_0309"", ""ZEntry"": 1.75, ""ZEmaBars"": 30, ""NewsBeforeMin"": 30, ""NewsAfterMin"": 60, ""NewsCloseMode"": 0, ""DailyLossPct"": 5.0, ""MaxSpreadPts"": 0}"
-50.0,0.0,0.0,0.0,0.0,100.0,0.0,0.0,0.0,0.0,0.0,"{""EntryMode"": 1, ""EntryTFMin"": 5, ""GridSpacingPts"": 100, ""TP_Pips"": 15.0, ""MaxLayers"": 3, ""Ladder"": ""step1"", ""MaxHoldSec"": 300, ""StopPips"": 30.0, ""MaxBasketRiskPct"": 1.0, ""AddMinSec"": 60, ""Session"": ""asia_0309"", ""ZEntry"": 3.0, ""ZEmaBars"": 30, ""NewsBeforeMin"": 30, ""NewsAfterMin"": 15, ""NewsCloseMode"": 0, ""DailyLossPct"": 5.0, ""MaxSpreadPts"": 10}"
-50.0,-2.923090524394978,15.66955076520578,0.0,0.0,86.22196147412544,0.09467150784937091,256.36583346855355,89.0,23.0,11.0,"{""EntryMode"": 1, ""EntryTFMin"": 5, ""GridSpacingPts"": 45, ""TP_Pips"": 10.0, ""MaxLayers"": 6, ""Ladder"": ""flat"", ""MaxHoldSec"": 300, ""StopPips"": 8.0, ""MaxBasketRiskPct"": 2.0, ""AddMinSec"": 60, ""Session"": ""lateny_1923"", ""ZEntry"": 2.75, ""ZEmaBars"": 120, ""NewsBeforeMin"": 30, ""NewsAfterMin"": 15, ""NewsCloseMode"": 2, ""DailyLossPct"": 3.0, ""MaxSpreadPts"": 0}"
-50.0,0.0,0.0,0.0,0.0,100.0,0.0,0.0,0.0,0.0,0.0,"{""EntryMode"": 1, ""EntryTFMin"": 5, ""GridSpacingPts"": 90, ""TP_Pips"": 10.5, ""MaxLayers"": 1, ""Ladder"": ""flat"", ""MaxHoldSec"": 30, ""StopPips"": 19.0, ""MaxBasketRiskPct"": 1.0, ""AddMinSec"": 15, ""Session"": ""asia_0309"", ""ZEntry"": 3.0, ""ZEmaBars"": 30, ""NewsBeforeMin"": 60, ""NewsAfterMin"": 15, ""NewsCloseMode"": 2, ""DailyLossPct"": 5.0, ""MaxSpreadPts"": 0}"
-50.0,0.0,0.0,0.0,0.0,100.0,0.0,0.0,0.0,0.0,0.0,"{""EntryMode"": 1, ""EntryTFMin"": 5, ""GridSpacingPts"": 35, ""TP_Pips"": 10.5, ""MaxLayers"": 3, ""Ladder"": ""flat"", ""MaxHoldSec"": 120, ""StopPips"": 22.0, ""MaxBasketRiskPct"": 1.0, ""AddMinSec"": 0, ""Session"": ""ny_1519"", ""ZEntry"": 1.0, ""ZEmaBars"": 60, ""NewsBeforeMin"": 30, ""NewsAfterMin"": 15, ""NewsCloseMode"": 0, ""DailyLossPct"": 3.0, ""MaxSpreadPts"": 0}"
-50.0,0.0,0.0,0.0,0.0,100.0,0.0,0.0,0.0,0.0,0.0,"{""EntryMode"": 0, ""EntryTFMin"": 5, ""GridSpacingPts"": 40, ""TP_Pips"": 5.5, ""MaxLayers"": 2, ""Ladder"": ""step1"", ""MaxHoldSec"": 600, ""StopPips"": 16.0, ""MaxBasketRiskPct"": 1.0, ""AddMinSec"": 0, ""Session"": ""london_1013"", ""ZEntry"": 2.0, ""ZEmaBars"": 60, ""NewsBeforeMin"": 30, ""NewsAfterMin"": 30, ""NewsCloseMode"": 2, ""DailyLossPct"": 5.0, ""MaxSpreadPts"": 0}"
-50.0,0.0,0.0,0.0,0.0,100.0,0.0,0.0,0.0,0.0,0.0,"{""EntryMode"": 1, ""EntryTFMin"": 1, ""GridSpacingPts"": 30, ""TP_Pips"": 0.5, ""MaxLayers"": 2, ""Ladder"": ""flat"", ""MaxHoldSec"": 120, ""StopPips"": 29.0, ""MaxBasketRiskPct"": 1.0, ""AddMinSec"": 30, ""Session"": ""asia_0109"", ""ZEntry"": 2.25, ""ZEmaBars"": 120, ""NewsBeforeMin"": 60, ""NewsAfterMin"": 60, ""NewsCloseMode"": 2, ""DailyLossPct"": 8.0, ""MaxSpreadPts"": 10}"
-50.0,0.0,0.0,0.0,0.0,100.0,0.0,0.0,0.0,0.0,0.0,"{""EntryMode"": 0, ""EntryTFMin"": 1, ""GridSpacingPts"": 110, ""TP_Pips"": 9.0, ""MaxLayers"": 1, ""Ladder"": ""step2"", ""MaxHoldSec"": 30, ""StopPips"": 11.0, ""MaxBasketRiskPct"": 1.0, ""AddMinSec"": 0, ""Session"": ""lateny_1923"", ""ZEntry"": 2.0, ""ZEmaBars"": 90, ""NewsBeforeMin"": 15, ""NewsAfterMin"": 30, ""NewsCloseMode"": 0, ""DailyLossPct"": 3.0, ""MaxSpreadPts"": 10}"
-50.0,-0.1747121827215592,5.3019920951736985,0.0,0.0,99.13000000000288,0.01924217639214856,721.9598353481292,16.0,3.0,6.0,"{""EntryMode"": 1, ""EntryTFMin"": 5, ""GridSpacingPts"": 20, ""TP_Pips"": 12.0, ""MaxLayers"": 4, ""Ladder"": ""step1"", ""MaxHoldSec"": 900, ""StopPips"": 23.0, ""MaxBasketRiskPct"": 5.0, ""AddMinSec"": 0, ""Session"": ""lateny_1923"", ""ZEntry"": 2.75, ""ZEmaBars"": 90, ""NewsBeforeMin"": 30, ""NewsAfterMin"": 60, ""NewsCloseMode"": 2, ""DailyLossPct"": 8.0, ""MaxSpreadPts"": 10}"
-50.0,0.0,0.0,0.0,0.0,100.0,0.0,0.0,0.0,0.0,0.0,"{""EntryMode"": 1, ""EntryTFMin"": 5, ""GridSpacingPts"": 50, ""TP_Pips"": 14.5, ""MaxLayers"": 4, ""Ladder"": ""step1"", ""MaxHoldSec"": 300, ""StopPips"": 29.0, ""MaxBasketRiskPct"": 1.0, ""AddMinSec"": 60, ""Session"": ""asia_0309"", ""ZEntry"": 3.0, ""ZEmaBars"": 30, ""NewsBeforeMin"": 30, ""NewsAfterMin"": 15, ""NewsCloseMode"": 0, ""DailyLossPct"": 5.0, ""MaxSpreadPts"": 10}"
-50.0,-4.960692971622338,24.490272828160155,0.0,0.0,77.55000000002512,0.16394334286110573,823.3780120158303,55.0,16.0,142.0,"{""EntryMode"": 1, ""EntryTFMin"": 1, ""GridSpacingPts"": 115, ""TP_Pips"": 4.5, ""MaxLayers"": 1, ""Ladder"": ""step1"", ""MaxHoldSec"": 1800, ""StopPips"": 23.0, ""MaxBasketRiskPct"": 3.0, ""AddMinSec"": 60, ""Session"": ""lateny_1923"", ""ZEntry"": 2.0, ""ZEmaBars"": 90, ""NewsBeforeMin"": 30, ""NewsAfterMin"": 15, ""NewsCloseMode"": 0, ""DailyLossPct"": 8.0, ""MaxSpreadPts"": 0}"
-50.0,-2.304000125033523,13.280241403887258,0.0,0.0,89.00490000000701,0.03155716928312364,1037.043730482763,17.0,2.0,22.0,"{""EntryMode"": 1, ""EntryTFMin"": 1, ""GridSpacingPts"": 40, ""TP_Pips"": 5.5, ""MaxLayers"": 2, ""Ladder"": ""flat"", ""MaxHoldSec"": 1800, ""StopPips"": 26.0, ""MaxBasketRiskPct"": 3.0, ""AddMinSec"": 60, ""Session"": ""lateny_1923"", ""ZEntry"": 1.75, ""ZEmaBars"": 60, ""NewsBeforeMin"": 30, ""NewsAfterMin"": 15, ""NewsCloseMode"": 0, ""DailyLossPct"": 5.0, ""MaxSpreadPts"": 0}"
-50.0,0.0,0.0,0.0,0.0,100.0,0.0,0.0,0.0,0.0,0.0,"{""EntryMode"": 1, ""EntryTFMin"": 5, ""GridSpacingPts"": 100, ""TP_Pips"": 11.5, ""MaxLayers"": 1, ""Ladder"": ""step1"", ""MaxHoldSec"": 60, ""StopPips"": 28.0, ""MaxBasketRiskPct"": 2.0, ""AddMinSec"": 30, ""Session"": ""lateny_1923"", ""ZEntry"": 3.0, ""ZEmaBars"": 90, ""NewsBeforeMin"": 15, ""NewsAfterMin"": 30, ""NewsCloseMode"": 2, ""DailyLossPct"": 3.0, ""MaxSpreadPts"": 0}"
-50.0,-0.5667144866991602,2.88499999999938,0.0,0.0,97.20000000000053,0.010005931723917252,60.0,13.0,0.0,0.0,"{""EntryMode"": 1, ""EntryTFMin"": 5, ""GridSpacingPts"": 100, ""TP_Pips"": 9.0, ""MaxLayers"": 2, ""Ladder"": ""step1"", ""MaxHoldSec"": 60, ""StopPips"": 28.0, ""MaxBasketRiskPct"": 5.0, ""AddMinSec"": 60, ""Session"": ""london_1013"", ""ZEntry"": 2.25, ""ZEmaBars"": 30, ""NewsBeforeMin"": 30, ""NewsAfterMin"": 60, ""NewsCloseMode"": 2, ""DailyLossPct"": 3.0, ""MaxSpreadPts"": 0}"
-50.0,0.0,0.0,0.0,0.0,100.0,0.0,0.0,0.0,0.0,0.0,"{""EntryMode"": 1, ""EntryTFMin"": 5, ""GridSpacingPts"": 25, ""TP_Pips"": 10.5, ""MaxLayers"": 4, ""Ladder"": ""flat"", ""MaxHoldSec"": 120, ""StopPips"": 15.0, ""MaxBasketRiskPct"": 1.0, ""AddMinSec"": 0, ""Session"": ""ny_1519"", ""ZEntry"": 1.0, ""ZEmaBars"": 60, ""NewsBeforeMin"": 30, ""NewsAfterMin"": 15, ""NewsCloseMode"": 0, ""DailyLossPct"": 3.0, ""MaxSpreadPts"": 0}"
-50.0,0.0,0.0,0.0,0.0,100.0,0.0,0.0,0.0,0.0,0.0,"{""EntryMode"": 1, ""EntryTFMin"": 5, ""GridSpacingPts"": 10, ""TP_Pips"": 9.5, ""MaxLayers"": 3, ""Ladder"": ""step1"", ""MaxHoldSec"": 120, ""StopPips"": 30.0, ""MaxBasketRiskPct"": 2.0, ""AddMinSec"": 0, ""Session"": ""asia_0109"", ""ZEntry"": 1.25, ""ZEmaBars"": 90, ""NewsBeforeMin"": 15, ""NewsAfterMin"": 30, ""NewsCloseMode"": 2, ""DailyLossPct"": 5.0, ""MaxSpreadPts"": 0}"
-50.0,0.0,0.0,0.0,0.0,100.0,0.0,0.0,0.0,0.0,0.0,"{""EntryMode"": 1, ""EntryTFMin"": 5, ""GridSpacingPts"": 15, ""TP_Pips"": 5.5, ""MaxLayers"": 3, ""Ladder"": ""step1"", ""MaxHoldSec"": 120, ""StopPips"": 30.0, ""MaxBasketRiskPct"": 2.0, ""AddMinSec"": 0, ""Session"": ""asia_0109"", ""ZEntry"": 1.5, ""ZEmaBars"": 30, ""NewsBeforeMin"": 15, ""NewsAfterMin"": 30, ""NewsCloseMode"": 2, ""DailyLossPct"": 5.0, ""MaxSpreadPts"": 0}"
-50.0,-0.16020679396049342,5.0090459054836,0.0,0.0,99.2020000000026,0.01924217639214856,705.0064767456054,15.0,3.0,7.0,"{""EntryMode"": 1, ""EntryTFMin"": 5, ""GridSpacingPts"": 20, ""TP_Pips"": 11.0, ""MaxLayers"": 2, ""Ladder"": ""step1"", ""MaxHoldSec"": 900, ""StopPips"": 21.0, ""MaxBasketRiskPct"": 5.0, ""AddMinSec"": 0, ""Session"": ""lateny_1923"", ""ZEntry"": 2.75, ""ZEmaBars"": 90, ""NewsBeforeMin"": 30, ""NewsAfterMin"": 60, ""NewsCloseMode"": 2, ""DailyLossPct"": 8.0, ""MaxSpreadPts"": 10}"
-50.0,-1.4974075296495637,11.4113138302409,0.0,0.0,92.73800000000679,0.02924810811606581,1072.1093807816505,15.0,2.0,21.0,"{""EntryMode"": 1, ""EntryTFMin"": 1, ""GridSpacingPts"": 125, ""TP_Pips"": 5.5, ""MaxLayers"": 1, ""Ladder"": ""step1"", ""MaxHoldSec"": 1800, ""StopPips"": 27.0, ""MaxBasketRiskPct"": 3.0, ""AddMinSec"": 60, ""Session"": ""lateny_1923"", ""ZEntry"": 2.25, ""ZEmaBars"": 120, ""NewsBeforeMin"": 30, ""NewsAfterMin"": 15, ""NewsCloseMode"": 0, ""DailyLossPct"": 8.0, ""MaxSpreadPts"": 0}"
-50.0,0.0,0.0,0.0,0.0,100.0,0.0,0.0,0.0,0.0,0.0,"{""EntryMode"": 0, ""EntryTFMin"": 1, ""GridSpacingPts"": 125, ""TP_Pips"": 10.5, ""MaxLayers"": 3, ""Ladder"": ""step1"", ""MaxHoldSec"": 120, ""StopPips"": 17.0, ""MaxBasketRiskPct"": 1.0, ""AddMinSec"": 0, ""Session"": ""allday_0123"", ""ZEntry"": 2.75, ""ZEmaBars"": 30, ""NewsBeforeMin"": 30, ""NewsAfterMin"": 30, ""NewsCloseMode"": 0, ""DailyLossPct"": 8.0, ""MaxSpreadPts"": 10}"
-50.0,0.0,0.0,0.0,0.0,100.0,0.0,0.0,0.0,0.0,0.0,"{""EntryMode"": 1, ""EntryTFMin"": 5, ""GridSpacingPts"": 70, ""TP_Pips"": 13.5, ""MaxLayers"": 2, ""Ladder"": ""step1"", ""MaxHoldSec"": 300, ""StopPips"": 29.0, ""MaxBasketRiskPct"": 1.0, ""AddMinSec"": 60, ""Session"": ""asia_0309"", ""ZEntry"": 3.0, ""ZEmaBars"": 30, ""NewsBeforeMin"": 30, ""NewsAfterMin"": 15, ""NewsCloseMode"": 0, ""DailyLossPct"": 5.0, ""MaxSpreadPts"": 10}"
-50.0,-1.4481433375996944,7.24499999999847,0.0,0.0,92.97000000000148,0.014624054058032906,60.0,19.0,0.0,0.0,"{""EntryMode"": 1, ""EntryTFMin"": 5, ""GridSpacingPts"": 90, ""TP_Pips"": 9.0, ""MaxLayers"": 2, ""Ladder"": ""step1"", ""MaxHoldSec"": 60, ""StopPips"": 27.0, ""MaxBasketRiskPct"": 3.0, ""AddMinSec"": 60, ""Session"": ""london_1013"", ""ZEntry"": 1.75, ""ZEmaBars"": 30, ""NewsBeforeMin"": 30, ""NewsAfterMin"": 60, ""NewsCloseMode"": 2, ""DailyLossPct"": 3.0, ""MaxSpreadPts"": 0}"
-50.0,-3.736214502804258,21.14082990422418,0.0,0.0,82.67300000002312,0.12622867713249455,936.9983612808027,50.0,8.0,106.0,"{""EntryMode"": 1, ""EntryTFMin"": 1, ""GridSpacingPts"": 140, ""TP_Pips"": 5.0, ""MaxLayers"": 1, ""Ladder"": ""step1"", ""MaxHoldSec"": 1800, ""StopPips"": 24.0, ""MaxBasketRiskPct"": 3.0, ""AddMinSec"": 15, ""Session"": ""lateny_1923"", ""ZEntry"": 1.75, ""ZEmaBars"": 120, ""NewsBeforeMin"": 30, ""NewsAfterMin"": 15, ""NewsCloseMode"": 0, ""DailyLossPct"": 8.0, ""MaxSpreadPts"": 0}"
-50.0,-1.2947365264114108,6.6713068966388995,0.0,0.0,93.69541441849908,0.03155716928312364,30.392267570262995,41.0,0.0,0.0,"{""EntryMode"": 1, ""EntryTFMin"": 5, ""GridSpacingPts"": 90, ""TP_Pips"": 9.5, ""MaxLayers"": 6, ""Ladder"": ""flat"", ""MaxHoldSec"": 30, ""StopPips"": 14.0, ""MaxBasketRiskPct"": 3.0, ""AddMinSec"": 15, ""Session"": ""asia_0309"", ""ZEntry"": 2.5, ""ZEmaBars"": 60, ""NewsBeforeMin"": 30, ""NewsAfterMin"": 60, ""NewsCloseMode"": 0, ""DailyLossPct"": 3.0, ""MaxSpreadPts"": 0}"
-50.0,0.1480493311751374,3.6811894606768023,0.0,0.0,100.7420000000031,0.020011863447834503,269.03884939047003,21.0,1.0,4.0,"{""EntryMode"": 1, ""EntryTFMin"": 5, ""GridSpacingPts"": 20, ""TP_Pips"": 11.0, ""MaxLayers"": 3, ""Ladder"": ""step1"", ""MaxHoldSec"": 300, ""StopPips"": 21.0, ""MaxBasketRiskPct"": 5.0, ""AddMinSec"": 0, ""Session"": ""lateny_1923"", ""ZEntry"": 2.75, ""ZEmaBars"": 90, ""NewsBeforeMin"": 30, ""NewsAfterMin"": 60, ""NewsCloseMode"": 2, ""DailyLossPct"": 8.0, ""MaxSpreadPts"": 10}"
-50.0,-1.4278283064969255,7.299290120894334,0.0,0.0,93.06580471769283,0.03155716928312364,29.663287360493726,39.0,2.0,0.0,"{""EntryMode"": 1, ""EntryTFMin"": 5, ""GridSpacingPts"": 100, ""TP_Pips"": 10.0, ""MaxLayers"": 6, ""Ladder"": ""flat"", ""MaxHoldSec"": 30, ""StopPips"": 8.0, ""MaxBasketRiskPct"": 3.0, ""AddMinSec"": 15, ""Session"": ""asia_0309"", ""ZEntry"": 2.5, ""ZEmaBars"": 60, ""NewsBeforeMin"": 30, ""NewsAfterMin"": 60, ""NewsCloseMode"": 0, ""DailyLossPct"": 3.0, ""MaxSpreadPts"": 0}"
-50.0,-2.176687869617555,17.35340581729107,0.0,0.0,89.58600000001815,0.08004745379133801,1143.658243921068,49.0,4.0,51.0,"{""EntryMode"": 1, ""EntryTFMin"": 1, ""GridSpacingPts"": 110, ""TP_Pips"": 6.5, ""MaxLayers"": 2, ""Ladder"": ""step1"", ""MaxHoldSec"": 1800, ""StopPips"": 26.0, ""MaxBasketRiskPct"": 3.0, ""AddMinSec"": 60, ""Session"": ""lateny_1923"", ""ZEntry"": 2.0, ""ZEmaBars"": 120, ""NewsBeforeMin"": 30, ""NewsAfterMin"": 15, ""NewsCloseMode"": 0, ""DailyLossPct"": 8.0, ""MaxSpreadPts"": 0}"
-50.0,0.0,0.0,0.0,0.0,100.0,0.0,0.0,0.0,0.0,0.0,"{""EntryMode"": 0, ""EntryTFMin"": 1, ""GridSpacingPts"": 125, ""TP_Pips"": 10.0, ""MaxLayers"": 4, ""Ladder"": ""step1"", ""MaxHoldSec"": 120, ""StopPips"": 18.0, ""MaxBasketRiskPct"": 1.0, ""AddMinSec"": 0, ""Session"": ""allday_0123"", ""ZEntry"": 2.75, ""ZEmaBars"": 30, ""NewsBeforeMin"": 30, ""NewsAfterMin"": 30, ""NewsCloseMode"": 0, ""DailyLossPct"": 8.0, ""MaxSpreadPts"": 10}"
-50.0,-3.03283144184191,15.17691888948689,0.0,0.0,85.73600000000765,0.06388402562193322,958.4170610138347,27.0,6.0,50.0,"{""EntryMode"": 1, ""EntryTFMin"": 1, ""GridSpacingPts"": 140, ""TP_Pips"": 5.5, ""MaxLayers"": 1, ""Ladder"": ""step1"", ""MaxHoldSec"": 1800, ""StopPips"": 25.0, ""MaxBasketRiskPct"": 3.0, ""AddMinSec"": 60, ""Session"": ""allday_0123"", ""ZEntry"": 2.0, ""ZEmaBars"": 120, ""NewsBeforeMin"": 30, ""NewsAfterMin"": 15, ""NewsCloseMode"": 0, ""DailyLossPct"": 8.0, ""MaxSpreadPts"": 0}"
-50.0,-0.35877443990451896,2.1664425519196713,0.0,0.0,98.22000000000031,0.002309061167057827,346.9935178756714,1.0,2.0,0.0,"{""EntryMode"": 1, ""EntryTFMin"": 5, ""GridSpacingPts"": 110, ""TP_Pips"": 8.5, ""MaxLayers"": 6, ""Ladder"": ""step2"", ""MaxHoldSec"": 900, ""StopPips"": 9.0, ""MaxBasketRiskPct"": 1.0, ""AddMinSec"": 30, ""Session"": ""london_1013"", ""ZEntry"": 1.75, ""ZEmaBars"": 30, ""NewsBeforeMin"": 30, ""NewsAfterMin"": 60, ""NewsCloseMode"": 0, ""DailyLossPct"": 3.0, ""MaxSpreadPts"": 10}"
-50.0,-3.7168818900106593,19.45385494056954,0.0,0.0,82.75600000002628,0.14470116646895717,996.5366963664098,66.0,15.0,107.0,"{""EntryMode"": 1, ""EntryTFMin"": 1, ""GridSpacingPts"": 120, ""TP_Pips"": 6.0, ""MaxLayers"": 1, ""Ladder"": ""step1"", ""MaxHoldSec"": 1800, ""StopPips"": 24.0, ""MaxBasketRiskPct"": 3.0, ""AddMinSec"": 60, ""Session"": ""lateny_1923"", ""ZEntry"": 2.5, ""ZEmaBars"": 120, ""NewsBeforeMin"": 30, ""NewsAfterMin"": 15, ""NewsCloseMode"": 0, ""DailyLossPct"": 8.0, ""MaxSpreadPts"": 0}"
-50.0,0.0,0.0,0.0,0.0,100.0,0.0,0.0,0.0,0.0,0.0,"{""EntryMode"": 1, ""EntryTFMin"": 1, ""GridSpacingPts"": 20, ""TP_Pips"": 0.5, ""MaxLayers"": 2, ""Ladder"": ""flat"", ""MaxHoldSec"": 60, ""StopPips"": 30.0, ""MaxBasketRiskPct"": 1.0, ""AddMinSec"": 30, ""Session"": ""asia_0109"", ""ZEntry"": 2.0, ""ZEmaBars"": 120, ""NewsBeforeMin"": 60, ""NewsAfterMin"": 60, ""NewsCloseMode"": 2, ""DailyLossPct"": 8.0, ""MaxSpreadPts"": 10}"
-50.0,-4.673285499126134,22.810922104002636,0.0,0.0,78.72900000002407,0.14470116646895717,814.1725723034294,49.0,18.0,121.0,"{""EntryMode"": 1, ""EntryTFMin"": 1, ""GridSpacingPts"": 120, ""TP_Pips"": 5.0, ""MaxLayers"": 2, ""Ladder"": ""step1"", ""MaxHoldSec"": 1800, ""StopPips"": 23.0, ""MaxBasketRiskPct"": 3.0, ""AddMinSec"": 60, ""Session"": ""lateny_1923"", ""ZEntry"": 2.75, ""ZEmaBars"": 120, ""NewsBeforeMin"": 30, ""NewsAfterMin"": 15, ""NewsCloseMode"": 0, ""DailyLossPct"": 8.0, ""MaxSpreadPts"": 0}"
-50.0,0.0,0.0,0.0,0.0,100.0,0.0,0.0,0.0,0.0,0.0,"{""EntryMode"": 1, ""EntryTFMin"": 5, ""GridSpacingPts"": 40, ""TP_Pips"": 10.5, ""MaxLayers"": 3, ""Ladder"": ""flat"", ""MaxHoldSec"": 120, ""StopPips"": 20.0, ""MaxBasketRiskPct"": 1.0, ""AddMinSec"": 0, ""Session"": ""ny_1519"", ""ZEntry"": 1.25, ""ZEmaBars"": 60, ""NewsBeforeMin"": 30, ""NewsAfterMin"": 15, ""NewsCloseMode"": 0, ""DailyLossPct"": 3.0, ""MaxSpreadPts"": 0}"
-50.0,-3.7168818900106593,19.45385494056954,0.0,0.0,82.75600000002628,0.14470116646895717,996.5366963664098,66.0,15.0,107.0,"{""EntryMode"": 1, ""EntryTFMin"": 1, ""GridSpacingPts"": 135, ""TP_Pips"": 6.0, ""MaxLayers"": 2, ""Ladder"": ""step1"", ""MaxHoldSec"": 1800, ""StopPips"": 24.0, ""MaxBasketRiskPct"": 3.0, ""AddMinSec"": 60, ""Session"": ""lateny_1923"", ""ZEntry"": 2.5, ""ZEmaBars"": 120, ""NewsBeforeMin"": 30, ""NewsAfterMin"": 15, ""NewsCloseMode"": 0, ""DailyLossPct"": 8.0, ""MaxSpreadPts"": 0}"
-50.0,-2.6814003719514368,12.714999999997318,0.0,0.0,87.30000000000287,0.03540560456155335,60.0,46.0,0.0,0.0,"{""EntryMode"": 1, ""EntryTFMin"": 5, ""GridSpacingPts"": 105, ""TP_Pips"": 10.0, ""MaxLayers"": 2, ""Ladder"": ""step1"", ""MaxHoldSec"": 60, ""StopPips"": 30.0, ""MaxBasketRiskPct"": 5.0, ""AddMinSec"": 60, ""Session"": ""london_1013"", ""ZEntry"": 2.0, ""ZEmaBars"": 30, ""NewsBeforeMin"": 30, ""NewsAfterMin"": 60, ""NewsCloseMode"": 2, ""DailyLossPct"": 3.0, ""MaxSpreadPts"": 0}"
-50.0,0.0,0.0,0.0,0.0,100.0,0.0,0.0,0.0,0.0,0.0,"{""EntryMode"": 0, ""EntryTFMin"": 1, ""GridSpacingPts"": 45, ""TP_Pips"": 1.0, ""MaxLayers"": 2, ""Ladder"": ""step2"", ""MaxHoldSec"": 900, ""StopPips"": 15.0, ""MaxBasketRiskPct"": 1.0, ""AddMinSec"": 0, ""Session"": ""asia_0309"", ""ZEntry"": 1.5, ""ZEmaBars"": 30, ""NewsBeforeMin"": 30, ""NewsAfterMin"": 60, ""NewsCloseMode"": 0, ""DailyLossPct"": 5.0, ""MaxSpreadPts"": 0}"
-50.0,0.0,0.0,0.0,0.0,100.0,0.0,0.0,0.0,0.0,0.0,"{""EntryMode"": 1, ""EntryTFMin"": 5, ""GridSpacingPts"": 105, ""TP_Pips"": 12.5, ""MaxLayers"": 1, ""Ladder"": ""flat"", ""MaxHoldSec"": 60, ""StopPips"": 21.0, ""MaxBasketRiskPct"": 1.0, ""AddMinSec"": 15, ""Session"": ""asia_0309"", ""ZEntry"": 3.0, ""ZEmaBars"": 30, ""NewsBeforeMin"": 60, ""NewsAfterMin"": 15, ""NewsCloseMode"": 2, ""DailyLossPct"": 5.0, ""MaxSpreadPts"": 0}"
-50.0,0.0,0.0,0.0,0.0,100.0,0.0,0.0,0.0,0.0,0.0,"{""EntryMode"": 1, ""EntryTFMin"": 5, ""GridSpacingPts"": 70, ""TP_Pips"": 10.0, ""MaxLayers"": 2, ""Ladder"": ""step1"", ""MaxHoldSec"": 60, ""StopPips"": 30.0, ""MaxBasketRiskPct"": 2.0, ""AddMinSec"": 30, ""Session"": ""lateny_1923"", ""ZEntry"": 2.5, ""ZEmaBars"": 90, ""NewsBeforeMin"": 15, ""NewsAfterMin"": 30, ""NewsCloseMode"": 2, ""DailyLossPct"": 3.0, ""MaxSpreadPts"": 0}"
-50.0,0.0,0.0,0.0,0.0,100.0,0.0,0.0,0.0,0.0,0.0,"{""EntryMode"": 0, ""EntryTFMin"": 1, ""GridSpacingPts"": 45, ""TP_Pips"": 3.5, ""MaxLayers"": 2, ""Ladder"": ""step2"", ""MaxHoldSec"": 900, ""StopPips"": 15.0, ""MaxBasketRiskPct"": 1.0, ""AddMinSec"": 0, ""Session"": ""asia_0309"", ""ZEntry"": 1.5, ""ZEmaBars"": 30, ""NewsBeforeMin"": 30, ""NewsAfterMin"": 60, ""NewsCloseMode"": 0, ""DailyLossPct"": 5.0, ""MaxSpreadPts"": 0}"
-50.0,0.0,0.0,0.0,0.0,100.0,0.0,0.0,0.0,0.0,0.0,"{""EntryMode"": 0, ""EntryTFMin"": 5, ""GridSpacingPts"": 10, ""TP_Pips"": 8.0, ""MaxLayers"": 3, ""Ladder"": ""step1"", ""MaxHoldSec"": 120, ""StopPips"": 29.0, ""MaxBasketRiskPct"": 2.0, ""AddMinSec"": 0, ""Session"": ""asia_0109"", ""ZEntry"": 1.5, ""ZEmaBars"": 30, ""NewsBeforeMin"": 15, ""NewsAfterMin"": 30, ""NewsCloseMode"": 2, ""DailyLossPct"": 5.0, ""MaxSpreadPts"": 0}"
-50.0,-3.0201600700377917,17.73076849310172,0.0,0.0,85.79200000002564,0.15316772408150253,1016.1331223287888,75.0,13.0,111.0,"{""EntryMode"": 1, ""EntryTFMin"": 1, ""GridSpacingPts"": 150, ""TP_Pips"": 6.0, ""MaxLayers"": 1, ""Ladder"": ""step1"", ""MaxHoldSec"": 1800, ""StopPips"": 25.0, ""MaxBasketRiskPct"": 3.0, ""AddMinSec"": 60, ""Session"": ""lateny_1923"", ""ZEntry"": 2.0, ""ZEmaBars"": 90, ""NewsBeforeMin"": 30, ""NewsAfterMin"": 15, ""NewsCloseMode"": 0, ""DailyLossPct"": 8.0, ""MaxSpreadPts"": 0}"
-50.0,0.0,0.0,0.0,0.0,100.0,0.0,0.0,0.0,0.0,0.0,"{""EntryMode"": 1, ""EntryTFMin"": 5, ""GridSpacingPts"": 85, ""TP_Pips"": 10.0, ""MaxLayers"": 3, ""Ladder"": ""flat"", ""MaxHoldSec"": 120, ""StopPips"": 17.0, ""MaxBasketRiskPct"": 1.0, ""AddMinSec"": 0, ""Session"": ""ny_1519"", ""ZEntry"": 1.0, ""ZEmaBars"": 60, ""NewsBeforeMin"": 30, ""NewsAfterMin"": 15, ""NewsCloseMode"": 0, ""DailyLossPct"": 3.0, ""MaxSpreadPts"": 0}"
-50.0,0.0,0.0,0.0,0.0,100.0,0.0,0.0,0.0,0.0,0.0,"{""EntryMode"": 0, ""EntryTFMin"": 1, ""GridSpacingPts"": 10, ""TP_Pips"": 6.0, ""MaxLayers"": 6, ""Ladder"": ""step2"", ""MaxHoldSec"": 60, ""StopPips"": 23.0, ""MaxBasketRiskPct"": 1.0, ""AddMinSec"": 0, ""Session"": ""allday_0123"", ""ZEntry"": 3.0, ""ZEmaBars"": 90, ""NewsBeforeMin"": 60, ""NewsAfterMin"": 30, ""NewsCloseMode"": 0, ""DailyLossPct"": 8.0, ""MaxSpreadPts"": 10}"
-50.0,0.0,0.0,0.0,0.0,100.0,0.0,0.0,0.0,0.0,0.0,"{""EntryMode"": 0, ""EntryTFMin"": 1, ""GridSpacingPts"": 10, ""TP_Pips"": 1.5, ""MaxLayers"": 5, ""Ladder"": ""step1"", ""MaxHoldSec"": 60, ""StopPips"": 21.0, ""MaxBasketRiskPct"": 2.0, ""AddMinSec"": 30, ""Session"": ""london_1013"", ""ZEntry"": 3.0, ""ZEmaBars"": 60, ""NewsBeforeMin"": 60, ""NewsAfterMin"": 60, ""NewsCloseMode"": 0, ""DailyLossPct"": 3.0, ""MaxSpreadPts"": 0}"
-50.0,-4.466766106876962,20.598417655180082,0.0,0.0,79.58500000003652,0.1254589900768086,59.887790611185174,160.0,0.0,3.0,"{""EntryMode"": 1, ""EntryTFMin"": 1, ""GridSpacingPts"": 125, ""TP_Pips"": 6.0, ""MaxLayers"": 1, ""Ladder"": ""step1"", ""MaxHoldSec"": 60, ""StopPips"": 23.0, ""MaxBasketRiskPct"": 3.0, ""AddMinSec"": 60, ""Session"": ""lateny_1923"", ""ZEntry"": 2.0, ""ZEmaBars"": 120, ""NewsBeforeMin"": 30, ""NewsAfterMin"": 15, ""NewsCloseMode"": 0, ""DailyLossPct"": 8.0, ""MaxSpreadPts"": 0}"
-50.0,-2.25701616143521,17.917184111496113,0.0,0.0,89.21900000001742,0.0815868279027099,1091.6517953171447,45.0,4.0,57.0,"{""EntryMode"": 1, ""EntryTFMin"": 1, ""GridSpacingPts"": 130, ""TP_Pips"": 6.0, ""MaxLayers"": 1, ""Ladder"": ""flat"", ""MaxHoldSec"": 1800, ""StopPips"": 26.0, ""MaxBasketRiskPct"": 3.0, ""AddMinSec"": 60, ""Session"": ""lateny_1923"", ""ZEntry"": 2.0, ""ZEmaBars"": 120, ""NewsBeforeMin"": 30, ""NewsAfterMin"": 15, ""NewsCloseMode"": 0, ""DailyLossPct"": 8.0, ""MaxSpreadPts"": 0}"
-50.0,0.0,0.0,0.0,0.0,100.0,0.0,0.0,0.0,0.0,0.0,"{""EntryMode"": 1, ""EntryTFMin"": 5, ""GridSpacingPts"": 50, ""TP_Pips"": 10.5, ""MaxLayers"": 3, ""Ladder"": ""flat"", ""MaxHoldSec"": 120, ""StopPips"": 17.0, ""MaxBasketRiskPct"": 1.0, ""AddMinSec"": 0, ""Session"": ""ny_1519"", ""ZEntry"": 1.0, ""ZEmaBars"": 60, ""NewsBeforeMin"": 30, ""NewsAfterMin"": 15, ""NewsCloseMode"": 0, ""DailyLossPct"": 3.0, ""MaxSpreadPts"": 0}"
-50.0,0.0,0.0,0.0,0.0,100.0,0.0,0.0,0.0,0.0,0.0,"{""EntryMode"": 0, ""EntryTFMin"": 5, ""GridSpacingPts"": 85, ""TP_Pips"": 1.5, ""MaxLayers"": 2, ""Ladder"": ""flat"", ""MaxHoldSec"": 1800, ""StopPips"": 15.0, ""MaxBasketRiskPct"": 1.0, ""AddMinSec"": 0, ""Session"": ""lateny_1923"", ""ZEntry"": 2.0, ""ZEmaBars"": 60, ""NewsBeforeMin"": 15, ""NewsAfterMin"": 15, ""NewsCloseMode"": 2, ""DailyLossPct"": 5.0, ""MaxSpreadPts"": 0}"
-50.0,0.28909723927645903,2.6149072660685966,0.0,0.0,101.4530000000004,0.006157496445487539,585.8502263426781,4.0,1.0,3.0,"{""EntryMode"": 1, ""EntryTFMin"": 5, ""GridSpacingPts"": 25, ""TP_Pips"": 12.0, ""MaxLayers"": 3, ""Ladder"": ""step1"", ""MaxHoldSec"": 900, ""StopPips"": 20.0, ""MaxBasketRiskPct"": 5.0, ""AddMinSec"": 0, ""Session"": ""lateny_1923"", ""ZEntry"": 3.0, ""ZEmaBars"": 90, ""NewsBeforeMin"": 30, ""NewsAfterMin"": 60, ""NewsCloseMode"": 2, ""DailyLossPct"": 8.0, ""MaxSpreadPts"": 10}"
-50.0,0.00800346511704575,0.08500000000017849,0.0,0.0,100.04000000000005,0.0007696870556859424,60.0,1.0,0.0,0.0,"{""EntryMode"": 1, ""EntryTFMin"": 5, ""GridSpacingPts"": 90, ""TP_Pips"": 10.0, ""MaxLayers"": 2, ""Ladder"": ""step1"", ""MaxHoldSec"": 60, ""StopPips"": 30.0, ""MaxBasketRiskPct"": 5.0, ""AddMinSec"": 60, ""Session"": ""london_1013"", ""ZEntry"": 2.5, ""ZEmaBars"": 30, ""NewsBeforeMin"": 30, ""NewsAfterMin"": 60, ""NewsCloseMode"": 2, ""DailyLossPct"": 3.0, ""MaxSpreadPts"": 0}"
-50.0,0.0,0.0,0.0,0.0,100.0,0.0,0.0,0.0,0.0,0.0,"{""EntryMode"": 1, ""EntryTFMin"": 5, ""GridSpacingPts"": 90, ""TP_Pips"": 11.0, ""MaxLayers"": 2, ""Ladder"": ""step1"", ""MaxHoldSec"": 60, ""StopPips"": 28.0, ""MaxBasketRiskPct"": 2.0, ""AddMinSec"": 30, ""Session"": ""lateny_1923"", ""ZEntry"": 3.0, ""ZEmaBars"": 90, ""NewsBeforeMin"": 15, ""NewsAfterMin"": 30, ""NewsCloseMode"": 2, ""DailyLossPct"": 3.0, ""MaxSpreadPts"": 0}"
-50.0,0.0,0.0,0.0,0.0,100.0,0.0,0.0,0.0,0.0,0.0,"{""EntryMode"": 1, ""EntryTFMin"": 5, ""GridSpacingPts"": 50, ""TP_Pips"": 11.0, ""MaxLayers"": 2, ""Ladder"": ""flat"", ""MaxHoldSec"": 120, ""StopPips"": 19.0, ""MaxBasketRiskPct"": 1.0, ""AddMinSec"": 0, ""Session"": ""ny_1519"", ""ZEntry"": 1.0, ""ZEmaBars"": 60, ""NewsBeforeMin"": 30, ""NewsAfterMin"": 15, ""NewsCloseMode"": 0, ""DailyLossPct"": 3.0, ""MaxSpreadPts"": 0}"
-50.0,0.0,0.0,0.0,0.0,100.0,0.0,0.0,0.0,0.0,0.0,"{""EntryMode"": 1, ""EntryTFMin"": 5, ""GridSpacingPts"": 60, ""TP_Pips"": 9.5, ""MaxLayers"": 2, ""Ladder"": ""flat"", ""MaxHoldSec"": 120, ""StopPips"": 22.0, ""MaxBasketRiskPct"": 1.0, ""AddMinSec"": 0, ""Session"": ""ny_1519"", ""ZEntry"": 1.0, ""ZEmaBars"": 60, ""NewsBeforeMin"": 30, ""NewsAfterMin"": 15, ""NewsCloseMode"": 0, ""DailyLossPct"": 3.0, ""MaxSpreadPts"": 0}"
-50.0,0.0,0.0,0.0,0.0,100.0,0.0,0.0,0.0,0.0,0.0,"{""EntryMode"": 0, ""EntryTFMin"": 5, ""GridSpacingPts"": 40, ""TP_Pips"": 7.5, ""MaxLayers"": 2, ""Ladder"": ""step1"", ""MaxHoldSec"": 600, ""StopPips"": 16.0, ""MaxBasketRiskPct"": 1.0, ""AddMinSec"": 0, ""Session"": ""london_1013"", ""ZEntry"": 1.5, ""ZEmaBars"": 60, ""NewsBeforeMin"": 30, ""NewsAfterMin"": 30, ""NewsCloseMode"": 2, ""DailyLossPct"": 5.0, ""MaxSpreadPts"": 0}"
-50.0,0.0,0.0,0.0,0.0,100.0,0.0,0.0,0.0,0.0,0.0,"{""EntryMode"": 1, ""EntryTFMin"": 5, ""GridSpacingPts"": 110, ""TP_Pips"": 11.0, ""MaxLayers"": 1, ""Ladder"": ""flat"", ""MaxHoldSec"": 30, ""StopPips"": 23.0, ""MaxBasketRiskPct"": 1.0, ""AddMinSec"": 15, ""Session"": ""asia_0309"", ""ZEntry"": 3.0, ""ZEmaBars"": 30, ""NewsBeforeMin"": 60, ""NewsAfterMin"": 15, ""NewsCloseMode"": 2, ""DailyLossPct"": 5.0, ""MaxSpreadPts"": 0}"
-50.0,0.0,0.0,0.0,0.0,100.0,0.0,0.0,0.0,0.0,0.0,"{""EntryMode"": 1, ""EntryTFMin"": 1, ""GridSpacingPts"": 45, ""TP_Pips"": 1.0, ""MaxLayers"": 1, ""Ladder"": ""flat"", ""MaxHoldSec"": 60, ""StopPips"": 29.0, ""MaxBasketRiskPct"": 1.0, ""AddMinSec"": 30, ""Session"": ""asia_0109"", ""ZEntry"": 2.0, ""ZEmaBars"": 120, ""NewsBeforeMin"": 60, ""NewsAfterMin"": 60, ""NewsCloseMode"": 2, ""DailyLossPct"": 8.0, ""MaxSpreadPts"": 10}"
-50.0,0.0,0.0,0.0,0.0,100.0,0.0,0.0,0.0,0.0,0.0,"{""EntryMode"": 1, ""EntryTFMin"": 5, ""GridSpacingPts"": 90, ""TP_Pips"": 10.5, ""MaxLayers"": 2, ""Ladder"": ""step1"", ""MaxHoldSec"": 120, ""StopPips"": 29.0, ""MaxBasketRiskPct"": 2.0, ""AddMinSec"": 30, ""Session"": ""lateny_1923"", ""ZEntry"": 2.75, ""ZEmaBars"": 90, ""NewsBeforeMin"": 15, ""NewsAfterMin"": 30, ""NewsCloseMode"": 2, ""DailyLossPct"": 3.0, ""MaxSpreadPts"": 0}"
-50.0,0.0,0.0,0.0,0.0,100.0,0.0,0.0,0.0,0.0,0.0,"{""EntryMode"": 1, ""EntryTFMin"": 5, ""GridSpacingPts"": 15, ""TP_Pips"": 7.5, ""MaxLayers"": 2, ""Ladder"": ""step1"", ""MaxHoldSec"": 120, ""StopPips"": 30.0, ""MaxBasketRiskPct"": 2.0, ""AddMinSec"": 0, ""Session"": ""lateny_1923"", ""ZEntry"": 1.5, ""ZEmaBars"": 30, ""NewsBeforeMin"": 15, ""NewsAfterMin"": 30, ""NewsCloseMode"": 2, ""DailyLossPct"": 5.0, ""MaxSpreadPts"": 0}"
-50.0,0.0,0.0,0.0,0.0,100.0,0.0,0.0,0.0,0.0,0.0,"{""EntryMode"": 0, ""EntryTFMin"": 1, ""GridSpacingPts"": 25, ""TP_Pips"": 2.0, ""MaxLayers"": 4, ""Ladder"": ""flat"", ""MaxHoldSec"": 600, ""StopPips"": 20.0, ""MaxBasketRiskPct"": 2.0, ""AddMinSec"": 15, ""Session"": ""london_1013"", ""ZEntry"": 2.25, ""ZEmaBars"": 30, ""NewsBeforeMin"": 60, ""NewsAfterMin"": 15, ""NewsCloseMode"": 2, ""DailyLossPct"": 5.0, ""MaxSpreadPts"": 10}"
-50.0,-0.35877443990448565,2.2504356484936223,0.0,0.0,98.22000000000048,0.002309061167057827,456.9790981610616,1.0,2.0,0.0,"{""EntryMode"": 1, ""EntryTFMin"": 5, ""GridSpacingPts"": 105, ""TP_Pips"": 7.0, ""MaxLayers"": 5, ""Ladder"": ""step2"", ""MaxHoldSec"": 900, ""StopPips"": 9.0, ""MaxBasketRiskPct"": 1.0, ""AddMinSec"": 30, ""Session"": ""london_1013"", ""ZEntry"": 1.0, ""ZEmaBars"": 30, ""NewsBeforeMin"": 30, ""NewsAfterMin"": 60, ""NewsCloseMode"": 0, ""DailyLossPct"": 3.0, ""MaxSpreadPts"": 10}"
-50.0,0.0,0.0,0.0,0.0,100.0,0.0,0.0,0.0,0.0,0.0,"{""EntryMode"": 0, ""EntryTFMin"": 1, ""GridSpacingPts"": 35, ""TP_Pips"": 4.5, ""MaxLayers"": 2, ""Ladder"": ""step2"", ""MaxHoldSec"": 900, ""StopPips"": 13.0, ""MaxBasketRiskPct"": 1.0, ""AddMinSec"": 0, ""Session"": ""asia_0309"", ""ZEntry"": 1.5, ""ZEmaBars"": 30, ""NewsBeforeMin"": 30, ""NewsAfterMin"": 60, ""NewsCloseMode"": 0, ""DailyLossPct"": 5.0, ""MaxSpreadPts"": 0}"
-50.0,0.0,0.0,0.0,0.0,100.0,0.0,0.0,0.0,0.0,0.0,"{""EntryMode"": 1, ""EntryTFMin"": 5, ""GridSpacingPts"": 105, ""TP_Pips"": 8.5, ""MaxLayers"": 4, ""Ladder"": ""step2"", ""MaxHoldSec"": 900, ""StopPips"": 11.0, ""MaxBasketRiskPct"": 1.0, ""AddMinSec"": 30, ""Session"": ""london_1013"", ""ZEntry"": 1.0, ""ZEmaBars"": 30, ""NewsBeforeMin"": 30, ""NewsAfterMin"": 60, ""NewsCloseMode"": 0, ""DailyLossPct"": 3.0, ""MaxSpreadPts"": 10}"
-50.0,0.0,0.0,0.0,0.0,100.0,0.0,0.0,0.0,0.0,0.0,"{""EntryMode"": 0, ""EntryTFMin"": 1, ""GridSpacingPts"": 25, ""TP_Pips"": 6.0, ""MaxLayers"": 5, ""Ladder"": ""step2"", ""MaxHoldSec"": 60, ""StopPips"": 25.0, ""MaxBasketRiskPct"": 1.0, ""AddMinSec"": 0, ""Session"": ""allday_0123"", ""ZEntry"": 3.0, ""ZEmaBars"": 90, ""NewsBeforeMin"": 60, ""NewsAfterMin"": 30, ""NewsCloseMode"": 0, ""DailyLossPct"": 8.0, ""MaxSpreadPts"": 10}"
-50.0,0.0,0.0,0.0,0.0,100.0,0.0,0.0,0.0,0.0,0.0,"{""EntryMode"": 0, ""EntryTFMin"": 1, ""GridSpacingPts"": 45, ""TP_Pips"": 3.0, ""MaxLayers"": 2, ""Ladder"": ""step2"", ""MaxHoldSec"": 900, ""StopPips"": 15.0, ""MaxBasketRiskPct"": 1.0, ""AddMinSec"": 0, ""Session"": ""asia_0309"", ""ZEntry"": 2.0, ""ZEmaBars"": 30, ""NewsBeforeMin"": 30, ""NewsAfterMin"": 60, ""NewsCloseMode"": 0, ""DailyLossPct"": 5.0, ""MaxSpreadPts"": 0}"
-50.0,-0.21464550029127727,1.067999999997312,0.0,0.0,98.93200000000269,0.006157496445487539,33.12880748510361,8.0,0.0,0.0,"{""EntryMode"": 0, ""EntryTFMin"": 1, ""GridSpacingPts"": 125, ""TP_Pips"": 5.5, ""MaxLayers"": 1, ""Ladder"": ""step2"", ""MaxHoldSec"": 30, ""StopPips"": 9.0, ""MaxBasketRiskPct"": 1.0, ""AddMinSec"": 0, ""Session"": ""lateny_1923"", ""ZEntry"": 1.75, ""ZEmaBars"": 90, ""NewsBeforeMin"": 15, ""NewsAfterMin"": 30, ""NewsCloseMode"": 0, ""DailyLossPct"": 3.0, ""MaxSpreadPts"": 10}"
-50.0,0.0,0.0,0.0,0.0,100.0,0.0,0.0,0.0,0.0,0.0,"{""EntryMode"": 1, ""EntryTFMin"": 5, ""GridSpacingPts"": 75, ""TP_Pips"": 11.0, ""MaxLayers"": 1, ""Ladder"": ""flat"", ""MaxHoldSec"": 30, ""StopPips"": 22.0, ""MaxBasketRiskPct"": 1.0, ""AddMinSec"": 15, ""Session"": ""asia_0309"", ""ZEntry"": 3.0, ""ZEmaBars"": 30, ""NewsBeforeMin"": 60, ""NewsAfterMin"": 15, ""NewsCloseMode"": 2, ""DailyLossPct"": 5.0, ""MaxSpreadPts"": 0}"
-50.0,-2.4021432282888333,15.66776962546028,0.0,0.0,88.55900000001952,0.11237431013014759,919.2345385202549,45.0,4.0,97.0,"{""EntryMode"": 1, ""EntryTFMin"": 1, ""GridSpacingPts"": 130, ""TP_Pips"": 4.5, ""MaxLayers"": 1, ""Ladder"": ""step1"", ""MaxHoldSec"": 1800, ""StopPips"": 26.0, ""MaxBasketRiskPct"": 3.0, ""AddMinSec"": 60, ""Session"": ""lateny_1923"", ""ZEntry"": 1.75, ""ZEmaBars"": 120, ""NewsBeforeMin"": 30, ""NewsAfterMin"": 15, ""NewsCloseMode"": 0, ""DailyLossPct"": 8.0, ""MaxSpreadPts"": 0}"
-50.0,0.0,0.0,0.0,0.0,100.0,0.0,0.0,0.0,0.0,0.0,"{""EntryMode"": 1, ""EntryTFMin"": 5, ""GridSpacingPts"": 20, ""TP_Pips"": 9.0, ""MaxLayers"": 3, ""Ladder"": ""step1"", ""MaxHoldSec"": 120, ""StopPips"": 30.0, ""MaxBasketRiskPct"": 2.0, ""AddMinSec"": 0, ""Session"": ""asia_0109"", ""ZEntry"": 1.5, ""ZEmaBars"": 30, ""NewsBeforeMin"": 15, ""NewsAfterMin"": 30, ""NewsCloseMode"": 2, ""DailyLossPct"": 5.0, ""MaxSpreadPts"": 0}"
-50.0,-2.222619998999209,18.033756131798523,0.0,0.0,89.37600000001764,0.08312620201408177,1024.3163795018,40.0,4.0,64.0,"{""EntryMode"": 1, ""EntryTFMin"": 1, ""GridSpacingPts"": 150, ""TP_Pips"": 5.5, ""MaxLayers"": 2, ""Ladder"": ""step1"", ""MaxHoldSec"": 1800, ""StopPips"": 26.0, ""MaxBasketRiskPct"": 3.0, ""AddMinSec"": 60, ""Session"": ""lateny_1923"", ""ZEntry"": 2.0, ""ZEmaBars"": 120, ""NewsBeforeMin"": 30, ""NewsAfterMin"": 15, ""NewsCloseMode"": 0, ""DailyLossPct"": 8.0, ""MaxSpreadPts"": 0}"
-50.0,0.0,0.0,0.0,0.0,100.0,0.0,0.0,0.0,0.0,0.0,"{""EntryMode"": 1, ""EntryTFMin"": 5, ""GridSpacingPts"": 15, ""TP_Pips"": 6.5, ""MaxLayers"": 3, ""Ladder"": ""step1"", ""MaxHoldSec"": 120, ""StopPips"": 30.0, ""MaxBasketRiskPct"": 2.0, ""AddMinSec"": 0, ""Session"": ""asia_0109"", ""ZEntry"": 1.25, ""ZEmaBars"": 30, ""NewsBeforeMin"": 15, ""NewsAfterMin"": 30, ""NewsCloseMode"": 2, ""DailyLossPct"": 5.0, ""MaxSpreadPts"": 0}"
-50.0,-1.4193731815689503,7.259495956431573,0.0,0.0,93.10570194904155,0.03155716928312364,29.81040343424169,40.0,1.0,0.0,"{""EntryMode"": 1, ""EntryTFMin"": 5, ""GridSpacingPts"": 110, ""TP_Pips"": 10.0, ""MaxLayers"": 5, ""Ladder"": ""flat"", ""MaxHoldSec"": 30, ""StopPips"": 9.0, ""MaxBasketRiskPct"": 3.0, ""AddMinSec"": 15, ""Session"": ""asia_0309"", ""ZEntry"": 2.5, ""ZEmaBars"": 60, ""NewsBeforeMin"": 30, ""NewsAfterMin"": 60, ""NewsCloseMode"": 0, ""DailyLossPct"": 3.0, ""MaxSpreadPts"": 0}"
-50.0,-0.35227882815671574,5.459084218480944,0.0,0.0,98.25200000000306,0.01924217639214856,702.9317066287995,15.0,3.0,7.0,"{""EntryMode"": 1, ""EntryTFMin"": 5, ""GridSpacingPts"": 20, ""TP_Pips"": 10.5, ""MaxLayers"": 4, ""Ladder"": ""step1"", ""MaxHoldSec"": 900, ""StopPips"": 23.0, ""MaxBasketRiskPct"": 5.0, ""AddMinSec"": 0, ""Session"": ""lateny_1923"", ""ZEntry"": 2.75, ""ZEmaBars"": 90, ""NewsBeforeMin"": 30, ""NewsAfterMin"": 60, ""NewsCloseMode"": 2, ""DailyLossPct"": 8.0, ""MaxSpreadPts"": 10}"
-50.0,-1.2947365264114108,6.6713068966388995,0.0,0.0,93.69541441849908,0.03155716928312364,30.392267570262995,41.0,0.0,0.0,"{""EntryMode"": 1, ""EntryTFMin"": 5, ""GridSpacingPts"": 110, ""TP_Pips"": 9.5, ""MaxLayers"": 6, ""Ladder"": ""flat"", ""MaxHoldSec"": 30, ""StopPips"": 13.0, ""MaxBasketRiskPct"": 3.0, ""AddMinSec"": 15, ""Session"": ""asia_0309"", ""ZEntry"": 2.5, ""ZEmaBars"": 60, ""NewsBeforeMin"": 30, ""NewsAfterMin"": 60, ""NewsCloseMode"": 0, ""DailyLossPct"": 3.0, ""MaxSpreadPts"": 0}"
-50.0,0.0,0.0,0.0,0.0,100.0,0.0,0.0,0.0,0.0,0.0,"{""EntryMode"": 1, ""EntryTFMin"": 1, ""GridSpacingPts"": 35, ""TP_Pips"": 0.5, ""MaxLayers"": 3, ""Ladder"": ""flat"", ""MaxHoldSec"": 60, ""StopPips"": 30.0, ""MaxBasketRiskPct"": 1.0, ""AddMinSec"": 30, ""Session"": ""asia_0109"", ""ZEntry"": 2.0, ""ZEmaBars"": 120, ""NewsBeforeMin"": 60, ""NewsAfterMin"": 60, ""NewsCloseMode"": 2, ""DailyLossPct"": 8.0, ""MaxSpreadPts"": 10}"
-50.0,0.0,0.0,0.0,0.0,100.0,0.0,0.0,0.0,0.0,0.0,"{""EntryMode"": 0, ""EntryTFMin"": 5, ""GridSpacingPts"": 30, ""TP_Pips"": 6.5, ""MaxLayers"": 2, ""Ladder"": ""step1"", ""MaxHoldSec"": 600, ""StopPips"": 14.0, ""MaxBasketRiskPct"": 1.0, ""AddMinSec"": 0, ""Session"": ""london_1013"", ""ZEntry"": 1.5, ""ZEmaBars"": 60, ""NewsBeforeMin"": 30, ""NewsAfterMin"": 30, ""NewsCloseMode"": 2, ""DailyLossPct"": 5.0, ""MaxSpreadPts"": 0}"
-50.0,0.0,0.0,0.0,0.0,100.0,0.0,0.0,0.0,0.0,0.0,"{""EntryMode"": 1, ""EntryTFMin"": 5, ""GridSpacingPts"": 60, ""TP_Pips"": 9.5, ""MaxLayers"": 2, ""Ladder"": ""step1"", ""MaxHoldSec"": 60, ""StopPips"": 30.0, ""MaxBasketRiskPct"": 2.0, ""AddMinSec"": 30, ""Session"": ""lateny_1923"", ""ZEntry"": 2.75, ""ZEmaBars"": 90, ""NewsBeforeMin"": 15, ""NewsAfterMin"": 30, ""NewsCloseMode"": 2, ""DailyLossPct"": 3.0, ""MaxSpreadPts"": 0}"
-50.0,0.0,0.0,0.0,0.0,100.0,0.0,0.0,0.0,0.0,0.0,"{""EntryMode"": 0, ""EntryTFMin"": 1, ""GridSpacingPts"": 55, ""TP_Pips"": 5.0, ""MaxLayers"": 2, ""Ladder"": ""step2"", ""MaxHoldSec"": 900, ""StopPips"": 14.0, ""MaxBasketRiskPct"": 1.0, ""AddMinSec"": 0, ""Session"": ""asia_0309"", ""ZEntry"": 1.75, ""ZEmaBars"": 30, ""NewsBeforeMin"": 30, ""NewsAfterMin"": 60, ""NewsCloseMode"": 0, ""DailyLossPct"": 5.0, ""MaxSpreadPts"": 0}"
-50.0,0.0,0.0,0.0,0.0,100.0,0.0,0.0,0.0,0.0,0.0,"{""EntryMode"": 1, ""EntryTFMin"": 5, ""GridSpacingPts"": 45, ""TP_Pips"": 12.0, ""MaxLayers"": 2, ""Ladder"": ""step1"", ""MaxHoldSec"": 60, ""StopPips"": 30.0, ""MaxBasketRiskPct"": 2.0, ""AddMinSec"": 30, ""Session"": ""lateny_1923"", ""ZEntry"": 2.75, ""ZEmaBars"": 90, ""NewsBeforeMin"": 15, ""NewsAfterMin"": 30, ""NewsCloseMode"": 2, ""DailyLossPct"": 3.0, ""MaxSpreadPts"": 0}"
-50.0,-2.224809395638483,14.973107675115768,0.0,0.0,89.36600000002473,0.13777398296778368,967.189459805636,60.0,8.0,111.0,"{""EntryMode"": 1, ""EntryTFMin"": 1, ""GridSpacingPts"": 140, ""TP_Pips"": 5.0, ""MaxLayers"": 1, ""Ladder"": ""step1"", ""MaxHoldSec"": 1800, ""StopPips"": 26.0, ""MaxBasketRiskPct"": 3.0, ""AddMinSec"": 60, ""Session"": ""lateny_1923"", ""ZEntry"": 2.25, ""ZEmaBars"": 120, ""NewsBeforeMin"": 30, ""NewsAfterMin"": 15, ""NewsCloseMode"": 0, ""DailyLossPct"": 8.0, ""MaxSpreadPts"": 0}"
-50.0,0.0,0.0,0.0,0.0,100.0,0.0,0.0,0.0,0.0,0.0,"{""EntryMode"": 0, ""EntryTFMin"": 1, ""GridSpacingPts"": 20, ""TP_Pips"": 3.0, ""MaxLayers"": 4, ""Ladder"": ""step1"", ""MaxHoldSec"": 60, ""StopPips"": 21.0, ""MaxBasketRiskPct"": 2.0, ""AddMinSec"": 30, ""Session"": ""london_1013"", ""ZEntry"": 3.0, ""ZEmaBars"": 60, ""NewsBeforeMin"": 60, ""NewsAfterMin"": 60, ""NewsCloseMode"": 0, ""DailyLossPct"": 3.0, ""MaxSpreadPts"": 0}"
-50.0,0.0,0.0,0.0,0.0,100.0,0.0,0.0,0.0,0.0,0.0,"{""EntryMode"": 1, ""EntryTFMin"": 5, ""GridSpacingPts"": 30, ""TP_Pips"": 10.0, ""MaxLayers"": 4, ""Ladder"": ""flat"", ""MaxHoldSec"": 120, ""StopPips"": 20.0, ""MaxBasketRiskPct"": 1.0, ""AddMinSec"": 0, ""Session"": ""ny_1519"", ""ZEntry"": 1.0, ""ZEmaBars"": 60, ""NewsBeforeMin"": 30, ""NewsAfterMin"": 15, ""NewsCloseMode"": 0, ""DailyLossPct"": 3.0, ""MaxSpreadPts"": 0}"
-50.0,0.0,0.0,0.0,0.0,100.0,0.0,0.0,0.0,0.0,0.0,"{""EntryMode"": 0, ""EntryTFMin"": 1, ""GridSpacingPts"": 135, ""TP_Pips"": 5.5, ""MaxLayers"": 1, ""Ladder"": ""step2"", ""MaxHoldSec"": 30, ""StopPips"": 11.0, ""MaxBasketRiskPct"": 1.0, ""AddMinSec"": 0, ""Session"": ""lateny_1923"", ""ZEntry"": 2.5, ""ZEmaBars"": 90, ""NewsBeforeMin"": 15, ""NewsAfterMin"": 30, ""NewsCloseMode"": 0, ""DailyLossPct"": 3.0, ""MaxSpreadPts"": 10}"
-50.0,0.0,0.0,0.0,0.0,100.0,0.0,0.0,0.0,0.0,0.0,"{""EntryMode"": 1, ""EntryTFMin"": 5, ""GridSpacingPts"": 75, ""TP_Pips"": 10.5, ""MaxLayers"": 2, ""Ladder"": ""flat"", ""MaxHoldSec"": 120, ""StopPips"": 20.0, ""MaxBasketRiskPct"": 1.0, ""AddMinSec"": 0, ""Session"": ""ny_1519"", ""ZEntry"": 1.0, ""ZEmaBars"": 60, ""NewsBeforeMin"": 30, ""NewsAfterMin"": 15, ""NewsCloseMode"": 0, ""DailyLossPct"": 3.0, ""MaxSpreadPts"": 0}"
-50.0,-4.3671818182350215,20.35797162952772,0.0,0.0,80.00041749814027,0.013854367002346962,1132.1669873714447,9.0,6.0,3.0,"{""EntryMode"": 1, ""EntryTFMin"": 1, ""GridSpacingPts"": 15, ""TP_Pips"": 12.0, ""MaxLayers"": 5, ""Ladder"": ""flat"", ""MaxHoldSec"": 1800, ""StopPips"": 14.0, ""MaxBasketRiskPct"": 5.0, ""AddMinSec"": 60, ""Session"": ""asia_0309"", ""ZEntry"": 2.5, ""ZEmaBars"": 30, ""NewsBeforeMin"": 15, ""NewsAfterMin"": 15, ""NewsCloseMode"": 0, ""DailyLossPct"": 5.0, ""MaxSpreadPts"": 0}"
-50.0,0.0,0.0,0.0,0.0,100.0,0.0,0.0,0.0,0.0,0.0,"{""EntryMode"": 0, ""EntryTFMin"": 1, ""GridSpacingPts"": 50, ""TP_Pips"": 0.5, ""MaxLayers"": 2, ""Ladder"": ""step2"", ""MaxHoldSec"": 900, ""StopPips"": 11.0, ""MaxBasketRiskPct"": 1.0, ""AddMinSec"": 0, ""Session"": ""asia_0309"", ""ZEntry"": 1.75, ""ZEmaBars"": 30, ""NewsBeforeMin"": 30, ""NewsAfterMin"": 60, ""NewsCloseMode"": 0, ""DailyLossPct"": 5.0, ""MaxSpreadPts"": 0}"
-50.0,0.0,0.0,0.0,0.0,100.0,0.0,0.0,0.0,0.0,0.0,"{""EntryMode"": 1, ""EntryTFMin"": 5, ""GridSpacingPts"": 10, ""TP_Pips"": 10.5, ""MaxLayers"": 2, ""Ladder"": ""flat"", ""MaxHoldSec"": 120, ""StopPips"": 19.0, ""MaxBasketRiskPct"": 1.0, ""AddMinSec"": 0, ""Session"": ""ny_1519"", ""ZEntry"": 1.0, ""ZEmaBars"": 60, ""NewsBeforeMin"": 30, ""NewsAfterMin"": 15, ""NewsCloseMode"": 0, ""DailyLossPct"": 3.0, ""MaxSpreadPts"": 0}"
-50.0,-2.6814003719514368,12.714999999997318,0.0,0.0,87.30000000000287,0.03540560456155335,60.0,46.0,0.0,0.0,"{""EntryMode"": 1, ""EntryTFMin"": 5, ""GridSpacingPts"": 100, ""TP_Pips"": 8.5, ""MaxLayers"": 2, ""Ladder"": ""step1"", ""MaxHoldSec"": 60, ""StopPips"": 30.0, ""MaxBasketRiskPct"": 5.0, ""AddMinSec"": 60, ""Session"": ""london_1013"", ""ZEntry"": 2.0, ""ZEmaBars"": 30, ""NewsBeforeMin"": 30, ""NewsAfterMin"": 60, ""NewsCloseMode"": 2, ""DailyLossPct"": 3.0, ""MaxSpreadPts"": 0}"
-50.0,-2.6814003719514368,12.714999999997318,0.0,0.0,87.30000000000287,0.03540560456155335,60.0,46.0,0.0,0.0,"{""EntryMode"": 1, ""EntryTFMin"": 5, ""GridSpacingPts"": 95, ""TP_Pips"": 10.0, ""MaxLayers"": 2, ""Ladder"": ""step1"", ""MaxHoldSec"": 60, ""StopPips"": 25.0, ""MaxBasketRiskPct"": 5.0, ""AddMinSec"": 60, ""Session"": ""london_1013"", ""ZEntry"": 2.0, ""ZEmaBars"": 30, ""NewsBeforeMin"": 30, ""NewsAfterMin"": 60, ""NewsCloseMode"": 2, ""DailyLossPct"": 3.0, ""MaxSpreadPts"": 0}"
-50.0,0.0,0.0,0.0,0.0,100.0,0.0,0.0,0.0,0.0,0.0,"{""EntryMode"": 1, ""EntryTFMin"": 5, ""GridSpacingPts"": 70, ""TP_Pips"": 10.5, ""MaxLayers"": 3, ""Ladder"": ""step1"", ""MaxHoldSec"": 60, ""StopPips"": 29.0, ""MaxBasketRiskPct"": 2.0, ""AddMinSec"": 30, ""Session"": ""lateny_1923"", ""ZEntry"": 3.0, ""ZEmaBars"": 90, ""NewsBeforeMin"": 15, ""NewsAfterMin"": 30, ""NewsCloseMode"": 2, ""DailyLossPct"": 3.0, ""MaxSpreadPts"": 0}"
-50.0,-4.7298708848232955,22.018925094370346,0.0,0.0,78.49575000000675,0.013854367002346962,1010.9631824254989,8.0,8.0,2.0,"{""EntryMode"": 1, ""EntryTFMin"": 1, ""GridSpacingPts"": 20, ""TP_Pips"": 14.0, ""MaxLayers"": 4, ""Ladder"": ""flat"", ""MaxHoldSec"": 1800, ""StopPips"": 12.0, ""MaxBasketRiskPct"": 5.0, ""AddMinSec"": 60, ""Session"": ""asia_0309"", ""ZEntry"": 2.5, ""ZEmaBars"": 30, ""NewsBeforeMin"": 15, ""NewsAfterMin"": 15, ""NewsCloseMode"": 0, ""DailyLossPct"": 5.0, ""MaxSpreadPts"": 0}"
-50.0,-2.6814003719514368,12.714999999997318,0.0,0.0,87.30000000000287,0.03540560456155335,60.0,46.0,0.0,0.0,"{""EntryMode"": 1, ""EntryTFMin"": 5, ""GridSpacingPts"": 95, ""TP_Pips"": 8.0, ""MaxLayers"": 2, ""Ladder"": ""step1"", ""MaxHoldSec"": 60, ""StopPips"": 26.0, ""MaxBasketRiskPct"": 5.0, ""AddMinSec"": 60, ""Session"": ""london_1013"", ""ZEntry"": 2.0, ""ZEmaBars"": 30, ""NewsBeforeMin"": 30, ""NewsAfterMin"": 60, ""NewsCloseMode"": 2, ""DailyLossPct"": 3.0, ""MaxSpreadPts"": 0}"
-50.0,-3.8035513230200824,18.264389295857615,0.0,0.0,82.38442500000129,0.05849621623213162,287.9642825707411,71.0,2.0,3.0,"{""EntryMode"": 1, ""EntryTFMin"": 5, ""GridSpacingPts"": 100, ""TP_Pips"": 11.5, ""MaxLayers"": 4, ""Ladder"": ""step1"", ""MaxHoldSec"": 300, ""StopPips"": 24.0, ""MaxBasketRiskPct"": 3.0, ""AddMinSec"": 30, ""Session"": ""london_1013"", ""ZEntry"": 1.0, ""ZEmaBars"": 60, ""NewsBeforeMin"": 30, ""NewsAfterMin"": 60, ""NewsCloseMode"": 2, ""DailyLossPct"": 5.0, ""MaxSpreadPts"": 10}"
-50.0,0.0,0.0,0.0,0.0,100.0,0.0,0.0,0.0,0.0,0.0,"{""EntryMode"": 0, ""EntryTFMin"": 5, ""GridSpacingPts"": 95, ""TP_Pips"": 0.5, ""MaxLayers"": 2, ""Ladder"": ""flat"", ""MaxHoldSec"": 1800, ""StopPips"": 17.0, ""MaxBasketRiskPct"": 1.0, ""AddMinSec"": 0, ""Session"": ""lateny_1923"", ""ZEntry"": 2.75, ""ZEmaBars"": 60, ""NewsBeforeMin"": 15, ""NewsAfterMin"": 15, ""NewsCloseMode"": 2, ""DailyLossPct"": 5.0, ""MaxSpreadPts"": 0}"
-50.0,-3.0400751983566177,17.453407175516706,0.0,0.0,85.70400000002137,0.11468337129720542,1063.3200838163493,60.0,6.0,83.0,"{""EntryMode"": 1, ""EntryTFMin"": 1, ""GridSpacingPts"": 140, ""TP_Pips"": 5.5, ""MaxLayers"": 1, ""Ladder"": ""step1"", ""MaxHoldSec"": 1800, ""StopPips"": 25.0, ""MaxBasketRiskPct"": 3.0, ""AddMinSec"": 60, ""Session"": ""lateny_1923"", ""ZEntry"": 1.5, ""ZEmaBars"": 120, ""NewsBeforeMin"": 30, ""NewsAfterMin"": 15, ""NewsCloseMode"": 0, ""DailyLossPct"": 8.0, ""MaxSpreadPts"": 0}"
-50.0,0.0,0.0,0.0,0.0,100.0,0.0,0.0,0.0,0.0,0.0,"{""EntryMode"": 1, ""EntryTFMin"": 5, ""GridSpacingPts"": 15, ""TP_Pips"": 7.5, ""MaxLayers"": 4, ""Ladder"": ""step1"", ""MaxHoldSec"": 120, ""StopPips"": 30.0, ""MaxBasketRiskPct"": 2.0, ""AddMinSec"": 0, ""Session"": ""asia_0109"", ""ZEntry"": 1.25, ""ZEmaBars"": 30, ""NewsBeforeMin"": 15, ""NewsAfterMin"": 30, ""NewsCloseMode"": 2, ""DailyLossPct"": 5.0, ""MaxSpreadPts"": 0}"
-50.0,-5.267652881108198,24.172589325753105,0.0,0.0,76.30643250000541,0.10467743957328816,291.9374665991008,132.0,2.0,2.0,"{""EntryMode"": 1, ""EntryTFMin"": 5, ""GridSpacingPts"": 105, ""TP_Pips"": 13.5, ""MaxLayers"": 3, ""Ladder"": ""step1"", ""MaxHoldSec"": 300, ""StopPips"": 22.0, ""MaxBasketRiskPct"": 3.0, ""AddMinSec"": 30, ""Session"": ""london_1013"", ""ZEntry"": 1.0, ""ZEmaBars"": 60, ""NewsBeforeMin"": 30, ""NewsAfterMin"": 60, ""NewsCloseMode"": 2, ""DailyLossPct"": 5.0, ""MaxSpreadPts"": 10}"
-50.0,-0.06371881570413906,3.691512812069716,0.0,0.0,99.68200000000964,0.033096543394495526,278.4566510832587,35.0,4.0,4.0,"{""EntryMode"": 1, ""EntryTFMin"": 5, ""GridSpacingPts"": 65, ""TP_Pips"": 10.0, ""MaxLayers"": 6, ""Ladder"": ""flat"", ""MaxHoldSec"": 300, ""StopPips"": 10.0, ""MaxBasketRiskPct"": 2.0, ""AddMinSec"": 60, ""Session"": ""lateny_1923"", ""ZEntry"": 3.0, ""ZEmaBars"": 120, ""NewsBeforeMin"": 30, ""NewsAfterMin"": 15, ""NewsCloseMode"": 2, ""DailyLossPct"": 3.0, ""MaxSpreadPts"": 0}"
-50.0,-3.7332553744064523,20.497577016251757,0.0,0.0,82.68570000002101,0.10621681368466004,1075.9855684754232,58.0,11.0,69.0,"{""EntryMode"": 1, ""EntryTFMin"": 1, ""GridSpacingPts"": 50, ""TP_Pips"": 7.0, ""MaxLayers"": 1, ""Ladder"": ""flat"", ""MaxHoldSec"": 1800, ""StopPips"": 24.0, ""MaxBasketRiskPct"": 3.0, ""AddMinSec"": 60, ""Session"": ""lateny_1923"", ""ZEntry"": 1.5, ""ZEmaBars"": 60, ""NewsBeforeMin"": 30, ""NewsAfterMin"": 15, ""NewsCloseMode"": 0, ""DailyLossPct"": 5.0, ""MaxSpreadPts"": 0}"
-50.0,-3.6554931494398035,18.177317954554457,0.0,0.0,83.02000000000218,0.05541746800938785,689.3084105253222,42.0,16.0,14.0,"{""EntryMode"": 1, ""EntryTFMin"": 1, ""GridSpacingPts"": 40, ""TP_Pips"": 8.5, ""MaxLayers"": 5, ""Ladder"": ""step1"", ""MaxHoldSec"": 900, ""StopPips"": 13.0, ""MaxBasketRiskPct"": 3.0, ""AddMinSec"": 0, ""Session"": ""london_1013"", ""ZEntry"": 2.75, ""ZEmaBars"": 60, ""NewsBeforeMin"": 30, ""NewsAfterMin"": 60, ""NewsCloseMode"": 2, ""DailyLossPct"": 5.0, ""MaxSpreadPts"": 10}"
-50.0,0.0,0.0,0.0,0.0,100.0,0.0,0.0,0.0,0.0,0.0,"{""EntryMode"": 0, ""EntryTFMin"": 1, ""GridSpacingPts"": 20, ""TP_Pips"": 2.0, ""MaxLayers"": 5, ""Ladder"": ""flat"", ""MaxHoldSec"": 600, ""StopPips"": 20.0, ""MaxBasketRiskPct"": 2.0, ""AddMinSec"": 15, ""Session"": ""asia_0309"", ""ZEntry"": 2.25, ""ZEmaBars"": 30, ""NewsBeforeMin"": 60, ""NewsAfterMin"": 15, ""NewsCloseMode"": 2, ""DailyLossPct"": 5.0, ""MaxSpreadPts"": 10}"
-50.0,-4.537736562172634,22.45048410084548,0.0,0.0,79.29000000000505,0.08004745379133801,298.76873638996705,102.0,1.0,1.0,"{""EntryMode"": 1, ""EntryTFMin"": 5, ""GridSpacingPts"": 105, ""TP_Pips"": 13.0, ""MaxLayers"": 3, ""Ladder"": ""step1"", ""MaxHoldSec"": 300, ""StopPips"": 23.0, ""MaxBasketRiskPct"": 3.0, ""AddMinSec"": 30, ""Session"": ""london_1013"", ""ZEntry"": 1.5, ""ZEmaBars"": 60, ""NewsBeforeMin"": 30, ""NewsAfterMin"": 60, ""NewsCloseMode"": 2, ""DailyLossPct"": 5.0, ""MaxSpreadPts"": 10}"
-50.0,0.0,0.0,0.0,0.0,100.0,0.0,0.0,0.0,0.0,0.0,"{""EntryMode"": 0, ""EntryTFMin"": 1, ""GridSpacingPts"": 45, ""TP_Pips"": 2.0, ""MaxLayers"": 2, ""Ladder"": ""step2"", ""MaxHoldSec"": 900, ""StopPips"": 12.0, ""MaxBasketRiskPct"": 1.0, ""AddMinSec"": 0, ""Session"": ""asia_0309"", ""ZEntry"": 1.5, ""ZEmaBars"": 30, ""NewsBeforeMin"": 30, ""NewsAfterMin"": 60, ""NewsCloseMode"": 0, ""DailyLossPct"": 5.0, ""MaxSpreadPts"": 0}"
-50.0,-1.2947365264114108,6.6713068966388995,0.0,0.0,93.69541441849908,0.03155716928312364,30.392267570262995,41.0,0.0,0.0,"{""EntryMode"": 1, ""EntryTFMin"": 5, ""GridSpacingPts"": 120, ""TP_Pips"": 9.5, ""MaxLayers"": 4, ""Ladder"": ""flat"", ""MaxHoldSec"": 30, ""StopPips"": 12.0, ""MaxBasketRiskPct"": 3.0, ""AddMinSec"": 15, ""Session"": ""asia_0309"", ""ZEntry"": 2.5, ""ZEmaBars"": 60, ""NewsBeforeMin"": 30, ""NewsAfterMin"": 60, ""NewsCloseMode"": 0, ""DailyLossPct"": 3.0, ""MaxSpreadPts"": 0}"
-50.0,-1.23481326037983,6.044428448603389,0.0,0.0,93.980000000001,0.0015393741113718848,228.748042345047,0.0,2.0,0.0,"{""EntryMode"": 1, ""EntryTFMin"": 1, ""GridSpacingPts"": 15, ""TP_Pips"": 15.0, ""MaxLayers"": 5, ""Ladder"": ""flat"", ""MaxHoldSec"": 1800, ""StopPips"": 13.0, ""MaxBasketRiskPct"": 5.0, ""AddMinSec"": 60, ""Session"": ""asia_0309"", ""ZEntry"": 3.0, ""ZEmaBars"": 30, ""NewsBeforeMin"": 15, ""NewsAfterMin"": 15, ""NewsCloseMode"": 0, ""DailyLossPct"": 5.0, ""MaxSpreadPts"": 0}"
-50.0,-3.8745570657630957,18.81747713860377,0.0,0.0,82.08100000001924,0.09467150784937091,210.06135690115343,64.0,52.0,7.0,"{""EntryMode"": 1, ""EntryTFMin"": 5, ""GridSpacingPts"": 50, ""TP_Pips"": 10.5, ""MaxLayers"": 6, ""Ladder"": ""flat"", ""MaxHoldSec"": 300, ""StopPips"": 5.0, ""MaxBasketRiskPct"": 2.0, ""AddMinSec"": 60, ""Session"": ""lateny_1923"", ""ZEntry"": 2.75, ""ZEmaBars"": 120, ""NewsBeforeMin"": 30, ""NewsAfterMin"": 15, ""NewsCloseMode"": 2, ""DailyLossPct"": 3.0, ""MaxSpreadPts"": 0}"
-50.0,0.0,0.0,0.0,0.0,100.0,0.0,0.0,0.0,0.0,0.0,"{""EntryMode"": 0, ""EntryTFMin"": 5, ""GridSpacingPts"": 40, ""TP_Pips"": 5.0, ""MaxLayers"": 2, ""Ladder"": ""step1"", ""MaxHoldSec"": 600, ""StopPips"": 14.0, ""MaxBasketRiskPct"": 1.0, ""AddMinSec"": 0, ""Session"": ""london_1013"", ""ZEntry"": 1.75, ""ZEmaBars"": 60, ""NewsBeforeMin"": 30, ""NewsAfterMin"": 30, ""NewsCloseMode"": 2, ""DailyLossPct"": 5.0, ""MaxSpreadPts"": 0}"
-50.0,-0.7848732836506,4.029907363041649,0.0,0.0,96.1390000000001,0.002309061167057827,388.16581122080476,0.0,2.0,1.0,"{""EntryMode"": 1, ""EntryTFMin"": 1, ""GridSpacingPts"": 20, ""TP_Pips"": 14.5, ""MaxLayers"": 6, ""Ladder"": ""flat"", ""MaxHoldSec"": 1800, ""StopPips"": 12.0, ""MaxBasketRiskPct"": 5.0, ""AddMinSec"": 60, ""Session"": ""asia_0309"", ""ZEntry"": 2.75, ""ZEmaBars"": 30, ""NewsBeforeMin"": 15, ""NewsAfterMin"": 15, ""NewsCloseMode"": 0, ""DailyLossPct"": 5.0, ""MaxSpreadPts"": 0}"
-50.0,-4.105570983950924,20.758542253866867,0.0,0.0,81.10000000000234,0.05541746800938785,745.5809804863401,49.0,17.0,6.0,"{""EntryMode"": 1, ""EntryTFMin"": 1, ""GridSpacingPts"": 30, ""TP_Pips"": 11.5, ""MaxLayers"": 5, ""Ladder"": ""step1"", ""MaxHoldSec"": 900, ""StopPips"": 13.0, ""MaxBasketRiskPct"": 3.0, ""AddMinSec"": 0, ""Session"": ""london_1013"", ""ZEntry"": 2.75, ""ZEmaBars"": 60, ""NewsBeforeMin"": 15, ""NewsAfterMin"": 60, ""NewsCloseMode"": 2, ""DailyLossPct"": 5.0, ""MaxSpreadPts"": 10}"
-50.0,0.0,0.0,0.0,0.0,100.0,0.0,0.0,0.0,0.0,0.0,"{""EntryMode"": 1, ""EntryTFMin"": 5, ""GridSpacingPts"": 55, ""TP_Pips"": 10.0, ""MaxLayers"": 3, ""Ladder"": ""flat"", ""MaxHoldSec"": 120, ""StopPips"": 22.0, ""MaxBasketRiskPct"": 1.0, ""AddMinSec"": 0, ""Session"": ""ny_1519"", ""ZEntry"": 1.0, ""ZEmaBars"": 60, ""NewsBeforeMin"": 30, ""NewsAfterMin"": 15, ""NewsCloseMode"": 0, ""DailyLossPct"": 3.0, ""MaxSpreadPts"": 0}"
-50.0,0.0,0.0,0.0,0.0,100.0,0.0,0.0,0.0,0.0,0.0,"{""EntryMode"": 1, ""EntryTFMin"": 5, ""GridSpacingPts"": 115, ""TP_Pips"": 8.5, ""MaxLayers"": 6, ""Ladder"": ""step2"", ""MaxHoldSec"": 900, ""StopPips"": 11.0, ""MaxBasketRiskPct"": 1.0, ""AddMinSec"": 30, ""Session"": ""london_1013"", ""ZEntry"": 1.0, ""ZEmaBars"": 30, ""NewsBeforeMin"": 30, ""NewsAfterMin"": 60, ""NewsCloseMode"": 0, ""DailyLossPct"": 3.0, ""MaxSpreadPts"": 10}"
-50.0,-3.892222568834869,24.496772640119826,0.0,0.0,82.00565000002946,0.15701615935993224,1161.7707585199128,91.0,10.0,103.0,"{""EntryMode"": 1, ""EntryTFMin"": 1, ""GridSpacingPts"": 40, ""TP_Pips"": 7.0, ""MaxLayers"": 1, ""Ladder"": ""flat"", ""MaxHoldSec"": 1800, ""StopPips"": 24.0, ""MaxBasketRiskPct"": 3.0, ""AddMinSec"": 60, ""Session"": ""lateny_1923"", ""ZEntry"": 1.25, ""ZEmaBars"": 60, ""NewsBeforeMin"": 30, ""NewsAfterMin"": 15, ""NewsCloseMode"": 0, ""DailyLossPct"": 5.0, ""MaxSpreadPts"": 0}"
-50.0,-0.2110125583968392,1.049999999999784,0.0,0.0,98.95000000000022,0.0015393741113718848,375.3517987728119,1.0,0.0,1.0,"{""EntryMode"": 0, ""EntryTFMin"": 1, ""GridSpacingPts"": 20, ""TP_Pips"": 1.5, ""MaxLayers"": 5, ""Ladder"": ""flat"", ""MaxHoldSec"": 600, ""StopPips"": 19.0, ""MaxBasketRiskPct"": 2.0, ""AddMinSec"": 15, ""Session"": ""london_1013"", ""ZEntry"": 2.0, ""ZEmaBars"": 30, ""NewsBeforeMin"": 60, ""NewsAfterMin"": 15, ""NewsCloseMode"": 2, ""DailyLossPct"": 5.0, ""MaxSpreadPts"": 10}"
-50.0,-0.5667144866991602,2.88499999999938,0.0,0.0,97.20000000000053,0.010005931723917252,60.0,13.0,0.0,0.0,"{""EntryMode"": 1, ""EntryTFMin"": 5, ""GridSpacingPts"": 90, ""TP_Pips"": 9.0, ""MaxLayers"": 2, ""Ladder"": ""step1"", ""MaxHoldSec"": 60, ""StopPips"": 24.0, ""MaxBasketRiskPct"": 5.0, ""AddMinSec"": 60, ""Session"": ""london_1013"", ""ZEntry"": 2.25, ""ZEmaBars"": 30, ""NewsBeforeMin"": 30, ""NewsAfterMin"": 60, ""NewsCloseMode"": 2, ""DailyLossPct"": 3.0, ""MaxSpreadPts"": 0}"
-50.0,0.0,0.0,0.0,0.0,100.0,0.0,0.0,0.0,0.0,0.0,"{""EntryMode"": 1, ""EntryTFMin"": 5, ""GridSpacingPts"": 95, ""TP_Pips"": 8.5, ""MaxLayers"": 5, ""Ladder"": ""step2"", ""MaxHoldSec"": 900, ""StopPips"": 11.0, ""MaxBasketRiskPct"": 1.0, ""AddMinSec"": 30, ""Session"": ""london_1013"", ""ZEntry"": 1.0, ""ZEmaBars"": 30, ""NewsBeforeMin"": 30, ""NewsAfterMin"": 60, ""NewsCloseMode"": 0, ""DailyLossPct"": 3.0, ""MaxSpreadPts"": 10}"
-50.0,0.0,0.0,0.0,0.0,100.0,0.0,0.0,0.0,0.0,0.0,"{""EntryMode"": 0, ""EntryTFMin"": 5, ""GridSpacingPts"": 95, ""TP_Pips"": 1.5, ""MaxLayers"": 2, ""Ladder"": ""flat"", ""MaxHoldSec"": 1800, ""StopPips"": 14.0, ""MaxBasketRiskPct"": 1.0, ""AddMinSec"": 0, ""Session"": ""lateny_1923"", ""ZEntry"": 2.75, ""ZEmaBars"": 60, ""NewsBeforeMin"": 15, ""NewsAfterMin"": 15, ""NewsCloseMode"": 2, ""DailyLossPct"": 5.0, ""MaxSpreadPts"": 0}"
-50.0,-5.068848667721282,24.15894564732348,0.0,0.0,77.11000000000355,0.05541746800938785,746.0526963671049,48.0,17.0,7.0,"{""EntryMode"": 1, ""EntryTFMin"": 1, ""GridSpacingPts"": 30, ""TP_Pips"": 10.5, ""MaxLayers"": 5, ""Ladder"": ""step1"", ""MaxHoldSec"": 900, ""StopPips"": 15.0, ""MaxBasketRiskPct"": 3.0, ""AddMinSec"": 0, ""Session"": ""london_1013"", ""ZEntry"": 2.75, ""ZEmaBars"": 60, ""NewsBeforeMin"": 30, ""NewsAfterMin"": 60, ""NewsCloseMode"": 2, ""DailyLossPct"": 5.0, ""MaxSpreadPts"": 10}"
-50.0,0.0,0.0,0.0,0.0,100.0,0.0,0.0,0.0,0.0,0.0,"{""EntryMode"": 0, ""EntryTFMin"": 1, ""GridSpacingPts"": 115, ""TP_Pips"": 10.5, ""MaxLayers"": 3, ""Ladder"": ""step1"", ""MaxHoldSec"": 120, ""StopPips"": 15.0, ""MaxBasketRiskPct"": 1.0, ""AddMinSec"": 0, ""Session"": ""allday_0123"", ""ZEntry"": 3.0, ""ZEmaBars"": 30, ""NewsBeforeMin"": 30, ""NewsAfterMin"": 30, ""NewsCloseMode"": 0, ""DailyLossPct"": 8.0, ""MaxSpreadPts"": 10}"
-50.0,-3.7332553744064523,20.497577016251757,0.0,0.0,82.68570000002101,0.10621681368466004,1075.9855684754232,58.0,11.0,69.0,"{""EntryMode"": 1, ""EntryTFMin"": 1, ""GridSpacingPts"": 50, ""TP_Pips"": 7.0, ""MaxLayers"": 3, ""Ladder"": ""flat"", ""MaxHoldSec"": 1800, ""StopPips"": 24.0, ""MaxBasketRiskPct"": 3.0, ""AddMinSec"": 60, ""Session"": ""lateny_1923"", ""ZEntry"": 1.5, ""ZEmaBars"": 60, ""NewsBeforeMin"": 30, ""NewsAfterMin"": 15, ""NewsCloseMode"": 0, ""DailyLossPct"": 5.0, ""MaxSpreadPts"": 0}"
-50.0,-2.273903315026937,13.082752587550923,0.0,0.0,89.14200000000689,0.034635917505867406,1005.6657586284713,17.0,4.0,24.0,"{""EntryMode"": 1, ""EntryTFMin"": 1, ""GridSpacingPts"": 120, ""TP_Pips"": 5.5, ""MaxLayers"": 2, ""Ladder"": ""step1"", ""MaxHoldSec"": 1800, ""StopPips"": 26.0, ""MaxBasketRiskPct"": 3.0, ""AddMinSec"": 60, ""Session"": ""lateny_1923"", ""ZEntry"": 2.5, ""ZEmaBars"": 120, ""NewsBeforeMin"": 30, ""NewsAfterMin"": 15, ""NewsCloseMode"": 0, ""DailyLossPct"": 8.0, ""MaxSpreadPts"": 0}"
-50.0,-2.4945648824072575,12.232282798104816,0.0,0.0,88.14073000000327,0.024629985781950157,311.6205679879469,2.0,21.0,9.0,"{""EntryMode"": 1, ""EntryTFMin"": 5, ""GridSpacingPts"": 105, ""TP_Pips"": 8.5, ""MaxLayers"": 5, ""Ladder"": ""step2"", ""MaxHoldSec"": 900, ""StopPips"": 8.0, ""MaxBasketRiskPct"": 1.0, ""AddMinSec"": 30, ""Session"": ""london_1013"", ""ZEntry"": 1.0, ""ZEmaBars"": 30, ""NewsBeforeMin"": 30, ""NewsAfterMin"": 60, ""NewsCloseMode"": 0, ""DailyLossPct"": 3.0, ""MaxSpreadPts"": 10}"
-50.0,-3.90081970705326,19.03367496338797,0.0,0.0,81.96900000000942,0.05926590328781756,775.4318447709082,56.0,12.0,9.0,"{""EntryMode"": 1, ""EntryTFMin"": 5, ""GridSpacingPts"": 20, ""TP_Pips"": 13.0, ""MaxLayers"": 3, ""Ladder"": ""step1"", ""MaxHoldSec"": 900, ""StopPips"": 20.0, ""MaxBasketRiskPct"": 5.0, ""AddMinSec"": 0, ""Session"": ""lateny_1923"", ""ZEntry"": 2.5, ""ZEmaBars"": 90, ""NewsBeforeMin"": 30, ""NewsAfterMin"": 60, ""NewsCloseMode"": 2, ""DailyLossPct"": 8.0, ""MaxSpreadPts"": 10}"
-50.0,0.0,0.0,0.0,0.0,100.0,0.0,0.0,0.0,0.0,0.0,"{""EntryMode"": 0, ""EntryTFMin"": 5, ""GridSpacingPts"": 95, ""TP_Pips"": 0.5, ""MaxLayers"": 2, ""Ladder"": ""flat"", ""MaxHoldSec"": 1800, ""StopPips"": 16.0, ""MaxBasketRiskPct"": 1.0, ""AddMinSec"": 0, ""Session"": ""lateny_1923"", ""ZEntry"": 2.25, ""ZEmaBars"": 60, ""NewsBeforeMin"": 15, ""NewsAfterMin"": 15, ""NewsCloseMode"": 2, ""DailyLossPct"": 5.0, ""MaxSpreadPts"": 0}"
-50.0,0.0,0.0,0.0,0.0,100.0,0.0,0.0,0.0,0.0,0.0,"{""EntryMode"": 1, ""EntryTFMin"": 5, ""GridSpacingPts"": 20, ""TP_Pips"": 10.0, ""MaxLayers"": 3, ""Ladder"": ""flat"", ""MaxHoldSec"": 120, ""StopPips"": 20.0, ""MaxBasketRiskPct"": 1.0, ""AddMinSec"": 0, ""Session"": ""ny_1519"", ""ZEntry"": 1.25, ""ZEmaBars"": 60, ""NewsBeforeMin"": 30, ""NewsAfterMin"": 15, ""NewsCloseMode"": 0, ""DailyLossPct"": 3.0, ""MaxSpreadPts"": 0}"
-50.0,-0.35126404168729364,5.163286831577079,0.0,0.0,98.25700000000286,0.01924217639214856,674.8301857185363,13.0,3.0,9.0,"{""EntryMode"": 1, ""EntryTFMin"": 5, ""GridSpacingPts"": 20, ""TP_Pips"": 10.0, ""MaxLayers"": 3, ""Ladder"": ""step1"", ""MaxHoldSec"": 900, ""StopPips"": 23.0, ""MaxBasketRiskPct"": 5.0, ""AddMinSec"": 0, ""Session"": ""lateny_1923"", ""ZEntry"": 2.75, ""ZEmaBars"": 90, ""NewsBeforeMin"": 30, ""NewsAfterMin"": 60, ""NewsCloseMode"": 2, ""DailyLossPct"": 8.0, ""MaxSpreadPts"": 10}"
-50.0,0.0,0.0,0.0,0.0,100.0,0.0,0.0,0.0,0.0,0.0,"{""EntryMode"": 0, ""EntryTFMin"": 1, ""GridSpacingPts"": 25, ""TP_Pips"": 3.0, ""MaxLayers"": 5, ""Ladder"": ""flat"", ""MaxHoldSec"": 600, ""StopPips"": 20.0, ""MaxBasketRiskPct"": 2.0, ""AddMinSec"": 15, ""Session"": ""london_1013"", ""ZEntry"": 2.25, ""ZEmaBars"": 30, ""NewsBeforeMin"": 60, ""NewsAfterMin"": 60, ""NewsCloseMode"": 2, ""DailyLossPct"": 5.0, ""MaxSpreadPts"": 10}"
-50.0,-4.822955437210541,22.437444146549822,0.0,0.0,78.11325000000966,0.013854367002346962,1045.345540356636,8.0,8.0,2.0,"{""EntryMode"": 1, ""EntryTFMin"": 1, ""GridSpacingPts"": 25, ""TP_Pips"": 13.5, ""MaxLayers"": 6, ""Ladder"": ""flat"", ""MaxHoldSec"": 1800, ""StopPips"": 13.0, ""MaxBasketRiskPct"": 5.0, ""AddMinSec"": 60, ""Session"": ""asia_0309"", ""ZEntry"": 2.5, ""ZEmaBars"": 30, ""NewsBeforeMin"": 15, ""NewsAfterMin"": 15, ""NewsCloseMode"": 0, ""DailyLossPct"": 5.0, ""MaxSpreadPts"": 0}"
-50.0,0.0,0.0,0.0,0.0,100.0,0.0,0.0,0.0,0.0,0.0,"{""EntryMode"": 0, ""EntryTFMin"": 1, ""GridSpacingPts"": 110, ""TP_Pips"": 4.0, ""MaxLayers"": 1, ""Ladder"": ""step2"", ""MaxHoldSec"": 30, ""StopPips"": 10.0, ""MaxBasketRiskPct"": 1.0, ""AddMinSec"": 0, ""Session"": ""lateny_1923"", ""ZEntry"": 2.25, ""ZEmaBars"": 90, ""NewsBeforeMin"": 15, ""NewsAfterMin"": 30, ""NewsCloseMode"": 0, ""DailyLossPct"": 3.0, ""MaxSpreadPts"": 10}"
-50.0,0.0,0.0,0.0,0.0,100.0,0.0,0.0,0.0,0.0,0.0,"{""EntryMode"": 1, ""EntryTFMin"": 5, ""GridSpacingPts"": 90, ""TP_Pips"": 10.0, ""MaxLayers"": 3, ""Ladder"": ""flat"", ""MaxHoldSec"": 120, ""StopPips"": 20.0, ""MaxBasketRiskPct"": 1.0, ""AddMinSec"": 0, ""Session"": ""ny_1519"", ""ZEntry"": 1.0, ""ZEmaBars"": 60, ""NewsBeforeMin"": 30, ""NewsAfterMin"": 15, ""NewsCloseMode"": 0, ""DailyLossPct"": 3.0, ""MaxSpreadPts"": 0}"
-50.0,-1.2884344297180106,6.641486899083514,0.0,0.0,93.72531164984814,0.03155716928312364,30.392267570262995,41.0,0.0,0.0,"{""EntryMode"": 1, ""EntryTFMin"": 5, ""GridSpacingPts"": 80, ""TP_Pips"": 9.5, ""MaxLayers"": 6, ""Ladder"": ""flat"", ""MaxHoldSec"": 30, ""StopPips"": 10.0, ""MaxBasketRiskPct"": 3.0, ""AddMinSec"": 15, ""Session"": ""asia_0309"", ""ZEntry"": 2.5, ""ZEmaBars"": 60, ""NewsBeforeMin"": 30, ""NewsAfterMin"": 60, ""NewsCloseMode"": 0, ""DailyLossPct"": 3.0, ""MaxSpreadPts"": 0}"
-50.0,0.0,0.0,0.0,0.0,100.0,0.0,0.0,0.0,0.0,0.0,"{""EntryMode"": 0, ""EntryTFMin"": 1, ""GridSpacingPts"": 30, ""TP_Pips"": 2.0, ""MaxLayers"": 5, ""Ladder"": ""flat"", ""MaxHoldSec"": 600, ""StopPips"": 20.0, ""MaxBasketRiskPct"": 2.0, ""AddMinSec"": 15, ""Session"": ""london_1013"", ""ZEntry"": 1.75, ""ZEmaBars"": 30, ""NewsBeforeMin"": 60, ""NewsAfterMin"": 15, ""NewsCloseMode"": 2, ""DailyLossPct"": 5.0, ""MaxSpreadPts"": 10}"
-91.41259999999896,-3.0016174925605377,25.048004748105985,0.0,1.0,85.87400000001035,0.17856739691913864,1280.0265319285106,122.0,15.0,95.0,"{""EntryMode"": 1, ""EntryTFMin"": 1, ""GridSpacingPts"": 45, ""TP_Pips"": 9.0, ""MaxLayers"": 2, ""Ladder"": ""flat"", ""MaxHoldSec"": 1800, ""StopPips"": 24.0, ""MaxBasketRiskPct"": 3.0, ""AddMinSec"": 60, ""Session"": ""lateny_1923"", ""ZEntry"": 1.25, ""ZEmaBars"": 60, ""NewsBeforeMin"": 30, ""NewsAfterMin"": 15, ""NewsCloseMode"": 0, ""DailyLossPct"": 8.0, ""MaxSpreadPts"": 0}"
-91.6174999999984,-3.469263023038005,25.049177396280136,0.0,1.0,83.82500000001602,0.1654827169724776,1272.0365766770387,108.0,10.0,97.0,"{""EntryMode"": 1, ""EntryTFMin"": 1, ""GridSpacingPts"": 45, ""TP_Pips"": 7.5, ""MaxLayers"": 2, ""Ladder"": ""flat"", ""MaxHoldSec"": 1800, ""StopPips"": 23.0, ""MaxBasketRiskPct"": 3.0, ""AddMinSec"": 60, ""Session"": ""lateny_1923"", ""ZEntry"": 1.0, ""ZEmaBars"": 60, ""NewsBeforeMin"": 30, ""NewsAfterMin"": 60, ""NewsCloseMode"": 0, ""DailyLossPct"": 5.0, ""MaxSpreadPts"": 0}"
-91.70637499999893,-3.6749508656779284,25.049704035063787,0.0,1.0,82.93625000001063,0.173949274585023,1202.0314370873332,107.0,15.0,104.0,"{""EntryMode"": 1, ""EntryTFMin"": 1, ""GridSpacingPts"": 45, ""TP_Pips"": 8.0, ""MaxLayers"": 2, ""Ladder"": ""flat"", ""MaxHoldSec"": 1800, ""StopPips"": 22.0, ""MaxBasketRiskPct"": 3.0, ""AddMinSec"": 60, ""Session"": ""lateny_1923"", ""ZEntry"": 1.25, ""ZEmaBars"": 60, ""NewsBeforeMin"": 30, ""NewsAfterMin"": 15, ""NewsCloseMode"": 0, ""DailyLossPct"": 5.0, ""MaxSpreadPts"": 0}"
-91.84187499999999,-3.9919646512893925,25.151383090967904,0.0,1.0,81.58125000000011,0.023860298726264214,589.9587443172932,15.0,14.0,2.0,"{""EntryMode"": 1, ""EntryTFMin"": 1, ""GridSpacingPts"": 40, ""TP_Pips"": 11.5, ""MaxLayers"": 3, ""Ladder"": ""step1"", ""MaxHoldSec"": 900, ""StopPips"": 9.0, ""MaxBasketRiskPct"": 3.0, ""AddMinSec"": 0, ""Session"": ""london_1013"", ""ZEntry"": 2.75, ""ZEmaBars"": 60, ""NewsBeforeMin"": 30, ""NewsAfterMin"": 60, ""NewsCloseMode"": 2, ""DailyLossPct"": 5.0, ""MaxSpreadPts"": 10}"
-91.91284999999968,-4.159700754964679,25.05097217845836,0.0,1.0,80.87150000000315,0.20781550503520443,1077.6476641036197,108.0,16.0,146.0,"{""EntryMode"": 1, ""EntryTFMin"": 1, ""GridSpacingPts"": 150, ""TP_Pips"": 6.0, ""MaxLayers"": 2, ""Ladder"": ""step1"", ""MaxHoldSec"": 1800, ""StopPips"": 23.0, ""MaxBasketRiskPct"": 3.0, ""AddMinSec"": 60, ""Session"": ""lateny_1923"", ""ZEntry"": 2.0, ""ZEmaBars"": 120, ""NewsBeforeMin"": 30, ""NewsAfterMin"": 15, ""NewsCloseMode"": 0, ""DailyLossPct"": 8.0, ""MaxSpreadPts"": 0}"
-91.96369999999959,-4.28060068236753,25.051294486308862,0.0,1.0,80.36300000000402,0.20935487914657633,961.1248187526066,89.0,21.0,162.0,"{""EntryMode"": 1, ""EntryTFMin"": 1, ""GridSpacingPts"": 120, ""TP_Pips"": 5.5, ""MaxLayers"": 1, ""Ladder"": ""step1"", ""MaxHoldSec"": 1800, ""StopPips"": 21.0, ""MaxBasketRiskPct"": 3.0, ""AddMinSec"": 60, ""Session"": ""lateny_1923"", ""ZEntry"": 2.0, ""ZEmaBars"": 120, ""NewsBeforeMin"": 30, ""NewsAfterMin"": 15, ""NewsCloseMode"": 0, ""DailyLossPct"": 8.0, ""MaxSpreadPts"": 0}"
-91.96369999999959,-4.28060068236753,25.051294486308862,0.0,1.0,80.36300000000402,0.20935487914657633,961.1248187526066,89.0,21.0,162.0,"{""EntryMode"": 1, ""EntryTFMin"": 1, ""GridSpacingPts"": 145, ""TP_Pips"": 5.5, ""MaxLayers"": 1, ""Ladder"": ""step2"", ""MaxHoldSec"": 1800, ""StopPips"": 21.0, ""MaxBasketRiskPct"": 3.0, ""AddMinSec"": 30, ""Session"": ""lateny_1923"", ""ZEntry"": 2.0, ""ZEmaBars"": 120, ""NewsBeforeMin"": 30, ""NewsAfterMin"": 15, ""NewsCloseMode"": 0, ""DailyLossPct"": 8.0, ""MaxSpreadPts"": 0}"
-91.9636999999996,-4.280600682367552,25.05129448630893,0.0,1.0,80.36300000000395,0.27016015654576575,941.7120370257986,112.0,23.0,216.0,"{""EntryMode"": 1, ""EntryTFMin"": 1, ""GridSpacingPts"": 120, ""TP_Pips"": 5.5, ""MaxLayers"": 2, ""Ladder"": ""step1"", ""MaxHoldSec"": 1800, ""StopPips"": 23.0, ""MaxBasketRiskPct"": 3.0, ""AddMinSec"": 60, ""Session"": ""lateny_1923"", ""ZEntry"": 2.0, ""ZEmaBars"": 120, ""NewsBeforeMin"": 30, ""NewsAfterMin"": 15, ""NewsCloseMode"": 0, ""DailyLossPct"": 8.0, ""MaxSpreadPts"": 10}"
-91.9636999999996,-4.280600682367552,25.05129448630893,0.0,1.0,80.36300000000395,0.27016015654576575,941.7120370257986,112.0,23.0,216.0,"{""EntryMode"": 1, ""EntryTFMin"": 1, ""GridSpacingPts"": 135, ""TP_Pips"": 5.5, ""MaxLayers"": 2, ""Ladder"": ""step1"", ""MaxHoldSec"": 1800, ""StopPips"": 23.0, ""MaxBasketRiskPct"": 3.0, ""AddMinSec"": 60, ""Session"": ""lateny_1923"", ""ZEntry"": 2.0, ""ZEmaBars"": 120, ""NewsBeforeMin"": 30, ""NewsAfterMin"": 15, ""NewsCloseMode"": 0, ""DailyLossPct"": 8.0, ""MaxSpreadPts"": 0}"
-91.96369999999963,-4.280600682367619,25.05129448630922,0.0,1.0,80.36300000000364,0.21089425325794822,950.137960112134,87.0,23.0,164.0,"{""EntryMode"": 1, ""EntryTFMin"": 1, ""GridSpacingPts"": 135, ""TP_Pips"": 5.5, ""MaxLayers"": 1, ""Ladder"": ""step1"", ""MaxHoldSec"": 1800, ""StopPips"": 20.0, ""MaxBasketRiskPct"": 3.0, ""AddMinSec"": 60, ""Session"": ""lateny_1923"", ""ZEntry"": 2.0, ""ZEmaBars"": 120, ""NewsBeforeMin"": 30, ""NewsAfterMin"": 15, ""NewsCloseMode"": 0, ""DailyLossPct"": 8.0, ""MaxSpreadPts"": 0}"
-91.97547499999958,-4.3086839033739555,25.051369703083093,0.0,1.0,80.24525000000429,0.20858519209089038,856.9754334812613,78.0,14.0,179.0,"{""EntryMode"": 1, ""EntryTFMin"": 1, ""GridSpacingPts"": 130, ""TP_Pips"": 4.5, ""MaxLayers"": 1, ""Ladder"": ""step1"", ""MaxHoldSec"": 1800, ""StopPips"": 23.0, ""MaxBasketRiskPct"": 3.0, ""AddMinSec"": 60, ""Session"": ""lateny_1923"", ""ZEntry"": 2.0, ""ZEmaBars"": 120, ""NewsBeforeMin"": 15, ""NewsAfterMin"": 15, ""NewsCloseMode"": 0, ""DailyLossPct"": 8.0, ""MaxSpreadPts"": 0}"
-92.00037499999993,-4.368178798804956,25.051529488921258,0.0,1.0,79.99625000000059,0.05233871978664408,726.4323001979055,45.0,18.0,5.0,"{""EntryMode"": 1, ""EntryTFMin"": 1, ""GridSpacingPts"": 50, ""TP_Pips"": 11.5, ""MaxLayers"": 6, ""Ladder"": ""step1"", ""MaxHoldSec"": 900, ""StopPips"": 12.0, ""MaxBasketRiskPct"": 3.0, ""AddMinSec"": 0, ""Session"": ""london_1013"", ""ZEntry"": 2.75, ""ZEmaBars"": 60, ""NewsBeforeMin"": 30, ""NewsAfterMin"": 60, ""NewsCloseMode"": 2, ""DailyLossPct"": 5.0, ""MaxSpreadPts"": 10}"
-92.06127499999863,-4.514317067512197,25.051924511201396,0.0,1.0,79.38725000001365,0.16240396874973384,1130.281664202193,93.0,12.0,106.0,"{""EntryMode"": 1, ""EntryTFMin"": 1, ""GridSpacingPts"": 140, ""TP_Pips"": 6.5, ""MaxLayers"": 1, ""Ladder"": ""step1"", ""MaxHoldSec"": 1800, ""StopPips"": 23.0, ""MaxBasketRiskPct"": 3.0, ""AddMinSec"": 60, ""Session"": ""lateny_1923"", ""ZEntry"": 1.5, ""ZEmaBars"": 120, ""NewsBeforeMin"": 30, ""NewsAfterMin"": 15, ""NewsCloseMode"": 0, ""DailyLossPct"": 8.0, ""MaxSpreadPts"": 0}"
-92.07229999999954,-4.54086892940534,25.051996672212915,0.0,1.0,79.27700000000458,0.2501482930979313,1158.600108919272,151.0,15.0,159.0,"{""EntryMode"": 1, ""EntryTFMin"": 1, ""GridSpacingPts"": 140, ""TP_Pips"": 6.5, ""MaxLayers"": 1, ""Ladder"": ""step1"", ""MaxHoldSec"": 1800, ""StopPips"": 24.0, ""MaxBasketRiskPct"": 5.0, ""AddMinSec"": 60, ""Session"": ""lateny_1923"", ""ZEntry"": 1.75, ""ZEmaBars"": 120, ""NewsBeforeMin"": 30, ""NewsAfterMin"": 15, ""NewsCloseMode"": 0, ""DailyLossPct"": 8.0, ""MaxSpreadPts"": 0}"
-92.07229999999956,-4.540868929405384,25.05199667221307,0.0,1.0,79.27700000000442,0.173949274585023,1036.6650983784846,80.0,25.0,121.0,"{""EntryMode"": 1, ""EntryTFMin"": 1, ""GridSpacingPts"": 130, ""TP_Pips"": 6.5, ""MaxLayers"": 1, ""Ladder"": ""step1"", ""MaxHoldSec"": 1800, ""StopPips"": 19.0, ""MaxBasketRiskPct"": 3.0, ""AddMinSec"": 60, ""Session"": ""lateny_1923"", ""ZEntry"": 1.75, ""ZEmaBars"": 120, ""NewsBeforeMin"": 30, ""NewsAfterMin"": 15, ""NewsCloseMode"": 0, ""DailyLossPct"": 8.0, ""MaxSpreadPts"": 0}"
-92.08422499999962,-4.5696215620969145,25.05207495005508,0.0,1.0,79.15775000000379,0.18780364158736995,1030.2644927213207,92.0,15.0,137.0,"{""EntryMode"": 1, ""EntryTFMin"": 1, ""GridSpacingPts"": 135, ""TP_Pips"": 6.0, ""MaxLayers"": 1, ""Ladder"": ""step1"", ""MaxHoldSec"": 1800, ""StopPips"": 22.0, ""MaxBasketRiskPct"": 3.0, ""AddMinSec"": 60, ""Session"": ""lateny_1923"", ""ZEntry"": 1.75, ""ZEmaBars"": 120, ""NewsBeforeMin"": 30, ""NewsAfterMin"": 15, ""NewsCloseMode"": 0, ""DailyLossPct"": 8.0, ""MaxSpreadPts"": 0}"
-92.08422499999962,-4.5696215620969145,25.05207495005508,0.0,1.0,79.15775000000379,0.18780364158736995,1030.2644927213207,92.0,15.0,137.0,"{""EntryMode"": 1, ""EntryTFMin"": 1, ""GridSpacingPts"": 115, ""TP_Pips"": 6.0, ""MaxLayers"": 2, ""Ladder"": ""step1"", ""MaxHoldSec"": 1800, ""StopPips"": 22.0, ""MaxBasketRiskPct"": 3.0, ""AddMinSec"": 60, ""Session"": ""lateny_1923"", ""ZEntry"": 1.75, ""ZEmaBars"": 120, ""NewsBeforeMin"": 30, ""NewsAfterMin"": 15, ""NewsCloseMode"": 0, ""DailyLossPct"": 8.0, ""MaxSpreadPts"": 0}"
-92.08527499999954,-4.572154899735059,25.05208185373516,0.0,1.0,79.14725000000452,0.2724692177128236,1027.3820862230943,131.0,16.0,207.0,"{""EntryMode"": 1, ""EntryTFMin"": 1, ""GridSpacingPts"": 150, ""TP_Pips"": 5.5, ""MaxLayers"": 1, ""Ladder"": ""step1"", ""MaxHoldSec"": 1800, ""StopPips"": 23.0, ""MaxBasketRiskPct"": 3.0, ""AddMinSec"": 60, ""Session"": ""lateny_1923"", ""ZEntry"": 1.75, ""ZEmaBars"": 120, ""NewsBeforeMin"": 30, ""NewsAfterMin"": 15, ""NewsCloseMode"": 0, ""DailyLossPct"": 8.0, ""MaxSpreadPts"": 0}"
-92.08527499999956,-4.57215489973507,25.052081853735213,0.0,1.0,79.14725000000446,0.13007711241092426,935.4404292181522,50.0,21.0,98.0,"{""EntryMode"": 1, ""EntryTFMin"": 1, ""GridSpacingPts"": 125, ""TP_Pips"": 5.5, ""MaxLayers"": 1, ""Ladder"": ""step1"", ""MaxHoldSec"": 1800, ""StopPips"": 16.0, ""MaxBasketRiskPct"": 3.0, ""AddMinSec"": 60, ""Session"": ""lateny_1923"", ""ZEntry"": 1.75, ""ZEmaBars"": 120, ""NewsBeforeMin"": 30, ""NewsAfterMin"": 15, ""NewsCloseMode"": 0, ""DailyLossPct"": 8.0, ""MaxSpreadPts"": 0}"
-92.11287499999992,-4.638842093192941,25.052263980614715,0.0,1.0,78.87125000000079,0.05233871978664408,693.5762983439625,42.0,20.0,6.0,"{""EntryMode"": 1, ""EntryTFMin"": 1, ""GridSpacingPts"": 35, ""TP_Pips"": 10.5, ""MaxLayers"": 3, ""Ladder"": ""step1"", ""MaxHoldSec"": 900, ""StopPips"": 11.0, ""MaxBasketRiskPct"": 3.0, ""AddMinSec"": 0, ""Session"": ""london_1013"", ""ZEntry"": 2.75, ""ZEmaBars"": 60, ""NewsBeforeMin"": 30, ""NewsAfterMin"": 60, ""NewsCloseMode"": 2, ""DailyLossPct"": 5.0, ""MaxSpreadPts"": 10}"
-92.12412499999989,-4.6660779308377975,25.05233858305183,0.0,1.0,78.75875000000113,0.03848435278429712,488.8103480648112,4.0,14.0,32.0,"{""EntryMode"": 1, ""EntryTFMin"": 1, ""GridSpacingPts"": 130, ""TP_Pips"": 5.5, ""MaxLayers"": 1, ""Ladder"": ""step1"", ""MaxHoldSec"": 1800, ""StopPips"": 21.0, ""MaxBasketRiskPct"": 3.0, ""AddMinSec"": 0, ""Session"": ""ny_1519"", ""ZEntry"": 2.25, ""ZEmaBars"": 120, ""NewsBeforeMin"": 30, ""NewsAfterMin"": 15, ""NewsCloseMode"": 0, ""DailyLossPct"": 8.0, ""MaxSpreadPts"": 0}"
-92.15802499999975,-4.748337188288643,25.052564678447325,0.0,1.0,78.41975000000247,0.2324454908171546,952.999226818026,101.0,25.0,176.0,"{""EntryMode"": 1, ""EntryTFMin"": 1, ""GridSpacingPts"": 140, ""TP_Pips"": 5.5, ""MaxLayers"": 2, ""Ladder"": ""step2"", ""MaxHoldSec"": 1800, ""StopPips"": 21.0, ""MaxBasketRiskPct"": 3.0, ""AddMinSec"": 30, ""Session"": ""lateny_1923"", ""ZEntry"": 2.25, ""ZEmaBars"": 120, ""NewsBeforeMin"": 30, ""NewsAfterMin"": 15, ""NewsCloseMode"": 0, ""DailyLossPct"": 8.0, ""MaxSpreadPts"": 0}"
-92.15802499999978,-4.748337188288698,25.05256467844758,0.0,1.0,78.4197500000022,0.23552423903989836,954.7295155201067,101.0,27.0,178.0,"{""EntryMode"": 1, ""EntryTFMin"": 1, ""GridSpacingPts"": 115, ""TP_Pips"": 5.5, ""MaxLayers"": 2, ""Ladder"": ""step1"", ""MaxHoldSec"": 1800, ""StopPips"": 20.0, ""MaxBasketRiskPct"": 3.0, ""AddMinSec"": 60, ""Session"": ""lateny_1923"", ""ZEntry"": 2.25, ""ZEmaBars"": 120, ""NewsBeforeMin"": 30, ""NewsAfterMin"": 15, ""NewsCloseMode"": 0, ""DailyLossPct"": 8.0, ""MaxSpreadPts"": 0}"
-92.15802499999978,-4.748337188288687,25.052564678447524,0.0,1.0,78.41975000000225,0.23013642965009679,977.9734438893233,105.0,21.0,173.0,"{""EntryMode"": 1, ""EntryTFMin"": 1, ""GridSpacingPts"": 120, ""TP_Pips"": 5.5, ""MaxLayers"": 2, ""Ladder"": ""step2"", ""MaxHoldSec"": 1800, ""StopPips"": 22.0, ""MaxBasketRiskPct"": 3.0, ""AddMinSec"": 15, ""Session"": ""lateny_1923"", ""ZEntry"": 2.25, ""ZEmaBars"": 120, ""NewsBeforeMin"": 30, ""NewsAfterMin"": 15, ""NewsCloseMode"": 0, ""DailyLossPct"": 8.0, ""MaxSpreadPts"": 0}"
-92.16912499999995,-4.775333449113395,25.052639134804323,0.0,1.0,78.30875000000054,0.03848435278429712,529.2244342300626,5.0,12.0,33.0,"{""EntryMode"": 1, ""EntryTFMin"": 1, ""GridSpacingPts"": 100, ""TP_Pips"": 5.0, ""MaxLayers"": 2, ""Ladder"": ""step1"", ""MaxHoldSec"": 1800, ""StopPips"": 22.0, ""MaxBasketRiskPct"": 3.0, ""AddMinSec"": 60, ""Session"": ""ny_1519"", ""ZEntry"": 2.25, ""ZEmaBars"": 120, ""NewsBeforeMin"": 30, ""NewsAfterMin"": 15, ""NewsCloseMode"": 0, ""DailyLossPct"": 8.0, ""MaxSpreadPts"": 0}"
-92.18592499999977,-4.816250934175226,25.052752227582666,0.0,1.0,78.14075000000228,0.120071180687007,1147.9150781797807,70.0,15.0,71.0,"{""EntryMode"": 1, ""EntryTFMin"": 1, ""GridSpacingPts"": 150, ""TP_Pips"": 6.5, ""MaxLayers"": 1, ""Ladder"": ""step2"", ""MaxHoldSec"": 1800, ""StopPips"": 21.0, ""MaxBasketRiskPct"": 3.0, ""AddMinSec"": 60, ""Session"": ""lateny_1923"", ""ZEntry"": 2.25, ""ZEmaBars"": 120, ""NewsBeforeMin"": 30, ""NewsAfterMin"": 15, ""NewsCloseMode"": 0, ""DailyLossPct"": 8.0, ""MaxSpreadPts"": 0}"
-92.18592499999977,-4.816250934175203,25.05275222758258,0.0,1.0,78.14075000000237,0.21166394031363417,1098.8177540010174,118.0,19.0,138.0,"{""EntryMode"": 1, ""EntryTFMin"": 1, ""GridSpacingPts"": 135, ""TP_Pips"": 6.5, ""MaxLayers"": 1, ""Ladder"": ""step1"", ""MaxHoldSec"": 1800, ""StopPips"": 23.0, ""MaxBasketRiskPct"": 3.0, ""AddMinSec"": 60, ""Session"": ""lateny_1923"", ""ZEntry"": 2.25, ""ZEmaBars"": 120, ""NewsBeforeMin"": 30, ""NewsAfterMin"": 15, ""NewsCloseMode"": 0, ""DailyLossPct"": 8.0, ""MaxSpreadPts"": 0}"
-92.18592499999977,-4.816250934175203,25.05275222758258,0.0,1.0,78.14075000000237,0.21166394031363417,1098.8177540010174,118.0,19.0,138.0,"{""EntryMode"": 1, ""EntryTFMin"": 1, ""GridSpacingPts"": 125, ""TP_Pips"": 6.5, ""MaxLayers"": 1, ""Ladder"": ""step2"", ""MaxHoldSec"": 1800, ""StopPips"": 23.0, ""MaxBasketRiskPct"": 3.0, ""AddMinSec"": 15, ""Session"": ""lateny_1923"", ""ZEntry"": 2.25, ""ZEmaBars"": 120, ""NewsBeforeMin"": 30, ""NewsAfterMin"": 15, ""NewsCloseMode"": 0, ""DailyLossPct"": 8.0, ""MaxSpreadPts"": 0}"
-92.18592499999977,-4.816250934175203,25.05275222758258,0.0,1.0,78.14075000000237,0.21166394031363417,1098.8177540010174,118.0,19.0,138.0,"{""EntryMode"": 1, ""EntryTFMin"": 1, ""GridSpacingPts"": 130, ""TP_Pips"": 6.5, ""MaxLayers"": 2, ""Ladder"": ""step1"", ""MaxHoldSec"": 1800, ""StopPips"": 23.0, ""MaxBasketRiskPct"": 3.0, ""AddMinSec"": 60, ""Session"": ""lateny_1923"", ""ZEntry"": 2.25, ""ZEmaBars"": 120, ""NewsBeforeMin"": 30, ""NewsAfterMin"": 15, ""NewsCloseMode"": 0, ""DailyLossPct"": 8.0, ""MaxSpreadPts"": 0}"
-92.1871249999999,-4.819176303368589,25.05276032423623,0.0,1.0,78.12875000000103,0.04156310100704089,483.0427418330618,5.0,13.0,36.0,"{""EntryMode"": 1, ""EntryTFMin"": 1, ""GridSpacingPts"": 110, ""TP_Pips"": 4.5, ""MaxLayers"": 1, ""Ladder"": ""step1"", ""MaxHoldSec"": 1800, ""StopPips"": 22.0, ""MaxBasketRiskPct"": 3.0, ""AddMinSec"": 60, ""Session"": ""ny_1519"", ""ZEntry"": 2.25, ""ZEmaBars"": 120, ""NewsBeforeMin"": 30, ""NewsAfterMin"": 15, ""NewsCloseMode"": 0, ""DailyLossPct"": 8.0, ""MaxSpreadPts"": 0}"
-92.19334999999978,-4.834357426568436,25.05280236554575,0.0,1.0,78.06650000000212,0.21859112381480764,1044.9727230441185,112.0,20.0,152.0,"{""EntryMode"": 1, ""EntryTFMin"": 1, ""GridSpacingPts"": 25, ""TP_Pips"": 6.0, ""MaxLayers"": 2, ""Ladder"": ""step1"", ""MaxHoldSec"": 1800, ""StopPips"": 22.0, ""MaxBasketRiskPct"": 3.0, ""AddMinSec"": 60, ""Session"": ""lateny_1923"", ""ZEntry"": 2.25, ""ZEmaBars"": 120, ""NewsBeforeMin"": 30, ""NewsAfterMin"": 15, ""NewsCloseMode"": 0, ""DailyLossPct"": 8.0, ""MaxSpreadPts"": 0}"
-92.19334999999978,-4.834357426568436,25.05280236554575,0.0,1.0,78.06650000000212,0.21859112381480764,1044.9727230441185,112.0,20.0,152.0,"{""EntryMode"": 1, ""EntryTFMin"": 1, ""GridSpacingPts"": 110, ""TP_Pips"": 6.0, ""MaxLayers"": 2, ""Ladder"": ""step1"", ""MaxHoldSec"": 1800, ""StopPips"": 22.0, ""MaxBasketRiskPct"": 3.0, ""AddMinSec"": 0, ""Session"": ""lateny_1923"", ""ZEntry"": 2.25, ""ZEmaBars"": 120, ""NewsBeforeMin"": 30, ""NewsAfterMin"": 15, ""NewsCloseMode"": 0, ""DailyLossPct"": 8.0, ""MaxSpreadPts"": 0}"
-92.19334999999982,-4.834357426568525,25.052802365546107,0.0,1.0,78.06650000000175,0.2216698720375514,1029.725667324795,110.0,23.0,155.0,"{""EntryMode"": 1, ""EntryTFMin"": 1, ""GridSpacingPts"": 60, ""TP_Pips"": 6.0, ""MaxLayers"": 2, ""Ladder"": ""step1"", ""MaxHoldSec"": 1800, ""StopPips"": 21.0, ""MaxBasketRiskPct"": 3.0, ""AddMinSec"": 60, ""Session"": ""lateny_1923"", ""ZEntry"": 2.25, ""ZEmaBars"": 120, ""NewsBeforeMin"": 30, ""NewsAfterMin"": 15, ""NewsCloseMode"": 0, ""DailyLossPct"": 8.0, ""MaxSpreadPts"": 0}"
-92.19402499999975,-4.8360041542948595,25.05280692826887,0.0,1.0,78.05975000000238,0.21012456620226228,1130.107481529713,125.0,22.0,126.0,"{""EntryMode"": 1, ""EntryTFMin"": 1, ""GridSpacingPts"": 125, ""TP_Pips"": 7.0, ""MaxLayers"": 3, ""Ladder"": ""step2"", ""MaxHoldSec"": 1800, ""StopPips"": 22.0, ""MaxBasketRiskPct"": 3.0, ""AddMinSec"": 15, ""Session"": ""lateny_1923"", ""ZEntry"": 2.25, ""ZEmaBars"": 120, ""NewsBeforeMin"": 30, ""NewsAfterMin"": 15, ""NewsCloseMode"": 0, ""DailyLossPct"": 8.0, ""MaxSpreadPts"": 0}"
-92.21052499999973,-4.876292964609263,25.052918707243883,0.0,1.0,77.89475000000263,0.22628799437166705,923.4097707316272,92.0,20.0,182.0,"{""EntryMode"": 1, ""EntryTFMin"": 1, ""GridSpacingPts"": 15, ""TP_Pips"": 5.0, ""MaxLayers"": 2, ""Ladder"": ""step1"", ""MaxHoldSec"": 1800, ""StopPips"": 22.0, ""MaxBasketRiskPct"": 3.0, ""AddMinSec"": 60, ""Session"": ""lateny_1923"", ""ZEntry"": 2.25, ""ZEmaBars"": 120, ""NewsBeforeMin"": 30, ""NewsAfterMin"": 15, ""NewsCloseMode"": 0, ""DailyLossPct"": 8.0, ""MaxSpreadPts"": 0}"
-92.21052499999973,-4.876292964609263,25.052918707243883,0.0,1.0,77.89475000000263,0.22628799437166705,923.4097707316272,92.0,20.0,182.0,"{""EntryMode"": 1, ""EntryTFMin"": 1, ""GridSpacingPts"": 145, ""TP_Pips"": 5.0, ""MaxLayers"": 3, ""Ladder"": ""step2"", ""MaxHoldSec"": 1800, ""StopPips"": 22.0, ""MaxBasketRiskPct"": 3.0, ""AddMinSec"": 30, ""Session"": ""lateny_1923"", ""ZEntry"": 2.25, ""ZEmaBars"": 120, ""NewsBeforeMin"": 30, ""NewsAfterMin"": 15, ""NewsCloseMode"": 0, ""DailyLossPct"": 8.0, ""MaxSpreadPts"": 0}"
-92.21052499999975,-4.876292964609286,25.052918707243975,0.0,1.0,77.89475000000253,0.2216698720375514,912.6986433510561,88.0,20.0,180.0,"{""EntryMode"": 1, ""EntryTFMin"": 1, ""GridSpacingPts"": 120, ""TP_Pips"": 5.0, ""MaxLayers"": 2, ""Ladder"": ""step1"", ""MaxHoldSec"": 1800, ""StopPips"": 22.0, ""MaxBasketRiskPct"": 3.0, ""AddMinSec"": 60, ""Session"": ""lateny_1923"", ""ZEntry"": 2.25, ""ZEmaBars"": 120, ""NewsBeforeMin"": 60, ""NewsAfterMin"": 15, ""NewsCloseMode"": 0, ""DailyLossPct"": 8.0, ""MaxSpreadPts"": 0}"
-92.21052499999975,-4.876292964609286,25.052918707243975,0.0,1.0,77.89475000000253,0.2216698720375514,912.6986433510561,88.0,20.0,180.0,"{""EntryMode"": 1, ""EntryTFMin"": 1, ""GridSpacingPts"": 140, ""TP_Pips"": 5.0, ""MaxLayers"": 1, ""Ladder"": ""step2"", ""MaxHoldSec"": 1800, ""StopPips"": 22.0, ""MaxBasketRiskPct"": 3.0, ""AddMinSec"": 60, ""Session"": ""lateny_1923"", ""ZEntry"": 2.25, ""ZEmaBars"": 120, ""NewsBeforeMin"": 60, ""NewsAfterMin"": 15, ""NewsCloseMode"": 0, ""DailyLossPct"": 8.0, ""MaxSpreadPts"": 0}"
-92.21052499999976,-4.876292964609307,25.05291870724409,0.0,1.0,77.89475000000242,0.21397300148069198,885.1183989093413,84.0,16.0,178.0,"{""EntryMode"": 1, ""EntryTFMin"": 1, ""GridSpacingPts"": 150, ""TP_Pips"": 5.0, ""MaxLayers"": 2, ""Ladder"": ""step2"", ""MaxHoldSec"": 1800, ""StopPips"": 22.0, ""MaxBasketRiskPct"": 3.0, ""AddMinSec"": 30, ""Session"": ""lateny_1923"", ""ZEntry"": 2.25, ""ZEmaBars"": 120, ""NewsBeforeMin"": 30, ""NewsAfterMin"": 15, ""NewsCloseMode"": 0, ""DailyLossPct"": 3.0, ""MaxSpreadPts"": 0}"
-92.21052499999976,-4.876292964609319,25.0529187072441,0.0,1.0,77.8947500000024,0.23013642965009679,907.2871320130268,90.0,24.0,185.0,"{""EntryMode"": 1, ""EntryTFMin"": 1, ""GridSpacingPts"": 120, ""TP_Pips"": 5.0, ""MaxLayers"": 1, ""Ladder"": ""step1"", ""MaxHoldSec"": 1800, ""StopPips"": 20.0, ""MaxBasketRiskPct"": 3.0, ""AddMinSec"": 60, ""Session"": ""lateny_1923"", ""ZEntry"": 2.25, ""ZEmaBars"": 120, ""NewsBeforeMin"": 30, ""NewsAfterMin"": 15, ""NewsCloseMode"": 0, ""DailyLossPct"": 8.0, ""MaxSpreadPts"": 0}"
-92.24607499999975,-4.963329555143581,25.053161155626828,0.0,1.0,77.53925000000255,0.17317958752933704,782.5048527203155,50.0,18.0,157.0,"{""EntryMode"": 1, ""EntryTFMin"": 1, ""GridSpacingPts"": 110, ""TP_Pips"": 4.0, ""MaxLayers"": 2, ""Ladder"": ""step1"", ""MaxHoldSec"": 1800, ""StopPips"": 21.0, ""MaxBasketRiskPct"": 3.0, ""AddMinSec"": 60, ""Session"": ""lateny_1923"", ""ZEntry"": 2.25, ""ZEmaBars"": 120, ""NewsBeforeMin"": 30, ""NewsAfterMin"": 15, ""NewsCloseMode"": 0, ""DailyLossPct"": 8.0, ""MaxSpreadPts"": 0}"
-92.28064999999965,-5.048285782707951,25.053399095127922,0.0,1.0,77.19350000000352,0.1616342816940479,997.9204138113017,75.0,25.0,110.0,"{""EntryMode"": 1, ""EntryTFMin"": 1, ""GridSpacingPts"": 135, ""TP_Pips"": 6.5, ""MaxLayers"": 1, ""Ladder"": ""step1"", ""MaxHoldSec"": 1800, ""StopPips"": 20.0, ""MaxBasketRiskPct"": 3.0, ""AddMinSec"": 60, ""Session"": ""lateny_1923"", ""ZEntry"": 2.5, ""ZEmaBars"": 120, ""NewsBeforeMin"": 30, ""NewsAfterMin"": 15, ""NewsCloseMode"": 0, ""DailyLossPct"": 8.0, ""MaxSpreadPts"": 0}"
-92.28064999999965,-5.048285782707973,25.053399095127986,0.0,1.0,77.19350000000345,0.15855553347130413,1007.9462674091749,75.0,23.0,108.0,"{""EntryMode"": 1, ""EntryTFMin"": 1, ""GridSpacingPts"": 120, ""TP_Pips"": 6.5, ""MaxLayers"": 1, ""Ladder"": ""step1"", ""MaxHoldSec"": 1800, ""StopPips"": 21.0, ""MaxBasketRiskPct"": 3.0, ""AddMinSec"": 60, ""Session"": ""lateny_1923"", ""ZEntry"": 2.5, ""ZEmaBars"": 120, ""NewsBeforeMin"": 30, ""NewsAfterMin"": 15, ""NewsCloseMode"": 0, ""DailyLossPct"": 8.0, ""MaxSpreadPts"": 0}"
-92.34784999999981,-5.214281250640673,25.053867700926265,0.0,1.0,76.52150000000196,0.08235651495839584,782.0715135670544,77.0,8.0,22.0,"{""EntryMode"": 1, ""EntryTFMin"": 5, ""GridSpacingPts"": 20, ""TP_Pips"": 10.0, ""MaxLayers"": 3, ""Ladder"": ""step1"", ""MaxHoldSec"": 900, ""StopPips"": 24.0, ""MaxBasketRiskPct"": 5.0, ""AddMinSec"": 0, ""Session"": ""lateny_1923"", ""ZEntry"": 2.25, ""ZEmaBars"": 90, ""NewsBeforeMin"": 30, ""NewsAfterMin"": 60, ""NewsCloseMode"": 2, ""DailyLossPct"": 8.0, ""MaxSpreadPts"": 10}"
-92.35287499999998,-5.226740650379169,25.053903072475208,0.0,1.0,76.47125000000023,0.043872162174098714,713.0571255366008,37.0,18.0,2.0,"{""EntryMode"": 1, ""EntryTFMin"": 1, ""GridSpacingPts"": 40, ""TP_Pips"": 11.5, ""MaxLayers"": 5, ""Ladder"": ""step1"", ""MaxHoldSec"": 900, ""StopPips"": 11.0, ""MaxBasketRiskPct"": 3.0, ""AddMinSec"": 0, ""Session"": ""london_1013"", ""ZEntry"": 2.5, ""ZEmaBars"": 60, ""NewsBeforeMin"": 30, ""NewsAfterMin"": 60, ""NewsCloseMode"": 2, ""DailyLossPct"": 5.0, ""MaxSpreadPts"": 10}"
-92.35812499999984,-5.239764930841339,25.053940077477428,0.0,1.0,76.4187500000015,0.04618122334115654,651.0661733765755,36.0,20.0,4.0,"{""EntryMode"": 1, ""EntryTFMin"": 1, ""GridSpacingPts"": 35, ""TP_Pips"": 11.0, ""MaxLayers"": 4, ""Ladder"": ""step1"", ""MaxHoldSec"": 900, ""StopPips"": 10.0, ""MaxBasketRiskPct"": 3.0, ""AddMinSec"": 0, ""Session"": ""london_1013"", ""ZEntry"": 2.75, ""ZEmaBars"": 60, ""NewsBeforeMin"": 30, ""NewsAfterMin"": 60, ""NewsCloseMode"": 2, ""DailyLossPct"": 5.0, ""MaxSpreadPts"": 10}"
-92.36929249579156,-5.267493247330856,25.229459563877953,0.0,1.0,76.30707504208443,0.10159869135054439,264.67570097429046,101.0,13.0,18.0,"{""EntryMode"": 1, ""EntryTFMin"": 1, ""GridSpacingPts"": 95, ""TP_Pips"": 9.0, ""MaxLayers"": 5, ""Ladder"": ""step2"", ""MaxHoldSec"": 300, ""StopPips"": 13.0, ""MaxBasketRiskPct"": 5.0, ""AddMinSec"": 60, ""Session"": ""london_1013"", ""ZEntry"": 1.25, ""ZEmaBars"": 90, ""NewsBeforeMin"": 15, ""NewsAfterMin"": 15, ""NewsCloseMode"": 0, ""DailyLossPct"": 5.0, ""MaxSpreadPts"": 0}"
-92.37522499999966,-5.282236553605946,25.054060961105325,0.0,1.0,76.24775000000335,0.16625240402816355,912.4316792128418,68.0,21.0,127.0,"{""EntryMode"": 1, ""EntryTFMin"": 1, ""GridSpacingPts"": 130, ""TP_Pips"": 5.5, ""MaxLayers"": 3, ""Ladder"": ""step1"", ""MaxHoldSec"": 1800, ""StopPips"": 21.0, ""MaxBasketRiskPct"": 3.0, ""AddMinSec"": 60, ""Session"": ""lateny_1923"", ""ZEntry"": 2.5, ""ZEmaBars"": 120, ""NewsBeforeMin"": 30, ""NewsAfterMin"": 15, ""NewsCloseMode"": 0, ""DailyLossPct"": 8.0, ""MaxSpreadPts"": 0}"
-92.37537499999999,-5.282609448648589,25.05406202388566,0.0,1.0,76.24625000000015,0.10544712662897411,295.48606259482244,135.0,1.0,1.0,"{""EntryMode"": 1, ""EntryTFMin"": 5, ""GridSpacingPts"": 105, ""TP_Pips"": 14.0, ""MaxLayers"": 6, ""Ladder"": ""step1"", ""MaxHoldSec"": 300, ""StopPips"": 22.0, ""MaxBasketRiskPct"": 3.0, ""AddMinSec"": 30, ""Session"": ""london_1013"", ""ZEntry"": 1.25, ""ZEmaBars"": 60, ""NewsBeforeMin"": 30, ""NewsAfterMin"": 60, ""NewsCloseMode"": 2, ""DailyLossPct"": 5.0, ""MaxSpreadPts"": 10}"
-92.382125,-5.299395802043804,25.05410989227208,0.0,1.0,76.17875000000005,0.04695091039684249,643.7640174319667,36.0,21.0,4.0,"{""EntryMode"": 1, ""EntryTFMin"": 1, ""GridSpacingPts"": 25, ""TP_Pips"": 10.5, ""MaxLayers"": 6, ""Ladder"": ""step1"", ""MaxHoldSec"": 900, ""StopPips"": 10.0, ""MaxBasketRiskPct"": 3.0, ""AddMinSec"": 0, ""Session"": ""london_1013"", ""ZEntry"": 2.75, ""ZEmaBars"": 60, ""NewsBeforeMin"": 30, ""NewsAfterMin"": 60, ""NewsCloseMode"": 2, ""DailyLossPct"": 5.0, ""MaxSpreadPts"": 10}"
-92.38262499999999,-5.300639708847998,25.16210640074655,0.0,1.0,76.17375000000004,0.017702802280776676,667.0587075816261,15.0,6.0,2.0,"{""EntryMode"": 1, ""EntryTFMin"": 1, ""GridSpacingPts"": 35, ""TP_Pips"": 11.0, ""MaxLayers"": 5, ""Ladder"": ""step1"", ""MaxHoldSec"": 900, ""StopPips"": 14.0, ""MaxBasketRiskPct"": 5.0, ""AddMinSec"": 0, ""Session"": ""london_1013"", ""ZEntry"": 2.5, ""ZEmaBars"": 60, ""NewsBeforeMin"": 30, ""NewsAfterMin"": 60, ""NewsCloseMode"": 2, ""DailyLossPct"": 5.0, ""MaxSpreadPts"": 10}"
-92.41399999999916,-5.378825812553267,25.0654417938385,0.0,1.0,75.86000000000841,0.10544712662897411,51.01278204848803,109.0,28.0,0.0,"{""EntryMode"": 1, ""EntryTFMin"": 5, ""GridSpacingPts"": 45, ""TP_Pips"": 11.5, ""MaxLayers"": 6, ""Ladder"": ""step1"", ""MaxHoldSec"": 60, ""StopPips"": 5.0, ""MaxBasketRiskPct"": 1.0, ""AddMinSec"": 60, ""Session"": ""ny_1519"", ""ZEntry"": 1.5, ""ZEmaBars"": 60, ""NewsBeforeMin"": 60, ""NewsAfterMin"": 30, ""NewsCloseMode"": 0, ""DailyLossPct"": 3.0, ""MaxSpreadPts"": 0}"
-92.42612975999891,-5.4091223599491585,25.0453235160144,0.0,1.0,75.7387024000109,0.19319145097717155,420.28248365689063,21.0,17.0,213.0,"{""EntryMode"": 1, ""EntryTFMin"": 1, ""GridSpacingPts"": 115, ""TP_Pips"": 2.5, ""MaxLayers"": 1, ""Ladder"": ""step1"", ""MaxHoldSec"": 1800, ""StopPips"": 22.0, ""MaxBasketRiskPct"": 3.0, ""AddMinSec"": 60, ""Session"": ""allday_0123"", ""ZEntry"": 2.25, ""ZEmaBars"": 120, ""NewsBeforeMin"": 30, ""NewsAfterMin"": 15, ""NewsCloseMode"": 0, ""DailyLossPct"": 8.0, ""MaxSpreadPts"": 0}"
-92.42787499999996,-5.413484645708344,25.054436581382788,0.0,1.0,75.72125000000041,0.2232092461489233,280.13544770244033,254.0,28.0,8.0,"{""EntryMode"": 1, ""EntryTFMin"": 1, ""GridSpacingPts"": 130, ""TP_Pips"": 11.5, ""MaxLayers"": 1, ""Ladder"": ""step1"", ""MaxHoldSec"": 300, ""StopPips"": 10.0, ""MaxBasketRiskPct"": 5.0, ""AddMinSec"": 30, ""Session"": ""allday_0123"", ""ZEntry"": 1.75, ""ZEmaBars"": 90, ""NewsBeforeMin"": 30, ""NewsAfterMin"": 30, ""NewsCloseMode"": 2, ""DailyLossPct"": 5.0, ""MaxSpreadPts"": 0}"
-92.45044899999905,-5.469981716514161,25.040450776936225,0.0,1.0,75.49551000000946,0.15855553347130413,305.0763844105993,193.0,1.0,12.0,"{""EntryMode"": 0, ""EntryTFMin"": 1, ""GridSpacingPts"": 135, ""TP_Pips"": 9.0, ""MaxLayers"": 2, ""Ladder"": ""step2"", ""MaxHoldSec"": 300, ""StopPips"": 20.0, ""MaxBasketRiskPct"": 5.0, ""AddMinSec"": 30, ""Session"": ""allday_0123"", ""ZEntry"": 3.0, ""ZEmaBars"": 120, ""NewsBeforeMin"": 30, ""NewsAfterMin"": 30, ""NewsCloseMode"": 0, ""DailyLossPct"": 3.0, ""MaxSpreadPts"": 10}"
-92.4523,-5.474620297659749,25.163599587530744,0.0,1.0,75.47700000000012,0.015393741113718848,1128.1617610645292,12.0,8.0,0.0,"{""EntryMode"": 1, ""EntryTFMin"": 1, ""GridSpacingPts"": 30, ""TP_Pips"": 14.5, ""MaxLayers"": 3, ""Ladder"": ""flat"", ""MaxHoldSec"": 1800, ""StopPips"": 14.0, ""MaxBasketRiskPct"": 5.0, ""AddMinSec"": 60, ""Session"": ""asia_0309"", ""ZEntry"": 2.25, ""ZEmaBars"": 30, ""NewsBeforeMin"": 15, ""NewsAfterMin"": 15, ""NewsCloseMode"": 0, ""DailyLossPct"": 5.0, ""MaxSpreadPts"": 0}"
-92.457125,-5.486715961632771,25.05464752347364,0.0,1.0,75.42874999999995,0.05926590328781756,702.3988749097894,51.0,21.0,5.0,"{""EntryMode"": 1, ""EntryTFMin"": 1, ""GridSpacingPts"": 40, ""TP_Pips"": 10.5, ""MaxLayers"": 3, ""Ladder"": ""step1"", ""MaxHoldSec"": 900, ""StopPips"": 12.0, ""MaxBasketRiskPct"": 3.0, ""AddMinSec"": 0, ""Session"": ""london_1013"", ""ZEntry"": 2.5, ""ZEmaBars"": 60, ""NewsBeforeMin"": 30, ""NewsAfterMin"": 60, ""NewsCloseMode"": 0, ""DailyLossPct"": 5.0, ""MaxSpreadPts"": 10}"
-92.47414999999998,-5.529444987177435,25.054771056982112,0.0,1.0,75.25850000000013,0.1269983641881805,724.7215689559315,40.0,2.0,123.0,"{""EntryMode"": 0, ""EntryTFMin"": 1, ""GridSpacingPts"": 90, ""TP_Pips"": 1.5, ""MaxLayers"": 2, ""Ladder"": ""step1"", ""MaxHoldSec"": 1800, ""StopPips"": 19.0, ""MaxBasketRiskPct"": 3.0, ""AddMinSec"": 60, ""Session"": ""asia_0309"", ""ZEntry"": 1.0, ""ZEmaBars"": 60, ""NewsBeforeMin"": 60, ""NewsAfterMin"": 30, ""NewsCloseMode"": 2, ""DailyLossPct"": 5.0, ""MaxSpreadPts"": 10}"
-92.475875,-5.533778672315092,25.054783604761276,0.0,1.0,75.24124999999997,0.07773839262428019,734.3357788072183,65.0,26.0,10.0,"{""EntryMode"": 1, ""EntryTFMin"": 1, ""GridSpacingPts"": 40, ""TP_Pips"": 10.5, ""MaxLayers"": 4, ""Ladder"": ""step1"", ""MaxHoldSec"": 900, ""StopPips"": 12.0, ""MaxBasketRiskPct"": 3.0, ""AddMinSec"": 0, ""Session"": ""london_1013"", ""ZEntry"": 2.25, ""ZEmaBars"": 60, ""NewsBeforeMin"": 30, ""NewsAfterMin"": 60, ""NewsCloseMode"": 2, ""DailyLossPct"": 5.0, ""MaxSpreadPts"": 10}"
-92.47587500000002,-5.533778672315115,25.05478360476136,0.0,1.0,75.24124999999988,0.06850214795604888,491.7560794301655,30.0,52.0,7.0,"{""EntryMode"": 1, ""EntryTFMin"": 5, ""GridSpacingPts"": 90, ""TP_Pips"": 11.0, ""MaxLayers"": 5, ""Ladder"": ""flat"", ""MaxHoldSec"": 900, ""StopPips"": 6.0, ""MaxBasketRiskPct"": 5.0, ""AddMinSec"": 30, ""Session"": ""london_1013"", ""ZEntry"": 2.75, ""ZEmaBars"": 120, ""NewsBeforeMin"": 30, ""NewsAfterMin"": 15, ""NewsCloseMode"": 2, ""DailyLossPct"": 8.0, ""MaxSpreadPts"": 0}"
-92.47587500000002,-5.533778672315115,25.05478360476136,0.0,1.0,75.24124999999988,0.06619308678899105,755.1261584864723,61.0,21.0,4.0,"{""EntryMode"": 1, ""EntryTFMin"": 1, ""GridSpacingPts"": 20, ""TP_Pips"": 11.5, ""MaxLayers"": 5, ""Ladder"": ""step1"", ""MaxHoldSec"": 900, ""StopPips"": 12.0, ""MaxBasketRiskPct"": 3.0, ""AddMinSec"": 0, ""Session"": ""london_1013"", ""ZEntry"": 2.75, ""ZEmaBars"": 90, ""NewsBeforeMin"": 30, ""NewsAfterMin"": 60, ""NewsCloseMode"": 2, ""DailyLossPct"": 5.0, ""MaxSpreadPts"": 10}"
-92.47587500000003,-5.533778672315148,25.05478360476149,0.0,1.0,75.24124999999975,0.033866230450181466,721.1136189876718,30.0,13.0,1.0,"{""EntryMode"": 1, ""EntryTFMin"": 1, ""GridSpacingPts"": 30, ""TP_Pips"": 12.0, ""MaxLayers"": 3, ""Ladder"": ""step1"", ""MaxHoldSec"": 900, ""StopPips"": 16.0, ""MaxBasketRiskPct"": 3.0, ""AddMinSec"": 0, ""Session"": ""london_1013"", ""ZEntry"": 2.5, ""ZEmaBars"": 60, ""NewsBeforeMin"": 30, ""NewsAfterMin"": 60, ""NewsCloseMode"": 2, ""DailyLossPct"": 5.0, ""MaxSpreadPts"": 10}"
-92.48085613959834,-5.546297158208668,25.164219544197834,0.0,1.0,75.19143860401655,0.010775618779603193,932.1120412349702,7.0,7.0,0.0,"{""EntryMode"": 1, ""EntryTFMin"": 1, ""GridSpacingPts"": 10, ""TP_Pips"": 14.0, ""MaxLayers"": 5, ""Ladder"": ""flat"", ""MaxHoldSec"": 1800, ""StopPips"": 11.0, ""MaxBasketRiskPct"": 5.0, ""AddMinSec"": 60, ""Session"": ""asia_0309"", ""ZEntry"": 2.25, ""ZEmaBars"": 30, ""NewsBeforeMin"": 15, ""NewsAfterMin"": 15, ""NewsCloseMode"": 0, ""DailyLossPct"": 5.0, ""MaxSpreadPts"": 0}"
-92.48142499999999,-5.547727227133114,25.054824014912118,0.0,1.0,75.18575000000018,0.1216105547983789,27.801588539807305,133.0,25.0,0.0,"{""EntryMode"": 1, ""EntryTFMin"": 1, ""GridSpacingPts"": 15, ""TP_Pips"": 14.0, ""MaxLayers"": 1, ""Ladder"": ""flat"", ""MaxHoldSec"": 30, ""StopPips"": 4.0, ""MaxBasketRiskPct"": 3.0, ""AddMinSec"": 15, ""Session"": ""lateny_1923"", ""ZEntry"": 1.75, ""ZEmaBars"": 30, ""NewsBeforeMin"": 15, ""NewsAfterMin"": 60, ""NewsCloseMode"": 0, ""DailyLossPct"": 3.0, ""MaxSpreadPts"": 0}"
-92.48687499999993,-5.561432473609306,25.164350814282916,0.0,1.0,75.13125000000072,0.016933115225090733,477.8171038130918,7.0,12.0,3.0,"{""EntryMode"": 1, ""EntryTFMin"": 1, ""GridSpacingPts"": 35, ""TP_Pips"": 10.5, ""MaxLayers"": 5, ""Ladder"": ""step1"", ""MaxHoldSec"": 900, ""StopPips"": 8.0, ""MaxBasketRiskPct"": 3.0, ""AddMinSec"": 0, ""Session"": ""london_1013"", ""ZEntry"": 2.5, ""ZEmaBars"": 60, ""NewsBeforeMin"": 30, ""NewsAfterMin"": 60, ""NewsCloseMode"": 2, ""DailyLossPct"": 5.0, ""MaxSpreadPts"": 10}"
-92.49102578227068,-5.571875881514588,25.021226407623885,0.0,1.0,75.08974217729319,0.07004152206742076,289.4044858384132,88.0,1.0,2.0,"{""EntryMode"": 0, ""EntryTFMin"": 1, ""GridSpacingPts"": 25, ""TP_Pips"": 12.0, ""MaxLayers"": 3, ""Ladder"": ""step2"", ""MaxHoldSec"": 300, ""StopPips"": 13.0, ""MaxBasketRiskPct"": 5.0, ""AddMinSec"": 30, ""Session"": ""allday_0123"", ""ZEntry"": 1.5, ""ZEmaBars"": 60, ""NewsBeforeMin"": 15, ""NewsAfterMin"": 60, ""NewsCloseMode"": 2, ""DailyLossPct"": 5.0, ""MaxSpreadPts"": 0}"
-92.49282499999987,-5.576404165173154,25.05490720682043,0.0,1.0,75.07175000000127,0.14624054058032906,229.2275148361765,119.0,71.0,0.0,"{""EntryMode"": 1, ""EntryTFMin"": 5, ""GridSpacingPts"": 60, ""TP_Pips"": 8.5, ""MaxLayers"": 5, ""Ladder"": ""flat"", ""MaxHoldSec"": 300, ""StopPips"": 3.0, ""MaxBasketRiskPct"": 5.0, ""AddMinSec"": 0, ""Session"": ""asia_0309"", ""ZEntry"": 1.75, ""ZEmaBars"": 120, ""NewsBeforeMin"": 60, ""NewsAfterMin"": 60, ""NewsCloseMode"": 2, ""DailyLossPct"": 5.0, ""MaxSpreadPts"": 0}"
-92.49282499999997,-5.576404165173388,25.054907206820552,0.0,1.0,75.07175000000034,0.1416224182462134,116.75267181088847,171.0,12.0,1.0,"{""EntryMode"": 1, ""EntryTFMin"": 1, ""GridSpacingPts"": 15, ""TP_Pips"": 11.5, ""MaxLayers"": 1, ""Ladder"": ""step2"", ""MaxHoldSec"": 120, ""StopPips"": 8.0, ""MaxBasketRiskPct"": 2.0, ""AddMinSec"": 0, ""Session"": ""lateny_1923"", ""ZEntry"": 2.25, ""ZEmaBars"": 90, ""NewsBeforeMin"": 30, ""NewsAfterMin"": 30, ""NewsCloseMode"": 2, ""DailyLossPct"": 3.0, ""MaxSpreadPts"": 0}"
-92.49837499999998,-5.590377914766398,25.054947799590288,0.0,1.0,75.01625000000018,0.1254589900768086,285.605336323017,146.0,17.0,0.0,"{""EntryMode"": 1, ""EntryTFMin"": 5, ""GridSpacingPts"": 150, ""TP_Pips"": 14.5, ""MaxLayers"": 2, ""Ladder"": ""step1"", ""MaxHoldSec"": 300, ""StopPips"": 8.0, ""MaxBasketRiskPct"": 5.0, ""AddMinSec"": 15, ""Session"": ""asia_0109"", ""ZEntry"": 1.25, ""ZEmaBars"": 60, ""NewsBeforeMin"": 60, ""NewsAfterMin"": 30, ""NewsCloseMode"": 2, ""DailyLossPct"": 5.0, ""MaxSpreadPts"": 0}"
-92.50129999999606,-5.597745786306307,25.012999999960584,0.0,1.0,74.98700000003942,0.12776805124386645,113.44660007551816,156.0,5.0,5.0,"{""EntryMode"": 0, ""EntryTFMin"": 1, ""GridSpacingPts"": 135, ""TP_Pips"": 11.5, ""MaxLayers"": 6, ""Ladder"": ""step1"", ""MaxHoldSec"": 120, ""StopPips"": 14.0, ""MaxBasketRiskPct"": 2.0, ""AddMinSec"": 15, ""Session"": ""lateny_1923"", ""ZEntry"": 2.25, ""ZEmaBars"": 30, ""NewsBeforeMin"": 60, ""NewsAfterMin"": 60, ""NewsCloseMode"": 2, ""DailyLossPct"": 3.0, ""MaxSpreadPts"": 0}"
-92.50170435399801,-5.59876450676594,25.177911031263424,0.0,1.0,74.98295646001986,0.13854367002346962,1536.174540913353,141.0,3.0,36.0,"{""EntryMode"": 0, ""EntryTFMin"": 5, ""GridSpacingPts"": 145, ""TP_Pips"": 8.0, ""MaxLayers"": 6, ""Ladder"": ""flat"", ""MaxHoldSec"": 1800, ""StopPips"": 19.0, ""MaxBasketRiskPct"": 5.0, ""AddMinSec"": 15, ""Session"": ""asia_0309"", ""ZEntry"": 3.0, ""ZEmaBars"": 90, ""NewsBeforeMin"": 60, ""NewsAfterMin"": 60, ""NewsCloseMode"": 2, ""DailyLossPct"": 3.0, ""MaxSpreadPts"": 10}"
-92.50172710230798,-5.5988218196566075,25.059876335297503,0.0,1.0,74.9827289769202,0.13854367002346962,30.096706994989294,178.0,2.0,0.0,"{""EntryMode"": 1, ""EntryTFMin"": 5, ""GridSpacingPts"": 110, ""TP_Pips"": 9.0, ""MaxLayers"": 6, ""Ladder"": ""flat"", ""MaxHoldSec"": 30, ""StopPips"": 9.0, ""MaxBasketRiskPct"": 3.0, ""AddMinSec"": 15, ""Session"": ""asia_0309"", ""ZEntry"": 2.0, ""ZEmaBars"": 60, ""NewsBeforeMin"": 30, ""NewsAfterMin"": 60, ""NewsCloseMode"": 0, ""DailyLossPct"": 3.0, ""MaxSpreadPts"": 0}"
-92.50279553591126,-5.6015138254637105,25.027955359112596,0.0,1.0,74.9720446408874,0.267081408323022,156.26792210706785,119.0,210.0,18.0,"{""EntryMode"": 0, ""EntryTFMin"": 5, ""GridSpacingPts"": 55, ""TP_Pips"": 14.5, ""MaxLayers"": 4, ""Ladder"": ""flat"", ""MaxHoldSec"": 300, ""StopPips"": 3.0, ""MaxBasketRiskPct"": 1.0, ""AddMinSec"": 30, ""Session"": ""ny_1519"", ""ZEntry"": 1.25, ""ZEmaBars"": 90, ""NewsBeforeMin"": 30, ""NewsAfterMin"": 60, ""NewsCloseMode"": 2, ""DailyLossPct"": 3.0, ""MaxSpreadPts"": 10}"
-92.502875,-5.601714053991403,25.054980756735212,0.0,1.0,74.97124999999993,0.12853773829955237,75.7195970189502,88.0,0.0,79.0,"{""EntryMode"": 0, ""EntryTFMin"": 1, ""GridSpacingPts"": 150, ""TP_Pips"": 1.0, ""MaxLayers"": 2, ""Ladder"": ""step1"", ""MaxHoldSec"": 120, ""StopPips"": 22.0, ""MaxBasketRiskPct"": 5.0, ""AddMinSec"": 15, ""Session"": ""ny_1519"", ""ZEntry"": 2.25, ""ZEmaBars"": 90, ""NewsBeforeMin"": 60, ""NewsAfterMin"": 60, ""NewsCloseMode"": 0, ""DailyLossPct"": 8.0, ""MaxSpreadPts"": 0}"
-92.50289999999816,-5.601777047738599,25.028999999981576,0.0,1.0,74.97100000001842,0.13007711241092426,57.76517817083296,168.0,0.0,1.0,"{""EntryMode"": 0, ""EntryTFMin"": 1, ""GridSpacingPts"": 80, ""TP_Pips"": 6.0, ""MaxLayers"": 1, ""Ladder"": ""step2"", ""MaxHoldSec"": 60, ""StopPips"": 16.0, ""MaxBasketRiskPct"": 5.0, ""AddMinSec"": 0, ""Session"": ""asia_0309"", ""ZEntry"": 2.5, ""ZEmaBars"": 120, ""NewsBeforeMin"": 60, ""NewsAfterMin"": 15, ""NewsCloseMode"": 0, ""DailyLossPct"": 3.0, ""MaxSpreadPts"": 10}"
-92.50409999999769,-5.604800945440713,25.040999999976876,0.0,1.0,74.95900000002312,0.15855553347130413,553.1016042737916,171.0,24.0,11.0,"{""EntryMode"": 0, ""EntryTFMin"": 5, ""GridSpacingPts"": 60, ""TP_Pips"": 9.0, ""MaxLayers"": 1, ""Ladder"": ""step1"", ""MaxHoldSec"": 600, ""StopPips"": 6.0, ""MaxBasketRiskPct"": 1.0, ""AddMinSec"": 30, ""Session"": ""asia_0309"", ""ZEntry"": 2.25, ""ZEmaBars"": 60, ""NewsBeforeMin"": 60, ""NewsAfterMin"": 60, ""NewsCloseMode"": 0, ""DailyLossPct"": 3.0, ""MaxSpreadPts"": 10}"
-92.50499999999799,-5.607069122837782,25.049999999979946,0.0,1.0,74.95000000002005,0.15470709819287443,114.94332719323654,13.0,144.0,44.0,"{""EntryMode"": 1, ""EntryTFMin"": 5, ""GridSpacingPts"": 130, ""TP_Pips"": 4.5, ""MaxLayers"": 3, ""Ladder"": ""flat"", ""MaxHoldSec"": 600, ""StopPips"": 2.0, ""MaxBasketRiskPct"": 5.0, ""AddMinSec"": 15, ""Session"": ""london_1013"", ""ZEntry"": 2.75, ""ZEmaBars"": 120, ""NewsBeforeMin"": 60, ""NewsAfterMin"": 30, ""NewsCloseMode"": 2, ""DailyLossPct"": 3.0, ""MaxSpreadPts"": 0}"
-92.50499999999931,-5.6070691228411125,25.049999999993204,0.0,1.0,74.9500000000068,0.1216105547983789,68.35821751801365,149.0,4.0,5.0,"{""EntryMode"": 0, ""EntryTFMin"": 1, ""GridSpacingPts"": 45, ""TP_Pips"": 8.5, ""MaxLayers"": 3, ""Ladder"": ""flat"", ""MaxHoldSec"": 60, ""StopPips"": 10.0, ""MaxBasketRiskPct"": 2.0, ""AddMinSec"": 15, ""Session"": ""allday_0123"", ""ZEntry"": 3.0, ""ZEmaBars"": 60, ""NewsBeforeMin"": 60, ""NewsAfterMin"": 15, ""NewsCloseMode"": 2, ""DailyLossPct"": 5.0, ""MaxSpreadPts"": 10}"
-92.50549999999997,-5.608329315533933,25.054999999999737,0.0,1.0,74.94500000000026,0.1323861735779821,108.91971971061497,150.0,5.0,17.0,"{""EntryMode"": 1, ""EntryTFMin"": 5, ""GridSpacingPts"": 95, ""TP_Pips"": 4.5, ""MaxLayers"": 5, ""Ladder"": ""flat"", ""MaxHoldSec"": 120, ""StopPips"": 10.0, ""MaxBasketRiskPct"": 2.0, ""AddMinSec"": 15, ""Session"": ""allday_0123"", ""ZEntry"": 1.25, ""ZEmaBars"": 120, ""NewsBeforeMin"": 15, ""NewsAfterMin"": 30, ""NewsCloseMode"": 2, ""DailyLossPct"": 3.0, ""MaxSpreadPts"": 10}"
-92.50549999999998,-5.608329315533933,25.054999999999765,0.0,1.0,74.94500000000023,0.18395520630894022,155.32402822117746,84.0,151.0,4.0,"{""EntryMode"": 0, ""EntryTFMin"": 1, ""GridSpacingPts"": 150, ""TP_Pips"": 15.0, ""MaxLayers"": 1, ""Ladder"": ""step2"", ""MaxHoldSec"": 300, ""StopPips"": 2.0, ""MaxBasketRiskPct"": 5.0, ""AddMinSec"": 60, ""Session"": ""ny_1519"", ""ZEntry"": 1.0, ""ZEmaBars"": 120, ""NewsBeforeMin"": 15, ""NewsAfterMin"": 60, ""NewsCloseMode"": 0, ""DailyLossPct"": 8.0, ""MaxSpreadPts"": 0}"
-92.50549999999998,-5.608329315533966,25.05499999999988,0.0,1.0,74.94500000000012,0.12314992890975078,30.00388889431213,157.0,3.0,0.0,"{""EntryMode"": 1, ""EntryTFMin"": 5, ""GridSpacingPts"": 105, ""TP_Pips"": 7.0, ""MaxLayers"": 1, ""Ladder"": ""step1"", ""MaxHoldSec"": 30, ""StopPips"": 8.0, ""MaxBasketRiskPct"": 5.0, ""AddMinSec"": 0, ""Session"": ""asia_0309"", ""ZEntry"": 1.25, ""ZEmaBars"": 30, ""NewsBeforeMin"": 30, ""NewsAfterMin"": 15, ""NewsCloseMode"": 2, ""DailyLossPct"": 3.0, ""MaxSpreadPts"": 10}"
-92.50549999999998,-5.608329315533966,25.054999999999865,0.0,1.0,74.94500000000014,0.14239210530189933,30.410069695083045,185.0,0.0,0.0,"{""EntryMode"": 1, ""EntryTFMin"": 1, ""GridSpacingPts"": 90, ""TP_Pips"": 12.0, ""MaxLayers"": 1, ""Ladder"": ""step2"", ""MaxHoldSec"": 30, ""StopPips"": 6.0, ""MaxBasketRiskPct"": 2.0, ""AddMinSec"": 60, ""Session"": ""asia_0109"", ""ZEntry"": 1.75, ""ZEmaBars"": 60, ""NewsBeforeMin"": 15, ""NewsAfterMin"": 60, ""NewsCloseMode"": 0, ""DailyLossPct"": 3.0, ""MaxSpreadPts"": 0}"
-92.50549999999998,-5.608329315533956,25.054999999999804,0.0,1.0,74.94500000000019,0.11468337129720542,37.87490357626352,0.0,70.0,79.0,"{""EntryMode"": 1, ""EntryTFMin"": 1, ""GridSpacingPts"": 25, ""TP_Pips"": 2.0, ""MaxLayers"": 6, ""Ladder"": ""step2"", ""MaxHoldSec"": 1800, ""StopPips"": 3.0, ""MaxBasketRiskPct"": 3.0, ""AddMinSec"": 60, ""Session"": ""ny_1519"", ""ZEntry"": 1.5, ""ZEmaBars"": 90, ""NewsBeforeMin"": 30, ""NewsAfterMin"": 15, ""NewsCloseMode"": 2, ""DailyLossPct"": 3.0, ""MaxSpreadPts"": 10}"
-92.5055,-5.608329315533989,25.05499999999995,0.0,1.0,74.94500000000005,0.15239803702581659,27.887060567075984,174.0,0.0,24.0,"{""EntryMode"": 1, ""EntryTFMin"": 1, ""GridSpacingPts"": 65, ""TP_Pips"": 1.5, ""MaxLayers"": 2, ""Ladder"": ""step2"", ""MaxHoldSec"": 30, ""StopPips"": 15.0, ""MaxBasketRiskPct"": 5.0, ""AddMinSec"": 0, ""Session"": ""asia_0109"", ""ZEntry"": 2.25, ""ZEmaBars"": 120, ""NewsBeforeMin"": 15, ""NewsAfterMin"": 60, ""NewsCloseMode"": 0, ""DailyLossPct"": 3.0, ""MaxSpreadPts"": 10}"
-92.5055,-5.608329315534,25.05499999999998,0.0,1.0,74.94500000000002,0.11930149363132107,59.61709937682519,155.0,0.0,0.0,"{""EntryMode"": 1, ""EntryTFMin"": 1, ""GridSpacingPts"": 40, ""TP_Pips"": 10.0, ""MaxLayers"": 4, ""Ladder"": ""step1"", ""MaxHoldSec"": 60, ""StopPips"": 14.0, ""MaxBasketRiskPct"": 3.0, ""AddMinSec"": 0, ""Session"": ""london_1013"", ""ZEntry"": 2.5, ""ZEmaBars"": 60, ""NewsBeforeMin"": 30, ""NewsAfterMin"": 60, ""NewsCloseMode"": 2, ""DailyLossPct"": 5.0, ""MaxSpreadPts"": 10}"
-92.5055,-5.608329315533989,25.054999999999968,0.0,1.0,74.94500000000004,0.21089425325794822,76.15708113926043,134.0,138.0,2.0,"{""EntryMode"": 0, ""EntryTFMin"": 5, ""GridSpacingPts"": 110, ""TP_Pips"": 15.0, ""MaxLayers"": 1, ""Ladder"": ""step1"", ""MaxHoldSec"": 120, ""StopPips"": 2.0, ""MaxBasketRiskPct"": 5.0, ""AddMinSec"": 0, ""Session"": ""london_1013"", ""ZEntry"": 1.0, ""ZEmaBars"": 30, ""NewsBeforeMin"": 15, ""NewsAfterMin"": 30, ""NewsCloseMode"": 0, ""DailyLossPct"": 8.0, ""MaxSpreadPts"": 10}"
-92.5055,-5.608329315534,25.055000000000007,0.0,1.0,74.945,0.05926590328781756,58.78543020803717,77.0,0.0,0.0,"{""EntryMode"": 1, ""EntryTFMin"": 5, ""GridSpacingPts"": 90, ""TP_Pips"": 9.0, ""MaxLayers"": 2, ""Ladder"": ""step1"", ""MaxHoldSec"": 60, ""StopPips"": 30.0, ""MaxBasketRiskPct"": 5.0, ""AddMinSec"": 60, ""Session"": ""london_1013"", ""ZEntry"": 1.75, ""ZEmaBars"": 30, ""NewsBeforeMin"": 30, ""NewsAfterMin"": 60, ""NewsCloseMode"": 2, ""DailyLossPct"": 3.0, ""MaxSpreadPts"": 0}"
-92.5055,-5.608329315534011,25.05500000000003,0.0,1.0,74.94499999999996,0.1362346088564118,761.0774030764023,126.0,6.0,45.0,"{""EntryMode"": 0, ""EntryTFMin"": 5, ""GridSpacingPts"": 85, ""TP_Pips"": 4.0, ""MaxLayers"": 1, ""Ladder"": ""flat"", ""MaxHoldSec"": 900, ""StopPips"": 13.0, ""MaxBasketRiskPct"": 5.0, ""AddMinSec"": 30, ""Session"": ""asia_0109"", ""ZEntry"": 2.75, ""ZEmaBars"": 120, ""NewsBeforeMin"": 15, ""NewsAfterMin"": 30, ""NewsCloseMode"": 0, ""DailyLossPct"": 8.0, ""MaxSpreadPts"": 0}"
-92.5055,-5.608329315534,25.054999999999993,0.0,1.0,74.94500000000001,0.14085273119052746,59.3880043198233,181.0,0.0,2.0,"{""EntryMode"": 1, ""EntryTFMin"": 1, ""GridSpacingPts"": 145, ""TP_Pips"": 7.5, ""MaxLayers"": 5, ""Ladder"": ""step2"", ""MaxHoldSec"": 60, ""StopPips"": 27.0, ""MaxBasketRiskPct"": 5.0, ""AddMinSec"": 0, ""Session"": ""london_1013"", ""ZEntry"": 2.5, ""ZEmaBars"": 120, ""NewsBeforeMin"": 60, ""NewsAfterMin"": 30, ""NewsCloseMode"": 2, ""DailyLossPct"": 8.0, ""MaxSpreadPts"": 10}"
-92.5055,-5.608329315533989,25.05499999999995,0.0,1.0,74.94500000000005,0.12622867713249455,32.02950353677884,61.0,0.0,0.0,"{""EntryMode"": 0, ""EntryTFMin"": 1, ""GridSpacingPts"": 125, ""TP_Pips"": 0.5, ""MaxLayers"": 5, ""Ladder"": ""step1"", ""MaxHoldSec"": 60, ""StopPips"": 27.0, ""MaxBasketRiskPct"": 5.0, ""AddMinSec"": 15, ""Session"": ""london_1013"", ""ZEntry"": 2.0, ""ZEmaBars"": 30, ""NewsBeforeMin"": 60, ""NewsAfterMin"": 30, ""NewsCloseMode"": 2, ""DailyLossPct"": 5.0, ""MaxSpreadPts"": 0}"
-92.5055,-5.608329315534,25.055000000000007,0.0,1.0,74.945,0.05926590328781756,58.78543020803717,77.0,0.0,0.0,"{""EntryMode"": 1, ""EntryTFMin"": 5, ""GridSpacingPts"": 100, ""TP_Pips"": 9.0, ""MaxLayers"": 2, ""Ladder"": ""step1"", ""MaxHoldSec"": 60, ""StopPips"": 25.0, ""MaxBasketRiskPct"": 5.0, ""AddMinSec"": 60, ""Session"": ""london_1013"", ""ZEntry"": 1.75, ""ZEmaBars"": 30, ""NewsBeforeMin"": 30, ""NewsAfterMin"": 60, ""NewsCloseMode"": 2, ""DailyLossPct"": 3.0, ""MaxSpreadPts"": 0}"
-92.50550000000001,-5.6083293155340215,25.055000000000092,0.0,1.0,74.94499999999991,0.14624054058032906,294.90211085624094,184.0,5.0,1.0,"{""EntryMode"": 1, ""EntryTFMin"": 5, ""GridSpacingPts"": 130, ""TP_Pips"": 11.5, ""MaxLayers"": 4, ""Ladder"": ""step2"", ""MaxHoldSec"": 300, ""StopPips"": 12.0, ""MaxBasketRiskPct"": 3.0, ""AddMinSec"": 60, ""Session"": ""asia_0309"", ""ZEntry"": 1.0, ""ZEmaBars"": 60, ""NewsBeforeMin"": 30, ""NewsAfterMin"": 60, ""NewsCloseMode"": 2, ""DailyLossPct"": 5.0, ""MaxSpreadPts"": 10}"
-92.50550000000001,-5.6083293155340215,25.055000000000106,0.0,1.0,74.9449999999999,0.1631736558054198,132.0907169518896,208.0,3.0,1.0,"{""EntryMode"": 1, ""EntryTFMin"": 1, ""GridSpacingPts"": 80, ""TP_Pips"": 9.5, ""MaxLayers"": 1, ""Ladder"": ""step2"", ""MaxHoldSec"": 120, ""StopPips"": 8.0, ""MaxBasketRiskPct"": 5.0, ""AddMinSec"": 15, ""Session"": ""lateny_1923"", ""ZEntry"": 1.0, ""ZEmaBars"": 120, ""NewsBeforeMin"": 15, ""NewsAfterMin"": 15, ""NewsCloseMode"": 0, ""DailyLossPct"": 8.0, ""MaxSpreadPts"": 10}"
-92.50550000000003,-5.608329315534066,25.05500000000025,0.0,1.0,74.94499999999975,0.13931335707915557,30.040166262741923,181.0,0.0,0.0,"{""EntryMode"": 1, ""EntryTFMin"": 1, ""GridSpacingPts"": 125, ""TP_Pips"": 6.5, ""MaxLayers"": 1, ""Ladder"": ""step1"", ""MaxHoldSec"": 30, ""StopPips"": 20.0, ""MaxBasketRiskPct"": 3.0, ""AddMinSec"": 60, ""Session"": ""lateny_1923"", ""ZEntry"": 2.25, ""ZEmaBars"": 120, ""NewsBeforeMin"": 30, ""NewsAfterMin"": 15, ""NewsCloseMode"": 0, ""DailyLossPct"": 8.0, ""MaxSpreadPts"": 0}"
-92.50550000000003,-5.608329315534055,25.055000000000234,0.0,1.0,74.94499999999977,0.13315586063366802,30.155899694596208,171.0,2.0,0.0,"{""EntryMode"": 1, ""EntryTFMin"": 5, ""GridSpacingPts"": 115, ""TP_Pips"": 11.5, ""MaxLayers"": 6, ""Ladder"": ""flat"", ""MaxHoldSec"": 30, ""StopPips"": 9.0, ""MaxBasketRiskPct"": 3.0, ""AddMinSec"": 15, ""Session"": ""asia_0309"", ""ZEntry"": 2.5, ""ZEmaBars"": 120, ""NewsBeforeMin"": 30, ""NewsAfterMin"": 60, ""NewsCloseMode"": 0, ""DailyLossPct"": 3.0, ""MaxSpreadPts"": 0}"
-92.50599999999875,-5.60958957547345,25.059999999987536,0.0,1.0,74.94000000001246,0.11160462307446165,37.6911924505887,2.0,53.0,0.0,"{""EntryMode"": 1, ""EntryTFMin"": 5, ""GridSpacingPts"": 115, ""TP_Pips"": 0.5, ""MaxLayers"": 1, ""Ladder"": ""step1"", ""MaxHoldSec"": 300, ""StopPips"": 3.0, ""MaxBasketRiskPct"": 2.0, ""AddMinSec"": 0, ""Session"": ""london_1013"", ""ZEntry"": 2.5, ""ZEmaBars"": 90, ""NewsBeforeMin"": 15, ""NewsAfterMin"": 15, ""NewsCloseMode"": 0, ""DailyLossPct"": 3.0, ""MaxSpreadPts"": 0}"
-92.50609999999931,-5.609841635534229,25.060999999993044,0.0,1.0,74.93900000000696,0.15239803702581659,113.46972394340176,184.0,0.0,14.0,"{""EntryMode"": 0, ""EntryTFMin"": 5, ""GridSpacingPts"": 25, ""TP_Pips"": 9.0, ""MaxLayers"": 1, ""Ladder"": ""flat"", ""MaxHoldSec"": 120, ""StopPips"": 19.0, ""MaxBasketRiskPct"": 3.0, ""AddMinSec"": 15, ""Session"": ""ny_1519"", ""ZEntry"": 1.75, ""ZEmaBars"": 120, ""NewsBeforeMin"": 30, ""NewsAfterMin"": 60, ""NewsCloseMode"": 2, ""DailyLossPct"": 5.0, ""MaxSpreadPts"": 10}"
-92.5071612499988,-5.6125167887081435,25.071612499988078,0.0,1.0,74.92838750001192,0.14085273119052746,594.3576041353937,81.0,36.0,66.0,"{""EntryMode"": 0, ""EntryTFMin"": 1, ""GridSpacingPts"": 65, ""TP_Pips"": 3.5, ""MaxLayers"": 2, ""Ladder"": ""step1"", ""MaxHoldSec"": 900, ""StopPips"": 6.0, ""MaxBasketRiskPct"": 5.0, ""AddMinSec"": 15, ""Session"": ""asia_0309"", ""ZEntry"": 1.25, ""ZEmaBars"": 30, ""NewsBeforeMin"": 60, ""NewsAfterMin"": 30, ""NewsCloseMode"": 2, ""DailyLossPct"": 5.0, ""MaxSpreadPts"": 10}"
-92.50749999999833,-5.6133707588894355,25.074999999983277,0.0,1.0,74.92500000001672,0.14854960174738688,153.25557237188212,16.0,91.0,86.0,"{""EntryMode"": 0, ""EntryTFMin"": 1, ""GridSpacingPts"": 105, ""TP_Pips"": 3.5, ""MaxLayers"": 3, ""Ladder"": ""step1"", ""MaxHoldSec"": 600, ""StopPips"": 4.0, ""MaxBasketRiskPct"": 1.0, ""AddMinSec"": 60, ""Session"": ""ny_1519"", ""ZEntry"": 1.5, ""ZEmaBars"": 30, ""NewsBeforeMin"": 60, ""NewsAfterMin"": 15, ""NewsCloseMode"": 0, ""DailyLossPct"": 5.0, ""MaxSpreadPts"": 10}"
-92.50785999999879,-5.614278333008837,25.078599999987873,0.0,1.0,74.92140000001213,0.1724099004736511,131.79750052810243,10.0,152.0,62.0,"{""EntryMode"": 0, ""EntryTFMin"": 1, ""GridSpacingPts"": 105, ""TP_Pips"": 4.0, ""MaxLayers"": 4, ""Ladder"": ""flat"", ""MaxHoldSec"": 600, ""StopPips"": 2.0, ""MaxBasketRiskPct"": 1.0, ""AddMinSec"": 60, ""Session"": ""ny_1519"", ""ZEntry"": 2.0, ""ZEmaBars"": 60, ""NewsBeforeMin"": 60, ""NewsAfterMin"": 15, ""NewsCloseMode"": 2, ""DailyLossPct"": 8.0, ""MaxSpreadPts"": 10}"
-92.50799999999848,-5.614631287918847,25.07999999998472,0.0,1.0,74.92000000001528,0.12853773829955237,59.28900800432477,162.0,5.0,0.0,"{""EntryMode"": 1, ""EntryTFMin"": 5, ""GridSpacingPts"": 140, ""TP_Pips"": 9.5, ""MaxLayers"": 6, ""Ladder"": ""step1"", ""MaxHoldSec"": 60, ""StopPips"": 10.0, ""MaxBasketRiskPct"": 3.0, ""AddMinSec"": 15, ""Session"": ""allday_0123"", ""ZEntry"": 2.0, ""ZEmaBars"": 120, ""NewsBeforeMin"": 30, ""NewsAfterMin"": 60, ""NewsCloseMode"": 0, ""DailyLossPct"": 5.0, ""MaxSpreadPts"": 10}"
-92.5080187499981,-5.614678559065489,25.08018749998101,0.0,1.0,74.91981250001899,0.0962108819607428,968.3434378659285,43.0,26.0,56.0,"{""EntryMode"": 0, ""EntryTFMin"": 5, ""GridSpacingPts"": 80, ""TP_Pips"": 4.5, ""MaxLayers"": 5, ""Ladder"": ""step2"", ""MaxHoldSec"": 1800, ""StopPips"": 9.0, ""MaxBasketRiskPct"": 3.0, ""AddMinSec"": 30, ""Session"": ""lateny_1923"", ""ZEntry"": 1.5, ""ZEmaBars"": 30, ""NewsBeforeMin"": 15, ""NewsAfterMin"": 15, ""NewsCloseMode"": 0, ""DailyLossPct"": 5.0, ""MaxSpreadPts"": 10}"
-92.50809970199998,-5.614882650499875,25.080997019999867,0.0,1.0,74.91900298000013,0.13315586063366802,30.592723269141132,171.0,2.0,0.0,"{""EntryMode"": 0, ""EntryTFMin"": 5, ""GridSpacingPts"": 125, ""TP_Pips"": 10.0, ""MaxLayers"": 6, ""Ladder"": ""step1"", ""MaxHoldSec"": 30, ""StopPips"": 6.0, ""MaxBasketRiskPct"": 5.0, ""AddMinSec"": 15, ""Session"": ""allday_0123"", ""ZEntry"": 3.0, ""ZEmaBars"": 120, ""NewsBeforeMin"": 60, ""NewsAfterMin"": 30, ""NewsCloseMode"": 0, ""DailyLossPct"": 8.0, ""MaxSpreadPts"": 10}"
-92.50819999999808,-5.61513551837074,25.08199999998081,0.0,1.0,74.91800000001919,0.15239803702581659,94.71092532058755,188.0,10.0,0.0,"{""EntryMode"": 0, ""EntryTFMin"": 5, ""GridSpacingPts"": 75, ""TP_Pips"": 14.5, ""MaxLayers"": 5, ""Ladder"": ""step2"", ""MaxHoldSec"": 60, ""StopPips"": 4.0, ""MaxBasketRiskPct"": 1.0, ""AddMinSec"": 60, ""Session"": ""asia_0309"", ""ZEntry"": 1.75, ""ZEmaBars"": 120, ""NewsBeforeMin"": 15, ""NewsAfterMin"": 15, ""NewsCloseMode"": 0, ""DailyLossPct"": 8.0, ""MaxSpreadPts"": 10}"
-92.51300000000009,-5.627240280597745,25.130000000000948,0.0,1.0,74.86999999999905,0.120071180687007,120.79835588987483,153.0,3.0,0.0,"{""EntryMode"": 0, ""EntryTFMin"": 1, ""GridSpacingPts"": 45, ""TP_Pips"": 13.5, ""MaxLayers"": 3, ""Ladder"": ""step2"", ""MaxHoldSec"": 120, ""StopPips"": 5.0, ""MaxBasketRiskPct"": 5.0, ""AddMinSec"": 30, ""Session"": ""asia_0109"", ""ZEntry"": 1.75, ""ZEmaBars"": 60, ""NewsBeforeMin"": 60, ""NewsAfterMin"": 30, ""NewsCloseMode"": 0, ""DailyLossPct"": 3.0, ""MaxSpreadPts"": 0}"
-92.51309999999776,-5.627492529138567,25.13099999997766,0.0,1.0,74.86900000002234,0.09851994312780063,1186.8755944262086,69.0,7.0,52.0,"{""EntryMode"": 0, ""EntryTFMin"": 1, ""GridSpacingPts"": 130, ""TP_Pips"": 5.5, ""MaxLayers"": 1, ""Ladder"": ""step1"", ""MaxHoldSec"": 1800, ""StopPips"": 19.0, ""MaxBasketRiskPct"": 3.0, ""AddMinSec"": 60, ""Session"": ""lateny_1923"", ""ZEntry"": 2.25, ""ZEmaBars"": 120, ""NewsBeforeMin"": 30, ""NewsAfterMin"": 15, ""NewsCloseMode"": 0, ""DailyLossPct"": 8.0, ""MaxSpreadPts"": 0}"
-92.51309999999799,-5.627492529139156,25.133994640194285,0.0,1.0,74.86900000002004,0.1323861735779821,862.3982852985573,159.0,8.0,5.0,"{""EntryMode"": 0, ""EntryTFMin"": 5, ""GridSpacingPts"": 65, ""TP_Pips"": 14.5, ""MaxLayers"": 1, ""Ladder"": ""step1"", ""MaxHoldSec"": 900, ""StopPips"": 13.0, ""MaxBasketRiskPct"": 2.0, ""AddMinSec"": 60, ""Session"": ""allday_0123"", ""ZEntry"": 3.0, ""ZEmaBars"": 30, ""NewsBeforeMin"": 60, ""NewsAfterMin"": 30, ""NewsCloseMode"": 0, ""DailyLossPct"": 8.0, ""MaxSpreadPts"": 0}"
-92.51450000000011,-5.631024291800079,25.14500000000116,0.0,1.0,74.85499999999884,0.11391368424151947,114.03364310203452,125.0,2.0,21.0,"{""EntryMode"": 0, ""EntryTFMin"": 5, ""GridSpacingPts"": 50, ""TP_Pips"": 1.5, ""MaxLayers"": 4, ""Ladder"": ""step1"", ""MaxHoldSec"": 120, ""StopPips"": 19.0, ""MaxBasketRiskPct"": 3.0, ""AddMinSec"": 30, ""Session"": ""allday_0123"", ""ZEntry"": 3.0, ""ZEmaBars"": 60, ""NewsBeforeMin"": 30, ""NewsAfterMin"": 30, ""NewsCloseMode"": 0, ""DailyLossPct"": 5.0, ""MaxSpreadPts"": 0}"
-92.51620713416958,-5.635331573024905,25.16207134169569,0.0,1.0,74.8379286583043,0.13469523474503992,26.283816021367123,154.0,13.0,8.0,"{""EntryMode"": 0, ""EntryTFMin"": 1, ""GridSpacingPts"": 95, ""TP_Pips"": 6.0, ""MaxLayers"": 1, ""Ladder"": ""step2"", ""MaxHoldSec"": 30, ""StopPips"": 5.0, ""MaxBasketRiskPct"": 1.0, ""AddMinSec"": 0, ""Session"": ""lateny_1923"", ""ZEntry"": 2.5, ""ZEmaBars"": 90, ""NewsBeforeMin"": 15, ""NewsAfterMin"": 30, ""NewsCloseMode"": 0, ""DailyLossPct"": 3.0, ""MaxSpreadPts"": 10}"
-92.51795659999901,-5.6397464769984085,25.17956599999007,0.0,1.0,74.82043400000993,0.13700429591209776,117.9685044918653,4.0,44.0,130.0,"{""EntryMode"": 0, ""EntryTFMin"": 1, ""GridSpacingPts"": 130, ""TP_Pips"": 2.0, ""MaxLayers"": 3, ""Ladder"": ""step2"", ""MaxHoldSec"": 600, ""StopPips"": 7.0, ""MaxBasketRiskPct"": 5.0, ""AddMinSec"": 15, ""Session"": ""london_1013"", ""ZEntry"": 1.5, ""ZEmaBars"": 30, ""NewsBeforeMin"": 30, ""NewsAfterMin"": 15, ""NewsCloseMode"": 2, ""DailyLossPct"": 3.0, ""MaxSpreadPts"": 0}"
-92.51850552408474,-5.641131896949203,25.185055240847447,0.0,1.0,74.81494475915255,0.13854367002346962,28.54766961559653,179.0,0.0,1.0,"{""EntryMode"": 0, ""EntryTFMin"": 5, ""GridSpacingPts"": 10, ""TP_Pips"": 8.5, ""MaxLayers"": 4, ""Ladder"": ""step2"", ""MaxHoldSec"": 30, ""StopPips"": 19.0, ""MaxBasketRiskPct"": 5.0, ""AddMinSec"": 60, ""Session"": ""london_1013"", ""ZEntry"": 1.0, ""ZEmaBars"": 30, ""NewsBeforeMin"": 60, ""NewsAfterMin"": 30, ""NewsCloseMode"": 0, ""DailyLossPct"": 5.0, ""MaxSpreadPts"": 10}"
-92.51889999999817,-5.642127558055865,25.18899999998175,0.0,1.0,74.81100000001825,0.14854960174738688,156.19534728743812,190.0,0.0,3.0,"{""EntryMode"": 0, ""EntryTFMin"": 5, ""GridSpacingPts"": 125, ""TP_Pips"": 10.0, ""MaxLayers"": 2, ""Ladder"": ""step2"", ""MaxHoldSec"": 120, ""StopPips"": 29.0, ""MaxBasketRiskPct"": 5.0, ""AddMinSec"": 60, ""Session"": ""asia_0309"", ""ZEntry"": 1.75, ""ZEmaBars"": 90, ""NewsBeforeMin"": 15, ""NewsAfterMin"": 30, ""NewsCloseMode"": 2, ""DailyLossPct"": 8.0, ""MaxSpreadPts"": 10}"
-92.51949999999941,-5.6436420445088125,25.194999999994096,0.0,1.0,74.8050000000059,0.14547085352464312,114.67659836642595,182.0,0.0,7.0,"{""EntryMode"": 0, ""EntryTFMin"": 1, ""GridSpacingPts"": 75, ""TP_Pips"": 7.5, ""MaxLayers"": 2, ""Ladder"": ""step1"", ""MaxHoldSec"": 120, ""StopPips"": 28.0, ""MaxBasketRiskPct"": 5.0, ""AddMinSec"": 0, ""Session"": ""london_1013"", ""ZEntry"": 2.75, ""ZEmaBars"": 30, ""NewsBeforeMin"": 60, ""NewsAfterMin"": 30, ""NewsCloseMode"": 2, ""DailyLossPct"": 8.0, ""MaxSpreadPts"": 0}"
-92.51984699999939,-5.644517966852536,25.198469999993918,0.0,1.0,74.80153000000608,0.14701022763601498,1390.833828400857,114.0,31.0,46.0,"{""EntryMode"": 0, ""EntryTFMin"": 1, ""GridSpacingPts"": 15, ""TP_Pips"": 8.0, ""MaxLayers"": 5, ""Ladder"": ""flat"", ""MaxHoldSec"": 1800, ""StopPips"": 11.0, ""MaxBasketRiskPct"": 2.0, ""AddMinSec"": 60, ""Session"": ""asia_0109"", ""ZEntry"": 1.0, ""ZEmaBars"": 30, ""NewsBeforeMin"": 60, ""NewsAfterMin"": 15, ""NewsCloseMode"": 2, ""DailyLossPct"": 3.0, ""MaxSpreadPts"": 0}"
-92.52079999999755,-5.646923765172773,25.207999999975446,0.0,1.0,74.79200000002456,0.120071180687007,962.3510610309578,58.0,19.0,79.0,"{""EntryMode"": 0, ""EntryTFMin"": 1, ""GridSpacingPts"": 80, ""TP_Pips"": 4.0, ""MaxLayers"": 1, ""Ladder"": ""step1"", ""MaxHoldSec"": 1800, ""StopPips"": 12.0, ""MaxBasketRiskPct"": 2.0, ""AddMinSec"": 30, ""Session"": ""lateny_1923"", ""ZEntry"": 3.0, ""ZEmaBars"": 30, ""NewsBeforeMin"": 30, ""NewsAfterMin"": 60, ""NewsCloseMode"": 2, ""DailyLossPct"": 8.0, ""MaxSpreadPts"": 10}"
-92.52221947418717,-5.650507607676469,25.222194741871647,0.0,1.0,74.77780525812835,0.10467743957328816,27.65490748537214,135.0,1.0,0.0,"{""EntryMode"": 0, ""EntryTFMin"": 5, ""GridSpacingPts"": 30, ""TP_Pips"": 11.0, ""MaxLayers"": 5, ""Ladder"": ""step1"", ""MaxHoldSec"": 30, ""StopPips"": 8.0, ""MaxBasketRiskPct"": 5.0, ""AddMinSec"": 15, ""Session"": ""london_1013"", ""ZEntry"": 1.5, ""ZEmaBars"": 90, ""NewsBeforeMin"": 30, ""NewsAfterMin"": 30, ""NewsCloseMode"": 0, ""DailyLossPct"": 3.0, ""MaxSpreadPts"": 10}"
-92.52406061763254,-5.655156877809031,25.274232771578138,0.0,1.0,74.7593938236746,0.09467150784937091,22.730707764625553,69.0,2.0,52.0,"{""EntryMode"": 1, ""EntryTFMin"": 1, ""GridSpacingPts"": 55, ""TP_Pips"": 1.0, ""MaxLayers"": 3, ""Ladder"": ""step1"", ""MaxHoldSec"": 30, ""StopPips"": 10.0, ""MaxBasketRiskPct"": 5.0, ""AddMinSec"": 0, ""Session"": ""london_1013"", ""ZEntry"": 1.0, ""ZEmaBars"": 30, ""NewsBeforeMin"": 60, ""NewsAfterMin"": 60, ""NewsCloseMode"": 2, ""DailyLossPct"": 8.0, ""MaxSpreadPts"": 10}"
-92.52450000000006,-5.656266545035171,25.245000000000616,0.0,1.0,74.75499999999938,0.10313806546191628,72.4035267489297,124.0,0.0,10.0,"{""EntryMode"": 0, ""EntryTFMin"": 1, ""GridSpacingPts"": 105, ""TP_Pips"": 2.0, ""MaxLayers"": 6, ""Ladder"": ""flat"", ""MaxHoldSec"": 60, ""StopPips"": 27.0, ""MaxBasketRiskPct"": 5.0, ""AddMinSec"": 0, ""Session"": ""allday_0123"", ""ZEntry"": 2.75, ""ZEmaBars"": 60, ""NewsBeforeMin"": 30, ""NewsAfterMin"": 60, ""NewsCloseMode"": 2, ""DailyLossPct"": 8.0, ""MaxSpreadPts"": 0}"
