BaseLot,MaxTotalLots,HaltCooldownMin,NewsFilter,NewsBeforeMin,NewsAfterMin,UseTimeFilter,RefCapital,GridSpacingPts,TP_Pips,MaxLayers,EmergencyCloseDD_Pct,FlatLayers,LotIncrement,LotIncEvery,LotSchedule,is_final_equity,oos_final_equity,is_cagr_pct,oos_cagr_pct,is_max_dd_pct,oos_max_dd_pct,is_min_equity,oos_min_equity,is_wins,oos_wins,is_losses,oos_losses,is_basket_stops,oos_basket_stops,is_stopouts,oos_stopouts,is_max_layers_used,oos_max_layers_used,is_grids_hit_max,oos_grids_hit_max,is_swap,oos_swap,is_score,oos_score,is_ruined,oos_ruined
0.1,100.0,1440,1,30,30,0,0,75,25.0,3,0,5,0.1,3,inc_every3,9275.100000000397,9516.000000000808,-1.4946444304859696,-1.465448379555634,10.764100333476739,7.987570287061262,9231.900000000394,9327.300000000772,163.0,102.0,0.0,0.0,0.0,0.0,0.0,0.0,3.0,3.0,100.0,61.0,0.0,0.0,-1.4946444304859696,-1.465448379555634,0,0
0.1,100.0,1440,1,30,30,0,0,75,25.0,3,0,99,0.0,1,flat,9275.100000000397,9516.000000000808,-1.4946444304859696,-1.465448379555634,10.764100333476739,7.987570287061262,9231.900000000394,9327.300000000772,163.0,102.0,0.0,0.0,0.0,0.0,0.0,0.0,3.0,3.0,100.0,61.0,0.0,0.0,-1.4946444304859696,-1.465448379555634,0,0
0.1,100.0,1440,1,30,30,0,0,100,25.0,3,0,99,0.0,1,flat,9269.29999999992,9233.60000000045,-1.5069744966979548,-2.3448303768898393,12.538275737463339,10.075216358808783,9197.299999999927,9050.300000000425,173.0,103.0,0.0,0.0,0.0,0.0,0.0,0.0,3.0,3.0,92.0,54.0,0.0,0.0,-1.5069744966979548,-2.3448303768898393,0,0
0.1,100.0,1440,1,30,30,0,0,100,25.0,3,0,5,0.1,3,inc_every3,9269.29999999992,9233.60000000045,-1.5069744966979548,-2.3448303768898393,12.538275737463339,10.075216358808783,9197.299999999927,9050.300000000425,173.0,103.0,0.0,0.0,0.0,0.0,0.0,0.0,3.0,3.0,92.0,54.0,0.0,0.0,-1.5069744966979548,-2.3448303768898393,0,0
0.1,100.0,1440,1,30,30,0,0,150,25.0,3,0,99,0.0,1,flat,8893.700000000423,9445.500000000739,-2.318919571727174,-1.6832470618022954,14.696438995911048,10.986977183558256,8767.500000000393,9234.300000000705,189.0,117.0,0.0,0.0,0.0,0.0,0.0,0.0,3.0,3.0,75.0,48.0,0.0,0.0,-2.318919571727174,-1.6832470618022954,0,0
0.1,100.0,1440,1,30,30,0,0,150,25.0,3,0,5,0.1,3,inc_every3,8893.700000000423,9445.500000000739,-2.318919571727174,-1.6832470618022954,14.696438995911048,10.986977183558256,8767.500000000393,9234.300000000705,189.0,117.0,0.0,0.0,0.0,0.0,0.0,0.0,3.0,3.0,75.0,48.0,0.0,0.0,-2.318919571727174,-1.6832470618022954,0,0
0.1,100.0,1440,1,30,30,0,0,75,25.0,5,0,5,0.1,3,inc_every3,8719.200000001209,9174.200000001256,-2.705505413071685,-2.5321973473016124,20.473097100429598,16.890848121765238,8398.200000001114,8823.200000001216,199.0,125.0,0.0,0.0,0.0,0.0,0.0,0.0,5.0,5.0,78.0,47.0,0.0,0.0,-2.705505413071685,-2.5321973473016124,0,0
0.1,100.0,1440,1,30,30,0,0,75,25.0,5,0,99,0.0,1,flat,8719.200000001209,9174.200000001256,-2.705505413071685,-2.5321973473016124,20.473097100429598,16.890848121765238,8398.200000001114,8823.200000001216,199.0,125.0,0.0,0.0,0.0,0.0,0.0,0.0,5.0,5.0,78.0,47.0,0.0,0.0,-2.705505413071685,-2.5321973473016124,0,0
0.1,100.0,1440,1,30,30,0,0,400,15.0,3,0,5,0.1,3,inc_every3,8730.200000000516,9108.7000000007,-2.6809542073042314,-2.739796237374581,25.09784084555512,17.909078619566685,8440.200000000514,8501.500000000606,414.0,257.0,0.0,0.0,0.0,0.0,0.0,0.0,3.0,3.0,56.0,36.0,0.0,0.0,-2.8766358984144693,-2.739796237374581,0,0
0.1,100.0,1440,1,30,30,0,0,400,15.0,3,0,99,0.0,1,flat,8730.200000000516,9108.7000000007,-2.6809542073042314,-2.739796237374581,25.09784084555512,17.909078619566685,8440.200000000514,8501.500000000606,414.0,257.0,0.0,0.0,0.0,0.0,0.0,0.0,3.0,3.0,56.0,36.0,0.0,0.0,-2.8766358984144693,-2.739796237374581,0,0
0.1,100.0,1440,1,30,30,0,0,200,25.0,3,0,5,0.1,3,inc_every3,8573.600000000264,9652.300000000585,-3.0328314418430424,-1.047564021967362,16.614404606948128,8.913369087303488,8456.300000000258,9426.100000000564,189.0,126.0,0.0,0.0,0.0,0.0,0.0,0.0,3.0,3.0,65.0,44.0,0.0,0.0,-3.0328314418430424,-1.047564021967362,0,0
0.1,100.0,1440,1,30,30,0,0,200,25.0,3,0,99,0.0,1,flat,8573.600000000264,9652.300000000585,-3.0328314418430424,-1.047564021967362,16.614404606948128,8.913369087303488,8456.300000000258,9426.100000000564,189.0,126.0,0.0,0.0,0.0,0.0,0.0,0.0,3.0,3.0,65.0,44.0,0.0,0.0,-3.0328314418430424,-1.047564021967362,0,0
0.1,100.0,1440,1,30,30,0,0,75,15.0,3,0,99,0.0,1,flat,8509.6000000005,9182.500000001124,-3.178119346961117,-2.5059653222820777,17.165729291183013,12.577199456197501,8453.900000000478,9002.80000000107,276.0,173.0,0.0,0.0,0.0,0.0,0.0,0.0,3.0,3.0,132.0,89.0,0.0,0.0,-3.178119346961117,-2.5059653222820777,0,0
0.1,100.0,1440,1,30,30,0,0,75,15.0,3,0,5,0.1,3,inc_every3,8509.6000000005,9182.500000001124,-3.178119346961117,-2.5059653222820777,17.165729291183013,12.577199456197501,8453.900000000478,9002.80000000107,276.0,173.0,0.0,0.0,0.0,0.0,0.0,0.0,3.0,3.0,132.0,89.0,0.0,0.0,-3.178119346961117,-2.5059653222820777,0,0
0.1,100.0,1440,1,30,30,0,0,100,15.0,3,0,5,0.1,3,inc_every3,8400.599999999891,9251.200000000617,-3.4275872712700273,-2.289476883710817,18.679914971626445,11.763556805746717,8339.699999999895,9034.00000000058,288.0,192.0,0.0,0.0,0.0,0.0,0.0,0.0,3.0,3.0,119.0,77.0,0.0,0.0,-3.4275872712700273,-2.289476883710817,0,0
0.1,100.0,1440,1,30,30,0,0,100,15.0,3,0,99,0.0,1,flat,8400.599999999891,9251.200000000617,-3.4275872712700273,-2.289476883710817,18.679914971626445,11.763556805746717,8339.699999999895,9034.00000000058,288.0,192.0,0.0,0.0,0.0,0.0,0.0,0.0,3.0,3.0,119.0,77.0,0.0,0.0,-3.4275872712700273,-2.289476883710817,0,0
0.1,100.0,1440,1,30,30,0,0,400,25.0,3,0,5,0.1,3,inc_every3,8369.300000000349,9140.200000000492,-3.4997018007226988,-2.6398281779184907,21.921151737615496,16.1905774958387,8189.300000000345,8666.900000000425,225.0,136.0,0.0,0.0,0.0,0.0,0.0,0.0,3.0,3.0,43.0,30.0,0.0,0.0,-3.4997018007226988,-2.6398281779184907,0,0
0.1,100.0,1440,1,30,30,0,0,400,25.0,3,0,99,0.0,1,flat,8369.300000000349,9140.200000000492,-3.4997018007226988,-2.6398281779184907,21.921151737615496,16.1905774958387,8189.300000000345,8666.900000000425,225.0,136.0,0.0,0.0,0.0,0.0,0.0,0.0,3.0,3.0,43.0,30.0,0.0,0.0,-3.4997018007226988,-2.6398281779184907,0,0
0.1,100.0,1440,1,30,30,0,0,300,15.0,3,0,99,0.0,1,flat,8277.700000000203,9045.800000000523,-3.7119929646246774,-2.9401438965195315,23.364352862975153,16.02486137579996,8070.500000000215,8768.600000000491,376.0,243.0,0.0,0.0,0.0,0.0,0.0,0.0,3.0,3.0,64.0,43.0,0.0,0.0,-3.7119929646246774,-2.9401438965195315,0,0
0.1,100.0,1440,1,30,30,0,0,300,15.0,3,0,5,0.1,3,inc_every3,8277.700000000203,9045.800000000523,-3.7119929646246774,-2.9401438965195315,23.364352862975153,16.02486137579996,8070.500000000215,8768.600000000491,376.0,243.0,0.0,0.0,0.0,0.0,0.0,0.0,3.0,3.0,64.0,43.0,0.0,0.0,-3.7119929646246774,-2.9401438965195315,0,0
0.1,100.0,1440,1,30,30,0,0,300,25.0,3,0,5,0.1,3,inc_every3,8209.300000000076,9524.200000000441,-3.871744911765884,-1.44018943076476,20.287031175818207,13.998421972156173,8059.300000000076,9155.900000000407,211.0,138.0,0.0,0.0,0.0,0.0,0.0,0.0,3.0,3.0,48.0,38.0,0.0,0.0,-3.871744911765884,-1.44018943076476,0,0
0.1,100.0,1440,1,30,30,0,0,300,25.0,3,0,99,0.0,1,flat,8209.300000000076,9524.200000000441,-3.871744911765884,-1.44018943076476,20.287031175818207,13.998421972156173,8059.300000000076,9155.900000000407,211.0,138.0,0.0,0.0,0.0,0.0,0.0,0.0,3.0,3.0,48.0,38.0,0.0,0.0,-3.871744911765884,-1.44018943076476,0,0
0.1,100.0,1440,1,30,30,0,0,150,15.0,3,0,5,0.1,3,inc_every3,7969.400000000529,8786.200000000896,-4.440596359636084,-3.777525571882545,22.62715768631016,16.5183564308235,7893.500000000509,8584.000000000844,308.0,195.0,0.0,0.0,0.0,0.0,0.0,0.0,3.0,3.0,94.0,58.0,0.0,0.0,-4.440596359636084,-3.777525571882545,0,0
0.1,100.0,1440,1,30,30,0,0,150,15.0,3,0,99,0.0,1,flat,7969.400000000529,8786.200000000896,-4.440596359636084,-3.777525571882545,22.62715768631016,16.5183564308235,7893.500000000509,8584.000000000844,308.0,195.0,0.0,0.0,0.0,0.0,0.0,0.0,3.0,3.0,94.0,58.0,0.0,0.0,-4.440596359636084,-3.777525571882545,0,0
0.1,100.0,1440,1,30,30,0,0,75,10.0,3,0,99,0.0,1,flat,7867.200000000677,8547.500000001377,-4.687101045544983,-4.562969575749287,23.2635613207486,17.43200981749351,7808.700000000663,8343.00000000132,420.0,259.0,0.0,0.0,0.0,0.0,0.0,0.0,3.0,3.0,160.0,98.0,0.0,0.0,-4.687101045544983,-4.562969575749287,0,0
0.1,100.0,1440,1,30,30,0,0,75,10.0,3,0,5,0.1,3,inc_every3,7867.200000000677,8547.500000001377,-4.687101045544983,-4.562969575749287,23.2635613207486,17.43200981749351,7808.700000000663,8343.00000000132,420.0,259.0,0.0,0.0,0.0,0.0,0.0,0.0,3.0,3.0,160.0,98.0,0.0,0.0,-4.687101045544983,-4.562969575749287,0,0
0.1,100.0,1440,1,30,30,0,0,200,15.0,3,0,99,0.0,1,flat,7832.800000000319,9161.400000000805,-4.770649472257082,-2.5726842514206316,24.606345246909523,14.71831867697396,7737.500000000313,8854.200000000743,329.0,224.0,0.0,0.0,0.0,0.0,0.0,0.0,3.0,3.0,81.0,55.0,0.0,0.0,-4.770649472257082,-2.5726842514206316,0,0
0.1,100.0,1440,1,30,30,0,0,200,15.0,3,0,5,0.1,3,inc_every3,7832.800000000319,9161.400000000805,-4.770649472257082,-2.5726842514206316,24.606345246909523,14.71831867697396,7737.500000000313,8854.200000000743,329.0,224.0,0.0,0.0,0.0,0.0,0.0,0.0,3.0,3.0,81.0,55.0,0.0,0.0,-4.770649472257082,-2.5726842514206316,0,0
0.1,100.0,1440,1,30,30,0,0,100,10.0,3,0,5,0.1,3,inc_every3,7806.099999999902,8666.800000000805,-4.8356991961236435,-4.168512631555554,23.79975057201599,16.772974249935693,7759.699999999899,8455.200000000741,450.0,282.0,0.0,0.0,0.0,0.0,0.0,0.0,3.0,3.0,141.0,87.0,0.0,0.0,-4.8356991961236435,-4.168512631555554,0,0
0.1,100.0,1440,1,30,30,0,0,100,10.0,3,0,99,0.0,1,flat,7806.099999999902,8666.800000000805,-4.8356991961236435,-4.168512631555554,23.79975057201599,16.772974249935693,7759.699999999899,8455.200000000741,450.0,282.0,0.0,0.0,0.0,0.0,0.0,0.0,3.0,3.0,141.0,87.0,0.0,0.0,-4.8356991961236435,-4.168512631555554,0,0
0.1,100.0,1440,1,30,30,0,0,150,25.0,3,25,99,0.0,1,flat,9933.400000002259,9411.700000000916,-0.133635438333346,-1.7880719857912397,27.894918108056437,14.384862301303295,7537.00000000171,8881.800000000709,679.0,281.0,0.0,0.0,14.0,5.0,0.0,0.0,3.0,3.0,323.0,121.0,0.0,0.0,-5.923471654446221,-1.7880719857912397,0,0
0.1,100.0,1440,1,30,30,0,0,150,25.0,3,25,5,0.1,3,inc_every3,9933.400000002259,9411.700000000916,-0.133635438333346,-1.7880719857912397,27.894918108056437,14.384862301303295,7537.00000000171,8881.800000000709,679.0,281.0,0.0,0.0,14.0,5.0,0.0,0.0,3.0,3.0,323.0,121.0,0.0,0.0,-5.923471654446221,-1.7880719857912397,0,0
0.1,100.0,1440,1,30,30,0,0,150,10.0,3,0,5,0.1,3,inc_every3,7590.800000000665,9655.400000001395,-5.36684753456168,-1.0381080300781886,25.785084866041373,12.841031048173173,7529.40000000066,9258.200000001292,483.0,369.0,0.0,0.0,0.0,0.0,0.0,0.0,3.0,3.0,110.0,80.0,0.0,0.0,-6.9370172666444265,-1.0381080300781886,0,0
0.1,100.0,1440,1,30,30,0,0,150,10.0,3,0,99,0.0,1,flat,7590.800000000665,9655.400000001395,-5.36684753456168,-1.0381080300781886,25.785084866041373,12.841031048173173,7529.40000000066,9258.200000001292,483.0,369.0,0.0,0.0,0.0,0.0,0.0,0.0,3.0,3.0,110.0,80.0,0.0,0.0,-6.9370172666444265,-1.0381080300781886,0,0
0.1,100.0,1440,1,30,30,0,0,75,25.0,3,25,5,0.1,3,inc_every3,9389.900000002148,9458.800000001047,-1.251854090710558,-1.6420716206715702,28.37466859709728,9.865838019131585,7618.500000001686,9136.9000000008,628.0,241.0,0.0,0.0,15.0,5.0,0.0,0.0,3.0,3.0,408.0,157.0,0.0,0.0,-8.001191284905119,-1.6420716206715702,0,0
0.1,100.0,1440,1,30,30,0,0,75,25.0,3,25,99,0.0,1,flat,9389.900000002148,9458.800000001047,-1.251854090710558,-1.6420716206715702,28.37466859709728,9.865838019131585,7618.500000001686,9136.9000000008,628.0,241.0,0.0,0.0,15.0,5.0,0.0,0.0,3.0,3.0,408.0,157.0,0.0,0.0,-8.001191284905119,-1.6420716206715702,0,0
0.1,100.0,1440,1,30,30,0,0,100,25.0,5,0,99,0.0,1,flat,7696.399999999914,8957.100000000251,-5.104845770594412,-3.2243388822615238,27.536357758413505,20.414201183430013,7508.899999999914,8581.100000000246,204.0,131.0,0.0,0.0,0.0,0.0,0.0,0.0,5.0,5.0,65.0,42.0,0.0,0.0,-10.177561287421423,-3.2243388822615238,0,0
0.1,100.0,1440,1,30,30,0,0,100,25.0,5,0,5,0.1,3,inc_every3,7696.399999999914,8957.100000000251,-5.104845770594412,-3.2243388822615238,27.536357758413505,20.414201183430013,7508.899999999914,8581.100000000246,204.0,131.0,0.0,0.0,0.0,0.0,0.0,0.0,5.0,5.0,65.0,42.0,0.0,0.0,-10.177561287421423,-3.2243388822615238,0,0
0.1,100.0,1440,1,30,30,0,0,200,10.0,3,0,99,0.0,1,flat,7421.100000000384,9042.600000001028,-5.794059468131707,-2.95036258842728,27.42104431004817,15.238887706322398,7344.700000000383,8760.400000000956,510.0,363.0,0.0,0.0,0.0,0.0,0.0,0.0,3.0,3.0,93.0,64.0,0.0,0.0,-10.636148088228047,-2.95036258842728,0,0
0.1,100.0,1440,1,30,30,0,0,200,10.0,3,0,5,0.1,3,inc_every3,7421.100000000384,9042.600000001028,-5.794059468131707,-2.95036258842728,27.42104431004817,15.238887706322398,7344.700000000383,8760.400000000956,510.0,363.0,0.0,0.0,0.0,0.0,0.0,0.0,3.0,3.0,93.0,64.0,0.0,0.0,-10.636148088228047,-2.95036258842728,0,0
0.1,100.0,1440,1,30,30,0,0,400,10.0,3,0,5,0.1,3,inc_every3,8068.700000000588,8822.600000000915,-4.20349662783599,-3.659072961636878,28.375477099233187,20.118028860078947,7806.500000000593,8270.500000000819,624.0,396.0,0.0,0.0,0.0,0.0,0.0,0.0,3.0,3.0,59.0,35.0,0.0,0.0,-10.954450826302363,-3.659072961636878,0,0
0.1,100.0,1440,1,30,30,0,0,400,10.0,3,0,99,0.0,1,flat,8068.700000000588,8822.600000000915,-4.20349662783599,-3.659072961636878,28.375477099233187,20.118028860078947,7806.500000000593,8270.500000000819,624.0,396.0,0.0,0.0,0.0,0.0,0.0,0.0,3.0,3.0,59.0,35.0,0.0,0.0,-10.954450826302363,-3.659072961636878,0,0
0.1,100.0,1440,1,30,30,0,0,300,10.0,3,0,5,0.1,3,inc_every3,7469.000000000206,9208.300000000814,-5.672688497063183,-2.4245310118835017,29.015361763670803,17.41293999454946,7264.000000000204,8796.100000000739,555.0,407.0,0.0,0.0,0.0,0.0,0.0,0.0,3.0,3.0,65.0,47.0,0.0,0.0,-13.70341202440479,-2.4245310118835017,0,0
0.1,100.0,1440,1,30,30,0,0,300,10.0,3,0,99,0.0,1,flat,7469.000000000206,9208.300000000814,-5.672688497063183,-2.4245310118835017,29.015361763670803,17.41293999454946,7264.000000000204,8796.100000000739,555.0,407.0,0.0,0.0,0.0,0.0,0.0,0.0,3.0,3.0,65.0,47.0,0.0,0.0,-13.70341202440479,-2.4245310118835017,0,0
0.1,100.0,1440,1,30,30,0,0,100,25.0,3,25,99,0.0,1,flat,9272.90000000039,8990.50000000036,-1.4993206259530822,-3.117094153363098,33.1019272466698,13.037170990527775,7188.800000000224,8752.20000000033,660.0,251.0,0.0,0.0,15.0,5.0,0.0,0.0,3.0,3.0,375.0,135.0,0.0,0.0,-17.703175119292688,-3.117094153363098,0,0
0.1,100.0,1440,1,30,30,0,0,100,25.0,3,25,5,0.1,3,inc_every3,9272.90000000039,8990.50000000036,-1.4993206259530822,-3.117094153363098,33.1019272466698,13.037170990527775,7188.800000000224,8752.20000000033,660.0,251.0,0.0,0.0,15.0,5.0,0.0,0.0,3.0,3.0,375.0,135.0,0.0,0.0,-17.703175119292688,-3.117094153363098,0,0
0.1,100.0,1440,1,30,30,0,0,300,5.3,3,0,99,0.0,1,flat,8366.80000000023,8203.200000001243,-3.5054710452822158,-5.723500775673818,32.462437723115784,22.840169562352433,6886.400000000413,7754.1000000011045,1282.0,690.0,0.0,0.0,0.0,0.0,0.0,0.0,3.0,3.0,100.0,47.0,0.0,0.0,-18.430346491513784,-5.723500775673818,0,0
0.1,100.0,1440,1,30,30,0,0,300,5.3,3,0,5,0.1,3,inc_every3,8366.80000000023,8203.200000001243,-3.5054710452822158,-5.723500775673818,32.462437723115784,22.840169562352433,6886.400000000413,7754.1000000011045,1282.0,690.0,0.0,0.0,0.0,0.0,0.0,0.0,3.0,3.0,100.0,47.0,0.0,0.0,-18.430346491513784,-5.723500775673818,0,0
0.1,100.0,1440,1,30,30,0,0,100,5.3,3,0,5,0.1,3,inc_every3,6970.500000000031,8485.600000001456,-6.967607024672362,-4.769163044331193,31.90245531985953,18.98530062434438,6930.900000000031,8239.600000001348,863.0,573.0,0.0,0.0,0.0,0.0,0.0,0.0,3.0,3.0,172.0,124.0,0.0,0.0,-20.772517664391422,-4.769163044331193,0,0
0.1,100.0,1440,1,30,30,0,0,100,5.3,3,0,99,0.0,1,flat,6970.500000000031,8485.600000001456,-6.967607024672362,-4.769163044331193,31.90245531985953,18.98530062434438,6930.900000000031,8239.600000001348,863.0,573.0,0.0,0.0,0.0,0.0,0.0,0.0,3.0,3.0,172.0,124.0,0.0,0.0,-20.772517664391422,-4.769163044331193,0,0
0.1,100.0,1440,1,30,30,0,0,100,25.0,3,15,5,0.1,3,inc_every3,8973.400000001158,8408.200000000514,-2.1443683642063283,-5.0284800368255,35.47423181465522,17.51835696471241,7169.200000000961,8301.200000000465,982.0,320.0,0.0,0.0,37.0,12.0,0.0,0.0,3.0,3.0,559.0,177.0,0.0,0.0,-23.092831993516768,-5.0284800368255,0,0
0.1,100.0,1440,1,30,30,0,0,100,25.0,3,15,99,0.0,1,flat,8973.400000001158,8408.200000000514,-2.1443683642063283,-5.0284800368255,35.47423181465522,17.51835696471241,7169.200000000961,8301.200000000465,982.0,320.0,0.0,0.0,37.0,12.0,0.0,0.0,3.0,3.0,559.0,177.0,0.0,0.0,-23.092831993516768,-5.0284800368255,0,0
0.1,100.0,1440,1,30,30,0,0,400,25.0,3,25,99,0.0,1,flat,8964.200000001532,10011.40000000066,-2.1644538484445697,0.033910152703064966,37.694236458752265,17.00382934281968,7181.300000001271,8582.800000000427,855.0,369.0,0.0,0.0,14.0,5.0,0.0,0.0,3.0,3.0,187.0,84.0,0.0,0.0,-27.5529267659491,0.033910152703064966,0,0
0.1,100.0,1440,1,30,30,0,0,400,25.0,3,25,5,0.1,3,inc_every3,8964.200000001532,10011.40000000066,-2.1644538484445697,0.033910152703064966,37.694236458752265,17.00382934281968,7181.300000001271,8582.800000000427,855.0,369.0,0.0,0.0,14.0,5.0,0.0,0.0,3.0,3.0,187.0,84.0,0.0,0.0,-27.5529267659491,0.033910152703064966,0,0
0.1,100.0,1440,1,30,30,0,0,75,5.3,3,0,5,0.1,3,inc_every3,6624.70000000079,8104.500000002143,-7.910094492068809,-6.062485344731138,34.95792184215759,20.179622792120625,6592.600000000781,7998.800000002073,769.0,507.0,0.0,0.0,0.0,0.0,0.0,0.0,3.0,3.0,197.0,124.0,0.0,0.0,-27.825938176383985,-6.062485344731138,0,0
0.1,100.0,1440,1,30,30,0,0,75,5.3,3,0,99,0.0,1,flat,6624.70000000079,8104.500000002143,-7.910094492068809,-6.062485344731138,34.95792184215759,20.179622792120625,6592.600000000781,7998.800000002073,769.0,507.0,0.0,0.0,0.0,0.0,0.0,0.0,3.0,3.0,197.0,124.0,0.0,0.0,-27.825938176383985,-6.062485344731138,0,0
0.1,100.0,1440,1,30,30,0,0,200,25.0,3,25,99,0.0,1,flat,8531.100000001448,9860.500000000753,-3.1292144939020106,-0.4171693735830595,37.43418743417683,10.780306324584332,6417.000000001219,9232.900000000553,706.0,305.0,0.0,0.0,14.0,5.0,0.0,0.0,3.0,3.0,273.0,113.0,0.0,0.0,-27.997589362255667,-0.4171693735830595,0,0
0.1,100.0,1440,1,30,30,0,0,200,25.0,3,25,5,0.1,3,inc_every3,8531.100000001448,9860.500000000753,-3.1292144939020106,-0.4171693735830595,37.43418743417683,10.780306324584332,6417.000000001219,9232.900000000553,706.0,305.0,0.0,0.0,14.0,5.0,0.0,0.0,3.0,3.0,273.0,113.0,0.0,0.0,-27.997589362255667,-0.4171693735830595,0,0
0.1,100.0,1440,1,30,30,0,0,200,5.3,3,0,99,0.0,1,flat,6580.400000000716,8762.200000001805,-8.033661258637192,-3.855814882112918,36.43410852712681,17.91992520377811,6510.800000000712,8427.900000001664,967.0,723.0,0.0,0.0,0.0,0.0,0.0,0.0,3.0,3.0,107.0,71.0,0.0,0.0,-30.901878312890812,-3.855814882112918,0,0
0.1,100.0,1440,1,30,30,0,0,200,5.3,3,0,5,0.1,3,inc_every3,6580.400000000716,8762.200000001805,-8.033661258637192,-3.855814882112918,36.43410852712681,17.91992520377811,6510.800000000712,8427.900000001664,967.0,723.0,0.0,0.0,0.0,0.0,0.0,0.0,3.0,3.0,107.0,71.0,0.0,0.0,-30.901878312890812,-3.855814882112918,0,0
0.1,100.0,1440,1,30,30,0,0,150,5.3,3,0,5,0.1,3,inc_every3,6440.200000000939,8600.400000002082,-8.429159641656625,-4.387585375807923,36.85563697132401,18.02285029421051,6385.6000000009335,8344.700000001943,892.0,662.0,0.0,0.0,0.0,0.0,0.0,0.0,3.0,3.0,124.0,86.0,0.0,0.0,-32.140433584304645,-4.387585375807923,0,0
0.1,100.0,1440,1,30,30,0,0,150,5.3,3,0,99,0.0,1,flat,6440.200000000939,8600.400000002082,-8.429159641656625,-4.387585375807923,36.85563697132401,18.02285029421051,6385.6000000009335,8344.700000001943,892.0,662.0,0.0,0.0,0.0,0.0,0.0,0.0,3.0,3.0,124.0,86.0,0.0,0.0,-32.140433584304645,-4.387585375807923,0,0
0.1,100.0,1440,1,30,30,0,0,75,25.0,3,15,5,0.1,3,inc_every3,8032.5000000039645,8849.60000000144,-4.2896600335922574,-3.5714313277525833,39.177012868203846,13.47242773995084,6716.500000003154,8771.300000001345,934.0,281.0,0.0,0.0,38.0,11.0,0.0,0.0,3.0,3.0,605.0,188.0,0.0,0.0,-32.64368576999995,-3.5714313277525833,0,0
0.1,100.0,1440,1,30,30,0,0,75,25.0,3,15,99,0.0,1,flat,8032.5000000039645,8849.60000000144,-4.2896600335922574,-3.5714313277525833,39.177012868203846,13.47242773995084,6716.500000003154,8771.300000001345,934.0,281.0,0.0,0.0,38.0,11.0,0.0,0.0,3.0,3.0,605.0,188.0,0.0,0.0,-32.64368576999995,-3.5714313277525833,0,0
0.1,100.0,1440,1,30,30,0,0,150,25.0,3,15,99,0.0,1,flat,8354.500000003862,9245.600000001219,-3.533875825877353,-2.3070813290867354,39.59477637033484,13.319741760100365,6466.5000000031805,8928.500000001039,1059.0,336.0,0.0,0.0,37.0,11.0,0.0,0.0,3.0,3.0,493.0,146.0,0.0,0.0,-32.723428566547035,-2.3070813290867354,0,0
0.1,100.0,1440,1,30,30,0,0,150,25.0,3,15,5,0.1,3,inc_every3,8354.500000003862,9245.600000001219,-3.533875825877353,-2.3070813290867354,39.59477637033484,13.319741760100365,6466.5000000031805,8928.500000001039,1059.0,336.0,0.0,0.0,37.0,11.0,0.0,0.0,3.0,3.0,493.0,146.0,0.0,0.0,-32.723428566547035,-2.3070813290867354,0,0
0.1,100.0,1440,1,30,30,0,0,75,15.0,3,25,5,0.1,3,inc_every3,7821.900000002539,9594.200000001347,-4.7971838956863415,-1.2251835869690475,39.27472613610111,13.859972810248278,6197.500000001818,8870.700000000917,1090.0,429.0,0.0,0.0,15.0,5.0,0.0,0.0,3.0,3.0,558.0,236.0,0.0,0.0,-33.34663616788856,-1.2251835869690475,0,0
0.1,100.0,1440,1,30,30,0,0,75,15.0,3,25,99,0.0,1,flat,7821.900000002539,9594.200000001347,-4.7971838956863415,-1.2251835869690475,39.27472613610111,13.859972810248278,6197.500000001818,8870.700000000917,1090.0,429.0,0.0,0.0,15.0,5.0,0.0,0.0,3.0,3.0,558.0,236.0,0.0,0.0,-33.34663616788856,-1.2251835869690475,0,0
0.1,100.0,1440,1,30,30,0,0,300,25.0,3,25,99,0.0,1,flat,7916.3000000004895,9937.000000000426,-4.56835499407272,-0.18788952349010346,39.42341960527182,18.190528075743266,6289.0000000003765,8709.600000000313,783.0,342.0,0.0,0.0,14.0,5.0,0.0,0.0,3.0,3.0,208.0,103.0,0.0,0.0,-33.415194204616355,-0.18788952349010346,0,0
0.1,100.0,1440,1,30,30,0,0,300,25.0,3,25,5,0.1,3,inc_every3,7916.3000000004895,9937.000000000426,-4.56835499407272,-0.18788952349010346,39.42341960527182,18.190528075743266,6289.0000000003765,8709.600000000313,783.0,342.0,0.0,0.0,14.0,5.0,0.0,0.0,3.0,3.0,208.0,103.0,0.0,0.0,-33.415194204616355,-0.18788952349010346,0,0
0.1,100.0,1440,1,30,30,0,0,75,15.0,5,0,99,0.0,1,flat,6722.200000001711,8278.500000001826,-7.640446903521836,-5.466805004401887,38.074722063507885,26.064160583231555,6611.700000001671,7727.700000001685,331.0,216.0,0.0,0.0,0.0,0.0,0.0,0.0,5.0,5.0,95.0,58.0,0.0,0.0,-33.7898910305376,-7.595126170864996,0,0
0.1,100.0,1440,1,30,30,0,0,75,15.0,5,0,5,0.1,3,inc_every3,6722.200000001711,8278.500000001826,-7.640446903521836,-5.466805004401887,38.074722063507885,26.064160583231555,6611.700000001671,7727.700000001685,331.0,216.0,0.0,0.0,0.0,0.0,0.0,0.0,5.0,5.0,95.0,58.0,0.0,0.0,-33.7898910305376,-7.595126170864996,0,0
0.1,100.0,1440,1,30,30,0,0,400,5.3,3,0,99,0.0,1,flat,6569.300000000592,8022.500000001387,-8.064726898228503,-6.346326138460845,38.59422750424104,24.95439002262123,6329.400000000587,7527.600000001221,1070.0,681.0,0.0,0.0,0.0,0.0,0.0,0.0,3.0,3.0,54.0,36.0,0.0,0.0,-35.25318190671058,-6.346326138460845,0,0
0.1,100.0,1440,1,30,30,0,0,400,5.3,3,0,5,0.1,3,inc_every3,6569.300000000592,8022.500000001387,-8.064726898228503,-6.346326138460845,38.59422750424104,24.95439002262123,6329.400000000587,7527.600000001221,1070.0,681.0,0.0,0.0,0.0,0.0,0.0,0.0,3.0,3.0,54.0,36.0,0.0,0.0,-35.25318190671058,-6.346326138460845,0,0
0.1,100.0,1440,1,30,30,0,0,100,15.0,5,0,5,0.1,3,inc_every3,6519.200000000041,8669.200000000681,-8.205466731701005,-4.1606164493345865,39.17103209186078,23.993910696436508,6351.700000000044,8138.200000000608,366.0,250.0,0.0,0.0,0.0,0.0,0.0,0.0,5.0,5.0,82.0,55.0,0.0,0.0,-36.54753091542257,-4.1606164493345865,0,0
0.1,100.0,1440,1,30,30,0,0,100,15.0,5,0,99,0.0,1,flat,6519.200000000041,8669.200000000681,-8.205466731701005,-4.1606164493345865,39.17103209186078,23.993910696436508,6351.700000000044,8138.200000000608,366.0,250.0,0.0,0.0,0.0,0.0,0.0,0.0,5.0,5.0,82.0,55.0,0.0,0.0,-36.54753091542257,-4.1606164493345865,0,0
0.1,100.0,1440,1,30,30,0,0,300,15.0,3,25,99,0.0,1,flat,8610.500000000864,9711.90000000047,-2.9494577327677574,-0.8661373696648766,41.81725033213269,16.33419205316795,6700.500000000766,8736.300000000403,1458.0,633.0,0.0,0.0,14.0,5.0,0.0,0.0,3.0,3.0,280.0,123.0,0.0,0.0,-36.58395839703313,-0.8661373696648766,0,0
0.1,100.0,1440,1,30,30,0,0,300,15.0,3,25,5,0.1,3,inc_every3,8610.500000000864,9711.90000000047,-2.9494577327677574,-0.8661373696648766,41.81725033213269,16.33419205316795,6700.500000000766,8736.300000000403,1458.0,633.0,0.0,0.0,14.0,5.0,0.0,0.0,3.0,3.0,280.0,123.0,0.0,0.0,-36.58395839703313,-0.8661373696648766,0,0
0.1,100.0,1440,1,30,30,0,0,200,15.0,5,0,5,0.1,3,inc_every3,7484.800000001396,7850.600000001266,-5.632790371260199,-6.94803407045923,41.49935071420686,31.419625204559136,7027.800000001353,7249.7000000011685,486.0,294.0,0.0,0.0,0.0,0.0,0.0,0.0,5.0,5.0,53.0,33.0,0.0,0.0,-38.631491799673924,-19.7872844795775,0,0
0.1,100.0,1440,1,30,30,0,0,200,15.0,5,0,99,0.0,1,flat,7484.800000001396,7850.600000001266,-5.632790371260199,-6.94803407045923,41.49935071420686,31.419625204559136,7027.800000001353,7249.7000000011685,486.0,294.0,0.0,0.0,0.0,0.0,0.0,0.0,5.0,5.0,53.0,33.0,0.0,0.0,-38.631491799673924,-19.7872844795775,0,0
0.1,100.0,1440,1,30,30,0,0,100,15.0,3,25,5,0.1,3,inc_every3,7773.500000000191,9492.8000000004,-4.9153649504041,-1.5369956414867936,42.177816281260945,12.174753867789843,6073.700000000105,8991.900000000356,1160.0,464.0,0.0,0.0,15.0,5.0,0.0,0.0,3.0,3.0,507.0,197.0,0.0,0.0,-39.27099751292599,-1.5369956414867936,0,0
0.1,100.0,1440,1,30,30,0,0,100,15.0,3,25,99,0.0,1,flat,7773.500000000191,9492.8000000004,-4.9153649504041,-1.5369956414867936,42.177816281260945,12.174753867789843,6073.700000000105,8991.900000000356,1160.0,464.0,0.0,0.0,15.0,5.0,0.0,0.0,3.0,3.0,507.0,197.0,0.0,0.0,-39.27099751292599,-1.5369956414867936,0,0
0.1,100.0,1440,1,30,30,0,0,150,15.0,5,0,5,0.1,3,inc_every3,6928.300000002,8182.200000001705,-7.080592949280096,-5.795384241091361,41.326744134263556,27.441010865664538,6589.3000000019565,7706.200000001612,425.0,279.0,0.0,0.0,0.0,0.0,0.0,0.0,5.0,5.0,64.0,44.0,0.0,0.0,-39.73408121780721,-10.677405972420438,0,0
0.1,100.0,1440,1,30,30,0,0,150,15.0,5,0,99,0.0,1,flat,6928.300000002,8182.200000001705,-7.080592949280096,-5.795384241091361,41.326744134263556,27.441010865664538,6589.3000000019565,7706.200000001612,425.0,279.0,0.0,0.0,0.0,0.0,0.0,0.0,5.0,5.0,64.0,44.0,0.0,0.0,-39.73408121780721,-10.677405972420438,0,0
0.1,100.0,1440,1,30,30,0,0,75,10.0,5,0,5,0.1,3,inc_every3,6240.9000000022825,8660.400000002646,-9.003402432804675,-4.1895766291143,41.552686237147896,24.088939206916795,6106.400000002235,8180.100000002509,551.0,386.0,0.0,0.0,0.0,0.0,0.0,0.0,5.0,5.0,108.0,78.0,0.0,0.0,-42.10877490710047,-4.1895766291143,0,0
0.1,100.0,1440,1,30,30,0,0,75,10.0,5,0,99,0.0,1,flat,6240.9000000022825,8660.400000002646,-9.003402432804675,-4.1895766291143,41.552686237147896,24.088939206916795,6106.400000002235,8180.100000002509,551.0,386.0,0.0,0.0,0.0,0.0,0.0,0.0,5.0,5.0,108.0,78.0,0.0,0.0,-42.10877490710047,-4.1895766291143,0,0
0.1,100.0,1440,1,30,30,0,0,150,25.0,5,0,99,0.0,1,flat,6112.700000001154,9105.60000000126,-9.380584576787754,-2.749647481646844,42.34026476157617,22.741854864353712,5875.700000001125,8501.100000001174,217.0,152.0,0.0,0.0,0.0,0.0,0.0,0.0,5.0,5.0,46.0,37.0,0.0,0.0,-44.0611140999401,-2.749647481646844,0,0
0.1,100.0,1440,1,30,30,0,0,150,25.0,5,0,5,0.1,3,inc_every3,6112.700000001154,9105.60000000126,-9.380584576787754,-2.749647481646844,42.34026476157617,22.741854864353712,5875.700000001125,8501.100000001174,217.0,152.0,0.0,0.0,0.0,0.0,0.0,0.0,5.0,5.0,46.0,37.0,0.0,0.0,-44.0611140999401,-2.749647481646844,0,0
0.1,100.0,1440,1,30,30,0,0,200,25.0,5,0,99,0.0,1,flat,6112.500000000808,9030.10000000092,-9.381177927386009,-2.9903037115120212,44.56670858579463,23.101944190722463,5818.500000000771,8250.700000000827,237.0,164.0,0.0,0.0,0.0,0.0,0.0,0.0,5.0,5.0,39.0,31.0,0.0,0.0,-48.51459509897526,-2.9903037115120212,0,0
0.1,100.0,1440,1,30,30,0,0,200,25.0,5,0,5,0.1,3,inc_every3,6112.500000000808,9030.10000000092,-9.381177927386009,-2.9903037115120212,44.56670858579463,23.101944190722463,5818.500000000771,8250.700000000827,237.0,164.0,0.0,0.0,0.0,0.0,0.0,0.0,5.0,5.0,39.0,31.0,0.0,0.0,-48.51459509897526,-2.9903037115120212,0,0
0.1,100.0,1440,1,30,30,0,0,75,25.0,3,6,5,0.1,3,inc_every3,6910.900000007614,9160.900000003197,-7.127339888421114,-2.574266577254869,47.11674938081018,12.897987646929812,5402.5000000060145,8743.300000001187,1742.0,704.0,0.0,0.0,177.0,70.0,0.0,0.0,3.0,3.0,1231.0,506.0,0.0,0.0,-51.360838650041465,-2.574266577254869,0,0
0.1,100.0,1440,1,30,30,0,0,75,25.0,3,6,99,0.0,1,flat,6910.900000007614,9160.900000003197,-7.127339888421114,-2.574266577254869,47.11674938081018,12.897987646929812,5402.5000000060145,8743.300000001187,1742.0,704.0,0.0,0.0,177.0,70.0,0.0,0.0,3.0,3.0,1231.0,506.0,0.0,0.0,-51.360838650041465,-2.574266577254869,0,0
0.1,100.0,1440,1,30,30,0,0,400,15.0,3,25,5,0.1,3,inc_every3,7763.200000001924,9748.400000001064,-4.940590971987735,-0.7554145885345642,48.484311591441696,20.209150074346656,6106.000000001801,8263.300000000678,1534.0,678.0,0.0,0.0,14.0,5.0,0.0,0.0,3.0,3.0,209.0,100.0,0.0,0.0,-51.90921415487112,-0.7554145885345642,0,0
0.1,100.0,1440,1,30,30,0,0,400,15.0,3,25,99,0.0,1,flat,7763.200000001924,9748.400000001064,-4.940590971987735,-0.7554145885345642,48.484311591441696,20.209150074346656,6106.000000001801,8263.300000000678,1534.0,678.0,0.0,0.0,14.0,5.0,0.0,0.0,3.0,3.0,209.0,100.0,0.0,0.0,-51.90921415487112,-0.7554145885345642,0,0
0.1,100.0,1440,1,30,30,0,0,200,25.0,3,15,99,0.0,1,flat,7801.800000002562,9911.200000000925,-4.846192001952165,-0.2650762777027582,48.63383925009926,7.190797622590134,5540.200000002194,9590.900000000433,1106.0,333.0,0.0,0.0,36.0,10.0,0.0,0.0,3.0,3.0,410.0,129.0,0.0,0.0,-52.113870502150675,-0.2650762777027582,0,0
0.1,100.0,1440,1,30,30,0,0,200,25.0,3,15,5,0.1,3,inc_every3,7801.800000002562,9911.200000000925,-4.846192001952165,-0.2650762777027582,48.63383925009926,7.190797622590134,5540.200000002194,9590.900000000433,1106.0,333.0,0.0,0.0,36.0,10.0,0.0,0.0,3.0,3.0,410.0,129.0,0.0,0.0,-52.113870502150675,-0.2650762777027582,0,0
0.1,100.0,1440,1,30,30,0,0,400,25.0,5,0,5,0.1,3,inc_every3,12886.00000000088,7635.400000000631,5.205074734243587,-7.714495711863023,54.416568901719245,35.223573249652574,5051.100000000668,6605.90000000054,413.0,169.0,0.0,0.0,0.0,0.0,0.0,0.0,5.0,5.0,43.0,13.0,0.0,0.0,-53.6280630691949,-28.16164221116817,0,0
0.1,100.0,1440,1,30,30,0,0,400,25.0,5,0,99,0.0,1,flat,12886.00000000088,7635.400000000631,5.205074734243587,-7.714495711863023,54.416568901719245,35.223573249652574,5051.100000000668,6605.90000000054,413.0,169.0,0.0,0.0,0.0,0.0,0.0,0.0,5.0,5.0,43.0,13.0,0.0,0.0,-53.6280630691949,-28.16164221116817,0,0
0.1,100.0,1440,1,30,30,0,0,75,25.0,3,10,99,0.0,1,flat,8382.3000000054,8282.500000002363,-3.469723930481805,-5.453215059706251,50.12133035158202,20.971551208783225,5241.50000000432,8064.300000002249,1313.0,486.0,0.0,0.0,80.0,30.0,0.0,0.0,3.0,3.0,908.0,336.0,0.0,0.0,-53.71238463364584,-5.453215059706251,0,0
0.1,100.0,1440,1,30,30,0,0,75,25.0,3,10,5,0.1,3,inc_every3,8382.3000000054,8282.500000002363,-3.469723930481805,-5.453215059706251,50.12133035158202,20.971551208783225,5241.50000000432,8064.300000002249,1313.0,486.0,0.0,0.0,80.0,30.0,0.0,0.0,3.0,3.0,908.0,336.0,0.0,0.0,-53.71238463364584,-5.453215059706251,0,0
0.1,100.0,1440,1,30,30,0,0,200,15.0,3,25,5,0.1,3,inc_every3,7038.600000001977,9584.70000000093,-6.786425224562587,-1.2542981890766636,49.89763344037902,14.176049622911165,5163.600000001536,8910.500000000706,1368.0,566.0,0.0,0.0,15.0,5.0,0.0,0.0,3.0,3.0,372.0,148.0,0.0,0.0,-56.58169210532062,-1.2542981890766636,0,0
0.1,100.0,1440,1,30,30,0,0,200,15.0,3,25,99,0.0,1,flat,7038.600000001977,9584.70000000093,-6.786425224562587,-1.2542981890766636,49.89763344037902,14.176049622911165,5163.600000001536,8910.500000000706,1368.0,566.0,0.0,0.0,15.0,5.0,0.0,0.0,3.0,3.0,372.0,148.0,0.0,0.0,-56.58169210532062,-1.2542981890766636,0,0
0.1,100.0,1440,1,30,30,0,0,150,10.0,5,0,5,0.1,3,inc_every3,5916.70000000242,8755.800000002344,-9.969664064719952,-3.8767174660332637,48.373324936777394,25.949395984170565,5574.700000002369,8109.800000002175,679.0,499.0,0.0,0.0,0.0,0.0,0.0,0.0,5.0,5.0,67.0,44.0,0.0,0.0,-56.71631393827474,-5.775509434374393,0,0
0.1,100.0,1440,1,30,30,0,0,150,10.0,5,0,99,0.0,1,flat,5916.70000000242,8755.800000002344,-9.969664064719952,-3.8767174660332637,48.373324936777394,25.949395984170565,5574.700000002369,8109.800000002175,679.0,499.0,0.0,0.0,0.0,0.0,0.0,0.0,5.0,5.0,67.0,44.0,0.0,0.0,-56.71631393827474,-5.775509434374393,0,0
0.1,100.0,1440,1,30,30,0,0,75,10.0,3,25,5,0.1,3,inc_every3,6086.500000002984,8463.400000001624,-9.45844607344305,-4.843370266743186,49.00255503142459,22.07256244803253,5189.50000000226,7874.100000001128,1690.0,665.0,0.0,0.0,15.0,5.0,0.0,0.0,3.0,3.0,703.0,273.0,0.0,0.0,-57.46355613629223,-4.843370266743186,0,0
0.1,100.0,1440,1,30,30,0,0,75,10.0,3,25,99,0.0,1,flat,6086.500000002984,8463.400000001624,-9.45844607344305,-4.843370266743186,49.00255503142459,22.07256244803253,5189.50000000226,7874.100000001128,1690.0,665.0,0.0,0.0,15.0,5.0,0.0,0.0,3.0,3.0,703.0,273.0,0.0,0.0,-57.46355613629223,-4.843370266743186,0,0
0.1,100.0,1440,1,30,30,0,0,100,10.0,5,0,5,0.1,3,inc_every3,5398.699999999913,8866.600000000943,-11.605329914642216,-3.516345876245164,48.662401719002645,24.841145384826714,5256.199999999921,8291.60000000086,579.0,442.0,0.0,0.0,0.0,0.0,0.0,0.0,5.0,5.0,91.0,66.0,0.0,0.0,-58.9301333526475,-3.516345876245164,0,0
0.1,100.0,1440,1,30,30,0,0,100,10.0,5,0,99,0.0,1,flat,5398.699999999913,8866.600000000943,-11.605329914642216,-3.516345876245164,48.662401719002645,24.841145384826714,5256.199999999921,8291.60000000086,579.0,442.0,0.0,0.0,0.0,0.0,0.0,0.0,5.0,5.0,91.0,66.0,0.0,0.0,-58.9301333526475,-3.516345876245164,0,0
0.1,100.0,1440,1,30,30,0,0,400,15.0,5,0,5,0.1,3,inc_every3,12575.90000000118,7221.400000000989,4.693477079337649,-9.232777758822664,57.71535615429164,38.48544421938228,4537.100000000832,6195.500000000862,803.0,322.0,0.0,0.0,0.0,0.0,0.0,0.0,5.0,5.0,44.0,13.0,0.0,0.0,-60.737235229245634,-36.203666197587225,0,0
0.1,100.0,1440,1,30,30,0,0,400,15.0,5,0,99,0.0,1,flat,12575.90000000118,7221.400000000989,4.693477079337649,-9.232777758822664,57.71535615429164,38.48544421938228,4537.100000000832,6195.500000000862,803.0,322.0,0.0,0.0,0.0,0.0,0.0,0.0,5.0,5.0,44.0,13.0,0.0,0.0,-60.737235229245634,-36.203666197587225,0,0
0.1,100.0,1440,1,30,30,0,0,300,25.0,5,0,5,0.1,3,inc_every3,6094.600000000202,8309.200000000435,-9.434345807324362,-5.3626200661082475,50.67273573116022,32.281340427515154,5407.600000000202,7254.700000000386,269.0,174.0,0.0,0.0,0.0,0.0,0.0,0.0,5.0,5.0,30.0,20.0,0.0,0.0,-60.77981726964481,-19.925300921138557,0,0
0.1,100.0,1440,1,30,30,0,0,300,25.0,5,0,99,0.0,1,flat,6094.600000000202,8309.200000000435,-9.434345807324362,-5.3626200661082475,50.67273573116022,32.281340427515154,5407.600000000202,7254.700000000386,269.0,174.0,0.0,0.0,0.0,0.0,0.0,0.0,5.0,5.0,30.0,20.0,0.0,0.0,-60.77981726964481,-19.925300921138557,0,0
0.1,100.0,1440,1,30,30,0,0,200,10.0,5,0,5,0.1,3,inc_every3,5875.100000001472,7424.100000001525,-10.096696566341091,-8.48197641567655,50.45180584732134,36.73683008525159,5401.100000001436,6648.200000001376,747.0,464.0,0.0,0.0,0.0,0.0,0.0,0.0,5.0,5.0,54.0,34.0,0.0,0.0,-61.00030826098377,-31.95563658617973,0,0
0.1,100.0,1440,1,30,30,0,0,200,10.0,5,0,99,0.0,1,flat,5875.100000001472,7424.100000001525,-10.096696566341091,-8.48197641567655,50.45180584732134,36.73683008525159,5401.100000001436,6648.200000001376,747.0,464.0,0.0,0.0,0.0,0.0,0.0,0.0,5.0,5.0,54.0,34.0,0.0,0.0,-61.00030826098377,-31.95563658617973,0,0
0.1,100.0,1440,1,30,30,0,0,400,5.3,3,25,99,0.0,1,flat,8031.000000003074,7410.100000001552,-4.293237036989739,-8.533366271601906,54.214065799121634,32.78235816043892,4922.400000002505,6742.400000001112,4002.0,1880.0,0.0,0.0,11.0,5.0,0.0,0.0,3.0,3.0,239.0,115.0,0.0,0.0,-62.721368635233006,-24.09808259247974,0,0
0.1,100.0,1440,1,30,30,0,0,400,5.3,3,25,5,0.1,3,inc_every3,8031.000000003074,7410.100000001552,-4.293237036989739,-8.533366271601906,54.214065799121634,32.78235816043892,4922.400000002505,6742.400000001112,4002.0,1880.0,0.0,0.0,11.0,5.0,0.0,0.0,3.0,3.0,239.0,115.0,0.0,0.0,-62.721368635233006,-24.09808259247974,0,0
0.1,100.0,1440,1,30,30,0,0,300,25.0,3,15,99,0.0,1,flat,6525.80000000095,10563.700000000417,-8.186876782374174,1.6452528715235282,53.00892359173868,10.285878465735271,5055.300000000834,9367.500000000337,1178.0,384.0,0.0,0.0,35.0,10.0,0.0,0.0,3.0,3.0,321.0,122.0,0.0,0.0,-64.20472396585153,1.6452528715235282,0,0
0.1,100.0,1440,1,30,30,0,0,300,25.0,3,15,5,0.1,3,inc_every3,6525.80000000095,10563.700000000417,-8.186876782374174,1.6452528715235282,53.00892359173868,10.285878465735271,5055.300000000834,9367.500000000337,1178.0,384.0,0.0,0.0,35.0,10.0,0.0,0.0,3.0,3.0,321.0,122.0,0.0,0.0,-64.20472396585153,1.6452528715235282,0,0
0.1,100.0,1440,1,30,30,0,0,300,25.0,3,10,5,0.1,3,inc_every3,7540.800000001328,9083.000000000411,-5.4919196270121535,-2.8215375174493795,54.43800443106993,18.2865913213333,4606.500000001105,8784.600000000402,1643.0,559.0,0.0,0.0,71.0,24.0,0.0,0.0,3.0,3.0,460.0,166.0,0.0,0.0,-64.367928489152,-2.8215375174493795,0,0
0.1,100.0,1440,1,30,30,0,0,300,25.0,3,10,99,0.0,1,flat,7540.800000001328,9083.000000000411,-5.4919196270121535,-2.8215375174493795,54.43800443106993,18.2865913213333,4606.500000001105,8784.600000000402,1643.0,559.0,0.0,0.0,71.0,24.0,0.0,0.0,3.0,3.0,460.0,166.0,0.0,0.0,-64.367928489152,-2.8215375174493795,0,0
0.1,100.0,1440,1,30,30,0,0,75,25.0,8,0,99,0.0,1,flat,5599.7000000032385,8039.300000001993,-10.95632501387902,-6.288007963686837,52.97793090602364,34.32427536230632,5049.700000002926,7250.600000001883,228.0,150.0,0.0,0.0,0.0,0.0,0.0,0.0,8.0,8.0,54.0,39.0,0.0,0.0,-66.9121868259263,-24.93655868829947,0,0
0.1,100.0,1440,1,30,30,0,0,150,15.0,3,25,5,0.1,3,inc_every3,5999.000000002665,8851.100000001152,-9.720437688226847,-3.5665678583686966,54.08208274927285,18.716265499629973,4684.500000002043,8358.000000000811,1224.0,494.0,0.0,0.0,15.0,5.0,0.0,0.0,3.0,3.0,410.0,156.0,0.0,0.0,-67.88460318677255,-3.5665678583686966,0,0
0.1,100.0,1440,1,30,30,0,0,150,15.0,3,25,99,0.0,1,flat,5999.000000002665,8851.100000001152,-9.720437688226847,-3.5665678583686966,54.08208274927285,18.716265499629973,4684.500000002043,8358.000000000811,1224.0,494.0,0.0,0.0,15.0,5.0,0.0,0.0,3.0,3.0,410.0,156.0,0.0,0.0,-67.88460318677255,-3.5665678583686966,0,0
0.1,100.0,1440,1,30,30,0,0,300,10.0,3,25,99,0.0,1,flat,6539.100000000986,9811.90000000048,-8.14946085913071,-0.5634792806800903,54.8917931680025,20.83055573811812,4914.900000000951,8432.100000000462,2238.0,1045.0,0.0,0.0,14.0,5.0,0.0,0.0,3.0,3.0,305.0,131.0,0.0,0.0,-67.93304719513571,-0.5634792806800903,0,0
0.1,100.0,1440,1,30,30,0,0,300,10.0,3,25,5,0.1,3,inc_every3,6539.100000000986,9811.90000000048,-8.14946085913071,-0.5634792806800903,54.8917931680025,20.83055573811812,4914.900000000951,8432.100000000462,2238.0,1045.0,0.0,0.0,14.0,5.0,0.0,0.0,3.0,3.0,305.0,131.0,0.0,0.0,-67.93304719513571,-0.5634792806800903,0,0
0.1,100.0,1440,1,30,30,0,0,400,10.0,5,0,99,0.0,1,flat,11119.000000001219,6830.400000001251,2.1453523890412107,-10.723932217547361,61.28328490448367,43.90210026090972,4063.900000000951,5654.50000000109,1241.0,500.0,0.0,0.0,0.0,0.0,0.0,0.0,5.0,5.0,41.0,14.0,0.0,0.0,-70.42121741992614,-48.5281327393668,0,0
0.1,100.0,1440,1,30,30,0,0,400,10.0,5,0,5,0.1,3,inc_every3,11119.000000001219,6830.400000001251,2.1453523890412107,-10.723932217547361,61.28328490448367,43.90210026090972,4063.900000000951,5654.50000000109,1241.0,500.0,0.0,0.0,0.0,0.0,0.0,0.0,5.0,5.0,41.0,14.0,0.0,0.0,-70.42121741992614,-48.5281327393668,0,0
0.1,100.0,1440,1,30,30,0,0,150,5.3,5,0,5,0.1,3,inc_every3,6944.9000000035485,7030.200000003593,-7.036082743581639,-9.954674828435028,57.02748667468867,36.44536790998749,4522.900000003003,6362.200000003217,1656.0,909.0,0.0,0.0,0.0,0.0,0.0,0.0,5.0,5.0,94.0,48.0,0.0,0.0,-71.09105609295898,-32.84541064841001,0,0
0.1,100.0,1440,1,30,30,0,0,150,5.3,5,0,99,0.0,1,flat,6944.9000000035485,7030.200000003593,-7.036082743581639,-9.954674828435028,57.02748667468867,36.44536790998749,4522.900000003003,6362.200000003217,1656.0,909.0,0.0,0.0,0.0,0.0,0.0,0.0,5.0,5.0,94.0,48.0,0.0,0.0,-71.09105609295898,-32.84541064841001,0,0
0.1,100.0,1440,1,30,30,0,0,400,10.0,3,25,5,0.1,3,inc_every3,8162.700000002098,9402.200000001018,-3.9811925984849617,-1.8175822085504834,58.85626911313572,23.436745416960218,4708.900000001798,7926.900000000664,2316.0,1065.0,0.0,0.0,13.0,5.0,0.0,0.0,3.0,3.0,233.0,107.0,0.0,0.0,-71.6937308247564,-1.8175822085504834,0,0
0.1,100.0,1440,1,30,30,0,0,400,10.0,3,25,99,0.0,1,flat,8162.700000002098,9402.200000001018,-3.9811925984849617,-1.8175822085504834,58.85626911313572,23.436745416960218,4708.900000001798,7926.900000000664,2316.0,1065.0,0.0,0.0,13.0,5.0,0.0,0.0,3.0,3.0,233.0,107.0,0.0,0.0,-71.6937308247564,-1.8175822085504834,0,0
0.1,100.0,1440,1,30,30,0,0,100,25.0,3,6,99,0.0,1,flat,6023.800000002206,8748.700000001138,-9.645873047044407,-3.899918830854232,57.21132057276207,15.305241643424164,4437.400000001849,8536.300000000972,1789.0,745.0,0.0,0.0,175.0,70.0,0.0,0.0,3.0,3.0,1132.0,462.0,0.0,0.0,-74.06851419256854,-3.899918830854232,0,0
0.1,100.0,1440,1,30,30,0,0,100,25.0,3,6,5,0.1,3,inc_every3,6023.800000002206,8748.700000001138,-9.645873047044407,-3.899918830854232,57.21132057276207,15.305241643424164,4437.400000001849,8536.300000000972,1789.0,745.0,0.0,0.0,175.0,70.0,0.0,0.0,3.0,3.0,1132.0,462.0,0.0,0.0,-74.06851419256854,-3.899918830854232,0,0
0.1,100.0,1440,1,30,30,0,0,400,5.3,5,0,5,0.1,3,inc_every3,10782.600000002021,6782.200000001969,1.5192921730969422,-10.911869955036623,63.43086683266927,51.991075519416476,4934.200000001867,4820.000000001626,2570.0,893.0,0.0,0.0,0.0,0.0,0.0,0.0,5.0,5.0,54.0,15.0,0.0,0.0,-75.34244149224159,-64.89402099386957,0,0
0.1,100.0,1440,1,30,30,0,0,400,5.3,5,0,99,0.0,1,flat,10782.600000002021,6782.200000001969,1.5192921730969422,-10.911869955036623,63.43086683266927,51.991075519416476,4934.200000001867,4820.000000001626,2570.0,893.0,0.0,0.0,0.0,0.0,0.0,0.0,5.0,5.0,54.0,15.0,0.0,0.0,-75.34244149224159,-64.89402099386957,0,0
0.1,100.0,1440,1,30,30,0,0,150,25.0,3,6,5,0.1,3,inc_every3,5670.200000006928,8290.300000002719,-10.73310192198088,-5.426727921803964,57.976333793291346,22.966125818370532,4293.600000005662,8118.6000000023105,1936.0,798.0,0.0,0.0,170.0,68.0,0.0,0.0,3.0,3.0,938.0,381.0,0.0,0.0,-76.68576950856357,-5.426727921803964,0,0
0.1,100.0,1440,1,30,30,0,0,150,25.0,3,6,99,0.0,1,flat,5670.200000006928,8290.300000002719,-10.73310192198088,-5.426727921803964,57.976333793291346,22.966125818370532,4293.600000005662,8118.6000000023105,1936.0,798.0,0.0,0.0,170.0,68.0,0.0,0.0,3.0,3.0,938.0,381.0,0.0,0.0,-76.68576950856357,-5.426727921803964,0,0
0.1,100.0,1440,1,30,30,0,0,400,25.0,3,10,5,0.1,3,inc_every3,6773.400000002998,8558.200000001012,-7.500098019770796,-4.527433502303502,60.52495335590985,21.789369742309297,4041.1000000023587,8237.300000001014,1655.0,569.0,0.0,0.0,67.0,23.0,0.0,0.0,3.0,3.0,353.0,133.0,0.0,0.0,-78.55000473159049,-4.527433502303502,0,0
0.1,100.0,1440,1,30,30,0,0,400,25.0,3,10,99,0.0,1,flat,6773.400000002998,8558.200000001012,-7.500098019770796,-4.527433502303502,60.52495335590985,21.789369742309297,4041.1000000023587,8237.300000001014,1655.0,569.0,0.0,0.0,67.0,23.0,0.0,0.0,3.0,3.0,353.0,133.0,0.0,0.0,-78.55000473159049,-4.527433502303502,0,0
0.1,100.0,1440,1,30,30,0,0,100,10.0,3,25,5,0.1,3,inc_every3,5060.000000000146,8309.100000000355,-12.74405921117545,-5.362958991441468,58.94356446338684,22.78132136388575,4180.89999999993,7844.800000000312,1771.0,707.0,0.0,0.0,15.0,5.0,0.0,0.0,3.0,3.0,591.0,234.0,0.0,0.0,-80.63118813794914,-5.362958991441468,0,0
0.1,100.0,1440,1,30,30,0,0,100,10.0,3,25,99,0.0,1,flat,5060.000000000146,8309.100000000355,-12.74405921117545,-5.362958991441468,58.94356446338684,22.78132136388575,4180.89999999993,7844.800000000312,1771.0,707.0,0.0,0.0,15.0,5.0,0.0,0.0,3.0,3.0,591.0,234.0,0.0,0.0,-80.63118813794914,-5.362958991441468,0,0
0.1,100.0,1440,1,30,30,0,0,75,25.0,5,25,5,0.1,3,inc_every3,7396.900000008776,9588.800000003128,-5.855616836874955,-1.2417304545652263,62.42590911512222,17.078293960272216,4221.900000006998,8803.30000000196,1101.0,362.0,0.0,0.0,37.0,11.0,0.0,0.0,5.0,5.0,502.0,150.0,0.0,0.0,-80.70743506711939,-1.2417304545652263,0,0
0.1,100.0,1440,1,30,30,0,0,75,25.0,5,25,99,0.0,1,flat,7396.900000008776,9588.800000003128,-5.855616836874955,-1.2417304545652263,62.42590911512222,17.078293960272216,4221.900000006998,8803.30000000196,1101.0,362.0,0.0,0.0,37.0,11.0,0.0,0.0,5.0,5.0,502.0,150.0,0.0,0.0,-80.70743506711939,-1.2417304545652263,0,0
0.1,100.0,1440,1,30,30,0,0,100,5.3,5,0,5,0.1,3,inc_every3,4478.500000000553,7606.900000002008,-14.849906730411899,-7.817135423588251,58.51358160849237,31.528588324240804,4363.500000000542,7063.100000001847,1221.0,866.0,0.0,0.0,0.0,0.0,0.0,0.0,5.0,5.0,109.0,70.0,0.0,0.0,-81.87706994739665,-20.87431207206986,0,0
0.1,100.0,1440,1,30,30,0,0,100,5.3,5,0,99,0.0,1,flat,4478.500000000553,7606.900000002008,-14.849906730411899,-7.817135423588251,58.51358160849237,31.528588324240804,4363.500000000542,7063.100000001847,1221.0,866.0,0.0,0.0,0.0,0.0,0.0,0.0,5.0,5.0,109.0,70.0,0.0,0.0,-81.87706994739665,-20.87431207206986,0,0
0.1,100.0,1440,1,30,30,0,0,150,10.0,3,25,99,0.0,1,flat,5220.300000003326,9343.100000001472,-12.197758871691121,-2.001638874824696,60.553551363154334,17.133927058417306,4002.000000002552,8802.200000001123,1969.0,850.0,0.0,0.0,15.0,5.0,0.0,0.0,3.0,3.0,484.0,197.0,0.0,0.0,-83.30486159799979,-2.001638874824696,0,0
0.1,100.0,1440,1,30,30,0,0,150,10.0,3,25,5,0.1,3,inc_every3,5220.300000003326,9343.100000001472,-12.197758871691121,-2.001638874824696,60.553551363154334,17.133927058417306,4002.000000002552,8802.200000001123,1969.0,850.0,0.0,0.0,15.0,5.0,0.0,0.0,3.0,3.0,484.0,197.0,0.0,0.0,-83.30486159799979,-2.001638874824696,0,0
0.1,100.0,1440,1,30,30,0,0,300,15.0,5,0,99,0.0,1,flat,4976.300000000425,7396.000000000624,-13.034829347338729,-8.58519217609308,60.135672869212875,38.305390716517365,4207.600000000421,6425.0000000005675,472.0,311.0,0.0,0.0,0.0,0.0,0.0,0.0,5.0,5.0,30.0,19.0,0.0,0.0,-83.30617508576448,-35.19597360912781,0,0
0.1,100.0,1440,1,30,30,0,0,300,15.0,5,0,5,0.1,3,inc_every3,4976.300000000425,7396.000000000624,-13.034829347338729,-8.58519217609308,60.135672869212875,38.305390716517365,4207.600000000421,6425.0000000005675,472.0,311.0,0.0,0.0,0.0,0.0,0.0,0.0,5.0,5.0,30.0,19.0,0.0,0.0,-83.30617508576448,-35.19597360912781,0,0
0.1,100.0,1440,1,30,30,0,0,200,5.3,3,25,5,0.1,3,inc_every3,6157.500000003664,7789.500000001726,-9.248063655775018,-7.164133371378789,62.235058100625864,28.074874122251863,3896.700000003387,7385.200000001649,3948.0,1710.0,0.0,0.0,13.0,5.0,0.0,0.0,3.0,3.0,490.0,182.0,0.0,0.0,-83.71817985702674,-13.313881615882515,0,0
0.1,100.0,1440,1,30,30,0,0,200,5.3,3,25,99,0.0,1,flat,6157.500000003664,7789.500000001726,-9.248063655775018,-7.164133371378789,62.235058100625864,28.074874122251863,3896.700000003387,7385.200000001649,3948.0,1710.0,0.0,0.0,13.0,5.0,0.0,0.0,3.0,3.0,490.0,182.0,0.0,0.0,-83.71817985702674,-13.313881615882515,0,0
0.1,100.0,1440,1,30,30,0,0,300,10.0,5,0,5,0.1,3,inc_every3,4906.300000000316,7255.9000000009055,-13.281025635355592,-9.103953368739514,60.53072901252461,41.534363550685185,4001.000000000382,6079.900000000831,770.0,506.0,0.0,0.0,0.0,0.0,0.0,0.0,5.0,5.0,35.0,19.0,0.0,0.0,-84.34248366040481,-42.17268047010988,0,0
0.1,100.0,1440,1,30,30,0,0,300,10.0,5,0,99,0.0,1,flat,4906.300000000316,7255.9000000009055,-13.281025635355592,-9.103953368739514,60.53072901252461,41.534363550685185,4001.000000000382,6079.900000000831,770.0,506.0,0.0,0.0,0.0,0.0,0.0,0.0,5.0,5.0,35.0,19.0,0.0,0.0,-84.34248366040481,-42.17268047010988,0,0
0.1,100.0,1440,1,30,30,0,0,200,15.0,3,15,5,0.1,3,inc_every3,5704.900000003283,8923.800000001283,-10.624046134310861,-3.3315425259890175,61.98589443824222,19.257775252104054,3967.000000002865,8382.900000001,1974.0,660.0,0.0,0.0,36.0,11.0,0.0,0.0,3.0,3.0,521.0,170.0,0.0,0.0,-84.5958350107953,-3.3315425259890175,0,0
0.1,100.0,1440,1,30,30,0,0,200,15.0,3,15,99,0.0,1,flat,5704.900000003283,8923.800000001283,-10.624046134310861,-3.3315425259890175,61.98589443824222,19.257775252104054,3967.000000002865,8382.900000001,1974.0,660.0,0.0,0.0,36.0,11.0,0.0,0.0,3.0,3.0,521.0,170.0,0.0,0.0,-84.5958350107953,-3.3315425259890175,0,0
0.1,100.0,1440,1,30,30,0,0,100,25.0,3,10,5,0.1,3,inc_every3,6296.700000001269,8171.600000000977,-8.84116457564803,-5.831717500383693,65.21243866343717,21.225817937246124,3573.1000000010777,7964.700000000961,1371.0,499.0,0.0,0.0,80.0,29.0,0.0,0.0,3.0,3.0,804.0,300.0,0.0,0.0,-89.26604190252237,-5.831717500383693,0,0
0.1,100.0,1440,1,30,30,0,0,100,25.0,3,10,99,0.0,1,flat,6296.700000001269,8171.600000000977,-8.84116457564803,-5.831717500383693,65.21243866343717,21.225817937246124,3573.1000000010777,7964.700000000961,1371.0,499.0,0.0,0.0,80.0,29.0,0.0,0.0,3.0,3.0,804.0,300.0,0.0,0.0,-89.26604190252237,-5.831717500383693,0,0
0.1,100.0,1440,1,30,30,0,0,200,10.0,3,25,5,0.1,3,inc_every3,5559.600000002471,8686.500000000906,-11.084297799057097,-4.103743513554825,64.2070832839058,21.468932020042406,3622.1000000018767,8116.500000000724,2152.0,872.0,0.0,0.0,15.0,5.0,0.0,0.0,3.0,3.0,423.0,160.0,0.0,0.0,-89.4984643668687,-4.103743513554825,0,0
0.1,100.0,1440,1,30,30,0,0,200,10.0,3,25,99,0.0,1,flat,5559.600000002471,8686.500000000906,-11.084297799057097,-4.103743513554825,64.2070832839058,21.468932020042406,3622.1000000018767,8116.500000000724,2152.0,872.0,0.0,0.0,15.0,5.0,0.0,0.0,3.0,3.0,423.0,160.0,0.0,0.0,-89.4984643668687,-4.103743513554825,0,0
0.1,100.0,1440,1,30,30,0,0,75,5.3,5,0,99,0.0,1,flat,3972.1000000029926,8069.400000004443,-16.870251865347875,-6.18373496097635,61.91331135700766,29.717290648110094,3882.1000000029635,7604.800000004205,1047.0,812.0,0.0,0.0,0.0,0.0,0.0,0.0,5.0,5.0,124.0,99.0,0.0,0.0,-90.6968745793632,-15.618316257196538,0,0
0.1,100.0,1440,1,30,30,0,0,75,5.3,5,0,5,0.1,3,inc_every3,3972.1000000029926,8069.400000004443,-16.870251865347875,-6.18373496097635,61.91331135700766,29.717290648110094,3882.1000000029635,7604.800000004205,1047.0,812.0,0.0,0.0,0.0,0.0,0.0,0.0,5.0,5.0,124.0,99.0,0.0,0.0,-90.6968745793632,-15.618316257196538,0,0
0.1,100.0,1440,1,30,30,0,0,75,15.0,8,0,99,0.0,1,flat,4277.300000004307,8038.300000003339,-15.629584796832397,-6.291476886269254,63.18076958565013,34.88065444953571,3990.1000000041968,7259.700000003133,423.0,300.0,0.0,0.0,0.0,0.0,0.0,0.0,8.0,8.0,65.0,48.0,0.0,0.0,-91.99112396813265,-26.052785785340678,0,0
0.1,100.0,1440,1,30,30,0,0,75,15.0,3,15,5,0.1,3,inc_every3,4538.800000005374,8492.100000001832,-14.62169853189712,-4.747461517054963,63.829544698877825,18.758074072620612,3807.7000000045387,8364.100000001732,1622.0,594.0,0.0,0.0,39.0,13.0,0.0,0.0,3.0,3.0,845.0,311.0,0.0,0.0,-92.28078792965277,-4.747461517054963,0,0
0.1,100.0,1440,1,30,30,0,0,75,15.0,3,15,99,0.0,1,flat,4538.800000005374,8492.100000001832,-14.62169853189712,-4.747461517054963,63.829544698877825,18.758074072620612,3807.7000000045387,8364.100000001732,1622.0,594.0,0.0,0.0,39.0,13.0,0.0,0.0,3.0,3.0,845.0,311.0,0.0,0.0,-92.28078792965277,-4.747461517054963,0,0
0.1,100.0,1440,1,30,30,0,0,300,25.0,8,4,5,0.1,3,inc_every3,5206.300000002509,4558.800000000967,-12.244931711374452,-20.844349624409663,65.48692671649825,61.41244892424507,3494.000000002257,4126.900000000959,2540.0,1157.0,0.0,0.0,290.0,137.0,0.0,0.0,5.0,5.0,0.0,0.0,0.0,0.0,-93.21878514437094,-93.6692474728998,0,0
0.1,100.0,1440,1,30,30,0,0,300,25.0,5,4,5,0.1,3,inc_every3,5206.300000002509,4558.800000000967,-12.244931711374452,-20.844349624409663,65.48692671649825,61.41244892424507,3494.000000002257,4126.900000000959,2540.0,1157.0,0.0,0.0,290.0,137.0,0.0,0.0,5.0,5.0,356.0,174.0,0.0,0.0,-93.21878514437094,-93.6692474728998,0,0
0.1,100.0,1440,1,30,30,0,0,300,25.0,12,4,5,0.1,3,inc_every3,5206.300000002509,4558.800000000967,-12.244931711374452,-20.844349624409663,65.48692671649825,61.41244892424507,3494.000000002257,4126.900000000959,2540.0,1157.0,0.0,0.0,290.0,137.0,0.0,0.0,5.0,5.0,0.0,0.0,0.0,0.0,-93.21878514437094,-93.6692474728998,0,0
0.1,100.0,1440,1,30,30,0,0,300,25.0,8,4,99,0.0,1,flat,5206.300000002509,4558.800000000967,-12.244931711374452,-20.844349624409663,65.48692671649825,61.41244892424507,3494.000000002257,4126.900000000959,2540.0,1157.0,0.0,0.0,290.0,137.0,0.0,0.0,5.0,5.0,0.0,0.0,0.0,0.0,-93.21878514437094,-93.6692474728998,0,0
0.1,100.0,1440,1,30,30,0,0,300,25.0,18,4,5,0.1,3,inc_every3,5206.300000002509,4558.800000000967,-12.244931711374452,-20.844349624409663,65.48692671649825,61.41244892424507,3494.000000002257,4126.900000000959,2540.0,1157.0,0.0,0.0,290.0,137.0,0.0,0.0,5.0,5.0,0.0,0.0,0.0,0.0,-93.21878514437094,-93.6692474728998,0,0
0.1,100.0,1440,1,30,30,0,0,300,25.0,18,4,99,0.0,1,flat,5206.300000002509,4558.800000000967,-12.244931711374452,-20.844349624409663,65.48692671649825,61.41244892424507,3494.000000002257,4126.900000000959,2540.0,1157.0,0.0,0.0,290.0,137.0,0.0,0.0,5.0,5.0,0.0,0.0,0.0,0.0,-93.21878514437094,-93.6692474728998,0,0
0.1,100.0,1440,1,30,30,0,0,300,25.0,5,4,99,0.0,1,flat,5206.300000002509,4558.800000000967,-12.244931711374452,-20.844349624409663,65.48692671649825,61.41244892424507,3494.000000002257,4126.900000000959,2540.0,1157.0,0.0,0.0,290.0,137.0,0.0,0.0,5.0,5.0,356.0,174.0,0.0,0.0,-93.21878514437094,-93.6692474728998,0,0
0.1,100.0,1440,1,30,30,0,0,300,25.0,12,4,99,0.0,1,flat,5206.300000002509,4558.800000000967,-12.244931711374452,-20.844349624409663,65.48692671649825,61.41244892424507,3494.000000002257,4126.900000000959,2540.0,1157.0,0.0,0.0,290.0,137.0,0.0,0.0,5.0,5.0,0.0,0.0,0.0,0.0,-93.21878514437094,-93.6692474728998,0,0
0.1,100.0,1440,1,30,30,0,0,300,5.3,5,0,5,0.1,3,inc_every3,8647.200000000543,5788.700000001512,-2.866818907959756,-15.013550392454134,70.84646622334965,53.05765298095339,2950.6000000010135,4774.600000001299,2169.0,857.0,0.0,0.0,0.0,0.0,0.0,0.0,5.0,5.0,59.0,19.0,0.0,0.0,-94.55975135465906,-71.12885635436092,0,0
0.1,100.0,1440,1,30,30,0,0,300,5.3,5,0,99,0.0,1,flat,8647.200000000543,5788.700000001512,-2.866818907959756,-15.013550392454134,70.84646622334965,53.05765298095339,2950.6000000010135,4774.600000001299,2169.0,857.0,0.0,0.0,0.0,0.0,0.0,0.0,5.0,5.0,59.0,19.0,0.0,0.0,-94.55975135465906,-71.12885635436092,0,0
0.1,100.0,1440,1,30,30,0,0,400,15.0,3,10,99,0.0,1,flat,5232.100000003734,8127.600000001442,-12.1580774322669,-5.982889709295747,66.9503848614434,25.128239482441966,3409.2000000028693,7823.500000001401,2915.0,1094.0,0.0,0.0,66.0,24.0,0.0,0.0,3.0,3.0,405.0,159.0,0.0,0.0,-96.0588471551537,-6.239368674179679,0,0
0.1,100.0,1440,1,30,30,0,0,400,15.0,3,10,5,0.1,3,inc_every3,5232.100000003734,8127.600000001442,-12.1580774322669,-5.982889709295747,66.9503848614434,25.128239482441966,3409.2000000028693,7823.500000001401,2915.0,1094.0,0.0,0.0,66.0,24.0,0.0,0.0,3.0,3.0,405.0,159.0,0.0,0.0,-96.0588471551537,-6.239368674179679,0,0
0.1,100.0,1440,1,30,30,0,0,200,25.0,3,4,5,0.1,3,inc_every3,2701.400000006014,6005.400000002587,-23.042607215641997,-14.079009467781134,81.01541162694514,45.31363434937642,1946.3000000055968,5800.200000002562,2230.0,1037.0,0.0,0.0,272.0,127.0,0.0,0.0,3.0,3.0,926.0,423.0,0.0,0.0,-98.05369999999441,-54.70627816653398,1,0
0.1,100.0,1440,1,30,30,0,0,200,25.0,3,4,99,0.0,1,flat,2701.400000006014,6005.400000002587,-23.042607215641997,-14.079009467781134,81.01541162694514,45.31363434937642,1946.3000000055968,5800.200000002562,2230.0,1037.0,0.0,0.0,272.0,127.0,0.0,0.0,3.0,3.0,926.0,423.0,0.0,0.0,-98.05369999999441,-54.70627816653398,1,0
0.1,100.0,1440,1,30,30,0,0,300,25.0,8,0,5,0.1,3,inc_every3,21828.100000000763,13968.800000000309,16.90777792538729,10.457686679474198,82.49568542196799,66.35036000543191,3671.6000000006243,4953.900000000347,738.0,311.0,0.0,0.0,0.0,0.0,0.0,0.0,8.0,8.0,45.0,18.0,0.0,0.0,-98.08359291854869,-72.24303333138963,0,0
0.1,100.0,1440,1,30,30,0,0,100,15.0,3,10,5,0.1,3,inc_every3,3115.000000001531,7901.600000000912,-20.817079302306208,-6.768559379946071,81.39761098788773,24.31213703576537,1912.4000000012006,7754.600000000766,2378.0,900.0,0.0,0.0,79.0,29.0,0.0,0.0,3.0,3.0,1044.0,410.0,0.0,0.0,-98.0875999999988,-6.768559379946071,1,0
0.1,100.0,1440,1,30,30,0,0,100,15.0,3,10,99,0.0,1,flat,3115.000000001531,7901.600000000912,-20.817079302306208,-6.768559379946071,81.39761098788773,24.31213703576537,1912.4000000012006,7754.600000000766,2378.0,900.0,0.0,0.0,79.0,29.0,0.0,0.0,3.0,3.0,1044.0,410.0,0.0,0.0,-98.0875999999988,-6.768559379946071,1,0
0.1,100.0,1440,1,30,30,0,0,100,15.0,3,6,99,0.0,1,flat,4434.900000003045,8302.200000000923,-15.01644887532445,-5.386351762021524,66.56494245723485,20.909462378137725,3495.0000000028986,8129.4000000008455,3328.0,1407.0,0.0,0.0,180.0,73.0,0.0,0.0,3.0,3.0,1534.0,649.0,0.0,0.0,-98.14633378979414,-5.386351762021524,0,0
0.1,100.0,1440,1,30,30,0,0,100,15.0,3,6,5,0.1,3,inc_every3,4434.900000003045,8302.200000000923,-15.01644887532445,-5.386351762021524,66.56494245723485,20.909462378137725,3495.0000000028986,8129.4000000008455,3328.0,1407.0,0.0,0.0,180.0,73.0,0.0,0.0,3.0,3.0,1534.0,649.0,0.0,0.0,-98.14633378979414,-5.386351762021524,0,0
0.1,100.0,1440,1,30,30,0,0,150,10.0,18,0,99,0.0,1,flat,23596.60000002588,86.73700000000275,18.74466836660207,-75.65229764307648,94.02246403379446,99.64463751618233,1841.900000019472,63.68380000000647,3008.0,879.0,0.0,0.0,0.0,0.0,0.0,2.0,18.0,18.0,38.0,7.0,0.0,0.0,-98.15809999998052,-99.9363162,1,1
0.1,100.0,1440,1,30,30,0,0,150,25.0,5,25,5,0.1,3,inc_every3,5216.700000008566,9445.100000002698,-12.209879356295616,-1.6844860515795368,83.59131997330354,21.72851791697796,1798.90000000695,8337.400000001715,1345.0,403.0,0.0,0.0,36.0,10.0,0.0,0.0,5.0,5.0,333.0,109.0,0.0,0.0,-98.20109999999305,-1.6844860515795368,1,0
0.1,100.0,1440,1,30,30,0,0,150,25.0,5,25,99,0.0,1,flat,5216.700000008566,9445.100000002698,-12.209879356295616,-1.6844860515795368,83.59131997330354,21.72851791697796,1798.90000000695,8337.400000001715,1345.0,403.0,0.0,0.0,36.0,10.0,0.0,0.0,5.0,5.0,333.0,109.0,0.0,0.0,-98.20109999999305,-1.6844860515795368,1,0
0.1,100.0,1440,1,30,30,0,0,100,15.0,8,0,5,0.1,3,inc_every3,2599.800000000425,5226.500000000335,-23.630740496595482,-17.558442310459675,87.82178435232979,72.79655314053814,1663.8000000003885,3112.700000000241,582.0,368.0,0.0,0.0,0.0,0.0,0.0,0.0,8.0,8.0,65.0,40.0,0.0,0.0,-98.33619999999961,-113.15154859153594,1,0
0.1,100.0,1440,1,30,30,0,0,150,5.3,3,25,5,0.1,3,inc_every3,3022.1000000052945,7509.000000002457,-21.295400573671785,-8.171782916896985,84.95258437405438,30.11110783647302,1521.7000000050075,7114.20000000234,3953.0,1556.0,0.0,0.0,15.0,5.0,0.0,0.0,3.0,3.0,602.0,233.0,0.0,0.0,-98.47829999999499,-18.39399858984303,1,0
0.1,100.0,1440,1,30,30,0,0,150,5.3,3,25,99,0.0,1,flat,3022.1000000052945,7509.000000002457,-21.295400573671785,-8.171782916896985,84.95258437405438,30.11110783647302,1521.7000000050075,7114.20000000234,3953.0,1556.0,0.0,0.0,15.0,5.0,0.0,0.0,3.0,3.0,602.0,233.0,0.0,0.0,-98.47829999999499,-18.39399858984303,1,0
0.1,100.0,1440,1,30,30,0,0,75,10.0,3,15,99,0.0,1,flat,2244.2000000064068,7214.900000002212,-25.845873218976646,-9.257097393130032,85.08451257855404,30.478801314259574,1517.800000006349,7024.700000002069,2546.0,835.0,0.0,0.0,39.0,12.0,0.0,0.0,3.0,3.0,1041.0,348.0,0.0,0.0,-98.48219999999365,-20.21470002164918,1,0
0.1,100.0,1440,1,30,30,0,0,75,10.0,3,15,5,0.1,3,inc_every3,2244.2000000064068,7214.900000002212,-25.845873218976646,-9.257097393130032,85.08451257855404,30.478801314259574,1517.800000006349,7024.700000002069,2546.0,835.0,0.0,0.0,39.0,12.0,0.0,0.0,3.0,3.0,1041.0,348.0,0.0,0.0,-98.48219999999365,-20.21470002164918,1,0
0.1,100.0,1440,1,30,30,0,0,300,10.0,3,10,5,0.1,3,inc_every3,3130.1000000032623,8252.100000000446,-20.74041422150612,-5.556614515537051,85.06016208546072,23.150897365581717,1506.1000000026193,8127.100000000426,4479.0,1738.0,0.0,0.0,69.0,25.0,0.0,0.0,3.0,3.0,593.0,216.0,0.0,0.0,-98.49389999999738,-5.556614515537051,1,0
0.1,100.0,1440,1,30,30,0,0,300,10.0,3,10,99,0.0,1,flat,3130.1000000032623,8252.100000000446,-20.74041422150612,-5.556614515537051,85.06016208546072,23.150897365581717,1506.1000000026193,8127.100000000426,4479.0,1738.0,0.0,0.0,69.0,25.0,0.0,0.0,3.0,3.0,593.0,216.0,0.0,0.0,-98.49389999999738,-5.556614515537051,1,0
0.1,100.0,1440,1,30,30,0,0,75,15.0,8,0,5,0.1,3,inc_every3,2227.7000000071057,6967.800000005023,-25.95530061061352,-10.193255557931503,88.46495603910724,48.21007390321023,1479.9000000069573,5928.600000004772,495.0,336.0,0.0,0.0,0.0,0.0,0.0,0.0,8.0,8.0,76.0,55.0,0.0,0.0,-98.52009999999304,-56.61340336435196,1,0
0.1,100.0,1440,1,30,30,0,0,100,5.3,3,25,5,0.1,3,inc_every3,3215.400000000975,7189.800000000771,-20.31280450502497,-9.351153312572546,85.49700822368901,32.288481392257026,1476.1000000011582,6886.600000000744,3581.0,1374.0,0.0,0.0,15.0,5.0,0.0,0.0,3.0,3.0,767.0,312.0,0.0,0.0,-98.52389999999885,-23.928116097086598,1,0
0.1,100.0,1440,1,30,30,0,0,100,5.3,3,25,99,0.0,1,flat,3215.400000000975,7189.800000000771,-20.31280450502497,-9.351153312572546,85.49700822368901,32.288481392257026,1476.1000000011582,6886.600000000744,3581.0,1374.0,0.0,0.0,15.0,5.0,0.0,0.0,3.0,3.0,767.0,312.0,0.0,0.0,-98.52389999999885,-23.928116097086598,1,0
0.1,100.0,1440,1,30,30,0,0,300,25.0,3,6,99,0.0,1,flat,2107.400000001939,10503.600000000773,-26.773349680924753,1.4728224306355342,85.46842854880396,12.102601820353334,1469.2000000017247,9560.600000000604,2045.0,847.0,0.0,0.0,153.0,58.0,0.0,0.0,3.0,3.0,593.0,262.0,0.0,0.0,-98.53079999999828,1.4728224306355342,1,0
0.1,100.0,1440,1,30,30,0,0,300,25.0,3,6,5,0.1,3,inc_every3,2107.400000001939,10503.600000000773,-26.773349680924753,1.4728224306355342,85.46842854880396,12.102601820353334,1469.2000000017247,9560.600000000604,2045.0,847.0,0.0,0.0,153.0,58.0,0.0,0.0,3.0,3.0,593.0,262.0,0.0,0.0,-98.53079999999828,1.4728224306355342,1,0
0.1,100.0,1440,1,30,30,0,0,300,15.0,8,0,5,0.1,3,inc_every3,16164.800000000861,13831.20000000074,10.087703146456462,10.132777258245795,92.6513550710881,62.884540528513725,1436.300000000825,6007.1000000006825,1389.0,644.0,0.0,0.0,0.0,0.0,0.0,0.0,8.0,8.0,45.0,21.0,0.0,0.0,-98.56369999999917,-65.63630379878165,1,0
0.1,100.0,1440,1,30,30,0,0,75,25.0,8,0,5,0.1,3,inc_every3,1979.1000000050626,6523.10000000296,-27.688048087746008,-11.938541753547394,87.49820672831443,56.88716935108879,1394.300000004674,5125.900000002755,252.0,161.0,0.0,0.0,0.0,0.0,0.0,0.0,8.0,8.0,55.0,41.0,0.0,0.0,-98.60569999999532,-75.71288045572497,1,0
0.1,100.0,1440,1,30,30,0,0,100,25.0,3,2,5,0.1,3,inc_every3,1408.400000003985,6535.500000001975,-32.44706654038669,-11.888760882816396,86.32419641092693,39.89646313429041,1387.00000000379,6223.000000001875,2161.0,1127.0,0.0,0.0,604.0,308.0,0.0,0.0,3.0,3.0,1592.0,830.0,0.0,0.0,-98.6129999999962,-41.68168715139721,1,0
0.1,100.0,1440,1,30,30,0,0,100,25.0,3,2,99,0.0,1,flat,1408.400000003985,6535.500000001975,-32.44706654038669,-11.888760882816396,86.32419641092693,39.89646313429041,1387.00000000379,6223.000000001875,2161.0,1127.0,0.0,0.0,604.0,308.0,0.0,0.0,3.0,3.0,1592.0,830.0,0.0,0.0,-98.6129999999962,-41.68168715139721,1,0
0.1,100.0,1440,1,30,30,0,0,400,25.0,3,6,5,0.1,3,inc_every3,2722.300000003666,9171.900000001624,-22.923823857539215,-2.5394694122806705,86.72338058424712,15.11153823751547,1384.3000000029162,8744.700000001369,2044.0,824.0,0.0,0.0,141.0,53.0,0.0,0.0,3.0,3.0,456.0,204.0,0.0,0.0,-98.61569999999709,-2.5394694122806705,1,0
0.1,100.0,1440,1,30,30,0,0,400,25.0,3,6,99,0.0,1,flat,2722.300000003666,9171.900000001624,-22.923823857539215,-2.5394694122806705,86.72338058424712,15.11153823751547,1384.3000000029162,8744.700000001369,2044.0,824.0,0.0,0.0,141.0,53.0,0.0,0.0,3.0,3.0,456.0,204.0,0.0,0.0,-98.61569999999709,-2.5394694122806705,1,0
0.1,100.0,1440,1,30,30,0,0,75,25.0,3,2,99,0.0,1,flat,1363.6000000107988,4814.700000005469,-32.882659012757095,-19.547406617940087,87.52479742591113,54.908656809837744,1264.0000000092605,4608.2000000050575,2093.0,1072.0,0.0,0.0,620.0,316.0,0.0,0.0,3.0,3.0,1766.0,904.0,0.0,0.0,-98.73599999999074,-79.36472023761557,1,0
0.1,100.0,1440,1,30,30,0,0,75,25.0,3,2,5,0.1,3,inc_every3,1363.6000000107988,4814.700000005469,-32.882659012757095,-19.547406617940087,87.52479742591113,54.908656809837744,1264.0000000092605,4608.2000000050575,2093.0,1072.0,0.0,0.0,620.0,316.0,0.0,0.0,3.0,3.0,1766.0,904.0,0.0,0.0,-98.73599999999074,-79.36472023761557,1,0
0.1,100.0,1440,1,30,30,0,0,400,15.0,8,0,99,0.0,1,flat,11773.600000002465,11219.700000001612,3.3213965380865185,3.4840092669667033,91.4612842943307,58.80314716483062,1261.100000001792,5314.60000000121,1108.0,516.0,0.0,0.0,0.0,0.0,0.0,0.0,8.0,8.0,26.0,11.0,0.0,0.0,-98.73889999999821,-64.12228506269453,1,0
0.1,100.0,1440,1,30,30,0,0,300,25.0,3,2,5,0.1,3,inc_every3,1343.6000000032684,4249.100000001388,-33.08082444663778,-22.484261221337686,87.5286833359389,61.57151917305136,1260.9000000032338,4059.7000000013613,2347.0,1124.0,0.0,0.0,487.0,235.0,0.0,0.0,3.0,3.0,812.0,379.0,0.0,0.0,-98.73909999999677,-95.6272995674404,1,0
0.1,100.0,1440,1,30,30,0,0,300,25.0,3,2,99,0.0,1,flat,1343.6000000032684,4249.100000001388,-33.08082444663778,-22.484261221337686,87.5286833359389,61.57151917305136,1260.9000000032338,4059.7000000013613,2347.0,1124.0,0.0,0.0,487.0,235.0,0.0,0.0,3.0,3.0,812.0,379.0,0.0,0.0,-98.73909999999677,-95.6272995674404,1,0
0.1,100.0,1440,1,30,30,0,0,75,5.3,3,25,99,0.0,1,flat,2146.300000004787,6880.200000002423,-26.504829701883004,-10.53073180863252,88.2773113388598,34.46163057577248,1188.2000000045164,6567.600000002234,3212.0,1258.0,0.0,0.0,15.0,5.0,0.0,0.0,3.0,3.0,899.0,347.0,0.0,0.0,-98.81179999999549,-29.453992960177484,1,0
0.1,100.0,1440,1,30,30,0,0,75,5.3,3,25,5,0.1,3,inc_every3,2146.300000004787,6880.200000002423,-26.504829701883004,-10.53073180863252,88.2773113388598,34.46163057577248,1188.2000000045164,6567.600000002234,3212.0,1258.0,0.0,0.0,15.0,5.0,0.0,0.0,3.0,3.0,899.0,347.0,0.0,0.0,-98.81179999999549,-29.453992960177484,1,0
0.1,100.0,1440,1,30,30,0,0,100,25.0,12,0,99,0.0,1,flat,2768.2999999997774,5941.599999999842,-22.66493448294087,-14.351658486104512,91.72876460732986,72.09133493509586,1179.899999999776,3229.199999999768,313.0,199.0,0.0,0.0,0.0,0.0,0.0,0.0,12.0,12.0,37.0,22.0,0.0,0.0,-98.82010000000022,-108.53432835629623,1,0
0.1,100.0,1440,1,30,30,0,0,75,15.0,3,10,99,0.0,1,flat,2238.4000000072233,8463.500000003167,-25.884265034734376,-4.84303569359027,88.88856879459915,19.946932135085266,1157.1000000056508,8266.600000002885,2213.0,850.0,0.0,0.0,80.0,29.0,0.0,0.0,3.0,3.0,1181.0,471.0,0.0,0.0,-98.84289999999434,-4.84303569359027,1,0
0.1,100.0,1440,1,30,30,0,0,75,15.0,3,10,5,0.1,3,inc_every3,2238.4000000072233,8463.500000003167,-25.884265034734376,-4.84303569359027,88.88856879459915,19.946932135085266,1157.1000000056508,8266.600000002885,2213.0,850.0,0.0,0.0,80.0,29.0,0.0,0.0,3.0,3.0,1181.0,471.0,0.0,0.0,-98.84289999999434,-4.84303569359027,1,0
0.1,100.0,1440,1,30,30,0,0,100,25.0,3,4,99,0.0,1,flat,2017.5000000032041,6357.000000001333,-27.409425155002097,-12.61186468954304,89.73575231707191,38.0545125851633,1041.0000000025668,6236.300000001304,2061.0,979.0,0.0,0.0,303.0,142.0,0.0,0.0,3.0,3.0,1329.0,630.0,0.0,0.0,-98.95899999999743,-38.720889859869644,1,0
0.1,100.0,1440,1,30,30,0,0,100,25.0,3,4,5,0.1,3,inc_every3,2017.5000000032041,6357.000000001333,-27.409425155002097,-12.61186468954304,89.73575231707191,38.0545125851633,1041.0000000025668,6236.300000001304,2061.0,979.0,0.0,0.0,303.0,142.0,0.0,0.0,3.0,3.0,1329.0,630.0,0.0,0.0,-98.95899999999743,-38.720889859869644,1,0
0.1,100.0,1440,1,30,30,0,0,100,5.3,8,0,99,0.0,1,flat,11556.100000000988,4438.300000002288,2.936574037650197,-21.47282931842207,90.20184670278117,65.83388995780962,1032.5000000010987,3427.1000000020504,2696.0,1073.0,0.0,0.0,0.0,0.0,0.0,0.0,8.0,8.0,108.0,41.0,0.0,0.0,-98.9674999999989,-103.1406092340413,1,0
0.1,100.0,1440,1,30,30,0,0,300,25.0,8,0,99,0.0,1,flat,13293.400000000252,7209.600000000335,5.86243569938858,-9.276938641771249,91.6064336604124,62.18398373750692,974.3000000003267,3962.400000000318,516.0,216.0,0.0,0.0,0.0,0.0,0.0,0.0,8.0,8.0,30.0,11.0,0.0,0.0,-99.02569999999967,-83.6449061167851,1,0
0.1,100.0,1440,1,30,30,0,0,75,15.0,12,0,99,0.0,1,flat,1955.300000008363,5952.900000006175,-27.862914224167135,-14.303218632785963,93.63003555556337,70.06909626078026,890.4000000080559,3599.700000005334,555.0,363.0,0.0,0.0,0.0,0.0,0.0,0.0,12.0,12.0,51.0,34.0,0.0,0.0,-99.10959999999194,-104.44141115434647,1,0
0.1,100.0,1440,1,30,30,0,0,75,25.0,12,0,99,0.0,1,flat,1548.50000000609,6790.700000004123,-31.15282295721119,-10.878659424903903,92.82464093542505,59.166245152561444,846.8000000058964,4843.700000003697,274.0,184.0,0.0,0.0,0.0,0.0,0.0,0.0,12.0,12.0,41.0,28.0,0.0,0.0,-99.1531999999941,-79.21114973002679,1,0
0.1,100.0,1440,1,30,30,0,0,75,25.0,3,4,5,0.1,3,inc_every3,936.3000000094823,6943.500000004083,-37.746900531788164,-10.286570441878162,91.72826955903078,35.568263044994794,838.1000000094451,6760.500000004044,1961.0,925.0,0.0,0.0,305.0,141.0,0.0,0.0,3.0,3.0,1451.0,685.0,0.0,0.0,-99.16189999999055,-31.42309653186775,1,0
0.1,100.0,1440,1,30,30,0,0,75,25.0,3,4,99,0.0,1,flat,936.3000000094823,6943.500000004083,-37.746900531788164,-10.286570441878162,91.72826955903078,35.568263044994794,838.1000000094451,6760.500000004044,1961.0,925.0,0.0,0.0,305.0,141.0,0.0,0.0,3.0,3.0,1451.0,685.0,0.0,0.0,-99.16189999999055,-31.42309653186775,1,0
0.1,100.0,1440,1,30,30,0,0,400,10.0,8,0,99,0.0,1,flat,10728.900000002544,10022.000000001732,1.4179118525155854,0.06541631939702697,94.42063611592879,68.05751701115969,815.0000000018736,3980.8000000013817,1785.0,783.0,0.0,0.0,0.0,0.0,0.0,0.0,8.0,8.0,28.0,10.0,0.0,0.0,-99.18499999999813,-86.04961770292235,1,0
0.1,100.0,1440,1,30,30,0,0,200,10.0,3,15,99,0.0,1,flat,2663.5000000043165,8592.30000000155,-23.259896763983523,-4.414390823322623,92.080714652713,20.27594481103001,801.4000000040585,8239.800000000994,3058.0,1059.0,0.0,0.0,36.0,11.0,0.0,0.0,3.0,3.0,580.0,195.0,0.0,0.0,-99.19859999999593,-4.414390823322623,1,0
0.1,100.0,1440,1,30,30,0,0,200,10.0,3,15,5,0.1,3,inc_every3,2663.5000000043165,8592.30000000155,-23.259896763983523,-4.414390823322623,92.080714652713,20.27594481103001,801.4000000040585,8239.800000000994,3058.0,1059.0,0.0,0.0,36.0,11.0,0.0,0.0,3.0,3.0,580.0,195.0,0.0,0.0,-99.19859999999593,-4.414390823322623,1,0
0.1,100.0,1440,1,30,30,0,0,75,10.0,3,10,99,0.0,1,flat,1650.1000000092554,6981.500000003985,-30.271676637116762,-10.140746663615419,92.77417452823252,34.85990905087086,735.3000000070627,6660.900000003509,3510.0,1319.0,0.0,0.0,79.0,29.0,0.0,0.0,3.0,3.0,1494.0,575.0,0.0,0.0,-99.26469999999294,-29.86056476535714,1,0
0.1,100.0,1440,1,30,30,0,0,75,10.0,3,10,5,0.1,3,inc_every3,1650.1000000092554,6981.500000003985,-30.271676637116762,-10.140746663615419,92.77417452823252,34.85990905087086,735.3000000070627,6660.900000003509,3510.0,1319.0,0.0,0.0,79.0,29.0,0.0,0.0,3.0,3.0,1494.0,575.0,0.0,0.0,-99.26469999999294,-29.86056476535714,1,0
0.1,100.0,1440,1,30,30,0,0,150,15.0,8,0,99,0.0,1,flat,1656.7000000037006,6360.000000002823,-30.215953339788747,-12.599594585439322,93.40606782533372,58.644622127551635,730.7000000035478,4349.800000002364,514.0,356.0,0.0,0.0,0.0,0.0,0.0,0.0,8.0,8.0,36.0,26.0,0.0,0.0,-99.26929999999645,-79.88883884054259,1,0
0.1,100.0,1440,1,30,30,0,0,400,25.0,18,6,99,0.0,1,flat,2688.9000000050687,9676.100000002467,-23.11400162398236,-0.9750210069593979,94.18253125251125,28.215694803748953,640.8000000046975,9406.400000002448,2413.0,1034.0,0.0,0.0,176.0,71.0,0.0,0.0,6.0,6.0,0.0,0.0,0.0,0.0,-99.3591999999953,-7.406410614457304,1,0
0.1,100.0,1440,1,30,30,0,0,400,25.0,12,6,99,0.0,1,flat,2688.9000000050687,9676.100000002467,-23.11400162398236,-0.9750210069593979,94.18253125251125,28.215694803748953,640.8000000046975,9406.400000002448,2413.0,1034.0,0.0,0.0,176.0,71.0,0.0,0.0,6.0,6.0,0.0,0.0,0.0,0.0,-99.3591999999953,-7.406410614457304,1,0
0.1,100.0,1440,1,30,30,0,0,400,25.0,8,6,99,0.0,1,flat,2688.9000000050687,9676.100000002467,-23.11400162398236,-0.9750210069593979,94.18253125251125,28.215694803748953,640.8000000046975,9406.400000002448,2413.0,1034.0,0.0,0.0,176.0,71.0,0.0,0.0,6.0,6.0,0.0,0.0,0.0,0.0,-99.3591999999953,-7.406410614457304,1,0
0.1,100.0,1440,1,30,30,0,0,200,25.0,8,2,99,0.0,1,flat,859.9000000074675,1794.6000000037675,-38.79834328207219,-40.021130831260024,93.98508896120663,82.88806419643893,607.5000000070913,1761.400000003772,2339.0,1170.0,0.0,0.0,583.0,300.0,0.0,0.0,5.0,5.0,0.0,0.0,0.0,0.0,-99.3924999999929,-98.23859999999623,1,1
0.1,100.0,1440,1,30,30,0,0,200,25.0,5,2,99,0.0,1,flat,859.9000000074675,1794.6000000037675,-38.79834328207219,-40.021130831260024,93.98508896120663,82.88806419643893,607.5000000070913,1761.400000003772,2339.0,1170.0,0.0,0.0,583.0,300.0,0.0,0.0,5.0,5.0,342.0,185.0,0.0,0.0,-99.3924999999929,-98.23859999999623,1,1
0.1,100.0,1440,1,30,30,0,0,200,25.0,12,2,99,0.0,1,flat,859.9000000074675,1794.6000000037675,-38.79834328207219,-40.021130831260024,93.98508896120663,82.88806419643893,607.5000000070913,1761.400000003772,2339.0,1170.0,0.0,0.0,583.0,300.0,0.0,0.0,5.0,5.0,0.0,0.0,0.0,0.0,-99.3924999999929,-98.23859999999623,1,1
0.1,100.0,1440,1,30,30,0,0,200,25.0,18,2,5,0.1,3,inc_every3,859.9000000074675,1794.6000000037675,-38.79834328207219,-40.021130831260024,93.98508896120663,82.88806419643893,607.5000000070913,1761.400000003772,2339.0,1170.0,0.0,0.0,583.0,300.0,0.0,0.0,5.0,5.0,0.0,0.0,0.0,0.0,-99.3924999999929,-98.23859999999623,1,1
0.1,100.0,1440,1,30,30,0,0,200,25.0,12,2,5,0.1,3,inc_every3,859.9000000074675,1794.6000000037675,-38.79834328207219,-40.021130831260024,93.98508896120663,82.88806419643893,607.5000000070913,1761.400000003772,2339.0,1170.0,0.0,0.0,583.0,300.0,0.0,0.0,5.0,5.0,0.0,0.0,0.0,0.0,-99.3924999999929,-98.23859999999623,1,1
0.1,100.0,1440,1,30,30,0,0,200,25.0,5,2,5,0.1,3,inc_every3,859.9000000074675,1794.6000000037675,-38.79834328207219,-40.021130831260024,93.98508896120663,82.88806419643893,607.5000000070913,1761.400000003772,2339.0,1170.0,0.0,0.0,583.0,300.0,0.0,0.0,5.0,5.0,342.0,185.0,0.0,0.0,-99.3924999999929,-98.23859999999623,1,1
0.1,100.0,1440,1,30,30,0,0,200,25.0,8,2,5,0.1,3,inc_every3,859.9000000074675,1794.6000000037675,-38.79834328207219,-40.021130831260024,93.98508896120663,82.88806419643893,607.5000000070913,1761.400000003772,2339.0,1170.0,0.0,0.0,583.0,300.0,0.0,0.0,5.0,5.0,0.0,0.0,0.0,0.0,-99.3924999999929,-98.23859999999623,1,1
0.1,100.0,1440,1,30,30,0,0,200,25.0,18,2,99,0.0,1,flat,859.9000000074675,1794.6000000037675,-38.79834328207219,-40.021130831260024,93.98508896120663,82.88806419643893,607.5000000070913,1761.400000003772,2339.0,1170.0,0.0,0.0,583.0,300.0,0.0,0.0,5.0,5.0,0.0,0.0,0.0,0.0,-99.3924999999929,-98.23859999999623,1,1
0.1,100.0,1440,1,30,30,0,0,300,10.0,8,0,99,0.0,1,flat,11796.600000000333,12388.900000000765,3.3617571099421983,6.582122281144942,95.62157416765264,52.975527962875425,593.5000000005311,6506.400000000718,1719.0,854.0,0.0,0.0,0.0,0.0,0.0,0.0,8.0,8.0,39.0,16.0,0.0,0.0,-99.40649999999947,-49.36893364460591,1,0
0.1,100.0,1440,1,30,30,0,0,400,5.3,8,0,99,0.0,1,flat,8562.600000003455,8415.20000000301,-3.057740922634433,-5.0049588000918295,96.30920750970195,72.80193898008616,587.6000000029308,3377.7000000022126,3510.0,1414.0,0.0,0.0,0.0,0.0,0.0,0.0,8.0,8.0,27.0,10.0,0.0,0.0,-99.41239999999706,-100.60883676026415,1,0
0.1,100.0,1440,1,30,30,0,0,400,10.0,3,15,99,0.0,1,flat,3305.3000000031116,8860.200000001114,-19.87184581197926,-3.537075214048546,95.11719802422472,15.578093698881123,543.7000000025923,8723.400000001115,3271.0,1136.0,0.0,0.0,33.0,10.0,0.0,0.0,3.0,3.0,311.0,120.0,0.0,0.0,-99.45629999999741,-3.537075214048546,1,0
0.1,100.0,1440,1,30,30,0,0,400,10.0,3,15,5,0.1,3,inc_every3,3305.3000000031116,8860.200000001114,-19.87184581197926,-3.537075214048546,95.11719802422472,15.578093698881123,543.7000000025923,8723.400000001115,3271.0,1136.0,0.0,0.0,33.0,10.0,0.0,0.0,3.0,3.0,311.0,120.0,0.0,0.0,-99.45629999999741,-3.537075214048546,1,0
0.1,100.0,1440,1,30,30,0,0,75,10.0,8,0,5,0.1,3,inc_every3,1317.3000000090542,4590.500000005788,-33.34503532176232,-20.680957320215597,96.1245027929908,68.84879993382204,534.9000000088054,3391.4000000053784,881.0,561.0,0.0,0.0,0.0,0.0,0.0,0.0,8.0,8.0,88.0,52.0,0.0,0.0,-99.4650999999912,-108.37855718785967,1,0
0.1,100.0,1440,1,30,30,0,0,400,25.0,8,0,99,0.0,1,flat,15737.500000002095,12016.30000000105,9.499090513462427,5.617992381024317,79.48761113812058,57.499043977050654,3289.9000000015694,5557.000000000749,622.0,266.0,0.0,0.0,0.0,0.0,0.0,0.0,8.0,8.0,28.0,11.0,0.0,0.0,-99.47613176277875,-59.38009557307699,0,0
0.1,100.0,1440,1,30,30,0,0,400,25.0,12,6,5,0.1,3,inc_every3,2537.3000000047246,9618.200000002396,-24.00173076991011,-1.1517209987962573,95.5437627216823,28.674972724281943,490.400000004351,9348.50000000238,2407.0,1032.0,0.0,0.0,176.0,71.0,0.0,0.0,6.0,6.0,0.0,0.0,0.0,0.0,-99.50959999999564,-8.501666447360144,1,0
0.1,100.0,1440,1,30,30,0,0,400,25.0,18,6,5,0.1,3,inc_every3,2537.3000000047246,9618.200000002396,-24.00173076991011,-1.1517209987962573,95.5437627216823,28.674972724281943,490.400000004351,9348.50000000238,2407.0,1032.0,0.0,0.0,176.0,71.0,0.0,0.0,6.0,6.0,0.0,0.0,0.0,0.0,-99.50959999999564,-8.501666447360144,1,0
0.1,100.0,1440,1,30,30,0,0,400,25.0,8,6,5,0.1,3,inc_every3,2537.3000000047246,9618.200000002396,-24.00173076991011,-1.1517209987962573,95.5437627216823,28.674972724281943,490.400000004351,9348.50000000238,2407.0,1032.0,0.0,0.0,176.0,71.0,0.0,0.0,6.0,6.0,0.0,0.0,0.0,0.0,-99.50959999999564,-8.501666447360144,1,0
0.1,100.0,1440,1,30,30,0,0,400,25.0,5,6,99,0.0,1,flat,2473.200000004625,9727.000000002308,-24.38989046944432,-0.8202961180992396,96.08253312932685,27.910876674103246,425.1000000042642,9457.300000002291,2414.0,1037.0,0.0,0.0,176.0,71.0,0.0,0.0,5.0,5.0,243.0,109.0,0.0,0.0,-99.57489999999574,-6.642049466305732,1,0
0.1,100.0,1440,1,30,30,0,0,400,25.0,5,6,5,0.1,3,inc_every3,2473.200000004625,9727.000000002308,-24.38989046944432,-0.8202961180992396,96.08253312932685,27.910876674103246,425.1000000042642,9457.300000002291,2414.0,1037.0,0.0,0.0,176.0,71.0,0.0,0.0,5.0,5.0,243.0,109.0,0.0,0.0,-99.57489999999574,-6.642049466305732,1,0
0.1,100.0,1440,1,30,30,0,0,100,15.0,3,4,99,0.0,1,flat,1222.60000000444,3559.1000000018234,-34.33278487071573,-26.465801491058492,95.92777414279489,67.8446993238623,417.0000000036607,3414.7000000017993,3752.0,1773.0,0.0,0.0,306.0,148.0,0.0,0.0,3.0,3.0,1783.0,834.0,0.0,0.0,-99.58299999999635,-112.1552001387831,1,0
0.1,100.0,1440,1,30,30,0,0,100,15.0,3,4,5,0.1,3,inc_every3,1222.60000000444,3559.1000000018234,-34.33278487071573,-26.465801491058492,95.92777414279489,67.8446993238623,417.0000000036607,3414.7000000017993,3752.0,1773.0,0.0,0.0,306.0,148.0,0.0,0.0,3.0,3.0,1783.0,834.0,0.0,0.0,-99.58299999999635,-112.1552001387831,1,0
0.1,100.0,1440,1,30,30,0,0,150,25.0,3,4,99,0.0,1,flat,1676.6000000079566,6504.600000003414,-30.049007162113163,-12.012935311684602,96.22858579211876,41.69529085870026,390.10000000641026,6314.400000003384,2170.0,1005.0,0.0,0.0,289.0,133.0,0.0,0.0,3.0,3.0,1103.0,511.0,0.0,0.0,-99.60989999999359,-45.40351702908512,1,0
0.1,100.0,1440,1,30,30,0,0,150,25.0,3,4,5,0.1,3,inc_every3,1676.6000000079566,6504.600000003414,-30.049007162113163,-12.012935311684602,96.22858579211876,41.69529085870026,390.10000000641026,6314.400000003384,2170.0,1005.0,0.0,0.0,289.0,133.0,0.0,0.0,3.0,3.0,1103.0,511.0,0.0,0.0,-99.60989999999359,-45.40351702908512,1,0
0.1,100.0,1440,1,30,30,0,0,300,25.0,5,6,5,0.1,3,inc_every3,2177.6000000019962,5410.500000000975,-26.291583206614945,-16.705235038241938,96.91133398418472,58.46216741616478,348.0000000019164,4978.600000000965,2541.0,1115.0,0.0,0.0,207.0,91.0,0.0,0.0,5.0,5.0,339.0,164.0,0.0,0.0,-99.65199999999808,-83.6295698705715,1,0
0.1,100.0,1440,1,30,30,0,0,300,25.0,5,6,99,0.0,1,flat,2177.6000000019962,5410.500000000975,-26.291583206614945,-16.705235038241938,96.91133398418472,58.46216741616478,348.0000000019164,4978.600000000965,2541.0,1115.0,0.0,0.0,207.0,91.0,0.0,0.0,5.0,5.0,339.0,164.0,0.0,0.0,-99.65199999999808,-83.6295698705715,1,0
0.1,100.0,1440,1,30,30,0,0,400,10.0,3,10,5,0.1,3,inc_every3,1804.0000000047949,7595.400000001315,-29.016228475296245,-7.858627938734486,97.44556780635575,29.33885890515419,256.7000000036991,7331.800000001321,4360.0,1698.0,0.0,0.0,65.0,24.0,0.0,0.0,3.0,3.0,422.0,174.0,0.0,0.0,-99.7432999999963,-16.536345749042866,1,0
0.1,100.0,1440,1,30,30,0,0,400,10.0,3,10,99,0.0,1,flat,1804.0000000047949,7595.400000001315,-29.016228475296245,-7.858627938734486,97.44556780635575,29.33885890515419,256.7000000036991,7331.800000001321,4360.0,1698.0,0.0,0.0,65.0,24.0,0.0,0.0,3.0,3.0,422.0,174.0,0.0,0.0,-99.7432999999963,-16.536345749042866,1,0
0.1,100.0,1440,1,30,30,0,0,300,25.0,12,2,5,0.1,3,inc_every3,680.4000000036758,3081.8000000017823,-41.59979298448193,-29.550130385074592,97.6311520809901,72.97039722539806,239.50000000357562,2751.1000000017802,2362.0,1126.0,0.0,0.0,497.0,243.0,0.0,0.0,4.0,4.0,0.0,0.0,0.0,0.0,-99.76049999999643,-125.49092483587071,1,0
0.1,100.0,1440,1,30,30,0,0,300,25.0,18,2,5,0.1,3,inc_every3,680.4000000036758,3081.8000000017823,-41.59979298448193,-29.550130385074592,97.6311520809901,72.97039722539806,239.50000000357562,2751.1000000017802,2362.0,1126.0,0.0,0.0,497.0,243.0,0.0,0.0,4.0,4.0,0.0,0.0,0.0,0.0,-99.76049999999643,-125.49092483587071,1,0
0.1,100.0,1440,1,30,30,0,0,300,25.0,18,2,99,0.0,1,flat,680.4000000036758,3081.8000000017823,-41.59979298448193,-29.550130385074592,97.6311520809901,72.97039722539806,239.50000000357562,2751.1000000017802,2362.0,1126.0,0.0,0.0,497.0,243.0,0.0,0.0,4.0,4.0,0.0,0.0,0.0,0.0,-99.76049999999643,-125.49092483587071,1,0
0.1,100.0,1440,1,30,30,0,0,300,25.0,12,2,99,0.0,1,flat,680.4000000036758,3081.8000000017823,-41.59979298448193,-29.550130385074592,97.6311520809901,72.97039722539806,239.50000000357562,2751.1000000017802,2362.0,1126.0,0.0,0.0,497.0,243.0,0.0,0.0,4.0,4.0,0.0,0.0,0.0,0.0,-99.76049999999643,-125.49092483587071,1,0
0.1,100.0,1440,1,30,30,0,0,300,25.0,5,2,99,0.0,1,flat,680.4000000036758,3081.8000000017823,-41.59979298448193,-29.550130385074592,97.6311520809901,72.97039722539806,239.50000000357562,2751.1000000017802,2362.0,1126.0,0.0,0.0,497.0,243.0,0.0,0.0,4.0,4.0,0.0,0.0,0.0,0.0,-99.76049999999643,-125.49092483587071,1,0
0.1,100.0,1440,1,30,30,0,0,300,25.0,8,2,99,0.0,1,flat,680.4000000036758,3081.8000000017823,-41.59979298448193,-29.550130385074592,97.6311520809901,72.97039722539806,239.50000000357562,2751.1000000017802,2362.0,1126.0,0.0,0.0,497.0,243.0,0.0,0.0,4.0,4.0,0.0,0.0,0.0,0.0,-99.76049999999643,-125.49092483587071,1,0
0.1,100.0,1440,1,30,30,0,0,300,25.0,5,2,5,0.1,3,inc_every3,680.4000000036758,3081.8000000017823,-41.59979298448193,-29.550130385074592,97.6311520809901,72.97039722539806,239.50000000357562,2751.1000000017802,2362.0,1126.0,0.0,0.0,497.0,243.0,0.0,0.0,4.0,4.0,0.0,0.0,0.0,0.0,-99.76049999999643,-125.49092483587071,1,0
0.1,100.0,1440,1,30,30,0,0,300,25.0,8,2,5,0.1,3,inc_every3,680.4000000036758,3081.8000000017823,-41.59979298448193,-29.550130385074592,97.6311520809901,72.97039722539806,239.50000000357562,2751.1000000017802,2362.0,1126.0,0.0,0.0,497.0,243.0,0.0,0.0,4.0,4.0,0.0,0.0,0.0,0.0,-99.76049999999643,-125.49092483587071,1,0
0.1,100.0,1440,1,30,30,0,0,100,25.0,8,0,5,0.1,3,inc_every3,1741.2999999999374,5831.999999999538,-29.516954465634093,-14.82487396823985,98.03551359856199,62.831628307320386,218.4999999999418,4145.499999999578,278.0,178.0,0.0,0.0,0.0,0.0,0.0,0.0,8.0,8.0,54.0,35.0,0.0,0.0,-99.78150000000007,-90.48813058288061,1,0
0.1,100.0,1440,1,30,30,0,0,100,10.0,8,15,99,0.0,1,flat,103.52800000000752,1258.6000000019849,-59.933991183079,-46.03058655163106,98.98883625531076,97.96346822379884,103.52800000000707,239.60000000184846,1652.0,3438.0,0.0,0.0,33.0,62.0,1.0,0.0,8.0,8.0,135.0,286.0,0.0,0.0,-99.89647199999999,-99.76039999999816,1,1
0.1,100.0,1440,1,30,30,0,0,150,15.0,8,25,99,0.0,1,flat,103.37439999998128,7181.800000011077,-59.945894139868486,-9.38117975995565,98.98349590937717,56.28929943970144,103.37439999998128,4720.100000004274,881.0,1653.0,0.0,0.0,16.0,25.0,1.0,0.0,8.0,8.0,62.0,139.0,0.0,0.0,-99.89662560000002,-71.95977863935852,1,0
0.1,100.0,1440,1,30,30,0,0,100,5.3,8,15,99,0.0,1,flat,103.36240000002658,88.6304000000091,-59.946824654011124,-75.49533612318874,99.01555868795005,99.26225559153302,103.36240000000157,88.63040000000228,2769.0,5873.0,0.0,0.0,25.0,47.0,1.0,1.0,8.0,8.0,108.0,252.0,0.0,0.0,-99.8966376,-99.9113696,1,1
0.1,100.0,1440,1,30,30,0,0,150,10.0,8,15,99,0.0,1,flat,103.31759999999247,7905.400000015587,-59.950299337159564,-6.755219365108845,98.99086167490387,40.29159032336423,103.31759999999247,6093.900000007798,1548.0,3493.0,0.0,0.0,27.0,49.0,1.0,0.0,8.0,8.0,76.0,177.0,0.0,0.0,-99.8966824,-37.33840001183731,1,0
0.1,100.0,1440,1,30,30,0,0,150,15.0,18,25,99,0.0,1,flat,103.16240000002449,9520.10000002406,-59.962345959172495,-1.4528169948096914,99.00940638743252,73.17591850904428,103.16240000000448,3784.1000000111508,965.0,2319.0,0.0,0.0,18.0,37.0,2.0,0.0,18.0,18.0,18.0,43.0,0.0,0.0,-99.8968376,-97.80465401289825,1,0
0.1,100.0,1440,1,30,30,0,0,200,5.3,8,10,99,0.0,1,flat,103.0911999999995,55.24100000000362,-59.96787735351086,-78.71125878298872,98.98930196078433,99.45256617348304,103.0911999999995,55.24099999999925,2830.0,5251.0,0.0,0.0,31.0,51.0,1.0,1.0,8.0,8.0,56.0,94.0,0.0,0.0,-99.8969088,-99.944759,1,1
0.1,100.0,1440,1,30,30,0,0,75,5.3,8,15,99,0.0,1,flat,102.85760000000414,79.28619999998949,-59.98604678456706,-76.29442592017273,98.99358525273485,99.29554060897962,102.85759999999368,79.28619999998949,2935.0,4704.0,0.0,0.0,29.0,44.0,1.0,1.0,8.0,8.0,174.0,266.0,0.0,0.0,-99.8971424,-99.92071380000002,1,1
0.1,100.0,1440,1,30,30,0,0,150,15.0,8,15,99,0.0,1,flat,102.72640000000206,6318.200000014083,-59.9962660129545,-12.770925754108653,99.00781950239538,59.994191270479455,102.72639999999615,4407.800000012125,999.0,2151.0,0.0,0.0,29.0,54.0,1.0,0.0,8.0,8.0,77.0,180.0,0.0,0.0,-99.8972736,-82.75930829506757,1,0
0.1,100.0,1440,1,30,30,0,0,400,10.0,12,6,5,0.1,3,inc_every3,102.70000000376524,2591.6000000031145,-59.99832358238996,-33.089914954303914,98.98445534368557,76.48312157568239,102.70000000376524,2395.1000000030936,3280.0,2836.0,0.0,0.0,90.0,74.0,0.0,0.0,6.0,6.0,0.0,0.0,0.0,0.0,-99.89729999999624,-136.0561581056687,1,0
0.1,100.0,1440,1,30,30,0,0,400,10.0,18,6,5,0.1,3,inc_every3,102.70000000376524,2591.6000000031145,-59.99832358238996,-33.089914954303914,98.98445534368557,76.48312157568239,102.70000000376524,2395.1000000030936,3280.0,2836.0,0.0,0.0,90.0,74.0,0.0,0.0,6.0,6.0,0.0,0.0,0.0,0.0,-99.89729999999624,-136.0561581056687,1,0
0.1,100.0,1440,1,30,30,0,0,400,10.0,8,6,5,0.1,3,inc_every3,102.70000000376524,2591.6000000031145,-59.99832358238996,-33.089914954303914,98.98445534368557,76.48312157568239,102.70000000376524,2395.1000000030936,3280.0,2836.0,0.0,0.0,90.0,74.0,0.0,0.0,6.0,6.0,0.0,0.0,0.0,0.0,-99.89729999999624,-136.0561581056687,1,0
0.1,100.0,1440,1,30,30,0,0,200,10.0,5,4,5,0.1,3,inc_every3,102.50000000928623,45.60080000000377,-60.013924989810555,-79.89217444159526,98.98711411509066,99.55465359298394,102.50000000928623,45.60080000000312,4710.0,2583.0,0.0,0.0,218.0,128.0,0.0,1.0,5.0,5.0,407.0,224.0,0.0,0.0,-99.89749999999071,-99.9543992,1,1
0.1,100.0,1440,1,30,30,0,0,200,10.0,5,4,99,0.0,1,flat,102.50000000928623,45.60080000000377,-60.013924989810555,-79.89217444159526,98.98711411509066,99.55465359298394,102.50000000928623,45.60080000000312,4710.0,2583.0,0.0,0.0,218.0,128.0,0.0,1.0,5.0,5.0,407.0,224.0,0.0,0.0,-99.89749999999071,-99.9543992,1,1
0.1,100.0,1440,1,30,30,0,0,200,15.0,8,25,99,0.0,1,flat,102.29920000001448,9489.200000006444,-60.02961331937995,-1.5481088075762761,99.01356527105459,49.85563904378591,102.29920000001448,5592.400000003108,1981.0,1673.0,0.0,0.0,29.0,21.0,1.0,0.0,8.0,8.0,97.0,97.0,0.0,0.0,-99.89770079999998,-51.25938689514809,1,0
0.1,100.0,1440,1,30,30,0,0,200,25.0,18,10,99,0.0,1,flat,102.17969999998309,8937.700000006924,-60.038961445010386,-3.2867597489786626,99.24726175742596,51.089018248390374,102.17969999998309,7478.000000006106,1972.0,1243.0,0.0,0.0,130.0,78.0,1.0,0.0,10.0,10.0,0.0,0.0,0.0,0.0,-99.89782030000002,-55.46479624575941,1,0
0.1,100.0,1440,1,30,30,0,0,200,25.0,12,10,99,0.0,1,flat,102.17969999998309,8937.700000006924,-60.038961445010386,-3.2867597489786626,99.24726175742596,51.089018248390374,102.17969999998309,7478.000000006106,1972.0,1243.0,0.0,0.0,130.0,78.0,1.0,0.0,10.0,10.0,0.0,0.0,0.0,0.0,-99.89782030000002,-55.46479624575941,1,0
0.1,100.0,1440,1,30,30,0,0,100,10.0,18,10,99,0.0,1,flat,102.1751999999783,35.12430000000086,-60.03931363729518,-81.39496857175818,99.0020491282905,99.68388951887253,102.1751999999783,35.12429999999725,917.0,2450.0,0.0,0.0,32.0,70.0,1.0,3.0,14.0,14.0,0.0,0.0,0.0,0.0,-99.89782480000002,-99.96487570000001,1,1
0.1,100.0,1440,1,30,30,0,0,300,25.0,8,25,99,0.0,1,flat,102.1375999999998,10392.000000000611,-60.04225688453422,1.1507883298232935,99.0068686554393,47.64314199285742,102.1375999999998,5763.6000000003205,702.0,827.0,0.0,0.0,18.0,17.0,1.0,0.0,8.0,8.0,40.0,47.0,0.0,0.0,-99.8978624,-44.13549565589155,1,0
0.1,100.0,1440,1,30,30,0,0,75,15.0,8,10,99,0.0,1,flat,102.08800000000485,91.31039999999916,-60.04614079199436,-75.27714298752215,99.0961584431913,99.15045077734679,102.0879999999928,91.31039999999916,2589.0,1463.0,0.0,0.0,140.0,80.0,1.0,1.0,8.0,8.0,497.0,260.0,0.0,0.0,-99.897912,-99.9086896,1,1
0.1,100.0,1440,1,30,30,0,0,200,25.0,18,0,5,0.1,3,inc_every3,102.05459999999982,82.37039999999848,-60.04875701566647,-76.02368789659475,99.8451806397294,99.679053022038,102.05459999999982,82.37039999999786,893.0,209.0,0.0,0.0,0.0,0.0,2.0,3.0,18.0,18.0,10.0,1.0,0.0,0.0,-99.8979454,-99.9176296,1,1
0.1,100.0,1440,1,30,30,0,0,150,15.0,12,15,99,0.0,1,flat,101.82399999998847,13287.600000021732,-60.06683863700513,8.826533815769233,99.0764179266935,43.384986037287305,101.82399999998847,7873.600000010363,1167.0,2430.0,0.0,0.0,35.0,59.0,1.0,0.0,12.0,12.0,49.0,100.0,0.0,0.0,-99.898176,-27.94343825880538,1,0
0.1,100.0,1440,1,30,30,0,0,75,25.0,8,4,99,0.0,1,flat,101.73200000003959,90.98400000001482,-60.07406160828916,-75.30347434574625,99.02838477995097,99.19292487559103,101.73200000002049,90.98400000000407,1338.0,853.0,0.0,0.0,332.0,210.0,1.0,1.0,8.0,8.0,493.0,306.0,0.0,0.0,-99.89826799999997,-99.909016,1,1
0.1,100.0,1440,1,30,30,0,0,75,10.0,8,4,99,0.0,1,flat,101.39920000000382,74.11680000000007,-60.10023363463628,-76.7652954113687,99.04204818138896,99.30273855329888,101.39920000000382,74.11679999999802,1654.0,1481.0,0.0,0.0,132.0,119.0,1.0,1.0,8.0,8.0,227.0,180.0,0.0,0.0,-99.8986008,-99.9258832,1,1
0.1,100.0,1440,1,30,30,0,0,200,15.0,18,10,99,0.0,1,flat,100.92880000001276,4149.900000008354,-60.13734423156607,-23.027258058876786,99.11517967510346,73.57206296128965,100.92879999999468,3541.0000000072932,2572.0,2317.0,0.0,0.0,89.0,76.0,1.0,0.0,10.0,10.0,0.0,0.0,0.0,0.0,-99.89907120000001,-120.17138398145607,1,0
0.1,100.0,1440,1,30,30,0,0,200,15.0,12,10,99,0.0,1,flat,100.92880000001276,4149.900000008354,-60.13734423156607,-23.027258058876786,99.11517967510346,73.57206296128965,100.92879999999468,3541.0000000072932,2572.0,2317.0,0.0,0.0,89.0,76.0,1.0,0.0,10.0,10.0,0.0,0.0,0.0,0.0,-99.89907120000001,-120.17138398145607,1,0
0.1,100.0,1440,1,30,30,0,0,150,5.3,8,15,99,0.0,1,flat,100.85280000003286,1713.9000000203814,-60.143352966872456,-40.83674715079388,99.0027114420481,89.40651026749876,100.85280000000284,1333.000000020351,1950.0,6727.0,0.0,0.0,17.0,46.0,1.0,0.0,8.0,8.0,47.0,170.0,0.0,0.0,-99.8991472,-98.66699999997965,1,1
0.1,100.0,1440,1,30,30,0,0,75,15.0,18,10,99,0.0,1,flat,100.70240000001536,71.93519999999984,-60.15525462157311,-76.97094916556924,99.02307505747908,99.36767490308817,100.70240000000013,71.93519999999609,702.0,606.0,0.0,0.0,47.0,41.0,1.0,2.0,17.0,17.0,0.0,0.0,0.0,0.0,-99.8992976,-99.9280648,1,1
0.1,100.0,1440,1,30,30,0,0,100,15.0,18,10,99,0.0,1,flat,100.58000000000038,24.906000000001825,-60.164951041208916,-83.2041831489511,99.02242265786737,99.7660969196093,100.58000000000038,24.906000000001825,713.0,604.0,0.0,0.0,39.0,35.0,2.0,2.0,14.0,14.0,0.0,0.0,0.0,0.0,-99.89942,-99.975094,1,1
0.1,100.0,1440,1,30,30,0,0,200,10.0,12,2,99,0.0,1,flat,100.5000000073372,82.60000000457899,-60.1712936715134,-76.00381976157813,99.0068777421308,99.22123960548558,100.50000000733183,82.60000000456807,3706.0,2790.0,0.0,0.0,328.0,254.0,0.0,0.0,5.0,5.0,0.0,0.0,0.0,0.0,-99.89949999999267,-99.91739999999544,1,1
0.1,100.0,1440,1,30,30,0,0,200,10.0,5,2,99,0.0,1,flat,100.5000000073372,82.60000000457899,-60.1712936715134,-76.00381976157813,99.0068777421308,99.22123960548558,100.50000000733183,82.60000000456807,3706.0,2790.0,0.0,0.0,328.0,254.0,0.0,0.0,5.0,5.0,77.0,91.0,0.0,0.0,-99.89949999999267,-99.91739999999544,1,1
0.1,100.0,1440,1,30,30,0,0,200,10.0,12,2,5,0.1,3,inc_every3,100.5000000073372,82.60000000457899,-60.1712936715134,-76.00381976157813,99.0068777421308,99.22123960548558,100.50000000733183,82.60000000456807,3706.0,2790.0,0.0,0.0,328.0,254.0,0.0,0.0,5.0,5.0,0.0,0.0,0.0,0.0,-99.89949999999267,-99.91739999999544,1,1
0.1,100.0,1440,1,30,30,0,0,200,10.0,8,2,99,0.0,1,flat,100.5000000073372,82.60000000457899,-60.1712936715134,-76.00381976157813,99.0068777421308,99.22123960548558,100.50000000733183,82.60000000456807,3706.0,2790.0,0.0,0.0,328.0,254.0,0.0,0.0,5.0,5.0,0.0,0.0,0.0,0.0,-99.89949999999267,-99.91739999999544,1,1
0.1,100.0,1440,1,30,30,0,0,200,10.0,8,2,5,0.1,3,inc_every3,100.5000000073372,82.60000000457899,-60.1712936715134,-76.00381976157813,99.0068777421308,99.22123960548558,100.50000000733183,82.60000000456807,3706.0,2790.0,0.0,0.0,328.0,254.0,0.0,0.0,5.0,5.0,0.0,0.0,0.0,0.0,-99.89949999999267,-99.91739999999544,1,1
0.1,100.0,1440,1,30,30,0,0,200,10.0,18,2,99,0.0,1,flat,100.5000000073372,82.60000000457899,-60.1712936715134,-76.00381976157813,99.0068777421308,99.22123960548558,100.50000000733183,82.60000000456807,3706.0,2790.0,0.0,0.0,328.0,254.0,0.0,0.0,5.0,5.0,0.0,0.0,0.0,0.0,-99.89949999999267,-99.91739999999544,1,1
0.1,100.0,1440,1,30,30,0,0,200,10.0,5,2,5,0.1,3,inc_every3,100.5000000073372,82.60000000457899,-60.1712936715134,-76.00381976157813,99.0068777421308,99.22123960548558,100.50000000733183,82.60000000456807,3706.0,2790.0,0.0,0.0,328.0,254.0,0.0,0.0,5.0,5.0,77.0,91.0,0.0,0.0,-99.89949999999267,-99.91739999999544,1,1
0.1,100.0,1440,1,30,30,0,0,200,10.0,18,2,5,0.1,3,inc_every3,100.5000000073372,82.60000000457899,-60.1712936715134,-76.00381976157813,99.0068777421308,99.22123960548558,100.50000000733183,82.60000000456807,3706.0,2790.0,0.0,0.0,328.0,254.0,0.0,0.0,5.0,5.0,0.0,0.0,0.0,0.0,-99.89949999999267,-99.91739999999544,1,1
0.1,100.0,1440,1,30,30,0,0,300,10.0,3,4,5,0.1,3,inc_every3,100.30000000439884,2284.7000000016997,-60.187167935660234,-35.55301541868954,99.02066083420175,80.38495289339866,100.30000000439367,2034.1000000016788,5251.0,2892.0,0.0,0.0,203.0,114.0,0.0,0.0,3.0,3.0,714.0,354.0,0.0,0.0,-99.8996999999956,-146.32292120548686,1,0
0.1,100.0,1440,1,30,30,0,0,300,10.0,3,4,99,0.0,1,flat,100.30000000439884,2284.7000000016997,-60.187167935660234,-35.55301541868954,99.02066083420175,80.38495289339866,100.30000000439367,2034.1000000016788,5251.0,2892.0,0.0,0.0,203.0,114.0,0.0,0.0,3.0,3.0,714.0,354.0,0.0,0.0,-99.8996999999956,-146.32292120548686,1,0
0.1,100.0,1440,1,30,30,0,0,200,25.0,12,25,99,0.0,1,flat,100.27039999999226,4693.400000007721,-60.18951947750133,-20.15597808774675,99.22959593708973,82.17680705106898,100.27039999999226,2626.800000007529,1287.0,1064.0,0.0,0.0,39.0,31.0,1.0,0.0,12.0,12.0,67.0,54.0,0.0,0.0,-99.89972960000001,-134.5095921898847,1,0
0.1,100.0,1440,1,30,30,0,0,100,5.3,8,6,99,0.0,1,flat,99.93039999998308,95.31360000003252,-60.21657032529766,-74.95944875176039,99.02321098675546,99.04843408376178,99.93039999998308,95.31360000000205,2214.0,2539.0,0.0,0.0,52.0,59.0,1.0,1.0,8.0,8.0,91.0,108.0,0.0,0.0,-99.90006960000002,-99.9046864,1,1
0.1,100.0,1440,1,30,30,0,0,75,5.3,12,25,99,0.0,1,flat,99.8288000000266,64.74360000000667,-60.22466804050821,-77.68157645898064,99.02322068061292,99.5242344745489,99.82879999999932,64.74359999999984,2299.0,6431.0,0.0,0.0,15.0,37.0,2.0,2.0,12.0,12.0,70.0,197.0,0.0,0.0,-99.9001712,-99.9352564,1,1
0.1,100.0,1440,1,30,30,0,0,75,25.0,12,6,99,0.0,1,flat,99.6208000000214,33.19890000000741,-60.241266624062526,-81.7044888027167,99.03787991462491,99.67043331513375,99.62079999999264,33.198900000002084,1512.0,459.0,0.0,0.0,278.0,89.0,1.0,2.0,12.0,12.0,318.0,97.0,0.0,0.0,-99.9003792,-99.9668011,1,1
0.1,100.0,1440,1,30,30,0,0,100,25.0,8,15,5,0.1,3,inc_every3,99.42840000001411,101.69460000000771,-60.25664501258356,-74.4718943949684,99.35901029545438,98.99844785644638,99.4284000000024,101.69460000000504,2545.0,809.0,0.0,0.0,184.0,60.0,1.0,1.0,8.0,8.0,557.0,175.0,0.0,0.0,-99.90057159999999,-99.8983054,1,1
0.1,100.0,1440,1,30,30,0,0,75,5.3,8,6,99,0.0,1,flat,99.37200000001701,82.77289999999329,-60.26115753380833,-75.9888836780472,99.02769026046452,99.17353549069931,99.37200000000712,82.77289999999329,2265.0,2348.0,0.0,0.0,58.0,62.0,1.0,1.0,8.0,8.0,142.0,138.0,0.0,0.0,-99.900628,-99.9172271,1,1
0.1,100.0,1440,1,30,30,0,0,75,5.3,12,15,99,0.0,1,flat,98.77120000000997,102.2363999999942,-60.30935467976973,-74.43149754936842,99.04891430992488,99.267563617607,98.77120000000173,102.2363999999942,2100.0,5430.0,0.0,0.0,23.0,52.0,2.0,1.0,12.0,12.0,64.0,167.0,0.0,0.0,-99.9012288,-99.8977636,1,1
0.1,100.0,1440,1,30,30,0,0,75,5.3,8,10,99,0.0,1,flat,98.5359999999963,99.46080000002144,-60.32828668774057,-74.64006237761323,99.03587013952765,99.05517483779653,98.5359999999963,99.46080000000563,2632.0,3031.0,0.0,0.0,40.0,45.0,1.0,1.0,8.0,8.0,160.0,172.0,0.0,0.0,-99.901464,-99.9005392,1,1
0.1,100.0,1440,1,30,30,0,0,100,5.3,8,10,99,0.0,1,flat,98.25839999998516,93.61280000000636,-60.35067817322475,-75.09325671518498,99.04964261879675,99.1299521353223,98.25839999998516,93.61280000000158,2609.0,3510.0,0.0,0.0,36.0,46.0,1.0,1.0,8.0,8.0,111.0,161.0,0.0,0.0,-99.90174160000001,-99.9063872,1,1
0.1,100.0,1440,1,30,30,0,0,75,25.0,18,0,99,0.0,1,flat,98.02439999999427,5591.500000009648,-60.36959217831404,-15.885599878083001,99.34652578247419,90.2170109928805,98.02439999999427,1202.300000008232,312.0,236.0,0.0,0.0,0.0,0.0,2.0,0.0,18.0,18.0,27.0,21.0,0.0,0.0,-99.9019756,-98.79769999999176,1,1
0.1,100.0,1440,1,30,30,0,0,200,10.0,3,2,5,0.1,3,inc_every3,97.80000000738696,50.70000000342162,-60.387764177251704,-79.24779765634635,99.03355863860844,99.49694395932474,97.80000000738158,50.70000000341625,4207.0,2360.0,0.0,0.0,356.0,215.0,0.0,0.0,3.0,3.0,890.0,468.0,0.0,0.0,-99.90219999999262,-99.94929999999658,1,1
0.1,100.0,1440,1,30,30,0,0,200,10.0,3,2,99,0.0,1,flat,97.80000000738696,50.70000000342162,-60.387764177251704,-79.24779765634635,99.03355863860844,99.49694395932474,97.80000000738158,50.70000000341625,4207.0,2360.0,0.0,0.0,356.0,215.0,0.0,0.0,3.0,3.0,890.0,468.0,0.0,0.0,-99.90219999999262,-99.94929999999658,1,1
0.1,100.0,1440,1,30,30,0,0,300,25.0,8,10,5,0.1,3,inc_every3,97.68420000002027,5928.900000000402,-60.39715475637279,-14.406177032530499,99.14339907223089,61.22118451773919,97.68420000000731,4716.900000000421,1622.0,1157.0,0.0,0.0,92.0,62.0,1.0,0.0,8.0,8.0,97.0,63.0,0.0,0.0,-99.9023158,-86.84854606800887,1,0
0.1,100.0,1440,1,30,30,0,0,300,25.0,18,10,5,0.1,3,inc_every3,97.68420000002027,5928.900000000402,-60.39715475637279,-14.406177032530499,99.14339907223089,61.22118451773919,97.68420000000731,4716.900000000421,1622.0,1157.0,0.0,0.0,92.0,62.0,1.0,0.0,8.0,8.0,0.0,0.0,0.0,0.0,-99.9023158,-86.84854606800887,1,0
0.1,100.0,1440,1,30,30,0,0,300,25.0,12,10,5,0.1,3,inc_every3,97.68420000002027,5928.900000000402,-60.39715475637279,-14.406177032530499,99.14339907223089,61.22118451773919,97.68420000000731,4716.900000000421,1622.0,1157.0,0.0,0.0,92.0,62.0,1.0,0.0,8.0,8.0,0.0,0.0,0.0,0.0,-99.9023158,-86.84854606800887,1,0
0.1,100.0,1440,1,30,30,0,0,150,10.0,8,2,5,0.1,3,inc_every3,97.20000001049084,58.50000000526492,-60.43651674556685,-78.34501172963554,99.06106007466617,99.45783634993876,97.20000001049084,58.50000000525955,3631.0,2078.0,0.0,0.0,357.0,217.0,0.0,0.0,5.0,5.0,0.0,0.0,0.0,0.0,-99.90279999998951,-99.94149999999475,1,1
0.1,100.0,1440,1,30,30,0,0,150,10.0,5,2,5,0.1,3,inc_every3,97.20000001049084,58.50000000526492,-60.43651674556685,-78.34501172963554,99.06106007466617,99.45783634993876,97.20000001049084,58.50000000525955,3631.0,2078.0,0.0,0.0,357.0,217.0,0.0,0.0,5.0,5.0,451.0,251.0,0.0,0.0,-99.90279999998951,-99.94149999999475,1,1
0.1,100.0,1440,1,30,30,0,0,150,10.0,8,2,99,0.0,1,flat,97.20000001049084,58.50000000526492,-60.43651674556685,-78.34501172963554,99.06106007466617,99.45783634993876,97.20000001049084,58.50000000525955,3631.0,2078.0,0.0,0.0,357.0,217.0,0.0,0.0,5.0,5.0,0.0,0.0,0.0,0.0,-99.90279999998951,-99.94149999999475,1,1
0.1,100.0,1440,1,30,30,0,0,150,10.0,12,2,99,0.0,1,flat,97.20000001049084,58.50000000526492,-60.43651674556685,-78.34501172963554,99.06106007466617,99.45783634993876,97.20000001049084,58.50000000525955,3631.0,2078.0,0.0,0.0,357.0,217.0,0.0,0.0,5.0,5.0,0.0,0.0,0.0,0.0,-99.90279999998951,-99.94149999999475,1,1
0.1,100.0,1440,1,30,30,0,0,150,10.0,5,2,99,0.0,1,flat,97.20000001049084,58.50000000526492,-60.43651674556685,-78.34501172963554,99.06106007466617,99.45783634993876,97.20000001049084,58.50000000525955,3631.0,2078.0,0.0,0.0,357.0,217.0,0.0,0.0,5.0,5.0,451.0,251.0,0.0,0.0,-99.90279999998951,-99.94149999999475,1,1
0.1,100.0,1440,1,30,30,0,0,150,10.0,18,2,99,0.0,1,flat,97.20000001049084,58.50000000526492,-60.43651674556685,-78.34501172963554,99.06106007466617,99.45783634993876,97.20000001049084,58.50000000525955,3631.0,2078.0,0.0,0.0,357.0,217.0,0.0,0.0,5.0,5.0,0.0,0.0,0.0,0.0,-99.90279999998951,-99.94149999999475,1,1
0.1,100.0,1440,1,30,30,0,0,150,10.0,12,2,5,0.1,3,inc_every3,97.20000001049084,58.50000000526492,-60.43651674556685,-78.34501172963554,99.06106007466617,99.45783634993876,97.20000001049084,58.50000000525955,3631.0,2078.0,0.0,0.0,357.0,217.0,0.0,0.0,5.0,5.0,0.0,0.0,0.0,0.0,-99.90279999998951,-99.94149999999475,1,1
0.1,100.0,1440,1,30,30,0,0,150,10.0,18,2,5,0.1,3,inc_every3,97.20000001049084,58.50000000526492,-60.43651674556685,-78.34501172963554,99.06106007466617,99.45783634993876,97.20000001049084,58.50000000525955,3631.0,2078.0,0.0,0.0,357.0,217.0,0.0,0.0,5.0,5.0,0.0,0.0,0.0,0.0,-99.90279999998951,-99.94149999999475,1,1
0.1,100.0,1440,1,30,30,0,0,400,5.3,8,15,5,0.1,3,inc_every3,96.59519999999748,6467.600000005139,-60.48590356144167,-12.162169465995287,99.15102786981788,72.93214078969503,96.59519999999748,3319.9000000032447,6418.0,4555.0,0.0,0.0,35.0,23.0,1.0,0.0,8.0,8.0,42.0,28.0,0.0,0.0,-99.9034048,-108.02645104538534,1,0
0.1,100.0,1440,1,30,30,0,0,400,5.3,12,15,5,0.1,3,inc_every3,96.59519999999748,6467.600000005139,-60.48590356144167,-12.162169465995287,99.15102786981788,72.93214078969503,96.59519999999748,3319.9000000032447,6418.0,4555.0,0.0,0.0,35.0,23.0,1.0,0.0,8.0,8.0,0.0,0.0,0.0,0.0,-99.9034048,-108.02645104538534,1,0
0.1,100.0,1440,1,30,30,0,0,400,5.3,18,15,5,0.1,3,inc_every3,96.59519999999748,6467.600000005139,-60.48590356144167,-12.162169465995287,99.15102786981788,72.93214078969503,96.59519999999748,3319.9000000032447,6418.0,4555.0,0.0,0.0,35.0,23.0,1.0,0.0,8.0,8.0,0.0,0.0,0.0,0.0,-99.9034048,-108.02645104538534,1,0
0.1,100.0,1440,1,30,30,0,0,300,10.0,8,25,99,0.0,1,flat,96.00000000193927,17496.300000000774,-60.53474853329526,18.11229174655553,99.05297425271837,30.043512071184818,96.00000000193927,9254.40000000001,1865.0,2445.0,0.0,0.0,15.0,12.0,1.0,0.0,8.0,8.0,41.0,45.0,0.0,0.0,-99.90399999999806,8.025267604185895,1,0
0.1,100.0,1440,1,30,30,0,0,300,15.0,18,2,5,0.1,3,inc_every3,95.80000000354548,76.1000000020268,-60.551215868448935,-76.58200214366161,99.05138183362999,99.2429216657512,95.8000000035401,76.10000000202143,3218.0,1899.0,0.0,0.0,385.0,240.0,0.0,0.0,4.0,4.0,0.0,0.0,0.0,0.0,-99.90419999999646,-99.92389999999799,1,1
0.1,100.0,1440,1,30,30,0,0,300,15.0,12,2,99,0.0,1,flat,95.80000000354548,76.1000000020268,-60.551215868448935,-76.58200214366161,99.05138183362999,99.2429216657512,95.8000000035401,76.10000000202143,3218.0,1899.0,0.0,0.0,385.0,240.0,0.0,0.0,4.0,4.0,0.0,0.0,0.0,0.0,-99.90419999999646,-99.92389999999799,1,1
0.1,100.0,1440,1,30,30,0,0,300,15.0,8,2,99,0.0,1,flat,95.80000000354548,76.1000000020268,-60.551215868448935,-76.58200214366161,99.05138183362999,99.2429216657512,95.8000000035401,76.10000000202143,3218.0,1899.0,0.0,0.0,385.0,240.0,0.0,0.0,4.0,4.0,0.0,0.0,0.0,0.0,-99.90419999999646,-99.92389999999799,1,1
0.1,100.0,1440,1,30,30,0,0,300,15.0,12,2,5,0.1,3,inc_every3,95.80000000354548,76.1000000020268,-60.551215868448935,-76.58200214366161,99.05138183362999,99.2429216657512,95.8000000035401,76.10000000202143,3218.0,1899.0,0.0,0.0,385.0,240.0,0.0,0.0,4.0,4.0,0.0,0.0,0.0,0.0,-99.90419999999646,-99.92389999999799,1,1
0.1,100.0,1440,1,30,30,0,0,300,15.0,5,2,5,0.1,3,inc_every3,95.80000000354548,76.1000000020268,-60.551215868448935,-76.58200214366161,99.05138183362999,99.2429216657512,95.8000000035401,76.10000000202143,3218.0,1899.0,0.0,0.0,385.0,240.0,0.0,0.0,4.0,4.0,0.0,0.0,0.0,0.0,-99.90419999999646,-99.92389999999799,1,1
0.1,100.0,1440,1,30,30,0,0,300,15.0,5,2,99,0.0,1,flat,95.80000000354548,76.1000000020268,-60.551215868448935,-76.58200214366161,99.05138183362999,99.2429216657512,95.8000000035401,76.10000000202143,3218.0,1899.0,0.0,0.0,385.0,240.0,0.0,0.0,4.0,4.0,0.0,0.0,0.0,0.0,-99.90419999999646,-99.92389999999799,1,1
0.1,100.0,1440,1,30,30,0,0,300,15.0,8,2,5,0.1,3,inc_every3,95.80000000354548,76.1000000020268,-60.551215868448935,-76.58200214366161,99.05138183362999,99.2429216657512,95.8000000035401,76.10000000202143,3218.0,1899.0,0.0,0.0,385.0,240.0,0.0,0.0,4.0,4.0,0.0,0.0,0.0,0.0,-99.90419999999646,-99.92389999999799,1,1
0.1,100.0,1440,1,30,30,0,0,300,15.0,18,2,99,0.0,1,flat,95.80000000354548,76.1000000020268,-60.551215868448935,-76.58200214366161,99.05138183362999,99.2429216657512,95.8000000035401,76.10000000202143,3218.0,1899.0,0.0,0.0,385.0,240.0,0.0,0.0,4.0,4.0,0.0,0.0,0.0,0.0,-99.90419999999646,-99.92389999999799,1,1
0.1,100.0,1440,1,30,30,0,0,100,15.0,12,0,5,0.1,3,inc_every3,95.3742999999991,102.23189999999943,-60.586358355756,-74.43183245131405,99.11325913942505,99.03167481245745,95.3742999999991,102.23189999999181,442.0,231.0,0.0,0.0,0.0,0.0,2.0,2.0,12.0,12.0,19.0,9.0,0.0,0.0,-99.9046257,-99.89776810000001,1,1
0.1,100.0,1440,1,30,30,0,0,75,25.0,12,2,5,0.1,3,inc_every3,95.10000000844815,2218.0000000149316,-60.60906895770501,-36.11873699293964,99.09175126774288,82.7092998631814,95.10000000844815,1796.4000000147198,646.0,1040.0,0.0,0.0,297.0,470.0,0.0,0.0,8.0,8.0,0.0,0.0,0.0,0.0,-99.90489999999156,-98.20359999998529,1,1
0.1,100.0,1440,1,30,30,0,0,75,25.0,18,2,5,0.1,3,inc_every3,95.10000000844815,2218.0000000149316,-60.60906895770501,-36.11873699293964,99.09175126774288,82.7092998631814,95.10000000844815,1796.4000000147198,646.0,1040.0,0.0,0.0,297.0,470.0,0.0,0.0,8.0,8.0,0.0,0.0,0.0,0.0,-99.90489999999156,-98.20359999998529,1,1
0.1,100.0,1440,1,30,30,0,0,75,25.0,8,2,5,0.1,3,inc_every3,95.10000000844815,2218.0000000149316,-60.60906895770501,-36.11873699293964,99.09175126774288,82.7092998631814,95.10000000844815,1796.4000000147198,646.0,1040.0,0.0,0.0,297.0,470.0,0.0,0.0,8.0,8.0,33.0,51.0,0.0,0.0,-99.90489999999156,-98.20359999998529,1,1
0.1,100.0,1440,1,30,30,0,0,400,25.0,8,25,99,0.0,1,flat,94.92070000000786,18657.700000002413,-60.62394239315936,20.392939925830355,99.188788233585,22.0830612009666,94.92069999999649,9476.600000000075,775.0,801.0,0.0,0.0,18.0,12.0,1.0,0.0,8.0,8.0,33.0,28.0,0.0,0.0,-99.9050793,20.392939925830355,1,0
0.1,100.0,1440,1,30,30,0,0,300,5.3,12,10,5,0.1,3,inc_every3,94.56789999998625,8970.500000001815,-60.65327387098121,-3.181278868021875,99.06711090943185,37.515026684317306,94.56789999998625,8160.60000000165,3258.0,5855.0,0.0,0.0,32.0,43.0,1.0,0.0,8.0,8.0,0.0,0.0,0.0,0.0,-99.90543210000001,-28.211332236656485,1,0
0.1,100.0,1440,1,30,30,0,0,300,5.3,18,10,5,0.1,3,inc_every3,94.56789999998625,8970.500000001815,-60.65327387098121,-3.181278868021875,99.06711090943185,37.515026684317306,94.56789999998625,8160.60000000165,3258.0,5855.0,0.0,0.0,32.0,43.0,1.0,0.0,8.0,8.0,0.0,0.0,0.0,0.0,-99.90543210000001,-28.211332236656485,1,0
0.1,100.0,1440,1,30,30,0,0,300,5.3,8,10,5,0.1,3,inc_every3,94.56789999998625,8970.500000001815,-60.65327387098121,-3.181278868021875,99.06711090943185,37.515026684317306,94.56789999998625,8160.60000000165,3258.0,5855.0,0.0,0.0,32.0,43.0,1.0,0.0,8.0,8.0,36.0,48.0,0.0,0.0,-99.90543210000001,-28.211332236656485,1,0
0.1,100.0,1440,1,30,30,0,0,300,15.0,18,15,99,0.0,1,flat,94.38869999999008,8469.400000000736,-60.66820593276647,-4.823300790835017,99.14959772237904,47.64437182010222,94.38869999999008,5797.300000000488,1183.0,1841.0,0.0,0.0,26.0,33.0,1.0,0.0,10.0,10.0,0.0,0.0,0.0,0.0,-99.9056113,-50.112044431039465,1,0
0.1,100.0,1440,1,30,30,0,0,300,15.0,12,15,99,0.0,1,flat,94.38869999999008,8469.400000000736,-60.66820593276647,-4.823300790835017,99.14959772237904,47.64437182010222,94.38869999999008,5797.300000000488,1183.0,1841.0,0.0,0.0,26.0,33.0,1.0,0.0,10.0,10.0,0.0,0.0,0.0,0.0,-99.9056113,-50.112044431039465,1,0
0.1,100.0,1440,1,30,30,0,0,200,10.0,8,10,5,0.1,3,inc_every3,94.24939999998634,78.89209999999912,-60.67982895015317,-76.32955102681706,99.09703768993482,99.27083414205836,94.24939999998634,78.89209999999912,2158.0,2835.0,0.0,0.0,49.0,60.0,1.0,2.0,8.0,8.0,72.0,86.0,0.0,0.0,-99.90575060000002,-99.9211079,1,1
0.1,100.0,1440,1,30,30,0,0,200,15.0,12,25,99,0.0,1,flat,93.80699999999877,10036.00000000892,-60.716833598917844,0.10699238491977958,99.26195496530364,58.46292241388,93.80699999999706,5956.50000000516,1885.0,1980.0,0.0,0.0,29.0,26.0,1.0,0.0,12.0,12.0,54.0,53.0,0.0,0.0,-99.906193,-66.81885244284022,1,0
0.1,100.0,1440,1,30,30,0,0,300,10.0,8,6,5,0.1,3,inc_every3,93.73419999999112,7802.400000001377,-60.72293634059531,-7.118409584880759,99.08715866152477,42.04981557461285,93.73419999999112,6991.40000000136,2824.0,3328.0,0.0,0.0,84.0,85.0,1.0,0.0,6.0,6.0,0.0,0.0,0.0,0.0,-99.90626580000001,-41.21804073410646,1,0
0.1,100.0,1440,1,30,30,0,0,300,10.0,18,6,5,0.1,3,inc_every3,93.73419999999112,7802.400000001377,-60.72293634059531,-7.118409584880759,99.08715866152477,42.04981557461285,93.73419999999112,6991.40000000136,2824.0,3328.0,0.0,0.0,84.0,85.0,1.0,0.0,6.0,6.0,0.0,0.0,0.0,0.0,-99.90626580000001,-41.21804073410646,1,0
0.1,100.0,1440,1,30,30,0,0,300,10.0,12,6,5,0.1,3,inc_every3,93.73419999999112,7802.400000001377,-60.72293634059531,-7.118409584880759,99.08715866152477,42.04981557461285,93.73419999999112,6991.40000000136,2824.0,3328.0,0.0,0.0,84.0,85.0,1.0,0.0,6.0,6.0,0.0,0.0,0.0,0.0,-99.90626580000001,-41.21804073410646,1,0
0.1,100.0,1440,1,30,30,0,0,400,5.3,8,15,99,0.0,1,flat,93.3472000000163,7041.400000004134,-60.75544190715003,-9.912010259107051,99.21073466868468,47.559404283769126,93.3472000000047,6267.70000000411,5605.0,4322.0,0.0,0.0,31.0,21.0,1.0,0.0,8.0,8.0,47.0,32.0,0.0,0.0,-99.90665279999999,-55.0308188266453,1,0
0.1,100.0,1440,1,30,30,0,0,200,10.0,8,15,99,0.0,1,flat,93.11400000001174,7696.800000008516,-60.775081323454806,-7.494281140944858,99.09418654422345,59.15089886310413,93.11400000000674,4153.700000004135,1673.0,3303.0,0.0,0.0,26.0,41.0,1.0,0.0,8.0,8.0,61.0,111.0,0.0,0.0,-99.906886,-75.79607886715313,1,0
0.1,100.0,1440,1,30,30,0,0,300,10.0,12,0,5,0.1,3,inc_every3,93.05519999997944,36.09659999999823,-60.780039496007795,-81.24317809234005,99.17942187968485,99.77610484986448,93.05519999997944,36.09659999999823,277.0,564.0,0.0,0.0,0.0,0.0,2.0,3.0,12.0,12.0,2.0,2.0,0.0,0.0,-99.90694480000002,-99.9639034,1,1
0.1,100.0,1440,1,30,30,0,0,100,25.0,8,25,99,0.0,1,flat,92.89600000002042,6401.700000000336,-60.793476252825016,-12.429459622053574,99.25674875586073,52.37331782687966,92.89599999999791,5733.300000000365,1590.0,713.0,0.0,0.0,61.0,27.0,1.0,0.0,8.0,8.0,336.0,164.0,0.0,0.0,-99.907104,-67.1760952758129,1,0
0.1,100.0,1440,1,30,30,0,0,75,5.3,12,25,5,0.1,3,inc_every3,92.81860000000466,59.27150000000174,-60.80001560280923,-78.26041852650876,99.10439607093934,99.4282896386751,92.81860000000466,59.27150000000023,974.0,1786.0,0.0,0.0,8.0,13.0,3.0,3.0,12.0,12.0,21.0,50.0,0.0,0.0,-99.9071814,-99.9407285,1,1
0.1,100.0,1440,1,30,30,0,0,100,5.3,12,15,5,0.1,3,inc_every3,92.79270000001623,75.0617000000168,-60.80220480889863,-76.67754076454739,99.09297981525836,99.2506194778616,92.79269999999485,75.06169999999224,1404.0,2881.0,0.0,0.0,16.0,28.0,2.0,3.0,12.0,12.0,22.0,44.0,0.0,0.0,-99.90720730000001,-99.92493830000001,1,1
0.1,100.0,1440,1,30,30,0,0,150,25.0,8,6,5,0.1,3,inc_every3,92.78640000001508,2703.500000012915,-60.80273739239067,-32.242930889616716,99.12443358213908,89.94655060839844,92.78640000000394,1134.2000000124658,679.0,1376.0,0.0,0.0,93.0,174.0,1.0,0.0,8.0,8.0,107.0,220.0,0.0,0.0,-99.90721359999999,-98.86579999998753,1,1
0.1,100.0,1440,1,30,30,0,0,150,25.0,12,6,5,0.1,3,inc_every3,92.78640000000382,2688.4000000127635,-60.80273739239163,-32.355769488753324,99.12364797219472,90.08039568493957,92.78639999999484,1119.1000000123236,678.0,1374.0,0.0,0.0,93.0,174.0,1.0,0.0,9.0,9.0,0.0,0.0,0.0,0.0,-99.9072136,-98.88089999998768,1,1
0.1,100.0,1440,1,30,30,0,0,150,25.0,18,6,5,0.1,3,inc_every3,92.78640000000382,2688.4000000127635,-60.80273739239163,-32.355769488753324,99.12364797219472,90.08039568493957,92.78639999999484,1119.1000000123236,678.0,1374.0,0.0,0.0,93.0,174.0,1.0,0.0,9.0,9.0,0.0,0.0,0.0,0.0,-99.9072136,-98.88089999998768,1,1
0.1,100.0,1440,1,30,30,0,0,75,15.0,18,15,5,0.1,3,inc_every3,92.75420000000912,95.68620000000578,-60.80545993760833,-74.93035932211069,99.11411243338233,99.24220048802695,92.75420000000605,76.3968000000512,424.0,237.0,0.0,0.0,26.0,15.0,2.0,2.0,15.0,15.0,0.0,0.0,0.0,0.0,-99.9072458,-99.92360319999995,1,1
0.1,100.0,1440,1,30,30,0,0,75,15.0,12,15,5,0.1,3,inc_every3,92.75420000001168,46.90560000000437,-60.805459937608106,-79.7226551847076,99.11411243338242,99.57175568337455,92.75419999999673,46.905600000000106,432.0,588.0,0.0,0.0,25.0,34.0,3.0,3.0,12.0,12.0,44.0,58.0,0.0,0.0,-99.9072458,-99.9530944,1,1
0.1,100.0,1440,1,30,30,0,0,100,25.0,5,6,99,0.0,1,flat,92.70000000098787,1292.200000000616,-60.810044314523005,-45.60580276512276,99.09516837480734,91.0747461857433,92.70000000098787,951.2000000005971,1366.0,1135.0,0.0,0.0,178.0,148.0,0.0,0.0,5.0,5.0,552.0,437.0,0.0,0.0,-99.90729999999901,-99.0487999999994,1,1
0.1,100.0,1440,1,30,30,0,0,100,25.0,5,6,5,0.1,3,inc_every3,92.70000000098787,1292.200000000616,-60.810044314523005,-45.60580276512276,99.09516837480734,91.0747461857433,92.70000000098787,951.2000000005971,1366.0,1135.0,0.0,0.0,178.0,148.0,0.0,0.0,5.0,5.0,552.0,437.0,0.0,0.0,-99.90729999999901,-99.0487999999994,1,1
0.1,100.0,1440,1,30,30,0,0,100,25.0,12,25,5,0.1,3,inc_every3,92.52040000001375,33.34170000000752,-60.8252506890016,-81.68110620362926,99.29761926452277,99.83064791393653,92.52040000000471,33.341700000002135,811.0,1199.0,0.0,0.0,46.0,68.0,3.0,3.0,12.0,12.0,94.0,152.0,0.0,0.0,-99.9074796,-99.96665829999999,1,1
0.1,100.0,1440,1,30,30,0,0,100,15.0,12,25,5,0.1,3,inc_every3,92.48260000001773,78.30200000000127,-60.82845414696774,-76.3823762750364,99.2609491996771,99.36001634654684,92.48260000000681,78.30199999999468,471.0,440.0,0.0,0.0,14.0,12.0,2.0,3.0,12.0,12.0,25.0,29.0,0.0,0.0,-99.90751739999999,-99.921698,1,1
0.1,100.0,1440,1,30,30,0,0,75,15.0,8,25,99,0.0,1,flat,92.27360000001283,2850.800000014887,-60.8461853162512,-31.16475103098233,99.10484376364214,78.87511830173226,92.27360000000624,2343.700000014586,2008.0,1440.0,0.0,0.0,46.0,31.0,1.0,0.0,8.0,8.0,363.0,230.0,0.0,0.0,-99.90772639999999,-138.91498763444685,1,0
0.1,100.0,1440,1,30,30,0,0,150,25.0,12,15,5,0.1,3,inc_every3,91.96530000001167,13884.700000029137,-60.872399647329686,10.259373295298113,99.43902047737872,58.60134597781358,91.96530000000462,5269.500000004283,886.0,1498.0,0.0,0.0,58.0,88.0,1.0,0.0,12.0,12.0,59.0,90.0,0.0,0.0,-99.9080347,-56.94331866032905,1,0
0.1,100.0,1440,1,30,30,0,0,150,25.0,18,15,5,0.1,3,inc_every3,91.96530000001167,13884.700000029137,-60.872399647329686,10.259373295298113,99.43902047737872,58.60134597781358,91.96530000000462,5269.500000004283,886.0,1498.0,0.0,0.0,58.0,88.0,1.0,0.0,12.0,12.0,0.0,0.0,0.0,0.0,-99.9080347,-56.94331866032905,1,0
0.1,100.0,1440,1,30,30,0,0,100,5.3,12,25,5,0.1,3,inc_every3,91.92399999998634,32.08739999999892,-60.87591666719076,-81.88894957567815,99.28591071165019,99.73890606691839,91.92399999998634,32.087399999998325,1629.0,2809.0,0.0,0.0,11.0,17.0,2.0,3.0,12.0,12.0,29.0,47.0,0.0,0.0,-99.90807600000001,-99.9679126,1,1
0.1,100.0,1440,1,30,30,0,0,150,15.0,8,4,5,0.1,3,inc_every3,91.81760000000509,58.011000000002184,-60.88498329019131,-78.39903599072875,99.12196763952123,99.42116344043103,91.81759999999679,58.011000000002184,1232.0,1273.0,0.0,0.0,120.0,123.0,1.0,1.0,7.0,7.0,0.0,0.0,0.0,0.0,-99.9081824,-99.94198899999999,1,1
0.1,100.0,1440,1,30,30,0,0,150,15.0,12,4,5,0.1,3,inc_every3,91.81760000000509,58.011000000002184,-60.88498329019131,-78.39903599072875,99.12196763952123,99.42116344043103,91.81759999999679,58.011000000002184,1232.0,1273.0,0.0,0.0,120.0,123.0,1.0,1.0,7.0,7.0,0.0,0.0,0.0,0.0,-99.9081824,-99.94198899999999,1,1
0.1,100.0,1440,1,30,30,0,0,150,15.0,18,4,5,0.1,3,inc_every3,91.81760000000509,58.011000000002184,-60.88498329019131,-78.39903599072875,99.12196763952123,99.42116344043103,91.81759999999679,58.011000000002184,1232.0,1273.0,0.0,0.0,120.0,123.0,1.0,1.0,7.0,7.0,0.0,0.0,0.0,0.0,-99.9081824,-99.94198899999999,1,1
0.1,100.0,1440,1,30,30,0,0,400,10.0,8,10,99,0.0,1,flat,91.80010000000595,5562.700000003664,-60.88647531577599,-16.01475761593384,99.10260322984284,53.13417491272608,91.80009999999629,4740.9000000035885,2183.0,2699.0,0.0,0.0,39.0,41.0,1.0,0.0,7.0,7.0,0.0,0.0,0.0,0.0,-99.9081999,-72.283107441386,1,0
0.1,100.0,1440,1,30,30,0,0,400,10.0,18,10,99,0.0,1,flat,91.80010000000595,5562.700000003664,-60.88647531577599,-16.01475761593384,99.10260322984284,53.13417491272608,91.80009999999629,4740.9000000035885,2183.0,2699.0,0.0,0.0,39.0,41.0,1.0,0.0,7.0,7.0,0.0,0.0,0.0,0.0,-99.9081999,-72.283107441386,1,0
0.1,100.0,1440,1,30,30,0,0,400,10.0,12,10,99,0.0,1,flat,91.80010000000595,5562.700000003664,-60.88647531577599,-16.01475761593384,99.10260322984284,53.13417491272608,91.80009999999629,4740.9000000035885,2183.0,2699.0,0.0,0.0,39.0,41.0,1.0,0.0,7.0,7.0,0.0,0.0,0.0,0.0,-99.9081999,-72.283107441386,1,0
0.1,100.0,1440,1,30,30,0,0,75,10.0,18,10,5,0.1,3,inc_every3,91.63419999999962,100.25370000001755,-60.900631031664766,-74.58006929599806,99.12392252093774,99.00365033144159,91.63419999999917,100.25370000001755,749.0,600.0,0.0,0.0,35.0,28.0,2.0,2.0,13.0,13.0,0.0,0.0,0.0,0.0,-99.9083658,-99.89974629999998,1,1
0.1,100.0,1440,1,30,30,0,0,100,5.3,5,2,99,0.0,1,flat,91.40000000239439,47.876800000012366,-60.920649504903544,-79.59861542807815,99.13650577707494,99.53156566150712,91.40000000239439,47.87680000000324,3835.0,2881.0,0.0,0.0,225.0,177.0,0.0,1.0,5.0,5.0,386.0,298.0,0.0,0.0,-99.9085999999976,-99.9521232,1,1
0.1,100.0,1440,1,30,30,0,0,100,5.3,5,2,5,0.1,3,inc_every3,91.40000000239439,47.876800000012366,-60.920649504903544,-79.59861542807815,99.13650577707494,99.53156566150712,91.40000000239439,47.87680000000324,3835.0,2881.0,0.0,0.0,225.0,177.0,0.0,1.0,5.0,5.0,386.0,298.0,0.0,0.0,-99.9085999999976,-99.9521232,1,1
0.1,100.0,1440,1,30,30,0,0,300,15.0,8,25,5,0.1,3,inc_every3,91.32410000001585,16376.900000000809,-60.92714593464814,15.811137872366633,99.15899308401404,42.2154796788494,91.32410000000198,8341.600000000573,860.0,1813.0,0.0,0.0,13.0,18.0,1.0,0.0,8.0,8.0,25.0,57.0,0.0,0.0,-99.90867589999999,-18.619821485332164,1,0
0.1,100.0,1440,1,30,30,0,0,100,15.0,18,4,99,0.0,1,flat,91.31079999998849,86.23229999999973,-60.928284752336694,-75.69454262712975,99.11251372865388,99.2127420459214,91.31079999998849,86.23229999999973,1095.0,904.0,0.0,0.0,130.0,107.0,1.0,1.0,9.0,9.0,0.0,0.0,0.0,0.0,-99.90868920000001,-99.9137677,1,1
0.1,100.0,1440,1,30,30,0,0,100,15.0,12,4,99,0.0,1,flat,91.31079999998849,86.23229999999973,-60.928284752336694,-75.69454262712975,99.11251372865388,99.2127420459214,91.31079999998849,86.23229999999973,1095.0,904.0,0.0,0.0,130.0,107.0,1.0,1.0,9.0,9.0,0.0,0.0,0.0,0.0,-99.90868920000001,-99.9137677,1,1
0.1,100.0,1440,1,30,30,0,0,100,15.0,8,4,99,0.0,1,flat,91.29679999998609,74.07720000001376,-60.92948365114484,-76.76899025354749,99.11264980026645,99.32148823917343,91.29679999998609,74.07720000000069,1101.0,1002.0,0.0,0.0,130.0,118.0,1.0,1.0,8.0,8.0,170.0,141.0,0.0,0.0,-99.90870320000002,-99.9259228,1,1
0.1,100.0,1440,1,30,30,0,0,100,5.3,12,10,5,0.1,3,inc_every3,91.2834999999921,58.716999999998194,-60.930622741229556,-78.32113935957456,99.1077317824154,99.5013927020414,91.2834999999921,49.94300000002238,1524.0,1848.0,0.0,0.0,26.0,29.0,2.0,3.0,12.0,12.0,28.0,31.0,0.0,0.0,-99.90871650000001,-99.95005699999997,1,1
0.1,100.0,1440,1,30,30,0,0,100,5.3,18,10,5,0.1,3,inc_every3,91.2834999999921,58.716999999998194,-60.930622741229556,-78.32113935957456,99.1077317824154,99.5013927020414,91.2834999999921,49.94300000002238,1524.0,1848.0,0.0,0.0,26.0,29.0,2.0,3.0,12.0,12.0,0.0,0.0,0.0,0.0,-99.90871650000001,-99.95005699999997,1,1
0.1,100.0,1440,1,30,30,0,0,150,15.0,12,6,99,0.0,1,flat,91.25899999999962,78.28170000000938,-60.9327214126262,-76.38419848169575,99.10090540979893,99.24205863558035,91.25899999999962,78.28170000000603,1068.0,1986.0,0.0,0.0,74.0,126.0,1.0,1.0,9.0,9.0,0.0,0.0,0.0,0.0,-99.908741,-99.9217183,1,1
0.1,100.0,1440,1,30,30,0,0,150,15.0,18,6,99,0.0,1,flat,91.25899999999962,78.28170000000938,-60.9327214126262,-76.38419848169575,99.10090540979893,99.24205863558035,91.25899999999962,78.28170000000603,1068.0,1986.0,0.0,0.0,74.0,126.0,1.0,1.0,9.0,9.0,0.0,0.0,0.0,0.0,-99.908741,-99.9217183,1,1
0.1,100.0,1440,1,30,30,0,0,400,5.3,18,10,99,0.0,1,flat,91.22679999999707,5431.600000004517,-60.935480351960216,-16.608703877051834,99.125090630095,53.88319353832372,91.22679999999707,4750.400000004505,2922.0,4604.0,0.0,0.0,28.0,35.0,1.0,0.0,7.0,7.0,0.0,0.0,0.0,0.0,-99.9087732,-74.37509095369927,1,0
0.1,100.0,1440,1,30,30,0,0,400,5.3,8,10,99,0.0,1,flat,91.22679999999707,5431.600000004517,-60.935480351960216,-16.608703877051834,99.125090630095,53.88319353832372,91.22679999999707,4750.400000004505,2922.0,4604.0,0.0,0.0,28.0,35.0,1.0,0.0,7.0,7.0,0.0,0.0,0.0,0.0,-99.9087732,-74.37509095369927,1,0
0.1,100.0,1440,1,30,30,0,0,400,5.3,12,10,99,0.0,1,flat,91.22679999999707,5431.600000004517,-60.935480351960216,-16.608703877051834,99.125090630095,53.88319353832372,91.22679999999707,4750.400000004505,2922.0,4604.0,0.0,0.0,28.0,35.0,1.0,0.0,7.0,7.0,0.0,0.0,0.0,0.0,-99.9087732,-74.37509095369927,1,0
0.1,100.0,1440,1,30,30,0,0,75,5.3,18,25,5,0.1,3,inc_every3,91.21700000001448,77.0798000000263,-60.936320183755335,-76.49268244794165,99.25722079719901,99.43541208871716,91.21700000000249,77.07980000001618,1036.0,1328.0,0.0,0.0,9.0,11.0,3.0,2.0,18.0,18.0,9.0,10.0,0.0,0.0,-99.908783,-99.92292019999998,1,1
0.1,100.0,1440,1,30,30,0,0,200,5.3,18,25,5,0.1,3,inc_every3,91.17779999999516,21.409800000000416,-60.93968023283311,-83.94342477940003,99.26714196151578,99.83512914106181,91.177799999993,21.409799999997787,2907.0,2013.0,0.0,0.0,14.0,10.0,1.0,3.0,13.0,13.0,0.0,0.0,0.0,0.0,-99.9088222,-99.9785902,1,1
0.1,100.0,1440,1,30,30,0,0,150,25.0,12,10,5,0.1,3,inc_every3,91.17220000001646,77.58100000001548,-60.94016033416367,-76.44730051647154,99.27443596457053,99.41836352186175,91.17219999999855,77.58100000001537,872.0,1192.0,0.0,0.0,77.0,104.0,2.0,1.0,10.0,10.0,0.0,0.0,0.0,0.0,-99.9088278,-99.92241899999999,1,1
0.1,100.0,1440,1,30,30,0,0,150,25.0,18,10,5,0.1,3,inc_every3,91.17220000001646,77.58100000001548,-60.94016033416367,-76.44730051647154,99.27443596457053,99.41836352186175,91.17219999999855,77.58100000001537,872.0,1192.0,0.0,0.0,77.0,104.0,2.0,1.0,10.0,10.0,0.0,0.0,0.0,0.0,-99.9088278,-99.92241899999999,1,1
0.1,100.0,1440,1,30,30,0,0,75,10.0,8,6,99,0.0,1,flat,91.17220000001208,94.58399999999915,-60.94016033416405,-75.01664185032742,99.11585449820105,99.05842533324054,91.1722000000072,94.58399999998812,1561.0,1188.0,0.0,0.0,87.0,69.0,1.0,1.0,8.0,8.0,208.0,139.0,0.0,0.0,-99.9088278,-99.90541600000002,1,1
0.1,100.0,1440,1,30,30,0,0,75,15.0,12,6,99,0.0,1,flat,91.17220000001299,59.7224999999967,-60.94016033416396,-78.2113251000757,99.12985359522054,99.40663778800017,91.17220000000668,59.722499999996444,975.0,565.0,0.0,0.0,97.0,61.0,1.0,1.0,12.0,12.0,111.0,66.0,0.0,0.0,-99.9088278,-99.94027750000001,1,1
0.1,100.0,1440,1,30,30,0,0,200,5.3,12,10,5,0.1,3,inc_every3,91.12740000001247,33.78839999999968,-60.9440019942173,-81.60841308983117,99.11725627712342,99.66568646851626,91.12740000000258,33.78839999999897,3524.0,5153.0,0.0,0.0,38.0,51.0,1.0,2.0,9.0,9.0,0.0,0.0,0.0,0.0,-99.9088726,-99.9662116,1,1
0.1,100.0,1440,1,30,30,0,0,200,5.3,18,10,5,0.1,3,inc_every3,91.12740000001247,33.78839999999968,-60.9440019942173,-81.60841308983117,99.11725627712342,99.66568646851626,91.12740000000258,33.78839999999897,3524.0,5153.0,0.0,0.0,38.0,51.0,1.0,2.0,9.0,9.0,0.0,0.0,0.0,0.0,-99.9088726,-99.9662116,1,1
0.1,100.0,1440,1,30,30,0,0,100,25.0,18,15,5,0.1,3,inc_every3,91.05599999999475,33.35430000000126,-60.95012776351405,-81.67904641281497,99.11857975335417,99.77318640517898,91.05599999999475,33.35430000000126,141.0,1327.0,0.0,0.0,15.0,116.0,2.0,4.0,14.0,14.0,0.0,0.0,0.0,0.0,-99.908944,-99.9666457,1,1
0.1,100.0,1440,1,30,30,0,0,150,25.0,12,25,99,0.0,1,flat,91.03709999999728,93.22880000001442,-60.9517499337898,-75.1237032812266,99.21518388248101,99.25531343855873,91.03709999999728,93.22879999999873,632.0,568.0,0.0,0.0,23.0,21.0,2.0,2.0,12.0,12.0,45.0,40.0,0.0,0.0,-99.9089629,-99.9067712,1,1
0.1,100.0,1440,1,30,30,0,0,100,15.0,12,10,5,0.1,3,inc_every3,90.97340000000167,83.27480000001214,-60.95721923312665,-75.94565047699663,99.12162402240028,99.2289584548577,90.97340000000167,83.27480000000406,1207.0,605.0,0.0,0.0,73.0,40.0,2.0,2.0,12.0,12.0,76.0,40.0,0.0,0.0,-99.9090266,-99.9167252,1,1
0.1,100.0,1440,1,30,30,0,0,100,15.0,18,10,5,0.1,3,inc_every3,90.97340000000167,83.27480000001214,-60.95721923312665,-75.94565047699663,99.12162402240028,99.2289584548577,90.97340000000167,83.27480000000406,1207.0,605.0,0.0,0.0,73.0,40.0,2.0,2.0,12.0,12.0,0.0,0.0,0.0,0.0,-99.9090266,-99.9167252,1,1
0.1,100.0,1440,1,30,30,0,0,300,25.0,8,15,5,0.1,3,inc_every3,90.86209999997936,4562.800000000603,-60.96678283781092,-20.82368838898444,99.14725110744071,67.79758146762532,90.86209999997936,3315.400000000637,499.0,1131.0,0.0,0.0,23.0,44.0,1.0,0.0,8.0,8.0,29.0,63.0,0.0,0.0,-99.90913790000002,-106.41885132423508,1,0
0.1,100.0,1440,1,30,30,0,0,75,15.0,18,0,99,0.0,1,flat,90.81840000000358,59.231999999997214,-60.97054038201484,-78.26473076460643,99.23577980107412,99.47007354125307,90.81840000000244,59.231999999997186,517.0,269.0,0.0,0.0,0.0,0.0,2.0,2.0,18.0,18.0,26.0,8.0,0.0,0.0,-99.9091816,-99.940768,1,1
0.1,100.0,1440,1,30,30,0,0,300,5.3,8,15,99,0.0,1,flat,90.75360000000967,4886.10000000344,-60.97611487271413,-19.19420814642494,99.10424320189507,78.67161930488014,90.75360000000194,2463.300000002217,2115.0,5235.0,0.0,0.0,16.0,28.0,1.0,0.0,8.0,8.0,28.0,52.0,0.0,0.0,-99.9092464,-126.53744675618522,1,0
0.1,100.0,1440,1,30,30,0,0,150,10.0,12,6,5,0.1,3,inc_every3,90.6318000000108,61.58150000000592,-60.98660147261681,-78.01167018657904,99.1066710036075,99.39092743331321,90.63180000000375,61.58150000000592,1701.0,1499.0,0.0,0.0,73.0,65.0,1.0,1.0,8.0,8.0,0.0,0.0,0.0,0.0,-99.9093682,-99.9384185,1,1
0.1,100.0,1440,1,30,30,0,0,150,10.0,8,6,5,0.1,3,inc_every3,90.6318000000108,61.58150000000592,-60.98660147261681,-78.01167018657904,99.1066710036075,99.39092743331321,90.63180000000375,61.58150000000592,1701.0,1499.0,0.0,0.0,73.0,65.0,1.0,1.0,8.0,8.0,87.0,76.0,0.0,0.0,-99.9093682,-99.9384185,1,1
0.1,100.0,1440,1,30,30,0,0,150,10.0,18,6,5,0.1,3,inc_every3,90.6318000000108,61.58150000000592,-60.98660147261681,-78.01167018657904,99.1066710036075,99.39092743331321,90.63180000000375,61.58150000000592,1701.0,1499.0,0.0,0.0,73.0,65.0,1.0,1.0,8.0,8.0,0.0,0.0,0.0,0.0,-99.9093682,-99.9384185,1,1
0.1,100.0,1440,1,30,30,0,0,150,15.0,8,6,99,0.0,1,flat,90.62760000001487,80.31240000001162,-60.986963280519646,-76.20353524314633,99.10712603816705,99.21397979956178,90.62760000000685,80.31239999999468,1001.0,1404.0,0.0,0.0,70.0,92.0,1.0,1.0,8.0,8.0,88.0,122.0,0.0,0.0,-99.9093724,-99.9196876,1,1
0.1,100.0,1440,1,30,30,0,0,75,25.0,12,15,5,0.1,3,inc_every3,90.61219999998781,62.00999999999311,-60.98829002425775,-77.96625165912869,99.40977325577684,99.60643564356458,90.61219999998781,62.00999999999311,732.0,557.0,0.0,0.0,81.0,62.0,2.0,4.0,12.0,12.0,133.0,104.0,0.0,0.0,-99.90938780000002,-99.93799000000001,1,1
0.1,100.0,1440,1,30,30,0,0,150,10.0,18,15,99,0.0,1,flat,90.55830000000185,7488.200000023113,-60.99293504814665,-8.247549735050065,99.11892841158966,66.69217426780617,90.55829999999366,3917.4000000198957,1730.0,4011.0,0.0,0.0,30.0,58.0,2.0,0.0,14.0,14.0,0.0,0.0,0.0,0.0,-99.9094417,-91.63189827066239,1,0
0.1,100.0,1440,1,30,30,0,0,200,10.0,8,6,5,0.1,3,inc_every3,90.28320000000213,46.505600000005956,-61.01667727341338,-79.77426712479783,99.10783825447645,99.56614672736774,90.28320000000213,46.50559999999797,1588.0,2215.0,0.0,0.0,61.0,79.0,1.0,1.0,7.0,7.0,0.0,0.0,0.0,0.0,-99.9097168,-99.9534944,1,1
0.1,100.0,1440,1,30,30,0,0,200,10.0,12,6,5,0.1,3,inc_every3,90.28320000000213,46.505600000005956,-61.01667727341338,-79.77426712479783,99.10783825447645,99.56614672736774,90.28320000000213,46.50559999999797,1588.0,2215.0,0.0,0.0,61.0,79.0,1.0,1.0,7.0,7.0,0.0,0.0,0.0,0.0,-99.9097168,-99.9534944,1,1
0.1,100.0,1440,1,30,30,0,0,200,10.0,18,6,5,0.1,3,inc_every3,90.28320000000213,46.505600000005956,-61.01667727341338,-79.77426712479783,99.10783825447645,99.56614672736774,90.28320000000213,46.50559999999797,1588.0,2215.0,0.0,0.0,61.0,79.0,1.0,1.0,7.0,7.0,0.0,0.0,0.0,0.0,-99.9097168,-99.9534944,1,1
0.1,100.0,1440,1,30,30,0,0,150,10.0,18,25,99,0.0,1,flat,90.1642000000162,7810.600000024744,-61.02696538015295,-7.089372450828913,99.20762632920301,85.31808075728829,90.16420000000358,2047.100000011501,1486.0,3774.0,0.0,0.0,16.0,34.0,2.0,0.0,18.0,18.0,15.0,36.0,0.0,0.0,-99.9098358,-127.72553396540549,1,0
0.1,100.0,1440,1,30,30,0,0,150,10.0,18,15,5,0.1,3,inc_every3,90.01580000000058,28.788000000062823,-61.03981048303451,-82.46438790330221,99.15338211504466,99.73479258215131,90.01579999999939,28.788000000062823,1793.0,2485.0,0.0,0.0,33.0,43.0,2.0,2.0,12.0,12.0,0.0,0.0,0.0,0.0,-99.9099842,-99.97121199999994,1,1
0.1,100.0,1440,1,30,30,0,0,150,10.0,12,15,5,0.1,3,inc_every3,90.01580000000058,28.788000000062823,-61.03981048303451,-82.46438790330221,99.15338211504466,99.73479258215131,90.01579999999939,28.788000000062823,1793.0,2485.0,0.0,0.0,33.0,43.0,2.0,2.0,12.0,12.0,32.0,45.0,0.0,0.0,-99.9099842,-99.97121199999994,1,1
0.1,100.0,1440,1,30,30,0,0,150,5.3,5,4,5,0.1,3,inc_every3,100.60000000618999,60.94850000000736,-60.163366013534024,-78.07917249117696,99.11200767345852,99.39092916816557,89.80000000615973,60.94850000000736,2808.0,2232.0,0.0,0.0,81.0,68.0,0.0,1.0,5.0,5.0,188.0,131.0,0.0,0.0,-99.91019999999384,-99.93905149999999,1,1
0.1,100.0,1440,1,30,30,0,0,150,5.3,5,4,99,0.0,1,flat,100.60000000618999,60.94850000000736,-60.163366013534024,-78.07917249117696,99.11200767345852,99.39092916816557,89.80000000615973,60.94850000000736,2808.0,2232.0,0.0,0.0,81.0,68.0,0.0,1.0,5.0,5.0,188.0,131.0,0.0,0.0,-99.91019999999384,-99.93905149999999,1,1
0.1,100.0,1440,1,30,30,0,0,200,5.3,12,10,99,0.0,1,flat,89.70569999999236,90.16000000001554,-61.06670667519476,-75.37024460483461,99.12053235294125,99.17860136292414,89.70569999999236,90.15999999999985,2796.0,5921.0,0.0,0.0,31.0,56.0,1.0,1.0,10.0,10.0,0.0,0.0,0.0,0.0,-99.9102943,-99.90984,1,1
0.1,100.0,1440,1,30,30,0,0,200,5.3,18,10,99,0.0,1,flat,89.70569999999236,90.16000000001554,-61.06670667519476,-75.37024460483461,99.12053235294125,99.17860136292414,89.70569999999236,90.15999999999985,2796.0,5921.0,0.0,0.0,31.0,56.0,1.0,1.0,10.0,10.0,0.0,0.0,0.0,0.0,-99.9102943,-99.90984,1,1
0.1,100.0,1440,1,30,30,0,0,100,5.3,18,10,99,0.0,1,flat,89.45859999998333,73.65359999998705,-61.088191922260314,-76.80860093904658,99.12556962025333,99.29528875961589,89.45859999998333,73.65359999998705,1809.0,3388.0,0.0,0.0,28.0,45.0,1.0,2.0,14.0,14.0,0.0,0.0,0.0,0.0,-99.91054140000001,-99.92634640000001,1,1
0.1,100.0,1440,1,30,30,0,0,150,25.0,18,0,5,0.1,3,inc_every3,89.44879999999137,47.17760000000217,-61.08904500655854,-79.68773540473791,99.1720693453291,99.85749574851769,89.44879999999137,47.17759999999811,47.0,234.0,0.0,0.0,0.0,0.0,3.0,4.0,18.0,18.0,1.0,5.0,0.0,0.0,-99.91055120000001,-99.9528224,1,1
0.1,100.0,1440,1,30,30,0,0,150,15.0,18,0,5,0.1,3,inc_every3,89.43900000001008,46.80640000000497,-61.0898981656191,-79.73542602908043,99.16111090267871,99.8299365255842,89.4390000000073,46.80640000000025,83.0,398.0,0.0,0.0,0.0,0.0,3.0,3.0,18.0,18.0,1.0,4.0,0.0,0.0,-99.91056099999999,-99.9531936,1,1
0.1,100.0,1440,1,30,30,0,0,400,10.0,8,15,99,0.0,1,flat,89.34660000000349,6633.7000000038315,-61.09794591514568,-11.496852811521919,99.14726082308933,61.98761935880398,89.34659999999667,4187.900000001947,2854.0,2470.0,0.0,0.0,33.0,25.0,1.0,0.0,8.0,8.0,43.0,34.0,0.0,0.0,-99.9106534,-85.47209152912988,1,0
0.1,100.0,1440,1,30,30,0,0,75,25.0,8,25,99,0.0,1,flat,89.31039999999695,4450.400000009533,-61.10110063638229,-21.40918319246715,99.1518722163665,63.92146418953434,89.31039999999587,3928.700000009343,1356.0,648.0,0.0,0.0,60.0,28.0,1.0,0.0,8.0,8.0,374.0,181.0,0.0,0.0,-99.9106896,-99.25211157153583,1,0
0.1,100.0,1440,1,30,30,0,0,400,10.0,18,25,5,0.1,3,inc_every3,89.27520000001311,2871.2000000049647,-61.10416919158832,-31.018538508289772,99.20144548999991,98.81192964725163,89.27519999999822,150.5000000047578,2923.0,2602.0,0.0,0.0,21.0,18.0,1.0,0.0,10.0,10.0,0.0,0.0,0.0,0.0,-99.9107248,-99.84949999999525,1,1
0.1,100.0,1440,1,30,30,0,0,400,10.0,12,25,5,0.1,3,inc_every3,89.27520000001311,2871.2000000049647,-61.10416919158832,-31.018538508289772,99.20144548999991,98.81192964725163,89.27519999999822,150.5000000047578,2923.0,2602.0,0.0,0.0,21.0,18.0,1.0,0.0,10.0,10.0,0.0,0.0,0.0,0.0,-99.9107248,-99.84949999999525,1,1
0.1,100.0,1440,1,30,30,0,0,100,15.0,8,6,99,0.0,1,flat,89.24859999998733,61.09250000000358,-61.10648868501993,-78.0637734005557,99.13255707718189,99.40216753106958,89.24859999998733,61.09250000000054,1154.0,862.0,0.0,0.0,94.0,73.0,1.0,1.0,8.0,8.0,170.0,117.0,0.0,0.0,-99.91075140000001,-99.9389075,1,1
0.1,100.0,1440,1,30,30,0,0,200,10.0,8,10,99,0.0,1,flat,89.11560000000338,6616.600000009541,-61.11809445359388,-11.564803095676378,99.13308299933853,74.60444729521085,89.11559999999679,2850.6000000081144,1643.0,3616.0,0.0,0.0,38.0,67.0,1.0,0.0,8.0,8.0,62.0,129.0,0.0,0.0,-99.9108844,-110.77369768609807,1,0
0.1,100.0,1440,1,30,30,0,0,300,10.0,18,15,99,0.0,1,flat,89.02810000002876,10072.400000000871,-61.12573738565794,0.21489983101072863,99.12175101114725,43.106480455179266,89.0281000000034,7699.400000000706,1206.0,2993.0,0.0,0.0,18.0,31.0,1.0,0.0,10.0,10.0,0.0,0.0,0.0,0.0,-99.91097189999999,-35.998061079347806,1,0
0.1,100.0,1440,1,30,30,0,0,300,10.0,12,15,99,0.0,1,flat,89.02810000002876,10072.400000000871,-61.12573738565794,0.21489983101072863,99.12175101114725,43.106480455179266,89.0281000000034,7699.400000000706,1206.0,2993.0,0.0,0.0,18.0,31.0,1.0,0.0,10.0,10.0,0.0,0.0,0.0,0.0,-99.91097189999999,-35.998061079347806,1,0
0.1,100.0,1440,1,30,30,0,0,100,25.0,18,10,99,0.0,1,flat,88.78659999999957,57.07600000000534,-61.14686309979642,-78.50323106207084,99.1333665202538,99.54029543001654,88.78659999999763,57.07600000000534,396.0,1021.0,0.0,0.0,43.0,105.0,1.0,1.0,15.0,15.0,0.0,0.0,0.0,0.0,-99.91121340000001,-99.94292399999999,1,1
0.1,100.0,1440,1,30,30,0,0,75,15.0,18,0,5,0.1,3,inc_every3,88.78099999999412,57.957999999996844,-61.14735351641285,-78.40491056981219,99.20921180379283,99.77164988259041,88.78099999999412,57.957999999996844,50.0,324.0,0.0,0.0,0.0,0.0,3.0,4.0,18.0,18.0,2.0,12.0,0.0,0.0,-99.911219,-99.942042,1,1
0.1,100.0,1440,1,30,30,0,0,150,5.3,12,15,5,0.1,3,inc_every3,88.57100000002077,105.50000001730052,-61.16576202628885,-74.19129028925953,99.1518381261552,99.13054227775451,88.57100000000509,105.5000000173003,2506.0,3975.0,0.0,0.0,21.0,32.0,2.0,1.0,12.0,12.0,20.0,33.0,0.0,0.0,-99.911429,-99.8944999999827,1,1
0.1,100.0,1440,1,30,30,0,0,150,5.3,18,15,5,0.1,3,inc_every3,88.57100000002077,105.50000001730052,-61.16576202628885,-74.19129028925953,99.1518381261552,99.13054227775451,88.57100000000509,105.5000000173003,2506.0,3975.0,0.0,0.0,21.0,32.0,2.0,1.0,12.0,12.0,0.0,0.0,0.0,0.0,-99.911429,-99.8944999999827,1,1
0.1,100.0,1440,1,30,30,0,0,100,15.0,18,25,5,0.1,3,inc_every3,88.32319999998202,79.15810000001181,-61.18752902567366,-76.30582965987321,99.34358547497666,99.39106343369693,88.32319999998202,79.15810000000005,967.0,450.0,0.0,0.0,26.0,14.0,4.0,2.0,16.0,16.0,0.0,0.0,0.0,0.0,-99.91167680000002,-99.9208419,1,1
0.1,100.0,1440,1,30,30,0,0,200,5.3,18,15,5,0.1,3,inc_every3,88.20560000001643,45.088400000000036,-61.19787622318928,-79.95967727178397,99.13859195093606,99.6339781629258,88.20560000000194,45.088399999998614,1965.0,5501.0,0.0,0.0,17.0,37.0,1.0,2.0,11.0,11.0,0.0,0.0,0.0,0.0,-99.9117944,-99.9549116,1,1
0.1,100.0,1440,1,30,30,0,0,200,5.3,12,15,5,0.1,3,inc_every3,88.20560000001643,45.088400000000036,-61.19787622318928,-79.95967727178397,99.13859195093606,99.6339781629258,88.20560000000194,45.088399999998614,1965.0,5501.0,0.0,0.0,17.0,37.0,1.0,2.0,11.0,11.0,0.0,0.0,0.0,0.0,-99.9117944,-99.9549116,1,1
0.1,100.0,1440,1,30,30,0,0,300,15.0,18,10,5,0.1,3,inc_every3,87.97460000000638,9831.40000000085,-61.21823324326565,-0.5047136746061498,99.30325426681975,41.54643171805921,87.97460000000638,7035.400000000504,2466.0,2058.0,0.0,0.0,73.0,54.0,1.0,0.0,8.0,8.0,0.0,0.0,0.0,0.0,-99.91202539999999,-33.59757711072457,1,0
0.1,100.0,1440,1,30,30,0,0,300,15.0,12,10,5,0.1,3,inc_every3,87.97460000000638,9831.40000000085,-61.21823324326565,-0.5047136746061498,99.30325426681975,41.54643171805921,87.97460000000638,7035.400000000504,2466.0,2058.0,0.0,0.0,73.0,54.0,1.0,0.0,8.0,8.0,0.0,0.0,0.0,0.0,-99.91202539999999,-33.59757711072457,1,0
0.1,100.0,1440,1,30,30,0,0,300,15.0,8,10,5,0.1,3,inc_every3,87.97460000000638,9831.40000000085,-61.21823324326565,-0.5047136746061498,99.30325426681975,41.54643171805921,87.97460000000638,7035.400000000504,2466.0,2058.0,0.0,0.0,73.0,54.0,1.0,0.0,8.0,8.0,78.0,60.0,0.0,0.0,-99.91202539999999,-33.59757711072457,1,0
0.1,100.0,1440,1,30,30,0,0,150,5.3,8,0,99,0.0,1,flat,87.84800000000178,3239.5000000051914,-61.229408091186265,-28.49610016866909,99.13131013478103,81.82298467883032,87.84799999999814,1823.5000000044347,1457.0,1093.0,0.0,0.0,0.0,0.0,1.0,0.0,8.0,8.0,29.0,27.0,0.0,0.0,-99.912152,-98.17649999999557,1,1
0.1,100.0,1440,1,30,30,0,0,100,25.0,18,4,99,0.0,1,flat,87.76740000000234,46.494400000003736,-61.23652928072786,-79.7757167391335,99.1433147877013,99.5533250072053,87.76740000000234,46.494400000001576,1427.0,765.0,0.0,0.0,303.0,167.0,1.0,1.0,10.0,10.0,0.0,0.0,0.0,0.0,-99.9122326,-99.9535056,1,1
0.1,100.0,1440,1,30,30,0,0,100,25.0,12,4,99,0.0,1,flat,87.76740000000234,46.494400000003736,-61.23652928072786,-79.7757167391335,99.1433147877013,99.5533250072053,87.76740000000234,46.494400000001576,1427.0,765.0,0.0,0.0,303.0,167.0,1.0,1.0,10.0,10.0,0.0,0.0,0.0,0.0,-99.9122326,-99.9535056,1,1
0.1,100.0,1440,1,30,30,0,0,100,5.3,8,25,5,0.1,3,inc_every3,87.66379999997741,32.29740000001058,-61.2456902585108,-81.85375859176297,99.14311323982233,99.71971118381654,87.66379999997741,32.297400000004785,1798.0,3395.0,0.0,0.0,11.0,18.0,2.0,3.0,8.0,8.0,60.0,126.0,0.0,0.0,-99.91233620000003,-99.9677026,1,1
0.1,100.0,1440,1,30,30,0,0,100,15.0,18,6,5,0.1,3,inc_every3,87.55390000000136,83.13060000000371,-61.25541779336756,-75.95805294972838,99.21811516547896,99.18499411764711,87.55389999999966,83.13059999999632,914.0,645.0,0.0,0.0,85.0,63.0,1.0,1.0,10.0,10.0,0.0,0.0,0.0,0.0,-99.9124461,-99.91686940000001,1,1
0.1,100.0,1440,1,30,30,0,0,100,15.0,12,6,5,0.1,3,inc_every3,87.55390000000136,83.13060000000371,-61.25541779336756,-75.95805294972838,99.21811516547896,99.18499411764711,87.55389999999966,83.13059999999632,914.0,645.0,0.0,0.0,85.0,63.0,1.0,1.0,10.0,10.0,0.0,0.0,0.0,0.0,-99.9124461,-99.91686940000001,1,1
0.1,100.0,1440,1,30,30,0,0,200,25.0,8,10,99,0.0,1,flat,87.34160000000759,9389.500000006658,-61.274236708648,-1.857065449662365,99.37114551083609,51.97742654949224,87.34159999999486,7471.400000005738,1729.0,1208.0,0.0,0.0,114.0,75.0,1.0,0.0,8.0,8.0,174.0,132.0,0.0,0.0,-99.91265840000001,-55.81191854864685,1,0
0.1,100.0,1440,1,30,30,0,0,75,15.0,18,10,5,0.1,3,inc_every3,87.28160000001074,97.41420000000767,-61.27956192155728,-74.7964823130106,99.16638077591644,99.03512083993675,87.28159999999946,97.41420000000767,691.0,254.0,0.0,0.0,54.0,22.0,2.0,2.0,13.0,13.0,0.0,0.0,0.0,0.0,-99.9127184,-99.9025858,1,1
0.1,100.0,1440,1,30,30,0,0,100,25.0,8,10,99,0.0,1,flat,86.97520000000145,86.5183999999989,-61.306801755440254,-75.67057389932663,99.1619433042339,99.1917416365386,86.9751999999994,86.5183999999989,1753.0,1079.0,0.0,0.0,161.0,102.0,1.0,1.0,8.0,8.0,392.0,241.0,0.0,0.0,-99.9130248,-99.9134816,1,1
0.1,100.0,1440,1,30,30,0,0,75,5.3,18,0,99,0.0,1,flat,86.96659999999667,46.75440000000508,-61.30756742670719,-79.74212801960292,99.1496704929895,99.6446721031153,86.96659999999372,46.75440000000239,773.0,927.0,0.0,0.0,0.0,0.0,2.0,3.0,18.0,18.0,11.0,7.0,0.0,0.0,-99.9130334,-99.9532456,1,1
0.1,100.0,1440,1,30,30,0,0,75,5.3,3,2,99,0.0,1,flat,86.90000000750649,44.90000000776706,-61.313498978269585,-79.98463228767457,99.145820022534,99.60952173819418,86.90000000750649,39.50000000775677,3482.0,3391.0,0.0,0.0,208.0,201.0,0.0,0.0,3.0,3.0,1041.0,1006.0,0.0,0.0,-99.9130999999925,-99.96049999999224,1,1
0.1,100.0,1440,1,30,30,0,0,75,5.3,3,2,5,0.1,3,inc_every3,86.90000000750649,44.90000000776706,-61.313498978269585,-79.98463228767457,99.145820022534,99.60952173819418,86.90000000750649,39.50000000775677,3482.0,3391.0,0.0,0.0,208.0,201.0,0.0,0.0,3.0,3.0,1041.0,1006.0,0.0,0.0,-99.9130999999925,-99.96049999999224,1,1
0.1,100.0,1440,1,30,30,0,0,100,5.3,8,6,5,0.1,3,inc_every3,86.53189999998921,82.13449999999239,-61.34634857367776,-76.04414175135445,99.15417721518999,99.18000798682182,86.53189999998921,82.13449999999239,2905.0,2044.0,0.0,0.0,67.0,51.0,1.0,1.0,8.0,8.0,118.0,83.0,0.0,0.0,-99.91346810000002,-99.9178655,1,1
0.1,100.0,1440,1,30,30,0,0,150,5.3,8,10,5,0.1,3,inc_every3,86.52559999999795,99.39239999999927,-61.3469117637777,-74.6452534365369,99.14438676120129,99.6583416059223,86.52559999999653,48.1834000000018,2748.0,6491.0,0.0,0.0,34.0,68.0,1.0,3.0,8.0,8.0,59.0,153.0,0.0,0.0,-99.9134744,-99.9518166,1,1
0.1,100.0,1440,1,30,30,0,0,75,10.0,12,25,99,0.0,1,flat,86.42409999999694,46.178400000010114,-61.35598990634976,-79.81671804738902,99.20491545382649,99.5402984480304,86.42409999999313,46.17840000000277,1193.0,1836.0,0.0,0.0,18.0,26.0,2.0,2.0,12.0,12.0,76.0,110.0,0.0,0.0,-99.91357590000001,-99.9538216,1,1
0.1,100.0,1440,1,30,30,0,0,150,10.0,8,6,99,0.0,1,flat,86.3337999999813,83.68500000001228,-61.364073494154326,-75.91045195051103,99.14903503065446,99.18026247549221,86.3337999999813,82.20000000754277,1267.0,1844.0,0.0,0.0,56.0,74.0,1.0,1.0,8.0,8.0,66.0,99.0,0.0,0.0,-99.91366620000002,-99.91779999999245,1,1
0.1,100.0,1440,1,30,30,0,0,150,10.0,3,10,99,0.0,1,flat,85.90000000638986,7406.400000002962,-61.4030014907033,-8.546959268772014,99.15331086003131,31.890833866708856,85.9000000063852,7342.100000002949,3120.0,1579.0,0.0,0.0,62.0,28.0,0.0,0.0,3.0,3.0,737.0,375.0,0.0,0.0,-99.91409999999361,-22.328627002189727,1,0
0.1,100.0,1440,1,30,30,0,0,150,10.0,3,10,5,0.1,3,inc_every3,85.90000000638986,7406.400000002962,-61.4030014907033,-8.546959268772014,99.15331086003131,31.890833866708856,85.9000000063852,7342.100000002949,3120.0,1579.0,0.0,0.0,62.0,28.0,0.0,0.0,3.0,3.0,737.0,375.0,0.0,0.0,-99.91409999999361,-22.328627002189727,1,0
0.1,100.0,1440,1,30,30,0,0,400,15.0,8,15,99,0.0,1,flat,85.86240000000839,10684.300000003546,-61.40638300992305,1.9891934717867432,99.24080073565817,49.40046650629022,85.86240000000703,5553.40000000173,2335.0,1587.0,0.0,0.0,42.0,24.0,1.0,0.0,8.0,8.0,58.0,33.0,0.0,0.0,-99.91413759999999,-46.8117395407937,1,0
0.1,100.0,1440,1,30,30,0,0,300,5.3,12,15,5,0.1,3,inc_every3,85.8389000000019,2970.700000002729,-61.40849706060951,-30.315668059790934,99.15322034901499,84.98939518072095,85.8389000000019,1960.4000000027045,2054.0,5598.0,0.0,0.0,16.0,32.0,1.0,0.0,9.0,9.0,0.0,0.0,0.0,0.0,-99.9141611,-98.0395999999973,1,1
0.1,100.0,1440,1,30,30,0,0,300,5.3,18,15,5,0.1,3,inc_every3,85.8389000000019,2970.700000002729,-61.40849706060951,-30.315668059790934,99.15322034901499,84.98939518072095,85.8389000000019,1960.4000000027045,2054.0,5598.0,0.0,0.0,16.0,32.0,1.0,0.0,9.0,9.0,0.0,0.0,0.0,0.0,-99.9141611,-98.0395999999973,1,1
0.1,100.0,1440,1,30,30,0,0,400,15.0,12,15,99,0.0,1,flat,85.75679999999852,7548.100000003142,-61.41588637979935,-8.029753963119957,99.24173445568371,58.005321087525644,85.75679999999852,4609.000000001964,2340.0,1593.0,0.0,0.0,42.0,26.0,1.0,0.0,9.0,9.0,0.0,0.0,0.0,0.0,-99.9142432,-74.04039613817125,1,0
0.1,100.0,1440,1,30,30,0,0,400,15.0,18,15,99,0.0,1,flat,85.75679999999852,7548.100000003142,-61.41588637979935,-8.029753963119957,99.24173445568371,58.005321087525644,85.75679999999852,4609.000000001964,2340.0,1593.0,0.0,0.0,42.0,26.0,1.0,0.0,9.0,9.0,0.0,0.0,0.0,0.0,-99.9142432,-74.04039613817125,1,0
0.1,100.0,1440,1,30,30,0,0,300,25.0,12,25,5,0.1,3,inc_every3,95.12640000000044,7857.300000000556,-60.60688089967607,-6.924409382833751,99.44569720264809,79.21128034986782,85.66139999997563,2757.000000000553,1970.0,1063.0,0.0,0.0,50.0,26.0,2.0,0.0,11.0,11.0,0.0,0.0,0.0,0.0,-99.91433860000002,-115.34697008256938,1,0
0.1,100.0,1440,1,30,30,0,0,300,25.0,18,25,5,0.1,3,inc_every3,95.12640000000044,7857.300000000556,-60.60688089967607,-6.924409382833751,99.44569720264809,79.21128034986782,85.66139999997563,2757.000000000553,1970.0,1063.0,0.0,0.0,50.0,26.0,2.0,0.0,11.0,11.0,0.0,0.0,0.0,0.0,-99.91433860000002,-115.34697008256938,1,0
0.1,100.0,1440,1,30,30,0,0,150,25.0,8,25,99,0.0,1,flat,85.52159999998776,10369.900000008567,-61.43708666517951,1.086728504193779,99.16343930353139,38.04686819407962,85.52159999998776,7111.600000002081,1349.0,803.0,0.0,0.0,43.0,24.0,1.0,0.0,8.0,8.0,168.0,126.0,0.0,0.0,-99.91447840000001,-25.007007883965464,1,0
0.1,100.0,1440,1,30,30,0,0,300,15.0,8,0,99,0.0,1,flat,85.13440000000628,12027.90000000059,-61.47208962092468,5.648322676793094,99.16570890988203,54.88947532282331,85.134399999999,6085.500000000575,568.0,486.0,0.0,0.0,0.0,0.0,1.0,0.0,8.0,8.0,14.0,17.0,0.0,0.0,-99.9148656,-54.130627968853524,1,0
0.1,100.0,1440,1,30,30,0,0,100,15.0,8,25,99,0.0,1,flat,84.73520000001668,2943.000000000824,-61.508310953367214,-30.509659373029297,99.17642462118633,78.22716357516217,84.73520000000349,2303.0000000008167,2384.0,1478.0,0.0,0.0,47.0,28.0,1.0,0.0,8.0,8.0,307.0,188.0,0.0,0.0,-99.9152648,-136.96398652335364,1,0
0.1,100.0,1440,1,30,30,0,0,300,5.3,8,0,99,0.0,1,flat,84.57759999999689,9480.400000002337,-61.52264834493191,-1.5752867977751328,99.44033932624423,65.89926137566317,84.57759999999689,4344.400000001966,2146.0,1473.0,0.0,0.0,0.0,0.0,1.0,0.0,8.0,8.0,23.0,15.0,0.0,0.0,-99.9154224,-83.37380954910148,1,0
0.1,100.0,1440,1,30,30,0,0,200,10.0,8,0,99,0.0,1,flat,84.52880000001096,5158.800000002029,-61.52709217464674,-17.8776758054089,99.17770341258412,67.8815468190864,84.52880000000368,3393.7000000017506,864.0,624.0,0.0,0.0,0.0,0.0,1.0,0.0,8.0,8.0,27.0,17.0,0.0,0.0,-99.9154712,-103.64076944358169,1,0
0.1,100.0,1440,1,30,30,0,0,400,5.3,18,0,5,0.1,3,inc_every3,84.36680000001616,81.23639999998909,-61.54185896098498,-76.12239178578683,99.4927837530736,99.6553369141869,84.36680000001616,81.23639999998909,1538.0,2243.0,0.0,0.0,0.0,0.0,3.0,2.0,18.0,18.0,1.0,1.0,0.0,0.0,-99.91563319999999,-99.9187636,1,1
0.1,100.0,1440,1,30,30,0,0,400,5.3,12,0,5,0.1,3,inc_every3,84.36680000000354,43.75920000000326,-61.54185896098614,-80.1373326281724,99.49082459729743,99.80993845472278,84.36680000000354,43.75919999999991,1393.0,2859.0,0.0,0.0,0.0,0.0,2.0,2.0,12.0,12.0,2.0,4.0,0.0,0.0,-99.9156332,-99.9562408,1,1
0.1,100.0,1440,1,30,30,0,0,400,10.0,18,0,5,0.1,3,inc_every3,84.36679999998921,104.87699999998176,-61.54185896098745,-74.23673709891341,99.54350427997889,99.25204324694421,84.36679999998921,104.87699999998176,871.0,385.0,0.0,0.0,0.0,0.0,3.0,2.0,18.0,18.0,1.0,1.0,0.0,0.0,-99.91563320000002,-99.89512300000001,1,1
0.1,100.0,1440,1,30,30,0,0,150,5.3,18,2,99,0.0,1,flat,84.0000000075429,46.82360000000057,-61.57537788231089,-79.73321036793007,99.17058335629834,99.54251936962024,84.00000000753198,46.8235999999992,3907.0,3407.0,0.0,0.0,201.0,179.0,0.0,1.0,5.0,5.0,0.0,0.0,0.0,0.0,-99.91599999999247,-99.9531764,1,1
0.1,100.0,1440,1,30,30,0,0,150,5.3,12,2,5,0.1,3,inc_every3,84.0000000075429,46.82360000000057,-61.57537788231089,-79.73321036793007,99.17058335629834,99.54251936962024,84.00000000753198,46.8235999999992,3907.0,3407.0,0.0,0.0,201.0,179.0,0.0,1.0,5.0,5.0,0.0,0.0,0.0,0.0,-99.91599999999247,-99.9531764,1,1
0.1,100.0,1440,1,30,30,0,0,150,5.3,18,2,5,0.1,3,inc_every3,84.0000000075429,46.82360000000057,-61.57537788231089,-79.73321036793007,99.17058335629834,99.54251936962024,84.00000000753198,46.8235999999992,3907.0,3407.0,0.0,0.0,201.0,179.0,0.0,1.0,5.0,5.0,0.0,0.0,0.0,0.0,-99.91599999999247,-99.9531764,1,1
0.1,100.0,1440,1,30,30,0,0,150,5.3,8,2,5,0.1,3,inc_every3,84.0000000075429,46.82360000000057,-61.57537788231089,-79.73321036793007,99.17058335629834,99.54251936962024,84.00000000753198,46.8235999999992,3907.0,3407.0,0.0,0.0,201.0,179.0,0.0,1.0,5.0,5.0,0.0,0.0,0.0,0.0,-99.91599999999247,-99.9531764,1,1
0.1,100.0,1440,1,30,30,0,0,150,5.3,5,2,5,0.1,3,inc_every3,84.0000000075429,46.82360000000057,-61.57537788231089,-79.73321036793007,99.17058335629834,99.54251936962024,84.00000000753198,46.8235999999992,3907.0,3407.0,0.0,0.0,201.0,179.0,0.0,1.0,5.0,5.0,253.0,209.0,0.0,0.0,-99.91599999999247,-99.9531764,1,1
0.1,100.0,1440,1,30,30,0,0,150,5.3,5,2,99,0.0,1,flat,84.0000000075429,46.82360000000057,-61.57537788231089,-79.73321036793007,99.17058335629834,99.54251936962024,84.00000000753198,46.8235999999992,3907.0,3407.0,0.0,0.0,201.0,179.0,0.0,1.0,5.0,5.0,253.0,209.0,0.0,0.0,-99.91599999999247,-99.9531764,1,1
0.1,100.0,1440,1,30,30,0,0,150,5.3,12,2,99,0.0,1,flat,84.0000000075429,46.82360000000057,-61.57537788231089,-79.73321036793007,99.17058335629834,99.54251936962024,84.00000000753198,46.8235999999992,3907.0,3407.0,0.0,0.0,201.0,179.0,0.0,1.0,5.0,5.0,0.0,0.0,0.0,0.0,-99.91599999999247,-99.9531764,1,1
0.1,100.0,1440,1,30,30,0,0,150,5.3,8,2,99,0.0,1,flat,84.0000000075429,46.82360000000057,-61.57537788231089,-79.73321036793007,99.17058335629834,99.54251936962024,84.00000000753198,46.8235999999992,3907.0,3407.0,0.0,0.0,201.0,179.0,0.0,1.0,5.0,5.0,0.0,0.0,0.0,0.0,-99.91599999999247,-99.9531764,1,1
0.1,100.0,1440,1,30,30,0,0,150,10.0,8,0,99,0.0,1,flat,83.8920000000071,5872.700000003464,-61.585269448671234,-14.648421874479078,99.20341831647926,61.468849862819475,83.89200000000346,4087.500000002932,814.0,614.0,0.0,0.0,0.0,0.0,1.0,0.0,8.0,8.0,35.0,26.0,0.0,0.0,-99.916108,-87.58612160011803,1,0
0.1,100.0,1440,1,30,30,0,0,200,5.3,8,0,99,0.0,1,flat,83.40000000360305,2947.3000000035045,-61.630460341323754,-30.47946134374223,99.2935795357988,85.63588061848213,83.40000000360305,1476.1000000029526,1677.0,1123.0,0.0,0.0,0.0,0.0,1.0,0.0,8.0,8.0,28.0,18.0,0.0,0.0,-99.9165999999964,-98.52389999999704,1,1
0.1,100.0,1440,1,30,30,0,0,150,25.0,3,2,5,0.1,3,inc_every3,82.20000000911813,3048.3000000041466,-61.74158309223723,-29.77889265218726,99.19335053914882,73.122567350952,82.20000000911813,2817.4000000038677,2258.0,1165.0,0.0,0.0,576.0,299.0,0.0,0.0,3.0,3.0,1315.0,646.0,0.0,0.0,-99.91779999999088,-126.02402735409126,1,0
0.1,100.0,1440,1,30,30,0,0,150,25.0,3,2,99,0.0,1,flat,82.20000000911813,3048.3000000041466,-61.74158309223723,-29.77889265218726,99.19335053914882,73.122567350952,82.20000000911813,2817.4000000038677,2258.0,1165.0,0.0,0.0,576.0,299.0,0.0,0.0,3.0,3.0,1315.0,646.0,0.0,0.0,-99.91779999999088,-126.02402735409126,1,0
0.1,100.0,1440,1,30,30,0,0,300,15.0,18,0,99,0.0,1,flat,81.52619999999399,47.03960000001251,-61.804548523071865,-79.70543433287875,99.5013017042049,99.66297493068144,81.52619999999399,47.03959999999768,825.0,262.0,0.0,0.0,0.0,0.0,2.0,2.0,18.0,18.0,6.0,1.0,0.0,0.0,-99.9184738,-99.95296040000001,1,1
0.1,100.0,1440,1,30,30,0,0,400,15.0,8,25,99,0.0,1,flat,81.27840000000185,13962.100000003273,-61.827809709551985,10.441918428650766,99.27492149586075,34.60328662776096,81.27839999999503,9408.300000000081,1412.0,1427.0,0.0,0.0,17.0,12.0,1.0,0.0,8.0,8.0,34.0,27.0,0.0,0.0,-99.91872160000001,-8.764654826871151,1,0
0.1,100.0,1440,1,30,30,0,0,150,10.0,8,10,99,0.0,1,flat,81.02760000000939,90.58799999999815,-61.85141034083623,-75.33550971438116,99.22115806067134,99.18723083548673,81.02759999999995,90.58799999999815,2119.0,2748.0,0.0,0.0,52.0,63.0,1.0,1.0,8.0,8.0,107.0,138.0,0.0,0.0,-99.9189724,-99.909412,1,1
0.1,100.0,1440,1,30,30,0,0,200,5.3,8,25,99,0.0,1,flat,80.66520000000719,86.50799999999992,-61.88561611868667,-75.67144420889879,99.2091647058824,99.1754232118348,80.66519999999537,86.50799999999379,4557.0,4714.0,0.0,0.0,19.0,19.0,1.0,1.0,8.0,8.0,75.0,80.0,0.0,0.0,-99.9193348,-99.913492,1,1
0.1,100.0,1440,1,30,30,0,0,100,25.0,8,6,99,0.0,1,flat,79.36800000000824,90.20319999999742,-62.00907106296136,-75.3667334048022,99.22530014641288,99.10209834760107,79.36799999999965,90.20319999999606,659.0,943.0,0.0,0.0,102.0,143.0,1.0,1.0,8.0,8.0,171.0,233.0,0.0,0.0,-99.920632,-99.90979680000001,1,1
0.1,100.0,1440,1,30,30,0,0,75,10.0,18,15,99,0.0,1,flat,79.267800000014,35.43390000000167,-62.01867411143191,-81.34631860514669,99.23129782096407,99.72700945307751,79.2678000000065,35.43389999999846,432.0,771.0,0.0,0.0,14.0,22.0,2.0,2.0,18.0,18.0,14.0,29.0,0.0,0.0,-99.92073219999999,-99.9645661,1,1
0.1,100.0,1440,1,30,30,0,0,150,15.0,8,10,5,0.1,3,inc_every3,79.2449000000081,77.55369999998578,-62.02087018312561,-76.44976712566567,99.30376387070696,99.33238324796643,79.2449000000081,77.55369999998578,3394.0,2049.0,0.0,0.0,138.0,85.0,1.0,1.0,8.0,8.0,258.0,165.0,0.0,0.0,-99.9207551,-99.92244630000002,1,1
0.1,100.0,1440,1,30,30,0,0,100,5.3,18,4,99,0.0,1,flat,78.91560000001937,72.05880000001264,-62.052505772130075,-76.9591815126077,99.22862421191529,99.28059901163077,78.91560000000572,72.05880000000377,2911.0,2505.0,0.0,0.0,94.0,85.0,1.0,1.0,9.0,9.0,0.0,0.0,0.0,0.0,-99.9210844,-99.92794119999999,1,1
0.1,100.0,1440,1,30,30,0,0,100,5.3,8,4,99,0.0,1,flat,78.91560000001283,84.08260000001508,-62.05250577213071,-75.87645008359192,99.2286242119154,99.16055907752201,78.91559999999504,84.08260000000689,2908.0,2557.0,0.0,0.0,94.0,86.0,1.0,1.0,8.0,8.0,120.0,108.0,0.0,0.0,-99.9210844,-99.9159174,1,1
0.1,100.0,1440,1,30,30,0,0,100,5.3,12,4,99,0.0,1,flat,78.91560000001937,72.05880000001264,-62.052505772130075,-76.9591815126077,99.22862421191529,99.28059901163077,78.91560000000572,72.05880000000377,2911.0,2505.0,0.0,0.0,94.0,85.0,1.0,1.0,9.0,9.0,0.0,0.0,0.0,0.0,-99.9210844,-99.92794119999999,1,1
0.1,100.0,1440,1,30,30,0,0,150,10.0,12,0,5,0.1,3,inc_every3,78.79619999999403,86.84060000000147,-62.064002521271576,-75.64364736748108,99.7300510803618,99.63732396719074,78.79619999999403,86.84060000000147,1794.0,1005.0,0.0,0.0,0.0,0.0,2.0,2.0,12.0,12.0,36.0,16.0,0.0,0.0,-99.9212038,-99.9131594,1,1
0.1,100.0,1440,1,30,30,0,0,300,25.0,12,15,99,0.0,1,flat,78.58260000000723,9465.800000000774,-62.08460437821235,-1.6204166687723287,99.24068179841727,57.14905540991959,78.5825999999987,4740.600000000634,579.0,1036.0,0.0,0.0,25.0,36.0,1.0,0.0,10.0,10.0,0.0,0.0,0.0,0.0,-99.9214174,-65.91852748861152,1,0
0.1,100.0,1440,1,30,30,0,0,300,25.0,18,15,99,0.0,1,flat,78.58260000000723,9465.800000000774,-62.08460437821235,-1.6204166687723287,99.24068179841727,57.14905540991959,78.5825999999987,4740.600000000634,579.0,1036.0,0.0,0.0,25.0,36.0,1.0,0.0,10.0,10.0,0.0,0.0,0.0,0.0,-99.9214174,-65.91852748861152,1,0
0.1,100.0,1440,1,30,30,0,0,300,25.0,18,6,5,0.1,3,inc_every3,78.48400000000595,4108.900000001016,-62.094129525281886,-23.254346329236874,99.29332528970568,65.96567874265733,78.4839999999997,3677.0000000010073,1785.0,1186.0,0.0,0.0,153.0,100.0,1.0,0.0,6.0,6.0,0.0,0.0,0.0,0.0,-99.921516,-105.18570381455154,1,0
0.1,100.0,1440,1,30,30,0,0,300,25.0,12,6,5,0.1,3,inc_every3,78.48400000000595,4108.900000001016,-62.094129525281886,-23.254346329236874,99.29332528970568,65.96567874265733,78.4839999999997,3677.0000000010073,1785.0,1186.0,0.0,0.0,153.0,100.0,1.0,0.0,6.0,6.0,0.0,0.0,0.0,0.0,-99.921516,-105.18570381455154,1,0
0.1,100.0,1440,1,30,30,0,0,300,25.0,8,6,5,0.1,3,inc_every3,78.48400000000595,4108.900000001016,-62.094129525281886,-23.254346329236874,99.29332528970568,65.96567874265733,78.4839999999997,3677.0000000010073,1785.0,1186.0,0.0,0.0,153.0,100.0,1.0,0.0,6.0,6.0,0.0,0.0,0.0,0.0,-99.921516,-105.18570381455154,1,0
0.1,100.0,1440,1,30,30,0,0,75,25.0,12,0,5,0.1,3,inc_every3,78.44689999999747,76.03680000000989,-62.09771600935687,-76.5877911978117,99.51667282786863,99.5972429256708,78.44689999999679,51.552100000004174,301.0,166.0,0.0,0.0,0.0,0.0,2.0,3.0,12.0,12.0,45.0,19.0,0.0,0.0,-99.9215531,-99.94844789999999,1,1
0.1,100.0,1440,1,30,30,0,0,100,15.0,8,25,5,0.1,3,inc_every3,90.99020000000979,4212.600000000704,-60.955776483218095,-22.683007575353752,99.26587656864572,69.15468988068649,78.38970000001018,3461.800000000716,955.0,1985.0,0.0,0.0,22.0,42.0,2.0,0.0,8.0,8.0,117.0,254.0,0.0,0.0,-99.92161029999998,-110.99238733672674,1,0
0.1,100.0,1440,1,30,30,0,0,150,5.3,8,4,99,0.0,1,flat,78.30839999999154,47.48240000000274,-62.111116903415024,-79.64877233153105,99.22564300335232,99.5254986609106,78.30839999999154,47.48239999999868,2714.0,2418.0,0.0,0.0,79.0,73.0,1.0,1.0,7.0,7.0,0.0,0.0,0.0,0.0,-99.9216916,-99.95251760000001,1,1
0.1,100.0,1440,1,30,30,0,0,150,5.3,12,4,99,0.0,1,flat,78.30839999999154,47.48240000000274,-62.111116903415024,-79.64877233153105,99.22564300335232,99.5254986609106,78.30839999999154,47.48239999999868,2714.0,2418.0,0.0,0.0,79.0,73.0,1.0,1.0,7.0,7.0,0.0,0.0,0.0,0.0,-99.9216916,-99.95251760000001,1,1
0.1,100.0,1440,1,30,30,0,0,150,5.3,18,4,99,0.0,1,flat,78.30839999999154,47.48240000000274,-62.111116903415024,-79.64877233153105,99.22564300335232,99.5254986609106,78.30839999999154,47.48239999999868,2714.0,2418.0,0.0,0.0,79.0,73.0,1.0,1.0,7.0,7.0,0.0,0.0,0.0,0.0,-99.9216916,-99.95251760000001,1,1
0.1,100.0,1440,1,30,30,0,0,100,15.0,12,25,99,0.0,1,flat,78.2940000000072,3621.3000000003376,-62.112511297132336,-26.08570778419529,99.29749033190069,80.07360518180069,78.29399999999976,2030.4000000004235,1143.0,2095.0,0.0,0.0,25.0,43.0,2.0,0.0,12.0,12.0,80.0,157.0,0.0,0.0,-99.921706,-136.23291814779665,1,0
0.1,100.0,1440,1,30,30,0,0,150,25.0,8,6,99,0.0,1,flat,78.17340000000314,867.3000000113389,-62.12419740493029,-51.691439041022626,99.2328645869111,98.78060633898089,78.17339999999763,138.0000000112168,584.0,1319.0,0.0,0.0,76.0,159.0,1.0,0.0,8.0,8.0,92.0,210.0,0.0,0.0,-99.9218266,-99.86199999998878,1,1
0.1,100.0,1440,1,30,30,0,0,150,25.0,18,0,99,0.0,1,flat,85.2975999999951,17392.200000007753,-61.45732081602482,17.902731956088445,99.67410729197982,91.8173830687674,78.05000000003099,1434.200000005032,478.0,337.0,0.0,0.0,0.0,0.0,2.0,0.0,18.0,18.0,19.0,13.0,0.0,0.0,-99.92194999999997,-98.56579999999497,1,1
0.1,100.0,1440,1,30,30,0,0,150,10.0,12,15,99,0.0,1,flat,77.80140000002359,6129.900000023234,-62.16033518174818,-13.55276367499998,99.31062574208309,76.4114476690602,77.80140000000205,2569.100000020033,1675.0,3959.0,0.0,0.0,30.0,58.0,1.0,0.0,12.0,12.0,41.0,92.0,0.0,0.0,-99.9221986,-116.37565901312037,1,0
0.1,100.0,1440,1,30,30,0,0,150,15.0,8,4,99,0.0,1,flat,77.6579999999991,81.00000000460255,-62.17430262541727,-76.14308989563459,99.23490408961493,99.19177808816015,77.65799999999581,81.00000000459181,1803.0,1147.0,0.0,0.0,164.0,111.0,1.0,0.0,8.0,8.0,1.0,1.0,0.0,0.0,-99.922342,-99.9189999999954,1,1
0.1,100.0,1440,1,30,30,0,0,150,15.0,18,4,99,0.0,1,flat,77.6579999999991,81.00000000460255,-62.17430262541727,-76.14308989563459,99.23490408961493,99.19177808816015,77.65799999999581,81.00000000459181,1803.0,1147.0,0.0,0.0,164.0,111.0,1.0,0.0,8.0,8.0,0.0,0.0,0.0,0.0,-99.922342,-99.9189999999954,1,1
0.1,100.0,1440,1,30,30,0,0,150,15.0,12,4,99,0.0,1,flat,77.6579999999991,81.00000000460255,-62.17430262541727,-76.14308989563459,99.23490408961493,99.19177808816015,77.65799999999581,81.00000000459181,1803.0,1147.0,0.0,0.0,164.0,111.0,1.0,0.0,8.0,8.0,0.0,0.0,0.0,0.0,-99.922342,-99.9189999999954,1,1
0.1,100.0,1440,1,30,30,0,0,75,10.0,12,4,99,0.0,1,flat,77.52839999998616,97.59999999999064,-62.18694368083008,-74.78218703531158,99.2862419443936,99.15169530564192,77.52839999998616,97.59999999999064,1777.0,1349.0,0.0,0.0,142.0,111.0,1.0,1.0,11.0,10.0,0.0,0.0,0.0,0.0,-99.92247160000001,-99.90240000000001,1,1
0.1,100.0,1440,1,30,30,0,0,75,10.0,18,4,99,0.0,1,flat,77.52839999998616,97.59999999999064,-62.18694368083008,-74.78218703531158,99.2862419443936,99.15169530564192,77.52839999998616,97.59999999999064,1777.0,1349.0,0.0,0.0,142.0,111.0,1.0,1.0,11.0,10.0,0.0,0.0,0.0,0.0,-99.92247160000001,-99.90240000000001,1,1
0.1,100.0,1440,1,30,30,0,0,75,15.0,8,6,99,0.0,1,flat,77.43600000001598,99.97760000001665,-62.19596661046941,-74.6009218656657,99.24878493611816,99.0084549581421,77.43600000000492,99.80000000804097,1023.0,883.0,0.0,0.0,97.0,82.0,1.0,1.0,8.0,8.0,210.0,158.0,0.0,0.0,-99.922564,-99.90019999999195,1,1
0.1,100.0,1440,1,30,30,0,0,100,10.0,18,25,99,0.0,1,flat,77.43360000000035,8349.999999999476,-62.19620108700331,-5.224576921688461,99.37300728744938,82.82400964838854,77.43359999999853,1851.4000000001947,1848.0,4321.0,0.0,0.0,23.0,49.0,3.0,0.0,18.0,18.0,44.0,82.0,0.0,0.0,-99.92256640000001,-98.1485999999998,1,1
0.1,100.0,1440,1,30,30,0,0,75,10.0,12,15,99,0.0,1,flat,77.30639999999468,45.21600000001213,-62.20863666990187,-79.94281725192953,99.28772838254952,99.61420124401673,77.3063999999938,45.21600000000174,1738.0,2724.0,0.0,0.0,42.0,61.0,2.0,2.0,12.0,12.0,125.0,178.0,0.0,0.0,-99.9226936,-99.954784,1,1
0.1,100.0,1440,1,30,30,0,0,150,25.0,8,4,5,0.1,3,inc_every3,77.22540000000191,55.823999999992225,-62.21656408732179,-78.64464676879324,99.24358532332947,99.44912519612788,77.22540000000191,55.823999999992225,2060.0,1008.0,0.0,0.0,353.0,180.0,1.0,1.0,7.0,7.0,0.0,0.0,0.0,0.0,-99.9227746,-99.94417600000001,1,1
0.1,100.0,1440,1,30,30,0,0,150,25.0,18,4,5,0.1,3,inc_every3,77.22540000000191,55.823999999992225,-62.21656408732179,-78.64464676879324,99.24358532332947,99.44912519612788,77.22540000000191,55.823999999992225,2060.0,1008.0,0.0,0.0,353.0,180.0,1.0,1.0,7.0,7.0,0.0,0.0,0.0,0.0,-99.9227746,-99.94417600000001,1,1
0.1,100.0,1440,1,30,30,0,0,150,25.0,12,4,5,0.1,3,inc_every3,77.22540000000191,55.823999999992225,-62.21656408732179,-78.64464676879324,99.24358532332947,99.44912519612788,77.22540000000191,55.823999999992225,2060.0,1008.0,0.0,0.0,353.0,180.0,1.0,1.0,7.0,7.0,0.0,0.0,0.0,0.0,-99.9227746,-99.94417600000001,1,1
0.1,100.0,1440,1,30,30,0,0,200,10.0,8,4,99,0.0,1,flat,249.20000000364598,57.5950000000031,-52.23394406047901,-78.44524766401338,99.2381121783121,99.51861018096233,77.10000000352835,49.60000000454795,1623.0,2165.0,0.0,0.0,89.0,111.0,0.0,1.0,6.0,6.0,0.0,0.0,0.0,0.0,-99.92289999999647,-99.95039999999545,1,1
0.1,100.0,1440,1,30,30,0,0,200,10.0,12,4,99,0.0,1,flat,249.20000000364598,57.5950000000031,-52.23394406047901,-78.44524766401338,99.2381121783121,99.51861018096233,77.10000000352835,49.60000000454795,1623.0,2165.0,0.0,0.0,89.0,111.0,0.0,1.0,6.0,6.0,0.0,0.0,0.0,0.0,-99.92289999999647,-99.95039999999545,1,1
0.1,100.0,1440,1,30,30,0,0,200,10.0,18,4,99,0.0,1,flat,249.20000000364598,57.5950000000031,-52.23394406047901,-78.44524766401338,99.2381121783121,99.51861018096233,77.10000000352835,49.60000000454795,1623.0,2165.0,0.0,0.0,89.0,111.0,0.0,1.0,6.0,6.0,0.0,0.0,0.0,0.0,-99.92289999999647,-99.95039999999545,1,1
0.1,100.0,1440,1,30,30,0,0,200,5.3,3,2,99,0.0,1,flat,76.30000000666865,34.33530000000728,-62.30760775007982,-81.52032749901107,99.24630809496054,99.65664699999998,76.30000000666865,34.33530000000326,5178.0,3721.0,0.0,0.0,232.0,176.0,0.0,1.0,3.0,3.0,647.0,419.0,0.0,0.0,-99.92369999999333,-99.96566469999999,1,1
0.1,100.0,1440,1,30,30,0,0,200,5.3,3,2,5,0.1,3,inc_every3,76.30000000666865,34.33530000000728,-62.30760775007982,-81.52032749901107,99.24630809496054,99.65664699999998,76.30000000666865,34.33530000000326,5178.0,3721.0,0.0,0.0,232.0,176.0,0.0,1.0,3.0,3.0,647.0,419.0,0.0,0.0,-99.92369999999333,-99.96566469999999,1,1
0.1,100.0,1440,1,30,30,0,0,75,10.0,8,10,99,0.0,1,flat,85.71360000001033,92.65440000000615,-61.41977682008104,-75.16941113231265,99.29739714525563,99.13601700842035,76.14880000005545,92.65440000000376,3122.0,1810.0,0.0,0.0,98.0,59.0,2.0,1.0,8.0,8.0,376.0,199.0,0.0,0.0,-99.92385119999994,-99.9073456,1,1
0.1,100.0,1440,1,30,30,0,0,300,5.3,18,15,99,0.0,1,flat,76.12620000000254,5958.000000002448,-62.32480513805206,-14.281377549871866,99.24861866456109,65.33627973894335,76.12619999999345,4360.800000001789,2101.0,5254.0,0.0,0.0,16.0,28.0,1.0,0.0,10.0,10.0,0.0,0.0,0.0,0.0,-99.92387380000001,-94.95393702775856,1,0
0.1,100.0,1440,1,30,30,0,0,300,5.3,12,15,99,0.0,1,flat,76.12620000000254,5958.000000002448,-62.32480513805206,-14.281377549871866,99.24861866456109,65.33627973894335,76.12619999999345,4360.800000001789,2101.0,5254.0,0.0,0.0,16.0,28.0,1.0,0.0,10.0,10.0,0.0,0.0,0.0,0.0,-99.92387380000001,-94.95393702775856,1,0
0.1,100.0,1440,1,30,30,0,0,300,10.0,18,4,5,0.1,3,inc_every3,75.8000000035272,2523.300000001829,-62.35716736400909,-33.61958447630431,99.2480979257866,80.15440976677628,75.8000000035272,2118.100000001752,4464.0,3311.0,0.0,0.0,182.0,134.0,0.0,0.0,5.0,5.0,0.0,0.0,0.0,0.0,-99.92419999999647,-143.92840400985688,1,0
0.1,100.0,1440,1,30,30,0,0,300,10.0,12,4,99,0.0,1,flat,75.8000000035272,2523.300000001829,-62.35716736400909,-33.61958447630431,99.2480979257866,80.15440976677628,75.8000000035272,2118.100000001752,4464.0,3311.0,0.0,0.0,182.0,134.0,0.0,0.0,5.0,5.0,0.0,0.0,0.0,0.0,-99.92419999999647,-143.92840400985688,1,0
0.1,100.0,1440,1,30,30,0,0,300,10.0,12,4,5,0.1,3,inc_every3,75.8000000035272,2523.300000001829,-62.35716736400909,-33.61958447630431,99.2480979257866,80.15440976677628,75.8000000035272,2118.100000001752,4464.0,3311.0,0.0,0.0,182.0,134.0,0.0,0.0,5.0,5.0,0.0,0.0,0.0,0.0,-99.92419999999647,-143.92840400985688,1,0
0.1,100.0,1440,1,30,30,0,0,300,10.0,5,4,5,0.1,3,inc_every3,75.8000000035272,2523.300000001829,-62.35716736400909,-33.61958447630431,99.2480979257866,80.15440976677628,75.8000000035272,2118.100000001752,4464.0,3311.0,0.0,0.0,182.0,134.0,0.0,0.0,5.0,5.0,222.0,174.0,0.0,0.0,-99.92419999999647,-143.92840400985688,1,0
0.1,100.0,1440,1,30,30,0,0,300,10.0,5,4,99,0.0,1,flat,75.8000000035272,2523.300000001829,-62.35716736400909,-33.61958447630431,99.2480979257866,80.15440976677628,75.8000000035272,2118.100000001752,4464.0,3311.0,0.0,0.0,182.0,134.0,0.0,0.0,5.0,5.0,222.0,174.0,0.0,0.0,-99.92419999999647,-143.92840400985688,1,0
0.1,100.0,1440,1,30,30,0,0,300,10.0,8,4,5,0.1,3,inc_every3,75.8000000035272,2523.300000001829,-62.35716736400909,-33.61958447630431,99.2480979257866,80.15440976677628,75.8000000035272,2118.100000001752,4464.0,3311.0,0.0,0.0,182.0,134.0,0.0,0.0,5.0,5.0,0.0,0.0,0.0,0.0,-99.92419999999647,-143.92840400985688,1,0
0.1,100.0,1440,1,30,30,0,0,300,10.0,8,4,99,0.0,1,flat,75.8000000035272,2523.300000001829,-62.35716736400909,-33.61958447630431,99.2480979257866,80.15440976677628,75.8000000035272,2118.100000001752,4464.0,3311.0,0.0,0.0,182.0,134.0,0.0,0.0,5.0,5.0,0.0,0.0,0.0,0.0,-99.92419999999647,-143.92840400985688,1,0
0.1,100.0,1440,1,30,30,0,0,300,10.0,18,4,99,0.0,1,flat,75.8000000035272,2523.300000001829,-62.35716736400909,-33.61958447630431,99.2480979257866,80.15440976677628,75.8000000035272,2118.100000001752,4464.0,3311.0,0.0,0.0,182.0,134.0,0.0,0.0,5.0,5.0,0.0,0.0,0.0,0.0,-99.92419999999647,-143.92840400985688,1,0
0.1,100.0,1440,1,30,30,0,0,400,15.0,18,15,5,0.1,3,inc_every3,75.64340000000561,10992.900000003887,-62.37274320581356,2.857046488029824,99.38733416487132,55.16998276670603,75.64340000000402,5723.000000002455,2525.0,1693.0,0.0,0.0,46.0,26.0,1.0,0.0,8.0,8.0,0.0,0.0,0.0,0.0,-99.9243566,-57.48291904538223,1,0
0.1,100.0,1440,1,30,30,0,0,400,15.0,8,15,5,0.1,3,inc_every3,75.64340000000561,10992.900000003887,-62.37274320581356,2.857046488029824,99.38733416487132,55.16998276670603,75.64340000000402,5723.000000002455,2525.0,1693.0,0.0,0.0,46.0,26.0,1.0,0.0,8.0,8.0,57.0,31.0,0.0,0.0,-99.9243566,-57.48291904538223,1,0
0.1,100.0,1440,1,30,30,0,0,400,15.0,12,15,5,0.1,3,inc_every3,75.64340000000561,10992.900000003887,-62.37274320581356,2.857046488029824,99.38733416487132,55.16998276670603,75.64340000000402,5723.000000002455,2525.0,1693.0,0.0,0.0,46.0,26.0,1.0,0.0,8.0,8.0,0.0,0.0,0.0,0.0,-99.9243566,-57.48291904538223,1,0
0.1,100.0,1440,1,30,30,0,0,300,15.0,18,25,5,0.1,3,inc_every3,75.63779999999281,12936.10000000085,-62.3733006738022,7.96178565324468,99.34591444062997,61.49034825215852,75.63779999999281,5855.200000000773,2860.0,1935.0,0.0,0.0,37.0,21.0,1.0,0.0,11.0,11.0,0.0,0.0,0.0,0.0,-99.9243622,-65.01891085107236,1,0
0.1,100.0,1440,1,30,30,0,0,300,15.0,12,25,5,0.1,3,inc_every3,75.63779999999281,12936.10000000085,-62.3733006738022,7.96178565324468,99.34591444062997,61.49034825215852,75.63779999999281,5855.200000000773,2860.0,1935.0,0.0,0.0,37.0,21.0,1.0,0.0,11.0,11.0,0.0,0.0,0.0,0.0,-99.9243622,-65.01891085107236,1,0
0.1,100.0,1440,1,30,30,0,0,200,15.0,12,0,5,0.1,3,inc_every3,75.48799999999443,59.7960000000017,-62.38822521011564,-78.20334898790873,99.80970962871099,99.71555513271814,75.48799999999443,59.7959999999992,1404.0,399.0,0.0,0.0,0.0,0.0,2.0,2.0,12.0,12.0,33.0,5.0,0.0,0.0,-99.92451200000001,-99.940204,1,1
0.1,100.0,1440,1,30,30,0,0,150,5.3,18,0,99,0.0,1,flat,75.27659999999099,62.14450000000073,-62.40932729580781,-77.95204090642986,99.70148708024705,99.67119834076713,75.27659999999099,62.14450000000073,4233.0,1686.0,0.0,0.0,0.0,0.0,2.0,2.0,18.0,18.0,21.0,7.0,0.0,0.0,-99.9247234,-99.9378555,1,1
0.1,100.0,1440,1,30,30,0,0,150,10.0,3,6,5,0.1,3,inc_every3,75.20000000912069,6441.800000004174,-62.41698525713383,-12.266585276664932,99.25877737684942,38.35359137751125,75.20000000911932,6268.700000004158,4094.0,2407.0,0.0,0.0,130.0,71.0,0.0,0.0,3.0,3.0,1012.0,577.0,0.0,0.0,-99.92479999999088,-38.973768031687435,1,0
0.1,100.0,1440,1,30,30,0,0,150,10.0,3,6,99,0.0,1,flat,75.20000000912069,6441.800000004174,-62.41698525713383,-12.266585276664932,99.25877737684942,38.35359137751125,75.20000000911932,6268.700000004158,4094.0,2407.0,0.0,0.0,130.0,71.0,0.0,0.0,3.0,3.0,1012.0,577.0,0.0,0.0,-99.92479999999088,-38.973768031687435,1,0
0.1,100.0,1440,1,30,30,0,0,75,5.3,12,10,99,0.0,1,flat,75.098400000004,49.08800000000414,-62.42715218746018,-79.44637567557629,99.2651963758048,99.61698774217218,75.09839999999878,49.087999999999425,2237.0,3011.0,0.0,0.0,36.0,46.0,2.0,2.0,12.0,12.0,73.0,103.0,0.0,0.0,-99.9249016,-99.950912,1,1
0.1,100.0,1440,1,30,30,0,0,150,10.0,18,4,5,0.1,3,inc_every3,74.92310000000333,46.633199999997174,-62.44472004088516,-79.75776916140424,99.26699767155189,99.53495153376683,74.92310000000333,46.633199999997174,1770.0,2111.0,0.0,0.0,106.0,122.0,1.0,1.0,7.0,7.0,0.0,0.0,0.0,0.0,-99.9250769,-99.9533668,1,1
0.1,100.0,1440,1,30,30,0,0,150,10.0,12,4,5,0.1,3,inc_every3,74.92310000000333,46.633199999997174,-62.44472004088516,-79.75776916140424,99.26699767155189,99.53495153376683,74.92310000000333,46.633199999997174,1770.0,2111.0,0.0,0.0,106.0,122.0,1.0,1.0,7.0,7.0,0.0,0.0,0.0,0.0,-99.9250769,-99.9533668,1,1
0.1,100.0,1440,1,30,30,0,0,150,10.0,8,4,5,0.1,3,inc_every3,74.92310000000333,46.633199999997174,-62.44472004088516,-79.75776916140424,99.26699767155189,99.53495153376683,74.92310000000333,46.633199999997174,1770.0,2111.0,0.0,0.0,106.0,122.0,1.0,1.0,7.0,7.0,0.0,0.0,0.0,0.0,-99.9250769,-99.9533668,1,1
0.1,100.0,1440,1,30,30,0,0,150,25.0,12,0,99,0.0,1,flat,74.74739999999366,4323.80000000331,-62.46236100272602,-22.081220401070834,99.37173860054654,83.6811249976185,74.74739999999366,1731.4000000028282,317.0,223.0,0.0,0.0,0.0,0.0,2.0,0.0,12.0,12.0,20.0,11.0,0.0,0.0,-99.92525260000001,-98.26859999999718,1,1
0.1,100.0,1440,1,30,30,0,0,75,25.0,18,6,99,0.0,1,flat,74.47200000000808,70.25880000000717,-62.490079088020046,-77.13197606405987,99.28076258172926,99.30253834317762,74.47200000000635,70.25880000000296,1577.0,392.0,0.0,0.0,290.0,77.0,1.0,1.0,14.0,14.0,0.0,0.0,0.0,0.0,-99.925528,-99.9297412,1,1
0.1,100.0,1440,1,30,30,0,0,400,5.3,12,10,5,0.1,3,inc_every3,93.18120000001295,2054.7000000048665,-60.76941790625381,-37.55609587716193,99.29616823754024,87.2431159909229,74.30000000406847,1322.2000000048467,4052.0,4857.0,0.0,0.0,36.0,40.0,1.0,0.0,7.0,7.0,0.0,0.0,0.0,0.0,-99.92569999999593,-98.67779999999516,1,1
0.1,100.0,1440,1,30,30,0,0,400,5.3,18,10,5,0.1,3,inc_every3,93.18120000001295,2054.7000000048665,-60.76941790625381,-37.55609587716193,99.29616823754024,87.2431159909229,74.30000000406847,1322.2000000048467,4052.0,4857.0,0.0,0.0,36.0,40.0,1.0,0.0,7.0,7.0,0.0,0.0,0.0,0.0,-99.92569999999593,-98.67779999999516,1,1
0.1,100.0,1440,1,30,30,0,0,400,5.3,8,10,5,0.1,3,inc_every3,93.18120000001295,2054.7000000048665,-60.76941790625381,-37.55609587716193,99.29616823754024,87.2431159909229,74.30000000406847,1322.2000000048467,4052.0,4857.0,0.0,0.0,36.0,40.0,1.0,0.0,7.0,7.0,0.0,0.0,0.0,0.0,-99.92569999999593,-98.67779999999516,1,1
0.1,100.0,1440,1,30,30,0,0,150,25.0,18,25,99,0.0,1,flat,74.06400000001122,3101.300000018964,-62.531294011778996,-29.417773568176553,99.35025309459698,83.44894989772315,74.06399999999951,2252.3000000189695,486.0,1234.0,0.0,0.0,19.0,43.0,2.0,0.0,18.0,18.0,18.0,47.0,0.0,0.0,-99.92593600000001,-146.31567336362286,1,0
0.1,100.0,1440,1,30,30,0,0,100,5.3,18,25,99,0.0,1,flat,73.99680000000467,71.33940000001519,-62.53809976170571,-77.02787392694754,99.38505621992671,99.30047067129497,73.99679999999887,71.33939999999797,2497.0,2404.0,0.0,0.0,14.0,14.0,2.0,2.0,18.0,18.0,31.0,20.0,0.0,0.0,-99.9260032,-99.9286606,1,1
0.1,100.0,1440,1,30,30,0,0,100,5.3,18,15,99,0.0,1,flat,88.78660000000326,86.09860000000731,-61.1468630997961,-75.7057628264024,99.31460111317261,99.1688120866921,73.88599999999443,86.09860000000083,2386.0,3453.0,0.0,0.0,23.0,31.0,2.0,2.0,17.0,17.0,0.0,0.0,0.0,0.0,-99.92611400000001,-99.9139014,1,1
0.1,100.0,1440,1,30,30,0,0,300,10.0,8,15,99,0.0,1,flat,73.87380000000394,7654.800000001662,-62.55056953090155,-7.644782520378069,99.27124593074879,56.42573068850136,73.87379999999575,5335.800000001023,1263.0,2910.0,0.0,0.0,18.0,31.0,2.0,0.0,8.0,8.0,29.0,55.0,0.0,0.0,-99.9261262,-70.4962438973808,1,0
0.1,100.0,1440,1,30,30,0,0,300,15.0,18,4,99,0.0,1,flat,73.60000000195765,1883.1000000012318,-62.57838718255282,-39.1557803700474,99.2712077552807,85.53870024020021,73.60000000195765,1547.2000000012308,2767.0,2106.0,0.0,0.0,183.0,139.0,0.0,0.0,5.0,5.0,0.0,0.0,0.0,0.0,-99.92639999999804,-98.45279999999877,1,1
0.1,100.0,1440,1,30,30,0,0,300,15.0,18,4,5,0.1,3,inc_every3,73.60000000195765,1883.1000000012318,-62.57838718255282,-39.1557803700474,99.2712077552807,85.53870024020021,73.60000000195765,1547.2000000012308,2767.0,2106.0,0.0,0.0,183.0,139.0,0.0,0.0,5.0,5.0,0.0,0.0,0.0,0.0,-99.92639999999804,-98.45279999999877,1,1
0.1,100.0,1440,1,30,30,0,0,300,15.0,12,4,5,0.1,3,inc_every3,73.60000000195765,1883.1000000012318,-62.57838718255282,-39.1557803700474,99.2712077552807,85.53870024020021,73.60000000195765,1547.2000000012308,2767.0,2106.0,0.0,0.0,183.0,139.0,0.0,0.0,5.0,5.0,0.0,0.0,0.0,0.0,-99.92639999999804,-98.45279999999877,1,1
0.1,100.0,1440,1,30,30,0,0,300,15.0,8,4,99,0.0,1,flat,73.60000000195765,1883.1000000012318,-62.57838718255282,-39.1557803700474,99.2712077552807,85.53870024020021,73.60000000195765,1547.2000000012308,2767.0,2106.0,0.0,0.0,183.0,139.0,0.0,0.0,5.0,5.0,0.0,0.0,0.0,0.0,-99.92639999999804,-98.45279999999877,1,1
0.1,100.0,1440,1,30,30,0,0,300,15.0,5,4,99,0.0,1,flat,73.60000000195765,1883.1000000012318,-62.57838718255282,-39.1557803700474,99.2712077552807,85.53870024020021,73.60000000195765,1547.2000000012308,2767.0,2106.0,0.0,0.0,183.0,139.0,0.0,0.0,5.0,5.0,220.0,172.0,0.0,0.0,-99.92639999999804,-98.45279999999877,1,1
0.1,100.0,1440,1,30,30,0,0,300,15.0,5,4,5,0.1,3,inc_every3,73.60000000195765,1883.1000000012318,-62.57838718255282,-39.1557803700474,99.2712077552807,85.53870024020021,73.60000000195765,1547.2000000012308,2767.0,2106.0,0.0,0.0,183.0,139.0,0.0,0.0,5.0,5.0,220.0,172.0,0.0,0.0,-99.92639999999804,-98.45279999999877,1,1
0.1,100.0,1440,1,30,30,0,0,300,15.0,12,4,99,0.0,1,flat,73.60000000195765,1883.1000000012318,-62.57838718255282,-39.1557803700474,99.2712077552807,85.53870024020021,73.60000000195765,1547.2000000012308,2767.0,2106.0,0.0,0.0,183.0,139.0,0.0,0.0,5.0,5.0,0.0,0.0,0.0,0.0,-99.92639999999804,-98.45279999999877,1,1
0.1,100.0,1440,1,30,30,0,0,300,15.0,8,4,5,0.1,3,inc_every3,73.60000000195765,1883.1000000012318,-62.57838718255282,-39.1557803700474,99.2712077552807,85.53870024020021,73.60000000195765,1547.2000000012308,2767.0,2106.0,0.0,0.0,183.0,139.0,0.0,0.0,5.0,5.0,0.0,0.0,0.0,0.0,-99.92639999999804,-98.45279999999877,1,1
0.1,100.0,1440,1,30,30,0,0,75,10.0,18,2,5,0.1,3,inc_every3,73.1000000120614,61.93400000000338,-62.629400715911345,-77.97429110243094,99.29779733132187,99.38345295809981,73.1000000120614,61.93399999999994,2124.0,1241.0,0.0,0.0,307.0,192.0,0.0,1.0,7.0,7.0,0.0,0.0,0.0,0.0,-99.92689999998794,-99.938066,1,1
0.1,100.0,1440,1,30,30,0,0,75,10.0,12,2,5,0.1,3,inc_every3,73.1000000120614,61.93400000000338,-62.629400715911345,-77.97429110243094,99.29779733132187,99.38345295809981,73.1000000120614,61.93399999999994,2124.0,1241.0,0.0,0.0,307.0,192.0,0.0,1.0,7.0,7.0,0.0,0.0,0.0,0.0,-99.92689999998794,-99.938066,1,1
0.1,100.0,1440,1,30,30,0,0,75,10.0,8,2,5,0.1,3,inc_every3,73.1000000120614,61.93400000000338,-62.629400715911345,-77.97429110243094,99.29779733132187,99.38345295809981,73.1000000120614,61.93399999999994,2124.0,1241.0,0.0,0.0,307.0,192.0,0.0,1.0,7.0,7.0,0.0,0.0,0.0,0.0,-99.92689999998794,-99.938066,1,1
0.1,100.0,1440,1,30,30,0,0,300,25.0,8,10,99,0.0,1,flat,102.02159999999071,8970.600000001119,-60.051342580031,-3.1809576945342033,99.32260556611052,31.91622181849786,71.90000000189826,7528.40000000059,1256.0,1107.0,0.0,0.0,70.0,55.0,1.0,0.0,8.0,8.0,82.0,62.0,0.0,0.0,-99.9280999999981,-17.013401331529924,1,0
0.1,100.0,1440,1,30,30,0,0,300,25.0,12,10,99,0.0,1,flat,102.02159999999071,8970.600000001119,-60.051342580031,-3.1809576945342033,99.32260556611052,31.91622181849786,71.90000000189826,7528.40000000059,1256.0,1107.0,0.0,0.0,70.0,55.0,1.0,0.0,8.0,8.0,0.0,0.0,0.0,0.0,-99.9280999999981,-17.013401331529924,1,0
0.1,100.0,1440,1,30,30,0,0,300,25.0,18,10,99,0.0,1,flat,102.02159999999071,8970.600000001119,-60.051342580031,-3.1809576945342033,99.32260556611052,31.91622181849786,71.90000000189826,7528.40000000059,1256.0,1107.0,0.0,0.0,70.0,55.0,1.0,0.0,8.0,8.0,0.0,0.0,0.0,0.0,-99.9280999999981,-17.013401331529924,1,0
0.1,100.0,1440,1,30,30,0,0,300,10.0,3,2,5,0.1,3,inc_every3,71.80000000454945,435.10000000238506,-62.763354408102636,-60.65622384801895,99.28777613549568,95.9618870278975,71.80000000454407,407.7000000023879,4512.0,3091.0,0.0,0.0,343.0,245.0,0.0,0.0,3.0,3.0,655.0,431.0,0.0,0.0,-99.92819999999546,-99.5922999999976,1,1
0.1,100.0,1440,1,30,30,0,0,300,10.0,3,2,99,0.0,1,flat,71.80000000454945,435.10000000238506,-62.763354408102636,-60.65622384801895,99.28777613549568,95.9618870278975,71.80000000454407,407.7000000023879,4512.0,3091.0,0.0,0.0,343.0,245.0,0.0,0.0,3.0,3.0,655.0,431.0,0.0,0.0,-99.92819999999546,-99.5922999999976,1,1
0.1,100.0,1440,1,30,30,0,0,150,10.0,3,4,5,0.1,3,inc_every3,98.3000000127791,2748.9000000057163,-60.3473194551899,-31.906312332567822,99.3121564429365,75.71723396210052,70.70000001277356,2506.2000000056305,5308.0,2974.0,0.0,0.0,242.0,138.0,0.0,0.0,3.0,3.0,1332.0,739.0,0.0,0.0,-99.92929999998722,-133.34078025676888,1,0
0.1,100.0,1440,1,30,30,0,0,150,10.0,3,4,99,0.0,1,flat,98.3000000127791,2748.9000000057163,-60.3473194551899,-31.906312332567822,99.3121564429365,75.71723396210052,70.70000001277356,2506.2000000056305,5308.0,2974.0,0.0,0.0,242.0,138.0,0.0,0.0,3.0,3.0,1332.0,739.0,0.0,0.0,-99.92929999998722,-133.34078025676888,1,0
0.1,100.0,1440,1,30,30,0,0,300,15.0,3,2,99,0.0,1,flat,70.70000000348793,1366.5000000017062,-62.878223661231615,-44.69330582966874,99.29992375403775,86.5705644759973,70.70000000348256,1349.9000000017063,3528.0,2012.0,0.0,0.0,414.0,245.0,0.0,0.0,3.0,3.0,745.0,409.0,0.0,0.0,-99.92929999999652,-98.65009999999829,1,1
0.1,100.0,1440,1,30,30,0,0,300,15.0,3,2,5,0.1,3,inc_every3,70.70000000348793,1366.5000000017062,-62.878223661231615,-44.69330582966874,99.29992375403775,86.5705644759973,70.70000000348256,1349.9000000017063,3528.0,2012.0,0.0,0.0,414.0,245.0,0.0,0.0,3.0,3.0,745.0,409.0,0.0,0.0,-99.92929999999652,-98.65009999999829,1,1
0.1,100.0,1440,1,30,30,0,0,200,15.0,8,10,5,0.1,3,inc_every3,94.72680000000554,100.87739999999303,-60.64005225219632,-74.53311214021286,99.3480357605769,99.02243003333602,70.30000000851561,100.87739999999303,2222.0,2079.0,0.0,0.0,80.0,74.0,1.0,1.0,8.0,8.0,121.0,116.0,0.0,0.0,-99.92969999999148,-99.89912260000001,1,1
0.1,100.0,1440,1,30,30,0,0,100,5.3,12,0,99,0.0,1,flat,70.02480000001117,62.24550000000227,-62.94944243149993,-77.94138383122912,99.3179889748135,99.37864479870626,70.0247999999986,62.24550000000204,1554.0,1260.0,0.0,0.0,0.0,0.0,2.0,2.0,12.0,12.0,27.0,22.0,0.0,0.0,-99.9299752,-99.9377545,1,1
0.1,100.0,1440,1,30,30,0,0,300,5.3,5,2,5,0.1,3,inc_every3,70.00000000424146,51.000000002917375,-62.952068726651724,-79.21133269704121,99.30535570745317,99.4903822133109,70.00000000423609,51.000000002912,4879.0,4139.0,0.0,0.0,205.0,181.0,0.0,0.0,4.0,4.0,0.0,0.0,0.0,0.0,-99.92999999999576,-99.94899999999708,1,1
0.1,100.0,1440,1,30,30,0,0,300,5.3,8,2,99,0.0,1,flat,70.00000000424146,51.000000002917375,-62.952068726651724,-79.21133269704121,99.30535570745317,99.4903822133109,70.00000000423609,51.000000002912,4879.0,4139.0,0.0,0.0,205.0,181.0,0.0,0.0,4.0,4.0,0.0,0.0,0.0,0.0,-99.92999999999576,-99.94899999999708,1,1
0.1,100.0,1440,1,30,30,0,0,300,5.3,8,2,5,0.1,3,inc_every3,70.00000000424146,51.000000002917375,-62.952068726651724,-79.21133269704121,99.30535570745317,99.4903822133109,70.00000000423609,51.000000002912,4879.0,4139.0,0.0,0.0,205.0,181.0,0.0,0.0,4.0,4.0,0.0,0.0,0.0,0.0,-99.92999999999576,-99.94899999999708,1,1
0.1,100.0,1440,1,30,30,0,0,300,5.3,18,2,5,0.1,3,inc_every3,70.00000000424146,51.000000002917375,-62.952068726651724,-79.21133269704121,99.30535570745317,99.4903822133109,70.00000000423609,51.000000002912,4879.0,4139.0,0.0,0.0,205.0,181.0,0.0,0.0,4.0,4.0,0.0,0.0,0.0,0.0,-99.92999999999576,-99.94899999999708,1,1
0.1,100.0,1440,1,30,30,0,0,300,5.3,18,2,99,0.0,1,flat,70.00000000424146,51.000000002917375,-62.952068726651724,-79.21133269704121,99.30535570745317,99.4903822133109,70.00000000423609,51.000000002912,4879.0,4139.0,0.0,0.0,205.0,181.0,0.0,0.0,4.0,4.0,0.0,0.0,0.0,0.0,-99.92999999999576,-99.94899999999708,1,1
0.1,100.0,1440,1,30,30,0,0,300,5.3,12,2,99,0.0,1,flat,70.00000000424146,51.000000002917375,-62.952068726651724,-79.21133269704121,99.30535570745317,99.4903822133109,70.00000000423609,51.000000002912,4879.0,4139.0,0.0,0.0,205.0,181.0,0.0,0.0,4.0,4.0,0.0,0.0,0.0,0.0,-99.92999999999576,-99.94899999999708,1,1
0.1,100.0,1440,1,30,30,0,0,300,5.3,5,2,99,0.0,1,flat,70.00000000424146,51.000000002917375,-62.952068726651724,-79.21133269704121,99.30535570745317,99.4903822133109,70.00000000423609,51.000000002912,4879.0,4139.0,0.0,0.0,205.0,181.0,0.0,0.0,4.0,4.0,0.0,0.0,0.0,0.0,-99.92999999999576,-99.94899999999708,1,1
0.1,100.0,1440,1,30,30,0,0,300,5.3,12,2,5,0.1,3,inc_every3,70.00000000424146,51.000000002917375,-62.952068726651724,-79.21133269704121,99.30535570745317,99.4903822133109,70.00000000423609,51.000000002912,4879.0,4139.0,0.0,0.0,205.0,181.0,0.0,0.0,4.0,4.0,0.0,0.0,0.0,0.0,-99.92999999999576,-99.94899999999708,1,1
0.1,100.0,1440,1,30,30,0,0,400,15.0,18,0,99,0.0,1,flat,69.7583999999955,46.99920000000196,-62.97769294967481,-79.71062265880559,99.5935583108046,99.63997426155167,69.7583999999955,46.999200000000315,886.0,240.0,0.0,0.0,0.0,0.0,2.0,2.0,18.0,18.0,5.0,1.0,0.0,0.0,-99.9302416,-99.9530008,1,1
0.1,100.0,1440,1,30,30,0,0,400,10.0,18,0,99,0.0,1,flat,69.74399999999207,58.52000000000544,-62.97922246153193,-78.34280891208343,99.63516715751157,99.53601217849103,69.74399999999207,58.52000000000044,1434.0,373.0,0.0,0.0,0.0,0.0,2.0,2.0,18.0,18.0,4.0,1.0,0.0,0.0,-99.93025600000001,-99.94148,1,1
0.1,100.0,1440,1,30,30,0,0,75,15.0,5,4,5,0.1,3,inc_every3,69.41399999999817,58.106999999990705,-63.01434319312544,-78.38840483540491,99.32485848230793,99.42585987135287,69.41399999999271,58.106999999990705,2090.0,1162.0,0.0,0.0,241.0,138.0,1.0,1.0,5.0,5.0,746.0,382.0,0.0,0.0,-99.930586,-99.94189300000001,1,1
0.1,100.0,1440,1,30,30,0,0,75,15.0,5,4,99,0.0,1,flat,69.41399999999817,58.106999999990705,-63.01434319312544,-78.38840483540491,99.32485848230793,99.42585987135287,69.41399999999271,58.106999999990705,2090.0,1162.0,0.0,0.0,241.0,138.0,1.0,1.0,5.0,5.0,746.0,382.0,0.0,0.0,-99.930586,-99.94189300000001,1,1
0.1,100.0,1440,1,30,30,0,0,400,5.3,18,25,5,0.1,3,inc_every3,69.31350000000555,8449.700000004985,-63.025065580165496,-4.889233061173426,99.40976633683604,58.73988948240827,69.31350000000555,6279.500000004736,4300.0,4469.0,0.0,0.0,15.0,13.0,2.0,0.0,10.0,10.0,0.0,0.0,0.0,0.0,-99.9306865,-72.36901202598997,1,0
0.1,100.0,1440,1,30,30,0,0,400,5.3,12,25,5,0.1,3,inc_every3,69.31350000000555,8449.700000004985,-63.025065580165496,-4.889233061173426,99.40976633683604,58.73988948240827,69.31350000000555,6279.500000004736,4300.0,4469.0,0.0,0.0,15.0,13.0,2.0,0.0,10.0,10.0,0.0,0.0,0.0,0.0,-99.9306865,-72.36901202598997,1,0
0.1,100.0,1440,1,30,30,0,0,75,10.0,18,0,99,0.0,1,flat,69.2952000000065,58.59300000000255,-63.02701935299776,-78.33477311071289,99.33958027562288,99.46521179595305,69.29519999999644,58.59300000000255,932.0,425.0,0.0,0.0,0.0,0.0,2.0,2.0,18.0,18.0,26.0,7.0,0.0,0.0,-99.9307048,-99.941407,1,1
0.1,100.0,1440,1,30,30,0,0,200,10.0,5,10,99,0.0,1,flat,68.98000000000297,4109.000000005424,-63.06073616908443,-23.25379052324469,99.31835250405156,65.21385925413823,68.97999999999945,3554.1000000048234,2780.0,2865.0,0.0,0.0,57.0,54.0,1.0,0.0,5.0,5.0,236.0,230.0,0.0,0.0,-99.93102,-103.68150903152114,1,0
0.1,100.0,1440,1,30,30,0,0,200,10.0,5,10,5,0.1,3,inc_every3,68.98000000000297,4109.000000005424,-63.06073616908443,-23.25379052324469,99.31835250405156,65.21385925413823,68.97999999999945,3554.1000000048234,2780.0,2865.0,0.0,0.0,57.0,54.0,1.0,0.0,5.0,5.0,236.0,230.0,0.0,0.0,-99.93102,-103.68150903152114,1,0
0.1,100.0,1440,1,30,30,0,0,150,25.0,8,4,99,0.0,1,flat,68.6904000000057,44.49280000000576,-63.09182336687326,-80.03882138869476,99.32592367251209,99.59530661621582,68.69040000000183,44.49280000000243,2161.0,974.0,0.0,0.0,355.0,170.0,1.0,1.0,8.0,8.0,23.0,19.0,0.0,0.0,-99.93130959999999,-99.9555072,1,1
0.1,100.0,1440,1,30,30,0,0,150,25.0,18,4,99,0.0,1,flat,68.6904000000057,44.49280000000576,-63.09182336687326,-80.03882138869476,99.32592367251209,99.59530661621582,68.69040000000183,44.49280000000243,2161.0,974.0,0.0,0.0,355.0,170.0,1.0,1.0,8.0,8.0,0.0,0.0,0.0,0.0,-99.93130959999999,-99.9555072,1,1
0.1,100.0,1440,1,30,30,0,0,150,25.0,12,4,99,0.0,1,flat,68.6904000000057,44.49280000000576,-63.09182336687326,-80.03882138869476,99.32592367251209,99.59530661621582,68.69040000000183,44.49280000000243,2161.0,974.0,0.0,0.0,355.0,170.0,1.0,1.0,8.0,8.0,0.0,0.0,0.0,0.0,-99.93130959999999,-99.9555072,1,1
0.1,100.0,1440,1,30,30,0,0,100,15.0,12,2,99,0.0,1,flat,68.59250000000412,34.79580000000507,-63.10235618198596,-81.44691893526274,99.33416329343699,99.66793464775827,68.59250000000287,34.79580000000084,1768.0,1133.0,0.0,0.0,351.0,235.0,1.0,1.0,7.0,7.0,0.0,0.0,0.0,0.0,-99.93140749999999,-99.9652042,1,1
0.1,100.0,1440,1,30,30,0,0,100,15.0,8,2,99,0.0,1,flat,68.59250000000412,34.79580000000507,-63.10235618198596,-81.44691893526274,99.33416329343699,99.66793464775827,68.59250000000287,34.79580000000084,1768.0,1133.0,0.0,0.0,351.0,235.0,1.0,1.0,7.0,7.0,0.0,0.0,0.0,0.0,-99.93140749999999,-99.9652042,1,1
0.1,100.0,1440,1,30,30,0,0,100,15.0,18,2,99,0.0,1,flat,68.59250000000412,34.79580000000507,-63.10235618198596,-81.44691893526274,99.33416329343699,99.66793464775827,68.59250000000287,34.79580000000084,1768.0,1133.0,0.0,0.0,351.0,235.0,1.0,1.0,7.0,7.0,0.0,0.0,0.0,0.0,-99.93140749999999,-99.9652042,1,1
0.1,100.0,1440,1,30,30,0,0,100,15.0,8,2,5,0.1,3,inc_every3,68.50399999999982,58.01799999999352,-63.11188802809151,-78.39826038480675,99.33622727801253,99.4261949738407,68.50399999999496,58.01799999999352,1758.0,1132.0,0.0,0.0,353.0,238.0,1.0,1.0,7.0,7.0,0.0,0.0,0.0,0.0,-99.93149600000001,-99.94198200000001,1,1
0.1,100.0,1440,1,30,30,0,0,100,15.0,12,2,5,0.1,3,inc_every3,68.50399999999982,58.01799999999352,-63.11188802809151,-78.39826038480675,99.33622727801253,99.4261949738407,68.50399999999496,58.01799999999352,1758.0,1132.0,0.0,0.0,353.0,238.0,1.0,1.0,7.0,7.0,0.0,0.0,0.0,0.0,-99.93149600000001,-99.94198200000001,1,1
0.1,100.0,1440,1,30,30,0,0,100,15.0,18,2,5,0.1,3,inc_every3,68.50399999999982,58.01799999999352,-63.11188802809151,-78.39826038480675,99.33622727801253,99.4261949738407,68.50399999999496,58.01799999999352,1758.0,1132.0,0.0,0.0,353.0,238.0,1.0,1.0,7.0,7.0,0.0,0.0,0.0,0.0,-99.93149600000001,-99.94198200000001,1,1
0.1,100.0,1440,1,30,30,0,0,100,10.0,18,2,99,0.0,1,flat,68.50000000337394,44.18280000001161,-63.11231907823548,-80.0803093874127,99.36373769270506,99.58656660553204,68.50000000337394,44.182800000002885,2325.0,1962.0,0.0,0.0,286.0,243.0,0.0,1.0,7.0,7.0,0.0,0.0,0.0,0.0,-99.93149999999663,-99.9558172,1,1
0.1,100.0,1440,1,30,30,0,0,100,10.0,8,2,99,0.0,1,flat,68.50000000337394,44.18280000001161,-63.11231907823548,-80.0803093874127,99.36373769270506,99.58656660553204,68.50000000337394,44.182800000002885,2325.0,1962.0,0.0,0.0,286.0,243.0,0.0,1.0,7.0,7.0,0.0,0.0,0.0,0.0,-99.93149999999663,-99.9558172,1,1
0.1,100.0,1440,1,30,30,0,0,100,10.0,12,2,99,0.0,1,flat,68.50000000337394,44.18280000001161,-63.11231907823548,-80.0803093874127,99.36373769270506,99.58656660553204,68.50000000337394,44.182800000002885,2325.0,1962.0,0.0,0.0,286.0,243.0,0.0,1.0,7.0,7.0,0.0,0.0,0.0,0.0,-99.93149999999663,-99.9558172,1,1
0.1,100.0,1440,1,30,30,0,0,100,5.3,12,10,99,0.0,1,flat,89.66789999999838,47.06800000000764,-61.06999030081208,-79.70178896708757,99.33043350763394,99.54897131960485,68.50000000151053,47.06799999999794,1910.0,2567.0,0.0,0.0,29.0,36.0,1.0,2.0,12.0,12.0,35.0,54.0,0.0,0.0,-99.9314999999985,-99.952932,1,1
0.1,100.0,1440,1,30,30,0,0,400,5.3,18,15,99,0.0,1,flat,68.36100000001352,7071.600000004015,-63.12731060499821,-9.797205356702621,99.4219969392329,47.30672690759874,68.36099999999294,6297.900000003996,5738.0,4326.0,0.0,0.0,32.0,21.0,1.0,0.0,9.0,9.0,0.0,0.0,0.0,0.0,-99.931639,-54.41065917190009,1,0
0.1,100.0,1440,1,30,30,0,0,400,5.3,12,15,99,0.0,1,flat,68.36100000001352,7071.600000004015,-63.12731060499821,-9.797205356702621,99.4219969392329,47.30672690759874,68.36099999999294,6297.900000003996,5738.0,4326.0,0.0,0.0,32.0,21.0,1.0,0.0,9.0,9.0,0.0,0.0,0.0,0.0,-99.931639,-54.41065917190009,1,0
0.1,100.0,1440,1,30,30,0,0,200,5.3,5,25,99,0.0,1,flat,68.24900000000844,5382.100000004144,-63.13940785674133,-16.835581615572572,99.3300119765182,48.73499999995868,68.249000000004,5126.500000004132,3562.0,2803.0,0.0,0.0,15.0,10.0,1.0,0.0,5.0,5.0,150.0,132.0,0.0,0.0,-99.93175099999999,-64.30558161548993,1,0
0.1,100.0,1440,1,30,30,0,0,200,5.3,5,25,5,0.1,3,inc_every3,68.24900000000844,5382.100000004144,-63.13940785674133,-16.835581615572572,99.3300119765182,48.73499999995868,68.249000000004,5126.500000004132,3562.0,2803.0,0.0,0.0,15.0,10.0,1.0,0.0,5.0,5.0,150.0,132.0,0.0,0.0,-99.93175099999999,-64.30558161548993,1,0
0.1,100.0,1440,1,30,30,0,0,150,5.3,5,25,5,0.1,3,inc_every3,68.2490000000015,4078.6000000068807,-63.13940785674207,-23.423194981094042,99.32511594331885,61.52278584693626,68.2489999999948,3851.800000006856,3285.0,2712.0,0.0,0.0,15.0,11.0,1.0,0.0,5.0,5.0,183.0,165.0,0.0,0.0,-99.931751,-96.46876667496656,1,0
0.1,100.0,1440,1,30,30,0,0,150,5.3,5,25,99,0.0,1,flat,68.2490000000015,4078.6000000068807,-63.13940785674207,-23.423194981094042,99.32511594331885,61.52278584693626,68.2489999999948,3851.800000006856,3285.0,2712.0,0.0,0.0,15.0,11.0,1.0,0.0,5.0,5.0,183.0,165.0,0.0,0.0,-99.931751,-96.46876667496656,1,0
0.1,100.0,1440,1,30,30,0,0,400,10.0,12,15,99,0.0,1,flat,68.22720000001425,4906.900000003756,-63.14176434633949,-19.091998016232303,99.37767075306483,71.92934683946687,68.2272000000022,3092.6000000023287,3244.0,2458.0,0.0,0.0,37.0,26.0,1.0,0.0,9.0,9.0,0.0,0.0,0.0,0.0,-99.9317728,-112.95069169516606,1,0
0.1,100.0,1440,1,30,30,0,0,400,10.0,18,15,99,0.0,1,flat,68.22720000001425,4906.900000003756,-63.14176434633949,-19.091998016232303,99.37767075306483,71.92934683946687,68.2272000000022,3092.6000000023287,3244.0,2458.0,0.0,0.0,37.0,26.0,1.0,0.0,9.0,9.0,0.0,0.0,0.0,0.0,-99.9317728,-112.95069169516606,1,0
0.1,100.0,1440,1,30,30,0,0,400,5.3,8,25,99,0.0,1,flat,68.12849999999946,8890.600000003607,-63.15244094929297,-3.4387043362097525,99.48182585679743,49.34111022344261,68.1284999999931,6531.400000002584,3721.0,3956.0,0.0,0.0,14.0,11.0,1.0,0.0,8.0,8.0,33.0,27.0,0.0,0.0,-99.93187150000001,-52.12092478309498,1,0
0.1,100.0,1440,1,30,30,0,0,75,10.0,12,10,99,0.0,1,flat,75.11640000001586,83.25240000000076,-62.42535015820279,-75.94757608450368,99.3397453427589,99.17123032662047,68.08480000004681,83.25239999999354,1127.0,1294.0,0.0,0.0,42.0,48.0,2.0,2.0,12.0,12.0,77.0,86.0,0.0,0.0,-99.93191519999995,-99.91674760000001,1,1
0.1,100.0,1440,1,30,30,0,0,150,15.0,5,10,5,0.1,3,inc_every3,68.02600000000973,6583.30000000765,-63.16354171077767,-11.69748214996702,99.35369063114591,38.15905008973585,68.02600000000552,6197.700000006681,1799.0,1813.0,0.0,0.0,67.0,61.0,1.0,0.0,5.0,5.0,300.0,287.0,0.0,0.0,-99.931974,-38.015582329438715,1,0
0.1,100.0,1440,1,30,30,0,0,150,15.0,5,10,99,0.0,1,flat,68.02600000000973,6583.30000000765,-63.16354171077767,-11.69748214996702,99.35369063114591,38.15905008973585,68.02600000000552,6197.700000006681,1799.0,1813.0,0.0,0.0,67.0,61.0,1.0,0.0,5.0,5.0,300.0,287.0,0.0,0.0,-99.931974,-38.015582329438715,1,0
0.1,100.0,1440,1,30,30,0,0,75,5.3,18,10,99,0.0,1,flat,68.01239999999575,49.7559999999999,-63.1650155974788,-79.36353882665887,99.33452965695395,99.60335137634448,68.01239999999416,49.75599999999537,1942.0,3465.0,0.0,0.0,33.0,54.0,2.0,2.0,16.0,16.0,0.0,0.0,0.0,0.0,-99.9319876,-99.950244,1,1
0.1,100.0,1440,1,30,30,0,0,75,25.0,5,6,5,0.1,3,inc_every3,68.00300000000209,3853.9000000086735,-63.16603445107183,-24.703691771532444,99.3461878665513,68.84468425895977,68.00300000000209,3481.7000000085877,988.0,1096.0,0.0,0.0,143.0,154.0,1.0,0.0,5.0,5.0,483.0,545.0,0.0,0.0,-99.931997,-112.393060289452,1,0
0.1,100.0,1440,1,30,30,0,0,75,25.0,5,6,99,0.0,1,flat,68.00300000000209,3853.9000000086735,-63.16603445107183,-24.703691771532444,99.3461878665513,68.84468425895977,68.00300000000209,3481.7000000085877,988.0,1096.0,0.0,0.0,143.0,154.0,1.0,0.0,5.0,5.0,483.0,545.0,0.0,0.0,-99.931997,-112.393060289452,1,0
0.1,100.0,1440,1,30,30,0,0,400,10.0,12,4,99,0.0,1,flat,68.00000000505815,3421.600000003331,-63.166359640277705,-27.32290749213998,99.34740882912621,70.97949751122724,68.00000000505298,2938.5000000032305,3849.0,2927.0,0.0,0.0,149.0,110.0,0.0,0.0,5.0,5.0,0.0,0.0,0.0,0.0,-99.93199999999494,-119.28190251459445,1,0
0.1,100.0,1440,1,30,30,0,0,400,10.0,18,4,5,0.1,3,inc_every3,68.00000000505815,3421.600000003331,-63.166359640277705,-27.32290749213998,99.34740882912621,70.97949751122724,68.00000000505298,2938.5000000032305,3849.0,2927.0,0.0,0.0,149.0,110.0,0.0,0.0,5.0,5.0,0.0,0.0,0.0,0.0,-99.93199999999494,-119.28190251459445,1,0
0.1,100.0,1440,1,30,30,0,0,400,10.0,18,4,99,0.0,1,flat,68.00000000505815,3421.600000003331,-63.166359640277705,-27.32290749213998,99.34740882912621,70.97949751122724,68.00000000505298,2938.5000000032305,3849.0,2927.0,0.0,0.0,149.0,110.0,0.0,0.0,5.0,5.0,0.0,0.0,0.0,0.0,-99.93199999999494,-119.28190251459445,1,0
0.1,100.0,1440,1,30,30,0,0,400,10.0,8,4,99,0.0,1,flat,68.00000000505815,3421.600000003331,-63.166359640277705,-27.32290749213998,99.34740882912621,70.97949751122724,68.00000000505298,2938.5000000032305,3849.0,2927.0,0.0,0.0,149.0,110.0,0.0,0.0,5.0,5.0,0.0,0.0,0.0,0.0,-99.93199999999494,-119.28190251459445,1,0
0.1,100.0,1440,1,30,30,0,0,400,10.0,12,4,5,0.1,3,inc_every3,68.00000000505815,3421.600000003331,-63.166359640277705,-27.32290749213998,99.34740882912621,70.97949751122724,68.00000000505298,2938.5000000032305,3849.0,2927.0,0.0,0.0,149.0,110.0,0.0,0.0,5.0,5.0,0.0,0.0,0.0,0.0,-99.93199999999494,-119.28190251459445,1,0
0.1,100.0,1440,1,30,30,0,0,400,10.0,5,4,5,0.1,3,inc_every3,68.00000000505815,3421.600000003331,-63.166359640277705,-27.32290749213998,99.34740882912621,70.97949751122724,68.00000000505298,2938.5000000032305,3849.0,2927.0,0.0,0.0,149.0,110.0,0.0,0.0,5.0,5.0,40.0,42.0,0.0,0.0,-99.93199999999494,-119.28190251459445,1,0
0.1,100.0,1440,1,30,30,0,0,400,10.0,8,4,5,0.1,3,inc_every3,68.00000000505815,3421.600000003331,-63.166359640277705,-27.32290749213998,99.34740882912621,70.97949751122724,68.00000000505298,2938.5000000032305,3849.0,2927.0,0.0,0.0,149.0,110.0,0.0,0.0,5.0,5.0,0.0,0.0,0.0,0.0,-99.93199999999494,-119.28190251459445,1,0
0.1,100.0,1440,1,30,30,0,0,400,10.0,5,4,99,0.0,1,flat,68.00000000505815,3421.600000003331,-63.166359640277705,-27.32290749213998,99.34740882912621,70.97949751122724,68.00000000505298,2938.5000000032305,3849.0,2927.0,0.0,0.0,149.0,110.0,0.0,0.0,5.0,5.0,40.0,42.0,0.0,0.0,-99.93199999999494,-119.28190251459445,1,0
0.1,100.0,1440,1,30,30,0,0,200,10.0,8,15,5,0.1,3,inc_every3,90.43650000000434,8136.1000000112945,-61.00343974614275,-5.9536412664076614,99.34210134128163,68.76062439891196,67.98330000000601,3216.000000005496,1502.0,3692.0,0.0,0.0,24.0,48.0,2.0,0.0,8.0,8.0,55.0,123.0,0.0,0.0,-99.93201669999999,-93.47489006423157,1,0
0.1,100.0,1440,1,30,30,0,0,300,5.3,12,0,5,0.1,3,inc_every3,92.90889999999752,59.05300000000159,-60.79238678490939,-78.28429765673195,99.3768903557017,99.60169028524408,67.9688000000582,59.05299999999926,493.0,828.0,0.0,0.0,0.0,0.0,2.0,2.0,12.0,12.0,2.0,2.0,0.0,0.0,-99.93203119999994,-99.940947,1,1
0.1,100.0,1440,1,30,30,0,0,75,5.3,18,4,5,0.1,3,inc_every3,74.00399999999792,59.04499999999689,-62.53737033780267,-78.28517312672744,99.39835514946354,99.41503115804913,67.8877999999921,59.04499999999689,3721.0,2169.0,0.0,0.0,137.0,87.0,2.0,1.0,9.0,9.0,0.0,0.0,0.0,0.0,-99.9321122,-99.940955,1,1
0.1,100.0,1440,1,30,30,0,0,75,5.3,12,4,5,0.1,3,inc_every3,74.00399999999792,59.04499999999689,-62.53737033780267,-78.28517312672744,99.39835514946354,99.41503115804913,67.8877999999921,59.04499999999689,3721.0,2169.0,0.0,0.0,137.0,87.0,2.0,1.0,9.0,9.0,0.0,0.0,0.0,0.0,-99.9321122,-99.940955,1,1
0.1,100.0,1440,1,30,30,0,0,300,15.0,18,10,99,0.0,1,flat,67.76300000000492,5853.00000000139,-63.19208596992223,-14.73372226114713,99.34318448371124,62.04248011397865,67.76299999999924,4022.7000000007283,1885.0,1935.0,0.0,0.0,57.0,53.0,1.0,0.0,8.0,8.0,0.0,0.0,0.0,0.0,-99.932237,-88.81868248910443,1,0
0.1,100.0,1440,1,30,30,0,0,300,15.0,12,10,99,0.0,1,flat,67.76300000000492,5853.00000000139,-63.19208596992223,-14.73372226114713,99.34318448371124,62.04248011397865,67.76299999999924,4022.7000000007283,1885.0,1935.0,0.0,0.0,57.0,53.0,1.0,0.0,8.0,8.0,0.0,0.0,0.0,0.0,-99.932237,-88.81868248910443,1,0
0.1,100.0,1440,1,30,30,0,0,300,15.0,8,10,99,0.0,1,flat,67.76300000000492,5853.00000000139,-63.19208596992223,-14.73372226114713,99.34318448371124,62.04248011397865,67.76299999999924,4022.7000000007283,1885.0,1935.0,0.0,0.0,57.0,53.0,1.0,0.0,8.0,8.0,64.0,61.0,0.0,0.0,-99.932237,-88.81868248910443,1,0
0.1,100.0,1440,1,30,30,0,0,300,10.0,12,15,5,0.1,3,inc_every3,67.69599999998718,9168.600000001145,-63.19937186174789,-2.549905482370096,99.38107646031628,43.0188493873563,67.69599999998718,8056.500000000407,3059.0,3157.0,0.0,0.0,39.0,34.0,1.0,0.0,9.0,9.0,0.0,0.0,0.0,0.0,-99.93230400000002,-38.58760425708269,1,0
0.1,100.0,1440,1,30,30,0,0,300,10.0,18,15,5,0.1,3,inc_every3,67.69599999998718,9168.600000001145,-63.19937186174789,-2.549905482370096,99.38107646031628,43.0188493873563,67.69599999998718,8056.500000000407,3059.0,3157.0,0.0,0.0,39.0,34.0,1.0,0.0,9.0,9.0,0.0,0.0,0.0,0.0,-99.93230400000002,-38.58760425708269,1,0
0.1,100.0,1440,1,30,30,0,0,75,15.0,8,2,5,0.1,3,inc_every3,67.67099999999317,71.30000000662335,-63.202091955773334,-77.03165009093495,99.35524410229057,99.30118592564321,67.67099999999317,71.30000000662335,860.0,801.0,0.0,0.0,219.0,200.0,1.0,0.0,7.0,8.0,0.0,1.0,0.0,0.0,-99.93232900000001,-99.92869999999337,1,1
0.1,100.0,1440,1,30,30,0,0,75,15.0,12,2,5,0.1,3,inc_every3,67.67099999999317,71.30000000662335,-63.202091955773334,-77.03165009093495,99.35524410229057,99.30118592564321,67.67099999999317,71.30000000662335,860.0,801.0,0.0,0.0,219.0,200.0,1.0,0.0,7.0,8.0,0.0,0.0,0.0,0.0,-99.93232900000001,-99.92869999999337,1,1
0.1,100.0,1440,1,30,30,0,0,75,15.0,18,2,5,0.1,3,inc_every3,67.67099999999317,71.30000000662335,-63.202091955773334,-77.03165009093495,99.35524410229057,99.30118592564321,67.67099999999317,71.30000000662335,860.0,801.0,0.0,0.0,219.0,200.0,1.0,0.0,7.0,8.0,0.0,0.0,0.0,0.0,-99.93232900000001,-99.92869999999337,1,1
0.1,100.0,1440,1,30,30,0,0,300,10.0,12,25,5,0.1,3,inc_every3,81.82719999999767,11842.300000001178,-61.776369356969084,5.160549991167995,99.33327019828332,63.543961114866995,67.58640000002106,5925.20000000093,1313.0,3126.0,0.0,0.0,12.0,20.0,2.0,0.0,11.0,11.0,0.0,0.0,0.0,0.0,-99.93241359999998,-71.927372238566,1,0
0.1,100.0,1440,1,30,30,0,0,300,10.0,18,25,5,0.1,3,inc_every3,81.82719999999767,11842.300000001178,-61.776369356969084,5.160549991167995,99.33327019828332,63.543961114866995,67.58640000002106,5925.20000000093,1313.0,3126.0,0.0,0.0,12.0,20.0,2.0,0.0,11.0,11.0,0.0,0.0,0.0,0.0,-99.93241359999998,-71.927372238566,1,0
0.1,100.0,1440,1,30,30,0,0,300,15.0,8,15,99,0.0,1,flat,67.56099999999509,7881.800000001123,-63.21406992722471,-6.83814088711534,99.42717244770787,50.77200186791999,67.56099999999509,6140.200000000712,1165.0,1770.0,0.0,0.0,26.0,32.0,1.0,0.0,8.0,8.0,39.0,63.0,0.0,0.0,-99.932439,-58.38214462295532,1,0
0.1,100.0,1440,1,30,30,0,0,400,5.3,5,15,99,0.0,1,flat,67.41699999999196,5635.600000003287,-63.229773780148115,-15.688729661509825,99.3432726776809,47.917675075963835,67.41699999999196,5380.000000003292,3463.0,3748.0,0.0,0.0,21.0,19.0,1.0,0.0,5.0,5.0,65.0,76.0,0.0,0.0,-99.93258300000001,-61.524079813437496,1,0
0.1,100.0,1440,1,30,30,0,0,400,5.3,5,15,5,0.1,3,inc_every3,67.41699999999196,5635.600000003287,-63.229773780148115,-15.688729661509825,99.3432726776809,47.917675075963835,67.41699999999196,5380.000000003292,3463.0,3748.0,0.0,0.0,21.0,19.0,1.0,0.0,5.0,5.0,65.0,76.0,0.0,0.0,-99.93258300000001,-61.524079813437496,1,0
0.1,100.0,1440,1,30,30,0,0,150,5.3,5,10,5,0.1,3,inc_every3,67.32600000000451,1256.900000012516,-63.23971158306012,-46.05228924931766,99.33424308048295,91.26953341449449,67.32600000000116,945.3000000124512,3424.0,5461.0,0.0,0.0,38.0,55.0,1.0,0.0,5.0,5.0,199.0,341.0,0.0,0.0,-99.932674,-99.05469999998755,1,1
0.1,100.0,1440,1,30,30,0,0,150,5.3,5,10,99,0.0,1,flat,67.32600000000451,1256.900000012516,-63.23971158306012,-46.05228924931766,99.33424308048295,91.26953341449449,67.32600000000116,945.3000000124512,3424.0,5461.0,0.0,0.0,38.0,55.0,1.0,0.0,5.0,5.0,199.0,341.0,0.0,0.0,-99.932674,-99.05469999998755,1,1
0.1,100.0,1440,1,30,30,0,0,75,25.0,18,25,99,0.0,1,flat,67.30399999999918,8989.700000041616,-63.24211574143492,-3.119659615139714,99.5591739423756,67.88194751245214,67.30399999999622,7269.60000004119,828.0,1325.0,0.0,0.0,46.0,71.0,2.0,0.0,18.0,18.0,80.0,147.0,0.0,0.0,-99.932696,-88.883554640044,1,0
0.1,100.0,1440,1,30,30,0,0,75,10.0,5,6,99,0.0,1,flat,67.19999999999925,57.41199999999856,-63.25348937049059,-78.46565062922957,99.34771213915477,99.42846903527024,67.19999999999868,57.41199999999856,2929.0,2256.0,0.0,0.0,136.0,107.0,1.0,1.0,5.0,5.0,667.0,508.0,0.0,0.0,-99.9328,-99.942588,1,1
0.1,100.0,1440,1,30,30,0,0,75,10.0,5,6,5,0.1,3,inc_every3,67.19999999999925,57.41199999999856,-63.25348937049059,-78.46565062922957,99.34771213915477,99.42846903527024,67.19999999999868,57.41199999999856,2929.0,2256.0,0.0,0.0,136.0,107.0,1.0,1.0,5.0,5.0,667.0,508.0,0.0,0.0,-99.9328,-99.942588,1,1
0.1,100.0,1440,1,30,30,0,0,100,10.0,5,10,99,0.0,1,flat,67.17149999999583,5633.700000001482,-63.25660863999979,-15.697189249358079,99.34393221663335,50.96960362231564,67.17149999999583,5284.300000001471,2713.0,2830.0,0.0,0.0,70.0,66.0,1.0,0.0,5.0,5.0,470.0,472.0,0.0,0.0,-99.9328285,-67.63639649398935,1,0
0.1,100.0,1440,1,30,30,0,0,100,10.0,5,10,5,0.1,3,inc_every3,67.17149999999583,5633.700000001482,-63.25660863999979,-15.697189249358079,99.34393221663335,50.96960362231564,67.17149999999583,5284.300000001471,2713.0,2830.0,0.0,0.0,70.0,66.0,1.0,0.0,5.0,5.0,470.0,472.0,0.0,0.0,-99.9328285,-67.63639649398935,1,0
0.1,100.0,1440,1,30,30,0,0,75,15.0,5,6,99,0.0,1,flat,67.13500000001375,55.743999999998664,-63.26060504035765,-78.65375833851942,99.34702472425928,99.45508753751263,67.13500000000636,55.743999999998664,1768.0,1874.0,0.0,0.0,138.0,145.0,1.0,1.0,5.0,5.0,564.0,615.0,0.0,0.0,-99.93286499999999,-99.944256,1,1
0.1,100.0,1440,1,30,30,0,0,75,15.0,5,6,5,0.1,3,inc_every3,67.13500000001375,55.743999999998664,-63.26060504035765,-78.65375833851942,99.34702472425928,99.45508753751263,67.13500000000636,55.743999999998664,1768.0,1874.0,0.0,0.0,138.0,145.0,1.0,1.0,5.0,5.0,564.0,615.0,0.0,0.0,-99.93286499999999,-99.944256,1,1
0.1,100.0,1440,1,30,30,0,0,75,5.3,12,0,5,0.1,3,inc_every3,67.05799999999229,80.13319999998777,-63.269041506520416,-76.21934798488839,99.34520705783567,99.4804358744124,67.05799999999229,68.27799999999922,585.0,931.0,0.0,0.0,0.0,0.0,3.0,4.0,12.0,12.0,12.0,20.0,0.0,0.0,-99.93294200000001,-99.93172200000001,1,1
0.1,100.0,1440,1,30,30,0,0,300,10.0,12,10,99,0.0,1,flat,66.95299999999395,8931.900000001511,-63.280558274931096,-3.305440135656057,99.3395185952452,56.56471205102843,66.95299999999395,4970.300000000918,2815.0,3106.0,0.0,0.0,52.0,48.0,1.0,0.0,8.0,8.0,0.0,0.0,0.0,0.0,-99.933047,-66.43486423771292,1,0
0.1,100.0,1440,1,30,30,0,0,300,10.0,18,10,99,0.0,1,flat,66.95299999999395,8931.900000001511,-63.280558274931096,-3.305440135656057,99.3395185952452,56.56471205102843,66.95299999999395,4970.300000000918,2815.0,3106.0,0.0,0.0,52.0,48.0,1.0,0.0,8.0,8.0,0.0,0.0,0.0,0.0,-99.933047,-66.43486423771292,1,0
0.1,100.0,1440,1,30,30,0,0,300,10.0,8,10,99,0.0,1,flat,66.95299999999395,8931.900000001511,-63.280558274931096,-3.305440135656057,99.3395185952452,56.56471205102843,66.95299999999395,4970.300000000918,2815.0,3106.0,0.0,0.0,52.0,48.0,1.0,0.0,8.0,8.0,62.0,55.0,0.0,0.0,-99.933047,-66.43486423771292,1,0
0.1,100.0,1440,1,30,30,0,0,150,10.0,5,10,99,0.0,1,flat,66.92500000001138,5801.300000009091,-63.28363185294481,-14.95854488593411,99.3403414355274,51.79445641136948,66.92500000000223,5415.700000009023,2600.0,2925.0,0.0,0.0,59.0,59.0,1.0,0.0,5.0,5.0,290.0,315.0,0.0,0.0,-99.933075,-68.54745770867308,1,0
0.1,100.0,1440,1,30,30,0,0,150,10.0,5,10,5,0.1,3,inc_every3,66.92500000001138,5801.300000009091,-63.28363185294481,-14.95854488593411,99.3403414355274,51.79445641136948,66.92500000000223,5415.700000009023,2600.0,2925.0,0.0,0.0,59.0,59.0,1.0,0.0,5.0,5.0,290.0,315.0,0.0,0.0,-99.933075,-68.54745770867308,1,0
0.1,100.0,1440,1,30,30,0,0,200,5.3,5,15,5,0.1,3,inc_every3,66.87599999999225,4187.200000005929,-63.28901309038337,-22.82202812641867,99.33939842939702,64.24192439857346,66.87599999999225,3902.1000000058766,4247.0,4193.0,0.0,0.0,28.0,25.0,1.0,0.0,5.0,5.0,192.0,193.0,0.0,0.0,-99.933124,-101.30587692356559,1,0
0.1,100.0,1440,1,30,30,0,0,200,5.3,5,15,99,0.0,1,flat,66.87599999999225,4187.200000005929,-63.28901309038337,-22.82202812641867,99.33939842939702,64.24192439857346,66.87599999999225,3902.1000000058766,4247.0,4193.0,0.0,0.0,28.0,25.0,1.0,0.0,5.0,5.0,192.0,193.0,0.0,0.0,-99.933124,-101.30587692356559,1,0
0.1,100.0,1440,1,30,30,0,0,400,15.0,18,10,99,0.0,1,flat,66.70300000000157,7586.80000000331,-63.308037412479365,-7.889685972369309,99.35921649246855,34.99787777984476,66.70299999999554,6585.30000000177,1685.0,1763.0,0.0,0.0,47.0,42.0,1.0,0.0,7.0,7.0,0.0,0.0,0.0,0.0,-99.93329700000001,-27.88544153205882,1,0
0.1,100.0,1440,1,30,30,0,0,400,15.0,12,10,99,0.0,1,flat,66.70300000000157,7586.80000000331,-63.308037412479365,-7.889685972369309,99.35921649246855,34.99787777984476,66.70299999999554,6585.30000000177,1685.0,1763.0,0.0,0.0,47.0,42.0,1.0,0.0,7.0,7.0,0.0,0.0,0.0,0.0,-99.93329700000001,-27.88544153205882,1,0
0.1,100.0,1440,1,30,30,0,0,400,15.0,8,10,99,0.0,1,flat,66.70300000000157,7586.80000000331,-63.308037412479365,-7.889685972369309,99.35921649246855,34.99787777984476,66.70299999999554,6585.30000000177,1685.0,1763.0,0.0,0.0,47.0,42.0,1.0,0.0,7.0,7.0,0.0,0.0,0.0,0.0,-99.93329700000001,-27.88544153205882,1,0
0.1,100.0,1440,1,30,30,0,0,100,5.3,5,15,99,0.0,1,flat,66.67000000000348,55.99099999999544,-63.31167081065193,-78.62565588335126,99.34832119642246,99.45029796675739,66.66999999999973,55.9909999999951,4586.0,3611.0,0.0,0.0,36.0,30.0,1.0,1.0,5.0,5.0,423.0,317.0,0.0,0.0,-99.93333,-99.94400900000001,1,1
0.1,100.0,1440,1,30,30,0,0,100,5.3,5,15,5,0.1,3,inc_every3,66.67000000000348,55.99099999999544,-63.31167081065193,-78.62565588335126,99.34832119642246,99.45029796675739,66.66999999999973,55.9909999999951,4586.0,3611.0,0.0,0.0,36.0,30.0,1.0,1.0,5.0,5.0,423.0,317.0,0.0,0.0,-99.93333,-99.94400900000001,1,1
0.1,100.0,1440,1,30,30,0,0,300,5.3,5,10,5,0.1,3,inc_every3,66.6015000000067,3908.1000000032727,-63.319217459012314,-24.39011936954315,99.34194093410659,64.04468718963957,66.60150000000601,3620.7000000032904,3039.0,4917.0,0.0,0.0,30.0,40.0,1.0,0.0,5.0,5.0,86.0,137.0,0.0,0.0,-99.9333985,-102.4794937488223,1,0
0.1,100.0,1440,1,30,30,0,0,300,5.3,5,10,99,0.0,1,flat,66.6015000000067,3908.1000000032727,-63.319217459012314,-24.39011936954315,99.34194093410659,64.04468718963957,66.60150000000601,3620.7000000032904,3039.0,4917.0,0.0,0.0,30.0,40.0,1.0,0.0,5.0,5.0,86.0,137.0,0.0,0.0,-99.9333985,-102.4794937488223,1,0
0.1,100.0,1440,1,30,30,0,0,100,10.0,8,2,5,0.1,3,inc_every3,66.59600000000464,46.33080000001429,-63.31982366349892,-79.79691947669795,99.3829132690882,99.55167502080468,66.59600000000174,46.33080000000288,1482.0,1653.0,0.0,0.0,195.0,211.0,1.0,1.0,6.0,6.0,0.0,0.0,0.0,0.0,-99.933404,-99.9536692,1,1
0.1,100.0,1440,1,30,30,0,0,100,10.0,12,2,5,0.1,3,inc_every3,66.59600000000464,46.33080000001429,-63.31982366349892,-79.79691947669795,99.3829132690882,99.55167502080468,66.59600000000174,46.33080000000288,1482.0,1653.0,0.0,0.0,195.0,211.0,1.0,1.0,6.0,6.0,0.0,0.0,0.0,0.0,-99.933404,-99.9536692,1,1
0.1,100.0,1440,1,30,30,0,0,100,10.0,18,2,5,0.1,3,inc_every3,66.59600000000464,46.33080000001429,-63.31982366349892,-79.79691947669795,99.3829132690882,99.55167502080468,66.59600000000174,46.33080000000288,1482.0,1653.0,0.0,0.0,195.0,211.0,1.0,1.0,6.0,6.0,0.0,0.0,0.0,0.0,-99.933404,-99.9536692,1,1
0.1,100.0,1440,1,30,30,0,0,100,5.3,5,10,99,0.0,1,flat,66.35399999999885,44.10480000000386,-63.34653639244916,-80.09078048282989,99.39870051019028,99.57871047855575,66.3539999999955,44.104800000001006,4382.0,4789.0,0.0,0.0,52.0,56.0,1.0,1.0,5.0,5.0,405.0,429.0,0.0,0.0,-99.93364600000001,-99.9558952,1,1
0.1,100.0,1440,1,30,30,0,0,100,5.3,5,10,5,0.1,3,inc_every3,66.35399999999885,44.10480000000386,-63.34653639244916,-80.09078048282989,99.39870051019028,99.57871047855575,66.3539999999955,44.104800000001006,4382.0,4789.0,0.0,0.0,52.0,56.0,1.0,1.0,5.0,5.0,405.0,429.0,0.0,0.0,-99.93364600000001,-99.9558952,1,1
0.1,100.0,1440,1,30,30,0,0,75,10.0,5,4,99,0.0,1,flat,66.33199999998939,58.377999999997115,-63.34896868449452,-78.35846038893779,99.3561375240241,99.41885259773231,66.33199999998939,58.37799999999652,1683.0,1876.0,0.0,0.0,122.0,136.0,1.0,1.0,5.0,5.0,379.0,437.0,0.0,0.0,-99.93366800000001,-99.94162200000001,1,1
0.1,100.0,1440,1,30,30,0,0,75,10.0,5,4,5,0.1,3,inc_every3,66.33199999998939,58.377999999997115,-63.34896868449452,-78.35846038893779,99.3561375240241,99.41885259773231,66.33199999998939,58.37799999999652,1683.0,1876.0,0.0,0.0,122.0,136.0,1.0,1.0,5.0,5.0,379.0,437.0,0.0,0.0,-99.93366800000001,-99.94162200000001,1,1
0.1,100.0,1440,1,30,30,0,0,400,10.0,18,15,5,0.1,3,inc_every3,77.64820000000145,8399.800000004016,-62.17525791769821,-5.056723684245002,99.38547587497814,80.25277084844461,66.3175999999888,2501.5000000025157,4158.0,2618.0,0.0,0.0,45.0,26.0,2.0,0.0,8.0,8.0,0.0,0.0,0.0,0.0,-99.93368240000001,-115.56226538113422,1,0
0.1,100.0,1440,1,30,30,0,0,400,10.0,8,15,5,0.1,3,inc_every3,77.64820000000145,8399.800000004016,-62.17525791769821,-5.056723684245002,99.38547587497814,80.25277084844461,66.3175999999888,2501.5000000025157,4158.0,2618.0,0.0,0.0,45.0,26.0,2.0,0.0,8.0,8.0,57.0,30.0,0.0,0.0,-99.93368240000001,-115.56226538113422,1,0
0.1,100.0,1440,1,30,30,0,0,400,10.0,12,15,5,0.1,3,inc_every3,77.64820000000145,8399.800000004016,-62.17525791769821,-5.056723684245002,99.38547587497814,80.25277084844461,66.3175999999888,2501.5000000025157,4158.0,2618.0,0.0,0.0,45.0,26.0,2.0,0.0,8.0,8.0,0.0,0.0,0.0,0.0,-99.93368240000001,-115.56226538113422,1,0
0.1,100.0,1440,1,30,30,0,0,75,25.0,18,15,5,0.1,3,inc_every3,66.31450000000623,42.92240000000389,-63.35090392308504,-80.25112874994456,99.36456017631272,99.57457504484947,66.31450000000524,42.92240000000389,198.0,165.0,0.0,0.0,24.0,19.0,2.0,5.0,15.0,15.0,0.0,0.0,0.0,0.0,-99.9336855,-99.95707759999999,1,1
0.1,100.0,1440,1,30,30,0,0,400,5.3,5,10,99,0.0,1,flat,66.29849999999624,3210.400000004418,-63.35267364159498,-28.68784268932606,99.36254506994862,70.8355130039545,66.29849999999624,2954.8000000044267,2791.0,4354.0,0.0,0.0,27.0,35.0,1.0,0.0,5.0,5.0,55.0,89.0,0.0,0.0,-99.9337015,-120.35886869723507,1,0
0.1,100.0,1440,1,30,30,0,0,400,5.3,5,10,5,0.1,3,inc_every3,66.29849999999624,3210.400000004418,-63.35267364159498,-28.68784268932606,99.36254506994862,70.8355130039545,66.29849999999624,2954.8000000044267,2791.0,4354.0,0.0,0.0,27.0,35.0,1.0,0.0,5.0,5.0,55.0,89.0,0.0,0.0,-99.9337015,-120.35886869723507,1,0
0.1,100.0,1440,1,30,30,0,0,75,5.3,18,10,5,0.1,3,inc_every3,66.26450000000438,95.90000000483155,-63.35643542801207,-74.9137035526622,99.35295524894791,99.04246502845825,66.26449999999699,95.90000000482189,1114.0,776.0,0.0,0.0,23.0,19.0,3.0,1.0,13.0,13.0,0.0,0.0,0.0,0.0,-99.9337355,-99.90409999999518,1,1
0.1,100.0,1440,1,30,30,0,0,200,5.3,5,10,99,0.0,1,flat,66.2469999999987,56.495000000000914,-63.358372243475635,-78.56858223396223,99.34561169555988,99.43504999999999,66.24699999999541,56.495000000000914,2887.0,4757.0,0.0,0.0,31.0,46.0,1.0,1.0,5.0,5.0,136.0,215.0,0.0,0.0,-99.93375300000001,-99.943505,1,1
0.1,100.0,1440,1,30,30,0,0,200,5.3,5,10,5,0.1,3,inc_every3,66.2469999999987,56.495000000000914,-63.358372243475635,-78.56858223396223,99.34561169555988,99.43504999999999,66.24699999999541,56.495000000000914,2887.0,4757.0,0.0,0.0,31.0,46.0,1.0,1.0,5.0,5.0,136.0,215.0,0.0,0.0,-99.93375300000001,-99.943505,1,1
0.1,100.0,1440,1,30,30,0,0,75,5.3,18,25,99,0.0,1,flat,66.11349999999254,55.78700000000481,-63.3731608632491,-78.64885972896415,99.35356493341426,99.6898482237173,66.11349999999254,55.787000000003616,777.0,6717.0,0.0,0.0,7.0,39.0,3.0,2.0,18.0,18.0,13.0,89.0,0.0,0.0,-99.93388650000001,-99.94421299999999,1,1
0.1,100.0,1440,1,30,30,0,0,300,25.0,18,25,99,0.0,1,flat,66.05499999999483,13352.700000000477,-63.37964879739953,8.984921745544172,99.4353742659567,66.24426013597596,66.05499999999483,3793.200000000151,849.0,917.0,0.0,0.0,22.0,19.0,1.0,0.0,13.0,13.0,0.0,0.0,0.0,0.0,-99.93394500000001,-73.50359852640776,1,0
0.1,100.0,1440,1,30,30,0,0,150,5.3,18,25,5,0.1,3,inc_every3,65.98399999998452,33.37560000000147,-63.387529219185204,-81.67556562807239,99.35972675050475,99.79107736414807,65.98399999998452,33.37560000000002,1007.0,6233.0,0.0,0.0,7.0,28.0,2.0,3.0,14.0,14.0,0.0,0.0,0.0,0.0,-99.93401600000001,-99.9666244,1,1
0.1,100.0,1440,1,30,30,0,0,100,25.0,12,10,5,0.1,3,inc_every3,65.93150000001151,83.16209999999188,-63.393360654658984,-75.95534238247853,99.3617844074884,99.22732627823366,65.93150000000301,83.16209999999188,203.0,427.0,0.0,0.0,28.0,55.0,2.0,2.0,12.0,12.0,28.0,56.0,0.0,0.0,-99.9340685,-99.9168379,1,1
0.1,100.0,1440,1,30,30,0,0,100,25.0,18,10,5,0.1,3,inc_every3,65.93150000001151,83.16209999999188,-63.393360654658984,-75.95534238247853,99.3617844074884,99.22732627823366,65.93150000000301,83.16209999999188,203.0,427.0,0.0,0.0,28.0,55.0,2.0,2.0,12.0,12.0,0.0,0.0,0.0,0.0,-99.9340685,-99.9168379,1,1
0.1,100.0,1440,1,30,30,0,0,100,10.0,12,15,5,0.1,3,inc_every3,65.89549999998823,35.26110000000594,-63.39736150030223,-81.37343508437857,99.36041173273297,99.68612159515754,65.89549999998823,35.26110000000111,946.0,977.0,0.0,0.0,25.0,25.0,2.0,2.0,12.0,12.0,34.0,36.0,0.0,0.0,-99.93410450000002,-99.9647389,1,1
0.1,100.0,1440,1,30,30,0,0,150,5.3,12,25,5,0.1,3,inc_every3,65.88099999998764,99.3924000000016,-63.3989734459407,-74.64525343653673,99.36072620711083,99.36751153393394,65.88099999998764,99.39239999999575,1200.0,6633.0,0.0,0.0,8.0,30.0,2.0,2.0,12.0,12.0,13.0,58.0,0.0,0.0,-99.93411900000001,-99.9006076,1,1
0.1,100.0,1440,1,30,30,0,0,100,10.0,5,2,5,0.1,3,inc_every3,65.8660000000045,73.00000000160367,-63.40064127456561,-76.8700339758673,99.37296154907986,99.32939544538611,65.8660000000045,73.00000000160367,2400.0,2058.0,0.0,0.0,291.0,251.0,1.0,0.0,5.0,5.0,452.0,411.0,0.0,0.0,-99.934134,-99.9269999999984,1,1
0.1,100.0,1440,1,30,30,0,0,100,10.0,5,2,99,0.0,1,flat,65.8660000000045,73.00000000160367,-63.40064127456561,-76.8700339758673,99.37296154907986,99.32939544538611,65.8660000000045,73.00000000160367,2400.0,2058.0,0.0,0.0,291.0,251.0,1.0,0.0,5.0,5.0,452.0,411.0,0.0,0.0,-99.934134,-99.9269999999984,1,1
0.1,100.0,1440,1,30,30,0,0,200,5.3,5,6,99,0.0,1,flat,65.8399999999877,56.208999999998184,-63.40353289735854,-78.60092516108094,99.35309549308796,99.4577927402163,65.8399999999877,56.208999999998184,3015.0,4665.0,0.0,0.0,54.0,75.0,1.0,1.0,5.0,5.0,154.0,218.0,0.0,0.0,-99.93416,-99.943791,1,1
0.1,100.0,1440,1,30,30,0,0,200,5.3,5,6,5,0.1,3,inc_every3,65.8399999999877,56.208999999998184,-63.40353289735854,-78.60092516108094,99.35309549308796,99.4577927402163,65.8399999999877,56.208999999998184,3015.0,4665.0,0.0,0.0,54.0,75.0,1.0,1.0,5.0,5.0,154.0,218.0,0.0,0.0,-99.93416,-99.943791,1,1
0.1,100.0,1440,1,30,30,0,0,75,5.3,12,15,5,0.1,3,inc_every3,65.74200000000585,54.49899999999536,-63.41444030723985,-78.7967557494879,99.35805723994491,99.45584256088189,65.74200000000286,54.49899999999536,868.0,1036.0,0.0,0.0,14.0,15.0,2.0,2.0,12.0,12.0,20.0,27.0,0.0,0.0,-99.934258,-99.94550100000001,1,1
0.1,100.0,1440,1,30,30,0,0,400,25.0,8,10,99,0.0,1,flat,65.6958000000044,8602.100000002494,-63.419586883276935,-4.381961792805211,99.3980152475901,36.929090368350195,65.69580000000008,7422.500000001189,1582.0,991.0,0.0,0.0,77.0,44.0,1.0,0.0,7.0,7.0,0.0,0.0,0.0,0.0,-99.9343042,-28.2401425295056,1,0
0.1,100.0,1440,1,30,30,0,0,400,25.0,12,10,99,0.0,1,flat,65.6958000000044,8602.100000002494,-63.419586883276935,-4.381961792805211,99.3980152475901,36.929090368350195,65.69580000000008,7422.500000001189,1582.0,991.0,0.0,0.0,77.0,44.0,1.0,0.0,7.0,7.0,0.0,0.0,0.0,0.0,-99.9343042,-28.2401425295056,1,0
0.1,100.0,1440,1,30,30,0,0,400,25.0,18,10,99,0.0,1,flat,65.6958000000044,8602.100000002494,-63.419586883276935,-4.381961792805211,99.3980152475901,36.929090368350195,65.69580000000008,7422.500000001189,1582.0,991.0,0.0,0.0,77.0,44.0,1.0,0.0,7.0,7.0,0.0,0.0,0.0,0.0,-99.9343042,-28.2401425295056,1,0
0.1,100.0,1440,1,30,30,0,0,75,25.0,8,6,99,0.0,1,flat,65.67149999998637,46.629600000013454,-63.422295010487304,-79.75823418621981,99.3657562558552,99.56498180800449,65.67149999998637,46.62960000000297,659.0,640.0,0.0,0.0,117.0,113.0,1.0,1.0,8.0,8.0,212.0,200.0,0.0,0.0,-99.9343285,-99.9533704,1,1
0.1,100.0,1440,1,30,30,0,0,150,10.0,5,4,5,0.1,3,inc_every3,65.65099999999347,55.36699999999746,-63.42458026794503,-78.69682068116829,99.35289885071074,99.4619025404786,65.6509999999929,55.36699999999661,1845.0,3236.0,0.0,0.0,106.0,169.0,1.0,1.0,5.0,5.0,230.0,363.0,0.0,0.0,-99.93434900000001,-99.94463300000001,1,1
0.1,100.0,1440,1,30,30,0,0,150,10.0,5,4,99,0.0,1,flat,65.65099999999347,55.36699999999746,-63.42458026794503,-78.69682068116829,99.35289885071074,99.4619025404786,65.6509999999929,55.36699999999661,1845.0,3236.0,0.0,0.0,106.0,169.0,1.0,1.0,5.0,5.0,230.0,363.0,0.0,0.0,-99.93434900000001,-99.94463300000001,1,1
0.1,100.0,1440,1,30,30,0,0,100,25.0,8,4,5,0.1,3,inc_every3,65.6385000000075,86.17839999999592,-63.4259739977577,-75.69906448237947,99.35931185944362,99.19341089261819,65.63850000000042,86.17839999999575,587.0,558.0,0.0,0.0,141.0,133.0,1.0,1.0,8.0,8.0,162.0,153.0,0.0,0.0,-99.9343615,-99.9138216,1,1
0.1,100.0,1440,1,30,30,0,0,100,25.0,12,4,5,0.1,3,inc_every3,65.63850000000141,85.20680000000124,-63.425973997758376,-75.78091813777885,99.35931185944368,99.18729147391814,65.63849999999621,85.20680000000124,585.0,559.0,0.0,0.0,141.0,134.0,1.0,1.0,9.0,9.0,0.0,0.0,0.0,0.0,-99.93436150000001,-99.9147932,1,1
0.1,100.0,1440,1,30,30,0,0,100,25.0,18,4,5,0.1,3,inc_every3,65.63850000000141,85.20680000000124,-63.425973997758376,-75.78091813777885,99.35931185944368,99.18729147391814,65.63849999999621,85.20680000000124,585.0,559.0,0.0,0.0,141.0,134.0,1.0,1.0,9.0,9.0,0.0,0.0,0.0,0.0,-99.93436150000001,-99.9147932,1,1
0.1,100.0,1440,1,30,30,0,0,75,25.0,12,4,99,0.0,1,flat,65.56550000000371,82.44320000000306,-63.434117622822626,-76.01738403706861,99.38412440470039,99.27057553638578,65.56550000000371,82.44320000000306,554.0,563.0,0.0,0.0,147.0,148.0,1.0,1.0,12.0,11.0,1.0,0.0,0.0,0.0,-99.9344345,-99.9175568,1,1
0.1,100.0,1440,1,30,30,0,0,75,25.0,18,4,99,0.0,1,flat,65.56550000000371,82.44320000000306,-63.434117622822626,-76.01738403706861,99.38412440470039,99.27057553638578,65.56550000000371,82.44320000000306,554.0,563.0,0.0,0.0,147.0,148.0,1.0,1.0,12.0,11.0,0.0,0.0,0.0,0.0,-99.9344345,-99.9175568,1,1
0.1,100.0,1440,1,30,30,0,0,75,25.0,18,25,5,0.1,3,inc_every3,65.55699999999311,43.07239999999216,-63.43506632447353,-80.23061637589056,99.3718187044846,99.74238995215323,65.5569999999901,43.07239999999216,86.0,353.0,0.0,0.0,8.0,29.0,3.0,4.0,18.0,18.0,7.0,34.0,0.0,0.0,-99.93444300000002,-99.95692760000001,1,1
0.1,100.0,1440,1,30,30,0,0,100,25.0,8,4,99,0.0,1,flat,65.51649999999364,70.13999999999834,-63.43958796052866,-77.1434893988212,99.36050268423628,99.32373018627796,65.51649999999364,70.13999999999567,717.0,689.0,0.0,0.0,156.0,151.0,1.0,1.0,8.0,8.0,191.0,180.0,0.0,0.0,-99.93448350000001,-99.92986,1,1
0.1,100.0,1440,1,30,30,0,0,300,25.0,18,6,99,0.0,1,flat,65.49600000000453,3316.4000000012893,-63.44187754219761,-27.99515610164871,99.38773907678498,72.1847216061285,65.49600000000453,2884.500000001279,2019.0,1158.0,0.0,0.0,172.0,98.0,1.0,0.0,7.0,7.0,0.0,0.0,0.0,0.0,-99.93450399999999,-122.36459931390573,1,0
0.1,100.0,1440,1,30,30,0,0,300,25.0,12,6,99,0.0,1,flat,65.49600000000453,3316.4000000012893,-63.44187754219761,-27.99515610164871,99.38773907678498,72.1847216061285,65.49600000000453,2884.500000001279,2019.0,1158.0,0.0,0.0,172.0,98.0,1.0,0.0,7.0,7.0,0.0,0.0,0.0,0.0,-99.93450399999999,-122.36459931390573,1,0
0.1,100.0,1440,1,30,30,0,0,300,25.0,8,6,99,0.0,1,flat,65.49600000000453,3316.4000000012893,-63.44187754219761,-27.99515610164871,99.38773907678498,72.1847216061285,65.49600000000453,2884.500000001279,2019.0,1158.0,0.0,0.0,172.0,98.0,1.0,0.0,7.0,7.0,0.0,0.0,0.0,0.0,-99.93450399999999,-122.36459931390573,1,0
0.1,100.0,1440,1,30,30,0,0,100,25.0,18,6,99,0.0,1,flat,65.49100000000482,100.96020000001022,-63.44243606370456,-74.52689363680147,99.36075158613953,99.02915416570508,65.49100000000482,100.96019999999692,691.0,1030.0,0.0,0.0,110.0,160.0,1.0,1.0,12.0,12.0,0.0,0.0,0.0,0.0,-99.93450899999999,-99.8990398,1,1
0.1,100.0,1440,1,30,30,0,0,100,25.0,12,6,99,0.0,1,flat,65.49100000000482,100.96020000001022,-63.44243606370456,-74.52689363680147,99.36075158613953,99.02915416570508,65.49100000000482,100.96019999999692,691.0,1030.0,0.0,0.0,110.0,160.0,1.0,1.0,12.0,12.0,2.0,1.0,0.0,0.0,-99.93450899999999,-99.8990398,1,1
0.1,100.0,1440,1,30,30,0,0,300,5.3,5,15,99,0.0,1,flat,65.45200000000682,5724.500000002583,-63.44679370243941,-15.295130135558388,99.35329861968792,58.69808872108132,65.4520000000058,4200.900000001404,2756.0,4148.0,0.0,0.0,19.0,22.0,1.0,0.0,5.0,5.0,71.0,118.0,0.0,0.0,-99.93454799999999,-82.69130757772103,1,0
0.1,100.0,1440,1,30,30,0,0,300,5.3,5,15,5,0.1,3,inc_every3,65.45200000000682,5724.500000002583,-63.44679370243941,-15.295130135558388,99.35329861968792,58.69808872108132,65.4520000000058,4200.900000001404,2756.0,4148.0,0.0,0.0,19.0,22.0,1.0,0.0,5.0,5.0,71.0,118.0,0.0,0.0,-99.93454799999999,-82.69130757772103,1,0
0.1,100.0,1440,1,30,30,0,0,200,10.0,18,6,99,0.0,1,flat,65.17200000000184,55.79000000000525,-63.478140446454546,-78.64851806449393,99.35598244989919,99.50921918434847,65.17200000000184,55.79000000000525,1534.0,2957.0,0.0,0.0,58.0,99.0,1.0,1.0,8.0,8.0,0.0,0.0,0.0,0.0,-99.934828,-99.94421,1,1
0.1,100.0,1440,1,30,30,0,0,200,10.0,12,6,99,0.0,1,flat,65.17200000000184,55.79000000000525,-63.478140446454546,-78.64851806449393,99.35598244989919,99.50921918434847,65.17200000000184,55.79000000000525,1534.0,2957.0,0.0,0.0,58.0,99.0,1.0,1.0,8.0,8.0,0.0,0.0,0.0,0.0,-99.934828,-99.94421,1,1
0.1,100.0,1440,1,30,30,0,0,200,10.0,8,6,99,0.0,1,flat,65.17200000000184,55.79000000000525,-63.478140446454546,-78.64851806449393,99.35598244989919,99.50921918434847,65.17200000000184,55.79000000000525,1534.0,2957.0,0.0,0.0,58.0,99.0,1.0,1.0,8.0,8.0,61.0,100.0,0.0,0.0,-99.934828,-99.94421,1,1
0.1,100.0,1440,1,30,30,0,0,300,15.0,18,15,5,0.1,3,inc_every3,65.03449999999759,7815.800000000905,-63.49357339213344,-7.070969752105761,99.45973865222307,67.91756138918687,65.03449999999702,4048.9000000005617,915.0,1986.0,0.0,0.0,22.0,37.0,1.0,0.0,9.0,9.0,0.0,0.0,0.0,0.0,-99.9349655,-92.9060925304795,1,0
0.1,100.0,1440,1,30,30,0,0,300,15.0,12,15,5,0.1,3,inc_every3,65.03449999999759,7815.800000000905,-63.49357339213344,-7.070969752105761,99.45973865222307,67.91756138918687,65.03449999999702,4048.9000000005617,915.0,1986.0,0.0,0.0,22.0,37.0,1.0,0.0,9.0,9.0,0.0,0.0,0.0,0.0,-99.9349655,-92.9060925304795,1,0
0.1,100.0,1440,1,30,30,0,0,75,5.3,8,10,5,0.1,3,inc_every3,65.02799999999397,82.76099999999056,-63.494303595393056,-75.98991096499863,99.36502914725963,99.2426355525053,65.02799999999397,82.76099999999056,1097.0,2563.0,0.0,0.0,23.0,42.0,1.0,1.0,8.0,8.0,56.0,136.0,0.0,0.0,-99.934972,-99.91723900000001,1,1
0.1,100.0,1440,1,30,30,0,0,300,25.0,18,15,5,0.1,3,inc_every3,65.01249999999925,4837.300000000745,-63.49604508494979,-19.43521425306417,99.39312118439969,70.77001061621543,65.01249999999925,3056.200000000436,490.0,1141.0,0.0,0.0,23.0,44.0,1.0,0.0,9.0,9.0,0.0,0.0,0.0,0.0,-99.9349875,-110.97523548549503,1,0
0.1,100.0,1440,1,30,30,0,0,300,25.0,12,15,5,0.1,3,inc_every3,65.01249999999925,4837.300000000745,-63.49604508494979,-19.43521425306417,99.39312118439969,70.77001061621543,65.01249999999925,3056.200000000436,490.0,1141.0,0.0,0.0,23.0,44.0,1.0,0.0,9.0,9.0,0.0,0.0,0.0,0.0,-99.9349875,-110.97523548549503,1,0
0.1,100.0,1440,1,30,30,0,0,75,5.3,5,10,99,0.0,1,flat,65.00000000000159,54.670000000003256,-63.49744975393945,-78.7769801073954,99.36229495330036,99.45413517318501,65.00000000000159,54.67000000000212,4253.0,5239.0,0.0,0.0,56.0,66.0,1.0,1.0,5.0,5.0,532.0,658.0,0.0,0.0,-99.935,-99.94533,1,1
0.1,100.0,1440,1,30,30,0,0,75,5.3,5,10,5,0.1,3,inc_every3,65.00000000000159,54.670000000003256,-63.49744975393945,-78.7769801073954,99.36229495330036,99.45413517318501,65.00000000000159,54.67000000000212,4253.0,5239.0,0.0,0.0,56.0,66.0,1.0,1.0,5.0,5.0,532.0,658.0,0.0,0.0,-99.935,-99.94533,1,1
0.1,100.0,1440,1,30,30,0,0,150,10.0,12,25,99,0.0,1,flat,64.98899999999145,69.68520000001439,-63.49868604139681,-77.18769271714795,99.41026850936036,99.36757904672021,64.98899999999145,69.68520000000223,1453.0,1722.0,0.0,0.0,16.0,18.0,2.0,2.0,12.0,12.0,38.0,36.0,0.0,0.0,-99.935011,-99.93031479999999,1,1
0.1,100.0,1440,1,30,30,0,0,75,5.3,8,4,99,0.0,1,flat,64.9750000000054,33.647700000002985,-63.50025974025615,-81.63123650173641,99.37801539286265,99.66620007539534,64.97500000000133,33.647700000002644,2879.0,2671.0,0.0,0.0,105.0,100.0,1.0,1.0,8.0,8.0,183.0,160.0,0.0,0.0,-99.935025,-99.9663523,1,1
0.1,100.0,1440,1,30,30,0,0,300,5.3,5,6,5,0.1,3,inc_every3,64.9579999999986,54.73400000000453,-63.50217102497475,-78.7695898714702,99.35817960853285,99.46217942419177,64.9579999999986,54.73400000000453,3319.0,5016.0,0.0,0.0,53.0,72.0,1.0,1.0,5.0,5.0,97.0,134.0,0.0,0.0,-99.935042,-99.94526599999999,1,1
0.1,100.0,1440,1,30,30,0,0,300,5.3,5,6,99,0.0,1,flat,64.9579999999986,54.73400000000453,-63.50217102497475,-78.7695898714702,99.35817960853285,99.46217942419177,64.9579999999986,54.73400000000453,3319.0,5016.0,0.0,0.0,53.0,72.0,1.0,1.0,5.0,5.0,97.0,134.0,0.0,0.0,-99.935042,-99.94526599999999,1,1
0.1,100.0,1440,1,30,30,0,0,200,15.0,18,15,5,0.1,3,inc_every3,64.94600000000196,11380.600000013023,-63.50352040803217,3.9234208878704324,99.41864566083346,56.892279791805535,64.94600000000082,7463.800000011248,1276.0,2503.0,0.0,0.0,35.0,57.0,1.0,0.0,11.0,11.0,0.0,0.0,0.0,0.0,-99.935054,-59.861138695740635,1,0
0.1,100.0,1440,1,30,30,0,0,200,15.0,12,15,5,0.1,3,inc_every3,64.94600000000196,11380.600000013023,-63.50352040803217,3.9234208878704324,99.41864566083346,56.892279791805535,64.94600000000082,7463.800000011248,1276.0,2503.0,0.0,0.0,35.0,57.0,1.0,0.0,11.0,11.0,0.0,0.0,0.0,0.0,-99.935054,-59.861138695740635,1,0
0.1,100.0,1440,1,30,30,0,0,150,25.0,12,6,99,0.0,1,flat,64.92649999999452,74.93360000000928,-63.50571358090884,-76.68939201718973,99.36285977841685,99.29493502949785,64.92649999998946,74.93360000000717,557.0,1227.0,0.0,0.0,73.0,150.0,1.0,1.0,9.0,9.0,0.0,0.0,0.0,0.0,-99.93507350000002,-99.92506639999999,1,1
0.1,100.0,1440,1,30,30,0,0,150,25.0,18,6,99,0.0,1,flat,64.92649999999452,74.93360000000928,-63.50571358090884,-76.68939201718973,99.36285977841685,99.29493502949785,64.92649999998946,74.93360000000717,557.0,1227.0,0.0,0.0,73.0,150.0,1.0,1.0,9.0,9.0,0.0,0.0,0.0,0.0,-99.93507350000002,-99.92506639999999,1,1
0.1,100.0,1440,1,30,30,0,0,200,5.3,12,25,99,0.0,1,flat,64.92400000000384,1674.900000012276,-63.505994795020456,-41.24060828015574,99.46746066899624,98.1641951044297,64.92400000000384,246.60000001218623,2916.0,5983.0,0.0,0.0,13.0,23.0,2.0,0.0,12.0,12.0,28.0,46.0,0.0,0.0,-99.935076,-99.75339999998782,1,1
0.1,100.0,1440,1,30,30,0,0,150,10.0,18,4,99,0.0,1,flat,64.88350000000798,87.40000000787552,-63.510551670819815,-75.59706403748619,99.36046385554037,99.12840560046396,64.88350000000725,87.40000000787552,1519.0,2449.0,0.0,0.0,93.0,136.0,1.0,0.0,7.0,7.0,0.0,0.0,0.0,0.0,-99.93511649999999,-99.91259999999212,1,1
0.1,100.0,1440,1,30,30,0,0,150,10.0,12,4,99,0.0,1,flat,64.88350000000798,87.40000000787552,-63.510551670819815,-75.59706403748619,99.36046385554037,99.12840560046396,64.88350000000725,87.40000000787552,1519.0,2449.0,0.0,0.0,93.0,136.0,1.0,0.0,7.0,7.0,0.0,0.0,0.0,0.0,-99.93511649999999,-99.91259999999212,1,1
0.1,100.0,1440,1,30,30,0,0,150,10.0,8,4,99,0.0,1,flat,64.88350000000798,87.40000000787552,-63.510551670819815,-75.59706403748619,99.36046385554037,99.12840560046396,64.88350000000725,87.40000000787552,1519.0,2449.0,0.0,0.0,93.0,136.0,1.0,0.0,7.0,7.0,0.0,0.0,0.0,0.0,-99.93511649999999,-99.91259999999212,1,1
0.1,100.0,1440,1,30,30,0,0,100,5.3,5,6,5,0.1,3,inc_every3,64.88349999999602,57.03499999999997,-63.51055167082116,-78.50782739855534,99.36578368603689,99.43058952728002,64.8834999999954,57.034999999996785,2805.0,4190.0,0.0,0.0,60.0,82.0,1.0,1.0,5.0,5.0,255.0,406.0,0.0,0.0,-99.9351165,-99.942965,1,1
0.1,100.0,1440,1,30,30,0,0,100,5.3,5,6,99,0.0,1,flat,64.88349999999602,57.03499999999997,-63.51055167082116,-78.50782739855534,99.36578368603689,99.43058952728002,64.8834999999954,57.034999999996785,2805.0,4190.0,0.0,0.0,60.0,82.0,1.0,1.0,5.0,5.0,255.0,406.0,0.0,0.0,-99.9351165,-99.942965,1,1
0.1,100.0,1440,1,30,30,0,0,150,5.3,12,10,99,0.0,1,flat,64.88100000000196,33.108000000003244,-63.51083303399842,-81.71940992598348,99.38549766534396,99.74629107405595,64.88099999999542,33.10800000000222,3653.0,6017.0,0.0,0.0,42.0,63.0,1.0,2.0,12.0,12.0,39.0,60.0,0.0,0.0,-99.935119,-99.966892,1,1
0.1,100.0,1440,1,30,30,0,0,150,5.3,18,10,99,0.0,1,flat,64.88100000000196,33.108000000003244,-63.51083303399842,-81.71940992598348,99.38549766534396,99.74629107405595,64.88099999999542,33.10800000000222,3653.0,6017.0,0.0,0.0,42.0,63.0,1.0,2.0,12.0,12.0,0.0,0.0,0.0,0.0,-99.935119,-99.966892,1,1
0.1,100.0,1440,1,30,30,0,0,75,25.0,12,25,5,0.1,3,inc_every3,64.85600000000585,45.456000000001126,-63.51364714283949,-79.91119594554013,99.55047893649802,99.70316775175183,64.85600000000585,45.456000000001126,704.0,1001.0,0.0,0.0,50.0,71.0,2.0,3.0,12.0,12.0,121.0,177.0,0.0,0.0,-99.935144,-99.954544,1,1
0.1,100.0,1440,1,30,30,0,0,75,15.0,18,6,99,0.0,1,flat,64.74200000000096,59.59099999999421,-63.52649048924507,-78.22561250750293,99.38967552178602,99.40794428271955,64.74200000000096,59.59099999999421,1014.0,552.0,0.0,0.0,101.0,60.0,1.0,1.0,13.0,13.0,0.0,0.0,0.0,0.0,-99.935258,-99.940409,1,1
0.1,100.0,1440,1,30,30,0,0,200,5.3,12,6,99,0.0,1,flat,64.71100000000501,101.80000000662153,-63.52998610630666,-74.46402390063447,99.36078431372547,99.00751674443441,64.71100000000075,101.80000000662153,2762.0,4164.0,0.0,0.0,51.0,70.0,1.0,0.0,8.0,8.0,0.0,0.0,0.0,0.0,-99.935289,-99.89819999999338,1,1
0.1,100.0,1440,1,30,30,0,0,200,5.3,8,6,99,0.0,1,flat,64.71100000000501,101.80000000662153,-63.52998610630666,-74.46402390063447,99.36078431372547,99.00751674443441,64.71100000000075,101.80000000662153,2762.0,4164.0,0.0,0.0,51.0,70.0,1.0,0.0,8.0,8.0,52.0,71.0,0.0,0.0,-99.935289,-99.89819999999338,1,1
0.1,100.0,1440,1,30,30,0,0,200,5.3,18,6,99,0.0,1,flat,64.71100000000501,101.80000000662153,-63.52998610630666,-74.46402390063447,99.36078431372547,99.00751674443441,64.71100000000075,101.80000000662153,2762.0,4164.0,0.0,0.0,51.0,70.0,1.0,0.0,8.0,8.0,0.0,0.0,0.0,0.0,-99.935289,-99.89819999999338,1,1
0.1,100.0,1440,1,30,30,0,0,150,25.0,8,10,99,0.0,1,flat,64.67520000000133,1828.900000011483,-63.5340246472279,-39.682263461877554,99.46682934469894,90.97417917285775,64.67520000000133,1101.8000000113896,1807.0,1264.0,0.0,0.0,137.0,96.0,1.0,0.0,8.0,8.0,262.0,191.0,0.0,0.0,-99.9353248,-98.8981999999886,1,1
0.1,100.0,1440,1,30,30,0,0,150,25.0,12,10,99,0.0,1,flat,64.66860000000509,2329.9000000149463,-63.534769377907985,-35.17621091868689,99.52193300855335,95.3917886095418,64.6686000000023,635.5000000129112,1876.0,1352.0,0.0,0.0,146.0,105.0,1.0,0.0,12.0,12.0,143.0,103.0,0.0,0.0,-99.9353314,-99.36449999998709,1,1
0.1,100.0,1440,1,30,30,0,0,150,25.0,18,10,99,0.0,1,flat,64.66860000000509,2329.9000000149463,-63.534769377907985,-35.17621091868689,99.52193300855335,95.3917886095418,64.6686000000023,635.5000000129112,1876.0,1352.0,0.0,0.0,146.0,105.0,1.0,0.0,12.0,12.0,0.0,0.0,0.0,0.0,-99.9353314,-99.36449999998709,1,1
0.1,100.0,1440,1,30,30,0,0,75,5.3,5,4,5,0.1,3,inc_every3,64.51900000000347,62.73799999999653,-63.55166626918462,-77.88959070588315,99.36701397064593,99.3735784250098,64.51900000000279,62.737999999993974,2724.0,2612.0,0.0,0.0,95.0,93.0,1.0,1.0,5.0,5.0,355.0,340.0,0.0,0.0,-99.935481,-99.937262,1,1
0.1,100.0,1440,1,30,30,0,0,75,5.3,5,4,99,0.0,1,flat,64.51900000000347,62.73799999999653,-63.55166626918462,-77.88959070588315,99.36701397064593,99.3735784250098,64.51900000000279,62.737999999993974,2724.0,2612.0,0.0,0.0,95.0,93.0,1.0,1.0,5.0,5.0,355.0,340.0,0.0,0.0,-99.935481,-99.937262,1,1
0.1,100.0,1440,1,30,30,0,0,200,5.3,8,6,5,0.1,3,inc_every3,64.4879999999967,86.85739999999612,-63.55517154944762,-75.64224530323845,99.36298710920138,99.14049379051018,64.4879999999967,86.85739999999453,2999.0,2755.0,0.0,0.0,54.0,51.0,1.0,1.0,7.0,7.0,0.0,0.0,0.0,0.0,-99.935512,-99.9131426,1,1
0.1,100.0,1440,1,30,30,0,0,200,5.3,18,6,5,0.1,3,inc_every3,64.4879999999967,86.85739999999612,-63.55517154944762,-75.64224530323845,99.36298710920138,99.14049379051018,64.4879999999967,86.85739999999453,2999.0,2755.0,0.0,0.0,54.0,51.0,1.0,1.0,7.0,7.0,0.0,0.0,0.0,0.0,-99.935512,-99.9131426,1,1
0.1,100.0,1440,1,30,30,0,0,200,5.3,12,6,5,0.1,3,inc_every3,64.4879999999967,86.85739999999612,-63.55517154944762,-75.64224530323845,99.36298710920138,99.14049379051018,64.4879999999967,86.85739999999453,2999.0,2755.0,0.0,0.0,54.0,51.0,1.0,1.0,7.0,7.0,0.0,0.0,0.0,0.0,-99.935512,-99.9131426,1,1
0.1,100.0,1440,1,30,30,0,0,100,25.0,18,25,5,0.1,3,inc_every3,64.4170000000021,76.41129999999472,-63.563204853360865,-76.5535365678289,99.71474940883687,99.74866192133358,64.41700000000185,76.41129999999472,1039.0,1428.0,0.0,0.0,63.0,86.0,3.0,2.0,17.0,17.0,0.0,0.0,0.0,0.0,-99.935583,-99.92358870000001,1,1
0.1,100.0,1440,1,30,30,0,0,100,5.3,5,4,5,0.1,3,inc_every3,64.39900000000142,61.03499999999957,-63.56524259092657,-78.0699192820764,99.3705195249499,99.46588129584613,64.39900000000142,53.50000000157243,2983.0,2305.0,0.0,0.0,93.0,78.0,1.0,1.0,5.0,5.0,293.0,199.0,0.0,0.0,-99.935601,-99.94649999999842,1,1
0.1,100.0,1440,1,30,30,0,0,100,5.3,5,4,99,0.0,1,flat,64.39900000000142,61.03499999999957,-63.56524259092657,-78.0699192820764,99.3705195249499,99.46588129584613,64.39900000000142,53.50000000157243,2983.0,2305.0,0.0,0.0,93.0,78.0,1.0,1.0,5.0,5.0,293.0,199.0,0.0,0.0,-99.935601,-99.94649999999842,1,1
0.1,100.0,1440,1,30,30,0,0,200,25.0,18,6,99,0.0,1,flat,64.35840000001178,74.5947999999928,-63.569840494443284,-76.72080505710245,99.41466821885922,99.31890579061748,64.35839999999945,74.5947999999928,2343.0,1168.0,0.0,0.0,236.0,123.0,1.0,1.0,8.0,8.0,0.0,0.0,0.0,0.0,-99.9356416,-99.9254052,1,1
0.1,100.0,1440,1,30,30,0,0,200,25.0,8,6,99,0.0,1,flat,64.35840000001178,74.5947999999928,-63.569840494443284,-76.72080505710245,99.41466821885922,99.31890579061748,64.35839999999945,74.5947999999928,2343.0,1168.0,0.0,0.0,236.0,123.0,1.0,1.0,8.0,8.0,241.0,123.0,0.0,0.0,-99.9356416,-99.9254052,1,1
0.1,100.0,1440,1,30,30,0,0,200,25.0,12,6,99,0.0,1,flat,64.35840000001178,74.5947999999928,-63.569840494443284,-76.72080505710245,99.41466821885922,99.31890579061748,64.35839999999945,74.5947999999928,2343.0,1168.0,0.0,0.0,236.0,123.0,1.0,1.0,8.0,8.0,0.0,0.0,0.0,0.0,-99.9356416,-99.9254052,1,1
0.1,100.0,1440,1,30,30,0,0,150,10.0,18,0,5,0.1,3,inc_every3,64.3320000000034,46.58200000000804,-63.57283150917827,-79.76438522017713,99.38506538196835,99.81394438541976,64.33200000000176,46.58200000000804,107.0,667.0,0.0,0.0,0.0,0.0,3.0,3.0,18.0,18.0,1.0,3.0,0.0,0.0,-99.93566799999999,-99.95341799999998,1,1
0.1,100.0,1440,1,30,30,0,0,200,5.3,12,4,5,0.1,3,inc_every3,64.24600000000765,62.24799999999925,-63.58258177961703,-77.94112019633862,99.36537758680291,99.37752000000005,64.24600000000765,62.24799999999658,2630.0,2523.0,0.0,0.0,73.0,72.0,1.0,1.0,6.0,6.0,0.0,0.0,0.0,0.0,-99.93575399999999,-99.937752,1,1
0.1,100.0,1440,1,30,30,0,0,200,5.3,18,4,5,0.1,3,inc_every3,64.24600000000765,62.24799999999925,-63.58258177961703,-77.94112019633862,99.36537758680291,99.37752000000005,64.24600000000765,62.24799999999658,2630.0,2523.0,0.0,0.0,73.0,72.0,1.0,1.0,6.0,6.0,0.0,0.0,0.0,0.0,-99.93575399999999,-99.937752,1,1
0.1,100.0,1440,1,30,30,0,0,200,5.3,8,4,5,0.1,3,inc_every3,64.24600000000765,62.24799999999925,-63.58258177961703,-77.94112019633862,99.36537758680291,99.37752000000005,64.24600000000765,62.24799999999658,2630.0,2523.0,0.0,0.0,73.0,72.0,1.0,1.0,6.0,6.0,0.0,0.0,0.0,0.0,-99.93575399999999,-99.937752,1,1
0.1,100.0,1440,1,30,30,0,0,300,5.3,3,6,5,0.1,3,inc_every3,64.20000000387824,3836.1000000024032,-63.58780132628469,-24.807348550505893,99.36291194883574,63.80814389205711,64.20000000387324,3621.900000002386,5652.0,4258.0,0.0,0.0,79.0,57.0,0.0,0.0,3.0,3.0,443.0,334.0,0.0,0.0,-99.93579999999612,-102.42363633462011,1,0
0.1,100.0,1440,1,30,30,0,0,300,5.3,3,6,99,0.0,1,flat,64.20000000387824,3836.1000000024032,-63.58780132628469,-24.807348550505893,99.36291194883574,63.80814389205711,64.20000000387324,3621.900000002386,5652.0,4258.0,0.0,0.0,79.0,57.0,0.0,0.0,3.0,3.0,443.0,334.0,0.0,0.0,-99.93579999999612,-102.42363633462011,1,0
0.1,100.0,1440,1,30,30,0,0,300,15.0,5,10,5,0.1,3,inc_every3,64.20000000243977,5912.800000000912,-63.58780132644796,-14.475409133522843,99.39558835987499,45.33271990445482,64.20000000243977,5584.700000000934,3067.0,1682.0,0.0,0.0,86.0,45.0,0.0,0.0,5.0,5.0,227.0,138.0,0.0,0.0,-99.93579999999756,-55.140848942432484,1,0
0.1,100.0,1440,1,30,30,0,0,300,15.0,5,10,99,0.0,1,flat,64.20000000243977,5912.800000000912,-63.58780132644796,-14.475409133522843,99.39558835987499,45.33271990445482,64.20000000243977,5584.700000000934,3067.0,1682.0,0.0,0.0,86.0,45.0,0.0,0.0,5.0,5.0,227.0,138.0,0.0,0.0,-99.93579999999756,-55.140848942432484,1,0
0.1,100.0,1440,1,30,30,0,0,100,5.3,18,6,5,0.1,3,inc_every3,81.19440000000913,47.89760000000339,-61.83570773145037,-79.5959783055603,99.37321049802065,99.52181300853596,64.12369999999761,47.8975999999939,1730.0,1945.0,0.0,0.0,45.0,49.0,2.0,2.0,10.0,10.0,0.0,0.0,0.0,0.0,-99.9358763,-99.9521024,1,1
0.1,100.0,1440,1,30,30,0,0,100,5.3,12,6,5,0.1,3,inc_every3,81.19440000000913,47.89760000000339,-61.83570773145037,-79.5959783055603,99.37321049802065,99.52181300853596,64.12369999999761,47.8975999999939,1730.0,1945.0,0.0,0.0,45.0,49.0,2.0,2.0,10.0,10.0,0.0,0.0,0.0,0.0,-99.9358763,-99.9521024,1,1
0.1,100.0,1440,1,30,30,0,0,150,25.0,5,10,99,0.0,1,flat,64.08100000000479,9921.800000005962,-63.6013179608808,-0.233346829172576,99.37115688448817,18.211550940933392,64.0810000000024,8793.900000002292,1152.0,932.0,0.0,0.0,80.0,59.0,1.0,0.0,5.0,5.0,304.0,255.0,0.0,0.0,-99.935919,-0.233346829172576,1,0
0.1,100.0,1440,1,30,30,0,0,150,25.0,5,10,5,0.1,3,inc_every3,64.08100000000479,9921.800000005962,-63.6013179608808,-0.233346829172576,99.37115688448817,18.211550940933392,64.0810000000024,8793.900000002292,1152.0,932.0,0.0,0.0,80.0,59.0,1.0,0.0,5.0,5.0,304.0,255.0,0.0,0.0,-99.935919,-0.233346829172576,1,0
0.1,100.0,1440,1,30,30,0,0,75,10.0,18,0,5,0.1,3,inc_every3,64.13999999999632,106.26930000000402,-63.59461392917696,-74.13543051380617,99.41007447915247,99.74766097493227,64.07829999998907,106.26930000000402,139.0,804.0,0.0,0.0,0.0,0.0,5.0,3.0,18.0,18.0,2.0,19.0,0.0,0.0,-99.93592170000001,-99.89373069999999,1,1
0.1,100.0,1440,1,30,30,0,0,400,10.0,8,10,5,0.1,3,inc_every3,63.91499999999871,5070.400000004131,-63.62020667563305,-18.298979180819874,99.37764123936203,63.484466912595664,63.91499999999871,3929.40000000261,3065.0,2796.0,0.0,0.0,52.0,43.0,1.0,0.0,7.0,7.0,0.0,0.0,0.0,0.0,-99.936085,-95.2679130060112,1,0
0.1,100.0,1440,1,30,30,0,0,400,10.0,18,10,5,0.1,3,inc_every3,63.91499999999871,5070.400000004131,-63.62020667563305,-18.298979180819874,99.37764123936203,63.484466912595664,63.91499999999871,3929.40000000261,3065.0,2796.0,0.0,0.0,52.0,43.0,1.0,0.0,7.0,7.0,0.0,0.0,0.0,0.0,-99.936085,-95.2679130060112,1,0
0.1,100.0,1440,1,30,30,0,0,400,10.0,12,10,5,0.1,3,inc_every3,63.91499999999871,5070.400000004131,-63.62020667563305,-18.298979180819874,99.37764123936203,63.484466912595664,63.91499999999871,3929.40000000261,3065.0,2796.0,0.0,0.0,52.0,43.0,1.0,0.0,7.0,7.0,0.0,0.0,0.0,0.0,-99.936085,-95.2679130060112,1,0
0.1,100.0,1440,1,30,30,0,0,75,25.0,5,4,99,0.0,1,flat,63.911500000003485,54.046499999999185,-63.62060535386207,-78.84929714975148,99.3809544565196,99.49226845284512,63.911500000003485,54.046499999999185,1270.0,1178.0,0.0,0.0,268.0,245.0,1.0,1.0,5.0,5.0,686.0,610.0,0.0,0.0,-99.9360885,-99.9459535,1,1
0.1,100.0,1440,1,30,30,0,0,75,25.0,5,4,5,0.1,3,inc_every3,63.911500000003485,54.046499999999185,-63.62060535386207,-78.84929714975148,99.3809544565196,99.49226845284512,63.911500000003485,54.046499999999185,1270.0,1178.0,0.0,0.0,268.0,245.0,1.0,1.0,5.0,5.0,686.0,610.0,0.0,0.0,-99.9360885,-99.9459535,1,1
0.1,100.0,1440,1,30,30,0,0,400,15.0,18,25,5,0.1,3,inc_every3,63.89300000000583,13676.800000004434,-63.62271294323424,9.765484020466776,99.46494996440993,43.12038890476374,63.89300000000583,8340.00000000095,1948.0,1666.0,0.0,0.0,22.0,15.0,2.0,0.0,10.0,10.0,0.0,0.0,0.0,0.0,-99.93610699999999,-26.47529378906071,1,0
0.1,100.0,1440,1,30,30,0,0,400,15.0,12,25,5,0.1,3,inc_every3,63.89300000000583,13676.800000004434,-63.62271294323424,9.765484020466776,99.46494996440993,43.12038890476374,63.89300000000583,8340.00000000095,1948.0,1666.0,0.0,0.0,22.0,15.0,2.0,0.0,10.0,10.0,0.0,0.0,0.0,0.0,-99.93610699999999,-26.47529378906071,1,0
0.1,100.0,1440,1,30,30,0,0,300,10.0,5,15,99,0.0,1,flat,63.73700000000474,9714.900000001071,-63.64050448785359,-0.8570258530699593,99.37124395777845,46.379352833008234,63.73699999999894,5657.30000000072,2802.0,2404.0,0.0,0.0,34.0,24.0,1.0,0.0,5.0,5.0,117.0,125.0,0.0,0.0,-99.936263,-43.615731519086424,1,0
0.1,100.0,1440,1,30,30,0,0,300,10.0,5,15,5,0.1,3,inc_every3,63.73700000000474,9714.900000001071,-63.64050448785359,-0.8570258530699593,99.37124395777845,46.379352833008234,63.73699999999894,5657.30000000072,2802.0,2404.0,0.0,0.0,34.0,24.0,1.0,0.0,5.0,5.0,117.0,125.0,0.0,0.0,-99.936263,-43.615731519086424,1,0
0.1,100.0,1440,1,30,30,0,0,100,10.0,5,6,5,0.1,3,inc_every3,63.716500000001815,32.70810000000944,-63.64284506788256,-81.78539694317128,99.37767739414952,99.67787013600952,63.716500000001474,32.708100000001366,3819.0,3131.0,0.0,0.0,157.0,129.0,1.0,1.0,5.0,5.0,683.0,521.0,0.0,0.0,-99.9362835,-99.96729189999999,1,1
0.1,100.0,1440,1,30,30,0,0,100,10.0,5,6,99,0.0,1,flat,63.716500000001815,32.70810000000944,-63.64284506788256,-81.78539694317128,99.37767739414952,99.67787013600952,63.716500000001474,32.708100000001366,3819.0,3131.0,0.0,0.0,157.0,129.0,1.0,1.0,5.0,5.0,683.0,521.0,0.0,0.0,-99.9362835,-99.96729189999999,1,1
0.1,100.0,1440,1,30,30,0,0,100,10.0,12,10,99,0.0,1,flat,63.69300000000044,35.12430000000393,-63.645528912960984,-81.3949685717577,99.377906919959,99.69682272515408,63.69299999999805,35.12430000000032,1155.0,2417.0,0.0,0.0,37.0,69.0,3.0,3.0,12.0,12.0,45.0,102.0,0.0,0.0,-99.936307,-99.9648757,1,1
0.1,100.0,1440,1,30,30,0,0,100,5.3,18,0,5,0.1,3,inc_every3,63.65499999999915,58.984000000005096,-63.649870423947895,-78.29185132674769,99.39726922384983,99.81236679200146,63.65499999999574,58.984000000005096,151.0,1669.0,0.0,0.0,0.0,0.0,3.0,4.0,18.0,18.0,1.0,6.0,0.0,0.0,-99.936345,-99.94101599999999,1,1
0.1,100.0,1440,1,30,30,0,0,75,25.0,18,0,5,0.1,3,inc_every3,63.6470000000005,99.8316000000168,-63.650784690409814,-74.61196493179608,99.4590783927115,99.15502928530319,63.646999999998684,99.83160000000458,28.0,100.0,0.0,0.0,0.0,0.0,3.0,3.0,18.0,18.0,2.0,7.0,0.0,0.0,-99.936353,-99.9001684,1,1
0.1,100.0,1440,1,30,30,0,0,200,15.0,12,6,99,0.0,1,flat,63.63899999999438,56.476000000000056,-63.6516990487973,-78.570727318905,99.37434621888401,99.47559797949786,63.63899999999438,56.476000000000056,2590.0,1653.0,0.0,0.0,141.0,94.0,1.0,1.0,8.0,8.0,0.0,0.0,0.0,0.0,-99.936361,-99.943524,1,1
0.1,100.0,1440,1,30,30,0,0,200,15.0,18,6,99,0.0,1,flat,63.63899999999438,56.476000000000056,-63.6516990487973,-78.570727318905,99.37434621888401,99.47559797949786,63.63899999999438,56.476000000000056,2590.0,1653.0,0.0,0.0,141.0,94.0,1.0,1.0,8.0,8.0,0.0,0.0,0.0,0.0,-99.936361,-99.943524,1,1
0.1,100.0,1440,1,30,30,0,0,200,15.0,8,6,99,0.0,1,flat,63.63899999999438,56.476000000000056,-63.6516990487973,-78.570727318905,99.37434621888401,99.47559797949786,63.63899999999438,56.476000000000056,2590.0,1653.0,0.0,0.0,141.0,94.0,1.0,1.0,8.0,8.0,145.0,94.0,0.0,0.0,-99.936361,-99.943524,1,1
0.1,100.0,1440,1,30,30,0,0,200,15.0,3,10,99,0.0,1,flat,63.60000000356695,6075.70000000167,-63.65615786259766,-13.780928691714688,99.3744098205504,42.033964473926666,63.60000000356422,5939.200000001628,2249.0,1051.0,0.0,0.0,66.0,29.0,0.0,0.0,3.0,3.0,570.0,247.0,0.0,0.0,-99.93639999999644,-47.848857639568024,1,0
0.1,100.0,1440,1,30,30,0,0,200,15.0,3,10,5,0.1,3,inc_every3,63.60000000356695,6075.70000000167,-63.65615786259766,-13.780928691714688,99.3744098205504,42.033964473926666,63.60000000356422,5939.200000001628,2249.0,1051.0,0.0,0.0,66.0,29.0,0.0,0.0,3.0,3.0,570.0,247.0,0.0,0.0,-99.93639999999644,-47.848857639568024,1,0
0.1,100.0,1440,1,30,30,0,0,100,15.0,5,4,5,0.1,3,inc_every3,63.59700000000129,44.91640000001338,-63.6565009392918,-79.982457064255,99.38187526120889,99.55319512971509,63.59700000000129,44.91640000000271,2476.0,1430.0,0.0,0.0,252.0,150.0,1.0,1.0,5.0,5.0,701.0,365.0,0.0,0.0,-99.936403,-99.9550836,1,1
0.1,100.0,1440,1,30,30,0,0,100,15.0,5,4,99,0.0,1,flat,63.59700000000129,44.91640000001338,-63.6565009392918,-79.982457064255,99.38187526120889,99.55319512971509,63.59700000000129,44.91640000000271,2476.0,1430.0,0.0,0.0,252.0,150.0,1.0,1.0,5.0,5.0,701.0,365.0,0.0,0.0,-99.936403,-99.9550836,1,1
0.1,100.0,1440,1,30,30,0,0,300,5.3,8,25,5,0.1,3,inc_every3,63.57600000000497,14387.700000002165,-63.6589028358236,11.433180808550025,99.3728383857316,36.73167081532139,63.576000000003546,9292.900000000038,1140.0,5273.0,0.0,0.0,7.0,14.0,1.0,0.0,8.0,8.0,12.0,46.0,0.0,0.0,-99.936424,-12.030160822092748,1,0
0.1,100.0,1440,1,30,30,0,0,75,25.0,12,15,99,0.0,1,flat,63.523500000004134,101.69460000001146,-63.664910354759776,-74.47189439496813,99.48277925694356,99.08466530454282,63.52350000000348,101.69460000000686,1492.0,815.0,0.0,0.0,121.0,68.0,2.0,1.0,12.0,12.0,269.0,151.0,0.0,0.0,-99.9364765,-99.8983054,1,1
0.1,100.0,1440,1,30,30,0,0,200,5.3,18,4,99,0.0,1,flat,64.94849999999815,46.52880000000948,-63.503239270117206,-79.77126513215522,99.37274657969543,99.53471199999996,63.50000000453332,46.52880000000346,2695.0,3592.0,0.0,0.0,74.0,92.0,1.0,1.0,6.0,6.0,0.0,0.0,0.0,0.0,-99.93649999999546,-99.9534712,1,1
0.1,100.0,1440,1,30,30,0,0,200,5.3,8,4,99,0.0,1,flat,64.94849999999815,46.52880000000948,-63.503239270117206,-79.77126513215522,99.37274657969543,99.53471199999996,63.50000000453332,46.52880000000346,2695.0,3592.0,0.0,0.0,74.0,92.0,1.0,1.0,6.0,6.0,0.0,0.0,0.0,0.0,-99.93649999999546,-99.9534712,1,1
0.1,100.0,1440,1,30,30,0,0,200,5.3,12,4,99,0.0,1,flat,64.94849999999815,46.52880000000948,-63.503239270117206,-79.77126513215522,99.37274657969543,99.53471199999996,63.50000000453332,46.52880000000346,2695.0,3592.0,0.0,0.0,74.0,92.0,1.0,1.0,6.0,6.0,0.0,0.0,0.0,0.0,-99.93649999999546,-99.9534712,1,1
0.1,100.0,1440,1,30,30,0,0,75,10.0,18,10,99,0.0,1,flat,63.398000000001986,35.55119999999758,-63.679287296058305,-81.32796429635674,99.3851957447221,99.64990398534678,63.398000000001986,35.55119999999758,1214.0,1289.0,0.0,0.0,46.0,49.0,2.0,2.0,17.0,17.0,0.0,0.0,0.0,0.0,-99.936602,-99.9644488,1,1
0.1,100.0,1440,1,30,30,0,0,100,25.0,12,2,99,0.0,1,flat,63.39400000000171,1799.0000000024395,-63.679745899474604,-39.977407990246626,99.38856095679014,86.58678005409523,63.3939999999977,1457.4000000023575,1111.0,1128.0,0.0,0.0,410.0,405.0,1.0,0.0,7.0,7.0,0.0,0.0,0.0,0.0,-99.936606,-98.54259999999765,1,1
0.1,100.0,1440,1,30,30,0,0,100,25.0,18,2,99,0.0,1,flat,63.39400000000171,1799.0000000024395,-63.679745899474604,-39.977407990246626,99.38856095679014,86.58678005409523,63.3939999999977,1457.4000000023575,1111.0,1128.0,0.0,0.0,410.0,405.0,1.0,0.0,7.0,7.0,0.0,0.0,0.0,0.0,-99.936606,-98.54259999999765,1,1
0.1,100.0,1440,1,30,30,0,0,100,25.0,8,2,99,0.0,1,flat,63.39400000000171,1799.0000000024395,-63.679745899474604,-39.977407990246626,99.38856095679014,86.58678005409523,63.3939999999977,1457.4000000023575,1111.0,1128.0,0.0,0.0,410.0,405.0,1.0,0.0,7.0,7.0,0.0,0.0,0.0,0.0,-99.936606,-98.54259999999765,1,1
0.1,100.0,1440,1,30,30,0,0,300,5.3,18,6,5,0.1,3,inc_every3,63.30300000000102,45.9180000000012,-63.69018538552492,-79.85065357496627,99.37553146363356,99.54833569405098,63.30300000000102,45.9180000000012,6464.0,5267.0,0.0,0.0,90.0,76.0,1.0,1.0,6.0,6.0,0.0,0.0,0.0,0.0,-99.936697,-99.954082,1,1
0.1,100.0,1440,1,30,30,0,0,300,5.3,8,6,5,0.1,3,inc_every3,63.30300000000102,45.9180000000012,-63.69018538552492,-79.85065357496627,99.37553146363356,99.54833569405098,63.30300000000102,45.9180000000012,6464.0,5267.0,0.0,0.0,90.0,76.0,1.0,1.0,6.0,6.0,0.0,0.0,0.0,0.0,-99.936697,-99.954082,1,1
0.1,100.0,1440,1,30,30,0,0,300,5.3,12,6,5,0.1,3,inc_every3,63.30300000000102,45.9180000000012,-63.69018538552492,-79.85065357496627,99.37553146363356,99.54833569405098,63.30300000000102,45.9180000000012,6464.0,5267.0,0.0,0.0,90.0,76.0,1.0,1.0,6.0,6.0,0.0,0.0,0.0,0.0,-99.936697,-99.954082,1,1
0.1,100.0,1440,1,30,30,0,0,200,25.0,8,25,99,0.0,1,flat,63.122400000006564,6682.600000004764,-63.7109393522647,-11.30321537791289,99.46351861295265,51.21383385245058,63.12240000000162,6077.000000004707,1352.0,803.0,0.0,0.0,39.0,22.0,1.0,0.0,8.0,8.0,127.0,83.0,0.0,0.0,-99.9368776,-63.730883082814046,1,0
0.1,100.0,1440,1,30,30,0,0,200,15.0,5,10,99,0.0,1,flat,63.08099999999939,7078.200000004712,-63.715703596800644,-9.772161417770487,99.3990797721341,35.43382070023491,63.08099999999939,6712.300000004149,2134.0,1810.0,0.0,0.0,71.0,54.0,1.0,0.0,5.0,5.0,263.0,236.0,0.0,0.0,-99.936919,-30.63980281824031,1,0
0.1,100.0,1440,1,30,30,0,0,200,15.0,5,10,5,0.1,3,inc_every3,63.08099999999939,7078.200000004712,-63.715703596800644,-9.772161417770487,99.3990797721341,35.43382070023491,63.08099999999939,6712.300000004149,2134.0,1810.0,0.0,0.0,71.0,54.0,1.0,0.0,5.0,5.0,263.0,236.0,0.0,0.0,-99.936919,-30.63980281824031,1,0
0.1,100.0,1440,1,30,30,0,0,150,10.0,8,25,99,0.0,1,flat,63.075600000008876,10258.500000013635,-63.71632520437207,0.7623523124945075,99.38391904827012,68.24376494221727,63.075600000008876,3413.7000000067937,1650.0,2807.0,0.0,0.0,17.0,23.0,2.0,0.0,8.0,8.0,75.0,152.0,0.0,0.0,-99.9369244,-85.72517757194002,1,0
0.1,100.0,1440,1,30,30,0,0,100,15.0,5,10,5,0.1,3,inc_every3,62.92949999999354,5244.7000000009775,-63.73315932026517,-17.47311758497927,99.38836296130715,50.40546139730364,62.92949999999115,5027.200000000995,2031.0,1736.0,0.0,0.0,87.0,69.0,1.0,0.0,5.0,5.0,509.0,413.0,0.0,0.0,-99.9370705,-68.28404037958654,1,0
0.1,100.0,1440,1,30,30,0,0,100,15.0,5,10,99,0.0,1,flat,62.92949999999354,5244.7000000009775,-63.73315932026517,-17.47311758497927,99.38836296130715,50.40546139730364,62.92949999999115,5027.200000000995,2031.0,1736.0,0.0,0.0,87.0,69.0,1.0,0.0,5.0,5.0,509.0,413.0,0.0,0.0,-99.9370705,-68.28404037958654,1,0
0.1,100.0,1440,1,30,30,0,0,150,5.3,12,10,5,0.1,3,inc_every3,62.751999999994666,34.91010000000401,-63.753653559606846,-81.42880412665285,99.37947333550888,99.69383819337868,62.751999999994666,34.910099999998494,2076.0,4235.0,0.0,0.0,28.0,49.0,1.0,2.0,10.0,10.0,0.0,0.0,0.0,0.0,-99.93724800000001,-99.9650899,1,1
0.1,100.0,1440,1,30,30,0,0,150,5.3,18,10,5,0.1,3,inc_every3,62.751999999994666,34.91010000000401,-63.753653559606846,-81.42880412665285,99.37947333550888,99.69383819337868,62.751999999994666,34.910099999998494,2076.0,4235.0,0.0,0.0,28.0,49.0,1.0,2.0,10.0,10.0,0.0,0.0,0.0,0.0,-99.93724800000001,-99.9650899,1,1
0.1,100.0,1440,1,30,30,0,0,300,5.3,12,25,5,0.1,3,inc_every3,62.62899999999888,14420.20000000203,-63.76788241703346,11.508025495240926,99.38218030797763,45.49005082169347,62.628999999998825,9099.500000000598,1453.0,5527.0,0.0,0.0,7.0,15.0,2.0,0.0,11.0,11.0,0.0,0.0,0.0,0.0,-99.937371,-29.47207614814602,1,0
0.1,100.0,1440,1,30,30,0,0,300,5.3,18,25,5,0.1,3,inc_every3,62.62899999999888,14420.20000000203,-63.76788241703346,11.508025495240926,99.38218030797763,45.49005082169347,62.628999999998825,9099.500000000598,1453.0,5527.0,0.0,0.0,7.0,15.0,2.0,0.0,11.0,11.0,0.0,0.0,0.0,0.0,-99.937371,-29.47207614814602,1,0
0.1,100.0,1440,1,30,30,0,0,100,10.0,8,6,99,0.0,1,flat,83.7640000000028,85.43080000000862,-61.597005984253094,-75.76198905517404,99.38902768960267,99.14936673570173,62.554400000029176,85.43080000000464,1546.0,1340.0,0.0,0.0,75.0,67.0,2.0,1.0,8.0,8.0,139.0,111.0,0.0,0.0,-99.93744559999998,-99.91456919999999,1,1
0.1,100.0,1440,1,30,30,0,0,75,5.3,5,25,99,0.0,1,flat,62.54899999999316,5597.800000009702,-63.77714895989438,-15.857408942341177,99.38634133898445,53.017822940480364,62.54899999999316,4979.500000008484,3113.0,2505.0,0.0,0.0,17.0,12.0,1.0,0.0,5.0,5.0,400.0,314.0,0.0,0.0,-99.93745100000001,-71.89305482330191,1,0
0.1,100.0,1440,1,30,30,0,0,75,5.3,5,25,5,0.1,3,inc_every3,62.54899999999316,5597.800000009702,-63.77714895989438,-15.857408942341177,99.38634133898445,53.017822940480364,62.54899999999316,4979.500000008484,3113.0,2505.0,0.0,0.0,17.0,12.0,1.0,0.0,5.0,5.0,400.0,314.0,0.0,0.0,-99.93745100000001,-71.89305482330191,1,0
0.1,100.0,1440,1,30,30,0,0,100,25.0,5,4,5,0.1,3,inc_every3,62.4039999999967,55.99450000000536,-63.79396875944525,-78.62525829670979,99.39088335773552,99.47218320812158,62.4039999999967,55.99450000000536,1335.0,1109.0,0.0,0.0,256.0,210.0,1.0,1.0,5.0,5.0,594.0,454.0,0.0,0.0,-99.937596,-99.94400549999999,1,1
0.1,100.0,1440,1,30,30,0,0,100,25.0,5,4,99,0.0,1,flat,62.4039999999967,55.99450000000536,-63.79396875944525,-78.62525829670979,99.39088335773552,99.47218320812158,62.4039999999967,55.99450000000536,1335.0,1109.0,0.0,0.0,256.0,210.0,1.0,1.0,5.0,5.0,594.0,454.0,0.0,0.0,-99.937596,-99.94400549999999,1,1
0.1,100.0,1440,1,30,30,0,0,100,15.0,8,15,5,0.1,3,inc_every3,62.356999999993434,47.12160000000047,-63.79942740303797,-79.69491318841413,99.46709339987872,99.55257790691056,62.356999999993434,47.1215999999944,3050.0,466.0,0.0,0.0,109.0,20.0,1.0,2.0,8.0,8.0,403.0,53.0,0.0,0.0,-99.93764300000001,-99.9528784,1,1
0.1,100.0,1440,1,30,30,0,0,100,25.0,18,6,5,0.1,3,inc_every3,62.29000000000178,105.3036000000148,-63.807214566038795,-74.20559694781672,99.50357831651762,98.95178578538717,62.29000000000178,105.30360000000417,1594.0,348.0,0.0,0.0,272.0,66.0,1.0,1.0,10.0,10.0,0.0,0.0,0.0,0.0,-99.93771,-99.8946964,1,1
0.1,100.0,1440,1,30,30,0,0,100,25.0,12,6,5,0.1,3,inc_every3,62.29000000000178,105.3036000000148,-63.807214566038795,-74.20559694781672,99.50357831651762,98.95178578538717,62.29000000000178,105.30360000000417,1594.0,348.0,0.0,0.0,272.0,66.0,1.0,1.0,10.0,10.0,0.0,0.0,0.0,0.0,-99.93771,-99.8946964,1,1
0.1,100.0,1440,1,30,30,0,0,150,25.0,12,0,5,0.1,3,inc_every3,62.13800000000026,101.95560000002166,-63.82490583778129,-74.45241529761803,99.58295244806882,99.11863345983295,62.13799999999901,101.95560000000023,162.0,122.0,0.0,0.0,0.0,0.0,2.0,2.0,12.0,12.0,6.0,4.0,0.0,0.0,-99.937862,-99.8980444,1,1
0.1,100.0,1440,1,30,30,0,0,400,15.0,5,15,5,0.1,3,inc_every3,62.08699999999908,11173.700000002718,-63.830849480721106,3.357572058140512,99.39056303741805,29.906459756160263,62.08699999999908,7163.700000001081,1819.0,1446.0,0.0,0.0,33.0,21.0,1.0,0.0,5.0,5.0,83.0,85.0,0.0,0.0,-99.937913,-6.455347454180014,1,0
0.1,100.0,1440,1,30,30,0,0,400,15.0,5,15,99,0.0,1,flat,62.08699999999908,11173.700000002718,-63.830849480721106,3.357572058140512,99.39056303741805,29.906459756160263,62.08699999999908,7163.700000001081,1819.0,1446.0,0.0,0.0,33.0,21.0,1.0,0.0,5.0,5.0,83.0,85.0,0.0,0.0,-99.937913,-6.455347454180014,1,0
0.1,100.0,1440,1,30,30,0,0,300,15.0,5,15,99,0.0,1,flat,61.92850000000294,8269.600000000872,-63.8493463529759,-5.497059188074371,99.3931196346674,43.972773320096515,61.928500000000554,5984.10000000054,1933.0,1386.0,0.0,0.0,38.0,24.0,1.0,0.0,5.0,5.0,127.0,115.0,0.0,0.0,-99.93807149999999,-43.4426058282674,1,0
0.1,100.0,1440,1,30,30,0,0,300,15.0,5,15,5,0.1,3,inc_every3,61.92850000000294,8269.600000000872,-63.8493463529759,-5.497059188074371,99.3931196346674,43.972773320096515,61.928500000000554,5984.10000000054,1933.0,1386.0,0.0,0.0,38.0,24.0,1.0,0.0,5.0,5.0,127.0,115.0,0.0,0.0,-99.93807149999999,-43.4426058282674,1,0
0.1,100.0,1440,1,30,30,0,0,200,10.0,5,6,99,0.0,1,flat,61.74999999999875,54.71500000000208,-63.870222606632986,-78.7717832139615,99.40710513682191,99.50213830755234,61.74999999999875,54.71499999999878,3981.0,2970.0,0.0,0.0,127.0,97.0,1.0,1.0,5.0,5.0,337.0,236.0,0.0,0.0,-99.93825,-99.945285,1,1
0.1,100.0,1440,1,30,30,0,0,200,10.0,5,6,5,0.1,3,inc_every3,61.74999999999875,54.71500000000208,-63.870222606632986,-78.7717832139615,99.40710513682191,99.50213830755234,61.74999999999875,54.71499999999878,3981.0,2970.0,0.0,0.0,127.0,97.0,1.0,1.0,5.0,5.0,337.0,236.0,0.0,0.0,-99.93825,-99.945285,1,1
0.1,100.0,1440,1,30,30,0,0,150,10.0,12,6,99,0.0,1,flat,61.64200000000477,61.40600000000779,-63.88287706636183,-78.03033626030292,99.39241429613416,99.38763014081128,61.64200000000477,61.40600000000768,1283.0,1607.0,0.0,0.0,57.0,67.0,1.0,1.0,9.0,9.0,0.0,0.0,0.0,0.0,-99.938358,-99.938594,1,1
0.1,100.0,1440,1,30,30,0,0,150,10.0,18,6,99,0.0,1,flat,61.64200000000477,61.40600000000779,-63.88287706636183,-78.03033626030292,99.39241429613416,99.38763014081128,61.64200000000477,61.40600000000768,1283.0,1607.0,0.0,0.0,57.0,67.0,1.0,1.0,9.0,9.0,0.0,0.0,0.0,0.0,-99.938358,-99.938594,1,1
0.1,100.0,1440,1,30,30,0,0,150,5.3,18,25,99,0.0,1,flat,61.626999999993245,97.598700000019,-63.884636032532136,-74.78228698965624,99.4187557768851,99.255642245916,61.62699999998921,97.59869999999887,2185.0,6986.0,0.0,0.0,11.0,30.0,2.0,1.0,18.0,18.0,11.0,35.0,0.0,0.0,-99.93837300000001,-99.90240130000001,1,1
0.1,100.0,1440,1,30,30,0,0,150,15.0,18,25,5,0.1,3,inc_every3,61.58150000000205,13468.600000044331,-63.88997365894231,9.265568486900854,99.5504474975181,80.86661166401304,61.58149999999944,3571.4000000204587,878.0,2840.0,0.0,0.0,19.0,51.0,2.0,0.0,14.0,14.0,0.0,0.0,0.0,0.0,-99.9384185,-102.46765484112521,1,0
0.1,100.0,1440,1,30,30,0,0,150,15.0,18,15,5,0.1,3,inc_every3,61.53749999999866,57.424000000007425,-63.89513832074382,-78.46431133145737,99.44672960215784,99.48068766560863,61.53749999999866,57.42400000000191,846.0,1957.0,0.0,0.0,28.0,59.0,2.0,2.0,12.0,12.0,0.0,0.0,0.0,0.0,-99.9384625,-99.942576,1,1
0.1,100.0,1440,1,30,30,0,0,150,15.0,12,15,5,0.1,3,inc_every3,61.53749999999866,57.424000000007425,-63.89513832074382,-78.46431133145737,99.44672960215784,99.48068766560863,61.53749999999866,57.42400000000191,846.0,1957.0,0.0,0.0,28.0,59.0,2.0,2.0,12.0,12.0,29.0,60.0,0.0,0.0,-99.9384625,-99.942576,1,1
0.1,100.0,1440,1,30,30,0,0,100,15.0,5,6,5,0.1,3,inc_every3,61.48450000000821,55.98099999999465,-63.90136331397029,-78.6267919413834,99.40240749560189,99.44583143598177,61.484500000007074,55.98099999999465,2370.0,1924.0,0.0,0.0,164.0,133.0,1.0,1.0,5.0,5.0,627.0,469.0,0.0,0.0,-99.9385155,-99.94401900000001,1,1
0.1,100.0,1440,1,30,30,0,0,100,15.0,5,6,99,0.0,1,flat,61.48450000000821,55.98099999999465,-63.90136331397029,-78.6267919413834,99.40240749560189,99.44583143598177,61.484500000007074,55.98099999999465,2370.0,1924.0,0.0,0.0,164.0,133.0,1.0,1.0,5.0,5.0,627.0,469.0,0.0,0.0,-99.9385155,-99.94401900000001,1,1
0.1,100.0,1440,1,30,30,0,0,150,25.0,5,4,5,0.1,3,inc_every3,61.40000001375324,4135.500000006809,-63.91129694821822,-23.106835598955133,99.39746621773891,65.79697295922217,61.40000001375324,3780.7000000067474,2305.0,1239.0,0.0,0.0,363.0,195.0,0.0,0.0,5.0,5.0,704.0,368.0,0.0,0.0,-99.93859999998625,-104.70078151739948,1,0
0.1,100.0,1440,1,30,30,0,0,150,25.0,5,4,99,0.0,1,flat,61.40000001375324,4135.500000006809,-63.91129694821822,-23.106835598955133,99.39746621773891,65.79697295922217,61.40000001375324,3780.7000000067474,2305.0,1239.0,0.0,0.0,363.0,195.0,0.0,0.0,5.0,5.0,704.0,368.0,0.0,0.0,-99.93859999998625,-104.70078151739948,1,0
0.1,100.0,1440,1,30,30,0,0,75,5.3,8,25,5,0.1,3,inc_every3,61.26850000000317,49.321600000008544,-63.92677757522534,-79.41731805102266,99.4017390709982,99.53933891862116,61.26850000000317,49.32160000000002,2458.0,2740.0,0.0,0.0,16.0,18.0,3.0,2.0,8.0,8.0,130.0,138.0,0.0,0.0,-99.9387315,-99.9506784,1,1
0.1,100.0,1440,1,30,30,0,0,400,25.0,12,0,5,0.1,3,inc_every3,61.16800000000205,83.20130000000836,-63.93862670298252,-75.95197023909415,99.60860245327329,99.45224464268084,61.168000000001484,83.20129999999654,230.0,151.0,0.0,0.0,0.0,0.0,2.0,2.0,12.0,12.0,2.0,1.0,0.0,0.0,-99.938832,-99.9167987,1,1
0.1,100.0,1440,1,30,30,0,0,400,10.0,12,0,5,0.1,3,inc_every3,61.167999999997505,58.552999999998065,-63.93862670298305,-78.33917541800352,99.65226091801121,99.58241452595249,61.167999999997505,58.55299999999704,736.0,387.0,0.0,0.0,0.0,0.0,2.0,2.0,12.0,12.0,3.0,1.0,0.0,0.0,-99.938832,-99.941447,1,1
0.1,100.0,1440,1,30,30,0,0,400,15.0,12,0,5,0.1,3,inc_every3,61.08949999999601,32.11440000000354,-63.947892828756224,-81.88441597492377,99.59505027940376,99.85341093078702,61.08949999999345,22.99659999999531,413.0,312.0,0.0,0.0,0.0,0.0,2.0,3.0,12.0,12.0,2.0,1.0,0.0,0.0,-99.9389105,-99.9770034,1,1
0.1,100.0,1440,1,30,30,0,0,200,25.0,12,0,99,0.0,1,flat,75.27519999999424,6103.60000000197,-62.409467202631966,-13.663300680290568,99.48712966802363,94.00532699851112,60.60639999999245,666.2000000014887,344.0,248.0,0.0,0.0,0.0,0.0,2.0,0.0,12.0,12.0,14.0,10.0,0.0,0.0,-99.9393936,-99.3337999999985,1,1
0.1,100.0,1440,1,30,30,0,0,75,5.3,5,15,99,0.0,1,flat,60.37399999999798,55.98099999999289,-64.03279233903908,-78.6267919413836,99.40767993093172,99.46061125778057,60.3739999999932,55.98099999999289,5656.0,3526.0,0.0,0.0,48.0,32.0,1.0,1.0,5.0,5.0,726.0,435.0,0.0,0.0,-99.939626,-99.94401900000001,1,1
0.1,100.0,1440,1,30,30,0,0,75,5.3,5,15,5,0.1,3,inc_every3,60.37399999999798,55.98099999999289,-64.03279233903908,-78.6267919413836,99.40767993093172,99.46061125778057,60.3739999999932,55.98099999999289,5656.0,3526.0,0.0,0.0,48.0,32.0,1.0,1.0,5.0,5.0,726.0,435.0,0.0,0.0,-99.939626,-99.94401900000001,1,1
0.1,100.0,1440,1,30,30,0,0,400,10.0,5,6,5,0.1,3,inc_every3,60.000000003745754,2581.1000000031345,-64.07749100376778,-33.170699925294336,99.40669250846705,76.58621840815476,60.000000003745754,2384.600000003113,3320.0,2839.0,0.0,0.0,91.0,74.0,0.0,0.0,5.0,5.0,125.0,107.0,0.0,0.0,-99.93999999999626,-136.34313674160387,1,0
0.1,100.0,1440,1,30,30,0,0,400,10.0,5,6,99,0.0,1,flat,60.000000003745754,2581.1000000031345,-64.07749100376778,-33.170699925294336,99.40669250846705,76.58621840815476,60.000000003745754,2384.600000003113,3320.0,2839.0,0.0,0.0,91.0,74.0,0.0,0.0,5.0,5.0,125.0,107.0,0.0,0.0,-99.93999999999626,-136.34313674160387,1,0
0.1,100.0,1440,1,30,30,0,0,400,10.0,8,25,5,0.1,3,inc_every3,59.717000000002145,6706.100000003789,-64.111462148464,-11.210512476700874,99.40949094217227,69.42231447533898,59.717000000002145,4095.300000003551,3082.0,2513.0,0.0,0.0,22.0,16.0,1.0,0.0,8.0,8.0,40.0,27.0,0.0,0.0,-99.940283,-100.05514142737883,1,0
0.1,100.0,1440,1,30,30,0,0,75,15.0,5,10,99,0.0,1,flat,59.573000000002025,4381.400000009755,-64.12879727622511,-21.773769112179565,99.42057501896629,58.6452196201755,59.57300000000092,4162.400000009727,1983.0,1587.0,0.0,0.0,95.0,71.0,1.0,0.0,5.0,5.0,636.0,479.0,0.0,0.0,-99.940427,-89.06420835253057,1,0
0.1,100.0,1440,1,30,30,0,0,75,10.0,5,10,5,0.1,3,inc_every3,59.573000000004754,2727.5000000129007,-64.12879727622479,-32.06449229036116,99.42174487002772,75.60749803377833,59.573000000004754,2450.300000012876,3303.0,2605.0,0.0,0.0,93.0,71.0,1.0,0.0,5.0,5.0,752.0,565.0,0.0,0.0,-99.940427,-133.2794883579178,1,0
0.1,100.0,1440,1,30,30,0,0,75,15.0,5,10,5,0.1,3,inc_every3,59.573000000002025,4381.400000009755,-64.12879727622511,-21.773769112179565,99.42057501896629,58.6452196201755,59.57300000000092,4162.400000009727,1983.0,1587.0,0.0,0.0,95.0,71.0,1.0,0.0,5.0,5.0,636.0,479.0,0.0,0.0,-99.940427,-89.06420835253057,1,0
0.1,100.0,1440,1,30,30,0,0,75,10.0,5,10,99,0.0,1,flat,59.573000000004754,2727.5000000129007,-64.12879727622479,-32.06449229036116,99.42174487002772,75.60749803377833,59.573000000004754,2450.300000012876,3303.0,2605.0,0.0,0.0,93.0,71.0,1.0,0.0,5.0,5.0,752.0,565.0,0.0,0.0,-99.940427,-133.2794883579178,1,0
0.1,100.0,1440,1,30,30,0,0,200,5.3,5,4,5,0.1,3,inc_every3,64.97100000000216,56.613500000004024,-63.500709418318934,-78.55521510102506,99.41324640683797,99.45699999995661,59.40000000375784,54.300000004338926,2615.0,3681.0,0.0,0.0,72.0,93.0,1.0,1.0,5.0,5.0,128.0,167.0,0.0,0.0,-99.94059999999624,-99.94569999999567,1,1
0.1,100.0,1440,1,30,30,0,0,200,5.3,5,4,99,0.0,1,flat,64.97100000000216,56.613500000004024,-63.500709418318934,-78.55521510102506,99.41324640683797,99.45699999995661,59.40000000375784,54.300000004338926,2615.0,3681.0,0.0,0.0,72.0,93.0,1.0,1.0,5.0,5.0,128.0,167.0,0.0,0.0,-99.94059999999624,-99.94569999999567,1,1
0.1,100.0,1440,1,30,30,0,0,200,10.0,3,4,5,0.1,3,inc_every3,59.10000000827745,3051.500000004053,-64.18597523116932,-29.756964673939112,99.42424596671857,71.91611560960773,59.100000008272275,2875.200000004004,4878.0,2914.0,0.0,0.0,210.0,126.0,0.0,0.0,3.0,3.0,987.0,571.0,0.0,0.0,-99.94089999999173,-123.58919589315457,1,0
0.1,100.0,1440,1,30,30,0,0,200,10.0,3,4,99,0.0,1,flat,59.10000000827745,3051.500000004053,-64.18597523116932,-29.756964673939112,99.42424596671857,71.91611560960773,59.100000008272275,2875.200000004004,4878.0,2914.0,0.0,0.0,210.0,126.0,0.0,0.0,3.0,3.0,987.0,571.0,0.0,0.0,-99.94089999999173,-123.58919589315457,1,0
0.1,100.0,1440,1,30,30,0,0,200,15.0,3,4,5,0.1,3,inc_every3,74.90000000672063,5457.800000003131,-62.44703747933613,-16.489206443440306,99.44091799178226,49.17892940922685,59.10000000669072,5242.600000003072,3557.0,1900.0,0.0,0.0,243.0,127.0,0.0,0.0,3.0,3.0,972.0,524.0,0.0,0.0,-99.9408999999933,-64.84706526189402,1,0
0.1,100.0,1440,1,30,30,0,0,200,15.0,3,4,99,0.0,1,flat,74.90000000672063,5457.800000003131,-62.44703747933613,-16.489206443440306,99.44091799178226,49.17892940922685,59.10000000669072,5242.600000003072,3557.0,1900.0,0.0,0.0,243.0,127.0,0.0,0.0,3.0,3.0,972.0,524.0,0.0,0.0,-99.9408999999933,-64.84706526189402,1,0
0.1,100.0,1440,1,30,30,0,0,75,10.0,8,10,5,0.1,3,inc_every3,59.058000000004455,47.546400000001924,-64.19107001810511,-79.64061344029851,99.4278378980614,99.52668013897049,59.05799999999999,47.54639999999657,703.0,901.0,0.0,0.0,30.0,36.0,3.0,2.0,8.0,8.0,80.0,88.0,0.0,0.0,-99.940942,-99.9524536,1,1
0.1,100.0,1440,1,30,30,0,0,75,10.0,12,15,5,0.1,3,inc_every3,59.057999999998316,78.15919999999707,-64.19107001810586,-76.39520160713363,99.43537037745239,99.22323173095084,59.057999999993854,78.15919999999636,830.0,689.0,0.0,0.0,26.0,21.0,4.0,3.0,12.0,12.0,51.0,40.0,0.0,0.0,-99.940942,-99.9218408,1,1
0.1,100.0,1440,1,30,30,0,0,100,25.0,12,0,5,0.1,3,inc_every3,58.63800000000538,105.21719999999851,-64.24217793682654,-74.21189664818637,99.52042593910248,99.02730676428988,58.63800000000043,105.21719999999851,288.0,147.0,0.0,0.0,0.0,0.0,2.0,3.0,12.0,12.0,29.0,10.0,0.0,0.0,-99.941362,-99.8947828,1,1
0.1,100.0,1440,1,30,30,0,0,100,15.0,18,0,99,0.0,1,flat,58.63800000000518,69.86400000000538,-64.24217793682656,-77.1702905271538,99.44713469480111,99.3259103452268,58.63800000000518,69.86400000000259,559.0,242.0,0.0,0.0,0.0,0.0,2.0,2.0,18.0,18.0,17.0,6.0,0.0,0.0,-99.941362,-99.930136,1,1
0.1,100.0,1440,1,30,30,0,0,150,15.0,12,0,99,0.0,1,flat,86.20159999999987,62.1790000000029,-61.3759201450879,-77.94839925115869,99.43705325421057,99.39498701020705,58.626400000004736,62.17899999999679,608.0,403.0,0.0,0.0,0.0,0.0,2.0,2.0,12.0,12.0,20.0,12.0,0.0,0.0,-99.94137359999999,-99.937821,1,1
0.1,100.0,1440,1,30,30,0,0,75,5.3,8,4,5,0.1,3,inc_every3,58.43000000000313,58.86300000000344,-64.26759701342112,-78.30511261721436,99.47230576101592,99.41715185361217,58.429999999999325,58.86300000000344,3161.0,2573.0,0.0,0.0,119.0,98.0,2.0,2.0,8.0,8.0,200.0,137.0,0.0,0.0,-99.94157,-99.941137,1,1
0.1,100.0,1440,1,30,30,0,0,75,10.0,8,15,99,0.0,1,flat,84.29280000000682,91.7432000000017,-61.54861183059695,-75.24232988469036,99.43754525215338,99.19105554134995,58.107200000045026,91.74319999999432,1747.0,2994.0,0.0,0.0,39.0,62.0,2.0,1.0,8.0,8.0,202.0,315.0,0.0,0.0,-99.94189279999995,-99.9082568,1,1
0.1,100.0,1440,1,30,30,0,0,200,5.3,12,0,5,0.1,3,inc_every3,58.09399999999425,105.89400000000285,-64.30881191444291,-74.16264587591007,99.81931843982008,99.39969387755112,58.09399999999425,105.89399999999864,4323.0,1118.0,0.0,0.0,0.0,0.0,2.0,2.0,12.0,12.0,27.0,4.0,0.0,0.0,-99.941906,-99.89410600000001,1,1
0.1,100.0,1440,1,30,30,0,0,75,15.0,5,25,5,0.1,3,inc_every3,58.031499999999824,6858.100000004219,-64.31649939832838,-10.616347694646722,99.47118135923755,38.19862053061882,58.03149999999732,6433.400000003978,1482.0,621.0,0.0,0.0,29.0,11.0,1.0,0.0,5.0,5.0,447.0,189.0,0.0,0.0,-99.9419685,-37.013588755884356,1,0
0.1,100.0,1440,1,30,30,0,0,75,15.0,5,25,99,0.0,1,flat,58.031499999999824,6858.100000004219,-64.31649939832838,-10.616347694646722,99.47118135923755,38.19862053061882,58.03149999999732,6433.400000003978,1482.0,621.0,0.0,0.0,29.0,11.0,1.0,0.0,5.0,5.0,447.0,189.0,0.0,0.0,-99.9419685,-37.013588755884356,1,0
0.1,100.0,1440,1,30,30,0,0,200,15.0,18,0,99,0.0,1,flat,57.9370000000028,47.872400000008156,-64.32813546027506,-79.59917338403996,99.68476007552226,99.71178740645755,57.937000000002,47.8723999999998,835.0,347.0,0.0,0.0,0.0,0.0,2.0,2.0,18.0,18.0,12.0,2.0,0.0,0.0,-99.942063,-99.9521276,1,1
0.1,100.0,1440,1,30,30,0,0,200,10.0,8,25,5,0.1,3,inc_every3,64.92399999999509,4283.200000010562,-63.50599479502144,-22.299663741910603,99.43954071264046,84.44895834218302,57.91450000001086,1822.1000000049573,1649.0,3207.0,0.0,0.0,16.0,27.0,2.0,0.0,8.0,8.0,62.0,107.0,0.0,0.0,-99.94208549999999,-98.17789999999505,1,1
0.1,100.0,1440,1,30,30,0,0,200,25.0,5,15,5,0.1,3,inc_every3,57.77549999999246,9614.000000002767,-64.3480566179641,-1.164567649498005,99.45785320171179,30.463376144840193,57.77549999999246,9110.100000000686,1534.0,736.0,0.0,0.0,64.0,28.0,1.0,0.0,5.0,5.0,301.0,154.0,0.0,0.0,-99.94222450000001,-12.091319939178392,1,0
0.1,100.0,1440,1,30,30,0,0,200,25.0,5,15,99,0.0,1,flat,57.77549999999246,9614.000000002767,-64.3480566179641,-1.164567649498005,99.45785320171179,30.463376144840193,57.77549999999246,9110.100000000686,1534.0,736.0,0.0,0.0,64.0,28.0,1.0,0.0,5.0,5.0,301.0,154.0,0.0,0.0,-99.94222450000001,-12.091319939178392,1,0
0.1,100.0,1440,1,30,30,0,0,400,25.0,5,10,99,0.0,1,flat,57.74650000000304,8550.50000000206,-64.35163850780347,-4.5530030398487575,99.45605301331926,38.79814425769826,57.746500000002015,6991.700000001012,1704.0,904.0,0.0,0.0,81.0,40.0,1.0,0.0,5.0,5.0,157.0,98.0,0.0,0.0,-99.94225349999999,-32.149291555245284,1,0
0.1,100.0,1440,1,30,30,0,0,400,25.0,5,10,5,0.1,3,inc_every3,57.74650000000304,8550.50000000206,-64.35163850780347,-4.5530030398487575,99.45605301331926,38.79814425769826,57.746500000002015,6991.700000001012,1704.0,904.0,0.0,0.0,81.0,40.0,1.0,0.0,5.0,5.0,157.0,98.0,0.0,0.0,-99.94225349999999,-32.149291555245284,1,0
0.1,100.0,1440,1,30,30,0,0,75,5.3,18,15,5,0.1,3,inc_every3,66.31899999999976,97.27020000000044,-63.3504062512928,-74.80757471722018,99.43676362890649,99.26685670923466,57.68160000005739,73.42650000002152,944.0,882.0,0.0,0.0,14.0,13.0,3.0,3.0,15.0,15.0,0.0,0.0,0.0,0.0,-99.94231839999995,-99.92657349999998,1,1
0.1,100.0,1440,1,30,30,0,0,200,10.0,5,15,99,0.0,1,flat,57.362499999998136,5785.1000000044405,-64.39920386415375,-15.029281696515827,99.43315447250882,50.1184329835474,57.36249999999745,5391.100000004367,3317.0,2263.0,0.0,0.0,44.0,28.0,1.0,0.0,5.0,5.0,262.0,182.0,0.0,0.0,-99.9426375,-65.26614766361062,1,0
0.1,100.0,1440,1,30,30,0,0,200,10.0,5,15,5,0.1,3,inc_every3,57.362499999998136,5785.1000000044405,-64.39920386415375,-15.029281696515827,99.43315447250882,50.1184329835474,57.36249999999745,5391.100000004367,3317.0,2263.0,0.0,0.0,44.0,28.0,1.0,0.0,5.0,5.0,262.0,182.0,0.0,0.0,-99.9426375,-65.26614766361062,1,0
0.1,100.0,1440,1,30,30,0,0,200,10.0,5,25,5,0.1,3,inc_every3,57.306999999996606,7560.500000002975,-64.40609959450913,-7.984819487848394,99.49040966769533,30.26844804367453,57.306999999991376,7301.80000000297,2373.0,1391.0,0.0,0.0,20.0,10.0,1.0,0.0,5.0,5.0,181.0,114.0,0.0,0.0,-99.942693,-18.52171557519745,1,0
0.1,100.0,1440,1,30,30,0,0,200,10.0,5,25,99,0.0,1,flat,57.306999999996606,7560.500000002975,-64.40609959450913,-7.984819487848394,99.49040966769533,30.26844804367453,57.306999999991376,7301.80000000297,2373.0,1391.0,0.0,0.0,20.0,10.0,1.0,0.0,5.0,5.0,181.0,114.0,0.0,0.0,-99.942693,-18.52171557519745,1,0
0.1,100.0,1440,1,30,30,0,0,300,10.0,3,6,99,0.0,1,flat,57.100000003059904,7456.000000001113,-64.43186601455422,-8.365134703415379,99.43359355622844,31.215991752095718,57.1000000030549,7205.400000001093,3775.0,2420.0,0.0,0.0,103.0,59.0,0.0,0.0,3.0,3.0,499.0,318.0,0.0,0.0,-99.94289999999694,-20.797118207606815,1,0
0.1,100.0,1440,1,30,30,0,0,300,10.0,3,6,5,0.1,3,inc_every3,57.100000003059904,7456.000000001113,-64.43186601455422,-8.365134703415379,99.43359355622844,31.215991752095718,57.1000000030549,7205.400000001093,3775.0,2420.0,0.0,0.0,103.0,59.0,0.0,0.0,3.0,3.0,499.0,318.0,0.0,0.0,-99.94289999999694,-20.797118207606815,1,0
0.1,100.0,1440,1,30,30,0,0,100,10.0,5,15,99,0.0,1,flat,57.349999999999795,4208.200000001368,-64.40075649080306,-22.707047631894984,99.44230111831432,62.7311981020051,57.10000000138905,3927.200000001283,3067.0,2143.0,0.0,0.0,53.0,35.0,1.0,0.0,5.0,5.0,533.0,330.0,0.0,0.0,-99.94289999999862,-98.16944383590518,1,0
0.1,100.0,1440,1,30,30,0,0,100,10.0,5,15,5,0.1,3,inc_every3,57.349999999999795,4208.200000001368,-64.40075649080306,-22.707047631894984,99.44230111831432,62.7311981020051,57.10000000138905,3927.200000001283,3067.0,2143.0,0.0,0.0,53.0,35.0,1.0,0.0,5.0,5.0,533.0,330.0,0.0,0.0,-99.94289999999862,-98.16944383590518,1,0
0.1,100.0,1440,1,30,30,0,0,200,15.0,5,15,99,0.0,1,flat,57.02899999999022,5374.300000003508,-64.44072098167986,-16.871465568063382,99.54341734452086,51.810191633415606,57.02899999999022,5016.80000000347,2850.0,1345.0,0.0,0.0,61.0,28.0,1.0,0.0,5.0,5.0,329.0,169.0,0.0,0.0,-99.94297100000001,-70.4918488348946,1,0
0.1,100.0,1440,1,30,30,0,0,200,15.0,5,15,5,0.1,3,inc_every3,57.02899999999022,5374.300000003508,-64.44072098167986,-16.871465568063382,99.54341734452086,51.810191633415606,57.02899999999022,5016.80000000347,2850.0,1345.0,0.0,0.0,61.0,28.0,1.0,0.0,5.0,5.0,329.0,169.0,0.0,0.0,-99.94297100000001,-70.4918488348946,1,0
0.1,100.0,1440,1,30,30,0,0,100,5.3,5,25,99,0.0,1,flat,57.01949999999874,4976.400000002204,-64.44190646995247,-18.75267033932031,99.44356019205249,55.83197309679899,57.01949999999874,4491.8000000019265,4121.0,2478.0,0.0,0.0,20.0,11.0,1.0,0.0,5.0,5.0,399.0,227.0,0.0,0.0,-99.9429805,-80.41661653291828,1,0
0.1,100.0,1440,1,30,30,0,0,100,5.3,5,25,5,0.1,3,inc_every3,57.01949999999874,4976.400000002204,-64.44190646995247,-18.75267033932031,99.44356019205249,55.83197309679899,57.01949999999874,4491.8000000019265,4121.0,2478.0,0.0,0.0,20.0,11.0,1.0,0.0,5.0,5.0,399.0,227.0,0.0,0.0,-99.9429805,-80.41661653291828,1,0
0.1,100.0,1440,1,30,30,0,0,100,25.0,18,0,5,0.1,3,inc_every3,57.01099999999627,73.85140000000143,-64.44296730391213,-76.79008487119872,99.50669723976812,99.45873808110343,57.01099999999627,73.85140000000143,48.0,92.0,0.0,0.0,0.0,0.0,5.0,5.0,18.0,18.0,1.0,1.0,0.0,0.0,-99.942989,-99.9261486,1,1
0.1,100.0,1440,1,30,30,0,0,150,25.0,18,2,5,0.1,3,inc_every3,72.80000001002446,1179.800000006182,-62.66014295339255,-47.05902365487129,99.44937112376607,92.39866485060462,57.00000000998415,792.5000000056766,1921.0,1160.0,0.0,0.0,556.0,340.0,0.0,0.0,6.0,6.0,0.0,0.0,0.0,0.0,-99.94299999999002,-99.20749999999433,1,1
0.1,100.0,1440,1,30,30,0,0,150,25.0,8,2,5,0.1,3,inc_every3,72.80000001002446,1179.800000006182,-62.66014295339255,-47.05902365487129,99.44937112376607,92.39866485060462,57.00000000998415,792.5000000056766,1921.0,1160.0,0.0,0.0,556.0,340.0,0.0,0.0,6.0,6.0,0.0,0.0,0.0,0.0,-99.94299999999002,-99.20749999999433,1,1
0.1,100.0,1440,1,30,30,0,0,150,25.0,12,2,5,0.1,3,inc_every3,72.80000001002446,1179.800000006182,-62.66014295339255,-47.05902365487129,99.44937112376607,92.39866485060462,57.00000000998415,792.5000000056766,1921.0,1160.0,0.0,0.0,556.0,340.0,0.0,0.0,6.0,6.0,0.0,0.0,0.0,0.0,-99.94299999999002,-99.20749999999433,1,1
0.1,100.0,1440,1,30,30,0,0,150,15.0,5,25,99,0.0,1,flat,56.96250000000646,8437.000000004064,-64.44902271921403,-4.931794882396079,99.5124075532425,36.67625071878343,56.96250000000646,6607.200000002433,1831.0,856.0,0.0,0.0,28.0,11.0,1.0,0.0,5.0,5.0,308.0,145.0,0.0,0.0,-99.94303749999999,-28.284296319962937,1,0
0.1,100.0,1440,1,30,30,0,0,150,15.0,5,25,5,0.1,3,inc_every3,56.96250000000646,8437.000000004064,-64.44902271921403,-4.931794882396079,99.5124075532425,36.67625071878343,56.96250000000646,6607.200000002433,1831.0,856.0,0.0,0.0,28.0,11.0,1.0,0.0,5.0,5.0,308.0,145.0,0.0,0.0,-99.94303749999999,-28.284296319962937,1,0
0.1,100.0,1440,1,30,30,0,0,75,25.0,8,15,99,0.0,1,flat,56.83650000000699,8073.200000014966,-64.46477361006751,-6.170590360884754,99.53135744852798,45.52375817796606,56.83650000000699,7477.300000014848,1913.0,1006.0,0.0,0.0,138.0,69.0,1.0,0.0,8.0,8.0,558.0,293.0,0.0,0.0,-99.9431635,-47.21810671681687,1,0
0.1,100.0,1440,1,30,30,0,0,75,25.0,5,2,5,0.1,3,inc_every3,56.76150000000223,2973.800000009652,-64.47416240547338,-30.294037008046292,99.45950694166719,73.40713781099818,56.7614999999974,2973.800000009648,1124.0,1090.0,0.0,0.0,442.0,424.0,1.0,0.0,5.0,5.0,718.0,711.0,0.0,0.0,-99.9432385,-127.10831263004265,1,0
0.1,100.0,1440,1,30,30,0,0,75,25.0,5,2,99,0.0,1,flat,56.76150000000223,2973.800000009652,-64.47416240547338,-30.294037008046292,99.45950694166719,73.40713781099818,56.7614999999974,2973.800000009648,1124.0,1090.0,0.0,0.0,442.0,424.0,1.0,0.0,5.0,5.0,718.0,711.0,0.0,0.0,-99.9432385,-127.10831263004265,1,0
0.1,100.0,1440,1,30,30,0,0,150,5.3,5,6,5,0.1,3,inc_every3,394.7000000069521,56.269999999999186,-47.62947903265361,-78.59401716291295,99.44030773179587,99.50001332823902,56.60000000668029,56.269999999999186,2933.0,4885.0,0.0,0.0,56.0,83.0,0.0,1.0,5.0,5.0,178.0,285.0,0.0,0.0,-99.94339999999332,-99.94373,1,1
0.1,100.0,1440,1,30,30,0,0,150,5.3,5,6,99,0.0,1,flat,394.7000000069521,56.269999999999186,-47.62947903265361,-78.59401716291295,99.44030773179587,99.50001332823902,56.60000000668029,56.269999999999186,2933.0,4885.0,0.0,0.0,56.0,83.0,0.0,1.0,5.0,5.0,178.0,285.0,0.0,0.0,-99.94339999999332,-99.94373,1,1
0.1,100.0,1440,1,30,30,0,0,150,5.3,8,25,99,0.0,1,flat,83.84000000000822,9035.900000016467,-61.59003568756511,-2.9717662041954584,99.44063998734245,45.178249388065126,56.566400000019286,6809.3000000081975,2779.0,5231.0,0.0,0.0,13.0,19.0,2.0,0.0,8.0,8.0,62.0,146.0,0.0,0.0,-99.94343359999998,-43.32826498032571,1,0
0.1,100.0,1440,1,30,30,0,0,100,25.0,5,15,5,0.1,3,inc_every3,56.528000000001384,5778.800000000241,-64.503456533424,-15.056828032786774,99.49950417906221,48.56098459445726,56.527999999998656,5445.900000000247,1344.0,644.0,0.0,0.0,72.0,34.0,1.0,0.0,5.0,5.0,486.0,227.0,0.0,0.0,-99.943472,-62.178797221701295,1,0
0.1,100.0,1440,1,30,30,0,0,100,25.0,5,15,99,0.0,1,flat,56.528000000001384,5778.800000000241,-64.503456533424,-15.056828032786774,99.49950417906221,48.56098459445726,56.527999999998656,5445.900000000247,1344.0,644.0,0.0,0.0,72.0,34.0,1.0,0.0,5.0,5.0,486.0,227.0,0.0,0.0,-99.943472,-62.178797221701295,1,0
0.1,100.0,1440,1,30,30,0,0,400,25.0,5,15,99,0.0,1,flat,56.4365000000023,10947.10000000189,-64.5149622163481,2.729337201998905,99.43953026466062,26.176871699823927,56.43649999999866,8257.60000000066,1108.0,781.0,0.0,0.0,38.0,22.0,1.0,0.0,5.0,5.0,95.0,79.0,0.0,0.0,-99.9435635,0.3755938023510508,1,0
0.1,100.0,1440,1,30,30,0,0,400,25.0,5,15,5,0.1,3,inc_every3,56.4365000000023,10947.10000000189,-64.5149622163481,2.729337201998905,99.43953026466062,26.176871699823927,56.43649999999866,8257.60000000066,1108.0,781.0,0.0,0.0,38.0,22.0,1.0,0.0,5.0,5.0,95.0,79.0,0.0,0.0,-99.9435635,0.3755938023510508,1,0
0.1,100.0,1440,1,30,30,0,0,150,25.0,5,15,99,0.0,1,flat,56.43600000000606,6579.900000004365,-64.51502512990947,-11.711055462505815,99.45718435302852,44.2405057599097,56.43600000000151,6200.400000004276,1450.0,674.0,0.0,0.0,67.0,30.0,1.0,0.0,5.0,5.0,368.0,180.0,0.0,0.0,-99.943564,-50.192066982325215,1,0
0.1,100.0,1440,1,30,30,0,0,150,25.0,5,15,5,0.1,3,inc_every3,56.43600000000606,6579.900000004365,-64.51502512990947,-11.711055462505815,99.45718435302852,44.2405057599097,56.43600000000151,6200.400000004276,1450.0,674.0,0.0,0.0,67.0,30.0,1.0,0.0,5.0,5.0,368.0,180.0,0.0,0.0,-99.943564,-50.192066982325215,1,0
0.1,100.0,1440,1,30,30,0,0,75,10.0,5,25,99,0.0,1,flat,56.19799999999816,7034.20000000552,-64.54502272867413,-9.939432005104742,99.45849954712774,39.07515845539972,56.19799999999816,6565.2000000051075,2312.0,1070.0,0.0,0.0,27.0,11.0,1.0,0.0,5.0,5.0,504.0,236.0,0.0,0.0,-99.943802,-38.08974891590419,1,0
0.1,100.0,1440,1,30,30,0,0,75,10.0,5,25,5,0.1,3,inc_every3,56.19799999999816,7034.20000000552,-64.54502272867413,-9.939432005104742,99.45849954712774,39.07515845539972,56.19799999999816,6565.2000000051075,2312.0,1070.0,0.0,0.0,27.0,11.0,1.0,0.0,5.0,5.0,504.0,236.0,0.0,0.0,-99.943802,-38.08974891590419,1,0
0.1,100.0,1440,1,30,30,0,0,200,15.0,5,25,99,0.0,1,flat,56.192500000005,8972.40000000257,-64.54571715083306,-3.1751770017076852,99.54309468634386,26.01755557674566,56.192500000005,7754.100000001576,1808.0,875.0,0.0,0.0,25.0,10.0,1.0,0.0,5.0,5.0,198.0,112.0,0.0,0.0,-99.94380749999999,-5.210288155199007,1,0
0.1,100.0,1440,1,30,30,0,0,200,15.0,5,25,5,0.1,3,inc_every3,56.192500000005,8972.40000000257,-64.54571715083306,-3.1751770017076852,99.54309468634386,26.01755557674566,56.192500000005,7754.100000001576,1808.0,875.0,0.0,0.0,25.0,10.0,1.0,0.0,5.0,5.0,198.0,112.0,0.0,0.0,-99.94380749999999,-5.210288155199007,1,0
0.1,100.0,1440,1,30,30,0,0,100,5.3,18,0,99,0.0,1,flat,56.15600000000143,68.42040000000111,-64.55032696690401,-77.31169724817518,99.75200713648526,99.35046801723975,56.15600000000143,68.42040000000111,3089.0,699.0,0.0,0.0,0.0,0.0,2.0,2.0,18.0,18.0,33.0,4.0,0.0,0.0,-99.943844,-99.93157959999999,1,1
0.1,100.0,1440,1,30,30,0,0,75,15.0,5,15,5,0.1,3,inc_every3,56.12499999999818,3654.000000007265,-64.55424403569096,-25.88772022861512,99.462316660759,68.16523249227403,56.1249999999971,3263.0000000071213,2088.0,1155.0,0.0,0.0,67.0,36.0,1.0,0.0,5.0,5.0,662.0,333.0,0.0,0.0,-99.943875,-112.21818521316318,1,0
0.1,100.0,1440,1,30,30,0,0,75,15.0,5,15,99,0.0,1,flat,56.12499999999818,3654.000000007265,-64.55424403569096,-25.88772022861512,99.462316660759,68.16523249227403,56.1249999999971,3263.0000000071213,2088.0,1155.0,0.0,0.0,67.0,36.0,1.0,0.0,5.0,5.0,662.0,333.0,0.0,0.0,-99.943875,-112.21818521316318,1,0
0.1,100.0,1440,1,30,30,0,0,100,25.0,18,0,99,0.0,1,flat,56.086499999997216,35.56290000000854,-64.55911119239892,-81.32613589398782,99.5456780423002,99.67314111872945,56.086499999997216,35.56289999999865,304.0,140.0,0.0,0.0,0.0,0.0,2.0,3.0,18.0,18.0,17.0,4.0,0.0,0.0,-99.94391350000001,-99.9644371,1,1
0.1,100.0,1440,1,30,30,0,0,75,10.0,12,4,5,0.1,3,inc_every3,55.92299999999642,61.192499999992265,-64.57981062692008,-78.05309458177531,99.45821021323596,99.4344291840735,55.92299999999642,61.192499999992265,1259.0,1378.0,0.0,0.0,112.0,120.0,2.0,1.0,9.0,9.0,0.0,0.0,0.0,0.0,-99.94407700000001,-99.93880750000001,1,1
0.1,100.0,1440,1,30,30,0,0,75,10.0,18,4,5,0.1,3,inc_every3,55.92299999999642,61.192499999992265,-64.57981062692008,-78.05309458177531,99.45821021323596,99.4344291840735,55.92299999999642,61.192499999992265,1259.0,1378.0,0.0,0.0,112.0,120.0,2.0,1.0,9.0,9.0,0.0,0.0,0.0,0.0,-99.94407700000001,-99.93880750000001,1,1
0.1,100.0,1440,1,30,30,0,0,75,25.0,5,15,99,0.0,1,flat,55.90399999999772,7362.50000000519,-64.5822192041134,-8.708603571323614,99.49995527648092,34.45863831598896,55.90399999999772,7064.900000004941,1296.0,627.0,0.0,0.0,77.0,35.0,1.0,0.0,5.0,5.0,604.0,271.0,0.0,0.0,-99.944096,-27.62588020330154,1,0
0.1,100.0,1440,1,30,30,0,0,75,25.0,5,15,5,0.1,3,inc_every3,55.90399999999772,7362.50000000519,-64.5822192041134,-8.708603571323614,99.49995527648092,34.45863831598896,55.90399999999772,7064.900000004941,1296.0,627.0,0.0,0.0,77.0,35.0,1.0,0.0,5.0,5.0,604.0,271.0,0.0,0.0,-99.944096,-27.62588020330154,1,0
0.1,100.0,1440,1,30,30,0,0,100,10.0,18,0,99,0.0,1,flat,55.841499999995165,46.89480000001214,-64.59014677771951,-79.72404463805309,99.71390035966434,99.57467348715709,55.841499999995165,46.89480000000927,1244.0,433.0,0.0,0.0,0.0,0.0,2.0,3.0,18.0,18.0,24.0,4.0,0.0,0.0,-99.9441585,-99.9531052,1,1
0.1,100.0,1440,1,30,30,0,0,100,25.0,18,2,5,0.1,3,inc_every3,55.64959999999445,1813.600000001437,-64.61453203114178,-39.83286361814095,99.46229153380878,88.09589704558375,55.64959999999445,1376.4000000014357,933.0,1107.0,0.0,0.0,353.0,409.0,1.0,0.0,7.0,7.0,0.0,0.0,0.0,0.0,-99.9443504,-98.62359999999856,1,1
0.1,100.0,1440,1,30,30,0,0,100,25.0,12,2,5,0.1,3,inc_every3,55.64959999999445,1813.600000001437,-64.61453203114178,-39.83286361814095,99.46229153380878,88.09589704558375,55.64959999999445,1376.4000000014357,933.0,1107.0,0.0,0.0,353.0,409.0,1.0,0.0,7.0,7.0,0.0,0.0,0.0,0.0,-99.9443504,-98.62359999999856,1,1
0.1,100.0,1440,1,30,30,0,0,100,25.0,8,2,5,0.1,3,inc_every3,55.64959999999445,1813.600000001437,-64.61453203114178,-39.83286361814095,99.46229153380878,88.09589704558375,55.64959999999445,1376.4000000014357,933.0,1107.0,0.0,0.0,353.0,409.0,1.0,0.0,7.0,7.0,0.0,0.0,0.0,0.0,-99.9443504,-98.62359999999856,1,1
0.1,100.0,1440,1,30,30,0,0,150,10.0,5,25,5,0.1,3,inc_every3,55.63699999999426,7427.400000004838,-64.61613549916184,-8.469873007700624,99.46929489869903,35.261857522538804,55.63699999999426,6917.400000002083,2655.0,1407.0,0.0,0.0,24.0,11.0,1.0,0.0,5.0,5.0,290.0,140.0,0.0,0.0,-99.94436300000001,-28.993588052778232,1,0
0.1,100.0,1440,1,30,30,0,0,150,10.0,5,25,99,0.0,1,flat,55.63699999999426,7427.400000004838,-64.61613549916184,-8.469873007700624,99.46929489869903,35.261857522538804,55.63699999999426,6917.400000002083,2655.0,1407.0,0.0,0.0,24.0,11.0,1.0,0.0,5.0,5.0,290.0,140.0,0.0,0.0,-99.94436300000001,-28.993588052778232,1,0
0.1,100.0,1440,1,30,30,0,0,300,15.0,5,6,99,0.0,1,flat,55.438499999991336,54.54150000000038,-64.64143489674774,-78.79183668515961,99.48142760930173,99.48661508485583,55.438499999991336,54.54150000000038,3296.0,1982.0,0.0,0.0,147.0,92.0,1.0,1.0,5.0,5.0,253.0,160.0,0.0,0.0,-99.9445615,-99.9454585,1,1
0.1,100.0,1440,1,30,30,0,0,300,15.0,5,6,5,0.1,3,inc_every3,55.438499999991336,54.54150000000038,-64.64143489674774,-78.79183668515961,99.48142760930173,99.48661508485583,55.438499999991336,54.54150000000038,3296.0,1982.0,0.0,0.0,147.0,92.0,1.0,1.0,5.0,5.0,253.0,160.0,0.0,0.0,-99.9445615,-99.9454585,1,1
0.1,100.0,1440,1,30,30,0,0,150,25.0,5,6,5,0.1,3,inc_every3,55.4220000000048,2865.1000000066397,-64.64354112938278,-31.062182232900614,99.45612984897399,77.77013141267287,55.4220000000048,2358.100000006558,1695.0,1172.0,0.0,0.0,186.0,129.0,1.0,0.0,5.0,5.0,471.0,327.0,0.0,0.0,-99.94457799999999,-136.60244505824636,1,0
0.1,100.0,1440,1,30,30,0,0,150,25.0,5,6,99,0.0,1,flat,55.4220000000048,2865.1000000066397,-64.64354112938278,-31.062182232900614,99.45612984897399,77.77013141267287,55.4220000000048,2358.100000006558,1695.0,1172.0,0.0,0.0,186.0,129.0,1.0,0.0,5.0,5.0,471.0,327.0,0.0,0.0,-99.94457799999999,-136.60244505824636,1,0
0.1,100.0,1440,1,30,30,0,0,200,25.0,5,6,5,0.1,3,inc_every3,55.33100000000388,3348.6000000039858,-64.65516634111323,-27.78782043120682,99.471002715209,75.74556922663851,55.33100000000246,2730.2000000038884,2099.0,1198.0,0.0,0.0,204.0,117.0,1.0,0.0,5.0,5.0,437.0,252.0,0.0,0.0,-99.944669,-129.27895888448384,1,0
0.1,100.0,1440,1,30,30,0,0,200,25.0,5,6,99,0.0,1,flat,55.33100000000388,3348.6000000039858,-64.65516634111323,-27.78782043120682,99.471002715209,75.74556922663851,55.33100000000246,2730.2000000038884,2099.0,1198.0,0.0,0.0,204.0,117.0,1.0,0.0,5.0,5.0,437.0,252.0,0.0,0.0,-99.944669,-129.27895888448384,1,0
0.1,100.0,1440,1,30,30,0,0,400,25.0,18,10,5,0.1,3,inc_every3,55.327000000006365,8426.800000002813,-64.65567769021993,-4.966010990272629,99.49927597878619,38.602982397122645,55.32700000000125,6571.200000001282,1748.0,1014.0,0.0,0.0,86.0,46.0,1.0,0.0,7.0,7.0,0.0,0.0,0.0,0.0,-99.944673,-32.17197578451792,1,0
0.1,100.0,1440,1,30,30,0,0,400,25.0,8,10,5,0.1,3,inc_every3,55.327000000006365,8426.800000002813,-64.65567769021993,-4.966010990272629,99.49927597878619,38.602982397122645,55.32700000000125,6571.200000001282,1748.0,1014.0,0.0,0.0,86.0,46.0,1.0,0.0,7.0,7.0,0.0,0.0,0.0,0.0,-99.944673,-32.17197578451792,1,0
0.1,100.0,1440,1,30,30,0,0,400,25.0,12,10,5,0.1,3,inc_every3,55.327000000006365,8426.800000002813,-64.65567769021993,-4.966010990272629,99.49927597878619,38.602982397122645,55.32700000000125,6571.200000001282,1748.0,1014.0,0.0,0.0,86.0,46.0,1.0,0.0,7.0,7.0,0.0,0.0,0.0,0.0,-99.944673,-32.17197578451792,1,0
0.1,100.0,1440,1,30,30,0,0,150,15.0,5,15,99,0.0,1,flat,55.02999999999838,5259.100000005576,-64.69372823847783,-17.405755171151547,99.49481318277807,51.926713368880165,55.02999999999838,4906.600000005492,2194.0,1336.0,0.0,0.0,54.0,31.0,1.0,0.0,5.0,5.0,363.0,209.0,0.0,0.0,-99.94497,-71.25918190891187,1,0
0.1,100.0,1440,1,30,30,0,0,150,15.0,5,15,5,0.1,3,inc_every3,55.02999999999838,5259.100000005576,-64.69372823847783,-17.405755171151547,99.49481318277807,51.926713368880165,55.02999999999838,4906.600000005492,2194.0,1336.0,0.0,0.0,54.0,31.0,1.0,0.0,5.0,5.0,363.0,209.0,0.0,0.0,-99.94497,-71.25918190891187,1,0
0.1,100.0,1440,1,30,30,0,0,100,25.0,5,10,5,0.1,3,inc_every3,55.0120000000029,6719.000000000741,-64.69603960704995,-11.159721478704288,99.46303562713517,39.90433262808692,55.0120000000029,6533.000000000742,1528.0,877.0,0.0,0.0,121.0,66.0,1.0,0.0,5.0,5.0,583.0,324.0,0.0,0.0,-99.944988,-40.96838673487812,1,0
0.1,100.0,1440,1,30,30,0,0,100,25.0,5,10,99,0.0,1,flat,55.0120000000029,6719.000000000741,-64.69603960704995,-11.159721478704288,99.46303562713517,39.90433262808692,55.0120000000029,6533.000000000742,1528.0,877.0,0.0,0.0,121.0,66.0,1.0,0.0,5.0,5.0,583.0,324.0,0.0,0.0,-99.944988,-40.96838673487812,1,0
0.1,100.0,1440,1,30,30,0,0,75,10.0,5,15,5,0.1,3,inc_every3,54.9509999999982,3895.9000000099977,-64.7038770797744,-24.460434397290555,99.4666090737901,66.43049013110281,54.9509999999982,3449.2000000095695,3180.0,1966.0,0.0,0.0,60.0,36.0,1.0,0.0,5.0,5.0,715.0,423.0,0.0,0.0,-99.945049,-107.32141465949618,1,0
0.1,100.0,1440,1,30,30,0,0,75,10.0,5,15,99,0.0,1,flat,54.9509999999982,3895.9000000099977,-64.7038770797744,-24.460434397290555,99.4666090737901,66.43049013110281,54.9509999999982,3449.2000000095695,3180.0,1966.0,0.0,0.0,60.0,36.0,1.0,0.0,5.0,5.0,715.0,423.0,0.0,0.0,-99.945049,-107.32141465949618,1,0
0.1,100.0,1440,1,30,30,0,0,400,25.0,8,25,5,0.1,3,inc_every3,54.702800000003606,17292.90000000337,-64.73583854317144,17.7020122048156,99.54555967235457,43.26490478480754,54.702799999996785,8020.300000000752,869.0,898.0,0.0,0.0,20.0,15.0,2.0,0.0,8.0,8.0,37.0,32.0,0.0,0.0,-99.9452972,-18.827797364799483,1,0
0.1,100.0,1440,1,30,30,0,0,150,10.0,5,6,5,0.1,3,inc_every3,54.684500000001435,80.7000000074853,-64.73819967773726,-76.1694177138528,99.47595112601824,99.3998739460574,54.68449999999774,65.70000000747945,4179.0,2478.0,0.0,0.0,147.0,91.0,1.0,0.0,5.0,5.0,476.0,259.0,0.0,0.0,-99.9453155,-99.93429999999252,1,1
0.1,100.0,1440,1,30,30,0,0,150,10.0,5,6,99,0.0,1,flat,54.684500000001435,80.7000000074853,-64.73819967773726,-76.1694177138528,99.47595112601824,99.3998739460574,54.68449999999774,65.70000000747945,4179.0,2478.0,0.0,0.0,147.0,91.0,1.0,0.0,5.0,5.0,476.0,259.0,0.0,0.0,-99.9453155,-99.93429999999252,1,1
0.1,100.0,1440,1,30,30,0,0,100,15.0,5,15,99,0.0,1,flat,54.5404999999962,5544.400000000881,-64.75680118442413,-16.09707083102515,99.46989901542473,48.78097982708153,54.5404999999962,5331.900000000886,2231.0,1279.0,0.0,0.0,63.0,35.0,1.0,0.0,5.0,5.0,537.0,297.0,0.0,0.0,-99.9454595,-63.65903048518821,1,0
0.1,100.0,1440,1,30,30,0,0,100,15.0,5,15,5,0.1,3,inc_every3,54.5404999999962,5544.400000000881,-64.75680118442413,-16.09707083102515,99.46989901542473,48.78097982708153,54.5404999999962,5331.900000000886,2231.0,1279.0,0.0,0.0,63.0,35.0,1.0,0.0,5.0,5.0,537.0,297.0,0.0,0.0,-99.9454595,-63.65903048518821,1,0
0.1,100.0,1440,1,30,30,0,0,150,25.0,8,15,99,0.0,1,flat,54.49000000000325,13425.200000011348,-64.76333393380959,9.160676714791105,99.49361559764331,21.86871114046384,54.49000000000052,8877.300000000243,1125.0,1084.0,0.0,0.0,60.0,51.0,2.0,0.0,8.0,8.0,162.0,165.0,0.0,0.0,-99.94551,9.160676714791105,1,0
0.1,100.0,1440,1,30,30,0,0,100,15.0,8,10,99,0.0,1,flat,54.43900000000525,78.01639999999213,-64.76993628068874,-76.40804340927487,99.49948973493795,99.2516699599057,54.43900000000525,78.01639999999213,2155.0,2079.0,0.0,0.0,103.0,98.0,2.0,1.0,8.0,8.0,291.0,259.0,0.0,0.0,-99.945561,-99.9219836,1,1
0.1,100.0,1440,1,30,30,0,0,300,10.0,5,10,99,0.0,1,flat,54.26900000000944,7616.600000001097,-64.79197989579204,-7.782171631836643,99.46464437210216,35.40399051757571,54.2690000000033,6539.700000000628,3830.0,2779.0,0.0,0.0,66.0,43.0,1.0,0.0,5.0,5.0,185.0,144.0,0.0,0.0,-99.945731,-28.590152666988057,1,0
0.1,100.0,1440,1,30,30,0,0,300,10.0,5,10,5,0.1,3,inc_every3,54.26900000000944,7616.600000001097,-64.79197989579204,-7.782171631836643,99.46464437210216,35.40399051757571,54.2690000000033,6539.700000000628,3830.0,2779.0,0.0,0.0,66.0,43.0,1.0,0.0,5.0,5.0,185.0,144.0,0.0,0.0,-99.945731,-28.590152666988057,1,0
0.1,100.0,1440,1,30,30,0,0,200,25.0,5,25,5,0.1,3,inc_every3,54.25449999999273,11424.600000001989,-64.79386264178228,4.042822675659585,99.51978243744422,15.930654905300099,54.25449999999273,9073.100000000644,1113.0,472.0,0.0,0.0,29.0,10.0,1.0,0.0,5.0,5.0,213.0,106.0,0.0,0.0,-99.9457455,4.042822675659585,1,0
0.1,100.0,1440,1,30,30,0,0,200,25.0,5,25,99,0.0,1,flat,54.25449999999273,11424.600000001989,-64.79386264178228,4.042822675659585,99.51978243744422,15.930654905300099,54.25449999999273,9073.100000000644,1113.0,472.0,0.0,0.0,29.0,10.0,1.0,0.0,5.0,5.0,213.0,106.0,0.0,0.0,-99.9457455,4.042822675659585,1,0
0.1,100.0,1440,1,30,30,0,0,300,15.0,5,25,99,0.0,1,flat,54.23099999999613,6882.500000000393,-64.79691484364645,-10.521832661749608,99.51241200111495,49.16268172302939,54.230999999992946,5294.300000000372,1537.0,923.0,0.0,0.0,19.0,10.0,1.0,0.0,5.0,5.0,108.0,69.0,0.0,0.0,-99.94576900000001,-58.84719610780838,1,0
0.1,100.0,1440,1,30,30,0,0,300,15.0,5,25,5,0.1,3,inc_every3,54.23099999999613,6882.500000000393,-64.79691484364645,-10.521832661749608,99.51241200111495,49.16268172302939,54.230999999992946,5294.300000000372,1537.0,923.0,0.0,0.0,19.0,10.0,1.0,0.0,5.0,5.0,108.0,69.0,0.0,0.0,-99.94576900000001,-58.84719610780838,1,0
0.1,100.0,1440,1,30,30,0,0,400,25.0,8,15,99,0.0,1,flat,54.229999999997176,7289.400000002359,-64.79704474804204,-8.979274094324063,99.57665555546892,51.99452107462713,54.22999999999172,5993.100000002299,1362.0,875.0,0.0,0.0,47.0,28.0,1.0,0.0,8.0,8.0,60.0,36.0,0.0,0.0,-99.94577000000001,-62.96831624357832,1,0
0.1,100.0,1440,1,30,30,0,0,300,10.0,12,6,99,0.0,1,flat,54.21320000001009,7395.000000001808,-64.79922742843071,-8.588870406852022,99.47100815737089,43.04245283017839,54.21320000000162,6568.800000001767,2824.0,3284.0,0.0,0.0,84.0,83.0,1.0,0.0,6.0,6.0,0.0,0.0,0.0,0.0,-99.9457868,-44.673776067208806,1,0
0.1,100.0,1440,1,30,30,0,0,300,10.0,8,6,99,0.0,1,flat,54.21320000001009,7395.000000001808,-64.79922742843071,-8.588870406852022,99.47100815737089,43.04245283017839,54.21320000000162,6568.800000001767,2824.0,3284.0,0.0,0.0,84.0,83.0,1.0,0.0,6.0,6.0,0.0,0.0,0.0,0.0,-99.9457868,-44.673776067208806,1,0
0.1,100.0,1440,1,30,30,0,0,300,10.0,18,6,99,0.0,1,flat,54.21320000001009,7395.000000001808,-64.79922742843071,-8.588870406852022,99.47100815737089,43.04245283017839,54.21320000000162,6568.800000001767,2824.0,3284.0,0.0,0.0,84.0,83.0,1.0,0.0,6.0,6.0,0.0,0.0,0.0,0.0,-99.9457868,-44.673776067208806,1,0
0.1,100.0,1440,1,30,30,0,0,400,25.0,5,25,99,0.0,1,flat,54.16100000000097,9698.800000001385,-64.80601278215826,-0.905947506601934,99.55537586300314,25.22492305263721,54.16100000000097,7579.80000000039,1096.0,581.0,0.0,0.0,23.0,10.0,1.0,0.0,5.0,5.0,106.0,58.0,0.0,0.0,-99.94583899999999,-1.3557936118763516,1,0
0.1,100.0,1440,1,30,30,0,0,400,25.0,5,25,5,0.1,3,inc_every3,54.16100000000097,9698.800000001385,-64.80601278215826,-0.905947506601934,99.55537586300314,25.22492305263721,54.16100000000097,7579.80000000039,1096.0,581.0,0.0,0.0,23.0,10.0,1.0,0.0,5.0,5.0,106.0,58.0,0.0,0.0,-99.94583899999999,-1.3557936118763516,1,0
0.1,100.0,1440,1,30,30,0,0,200,25.0,5,10,99,0.0,1,flat,54.054000000001,10963.200000003671,-64.8199378244243,2.774273343630962,99.4879504376492,17.96644652662378,54.054000000001,9318.200000000083,1440.0,962.0,0.0,0.0,89.0,53.0,1.0,0.0,5.0,5.0,288.0,206.0,0.0,0.0,-99.94594599999999,2.774273343630962,1,0
0.1,100.0,1440,1,30,30,0,0,200,25.0,5,10,5,0.1,3,inc_every3,54.054000000001,10963.200000003671,-64.8199378244243,2.774273343630962,99.4879504376492,17.96644652662378,54.054000000001,9318.200000000083,1440.0,962.0,0.0,0.0,89.0,53.0,1.0,0.0,5.0,5.0,288.0,206.0,0.0,0.0,-99.94594599999999,2.774273343630962,1,0
0.1,100.0,1440,1,30,30,0,0,200,15.0,12,0,99,0.0,1,flat,53.985499999993806,13829.800000003423,-64.82886403423653,10.129459850118616,99.63470491115545,69.38329974679479,53.985499999993806,4740.200000002587,723.0,595.0,0.0,0.0,0.0,0.0,2.0,0.0,12.0,12.0,17.0,16.0,0.0,0.0,-99.9460145,-78.63713964347096,1,0
0.1,100.0,1440,1,30,30,0,0,200,25.0,12,10,5,0.1,3,inc_every3,53.943999999992286,11148.50000000924,-64.83427629181747,3.288151382570037,99.59336956603693,52.51116018083394,53.943999999992286,6048.400000001003,1878.0,1375.0,0.0,0.0,132.0,90.0,1.0,0.0,9.0,9.0,0.0,0.0,0.0,0.0,-99.94605600000001,-51.734168979097845,1,0
0.1,100.0,1440,1,30,30,0,0,200,25.0,18,10,5,0.1,3,inc_every3,53.943999999992286,11148.50000000924,-64.83427629181747,3.288151382570037,99.59336956603693,52.51116018083394,53.943999999992286,6048.400000001003,1878.0,1375.0,0.0,0.0,132.0,90.0,1.0,0.0,9.0,9.0,0.0,0.0,0.0,0.0,-99.94605600000001,-51.734168979097845,1,0
0.1,100.0,1440,1,30,30,0,0,300,25.0,5,25,5,0.1,3,inc_every3,53.92500000000143,8143.600000000344,-64.83675530439596,-5.9278516360941165,99.53552971576228,28.58155697560446,53.924999999999045,7655.700000000314,886.0,503.0,0.0,0.0,21.0,10.0,1.0,0.0,5.0,5.0,111.0,67.0,0.0,0.0,-99.94607500000001,-13.090965587303037,1,0
0.1,100.0,1440,1,30,30,0,0,300,25.0,5,25,99,0.0,1,flat,53.92500000000143,8143.600000000344,-64.83675530439596,-5.9278516360941165,99.53552971576228,28.58155697560446,53.924999999999045,7655.700000000314,886.0,503.0,0.0,0.0,21.0,10.0,1.0,0.0,5.0,5.0,111.0,67.0,0.0,0.0,-99.94607500000001,-13.090965587303037,1,0
0.1,100.0,1440,1,30,30,0,0,400,10.0,18,25,99,0.0,1,flat,53.92199999999718,20154.80000000362,-64.83714679129974,23.190126413594147,99.46679455739265,33.11043530324828,53.92199999999718,9393.300000000083,2079.0,2240.0,0.0,0.0,16.0,9.0,1.0,0.0,11.0,11.0,0.0,0.0,0.0,0.0,-99.946078,6.969255807097586,1,0
0.1,100.0,1440,1,30,30,0,0,400,10.0,12,25,99,0.0,1,flat,53.92199999999718,20154.80000000362,-64.83714679129974,23.190126413594147,99.46679455739265,33.11043530324828,53.92199999999718,9393.300000000083,2079.0,2240.0,0.0,0.0,16.0,9.0,1.0,0.0,11.0,11.0,0.0,0.0,0.0,0.0,-99.946078,6.969255807097586,1,0
0.1,100.0,1440,1,30,30,0,0,200,15.0,5,6,5,0.1,3,inc_every3,53.922000000000025,57.14300000001151,-64.83714679129939,-78.49572496469878,99.49233637116828,99.44610090631504,53.921999999994966,57.14300000001094,3001.0,1912.0,0.0,0.0,157.0,102.0,1.0,1.0,5.0,5.0,385.0,241.0,0.0,0.0,-99.946078,-99.94285699999999,1,1
0.1,100.0,1440,1,30,30,0,0,200,15.0,5,6,99,0.0,1,flat,53.922000000000025,57.14300000001151,-64.83714679129939,-78.49572496469878,99.49233637116828,99.44610090631504,53.921999999994966,57.14300000001094,3001.0,1912.0,0.0,0.0,157.0,102.0,1.0,1.0,5.0,5.0,385.0,241.0,0.0,0.0,-99.946078,-99.94285699999999,1,1
0.1,100.0,1440,1,30,30,0,0,300,15.0,18,6,5,0.1,3,inc_every3,61.645999999997684,787.5000000012769,-63.882408066540904,-53.059246820766624,99.48504824685348,95.58281248470476,53.90000000184506,451.6000000012748,2518.0,2120.0,0.0,0.0,116.0,99.0,1.0,0.0,6.0,6.0,0.0,0.0,0.0,0.0,-99.94609999999815,-99.54839999999872,1,1
0.1,100.0,1440,1,30,30,0,0,300,15.0,8,6,5,0.1,3,inc_every3,61.645999999997684,787.5000000012769,-63.882408066540904,-53.059246820766624,99.48504824685348,95.58281248470476,53.90000000184506,451.6000000012748,2518.0,2120.0,0.0,0.0,116.0,99.0,1.0,0.0,6.0,6.0,0.0,0.0,0.0,0.0,-99.94609999999815,-99.54839999999872,1,1
0.1,100.0,1440,1,30,30,0,0,300,15.0,12,6,5,0.1,3,inc_every3,61.645999999997684,787.5000000012769,-63.882408066540904,-53.059246820766624,99.48504824685348,95.58281248470476,53.90000000184506,451.6000000012748,2518.0,2120.0,0.0,0.0,116.0,99.0,1.0,0.0,6.0,6.0,0.0,0.0,0.0,0.0,-99.94609999999815,-99.54839999999872,1,1
0.1,100.0,1440,1,30,30,0,0,100,15.0,12,15,99,0.0,1,flat,53.88920000001204,58.56799999999808,-64.84142818504282,-78.33752430528736,99.5414075397838,99.50420722932365,53.88920000000468,58.56799999999808,1498.0,1418.0,0.0,0.0,53.0,50.0,2.0,1.0,12.0,12.0,104.0,105.0,0.0,0.0,-99.9461108,-99.941432,1,1
0.1,100.0,1440,1,30,30,0,0,150,15.0,8,15,5,0.1,3,inc_every3,58.917000000000655,6601.800000020783,-64.20819516617745,-11.623713520998201,99.52238710706894,83.35257102418923,53.87760000000719,2235.5000000177283,1322.0,2504.0,0.0,0.0,40.0,67.0,2.0,0.0,8.0,8.0,104.0,199.0,0.0,0.0,-99.9461224,-128.32885556937666,1,0
0.1,100.0,1440,1,30,30,0,0,150,10.0,5,15,99,0.0,1,flat,53.82100000000264,6473.200000006739,-64.8503370284078,-12.139544228217158,99.46950342026926,43.412209655566606,53.82100000000264,6239.200000006567,3410.0,2237.0,0.0,0.0,50.0,30.0,1.0,0.0,5.0,5.0,384.0,228.0,0.0,0.0,-99.946179,-48.963963539350374,1,0
0.1,100.0,1440,1,30,30,0,0,150,10.0,5,15,5,0.1,3,inc_every3,53.82100000000264,6473.200000006739,-64.8503370284078,-12.139544228217158,99.46950342026926,43.412209655566606,53.82100000000264,6239.200000006567,3410.0,2237.0,0.0,0.0,50.0,30.0,1.0,0.0,5.0,5.0,384.0,228.0,0.0,0.0,-99.946179,-48.963963539350374,1,0
0.1,100.0,1440,1,30,30,0,0,300,5.3,18,10,99,0.0,1,flat,53.7960000000067,3125.5000000036307,-64.8536049952188,-29.254325779367775,99.46902235601837,78.34358892206376,53.795999999998514,2298.2000000017224,3207.0,5577.0,0.0,0.0,32.0,46.0,1.0,0.0,8.0,8.0,0.0,0.0,0.0,0.0,-99.946204,-135.9415036234953,1,0
0.1,100.0,1440,1,30,30,0,0,300,5.3,8,10,99,0.0,1,flat,53.7960000000067,3125.5000000036307,-64.8536049952188,-29.254325779367775,99.46902235601837,78.34358892206376,53.795999999998514,2298.2000000017224,3207.0,5577.0,0.0,0.0,32.0,46.0,1.0,0.0,8.0,8.0,39.0,50.0,0.0,0.0,-99.946204,-135.9415036234953,1,0
0.1,100.0,1440,1,30,30,0,0,300,5.3,12,10,99,0.0,1,flat,53.7960000000067,3125.5000000036307,-64.8536049952188,-29.254325779367775,99.46902235601837,78.34358892206376,53.795999999998514,2298.2000000017224,3207.0,5577.0,0.0,0.0,32.0,46.0,1.0,0.0,8.0,8.0,0.0,0.0,0.0,0.0,-99.946204,-135.9415036234953,1,0
0.1,100.0,1440,1,30,30,0,0,300,10.0,12,10,5,0.1,3,inc_every3,53.776799999997536,12660.900000001053,-64.85611561855163,7.273155414890775,99.5356463172438,27.14188858660186,53.77679999999742,8489.500000000724,2913.0,3271.0,0.0,0.0,55.0,48.0,1.0,0.0,8.0,8.0,0.0,0.0,0.0,0.0,-99.9462232,2.9893782416870582,1,0
0.1,100.0,1440,1,30,30,0,0,300,10.0,18,10,5,0.1,3,inc_every3,53.776799999997536,12660.900000001053,-64.85611561855163,7.273155414890775,99.5356463172438,27.14188858660186,53.77679999999742,8489.500000000724,2913.0,3271.0,0.0,0.0,55.0,48.0,1.0,0.0,8.0,8.0,0.0,0.0,0.0,0.0,-99.9462232,2.9893782416870582,1,0
0.1,100.0,1440,1,30,30,0,0,300,10.0,8,10,5,0.1,3,inc_every3,53.776799999997536,12660.900000001053,-64.85611561855163,7.273155414890775,99.5356463172438,27.14188858660186,53.77679999999742,8489.500000000724,2913.0,3271.0,0.0,0.0,55.0,48.0,1.0,0.0,8.0,8.0,59.0,51.0,0.0,0.0,-99.9462232,2.9893782416870582,1,0
0.1,100.0,1440,1,30,30,0,0,400,15.0,3,6,99,0.0,1,flat,88.8000000040314,8281.20000000214,-61.1456897029678,-5.457631285958575,99.47874705153295,25.82309237884909,53.700000004025924,7937.300000001909,3069.0,1537.0,0.0,0.0,122.0,55.0,0.0,0.0,3.0,3.0,436.0,233.0,0.0,0.0,-99.94629999999597,-7.103816043656755,1,0
0.1,100.0,1440,1,30,30,0,0,400,15.0,3,6,5,0.1,3,inc_every3,88.8000000040314,8281.20000000214,-61.1456897029678,-5.457631285958575,99.47874705153295,25.82309237884909,53.700000004025924,7937.300000001909,3069.0,1537.0,0.0,0.0,122.0,55.0,0.0,0.0,3.0,3.0,436.0,233.0,0.0,0.0,-99.94629999999597,-7.103816043656755,1,0
0.1,100.0,1440,1,30,30,0,0,100,10.0,5,25,5,0.1,3,inc_every3,53.66800000000171,8904.900000001006,-64.8703560427448,-3.392512888830601,99.47582165356252,29.69056997326915,53.66800000000171,7550.60000000083,2087.0,1263.0,0.0,0.0,23.0,11.0,1.0,0.0,5.0,5.0,364.0,203.0,0.0,0.0,-99.946332,-12.7736528353689,1,0
0.1,100.0,1440,1,30,30,0,0,100,10.0,5,25,99,0.0,1,flat,53.66800000000171,8904.900000001006,-64.8703560427448,-3.392512888830601,99.47582165356252,29.69056997326915,53.66800000000171,7550.60000000083,2087.0,1263.0,0.0,0.0,23.0,11.0,1.0,0.0,5.0,5.0,364.0,203.0,0.0,0.0,-99.946332,-12.7736528353689,1,0
0.1,100.0,1440,1,30,30,0,0,300,10.0,18,0,5,0.1,3,inc_every3,53.630800000015256,36.12720000000462,-64.8752303088543,-81.23844784528006,99.53196027437905,99.7983185396081,53.630800000003205,36.127200000000244,331.0,584.0,0.0,0.0,0.0,0.0,3.0,3.0,18.0,18.0,1.0,1.0,0.0,0.0,-99.94636919999999,-99.9638728,1,1
0.1,100.0,1440,1,30,30,0,0,75,10.0,5,2,5,0.1,3,inc_every3,53.441600000009984,55.03100000000575,-64.90006286889292,-78.73537377682193,99.49340133281518,99.47123708863795,53.44159999999604,55.03100000000575,2232.0,1777.0,0.0,0.0,301.0,248.0,1.0,1.0,5.0,5.0,540.0,470.0,0.0,0.0,-99.9465584,-99.944969,1,1
0.1,100.0,1440,1,30,30,0,0,75,10.0,5,2,99,0.0,1,flat,53.441600000009984,55.03100000000575,-64.90006286889292,-78.73537377682193,99.49340133281518,99.47123708863795,53.44159999999604,55.03100000000575,2232.0,1777.0,0.0,0.0,301.0,248.0,1.0,1.0,5.0,5.0,540.0,470.0,0.0,0.0,-99.9465584,-99.944969,1,1
0.1,100.0,1440,1,30,30,0,0,200,25.0,8,0,5,0.1,3,inc_every3,53.41399999999453,5744.0000000018845,-64.903691252713,-15.209370042067915,99.51027331322389,76.10370255674299,53.4139999999897,2469.300000001531,314.0,242.0,0.0,0.0,0.0,0.0,2.0,0.0,8.0,8.0,27.0,17.0,0.0,0.0,-99.94658600000001,-117.41677515555389,1,0
0.1,100.0,1440,1,30,30,0,0,400,15.0,5,25,99,0.0,1,flat,53.40850000000364,6352.300000001655,-64.90441447940321,-12.631096032948363,99.54644003600727,51.09684854745594,53.40850000000296,4922.2000000014805,1997.0,992.0,0.0,0.0,22.0,10.0,1.0,0.0,5.0,5.0,111.0,59.0,0.0,0.0,-99.9465915,-64.82479312786025,1,0
0.1,100.0,1440,1,30,30,0,0,400,15.0,5,25,5,0.1,3,inc_every3,53.40850000000364,6352.300000001655,-64.90441447940321,-12.631096032948363,99.54644003600727,51.09684854745594,53.40850000000296,4922.2000000014805,1997.0,992.0,0.0,0.0,22.0,10.0,1.0,0.0,5.0,5.0,111.0,59.0,0.0,0.0,-99.9465915,-64.82479312786025,1,0
0.1,100.0,1440,1,30,30,0,0,100,5.3,8,25,99,0.0,1,flat,53.37199999999879,5140.800000002137,-64.90921558482856,-17.96304804565818,99.47830506817851,63.10211497250302,53.37199999999714,4752.300000002054,2867.0,5053.0,0.0,0.0,16.0,23.0,1.0,0.0,8.0,8.0,116.0,229.0,0.0,0.0,-99.946628,-94.16727799066422,1,0
0.1,100.0,1440,1,30,30,0,0,75,5.3,12,10,5,0.1,3,inc_every3,53.330000000002,43.49040000000356,-64.91474339533146,-80.17371871628183,99.47925515813733,99.56576038660847,53.32999999999882,43.49040000000235,1486.0,784.0,0.0,0.0,29.0,19.0,2.0,2.0,12.0,12.0,37.0,21.0,0.0,0.0,-99.94667,-99.9565096,1,1
0.1,100.0,1440,1,30,30,0,0,75,25.0,8,25,5,0.1,3,inc_every3,53.17799999999852,4621.800000019497,-64.93477795542056,-20.520402529972582,99.59290504332932,84.46274766329297,53.17799999999852,1567.6000000073868,1578.0,980.0,0.0,0.0,83.0,50.0,1.0,0.0,8.0,8.0,450.0,281.0,0.0,0.0,-99.946822,-98.43239999999261,1,1
0.1,100.0,1440,1,30,30,0,0,200,25.0,3,2,99,0.0,1,flat,55.200000006233864,3455.900000002849,-64.67192841869957,-27.106865555416746,99.47425222025733,67.8291237062708,53.10000000622989,3288.7000000028124,2139.0,1161.0,0.0,0.0,502.0,274.0,0.0,0.0,3.0,3.0,998.0,513.0,0.0,0.0,-99.94689999999378,-112.76511296795836,1,0
0.1,100.0,1440,1,30,30,0,0,200,25.0,3,2,5,0.1,3,inc_every3,55.200000006233864,3455.900000002849,-64.67192841869957,-27.106865555416746,99.47425222025733,67.8291237062708,53.10000000622989,3288.7000000028124,2139.0,1161.0,0.0,0.0,502.0,274.0,0.0,0.0,3.0,3.0,998.0,513.0,0.0,0.0,-99.94689999999378,-112.76511296795836,1,0
0.1,100.0,1440,1,30,30,0,0,300,25.0,5,15,99,0.0,1,flat,53.09400000000005,11419.800000000563,-64.94586934469615,4.029812739807359,99.47645249082949,26.689329692782028,53.09400000000005,8108.600000000217,1218.0,761.0,0.0,0.0,45.0,24.0,1.0,0.0,5.0,5.0,140.0,114.0,0.0,0.0,-99.946906,0.651153354243303,1,0
0.1,100.0,1440,1,30,30,0,0,300,25.0,5,15,5,0.1,3,inc_every3,53.09400000000005,11419.800000000563,-64.94586934469615,4.029812739807359,99.47645249082949,26.689329692782028,53.09400000000005,8108.600000000217,1218.0,761.0,0.0,0.0,45.0,24.0,1.0,0.0,5.0,5.0,140.0,114.0,0.0,0.0,-99.946906,0.651153354243303,1,0
0.1,100.0,1440,1,30,30,0,0,100,25.0,18,25,99,0.0,1,flat,53.083999999996905,17036.599999997547,-64.94719068293374,17.180172331366528,99.66724336793543,58.602541768657645,53.083999999996706,5631.9999999991815,1106.0,1325.0,0.0,0.0,52.0,56.0,3.0,0.0,18.0,18.0,75.0,96.0,0.0,0.0,-99.946916,-50.02491120594876,1,0
0.1,100.0,1440,1,30,30,0,0,100,25.0,18,15,99,0.0,1,flat,53.06640000000607,44.76999999999717,-64.9495167218872,-80.0018946979313,99.56777871896787,99.67626471524025,53.066400000001494,44.76999999999717,726.0,1105.0,0.0,0.0,53.0,79.0,2.0,2.0,18.0,18.0,9.0,15.0,0.0,0.0,-99.9469336,-99.95523,1,1
0.1,100.0,1440,1,30,30,0,0,75,15.0,8,25,5,0.1,3,inc_every3,53.06520000000728,2586.6000000262284,-64.9496753379218,-33.12835525815853,99.53677907068112,82.02303007395754,53.06519999999949,1809.4000000261049,1121.0,1903.0,0.0,0.0,30.0,47.0,2.0,0.0,8.0,8.0,188.0,313.0,0.0,0.0,-99.9469348,-98.1905999999739,1,1
0.1,100.0,1440,1,30,30,0,0,300,5.3,18,25,99,0.0,1,flat,53.05640000000466,13880.700000002078,-64.95083860985193,10.249920034054893,99.47632236095349,44.44188847241025,53.05639999999795,8211.600000001295,2705.0,5029.0,0.0,0.0,11.0,13.0,2.0,0.0,13.0,13.0,0.0,0.0,0.0,0.0,-99.9469436,-28.6338569107656,1,0
0.1,100.0,1440,1,30,30,0,0,200,5.3,18,25,99,0.0,1,flat,52.92639999999676,3235.600000013117,-64.96804131467442,-28.521727227496164,99.57035377396792,93.33696337473447,52.92639999999676,930.0000000081559,3004.0,6159.0,0.0,0.0,13.0,23.0,2.0,0.0,16.0,16.0,0.0,0.0,0.0,0.0,-99.94707360000001,-99.06999999999185,1,1
0.1,100.0,1440,1,30,30,0,0,75,5.3,12,2,99,0.0,1,flat,52.92319999999707,72.75359999999733,-64.96846519189334,-76.89329383401996,99.48480700900473,99.29562388660838,52.92319999999421,72.75359999999733,2692.0,2878.0,0.0,0.0,188.0,196.0,1.0,1.0,7.0,7.0,0.0,0.0,0.0,0.0,-99.9470768,-99.9272464,1,1
0.1,100.0,1440,1,30,30,0,0,75,5.3,18,2,99,0.0,1,flat,52.92319999999707,72.75359999999733,-64.96846519189334,-76.89329383401996,99.48480700900473,99.29562388660838,52.92319999999421,72.75359999999733,2692.0,2878.0,0.0,0.0,188.0,196.0,1.0,1.0,7.0,7.0,0.0,0.0,0.0,0.0,-99.9470768,-99.9272464,1,1
0.1,100.0,1440,1,30,30,0,0,75,5.3,8,2,99,0.0,1,flat,52.92319999999707,72.75359999999733,-64.96846519189334,-76.89329383401996,99.48480700900473,99.29562388660838,52.92319999999421,72.75359999999733,2692.0,2878.0,0.0,0.0,188.0,196.0,1.0,1.0,7.0,7.0,0.0,0.0,0.0,0.0,-99.9470768,-99.9272464,1,1
0.1,100.0,1440,1,30,30,0,0,75,25.0,12,2,99,0.0,1,flat,52.80880000000283,104.2000000138664,-64.98363228686324,-74.28633862896265,99.49948535196054,99.01702749857232,52.80879999999772,104.20000001384705,703.0,1042.0,0.0,0.0,308.0,444.0,1.0,0.0,8.0,9.0,0.0,0.0,0.0,0.0,-99.9471912,-99.89579999998615,1,1
0.1,100.0,1440,1,30,30,0,0,75,25.0,8,2,99,0.0,1,flat,52.80880000000283,43.54279999999693,-64.98363228686324,-80.16661322423208,99.49948535196054,99.58923824347914,52.80879999999772,43.54279999999642,703.0,1043.0,0.0,0.0,308.0,444.0,1.0,1.0,8.0,8.0,111.0,185.0,0.0,0.0,-99.9471912,-99.9564572,1,1
0.1,100.0,1440,1,30,30,0,0,75,25.0,18,2,99,0.0,1,flat,52.80880000000283,104.2000000138664,-64.98363228686324,-74.28633862896265,99.49948535196054,99.01702749857232,52.80879999999772,104.20000001384705,703.0,1042.0,0.0,0.0,308.0,444.0,1.0,0.0,8.0,9.0,0.0,0.0,0.0,0.0,-99.9471912,-99.89579999998615,1,1
0.1,100.0,1440,1,30,30,0,0,300,10.0,5,25,99,0.0,1,flat,52.78299999999808,8298.500000000378,-64.98705646939042,-5.398901336793083,99.51694884231722,38.581028974329904,52.78299999999797,6690.000000000331,2328.0,1628.0,0.0,0.0,18.0,10.0,1.0,0.0,5.0,5.0,110.0,78.0,0.0,0.0,-99.94721700000001,-32.56095928545289,1,0
0.1,100.0,1440,1,30,30,0,0,300,10.0,5,25,5,0.1,3,inc_every3,52.78299999999808,8298.500000000378,-64.98705646939042,-5.398901336793083,99.51694884231722,38.581028974329904,52.78299999999797,6690.000000000331,2328.0,1628.0,0.0,0.0,18.0,10.0,1.0,0.0,5.0,5.0,110.0,78.0,0.0,0.0,-99.94721700000001,-32.56095928545289,1,0
0.1,100.0,1440,1,30,30,0,0,100,5.3,18,2,99,0.0,1,flat,52.679200000012386,61.86600000000058,-65.00084637453796,-77.98149016450893,99.5051598297904,99.39699403485517,52.679200000003476,61.86600000000058,3961.0,2795.0,0.0,0.0,232.0,174.0,1.0,1.0,6.0,6.0,0.0,0.0,0.0,0.0,-99.9473208,-99.938134,1,1
0.1,100.0,1440,1,30,30,0,0,100,5.3,12,2,99,0.0,1,flat,52.679200000012386,61.86600000000058,-65.00084637453796,-77.98149016450893,99.5051598297904,99.39699403485517,52.679200000003476,61.86600000000058,3961.0,2795.0,0.0,0.0,232.0,174.0,1.0,1.0,6.0,6.0,0.0,0.0,0.0,0.0,-99.9473208,-99.938134,1,1
0.1,100.0,1440,1,30,30,0,0,100,5.3,8,2,99,0.0,1,flat,52.679200000012386,61.86600000000058,-65.00084637453796,-77.98149016450893,99.5051598297904,99.39699403485517,52.679200000003476,61.86600000000058,3961.0,2795.0,0.0,0.0,232.0,174.0,1.0,1.0,6.0,6.0,0.0,0.0,0.0,0.0,-99.9473208,-99.938134,1,1
0.1,100.0,1440,1,30,30,0,0,200,15.0,18,25,5,0.1,3,inc_every3,52.66399999998913,59.133000000003165,-65.00286752950443,-78.27554753535364,99.67558044267048,99.50073454913883,52.66399999998913,59.13300000000163,1051.0,1139.0,0.0,0.0,17.0,19.0,4.0,2.0,13.0,13.0,0.0,0.0,0.0,0.0,-99.947336,-99.940867,1,1
0.1,100.0,1440,1,30,30,0,0,200,15.0,12,25,5,0.1,3,inc_every3,52.66399999999726,46.19120000000518,-65.00286752950335,-79.81505341131894,99.66974364119812,99.61000337723746,52.66399999999726,46.1911999999989,1056.0,1185.0,0.0,0.0,16.0,20.0,5.0,2.0,12.0,12.0,21.0,21.0,0.0,0.0,-99.947336,-99.9538088,1,1
0.1,100.0,1440,1,30,30,0,0,100,5.3,8,15,5,0.1,3,inc_every3,52.59719999999808,37.19130000000598,-65.01175550888887,-81.07567799625923,99.48587850056214,99.6650005854854,52.59719999999115,37.1912999999968,1567.0,3250.0,0.0,0.0,17.0,29.0,2.0,2.0,8.0,8.0,60.0,130.0,0.0,0.0,-99.9474028,-99.9628087,1,1
0.1,100.0,1440,1,30,30,0,0,100,15.0,12,15,5,0.1,3,inc_every3,52.568400000007344,35.228700000006015,-65.01559023784705,-81.37852981032526,99.49243603360054,99.68084742077511,52.56839999999306,35.228700000001425,406.0,577.0,0.0,0.0,20.0,27.0,2.0,3.0,12.0,12.0,23.0,38.0,0.0,0.0,-99.9474316,-99.9647713,1,1
0.1,100.0,1440,1,30,30,0,0,150,15.0,5,6,99,0.0,1,flat,52.50900000000763,55.990999999997825,-65.02350467657615,-78.62565588335099,99.48267504753646,99.47136909089195,52.50900000000229,55.990999999997825,2961.0,1985.0,0.0,0.0,171.0,117.0,1.0,1.0,5.0,5.0,512.0,316.0,0.0,0.0,-99.947491,-99.94400900000001,1,1
0.1,100.0,1440,1,30,30,0,0,150,15.0,5,6,5,0.1,3,inc_every3,52.50900000000763,55.990999999997825,-65.02350467657615,-78.62565588335099,99.48267504753646,99.47136909089195,52.50900000000229,55.990999999997825,2961.0,1985.0,0.0,0.0,171.0,117.0,1.0,1.0,5.0,5.0,512.0,316.0,0.0,0.0,-99.947491,-99.94400900000001,1,1
0.1,100.0,1440,1,30,30,0,0,75,15.0,18,25,5,0.1,3,inc_every3,52.44679999999573,53.07000000000207,-65.03179986594085,-78.96374397744592,99.49908502225368,99.47358501795385,52.44679999999573,53.07000000000207,156.0,232.0,0.0,0.0,7.0,9.0,4.0,4.0,18.0,18.0,7.0,8.0,0.0,0.0,-99.9475532,-99.94693,1,1
0.1,100.0,1440,1,30,30,0,0,100,5.3,18,25,5,0.1,3,inc_every3,52.408800000003765,47.422800000009246,-65.03687153953472,-79.65637724819639,99.48772005278337,99.65740664484949,52.408799999998024,47.422800000000535,506.0,3110.0,0.0,0.0,5.0,18.0,3.0,6.0,16.0,16.0,0.0,0.0,0.0,0.0,-99.9475912,-99.9525772,1,1
0.1,100.0,1440,1,30,30,0,0,75,10.0,18,25,99,0.0,1,flat,52.397200000006904,68.47560000000072,-65.03842032062606,-77.30625183096862,99.50062710862895,99.62245979280355,52.397200000002044,68.47560000000072,570.0,3847.0,0.0,0.0,11.0,54.0,2.0,2.0,18.0,18.0,21.0,122.0,0.0,0.0,-99.9476028,-99.9315244,1,1
0.1,100.0,1440,1,30,30,0,0,100,10.0,8,4,99,0.0,1,flat,52.37240000000338,73.48320000001212,-65.0417324279766,-76.82458011806375,99.48847585095476,99.30414954262227,52.372399999996816,73.48320000000399,1407.0,1356.0,0.0,0.0,102.0,97.0,1.0,1.0,8.0,8.0,125.0,115.0,0.0,0.0,-99.9476276,-99.9265168,1,1
0.1,100.0,1440,1,30,30,0,0,75,5.3,18,15,99,0.0,1,flat,52.26920000001181,100.97460000000342,-65.05552855501588,-74.52581252366492,99.48856969530925,99.45655561003363,52.269200000003565,69.828799999983,758.0,3726.0,0.0,0.0,12.0,38.0,2.0,2.0,18.0,18.0,12.0,50.0,0.0,0.0,-99.9477308,-99.93017120000002,1,1
0.1,100.0,1440,1,30,30,0,0,300,15.0,18,25,99,0.0,1,flat,52.26599999999877,13685.100000000646,-65.0559566900502,9.785302281744857,99.48780918035364,53.2548808492356,52.26599999999411,5557.200000000525,1150.0,1698.0,0.0,0.0,16.0,17.0,1.0,0.0,13.0,13.0,0.0,0.0,0.0,0.0,-99.94773400000001,-46.72445941672634,1,0
0.1,100.0,1440,1,30,30,0,0,75,15.0,12,15,99,0.0,1,flat,52.2600000000003,68.85720000000751,-65.05675949975198,-77.26869151062263,99.53813930058072,99.42664390690712,52.25999999999499,68.85719999999799,1282.0,1761.0,0.0,0.0,53.0,71.0,2.0,1.0,12.0,12.0,142.0,181.0,0.0,0.0,-99.94774000000001,-99.9311428,1,1
0.1,100.0,1440,1,30,30,0,0,100,10.0,18,15,5,0.1,3,inc_every3,52.23120000000958,78.82140000001829,-65.06061401290053,-76.33586536490287,99.49303878557288,99.2151764377886,52.23119999999821,78.82140000001482,648.0,614.0,0.0,0.0,19.0,17.0,2.0,2.0,14.0,14.0,0.0,0.0,0.0,0.0,-99.9477688,-99.92117859999999,1,1
0.1,100.0,1440,1,30,30,0,0,100,25.0,12,15,5,0.1,3,inc_every3,52.21680000001027,77.2065000000078,-65.06254190702325,-76.48119066932757,99.49454242735173,99.51153984853946,52.21680000000134,77.20650000000546,136.0,1291.0,0.0,0.0,15.0,112.0,2.0,2.0,12.0,12.0,16.0,165.0,0.0,0.0,-99.9477832,-99.9227935,1,1
0.1,100.0,1440,1,30,30,0,0,75,25.0,12,10,99,0.0,1,flat,52.21599999999668,73.94879999999418,-65.06264902472276,-76.78098005013904,99.49570709753439,99.30277762063712,52.21599999999668,73.94879999999418,559.0,519.0,0.0,0.0,68.0,66.0,2.0,1.0,12.0,12.0,109.0,99.0,0.0,0.0,-99.947784,-99.9260512,1,1
0.1,100.0,1440,1,30,30,0,0,75,10.0,18,6,5,0.1,3,inc_every3,52.123600000008636,58.9160000000015,-65.07502996000487,-78.29930159830386,99.56976690438468,99.46641307793334,52.12359999999771,58.9160000000015,1638.0,921.0,0.0,0.0,103.0,61.0,2.0,2.0,11.0,11.0,0.0,0.0,0.0,0.0,-99.9478764,-99.941084,1,1
0.1,100.0,1440,1,30,30,0,0,75,10.0,12,6,5,0.1,3,inc_every3,52.123600000008636,58.9160000000015,-65.07502996000487,-78.29930159830386,99.56976690438468,99.46641307793334,52.12359999999771,58.9160000000015,1638.0,921.0,0.0,0.0,103.0,61.0,2.0,2.0,11.0,11.0,0.0,0.0,0.0,0.0,-99.9478764,-99.941084,1,1
0.1,100.0,1440,1,30,30,0,0,400,10.0,5,10,5,0.1,3,inc_every3,52.10720000000538,6904.100000002632,-65.0772292762119,-10.438359819402187,99.48962545055637,36.65729262317793,52.107199999997476,6622.100000002647,2866.0,2438.0,0.0,0.0,49.0,36.0,1.0,0.0,5.0,5.0,94.0,94.0,0.0,0.0,-99.9478928,-33.75294506575805,1,0
0.1,100.0,1440,1,30,30,0,0,400,10.0,5,10,99,0.0,1,flat,52.10720000000538,6904.100000002632,-65.0772292762119,-10.438359819402187,99.48962545055637,36.65729262317793,52.107199999997476,6622.100000002647,2866.0,2438.0,0.0,0.0,49.0,36.0,1.0,0.0,5.0,5.0,94.0,94.0,0.0,0.0,-99.9478928,-33.75294506575805,1,0
0.1,100.0,1440,1,30,30,0,0,100,5.3,12,6,99,0.0,1,flat,76.70529999998564,85.37269999999069,-62.26762500515005,-75.76689543421676,99.49111773618087,99.14767932910706,52.0612000000163,85.37269999999069,2460.0,2742.0,0.0,0.0,56.0,64.0,2.0,1.0,11.0,11.0,0.0,0.0,0.0,0.0,-99.94793879999999,-99.9146273,1,1
0.1,100.0,1440,1,30,30,0,0,100,5.3,18,6,99,0.0,1,flat,76.70529999998564,85.37269999999069,-62.26762500515005,-75.76689543421676,99.49111773618087,99.14767932910706,52.0612000000163,85.37269999999069,2460.0,2742.0,0.0,0.0,56.0,64.0,2.0,1.0,11.0,11.0,0.0,0.0,0.0,0.0,-99.94793879999999,-99.9146273,1,1
0.1,100.0,1440,1,30,30,0,0,100,5.3,12,2,5,0.1,3,inc_every3,52.036800000010885,49.2320000000002,-65.08667653780846,-79.4284519892049,99.5129054300718,99.51540922289483,52.036800000000824,49.2320000000002,3888.0,2621.0,0.0,0.0,229.0,166.0,1.0,1.0,6.0,6.0,0.0,0.0,0.0,0.0,-99.9479632,-99.950768,1,1
0.1,100.0,1440,1,30,30,0,0,100,5.3,18,2,5,0.1,3,inc_every3,52.036800000010885,49.2320000000002,-65.08667653780846,-79.4284519892049,99.5129054300718,99.51540922289483,52.036800000000824,49.2320000000002,3888.0,2621.0,0.0,0.0,229.0,166.0,1.0,1.0,6.0,6.0,0.0,0.0,0.0,0.0,-99.9479632,-99.950768,1,1
0.1,100.0,1440,1,30,30,0,0,100,5.3,8,2,5,0.1,3,inc_every3,52.036800000010885,49.2320000000002,-65.08667653780846,-79.4284519892049,99.5129054300718,99.51540922289483,52.036800000000824,49.2320000000002,3888.0,2621.0,0.0,0.0,229.0,166.0,1.0,1.0,6.0,6.0,0.0,0.0,0.0,0.0,-99.9479632,-99.950768,1,1
0.1,100.0,1440,1,30,30,0,0,75,15.0,8,4,99,0.0,1,flat,52.022800000001496,49.336400000008,-65.08855647314917,-79.41548033053317,99.4976554654307,99.5607201367619,52.022800000001496,49.3364000000017,915.0,1007.0,0.0,0.0,127.0,135.0,1.0,1.0,8.0,8.0,190.0,202.0,0.0,0.0,-99.9479772,-99.9506636,1,1
0.1,100.0,1440,1,30,30,0,0,100,5.3,12,25,99,0.0,1,flat,52.018000000009266,75.9311000000132,-65.0892011155646,-76.59748076533853,99.49336735687709,99.48891262465406,52.01800000000222,51.19920000002929,1562.0,7286.0,0.0,0.0,10.0,36.0,2.0,2.0,12.0,12.0,28.0,158.0,0.0,0.0,-99.947982,-99.94880079999997,1,1
0.1,100.0,1440,1,30,30,0,0,100,25.0,12,25,99,0.0,1,flat,51.96160000000458,6979.5999999996275,-65.09677923031474,-10.148024593714055,99.58682919459616,67.93862723854464,51.96160000000293,4024.599999999952,534.0,1088.0,0.0,0.0,24.0,46.0,2.0,0.0,12.0,12.0,62.0,152.0,0.0,0.0,-99.9480384,-96.02527907080334,1,0
0.1,100.0,1440,1,30,30,0,0,200,10.0,12,4,5,0.1,3,inc_every3,51.920000000008514,49.200800000006126,-65.10237297900679,-79.4323323264794,99.48693624253913,99.5088760231583,51.920000000008514,49.200800000003085,1733.0,1447.0,0.0,0.0,94.0,82.0,1.0,1.0,6.0,6.0,0.0,0.0,0.0,0.0,-99.94807999999999,-99.95079919999999,1,1
0.1,100.0,1440,1,30,30,0,0,200,10.0,18,4,5,0.1,3,inc_every3,51.920000000008514,49.200800000006126,-65.10237297900679,-79.4323323264794,99.48693624253913,99.5088760231583,51.920000000008514,49.200800000003085,1733.0,1447.0,0.0,0.0,94.0,82.0,1.0,1.0,6.0,6.0,0.0,0.0,0.0,0.0,-99.94807999999999,-99.95079919999999,1,1
0.1,100.0,1440,1,30,30,0,0,200,10.0,8,4,5,0.1,3,inc_every3,51.920000000008514,49.200800000006126,-65.10237297900679,-79.4323323264794,99.48693624253913,99.5088760231583,51.920000000008514,49.200800000003085,1733.0,1447.0,0.0,0.0,94.0,82.0,1.0,1.0,6.0,6.0,0.0,0.0,0.0,0.0,-99.94807999999999,-99.95079919999999,1,1
0.1,100.0,1440,1,30,30,0,0,75,15.0,12,25,99,0.0,1,flat,51.894400000004765,55.4975000000004,-65.1058170680221,-78.68189124307328,99.57535656713617,99.48746305873671,51.8944000000036,55.4975000000004,981.0,1664.0,0.0,0.0,25.0,41.0,2.0,2.0,12.0,12.0,99.0,171.0,0.0,0.0,-99.94810559999999,-99.9445025,1,1
0.1,100.0,1440,1,30,30,0,0,75,15.0,8,15,5,0.1,3,inc_every3,51.893600000000944,46.051200000006986,-65.10592471770032,-79.83327800873057,99.5674415890773,99.59552053964325,51.89359999999877,46.05120000000281,1048.0,1158.0,0.0,0.0,46.0,49.0,2.0,2.0,8.0,8.0,189.0,191.0,0.0,0.0,-99.9481064,-99.95394879999999,1,1
0.1,100.0,1440,1,30,30,0,0,200,5.3,8,10,5,0.1,3,inc_every3,51.88280000000967,103.04550000000825,-65.10737811828702,-74.37144972833866,99.49351503851148,99.12787529188259,51.8828000000039,88.14390000001254,3485.0,4499.0,0.0,0.0,38.0,45.0,1.0,2.0,8.0,8.0,56.0,73.0,0.0,0.0,-99.9481172,-99.9118561,1,1
0.1,100.0,1440,1,30,30,0,0,75,25.0,12,6,5,0.1,3,inc_every3,51.8800000000048,82.98850000001116,-65.1077549653502,-75.97028959586629,99.50027452151384,99.26340478409453,51.8799999999965,82.98849999999874,565.0,336.0,0.0,0.0,125.0,77.0,2.0,1.0,11.0,11.0,0.0,0.0,0.0,0.0,-99.94812,-99.9170115,1,1
0.1,100.0,1440,1,30,30,0,0,75,25.0,18,6,5,0.1,3,inc_every3,51.8800000000048,82.98850000001116,-65.1077549653502,-75.97028959586629,99.50027452151384,99.26340478409453,51.8799999999965,82.98849999999874,565.0,336.0,0.0,0.0,125.0,77.0,2.0,1.0,11.0,11.0,0.0,0.0,0.0,0.0,-99.94812,-99.9170115,1,1
0.1,100.0,1440,1,30,30,0,0,75,25.0,18,10,5,0.1,3,inc_every3,51.8748000000069,42.92240000000105,-65.10845486734387,-80.25112874994494,99.60824667527592,99.57457504484948,51.874800000005735,42.92240000000105,647.0,151.0,0.0,0.0,101.0,23.0,2.0,5.0,14.0,13.0,0.0,0.0,0.0,0.0,-99.94812519999999,-99.9570776,1,1
0.1,100.0,1440,1,30,30,0,0,200,25.0,18,25,99,0.0,1,flat,51.86240000000987,15687.80000000949,-65.1101240909022,14.339075867306317,99.5254346473409,47.445297238081245,51.86240000000103,6429.700000001858,552.0,1070.0,0.0,0.0,18.0,28.0,2.0,0.0,16.0,16.0,0.0,0.0,0.0,0.0,-99.9481376,-30.551518608856174,1,0
0.1,100.0,1440,1,30,30,0,0,100,25.0,8,6,5,0.1,3,inc_every3,51.85479999999902,82.18699999999632,-65.11114732120372,-76.03958614018957,99.49385261102978,99.18189329086206,51.85479999999902,82.18699999999632,571.0,395.0,0.0,0.0,99.0,71.0,2.0,1.0,8.0,8.0,149.0,93.0,0.0,0.0,-99.9481452,-99.91781300000001,1,1
0.1,100.0,1440,1,30,30,0,0,400,10.0,18,2,5,0.1,3,inc_every3,86.30000000575788,909.8000000031183,-61.36710098363578,-50.998798899717954,99.48453608241708,92.28684844663997,51.80000000574336,771.4000000030893,4640.0,2874.0,0.0,0.0,331.0,217.0,0.0,0.0,3.0,3.0,0.0,0.0,0.0,0.0,-99.94819999999426,-99.22859999999692,1,1
0.1,100.0,1440,1,30,30,0,0,400,10.0,18,2,99,0.0,1,flat,86.30000000575788,909.8000000031183,-61.36710098363578,-50.998798899717954,99.48453608241708,92.28684844663997,51.80000000574336,771.4000000030893,4640.0,2874.0,0.0,0.0,331.0,217.0,0.0,0.0,3.0,3.0,0.0,0.0,0.0,0.0,-99.94819999999426,-99.22859999999692,1,1
0.1,100.0,1440,1,30,30,0,0,400,10.0,8,2,5,0.1,3,inc_every3,86.30000000575788,909.8000000031183,-61.36710098363578,-50.998798899717954,99.48453608241708,92.28684844663997,51.80000000574336,771.4000000030893,4640.0,2874.0,0.0,0.0,331.0,217.0,0.0,0.0,3.0,3.0,0.0,0.0,0.0,0.0,-99.94819999999426,-99.22859999999692,1,1
0.1,100.0,1440,1,30,30,0,0,400,10.0,12,2,99,0.0,1,flat,86.30000000575788,909.8000000031183,-61.36710098363578,-50.998798899717954,99.48453608241708,92.28684844663997,51.80000000574336,771.4000000030893,4640.0,2874.0,0.0,0.0,331.0,217.0,0.0,0.0,3.0,3.0,0.0,0.0,0.0,0.0,-99.94819999999426,-99.22859999999692,1,1
0.1,100.0,1440,1,30,30,0,0,400,10.0,3,2,5,0.1,3,inc_every3,86.30000000575788,909.8000000031183,-61.36710098363578,-50.998798899717954,99.48453608241708,92.28684844663997,51.80000000574336,771.4000000030893,4640.0,2874.0,0.0,0.0,331.0,217.0,0.0,0.0,3.0,3.0,497.0,305.0,0.0,0.0,-99.94819999999426,-99.22859999999692,1,1
0.1,100.0,1440,1,30,30,0,0,400,10.0,5,2,5,0.1,3,inc_every3,86.30000000575788,909.8000000031183,-61.36710098363578,-50.998798899717954,99.48453608241708,92.28684844663997,51.80000000574336,771.4000000030893,4640.0,2874.0,0.0,0.0,331.0,217.0,0.0,0.0,3.0,3.0,0.0,0.0,0.0,0.0,-99.94819999999426,-99.22859999999692,1,1
0.1,100.0,1440,1,30,30,0,0,400,10.0,12,2,5,0.1,3,inc_every3,86.30000000575788,909.8000000031183,-61.36710098363578,-50.998798899717954,99.48453608241708,92.28684844663997,51.80000000574336,771.4000000030893,4640.0,2874.0,0.0,0.0,331.0,217.0,0.0,0.0,3.0,3.0,0.0,0.0,0.0,0.0,-99.94819999999426,-99.22859999999692,1,1
0.1,100.0,1440,1,30,30,0,0,400,10.0,3,2,99,0.0,1,flat,86.30000000575788,909.8000000031183,-61.36710098363578,-50.998798899717954,99.48453608241708,92.28684844663997,51.80000000574336,771.4000000030893,4640.0,2874.0,0.0,0.0,331.0,217.0,0.0,0.0,3.0,3.0,497.0,305.0,0.0,0.0,-99.94819999999426,-99.22859999999692,1,1
0.1,100.0,1440,1,30,30,0,0,400,10.0,8,2,99,0.0,1,flat,86.30000000575788,909.8000000031183,-61.36710098363578,-50.998798899717954,99.48453608241708,92.28684844663997,51.80000000574336,771.4000000030893,4640.0,2874.0,0.0,0.0,331.0,217.0,0.0,0.0,3.0,3.0,0.0,0.0,0.0,0.0,-99.94819999999426,-99.22859999999692,1,1
0.1,100.0,1440,1,30,30,0,0,400,10.0,5,2,99,0.0,1,flat,86.30000000575788,909.8000000031183,-61.36710098363578,-50.998798899717954,99.48453608241708,92.28684844663997,51.80000000574336,771.4000000030893,4640.0,2874.0,0.0,0.0,331.0,217.0,0.0,0.0,3.0,3.0,0.0,0.0,0.0,0.0,-99.94819999999426,-99.22859999999692,1,1
0.1,100.0,1440,1,30,30,0,0,75,5.3,18,2,5,0.1,3,inc_every3,51.77679999999535,61.6955000000039,-65.12165583461314,-77.9995652262055,99.49442149769072,99.3916531085145,51.77679999999535,61.69550000000356,2487.0,2427.0,0.0,0.0,180.0,173.0,1.0,1.0,7.0,7.0,0.0,0.0,0.0,0.0,-99.9482232,-99.9383045,1,1
0.1,100.0,1440,1,30,30,0,0,75,5.3,8,2,5,0.1,3,inc_every3,51.77679999999535,61.6955000000039,-65.12165583461314,-77.9995652262055,99.49442149769072,99.3916531085145,51.77679999999535,61.69550000000356,2487.0,2427.0,0.0,0.0,180.0,173.0,1.0,1.0,7.0,7.0,0.0,0.0,0.0,0.0,-99.9482232,-99.9383045,1,1
0.1,100.0,1440,1,30,30,0,0,75,5.3,12,2,5,0.1,3,inc_every3,51.77679999999535,61.6955000000039,-65.12165583461314,-77.9995652262055,99.49442149769072,99.3916531085145,51.77679999999535,61.69550000000356,2487.0,2427.0,0.0,0.0,180.0,173.0,1.0,1.0,7.0,7.0,0.0,0.0,0.0,0.0,-99.9482232,-99.9383045,1,1
0.1,100.0,1440,1,30,30,0,0,100,5.3,18,4,5,0.1,3,inc_every3,51.76880000000867,59.23200000000273,-65.12273434668028,-78.26473076460582,99.50347870289555,99.40865571806515,51.76880000000193,59.23200000000273,3141.0,2363.0,0.0,0.0,103.0,83.0,1.0,1.0,8.0,8.0,0.0,0.0,0.0,0.0,-99.9482312,-99.94076799999999,1,1
0.1,100.0,1440,1,30,30,0,0,100,5.3,8,4,5,0.1,3,inc_every3,51.76880000000867,59.23200000000273,-65.12273434668028,-78.26473076460582,99.50347870289555,99.40865571806515,51.76880000000193,59.23200000000273,3141.0,2363.0,0.0,0.0,103.0,83.0,1.0,1.0,8.0,8.0,124.0,92.0,0.0,0.0,-99.9482312,-99.94076799999999,1,1
0.1,100.0,1440,1,30,30,0,0,100,5.3,12,4,5,0.1,3,inc_every3,51.76880000000867,59.23200000000273,-65.12273434668028,-78.26473076460582,99.50347870289555,99.40865571806515,51.76880000000193,59.23200000000273,3141.0,2363.0,0.0,0.0,103.0,83.0,1.0,1.0,8.0,8.0,0.0,0.0,0.0,0.0,-99.9482312,-99.94076799999999,1,1
0.1,100.0,1440,1,30,30,0,0,75,25.0,12,10,5,0.1,3,inc_every3,51.76319999999836,74.33999999999352,-65.12348938445388,-76.74449583020862,99.58397736771059,99.30438850940409,51.76319999999836,74.33999999999352,625.0,153.0,0.0,0.0,97.0,25.0,2.0,2.0,12.0,12.0,126.0,28.0,0.0,0.0,-99.9482368,-99.92566000000001,1,1
0.1,100.0,1440,1,30,30,0,0,75,5.3,5,6,99,0.0,1,flat,51.70880000000369,58.89300000000361,-65.13082743937542,-78.30182291005528,99.49269288124954,99.42175027246755,51.70879999999755,58.893000000003184,3306.0,3332.0,0.0,0.0,74.0,75.0,1.0,1.0,5.0,5.0,391.0,419.0,0.0,0.0,-99.9482912,-99.941107,1,1
0.1,100.0,1440,1,30,30,0,0,75,5.3,5,6,5,0.1,3,inc_every3,51.70880000000369,58.89300000000361,-65.13082743937542,-78.30182291005528,99.49269288124954,99.42175027246755,51.70879999999755,58.893000000003184,3306.0,3332.0,0.0,0.0,74.0,75.0,1.0,1.0,5.0,5.0,391.0,419.0,0.0,0.0,-99.9482912,-99.941107,1,1
0.1,100.0,1440,1,30,30,0,0,100,25.0,12,10,99,0.0,1,flat,51.691199999997934,44.5988000000051,-65.13320283804246,-80.02468176146147,99.49544948755494,99.65346159225473,51.69119999999697,44.59880000000055,612.0,1039.0,0.0,0.0,64.0,104.0,2.0,2.0,12.0,12.0,88.0,148.0,0.0,0.0,-99.9483088,-99.9554012,1,1
0.1,100.0,1440,1,30,30,0,0,75,10.0,8,25,5,0.1,3,inc_every3,51.69040000000216,34.70700000000312,-65.13331082607894,-81.46102125416971,99.53423679942345,99.65449513702926,51.6903999999993,34.70700000000059,1584.0,1698.0,0.0,0.0,24.0,24.0,3.0,3.0,8.0,8.0,172.0,167.0,0.0,0.0,-99.9483096,-99.965293,1,1
0.1,100.0,1440,1,30,30,0,0,75,25.0,12,25,99,0.0,1,flat,51.68600000000197,10723.400000024209,-65.13390478417998,2.1001176314675574,99.5914505458024,43.214109277618256,51.68600000000197,5747.300000012375,594.0,1050.0,0.0,0.0,30.0,50.0,3.0,0.0,12.0,12.0,99.0,199.0,0.0,0.0,-99.948314,-34.32810092376896,1,0
0.1,100.0,1440,1,30,30,0,0,75,25.0,18,10,99,0.0,1,flat,51.681600000006426,45.295200000000534,-65.13449878272641,-79.93236921529277,99.50086823831641,99.6112333705262,51.68160000000299,45.295200000000534,590.0,1048.0,0.0,0.0,75.0,129.0,2.0,2.0,17.0,17.0,0.0,0.0,0.0,0.0,-99.94831839999999,-99.9547048,1,1
0.1,100.0,1440,1,30,30,0,0,200,5.3,8,25,5,0.1,3,inc_every3,51.6499999999983,35.35320000000516,-65.13876596116133,-81.35897078995816,99.5224799608,99.6711391415974,51.64999999999753,35.35320000000016,2949.0,2753.0,0.0,0.0,13.0,13.0,2.0,2.0,8.0,8.0,55.0,48.0,0.0,0.0,-99.94835,-99.9646468,1,1
0.1,100.0,1440,1,30,30,0,0,75,15.0,18,25,99,0.0,1,flat,51.62200000000749,12900.400000055277,-65.14254875064725,7.8730383828645945,99.54688130891999,73.32442939018624,51.62199999999882,5812.1000000472595,1114.0,2666.0,0.0,0.0,31.0,64.0,2.0,0.0,18.0,18.0,58.0,150.0,0.0,0.0,-99.948378,-88.77582039750789,1,0
0.1,100.0,1440,1,30,30,0,0,100,10.0,18,15,99,0.0,1,flat,51.40720000000405,55.57800000000222,-65.17162286881559,-78.67269418956134,99.54075701944811,99.57925416748678,51.40719999999797,55.57800000000222,1836.0,3718.0,0.0,0.0,39.0,72.0,2.0,2.0,17.0,17.0,0.0,0.0,0.0,0.0,-99.9485928,-99.944422,1,1
0.1,100.0,1440,1,30,30,0,0,200,15.0,8,6,5,0.1,3,inc_every3,51.30560000000179,46.54720000000901,-65.18540873568098,-79.76888498897033,99.49559951236778,99.57397766794801,51.3055999999998,46.547200000002476,2671.0,1363.0,0.0,0.0,148.0,81.0,1.0,1.0,7.0,7.0,0.0,0.0,0.0,0.0,-99.9486944,-99.9534528,1,1
0.1,100.0,1440,1,30,30,0,0,200,15.0,12,6,5,0.1,3,inc_every3,51.30560000000179,46.54720000000901,-65.18540873568098,-79.76888498897033,99.49559951236778,99.57397766794801,51.3055999999998,46.547200000002476,2671.0,1363.0,0.0,0.0,148.0,81.0,1.0,1.0,7.0,7.0,0.0,0.0,0.0,0.0,-99.9486944,-99.9534528,1,1
0.1,100.0,1440,1,30,30,0,0,200,15.0,18,6,5,0.1,3,inc_every3,51.30560000000179,46.54720000000901,-65.18540873568098,-79.76888498897033,99.49559951236778,99.57397766794801,51.3055999999998,46.547200000002476,2671.0,1363.0,0.0,0.0,148.0,81.0,1.0,1.0,7.0,7.0,0.0,0.0,0.0,0.0,-99.9486944,-99.9534528,1,1
0.1,100.0,1440,1,30,30,0,0,150,10.0,12,25,5,0.1,3,inc_every3,50.938400000020835,7780.500000041808,-65.2354160395718,-7.1960651959124045,99.51541235004822,83.14984424851546,50.93840000000307,3077.9000000354245,1005.0,4474.0,0.0,0.0,12.0,45.0,3.0,0.0,12.0,12.0,20.0,83.0,0.0,0.0,-99.9490616,-123.49575369294334,1,0
0.1,100.0,1440,1,30,30,0,0,75,5.3,12,6,99,0.0,1,flat,50.892000000007414,35.4345000000083,-65.24175554711454,-81.3462246126963,99.50204496976578,99.64619631963096,50.89199999999835,35.43450000000098,1652.0,2322.0,0.0,0.0,47.0,63.0,2.0,2.0,12.0,12.0,54.0,72.0,0.0,0.0,-99.949108,-99.96456549999999,1,1
0.1,100.0,1440,1,30,30,0,0,75,5.3,18,6,99,0.0,1,flat,50.8920000000026,35.43450000000357,-65.24175554711519,-81.34622461269704,99.5020449697658,99.64619631963097,50.89199999999698,35.43450000000007,1653.0,2320.0,0.0,0.0,47.0,63.0,2.0,2.0,13.0,13.0,0.0,0.0,0.0,0.0,-99.94910800000001,-99.9645655,1,1
0.1,100.0,1440,1,30,30,0,0,100,10.0,18,0,5,0.1,3,inc_every3,50.866400000004944,58.54200000000574,-65.24525518573117,-78.34038642283434,99.530969110189,99.83918800131852,50.86640000000281,58.5420000000031,67.0,732.0,0.0,0.0,0.0,0.0,3.0,3.0,18.0,18.0,1.0,9.0,0.0,0.0,-99.9491336,-99.941458,1,1
0.1,100.0,1440,1,30,30,0,0,100,10.0,12,10,5,0.1,3,inc_every3,50.7904000000064,48.23280000000358,-65.25565304404519,-79.55359057070591,99.50702333346268,99.53000925700364,50.7904000000064,48.232800000003095,983.0,1595.0,0.0,0.0,37.0,55.0,2.0,2.0,12.0,12.0,41.0,59.0,0.0,0.0,-99.94920959999999,-99.95176719999999,1,1
0.1,100.0,1440,1,30,30,0,0,100,10.0,18,10,5,0.1,3,inc_every3,50.7904000000064,48.23280000000358,-65.25565304404519,-79.55359057070591,99.50702333346268,99.53000925700364,50.7904000000064,48.232800000003095,983.0,1595.0,0.0,0.0,37.0,55.0,2.0,2.0,12.0,12.0,0.0,0.0,0.0,0.0,-99.94920959999999,-99.95176719999999,1,1
0.1,100.0,1440,1,30,30,0,0,75,15.0,8,10,5,0.1,3,inc_every3,50.718000000020055,47.87759999999872,-65.26556995355561,-79.59851398541127,99.50869409382838,99.5626578000257,50.71800000000337,47.877599999991844,713.0,826.0,0.0,0.0,49.0,54.0,1.0,2.0,8.0,8.0,132.0,138.0,0.0,0.0,-99.949282,-99.95212240000001,1,1
0.1,100.0,1440,1,30,30,0,0,75,5.3,8,6,5,0.1,3,inc_every3,50.662000000001456,47.08880000000755,-65.27324826071441,-79.69912010175544,99.50530704709458,99.52983135802224,50.66199999999833,47.08879999999877,2278.0,1774.0,0.0,0.0,61.0,53.0,2.0,2.0,8.0,8.0,137.0,98.0,0.0,0.0,-99.949338,-99.9529112,1,1
0.1,100.0,1440,1,30,30,0,0,75,15.0,12,6,5,0.1,3,inc_every3,50.61760000001233,59.15750000000449,-65.27934088797028,-78.27286947398142,99.51316591807486,99.52279638936174,50.61760000000811,59.157500000001505,601.0,857.0,0.0,0.0,70.0,94.0,2.0,1.0,11.0,11.0,0.0,0.0,0.0,0.0,-99.94938239999999,-99.9408425,1,1
0.1,100.0,1440,1,30,30,0,0,75,15.0,18,6,5,0.1,3,inc_every3,50.61760000001233,59.15750000000449,-65.27934088797028,-78.27286947398142,99.51316591807486,99.52279638936174,50.61760000000811,59.157500000001505,601.0,857.0,0.0,0.0,70.0,94.0,2.0,1.0,11.0,11.0,0.0,0.0,0.0,0.0,-99.94938239999999,-99.9408425,1,1
0.1,100.0,1440,1,30,30,0,0,100,10.0,18,4,99,0.0,1,flat,50.458799999999854,73.96800000001281,-65.30116668139749,-76.77918625400262,99.50716608878254,99.29891474337705,50.458799999999854,73.96800000000388,1341.0,1662.0,0.0,0.0,99.0,115.0,1.0,1.0,9.0,9.0,0.0,0.0,0.0,0.0,-99.9495412,-99.92603199999999,1,1
0.1,100.0,1440,1,30,30,0,0,100,10.0,12,4,99,0.0,1,flat,50.458799999999854,73.96800000001281,-65.30116668139749,-76.77918625400262,99.50716608878254,99.29891474337705,50.458799999999854,73.96800000000388,1341.0,1662.0,0.0,0.0,99.0,115.0,1.0,1.0,9.0,9.0,0.0,0.0,0.0,0.0,-99.9495412,-99.92603199999999,1,1
0.1,100.0,1440,1,30,30,0,0,75,15.0,18,15,99,0.0,1,flat,50.45440000000542,59.29699999999673,-65.30177220811181,-78.25763574870724,99.5105363743076,99.54702957061133,50.4543999999986,59.296999999994625,773.0,568.0,0.0,0.0,34.0,27.0,3.0,2.0,18.0,18.0,40.0,35.0,0.0,0.0,-99.94954560000001,-99.940703,1,1
0.1,100.0,1440,1,30,30,0,0,75,5.3,12,6,5,0.1,3,inc_every3,50.373600000006064,45.99040000000252,-65.31289939740411,-79.84120481279078,99.56392534367549,99.54079857817537,50.37359999999981,45.99040000000252,2386.0,1512.0,0.0,0.0,65.0,46.0,3.0,2.0,11.0,11.0,0.0,0.0,0.0,0.0,-99.9496264,-99.95400959999999,1,1
0.1,100.0,1440,1,30,30,0,0,75,5.3,18,6,5,0.1,3,inc_every3,50.373600000006064,45.99040000000252,-65.31289939740411,-79.84120481279078,99.56392534367549,99.54079857817537,50.37359999999981,45.99040000000252,2386.0,1512.0,0.0,0.0,65.0,46.0,3.0,2.0,11.0,11.0,0.0,0.0,0.0,0.0,-99.9496264,-99.95400959999999,1,1
0.1,100.0,1440,1,30,30,0,0,400,5.3,8,4,99,0.0,1,flat,50.29119999999887,635.1000000047825,-65.32426164008025,-55.969472367146736,99.50606283822938,96.02887734916105,50.29119999999887,407.6000000047653,5635.0,5120.0,0.0,0.0,113.0,103.0,1.0,0.0,5.0,5.0,0.0,0.0,0.0,0.0,-99.9497088,-99.59239999999524,1,1
0.1,100.0,1440,1,30,30,0,0,400,5.3,12,4,5,0.1,3,inc_every3,50.29119999999887,635.1000000047825,-65.32426164008025,-55.969472367146736,99.50606283822938,96.02887734916105,50.29119999999887,407.6000000047653,5635.0,5120.0,0.0,0.0,113.0,103.0,1.0,0.0,5.0,5.0,0.0,0.0,0.0,0.0,-99.9497088,-99.59239999999524,1,1
0.1,100.0,1440,1,30,30,0,0,400,10.0,5,15,5,0.1,3,inc_every3,50.29120000001609,7530.300000002404,-65.32426164007788,-8.094347406123969,99.50269757139463,37.508303905447335,50.2912000000033,7101.900000001044,2538.0,2147.0,0.0,0.0,30.0,21.0,1.0,0.0,5.0,5.0,79.0,78.0,0.0,0.0,-99.9497088,-33.11095521701864,1,0
0.1,100.0,1440,1,30,30,0,0,400,5.3,8,4,5,0.1,3,inc_every3,50.29119999999887,635.1000000047825,-65.32426164008025,-55.969472367146736,99.50606283822938,96.02887734916105,50.29119999999887,407.6000000047653,5635.0,5120.0,0.0,0.0,113.0,103.0,1.0,0.0,5.0,5.0,0.0,0.0,0.0,0.0,-99.9497088,-99.59239999999524,1,1
0.1,100.0,1440,1,30,30,0,0,400,5.3,12,4,99,0.0,1,flat,50.29119999999887,635.1000000047825,-65.32426164008025,-55.969472367146736,99.50606283822938,96.02887734916105,50.29119999999887,407.6000000047653,5635.0,5120.0,0.0,0.0,113.0,103.0,1.0,0.0,5.0,5.0,0.0,0.0,0.0,0.0,-99.9497088,-99.59239999999524,1,1
0.1,100.0,1440,1,30,30,0,0,400,5.3,5,4,5,0.1,3,inc_every3,50.29119999999887,635.1000000047825,-65.32426164008025,-55.969472367146736,99.50606283822938,96.02887734916105,50.29119999999887,407.6000000047653,5635.0,5120.0,0.0,0.0,113.0,103.0,1.0,0.0,5.0,5.0,10.0,7.0,0.0,0.0,-99.9497088,-99.59239999999524,1,1
0.1,100.0,1440,1,30,30,0,0,400,5.3,5,4,99,0.0,1,flat,50.29119999999887,635.1000000047825,-65.32426164008025,-55.969472367146736,99.50606283822938,96.02887734916105,50.29119999999887,407.6000000047653,5635.0,5120.0,0.0,0.0,113.0,103.0,1.0,0.0,5.0,5.0,10.0,7.0,0.0,0.0,-99.9497088,-99.59239999999524,1,1
0.1,100.0,1440,1,30,30,0,0,400,10.0,5,15,99,0.0,1,flat,50.29120000001609,7530.300000002404,-65.32426164007788,-8.094347406123969,99.50269757139463,37.508303905447335,50.2912000000033,7101.900000001044,2538.0,2147.0,0.0,0.0,30.0,21.0,1.0,0.0,5.0,5.0,79.0,78.0,0.0,0.0,-99.9497088,-33.11095521701864,1,0
0.1,100.0,1440,1,30,30,0,0,400,5.3,18,4,5,0.1,3,inc_every3,50.29119999999887,635.1000000047825,-65.32426164008025,-55.969472367146736,99.50606283822938,96.02887734916105,50.29119999999887,407.6000000047653,5635.0,5120.0,0.0,0.0,113.0,103.0,1.0,0.0,5.0,5.0,0.0,0.0,0.0,0.0,-99.9497088,-99.59239999999524,1,1
0.1,100.0,1440,1,30,30,0,0,400,5.3,18,4,99,0.0,1,flat,50.29119999999887,635.1000000047825,-65.32426164008025,-55.969472367146736,99.50606283822938,96.02887734916105,50.29119999999887,407.6000000047653,5635.0,5120.0,0.0,0.0,113.0,103.0,1.0,0.0,5.0,5.0,0.0,0.0,0.0,0.0,-99.9497088,-99.59239999999524,1,1
0.1,100.0,1440,1,30,30,0,0,75,5.3,8,15,5,0.1,3,inc_every3,50.270400000001956,79.96799999999439,-65.3271321326961,-76.23394737516922,99.51274207618499,99.23110649590427,50.27040000000014,79.9679999999878,2342.0,4616.0,0.0,0.0,26.0,46.0,2.0,2.0,8.0,8.0,128.0,259.0,0.0,0.0,-99.9497296,-99.920032,1,1
0.1,100.0,1440,1,30,30,0,0,75,10.0,8,4,5,0.1,3,inc_every3,50.103599999993946,33.748500000006985,-65.35018569731729,-81.61487860856506,99.51458936823656,99.707967013949,50.10359999999204,33.74850000000356,1254.0,1467.0,0.0,0.0,111.0,125.0,2.0,2.0,8.0,8.0,161.0,163.0,0.0,0.0,-99.94989640000001,-99.9662515,1,1
0.1,100.0,1440,1,30,30,0,0,150,5.3,8,15,5,0.1,3,inc_every3,50.091199999995354,44.3856000000043,-65.35190196168767,-80.05314517314234,99.50943403617714,99.72113178594839,50.09119999999098,37.43750000001262,1767.0,6082.0,0.0,0.0,17.0,43.0,1.0,3.0,8.0,8.0,42.0,140.0,0.0,0.0,-99.9499088,-99.96256249999999,1,1
0.1,100.0,1440,1,30,30,0,0,150,5.3,8,10,99,0.0,1,flat,50.04000000000201,89.83359999999982,-65.35899207318464,-75.396811941672,99.50517665905251,99.26261337798712,50.03999999999752,89.83359999997958,2535.0,5836.0,0.0,0.0,32.0,61.0,1.0,1.0,8.0,8.0,65.0,149.0,0.0,0.0,-99.94996,-99.91016640000002,1,1
0.1,100.0,1440,1,30,30,0,0,200,10.0,18,25,5,0.1,3,inc_every3,91.17779999999209,59.30000000000382,-60.93968023283338,-78.25730841835005,99.61640909160671,99.46818051370354,49.98880000001563,59.30000000000382,1565.0,1078.0,0.0,0.0,16.0,12.0,2.0,2.0,13.0,13.0,0.0,0.0,0.0,0.0,-99.95001119999998,-99.94069999999999,1,1
0.1,100.0,1440,1,30,30,0,0,100,25.0,5,2,99,0.0,1,flat,49.8608000000049,1807.500000001315,-65.38385324886393,-39.89315567166247,99.51751192653445,86.13335550074115,49.86080000000325,1501.300000001274,1174.0,1151.0,0.0,0.0,414.0,399.0,1.0,0.0,5.0,5.0,582.0,570.0,0.0,0.0,-99.9501392,-98.49869999999872,1,1
0.1,100.0,1440,1,30,30,0,0,100,25.0,5,2,5,0.1,3,inc_every3,49.8608000000049,1807.500000001315,-65.38385324886393,-39.89315567166247,99.51751192653445,86.13335550074115,49.86080000000325,1501.300000001274,1174.0,1151.0,0.0,0.0,414.0,399.0,1.0,0.0,5.0,5.0,582.0,570.0,0.0,0.0,-99.9501392,-98.49869999999872,1,1
0.1,100.0,1440,1,30,30,0,0,150,15.0,12,2,99,0.0,1,flat,49.813600000000804,59.40000000458147,-65.39041339472519,-78.24640405573093,99.50923045093154,99.44017718293601,49.81359999999805,59.4000000045761,2306.0,1348.0,0.0,0.0,371.0,228.0,1.0,0.0,5.0,5.0,0.0,0.0,0.0,0.0,-99.9501864,-99.94059999999543,1,1
0.1,100.0,1440,1,30,30,0,0,150,5.3,5,15,99,0.0,1,flat,49.813599999997905,684.5000000098225,-65.39041339472558,-54.97699753981453,99.50741542812509,95.35016188981758,49.81359999999361,465.3000000097338,6040.0,4269.0,0.0,0.0,41.0,30.0,1.0,0.0,5.0,5.0,356.0,248.0,0.0,0.0,-99.9501864,-99.53469999999027,1,1
0.1,100.0,1440,1,30,30,0,0,150,5.3,5,15,5,0.1,3,inc_every3,49.813599999997905,684.5000000098225,-65.39041339472558,-54.97699753981453,99.50741542812509,95.35016188981758,49.81359999999361,465.3000000097338,6040.0,4269.0,0.0,0.0,41.0,30.0,1.0,0.0,5.0,5.0,356.0,248.0,0.0,0.0,-99.9501864,-99.53469999999027,1,1
0.1,100.0,1440,1,30,30,0,0,150,15.0,18,2,99,0.0,1,flat,49.813600000000804,59.40000000458147,-65.39041339472519,-78.24640405573093,99.50923045093154,99.44017718293601,49.81359999999805,59.4000000045761,2306.0,1348.0,0.0,0.0,371.0,228.0,1.0,0.0,5.0,5.0,0.0,0.0,0.0,0.0,-99.9501864,-99.94059999999543,1,1
0.1,100.0,1440,1,30,30,0,0,150,15.0,18,2,5,0.1,3,inc_every3,49.813600000000804,59.40000000458147,-65.39041339472519,-78.24640405573093,99.50923045093154,99.44017718293601,49.81359999999805,59.4000000045761,2306.0,1348.0,0.0,0.0,371.0,228.0,1.0,0.0,5.0,5.0,0.0,0.0,0.0,0.0,-99.9501864,-99.94059999999543,1,1
0.1,100.0,1440,1,30,30,0,0,150,15.0,5,2,5,0.1,3,inc_every3,49.813600000000804,59.40000000458147,-65.39041339472519,-78.24640405573093,99.50923045093154,99.44017718293601,49.81359999999805,59.4000000045761,2306.0,1348.0,0.0,0.0,371.0,228.0,1.0,0.0,5.0,5.0,445.0,259.0,0.0,0.0,-99.9501864,-99.94059999999543,1,1
0.1,100.0,1440,1,30,30,0,0,150,15.0,5,2,99,0.0,1,flat,49.813600000000804,59.40000000458147,-65.39041339472519,-78.24640405573093,99.50923045093154,99.44017718293601,49.81359999999805,59.4000000045761,2306.0,1348.0,0.0,0.0,371.0,228.0,1.0,0.0,5.0,5.0,445.0,259.0,0.0,0.0,-99.9501864,-99.94059999999543,1,1
0.1,100.0,1440,1,30,30,0,0,150,15.0,12,2,5,0.1,3,inc_every3,49.813600000000804,59.40000000458147,-65.39041339472519,-78.24640405573093,99.50923045093154,99.44017718293601,49.81359999999805,59.4000000045761,2306.0,1348.0,0.0,0.0,371.0,228.0,1.0,0.0,5.0,5.0,0.0,0.0,0.0,0.0,-99.9501864,-99.94059999999543,1,1
0.1,100.0,1440,1,30,30,0,0,150,15.0,8,2,5,0.1,3,inc_every3,49.813600000000804,59.40000000458147,-65.39041339472519,-78.24640405573093,99.50923045093154,99.44017718293601,49.81359999999805,59.4000000045761,2306.0,1348.0,0.0,0.0,371.0,228.0,1.0,0.0,5.0,5.0,0.0,0.0,0.0,0.0,-99.9501864,-99.94059999999543,1,1
0.1,100.0,1440,1,30,30,0,0,150,15.0,8,2,99,0.0,1,flat,49.813600000000804,59.40000000458147,-65.39041339472519,-78.24640405573093,99.50923045093154,99.44017718293601,49.81359999999805,59.4000000045761,2306.0,1348.0,0.0,0.0,371.0,228.0,1.0,0.0,5.0,5.0,0.0,0.0,0.0,0.0,-99.9501864,-99.94059999999543,1,1
0.1,100.0,1440,1,30,30,0,0,75,15.0,12,10,99,0.0,1,flat,49.80920000000684,58.72699999999767,-65.39102518706106,-78.32004074509184,99.51679552972904,99.45041504066194,49.80920000000188,58.72699999999767,756.0,674.0,0.0,0.0,49.0,44.0,2.0,2.0,12.0,12.0,83.0,74.0,0.0,0.0,-99.9501908,-99.941273,1,1
0.1,100.0,1440,1,30,30,0,0,100,10.0,12,25,99,0.0,1,flat,49.683599999998535,4215.500000000349,-65.40850733402111,-22.667172634273957,99.52298859403204,74.64870931537375,49.683599999998535,3388.2000000003854,957.0,3620.0,0.0,0.0,13.0,41.0,2.0,0.0,12.0,12.0,35.0,163.0,0.0,0.0,-99.9503164,-121.96459126502145,1,0
0.1,100.0,1440,1,30,30,0,0,75,15.0,12,10,5,0.1,3,inc_every3,49.51120000000245,47.897599999994696,-65.43256118303889,-79.5959783055614,99.52712269106605,99.5267316167027,49.51120000000245,47.897599999994696,664.0,688.0,0.0,0.0,52.0,53.0,2.0,3.0,12.0,12.0,72.0,66.0,0.0,0.0,-99.9504888,-99.9521024,1,1
0.1,100.0,1440,1,30,30,0,0,100,25.0,8,25,5,0.1,3,inc_every3,75.05819999999306,76.35600000000778,-62.43117796720063,-76.55858729612767,99.57626397520856,99.28772388059699,49.498299999985704,76.35600000000107,1697.0,925.0,0.0,0.0,76.0,41.0,3.0,3.0,8.0,8.0,355.0,197.0,0.0,0.0,-99.95050170000002,-99.923644,1,1
0.1,100.0,1440,1,30,30,0,0,150,5.3,18,6,99,0.0,1,flat,49.42520000000917,85.61770000000581,-65.44458525708214,-75.74622176365892,99.5112561432654,99.17098164142689,49.425199999999506,85.61769999999831,2471.0,2442.0,0.0,0.0,51.0,50.0,1.0,1.0,9.0,9.0,0.0,0.0,0.0,0.0,-99.9505748,-99.9143823,1,1
0.1,100.0,1440,1,30,30,0,0,150,5.3,12,6,99,0.0,1,flat,49.42520000000917,85.61770000000581,-65.44458525708214,-75.74622176365892,99.5112561432654,99.17098164142689,49.425199999999506,85.61769999999831,2471.0,2442.0,0.0,0.0,51.0,50.0,1.0,1.0,9.0,9.0,0.0,0.0,0.0,0.0,-99.9505748,-99.9143823,1,1
0.1,100.0,1440,1,30,30,0,0,150,10.0,12,10,5,0.1,3,inc_every3,49.33120000001361,106.17299999998829,-65.4577470074352,-74.14240738476666,99.51375795927208,99.02554242079394,49.3312000000096,106.17299999998829,1236.0,737.0,0.0,0.0,35.0,24.0,2.0,1.0,10.0,10.0,0.0,0.0,0.0,0.0,-99.95066879999999,-99.89382700000002,1,1
0.1,100.0,1440,1,30,30,0,0,150,10.0,18,10,5,0.1,3,inc_every3,49.33120000001361,106.17299999998829,-65.4577470074352,-74.14240738476666,99.51375795927208,99.02554242079394,49.3312000000096,106.17299999998829,1236.0,737.0,0.0,0.0,35.0,24.0,2.0,1.0,10.0,10.0,0.0,0.0,0.0,0.0,-99.95066879999999,-99.89382700000002,1,1
0.1,100.0,1440,1,30,30,0,0,75,15.0,8,6,5,0.1,3,inc_every3,49.30960000000144,82.88979999998472,-65.46077424377717,-75.97879760535741,99.52233728240549,99.28567292031151,49.30960000000039,82.88979999998472,871.0,836.0,0.0,0.0,92.0,87.0,2.0,1.0,8.0,8.0,176.0,150.0,0.0,0.0,-99.9506904,-99.91711020000001,1,1
0.1,100.0,1440,1,30,30,0,0,200,5.3,12,25,5,0.1,3,inc_every3,49.26520000000647,21.409800000003983,-65.46700022883097,-83.94342477939924,99.53779353954995,99.83512914106176,49.26519999999692,21.409800000003983,2202.0,2013.0,0.0,0.0,11.0,10.0,2.0,3.0,12.0,12.0,14.0,10.0,0.0,0.0,-99.9507348,-99.9785902,1,1
0.1,100.0,1440,1,30,30,0,0,150,5.3,12,15,99,0.0,1,flat,49.260000000006215,1246.2000000263943,-65.46772969182383,-46.18936404506767,99.5188231386877,96.80123058433824,49.25999999999914,426.30000002534007,2282.0,7404.0,0.0,0.0,19.0,51.0,2.0,0.0,12.0,12.0,29.0,81.0,0.0,0.0,-99.95074,-99.57369999997466,1,1
0.1,100.0,1440,1,30,30,0,0,300,5.3,8,15,5,0.1,3,inc_every3,49.22880000000799,7040.100000001559,-65.47210776371719,-9.916959950197423,99.51436998747177,55.42067129971233,49.22879999999827,6029.800000001533,2020.0,5527.0,0.0,0.0,16.0,29.0,1.0,0.0,8.0,8.0,25.0,49.0,0.0,0.0,-99.9507712,-70.75830254962209,1,0
0.1,100.0,1440,1,30,30,0,0,300,10.0,12,25,99,0.0,1,flat,49.209200000017006,16859.200000001,-65.47485922613308,16.81573881647054,99.51455854789383,46.640126527518824,49.20920000000274,7894.700000000876,1554.0,2796.0,0.0,0.0,13.0,15.0,2.0,0.0,12.0,12.0,16.0,20.0,0.0,0.0,-99.9507908,-26.46451423856711,1,0
0.1,100.0,1440,1,30,30,0,0,75,15.0,12,25,5,0.1,3,inc_every3,49.190000000008126,105.07500000001232,-65.47755538633142,-74.22227282130751,99.58051917041895,99.26481392078267,49.19000000000108,105.07500000000675,934.0,509.0,0.0,0.0,31.0,18.0,3.0,2.0,12.0,12.0,94.0,47.0,0.0,0.0,-99.95081,-99.89492499999999,1,1
0.1,100.0,1440,1,30,30,0,0,200,25.0,18,25,5,0.1,3,inc_every3,49.1776000000101,18516.300000014337,-65.47929710386646,20.120700865969955,99.60625790645176,81.69541242463036,49.177600000002826,1922.0000000014238,494.0,1325.0,0.0,0.0,18.0,39.0,2.0,0.0,13.0,13.0,0.0,0.0,0.0,0.0,-99.95082239999999,-98.07799999999858,1,1
0.1,100.0,1440,1,30,30,0,0,75,5.3,5,2,99,0.0,1,flat,49.16840000000644,46.76640000000988,-65.48058957292335,-79.7405809418675,99.5176163566439,99.53703967688287,49.16840000000127,46.76640000000111,2805.0,3111.0,0.0,0.0,190.0,205.0,1.0,1.0,5.0,5.0,382.0,447.0,0.0,0.0,-99.9508316,-99.9532336,1,1
0.1,100.0,1440,1,30,30,0,0,75,5.3,5,2,5,0.1,3,inc_every3,49.16840000000644,46.76640000000988,-65.48058957292335,-79.7405809418675,99.5176163566439,99.53703967688287,49.16840000000127,46.76640000000111,2805.0,3111.0,0.0,0.0,190.0,205.0,1.0,1.0,5.0,5.0,382.0,447.0,0.0,0.0,-99.9508316,-99.9532336,1,1
0.1,100.0,1440,1,30,30,0,0,150,25.0,18,25,5,0.1,3,inc_every3,49.161600000005336,30529.8000000416,-65.48154500047328,39.393486896813656,99.62633223121675,47.52327330375183,49.16160000000173,6951.900000000847,531.0,1508.0,0.0,0.0,24.0,55.0,2.0,0.0,14.0,14.0,0.0,0.0,0.0,0.0,-99.9508384,-5.653059710690002,1,0
0.1,100.0,1440,1,30,30,0,0,300,10.0,18,25,99,0.0,1,flat,49.13520000000301,16899.200000000885,-65.48525530957141,16.89814532895557,99.51528854690734,46.67167167166875,49.135200000002214,7884.700000000725,1552.0,2798.0,0.0,0.0,13.0,15.0,2.0,0.0,13.0,13.0,0.0,0.0,0.0,0.0,-99.95086479999999,-26.445198014381923,1,0
0.1,100.0,1440,1,30,30,0,0,75,25.0,8,10,5,0.1,3,inc_every3,49.10239999999554,86.2735999999984,-65.48986730948019,-75.69107917219489,99.52702929192718,99.23075770815147,49.10239999999554,86.2735999999984,417.0,495.0,0.0,0.0,54.0,66.0,2.0,1.0,8.0,8.0,128.0,151.0,0.0,0.0,-99.9508976,-99.9137264,1,1
0.1,100.0,1440,1,30,30,0,0,100,15.0,8,6,5,0.1,3,inc_every3,49.08359999999195,105.61140000001063,-65.49251188395388,-74.1831837280974,99.52293681417487,98.96624609692356,49.08359999999092,105.61139999999949,770.0,815.0,0.0,0.0,71.0,74.0,2.0,1.0,8.0,8.0,112.0,104.0,0.0,0.0,-99.95091640000001,-99.8943886,1,1
0.1,100.0,1440,1,30,30,0,0,200,15.0,12,15,99,0.0,1,flat,51.92000000000189,6774.200000009485,-65.10237297900767,-10.943153642439363,99.5488954867142,64.57993988342538,48.31600000000071,4218.600000004602,1166.0,2218.0,0.0,0.0,30.0,49.0,2.0,0.0,12.0,12.0,33.0,51.0,0.0,0.0,-99.951684,-90.10303340929013,1,0
0.1,100.0,1440,1,30,30,0,0,200,15.0,18,15,99,0.0,1,flat,51.92000000000189,6774.200000009485,-65.10237297900767,-10.943153642439363,99.5488954867142,64.57993988342538,48.31600000000071,4218.600000004602,1166.0,2218.0,0.0,0.0,30.0,49.0,2.0,0.0,12.0,12.0,0.0,0.0,0.0,0.0,-99.951684,-90.10303340929013,1,0
0.1,100.0,1440,1,30,30,0,0,75,10.0,3,4,5,0.1,3,inc_every3,47.90000000978415,1834.6000000080203,-65.66066263123109,-39.62638379172579,99.52928459109887,84.87321014311256,47.90000000977898,1512.8000000076006,3355.0,2654.0,0.0,0.0,193.0,151.0,0.0,0.0,3.0,3.0,1484.0,1158.0,0.0,0.0,-99.95209999999022,-98.4871999999924,1,1
0.1,100.0,1440,1,30,30,0,0,75,10.0,3,4,99,0.0,1,flat,47.90000000978415,1834.6000000080203,-65.66066263123109,-39.62638379172579,99.52928459109887,84.87321014311256,47.90000000977898,1512.8000000076006,3355.0,2654.0,0.0,0.0,193.0,151.0,0.0,0.0,3.0,3.0,1484.0,1158.0,0.0,0.0,-99.95209999999022,-98.4871999999924,1,1
0.1,100.0,1440,1,30,30,0,0,100,15.0,18,6,99,0.0,1,flat,52.31299999999743,105.48360000003538,-65.04967056315317,-74.19248422389339,99.53453400332398,98.95070428139422,47.89040000000496,105.48360000000139,973.0,632.0,0.0,0.0,82.0,57.0,2.0,1.0,11.0,11.0,0.0,0.0,0.0,0.0,-99.9521096,-99.8945164,1,1
0.1,100.0,1440,1,30,30,0,0,100,15.0,12,6,99,0.0,1,flat,52.31299999999743,105.48360000003538,-65.04967056315317,-74.19248422389339,99.53453400332398,98.95070428139422,47.89040000000496,105.48360000000139,973.0,632.0,0.0,0.0,82.0,57.0,2.0,1.0,11.0,11.0,0.0,0.0,0.0,0.0,-99.9521096,-99.8945164,1,1
0.1,100.0,1440,1,30,30,0,0,75,10.0,12,0,5,0.1,3,inc_every3,47.71800000000721,58.64199999999411,-65.68681290871459,-78.32938316027628,99.68460084339121,99.61984960456388,47.71800000000198,58.64199999999411,911.0,512.0,0.0,0.0,0.0,0.0,3.0,4.0,12.0,12.0,42.0,24.0,0.0,0.0,-99.952282,-99.94135800000001,1,1
0.1,100.0,1440,1,30,30,0,0,150,15.0,8,25,5,0.1,3,inc_every3,64.78200000000263,4370.700000018929,-63.52198199336291,-21.830666828282517,99.5507155769809,85.14294302304333,47.71760000002723,1779.4000000163728,1112.0,2080.0,0.0,0.0,21.0,35.0,2.0,0.0,8.0,8.0,86.0,159.0,0.0,0.0,-99.95228239999997,-98.22059999998363,1,1
0.1,100.0,1440,1,30,30,0,0,75,10.0,18,15,5,0.1,3,inc_every3,47.55040000000723,96.75900000000394,-65.71096480794967,-74.84704615839284,99.54538988106614,99.06500631080905,47.55040000000723,94.08000000008423,687.0,384.0,0.0,0.0,23.0,14.0,3.0,2.0,15.0,15.0,0.0,0.0,0.0,0.0,-99.9524496,-99.90591999999991,1,1
0.1,100.0,1440,1,30,30,0,0,300,15.0,18,6,99,0.0,1,flat,47.47000000000838,950.7000000016233,-65.72257497728602,-50.35337711322965,99.5465227359572,93.96977038437697,47.47000000000094,614.8000000016211,2567.0,2092.0,0.0,0.0,118.0,96.0,1.0,0.0,6.0,6.0,0.0,0.0,0.0,0.0,-99.95253,-99.38519999999838,1,1
0.1,100.0,1440,1,30,30,0,0,300,15.0,12,6,99,0.0,1,flat,47.47000000000838,950.7000000016233,-65.72257497728602,-50.35337711322965,99.5465227359572,93.96977038437697,47.47000000000094,614.8000000016211,2567.0,2092.0,0.0,0.0,118.0,96.0,1.0,0.0,6.0,6.0,0.0,0.0,0.0,0.0,-99.95253,-99.38519999999838,1,1
0.1,100.0,1440,1,30,30,0,0,300,15.0,8,6,99,0.0,1,flat,47.47000000000838,950.7000000016233,-65.72257497728602,-50.35337711322965,99.5465227359572,93.96977038437697,47.47000000000094,614.8000000016211,2567.0,2092.0,0.0,0.0,118.0,96.0,1.0,0.0,6.0,6.0,0.0,0.0,0.0,0.0,-99.95253,-99.38519999999838,1,1
0.1,100.0,1440,1,30,30,0,0,300,5.3,5,25,5,0.1,3,inc_every3,47.28560000001215,4348.800000000774,-65.74926280178171,-21.947426804703497,99.53750843595034,68.0588327827524,47.28560000000101,3248.800000000708,3991.0,2910.0,0.0,0.0,15.0,10.0,1.0,0.0,5.0,5.0,105.0,77.0,0.0,0.0,-99.9527144,-108.0650923702083,1,0
0.1,100.0,1440,1,30,30,0,0,300,5.3,5,25,99,0.0,1,flat,47.28560000001215,4348.800000000774,-65.74926280178171,-21.947426804703497,99.53750843595034,68.0588327827524,47.28560000000101,3248.800000000708,3991.0,2910.0,0.0,0.0,15.0,10.0,1.0,0.0,5.0,5.0,105.0,77.0,0.0,0.0,-99.9527144,-108.0650923702083,1,0
0.1,100.0,1440,1,30,30,0,0,150,5.3,12,0,5,0.1,3,inc_every3,47.13360000000307,83.84740000000681,-65.77132410643635,-75.89655018427692,99.82294446447901,99.60119004585158,47.133599999997216,83.84740000000181,3499.0,1342.0,0.0,0.0,0.0,0.0,3.0,2.0,12.0,12.0,31.0,7.0,0.0,0.0,-99.9528664,-99.9161526,1,1
0.1,100.0,1440,1,30,30,0,0,75,5.3,12,4,99,0.0,1,flat,47.10280000000134,96.48809999999645,-65.77580135561425,-74.86802264934764,99.54957446401596,99.21133267386827,47.102799999998325,80.52530000003998,3078.0,2431.0,0.0,0.0,112.0,90.0,1.0,2.0,10.0,10.0,0.0,0.0,0.0,0.0,-99.9528972,-99.91947469999997,1,1
0.1,100.0,1440,1,30,30,0,0,75,5.3,18,4,99,0.0,1,flat,47.10280000000134,96.48809999999645,-65.77580135561425,-74.86802264934764,99.54957446401596,99.21133267386827,47.102799999998325,80.52530000003998,3078.0,2431.0,0.0,0.0,112.0,90.0,1.0,2.0,10.0,10.0,0.0,0.0,0.0,0.0,-99.9528972,-99.91947469999997,1,1
0.1,100.0,1440,1,30,30,0,0,300,15.0,8,25,99,0.0,1,flat,73.92699999999672,13907.800000000643,-62.54517406573235,10.313928488775947,99.54025322409919,32.06186420792365,46.91440000002066,9209.400000000021,1326.0,1484.0,0.0,0.0,17.0,14.0,2.0,0.0,8.0,8.0,41.0,47.0,0.0,0.0,-99.95308559999998,-3.8097999270713494,1,0
0.1,100.0,1440,1,30,30,0,0,75,25.0,18,4,5,0.1,3,inc_every3,46.83759999999663,75.65669999999949,-65.81444942030048,-76.62267944115933,99.55469100589471,99.29891672998876,46.83759999999663,75.6566999999983,571.0,397.0,0.0,0.0,167.0,116.0,2.0,2.0,10.0,10.0,0.0,0.0,0.0,0.0,-99.9531624,-99.9243433,1,1
0.1,100.0,1440,1,30,30,0,0,75,25.0,12,4,5,0.1,3,inc_every3,46.83759999999663,75.65669999999949,-65.81444942030048,-76.62267944115933,99.55469100589471,99.29891672998876,46.83759999999663,75.6566999999983,571.0,397.0,0.0,0.0,167.0,116.0,2.0,2.0,10.0,10.0,0.0,0.0,0.0,0.0,-99.9531624,-99.9243433,1,1
0.1,100.0,1440,1,30,30,0,0,150,15.0,12,0,5,0.1,3,inc_every3,46.5855999999942,16241.200000014971,-65.85133635344236,15.524743045009615,99.821535726873,96.03755760079473,46.5855999999942,960.5000000099535,863.0,795.0,0.0,0.0,0.0,0.0,3.0,0.0,12.0,12.0,26.0,30.0,0.0,0.0,-99.9534144,-99.03949999999004,1,1
0.1,100.0,1440,1,30,30,0,0,75,10.0,18,2,99,0.0,1,flat,46.4540000000041,95.20000000771466,-65.8706630068705,-74.9683335565823,99.55610977334406,99.20062118595091,46.4539999999983,80.30000000767433,1899.0,1408.0,0.0,0.0,271.0,208.0,1.0,0.0,8.0,8.0,0.0,0.0,0.0,0.0,-99.953546,-99.91969999999233,1,1
0.1,100.0,1440,1,30,30,0,0,75,10.0,12,2,99,0.0,1,flat,46.4540000000041,95.20000000771466,-65.8706630068705,-74.9683335565823,99.55610977334406,99.20062118595091,46.4539999999983,80.30000000767433,1899.0,1408.0,0.0,0.0,271.0,208.0,1.0,0.0,8.0,8.0,0.0,0.0,0.0,0.0,-99.953546,-99.91969999999233,1,1
0.1,100.0,1440,1,30,30,0,0,75,10.0,8,2,99,0.0,1,flat,46.4540000000041,95.20000000771466,-65.8706630068705,-74.9683335565823,99.55610977334406,99.20062118595091,46.4539999999983,80.30000000767433,1899.0,1408.0,0.0,0.0,271.0,208.0,1.0,0.0,8.0,8.0,9.0,6.0,0.0,0.0,-99.953546,-99.91969999999233,1,1
0.1,100.0,1440,1,30,30,0,0,75,25.0,8,6,5,0.1,3,inc_every3,46.4500000000119,105.6204000000015,-65.87125112858396,-74.18252906163168,99.55257809414643,98.99997727660066,46.45000000000081,105.62040000000013,647.0,417.0,0.0,0.0,128.0,86.0,2.0,1.0,8.0,8.0,213.0,127.0,0.0,0.0,-99.95354999999999,-99.8943796,1,1
0.1,100.0,1440,1,30,30,0,0,75,25.0,8,4,5,0.1,3,inc_every3,46.40160000000081,76.01300000000649,-65.87837061394126,-76.58997212899881,99.55580402442999,99.29775597498231,46.40159999999767,76.01299999999458,483.0,388.0,0.0,0.0,138.0,112.0,2.0,3.0,8.0,8.0,172.0,138.0,0.0,0.0,-99.9535984,-99.92398700000001,1,1
0.1,100.0,1440,1,30,30,0,0,100,5.3,3,4,99,0.0,1,flat,46.40000000468865,32.65440000000203,-65.87860606954767,-81.79430100082192,99.54411027810562,99.67360940358034,46.40000000468865,32.65439999999771,4529.0,4548.0,0.0,0.0,121.0,121.0,0.0,1.0,3.0,3.0,1011.0,1018.0,0.0,0.0,-99.9535999999953,-99.9673456,1,1
0.1,100.0,1440,1,30,30,0,0,100,5.3,3,4,5,0.1,3,inc_every3,46.40000000468865,32.65440000000203,-65.87860606954767,-81.79430100082192,99.54411027810562,99.67360940358034,46.40000000468865,32.65439999999771,4529.0,4548.0,0.0,0.0,121.0,121.0,0.0,1.0,3.0,3.0,1011.0,1018.0,0.0,0.0,-99.9535999999953,-99.9673456,1,1
0.1,100.0,1440,1,30,30,0,0,75,15.0,5,2,99,0.0,1,flat,46.33640000000152,47.09320000000551,-65.88797072214876,-79.69855564020664,99.55445769230776,99.53211393826187,46.336399999994796,47.09320000000551,1892.0,985.0,0.0,0.0,409.0,227.0,1.0,1.0,5.0,5.0,723.0,386.0,0.0,0.0,-99.9536636,-99.9529068,1,1
0.1,100.0,1440,1,30,30,0,0,75,15.0,5,2,5,0.1,3,inc_every3,46.33640000000152,47.09320000000551,-65.88797072214876,-79.69855564020664,99.55445769230776,99.53211393826187,46.336399999994796,47.09320000000551,1892.0,985.0,0.0,0.0,409.0,227.0,1.0,1.0,5.0,5.0,723.0,386.0,0.0,0.0,-99.9536636,-99.9529068,1,1
0.1,100.0,1440,1,30,30,0,0,400,25.0,18,0,99,0.0,1,flat,46.30999999999932,46.99920000000401,-65.89186095598737,-79.71062265880533,99.75235823832651,99.65011613364307,46.30999999999756,46.99919999999685,475.0,135.0,0.0,0.0,0.0,0.0,2.0,2.0,18.0,18.0,5.0,1.0,0.0,0.0,-99.95369000000001,-99.9530008,1,1
0.1,100.0,1440,1,30,30,0,0,100,10.0,12,4,5,0.1,3,inc_every3,46.136799999999965,44.991199999999395,-65.9174273363947,-79.97254298738972,99.549379303609,99.59059829837574,46.13679999999286,44.991199999998315,1461.0,1638.0,0.0,0.0,108.0,118.0,2.0,2.0,8.0,8.0,0.0,0.0,0.0,0.0,-99.9538632,-99.9550088,1,1
0.1,100.0,1440,1,30,30,0,0,100,10.0,18,4,5,0.1,3,inc_every3,46.136799999999965,44.991199999999395,-65.9174273363947,-79.97254298738972,99.549379303609,99.59059829837574,46.13679999999286,44.991199999998315,1461.0,1638.0,0.0,0.0,108.0,118.0,2.0,2.0,8.0,8.0,0.0,0.0,0.0,0.0,-99.9538632,-99.9550088,1,1
0.1,100.0,1440,1,30,30,0,0,100,10.0,8,4,5,0.1,3,inc_every3,46.136799999999965,44.991199999999395,-65.9174273363947,-79.97254298738972,99.549379303609,99.59059829837574,46.13679999999286,44.991199999998315,1461.0,1638.0,0.0,0.0,108.0,118.0,2.0,2.0,8.0,8.0,122.0,132.0,0.0,0.0,-99.9538632,-99.9550088,1,1
0.1,100.0,1440,1,30,30,0,0,75,10.0,8,15,5,0.1,3,inc_every3,46.08399999999688,56.951999999998236,-65.92523651259037,-78.5171392869151,99.58159466870046,99.4775621032548,46.083999999996564,56.95199999999696,1754.0,2865.0,0.0,0.0,44.0,66.0,2.0,2.0,8.0,8.0,201.0,303.0,0.0,0.0,-99.953916,-99.943048,1,1
0.1,100.0,1440,1,30,30,0,0,100,15.0,18,25,99,0.0,1,flat,45.94800000000399,14998.199999999008,-65.94538406599487,12.819746506824359,99.5667816937263,86.87770045936179,45.948000000001684,1442.6000000000781,1114.0,2587.0,0.0,0.0,26.0,51.0,3.0,0.0,18.0,18.0,42.0,89.0,0.0,0.0,-99.954052,-98.55739999999992,1,1
0.1,100.0,1440,1,30,30,0,0,300,25.0,5,10,99,0.0,1,flat,45.93199999999837,8398.200000000747,-65.94775750119648,-5.062105675754058,99.58644781978451,35.88169052041574,45.93199999999575,6661.70000000041,1761.0,971.0,0.0,0.0,93.0,47.0,1.0,0.0,5.0,5.0,218.0,137.0,0.0,0.0,-99.954068,-26.825486716585534,1,0
0.1,100.0,1440,1,30,30,0,0,300,25.0,5,10,5,0.1,3,inc_every3,45.93199999999837,8398.200000000747,-65.94775750119648,-5.062105675754058,99.58644781978451,35.88169052041574,45.93199999999575,6661.70000000041,1761.0,971.0,0.0,0.0,93.0,47.0,1.0,0.0,5.0,5.0,218.0,137.0,0.0,0.0,-99.954068,-26.825486716585534,1,0
0.1,100.0,1440,1,30,30,0,0,200,5.3,18,0,99,0.0,1,flat,45.409200000000794,82.36200000000895,-66.02567580718048,-76.02441551679759,99.79620223055011,99.44156812757656,45.4091999999967,82.36199999999644,3681.0,977.0,0.0,0.0,0.0,0.0,2.0,2.0,18.0,18.0,12.0,1.0,0.0,0.0,-99.9545908,-99.917638,1,1
0.1,100.0,1440,1,30,30,0,0,150,5.3,12,6,5,0.1,3,inc_every3,45.320800000007864,35.40479999999974,-66.03892181993305,-81.35087858152694,99.55184273240576,99.64619258903947,45.32080000000343,35.404799999998176,2936.0,2353.0,0.0,0.0,58.0,50.0,2.0,1.0,8.0,8.0,0.0,0.0,0.0,0.0,-99.9546792,-99.9645952,1,1
0.1,100.0,1440,1,30,30,0,0,150,15.0,12,25,5,0.1,3,inc_every3,45.320800000010024,58.64999999999611,-66.03892181993271,-78.32850346880852,99.65172941113197,99.63256253954746,45.320799999999565,58.64999999999611,864.0,1338.0,0.0,0.0,18.0,27.0,3.0,2.0,12.0,12.0,31.0,45.0,0.0,0.0,-99.9546792,-99.94135,1,1
0.1,100.0,1440,1,30,30,0,0,150,5.3,18,6,5,0.1,3,inc_every3,45.320800000007864,35.40479999999974,-66.03892181993305,-81.35087858152694,99.55184273240576,99.64619258903947,45.32080000000343,35.404799999998176,2936.0,2353.0,0.0,0.0,58.0,50.0,2.0,1.0,8.0,8.0,0.0,0.0,0.0,0.0,-99.9546792,-99.9645952,1,1
0.1,100.0,1440,1,30,30,0,0,150,5.3,8,6,5,0.1,3,inc_every3,45.320800000007864,35.40479999999974,-66.03892181993305,-81.35087858152694,99.55184273240576,99.64619258903947,45.32080000000343,35.404799999998176,2936.0,2353.0,0.0,0.0,58.0,50.0,2.0,1.0,8.0,8.0,72.0,60.0,0.0,0.0,-99.9546792,-99.9645952,1,1
0.1,100.0,1440,1,30,30,0,0,200,15.0,5,4,5,0.1,3,inc_every3,45.281600000005994,55.137000000001365,-66.04480223235123,-78.72319338285949,99.55482323331626,99.46397114580702,45.28160000000349,55.13699999999824,3728.0,2157.0,0.0,0.0,276.0,167.0,1.0,1.0,5.0,5.0,470.0,294.0,0.0,0.0,-99.95471839999999,-99.944863,1,1
0.1,100.0,1440,1,30,30,0,0,200,15.0,5,4,99,0.0,1,flat,45.281600000005994,55.137000000001365,-66.04480223235123,-78.72319338285949,99.55482323331626,99.46397114580702,45.28160000000349,55.13699999999824,3728.0,2157.0,0.0,0.0,276.0,167.0,1.0,1.0,5.0,5.0,470.0,294.0,0.0,0.0,-99.95471839999999,-99.944863,1,1
0.1,100.0,1440,1,30,30,0,0,300,25.0,12,0,5,0.1,3,inc_every3,45.19200000001365,21.434999999999746,-66.0582584809656,-83.93780317734182,99.85209864017935,99.87872770168205,45.19199999999864,21.434999999996023,635.0,171.0,0.0,0.0,0.0,0.0,2.0,3.0,12.0,12.0,12.0,2.0,0.0,0.0,-99.954808,-99.978565,1,1
0.1,100.0,1440,1,30,30,0,0,200,25.0,12,25,5,0.1,3,inc_every3,91.10920000000056,18027.300000014962,-60.945563100142785,19.167813187952397,99.70830917063275,83.1544461480716,45.169200000018066,1768.8000000063685,588.0,1325.0,0.0,0.0,21.0,39.0,2.0,0.0,12.0,12.0,24.0,48.0,0.0,0.0,-99.95483079999998,-98.23119999999363,1,1
0.1,100.0,1440,1,30,30,0,0,200,10.0,18,0,99,0.0,1,flat,45.15040000001221,48.24399999999724,-66.06451328009221,-79.55217785138097,99.79101003976105,99.69620029974439,45.150400000000104,48.24399999999724,1654.0,537.0,0.0,0.0,0.0,0.0,2.0,2.0,18.0,18.0,13.0,1.0,0.0,0.0,-99.9548496,-99.951756,1,1
0.1,100.0,1440,1,30,30,0,0,200,10.0,8,0,5,0.1,3,inc_every3,45.11760000000777,36.75809999999987,-66.06944819958352,-81.14154242446853,99.56338088141365,99.65483731630597,45.11760000000149,36.758099999997995,882.0,545.0,0.0,0.0,0.0,0.0,2.0,2.0,8.0,8.0,27.0,13.0,0.0,0.0,-99.9548824,-99.9632419,1,1
0.1,100.0,1440,1,30,30,0,0,400,15.0,8,6,5,0.1,3,inc_every3,45.054800000003354,9341.800000003113,-66.07890477754333,-2.005696679063196,99.61806637561993,34.75694767170694,45.05480000000006,8423.400000002732,3879.0,1850.0,0.0,0.0,156.0,68.0,1.0,0.0,6.0,6.0,0.0,0.0,0.0,0.0,-99.9549452,-21.519592022477074,1,0
0.1,100.0,1440,1,30,30,0,0,400,15.0,12,6,5,0.1,3,inc_every3,45.054800000003354,9341.800000003113,-66.07890477754333,-2.005696679063196,99.61806637561993,34.75694767170694,45.05480000000006,8423.400000002732,3879.0,1850.0,0.0,0.0,156.0,68.0,1.0,0.0,6.0,6.0,0.0,0.0,0.0,0.0,-99.9549452,-21.519592022477074,1,0
0.1,100.0,1440,1,30,30,0,0,400,15.0,18,6,5,0.1,3,inc_every3,45.054800000003354,9341.800000003113,-66.07890477754333,-2.005696679063196,99.61806637561993,34.75694767170694,45.05480000000006,8423.400000002732,3879.0,1850.0,0.0,0.0,156.0,68.0,1.0,0.0,6.0,6.0,0.0,0.0,0.0,0.0,-99.9549452,-21.519592022477074,1,0
0.1,100.0,1440,1,30,30,0,0,400,15.0,8,6,99,0.0,1,flat,44.97040000000794,9297.900000003228,-66.09163055704914,-2.1429590798073717,99.61984530199922,34.8233592084895,44.97040000000794,8379.500000002827,3883.0,1851.0,0.0,0.0,156.0,68.0,1.0,0.0,6.0,6.0,0.0,0.0,0.0,0.0,-99.95502959999999,-21.78967749678637,1,0
0.1,100.0,1440,1,30,30,0,0,400,15.0,12,6,99,0.0,1,flat,44.97040000000794,9297.900000003228,-66.09163055704914,-2.1429590798073717,99.61984530199922,34.8233592084895,44.97040000000794,8379.500000002827,3883.0,1851.0,0.0,0.0,156.0,68.0,1.0,0.0,6.0,6.0,0.0,0.0,0.0,0.0,-99.95502959999999,-21.78967749678637,1,0
0.1,100.0,1440,1,30,30,0,0,400,15.0,18,6,99,0.0,1,flat,44.97040000000794,9297.900000003228,-66.09163055704914,-2.1429590798073717,99.61984530199922,34.8233592084895,44.97040000000794,8379.500000002827,3883.0,1851.0,0.0,0.0,156.0,68.0,1.0,0.0,6.0,6.0,0.0,0.0,0.0,0.0,-99.95502959999999,-21.78967749678637,1,0
0.1,100.0,1440,1,30,30,0,0,400,15.0,5,6,5,0.1,3,inc_every3,44.96640000000656,9109.400000003126,-66.0922341485669,-2.737572088792639,99.62009107729746,35.27970922881413,44.96640000000099,8191.000000002741,3887.0,1845.0,0.0,0.0,156.0,68.0,1.0,0.0,5.0,5.0,219.0,108.0,0.0,0.0,-99.9550336,-23.296990546420894,1,0
0.1,100.0,1440,1,30,30,0,0,400,15.0,5,6,99,0.0,1,flat,44.96640000000656,9109.400000003126,-66.0922341485669,-2.737572088792639,99.62009107729746,35.27970922881413,44.96640000000099,8191.000000002741,3887.0,1845.0,0.0,0.0,156.0,68.0,1.0,0.0,5.0,5.0,219.0,108.0,0.0,0.0,-99.9550336,-23.296990546420894,1,0
0.1,100.0,1440,1,30,30,0,0,75,15.0,12,4,5,0.1,3,inc_every3,44.92640000000554,87.58960000000152,-66.09827242708927,-75.58132286578908,99.56886521759992,99.28069639484299,44.92640000000159,87.5895999999799,759.0,931.0,0.0,0.0,118.0,137.0,2.0,1.0,9.0,10.0,0.0,0.0,0.0,0.0,-99.95507359999999,-99.91241040000001,1,1
0.1,100.0,1440,1,30,30,0,0,75,15.0,18,4,5,0.1,3,inc_every3,44.92640000000554,87.58960000000152,-66.09827242708927,-75.58132286578908,99.56886521759992,99.28069639484299,44.92640000000159,87.5895999999799,759.0,931.0,0.0,0.0,118.0,137.0,2.0,1.0,9.0,10.0,0.0,0.0,0.0,0.0,-99.95507359999999,-99.91241040000001,1,1
0.1,100.0,1440,1,30,30,0,0,75,15.0,12,2,99,0.0,1,flat,44.926400000009494,91.6000000063749,-66.09827242708867,-75.25383565796038,99.58823540194493,99.11163697368497,44.92639999999764,91.6000000063749,1276.0,901.0,0.0,0.0,299.0,216.0,1.0,0.0,8.0,8.0,0.0,0.0,0.0,0.0,-99.9550736,-99.90839999999362,1,1
0.1,100.0,1440,1,30,30,0,0,75,15.0,18,2,99,0.0,1,flat,44.926400000009494,91.6000000063749,-66.09827242708867,-75.25383565796038,99.58823540194493,99.11163697368497,44.92639999999764,91.6000000063749,1276.0,901.0,0.0,0.0,299.0,216.0,1.0,0.0,8.0,8.0,0.0,0.0,0.0,0.0,-99.9550736,-99.90839999999362,1,1
0.1,100.0,1440,1,30,30,0,0,75,15.0,8,2,99,0.0,1,flat,44.926400000009494,91.6000000063749,-66.09827242708867,-75.25383565796038,99.58823540194493,99.11163697368497,44.92639999999764,91.6000000063749,1276.0,901.0,0.0,0.0,299.0,216.0,1.0,0.0,8.0,8.0,30.0,26.0,0.0,0.0,-99.9550736,-99.90839999999362,1,1
0.1,100.0,1440,1,30,30,0,0,200,10.0,12,0,5,0.1,3,inc_every3,44.82680000000073,58.8640000000031,-66.11332644711585,-78.30500294133729,99.88132769976917,99.69325530617672,44.826799999999196,58.86400000000276,2265.0,550.0,0.0,0.0,0.0,0.0,2.0,2.0,12.0,12.0,30.0,5.0,0.0,0.0,-99.9551732,-99.941136,1,1
0.1,100.0,1440,1,30,30,0,0,200,25.0,18,0,99,0.0,1,flat,44.707200000006566,47.836800000010044,-66.1314387564036,-79.60368908030381,99.79145232164348,99.70312595029013,44.707200000006566,47.83680000000288,464.0,178.0,0.0,0.0,0.0,0.0,2.0,2.0,18.0,18.0,13.0,3.0,0.0,0.0,-99.9552928,-99.9521632,1,1
0.1,100.0,1440,1,30,30,0,0,150,15.0,5,4,99,0.0,1,flat,44.68560000000329,57.07900000000461,-66.13471400669088,-78.5028948358365,99.55975212066875,99.45832502965595,44.68560000000076,57.07900000000461,3756.0,2102.0,0.0,0.0,313.0,182.0,1.0,1.0,5.0,5.0,692.0,363.0,0.0,0.0,-99.9553144,-99.942921,1,1
0.1,100.0,1440,1,30,30,0,0,150,15.0,5,4,5,0.1,3,inc_every3,44.68560000000329,57.07900000000461,-66.13471400669088,-78.5028948358365,99.55975212066875,99.45832502965595,44.68560000000076,57.07900000000461,3756.0,2102.0,0.0,0.0,313.0,182.0,1.0,1.0,5.0,5.0,692.0,363.0,0.0,0.0,-99.9553144,-99.942921,1,1
0.1,100.0,1440,1,30,30,0,0,100,10.0,12,0,99,0.0,1,flat,44.63400000000743,3358.000000000684,-66.14254334477762,-27.727558085506722,99.58245397395599,92.96769851951076,44.634000000000725,752.4000000005071,798.0,679.0,0.0,0.0,0.0,0.0,2.0,0.0,12.0,12.0,28.0,25.0,0.0,0.0,-99.955366,-99.2475999999995,1,1
0.1,100.0,1440,1,30,30,0,0,75,10.0,18,6,99,0.0,1,flat,44.594000000011604,71.94780000000975,-66.14861758214138,-76.96974890064823,99.56754817249964,99.28857532729512,44.59400000000983,71.9477999999981,968.0,1405.0,0.0,0.0,59.0,83.0,2.0,1.0,13.0,13.0,0.0,0.0,0.0,0.0,-99.955406,-99.9280522,1,1
0.1,100.0,1440,1,30,30,0,0,75,5.3,12,0,99,0.0,1,flat,44.59400000000703,50.02480000000551,-66.14861758214208,-79.33042606141795,99.56366802997984,99.52920936973567,44.59400000000056,50.02480000000054,1755.0,1147.0,0.0,0.0,0.0,0.0,2.0,2.0,12.0,12.0,44.0,29.0,0.0,0.0,-99.955406,-99.9499752,1,1
0.1,100.0,1440,1,30,30,0,0,75,10.0,12,6,99,0.0,1,flat,44.594000000004385,96.56000000001347,-66.14861758214248,-74.86245121690905,99.56754817249971,99.04517991871784,44.59400000000261,96.55999999999426,967.0,1376.0,0.0,0.0,59.0,81.0,2.0,1.0,12.0,12.0,68.0,95.0,0.0,0.0,-99.955406,-99.90344,1,1
0.1,100.0,1440,1,30,30,0,0,400,15.0,8,4,5,0.1,3,inc_every3,44.53960000000819,4442.800000002993,-66.1568855427636,-21.4491450529001,99.58928479215085,59.236130853736604,44.53959999999614,4158.200000002967,3614.0,1944.0,0.0,0.0,211.0,112.0,1.0,0.0,5.0,5.0,0.0,0.0,0.0,0.0,-99.9554604,-89.92140676037332,1,0
0.1,100.0,1440,1,30,30,0,0,400,15.0,8,4,99,0.0,1,flat,44.53960000000819,4442.800000002993,-66.1568855427636,-21.4491450529001,99.58928479215085,59.236130853736604,44.53959999999614,4158.200000002967,3614.0,1944.0,0.0,0.0,211.0,112.0,1.0,0.0,5.0,5.0,0.0,0.0,0.0,0.0,-99.9554604,-89.92140676037332,1,0
0.1,100.0,1440,1,30,30,0,0,400,15.0,12,4,5,0.1,3,inc_every3,44.53960000000819,4442.800000002993,-66.1568855427636,-21.4491450529001,99.58928479215085,59.236130853736604,44.53959999999614,4158.200000002967,3614.0,1944.0,0.0,0.0,211.0,112.0,1.0,0.0,5.0,5.0,0.0,0.0,0.0,0.0,-99.9554604,-89.92140676037332,1,0
0.1,100.0,1440,1,30,30,0,0,400,15.0,5,4,99,0.0,1,flat,44.53960000000819,4442.800000002993,-66.1568855427636,-21.4491450529001,99.58928479215085,59.236130853736604,44.53959999999614,4158.200000002967,3614.0,1944.0,0.0,0.0,211.0,112.0,1.0,0.0,5.0,5.0,80.0,48.0,0.0,0.0,-99.9554604,-89.92140676037332,1,0
0.1,100.0,1440,1,30,30,0,0,400,15.0,18,4,5,0.1,3,inc_every3,44.53960000000819,4442.800000002993,-66.1568855427636,-21.4491450529001,99.58928479215085,59.236130853736604,44.53959999999614,4158.200000002967,3614.0,1944.0,0.0,0.0,211.0,112.0,1.0,0.0,5.0,5.0,0.0,0.0,0.0,0.0,-99.9554604,-89.92140676037332,1,0
0.1,100.0,1440,1,30,30,0,0,400,15.0,18,4,99,0.0,1,flat,44.53960000000819,4442.800000002993,-66.1568855427636,-21.4491450529001,99.58928479215085,59.236130853736604,44.53959999999614,4158.200000002967,3614.0,1944.0,0.0,0.0,211.0,112.0,1.0,0.0,5.0,5.0,0.0,0.0,0.0,0.0,-99.9554604,-89.92140676037332,1,0
0.1,100.0,1440,1,30,30,0,0,400,15.0,5,4,5,0.1,3,inc_every3,44.53960000000819,4442.800000002993,-66.1568855427636,-21.4491450529001,99.58928479215085,59.236130853736604,44.53959999999614,4158.200000002967,3614.0,1944.0,0.0,0.0,211.0,112.0,1.0,0.0,5.0,5.0,80.0,48.0,0.0,0.0,-99.9554604,-89.92140676037332,1,0
0.1,100.0,1440,1,30,30,0,0,400,15.0,12,4,99,0.0,1,flat,44.53960000000819,4442.800000002993,-66.1568855427636,-21.4491450529001,99.58928479215085,59.236130853736604,44.53959999999614,4158.200000002967,3614.0,1944.0,0.0,0.0,211.0,112.0,1.0,0.0,5.0,5.0,0.0,0.0,0.0,0.0,-99.9554604,-89.92140676037332,1,0
0.1,100.0,1440,1,30,30,0,0,100,15.0,3,2,5,0.1,3,inc_every3,44.30000000301689,2167.800000002343,-66.19339746850483,-36.55244514801665,99.56738703720656,82.1418937145722,44.30000000301152,1853.600000002284,2306.0,2023.0,0.0,0.0,386.0,330.0,0.0,0.0,3.0,3.0,1195.0,1046.0,0.0,0.0,-99.955699999997,-98.14639999999771,1,1
0.1,100.0,1440,1,30,30,0,0,100,15.0,3,2,99,0.0,1,flat,44.30000000301689,2167.800000002343,-66.19339746850483,-36.55244514801665,99.56738703720656,82.1418937145722,44.30000000301152,1853.600000002284,2306.0,2023.0,0.0,0.0,386.0,330.0,0.0,0.0,3.0,3.0,1195.0,1046.0,0.0,0.0,-99.955699999997,-98.14639999999771,1,1
0.1,100.0,1440,1,30,30,0,0,100,15.0,5,25,5,0.1,3,inc_every3,44.07119999999591,9087.600000000804,-66.22841135333742,-2.806894856403108,99.59154757270761,28.758884125778682,44.07119999999509,7628.000000000644,1689.0,741.0,0.0,0.0,30.0,11.0,1.0,0.0,5.0,5.0,400.0,173.0,0.0,0.0,-99.95592880000001,-10.324663107960472,1,0
0.1,100.0,1440,1,30,30,0,0,100,15.0,5,25,99,0.0,1,flat,44.07119999999591,9087.600000000804,-66.22841135333742,-2.806894856403108,99.59154757270761,28.758884125778682,44.07119999999509,7628.000000000644,1689.0,741.0,0.0,0.0,30.0,11.0,1.0,0.0,5.0,5.0,400.0,173.0,0.0,0.0,-99.95592880000001,-10.324663107960472,1,0
0.1,100.0,1440,1,30,30,0,0,300,15.0,12,0,99,0.0,1,flat,43.817200000007176,9694.500000000611,-66.26745238042753,-0.9190231894269596,99.72940653368741,93.01161725786145,43.81719999999916,969.1000000005915,800.0,585.0,0.0,0.0,0.0,0.0,2.0,0.0,12.0,12.0,14.0,7.0,0.0,0.0,-99.95618280000001,-99.0308999999994,1,1
0.1,100.0,1440,1,30,30,0,0,75,25.0,8,15,5,0.1,3,inc_every3,43.50480000000216,79.43040000000286,-66.31571878854378,-76.28160439698708,99.67108349021314,99.46114120283876,43.50480000000216,57.70100000002918,1789.0,906.0,0.0,0.0,150.0,78.0,2.0,2.0,8.0,8.0,536.0,254.0,0.0,0.0,-99.95649519999999,-99.94229899999998,1,1
0.1,100.0,1440,1,30,30,0,0,150,25.0,5,2,5,0.1,3,inc_every3,43.43720000000798,1548.1000000059805,-66.32619958759065,-42.601150530615506,99.58038988388486,89.00420111640847,43.43720000000798,1146.4000000055055,1923.0,1157.0,0.0,0.0,555.0,339.0,1.0,0.0,5.0,5.0,658.0,400.0,0.0,0.0,-99.95656279999999,-98.8535999999945,1,1
0.1,100.0,1440,1,30,30,0,0,150,25.0,5,2,99,0.0,1,flat,43.43720000000798,1548.1000000059805,-66.32619958759065,-42.601150530615506,99.58038988388486,89.00420111640847,43.43720000000798,1146.4000000055055,1923.0,1157.0,0.0,0.0,555.0,339.0,1.0,0.0,5.0,5.0,658.0,400.0,0.0,0.0,-99.95656279999999,-98.8535999999945,1,1
0.1,100.0,1440,1,30,30,0,0,75,15.0,8,15,99,0.0,1,flat,43.42760000000351,4434.20000001983,-66.32768904286223,-21.494423005558538,99.57870412588157,63.405022272290154,43.42760000000351,3918.700000017462,2031.0,1937.0,0.0,0.0,76.0,67.0,2.0,0.0,8.0,8.0,372.0,330.0,0.0,0.0,-99.9565724,-98.30446755013884,1,0
0.1,100.0,1440,1,30,30,0,0,200,25.0,18,6,5,0.1,3,inc_every3,43.21200000000755,4445.2000000064945,-66.36120930511889,-21.43652033401533,99.58290783085458,77.63633455937114,43.21200000000249,2796.8000000057114,1790.0,1329.0,0.0,0.0,189.0,138.0,1.0,0.0,8.0,8.0,0.0,0.0,0.0,0.0,-99.956788,-126.7091894527576,1,0
0.1,100.0,1440,1,30,30,0,0,200,25.0,8,6,5,0.1,3,inc_every3,43.21200000000755,4445.2000000064945,-66.36120930511889,-21.43652033401533,99.58290783085458,77.63633455937114,43.21200000000249,2796.8000000057114,1790.0,1329.0,0.0,0.0,189.0,138.0,1.0,0.0,8.0,8.0,10.0,9.0,0.0,0.0,-99.956788,-126.7091894527576,1,0
0.1,100.0,1440,1,30,30,0,0,200,25.0,12,6,5,0.1,3,inc_every3,43.21200000000755,4445.2000000064945,-66.36120930511889,-21.43652033401533,99.58290783085458,77.63633455937114,43.21200000000249,2796.8000000057114,1790.0,1329.0,0.0,0.0,189.0,138.0,1.0,0.0,8.0,8.0,0.0,0.0,0.0,0.0,-99.956788,-126.7091894527576,1,0
0.1,100.0,1440,1,30,30,0,0,150,10.0,18,25,5,0.1,3,inc_every3,66.00599999999076,7867.000000046362,-63.38508667343579,-6.890231536556135,99.58697713542847,83.55152665763707,43.20880000001662,3153.6000000400163,654.0,4532.0,0.0,0.0,9.0,46.0,3.0,0.0,14.0,14.0,0.0,0.0,0.0,0.0,-99.95679119999998,-123.99328485183027,1,0
0.1,100.0,1440,1,30,30,0,0,400,15.0,8,0,5,0.1,3,inc_every3,43.10000000000343,9074.800000001938,-66.3786752552468,-2.847652576462356,99.74095444163964,88.58486625083698,43.099999999997294,1584.9000000013584,797.0,573.0,0.0,0.0,0.0,0.0,2.0,0.0,8.0,8.0,16.0,10.0,0.0,0.0,-99.9569,-98.41509999999865,1,1
0.1,100.0,1440,1,30,30,0,0,400,10.0,5,25,99,0.0,1,flat,43.071200000000374,4709.500000001601,-66.38317236683824,-20.074571999734847,99.60613415024464,63.78364435448049,43.071199999998214,3650.500000001435,2307.0,1521.0,0.0,0.0,17.0,10.0,1.0,0.0,5.0,5.0,81.0,56.0,0.0,0.0,-99.9569288,-97.64186070869582,1,0
0.1,100.0,1440,1,30,30,0,0,400,10.0,5,25,5,0.1,3,inc_every3,43.071200000000374,4709.500000001601,-66.38317236683824,-20.074571999734847,99.60613415024464,63.78364435448049,43.071199999998214,3650.500000001435,2307.0,1521.0,0.0,0.0,17.0,10.0,1.0,0.0,5.0,5.0,81.0,56.0,0.0,0.0,-99.9569288,-97.64186070869582,1,0
0.1,100.0,1440,1,30,30,0,0,75,25.0,8,10,99,0.0,1,flat,54.684499999992,2674.1000000183085,-64.73819967773848,-32.46304105797857,99.64042061551842,83.3849213348418,42.94960000002317,2072.0000000181576,1160.0,1209.0,0.0,0.0,124.0,128.0,2.0,0.0,8.0,8.0,352.0,370.0,0.0,0.0,-99.95705039999997,-149.23288372766217,1,0
0.1,100.0,1440,1,30,30,0,0,100,25.0,12,15,99,0.0,1,flat,42.92920000000956,56.71950000000271,-66.4053808566243,-78.54327464601909,99.68988962089688,99.49292393792018,42.929200000003306,56.719499999999584,1853.0,849.0,0.0,0.0,129.0,60.0,2.0,2.0,12.0,12.0,240.0,120.0,0.0,0.0,-99.9570708,-99.9432805,1,1
0.1,100.0,1440,1,30,30,0,0,75,10.0,8,25,99,0.0,1,flat,42.736399999992784,77.63910000000362,-66.43562859883025,-76.44205309491701,99.58556231150426,99.33700727558433,42.73639999999179,77.63909999999663,1641.0,2190.0,0.0,0.0,22.0,29.0,2.0,1.0,8.0,8.0,185.0,227.0,0.0,0.0,-99.9572636,-99.9223609,1,1
0.1,100.0,1440,1,30,30,0,0,75,5.3,8,25,99,0.0,1,flat,42.7127999999948,88.74480000001131,-66.43933861714935,-75.4859281951548,99.58207471478057,99.1260028166521,42.7127999999948,88.7448000000013,3105.0,3879.0,0.0,0.0,18.0,22.0,2.0,1.0,8.0,8.0,186.0,204.0,0.0,0.0,-99.95728720000001,-99.9112552,1,1
0.1,100.0,1440,1,30,30,0,0,300,10.0,5,6,5,0.1,3,inc_every3,62.70199999999818,4251.300000001836,-63.759434954572484,-22.472320368054543,99.5843253580772,68.64696136135255,42.600000002816415,3425.100000001809,3788.0,3237.0,0.0,0.0,107.0,86.0,1.0,0.0,5.0,5.0,185.0,170.0,0.0,0.0,-99.95739999999718,-109.76624309075964,1,0
0.1,100.0,1440,1,30,30,0,0,300,10.0,5,6,99,0.0,1,flat,62.70199999999818,4251.300000001836,-63.759434954572484,-22.472320368054543,99.5843253580772,68.64696136135255,42.600000002816415,3425.100000001809,3788.0,3237.0,0.0,0.0,107.0,86.0,1.0,0.0,5.0,5.0,185.0,170.0,0.0,0.0,-99.95739999999718,-109.76624309075964,1,0
0.1,100.0,1440,1,30,30,0,0,75,10.0,12,0,99,0.0,1,flat,42.41440000000546,3519.4000000072156,-66.48639035511053,-26.71084728542302,99.65865035612265,84.46037232637319,42.414399999996675,1771.300000006413,886.0,605.0,0.0,0.0,0.0,0.0,2.0,0.0,12.0,12.0,47.0,31.0,0.0,0.0,-99.9575856,-98.22869999999358,1,1
0.1,100.0,1440,1,30,30,0,0,150,15.0,18,0,99,0.0,1,flat,42.36960000000346,14868.700000009529,-66.4934772658493,12.528985663322123,99.84382749723565,95.77596291675282,42.36959999999064,769.1000000065069,1071.0,702.0,0.0,0.0,0.0,0.0,2.0,0.0,18.0,18.0,24.0,13.0,0.0,0.0,-99.95763040000001,-99.2308999999935,1,1
0.1,100.0,1440,1,30,30,0,0,200,10.0,12,0,99,0.0,1,flat,42.36760000001095,11972.20000000362,-66.49379378553041,5.502496890799802,99.77864252164332,77.85524829957143,42.36760000000277,3373.000000002732,1474.0,961.0,0.0,0.0,0.0,0.0,2.0,0.0,12.0,12.0,26.0,15.0,0.0,0.0,-99.9576324,-100.20799970834305,1,0
0.1,100.0,1440,1,30,30,0,0,100,10.0,8,10,99,0.0,1,flat,41.75920000000863,91.1448000000023,-66.59063869565648,-75.29049400201085,99.60985836540975,99.18900218888479,41.75920000000255,91.14479999999583,1608.0,2734.0,0.0,0.0,49.0,76.0,2.0,1.0,8.0,8.0,144.0,227.0,0.0,0.0,-99.9582408,-99.9088552,1,1
0.1,100.0,1440,1,30,30,0,0,75,15.0,12,0,5,0.1,3,inc_every3,41.624000000003846,82.05820000001236,-66.61231290691765,-76.05076622078836,99.7102946191807,99.320957598226,41.62400000000224,82.05820000000625,577.0,278.0,0.0,0.0,0.0,0.0,3.0,3.0,12.0,12.0,43.0,19.0,0.0,0.0,-99.958376,-99.9179418,1,1
0.1,100.0,1440,1,30,30,0,0,150,5.3,3,2,5,0.1,3,inc_every3,41.15940000000404,34.03140000000006,-66.6872258210135,-81.56915197148676,99.59299296923668,99.66034493083423,41.15940000000256,34.03139999999671,5091.0,4101.0,0.0,0.0,241.0,200.0,1.0,1.0,3.0,3.0,839.0,645.0,0.0,0.0,-99.9588406,-99.9659686,1,1
0.1,100.0,1440,1,30,30,0,0,150,5.3,3,2,99,0.0,1,flat,41.15940000000404,34.03140000000006,-66.6872258210135,-81.56915197148676,99.59299296923668,99.66034493083423,41.15940000000256,34.03139999999671,5091.0,4101.0,0.0,0.0,241.0,200.0,1.0,1.0,3.0,3.0,839.0,645.0,0.0,0.0,-99.9588406,-99.9659686,1,1
0.1,100.0,1440,1,30,30,0,0,150,25.0,8,15,5,0.1,3,inc_every3,40.62600000000015,6620.10000001685,-66.77407085800877,-11.550885111301456,99.67870107479281,64.42667141359748,40.62599999999708,5595.400000016728,1155.0,1277.0,0.0,0.0,68.0,72.0,2.0,0.0,8.0,8.0,156.0,192.0,0.0,0.0,-99.959374,-90.4042279384964,1,0
0.1,100.0,1440,1,30,30,0,0,200,5.3,3,4,99,0.0,1,flat,40.60590000001173,48.300000005018546,-66.77736121190046,-79.54511770759777,99.59889465105941,99.5239878581916,40.60590000000127,48.30000000501337,5549.0,4723.0,0.0,0.0,123.0,109.0,1.0,0.0,3.0,3.0,655.0,538.0,0.0,0.0,-99.9593941,-99.95169999999499,1,1
0.1,100.0,1440,1,30,30,0,0,200,5.3,3,4,5,0.1,3,inc_every3,40.60590000001173,48.300000005018546,-66.77736121190046,-79.54511770759777,99.59889465105941,99.5239878581916,40.60590000000127,48.30000000501337,5549.0,4723.0,0.0,0.0,123.0,109.0,1.0,0.0,3.0,3.0,655.0,538.0,0.0,0.0,-99.9593941,-99.95169999999499,1,1
0.1,100.0,1440,1,30,30,0,0,200,25.0,12,15,5,0.1,3,inc_every3,40.60410000000883,16592.900000010486,-66.77765593401188,16.263586886129033,99.71424680671386,43.311249864529046,40.604100000002774,8498.20000000027,802.0,1348.0,0.0,0.0,43.0,61.0,2.0,0.0,11.0,11.0,0.0,0.0,0.0,0.0,-99.9593959,-20.35891284292906,1,0
0.1,100.0,1440,1,30,30,0,0,200,25.0,18,15,5,0.1,3,inc_every3,40.60410000000883,16592.900000010486,-66.77765593401188,16.263586886129033,99.71424680671386,43.311249864529046,40.604100000002774,8498.20000000027,802.0,1348.0,0.0,0.0,43.0,61.0,2.0,0.0,11.0,11.0,0.0,0.0,0.0,0.0,-99.9593959,-20.35891284292906,1,0
0.1,100.0,1440,1,30,30,0,0,150,5.3,12,25,99,0.0,1,flat,40.5882000000006,3473.3000000254106,-66.78025976663757,-26.997845360809926,99.6676666857719,76.76404567469143,40.5882000000006,2857.0000000253594,3680.0,6603.0,0.0,0.0,17.0,27.0,2.0,0.0,12.0,12.0,52.0,78.0,0.0,0.0,-99.9594118,-130.52593671019278,1,0
0.1,100.0,1440,1,30,30,0,0,400,5.3,8,25,5,0.1,3,inc_every3,40.35479999999916,10386.10000000459,-66.81857627561381,1.1336957560916128,99.61645392767194,53.60448713641362,40.354799999998704,6906.900000003061,3992.0,4391.0,0.0,0.0,15.0,12.0,1.0,0.0,8.0,8.0,29.0,25.0,0.0,0.0,-99.9596452,-56.07527851673562,1,0
0.1,100.0,1440,1,30,30,0,0,200,5.3,3,6,5,0.1,3,inc_every3,40.328400000002944,2021.90000000508,-66.82292142721434,-37.8544035543087,99.60163579789597,81.69654251659121,40.32840000000141,1864.5000000050845,4445.0,4431.0,0.0,0.0,69.0,65.0,1.0,0.0,3.0,3.0,513.0,491.0,0.0,0.0,-99.9596716,-98.13549999999492,1,1
0.1,100.0,1440,1,30,30,0,0,200,5.3,3,6,99,0.0,1,flat,40.328400000002944,2021.90000000508,-66.82292142721434,-37.8544035543087,99.60163579789597,81.69654251659121,40.32840000000141,1864.5000000050845,4445.0,4431.0,0.0,0.0,69.0,65.0,1.0,0.0,3.0,3.0,513.0,491.0,0.0,0.0,-99.9596716,-98.13549999999492,1,1
0.1,100.0,1440,1,30,30,0,0,300,25.0,12,25,99,0.0,1,flat,39.94439999999912,13402.700000000637,-66.8863823092328,9.106203566867466,99.65945932121029,66.21578329120949,39.94439999999801,3796.400000000248,844.0,918.0,0.0,0.0,21.0,19.0,2.0,0.0,12.0,12.0,25.0,23.0,0.0,0.0,-99.9600556,-73.32536301555152,1,0
0.1,100.0,1440,1,30,30,0,0,400,5.3,8,6,99,0.0,1,flat,39.839400000000666,1079.9000000044016,-66.9038198250757,-48.4346924930656,99.60615491078048,91.5097910316502,39.839400000000666,852.4000000043841,2991.0,5032.0,0.0,0.0,48.0,68.0,1.0,0.0,6.0,6.0,0.0,0.0,0.0,0.0,-99.9601606,-99.14759999999562,1,1
0.1,100.0,1440,1,30,30,0,0,400,5.3,5,6,5,0.1,3,inc_every3,39.83940000000044,1083.500000004402,-66.90381982507574,-48.3835987809878,99.6061549107805,91.4739337436564,39.83939999999865,856.000000004386,2994.0,5032.0,0.0,0.0,48.0,68.0,1.0,0.0,5.0,5.0,64.0,100.0,0.0,0.0,-99.9601606,-99.14399999999561,1,1
0.1,100.0,1440,1,30,30,0,0,400,5.3,5,6,99,0.0,1,flat,39.83940000000044,1083.500000004402,-66.90381982507574,-48.3835987809878,99.6061549107805,91.4739337436564,39.83939999999865,856.000000004386,2994.0,5032.0,0.0,0.0,48.0,68.0,1.0,0.0,5.0,5.0,64.0,100.0,0.0,0.0,-99.9601606,-99.14399999999561,1,1
0.1,100.0,1440,1,30,30,0,0,400,5.3,12,6,99,0.0,1,flat,39.839400000000666,1079.9000000044016,-66.9038198250757,-48.4346924930656,99.60615491078048,91.5097910316502,39.839400000000666,852.4000000043841,2991.0,5032.0,0.0,0.0,48.0,68.0,1.0,0.0,6.0,6.0,0.0,0.0,0.0,0.0,-99.9601606,-99.14759999999562,1,1
0.1,100.0,1440,1,30,30,0,0,400,5.3,18,6,99,0.0,1,flat,39.839400000000666,1079.9000000044016,-66.9038198250757,-48.4346924930656,99.60615491078048,91.5097910316502,39.839400000000666,852.4000000043841,2991.0,5032.0,0.0,0.0,48.0,68.0,1.0,0.0,6.0,6.0,0.0,0.0,0.0,0.0,-99.9601606,-99.14759999999562,1,1
0.1,100.0,1440,1,30,30,0,0,200,15.0,8,15,5,0.1,3,inc_every3,39.73980000000225,12867.30000001072,-66.92039456122828,7.790600242833934,99.67098729146839,39.728635025636144,39.73979999999909,7271.400000002174,1251.0,2313.0,0.0,0.0,33.0,50.0,2.0,0.0,8.0,8.0,71.0,130.0,0.0,0.0,-99.96026020000001,-21.666669808438357,1,0
0.1,100.0,1440,1,30,30,0,0,75,5.3,3,4,5,0.1,3,inc_every3,39.69030000000694,33.282600000008415,-66.92864436906316,-81.69077490709216,99.60841859134368,99.66735695367545,39.69029999999708,33.28260000000168,4157.0,4486.0,0.0,0.0,120.0,127.0,1.0,1.0,3.0,3.0,1199.0,1281.0,0.0,0.0,-99.9603097,-99.9667174,1,1
0.1,100.0,1440,1,30,30,0,0,75,5.3,3,4,99,0.0,1,flat,39.69030000000694,33.282600000008415,-66.92864436906316,-81.69077490709216,99.60841859134368,99.66735695367545,39.69029999999708,33.28260000000168,4157.0,4486.0,0.0,0.0,120.0,127.0,1.0,1.0,3.0,3.0,1199.0,1281.0,0.0,0.0,-99.9603097,-99.9667174,1,1
0.1,100.0,1440,1,30,30,0,0,300,5.3,18,0,5,0.1,3,inc_every3,39.66719999999688,103.60710000000154,-66.93249709609609,-74.32996470961906,99.63962169872177,99.64156613793224,39.66719999999688,103.60710000000154,429.0,2796.0,0.0,0.0,0.0,0.0,3.0,2.0,18.0,18.0,1.0,1.0,0.0,0.0,-99.9603328,-99.8963929,1,1
0.1,100.0,1440,1,30,30,0,0,150,10.0,18,10,99,0.0,1,flat,39.60750000000735,68.5524000000052,-66.94246246279263,-77.2986807252916,99.63215695379614,99.39782327983822,39.607500000003455,68.5523999999956,2292.0,3634.0,0.0,0.0,56.0,83.0,2.0,1.0,12.0,12.0,0.0,0.0,0.0,0.0,-99.9603925,-99.9314476,1,1
0.1,100.0,1440,1,30,30,0,0,150,10.0,12,10,99,0.0,1,flat,39.60750000000735,68.5524000000052,-66.94246246279263,-77.2986807252916,99.63215695379614,99.39782327983822,39.607500000003455,68.5523999999956,2292.0,3634.0,0.0,0.0,56.0,83.0,2.0,1.0,12.0,12.0,53.0,80.0,0.0,0.0,-99.9603925,-99.9314476,1,1
0.1,100.0,1440,1,30,30,0,0,200,10.0,12,25,5,0.1,3,inc_every3,39.43860000000197,59.30000000000058,-66.97072116405727,-78.2573084183504,99.69055872452955,99.4681805137036,39.43859999999967,59.29999999999677,1528.0,1077.0,0.0,0.0,16.0,12.0,2.0,2.0,12.0,12.0,21.0,12.0,0.0,0.0,-99.9605614,-99.9407,1,1
0.1,100.0,1440,1,30,30,0,0,100,15.0,18,15,5,0.1,3,inc_every3,39.418200000006564,82.59160000000077,-66.97414084164544,-76.00454596083931,99.61940523317566,99.17866703792842,39.4181999999991,82.59159999999491,406.0,544.0,0.0,0.0,20.0,26.0,2.0,2.0,14.0,14.0,0.0,0.0,0.0,0.0,-99.9605818,-99.9174084,1,1
0.1,100.0,1440,1,30,30,0,0,100,5.3,12,15,99,0.0,1,flat,39.39390000000937,71.6975999999959,-66.97821612904646,-76.99361043178563,99.61632058749049,99.36129704690221,39.39390000000165,71.69759999999496,1348.0,3685.0,0.0,0.0,14.0,33.0,3.0,1.0,12.0,12.0,28.0,80.0,0.0,0.0,-99.96060609999999,-99.9283024,1,1
0.1,100.0,1440,1,30,30,0,0,200,10.0,12,25,99,0.0,1,flat,39.30990000000784,7803.200000010373,-66.99231904932188,-7.115575750367764,99.61759309700766,77.53327631174942,39.309900000001136,3178.300000005943,1289.0,3213.0,0.0,0.0,13.0,25.0,2.0,0.0,12.0,12.0,26.0,49.0,0.0,0.0,-99.9606901,-112.1821283738666,1,0
0.1,100.0,1440,1,30,30,0,0,300,25.0,18,0,5,0.1,3,inc_every3,39.25560000000095,58.779999999992185,-67.00144841268721,-78.31422028107094,99.6966149375541,99.66975487249216,39.25560000000095,58.779999999992185,112.0,166.0,0.0,0.0,0.0,0.0,3.0,3.0,18.0,18.0,1.0,1.0,0.0,0.0,-99.9607444,-99.94122,1,1
0.1,100.0,1440,1,30,30,0,0,150,10.0,8,10,5,0.1,3,inc_every3,39.21719999999864,99.27990000002546,-67.00791063636184,-74.65379682275267,99.63860777574025,99.64390936077243,39.21719999999809,40.90519999999387,2016.0,3385.0,0.0,0.0,52.0,80.0,2.0,2.0,8.0,8.0,99.0,168.0,0.0,0.0,-99.9607828,-99.9590948,1,1
0.1,100.0,1440,1,30,30,0,0,200,25.0,8,10,5,0.1,3,inc_every3,54.11100000000198,7279.900000007525,-64.81251706981317,-9.014589947661234,99.71054295167208,60.334927368374494,39.19479999999652,6610.70000000681,1869.0,1343.0,0.0,0.0,130.0,89.0,2.0,0.0,8.0,8.0,184.0,135.0,0.0,0.0,-99.96080520000001,-79.68444468441022,1,0
0.1,100.0,1440,1,30,30,0,0,150,5.3,8,25,5,0.1,3,inc_every3,39.17640000000327,53.93299999999877,-67.01478229707618,-78.86252448535731,99.61486418733595,99.55333648281585,39.176400000000484,49.16470000000709,1298.0,6219.0,0.0,0.0,8.0,27.0,2.0,2.0,8.0,8.0,26.0,156.0,0.0,0.0,-99.9608236,-99.9508353,1,1
0.1,100.0,1440,1,30,30,0,0,150,25.0,8,10,5,0.1,3,inc_every3,39.108000000001624,56.35199999999651,-67.02631528750102,-78.58473928481511,99.68597032183474,99.5352335708631,39.10800000000066,56.35199999999651,1042.0,880.0,0.0,0.0,88.0,75.0,2.0,2.0,8.0,8.0,149.0,134.0,0.0,0.0,-99.960892,-99.94364800000001,1,1
0.1,100.0,1440,1,30,30,0,0,100,5.3,3,2,5,0.1,3,inc_every3,39.100000003279916,70.90000000284198,-67.02766522837705,-77.07007001949121,99.61583430763444,99.29413404481261,39.100000003274545,70.90000000284198,3667.0,3706.0,0.0,0.0,204.0,202.0,0.0,0.0,3.0,3.0,867.0,832.0,0.0,0.0,-99.96089999999673,-99.92909999999716,1,1
0.1,100.0,1440,1,30,30,0,0,100,5.3,3,2,99,0.0,1,flat,39.100000003279916,70.90000000284198,-67.02766522837705,-77.07007001949121,99.61583430763444,99.29413404481261,39.100000003274545,70.90000000284198,3667.0,3706.0,0.0,0.0,204.0,202.0,0.0,0.0,3.0,3.0,867.0,832.0,0.0,0.0,-99.96089999999673,-99.92909999999716,1,1
0.1,100.0,1440,1,30,30,0,0,100,15.0,8,10,5,0.1,3,inc_every3,39.09539999999707,32.08619999999905,-67.0284415452955,-81.88915113122836,99.62001613420553,99.68091847491,39.09539999999686,32.08619999999905,535.0,1280.0,0.0,0.0,33.0,69.0,2.0,2.0,8.0,8.0,72.0,154.0,0.0,0.0,-99.9609046,-99.9679138,1,1
0.1,100.0,1440,1,30,30,0,0,200,15.0,8,25,5,0.1,3,inc_every3,39.084900000007124,8092.200000009951,-67.03021384554216,-6.1049324695071405,99.62560204609457,55.701971663500835,39.08490000000347,4918.10000000354,1339.0,2062.0,0.0,0.0,21.0,29.0,3.0,0.0,8.0,8.0,73.0,111.0,0.0,0.0,-99.9609151,-67.50887579650882,1,0
0.1,100.0,1440,1,30,30,0,0,150,15.0,18,15,99,0.0,1,flat,38.991000000004846,13210.600000022052,-67.04608022871655,8.638488041535709,99.64777459597653,47.294303472835644,38.99100000000226,8251.800000010213,1227.0,2462.0,0.0,0.0,36.0,60.0,2.0,0.0,14.0,14.0,0.0,0.0,0.0,0.0,-99.961009,-35.95011890413558,1,0
0.1,100.0,1440,1,30,30,0,0,150,15.0,12,25,99,0.0,1,flat,38.964599999997574,11619.900000019843,-67.05054656890847,4.56893917499297,99.66174507131527,59.58870823343383,38.964599999997574,4739.800000009359,970.0,2123.0,0.0,0.0,18.0,32.0,2.0,0.0,12.0,12.0,41.0,86.0,0.0,0.0,-99.9610354,-64.60847729187469,1,0
0.1,100.0,1440,1,30,30,0,0,200,10.0,18,25,99,0.0,1,flat,38.91060000000482,7552.000000011132,-67.05968980916532,-8.01561575999089,99.63983005350173,83.16571459217556,38.91060000000053,2510.8000000064003,1420.0,3322.0,0.0,0.0,14.0,26.0,2.0,0.0,16.0,16.0,0.0,0.0,0.0,0.0,-99.9610894,-124.34704494434202,1,0
0.1,100.0,1440,1,30,30,0,0,200,25.0,8,15,5,0.1,3,inc_every3,38.661000000003256,11580.200000008335,-67.1020842509521,4.462497587772152,99.71316115533864,51.53974279514467,38.66099999999804,8398.200000000219,1018.0,1274.0,0.0,0.0,52.0,58.0,2.0,0.0,8.0,8.0,101.0,117.0,0.0,0.0,-99.961339,-48.61698800251719,1,0
0.1,100.0,1440,1,30,30,0,0,150,10.0,8,15,5,0.1,3,inc_every3,38.590799999996236,33.59700000000424,-67.11404712582423,-81.63947714594796,99.62684278213453,99.67546342358706,38.590799999996236,33.597000000000236,1717.0,3147.0,0.0,0.0,31.0,51.0,2.0,2.0,8.0,8.0,79.0,156.0,0.0,0.0,-99.9614092,-99.966403,1,1
0.1,100.0,1440,1,30,30,0,0,150,5.3,3,4,5,0.1,3,inc_every3,38.52480000000435,34.19880000000205,-67.12531015930846,-81.54221983488429,99.61904535880622,99.66248408586232,38.52480000000264,34.19880000000205,5975.0,4972.0,0.0,0.0,139.0,118.0,1.0,1.0,3.0,3.0,905.0,741.0,0.0,0.0,-99.9614752,-99.9658012,1,1
0.1,100.0,1440,1,30,30,0,0,150,5.3,3,4,99,0.0,1,flat,38.52480000000435,34.19880000000205,-67.12531015930846,-81.54221983488429,99.61904535880622,99.66248408586232,38.52480000000264,34.19880000000205,5975.0,4972.0,0.0,0.0,139.0,118.0,1.0,1.0,3.0,3.0,905.0,741.0,0.0,0.0,-99.9614752,-99.9658012,1,1
0.1,100.0,1440,1,30,30,0,0,100,15.0,5,2,5,0.1,3,inc_every3,38.291400000005424,44.01000000000249,-67.16526455026067,-80.10352441767088,99.63761853387084,99.57898059924236,38.291400000003364,44.00999999999823,2143.0,1926.0,0.0,0.0,411.0,369.0,1.0,1.0,5.0,5.0,643.0,587.0,0.0,0.0,-99.9617086,-99.95599,1,1
0.1,100.0,1440,1,30,30,0,0,100,15.0,5,2,99,0.0,1,flat,38.291400000005424,44.01000000000249,-67.16526455026067,-80.10352441767088,99.63761853387084,99.57898059924236,38.291400000003364,44.00999999999823,2143.0,1926.0,0.0,0.0,411.0,369.0,1.0,1.0,5.0,5.0,643.0,587.0,0.0,0.0,-99.9617086,-99.95599,1,1
0.1,100.0,1440,1,30,30,0,0,75,10.0,12,25,5,0.1,3,inc_every3,38.13839999999591,45.692400000007865,-67.19156155996866,-79.88016340001569,99.65078562795307,99.62825715540957,38.13839999999591,45.692400000007865,1078.0,775.0,0.0,0.0,21.0,15.0,2.0,3.0,12.0,12.0,66.0,46.0,0.0,0.0,-99.9618616,-99.95430759999999,1,1
0.1,100.0,1440,1,30,30,0,0,100,10.0,8,6,5,0.1,3,inc_every3,38.10180000000139,48.927200000011425,-67.19786472178528,-79.46643415979496,99.62785759632756,99.51283256332644,38.10180000000139,48.927199999998294,1578.0,1492.0,0.0,0.0,82.0,78.0,2.0,1.0,8.0,8.0,139.0,115.0,0.0,0.0,-99.9618982,-99.9510728,1,1
0.1,100.0,1440,1,30,30,0,0,100,25.0,8,10,5,0.1,3,inc_every3,38.08980000000403,37.000800000005,-67.19993238646687,-81.10457517891983,99.62821083455347,99.66261694173427,38.08979999999863,37.00080000000179,409.0,545.0,0.0,0.0,46.0,61.0,2.0,2.0,8.0,8.0,92.0,117.0,0.0,0.0,-99.9619102,-99.9629992,1,1
0.1,100.0,1440,1,30,30,0,0,100,10.0,18,25,5,0.1,3,inc_every3,38.02320000000533,105.16680000001293,-67.21141740551137,-74.21557315160914,99.67729363637906,99.1969547953573,38.02320000000006,105.16680000000451,1527.0,857.0,0.0,0.0,23.0,14.0,4.0,2.0,16.0,16.0,0.0,0.0,0.0,0.0,-99.9619768,-99.8948332,1,1
0.1,100.0,1440,1,30,30,0,0,75,10.0,12,10,5,0.1,3,inc_every3,38.023199999995384,77.80220000001859,-67.2114174055131,-76.42733710622521,99.65560879292099,99.22677969807498,38.023199999995384,77.80219999999753,1396.0,591.0,0.0,0.0,58.0,28.0,3.0,2.0,12.0,12.0,80.0,33.0,0.0,0.0,-99.9619768,-99.9221978,1,1
0.1,100.0,1440,1,30,30,0,0,400,5.3,3,6,99,0.0,1,flat,37.95960000000861,2436.800000003477,-67.22240011126972,-34.30505111944403,99.62283295576485,77.42076676677246,37.95960000000201,2269.8000000034776,4963.0,4058.0,0.0,0.0,68.0,55.0,1.0,0.0,3.0,3.0,292.0,249.0,0.0,0.0,-99.96204039999999,-139.14658465298896,1,0
0.1,100.0,1440,1,30,30,0,0,400,5.3,3,6,5,0.1,3,inc_every3,37.95960000000861,2436.800000003477,-67.22240011126972,-34.30505111944403,99.62283295576485,77.42076676677246,37.95960000000201,2269.8000000034776,4963.0,4058.0,0.0,0.0,68.0,55.0,1.0,0.0,3.0,3.0,292.0,249.0,0.0,0.0,-99.96204039999999,-139.14658465298896,1,0
0.1,100.0,1440,1,30,30,0,0,150,5.3,3,6,5,0.1,3,inc_every3,37.945800000000986,3470.8000000071042,-67.22478509430148,-27.013485546747205,99.62477083271533,66.98445057353914,37.94579999999729,3303.800000007091,5266.0,4434.0,0.0,0.0,84.0,67.0,1.0,0.0,3.0,3.0,795.0,654.0,0.0,0.0,-99.9620542,-110.98238669382548,1,0
0.1,100.0,1440,1,30,30,0,0,100,5.3,3,6,99,0.0,1,flat,37.94579999999951,2820.300000003104,-67.22478509430172,-31.384730137648376,99.62717456449761,73.02633550046373,37.94579999999843,2700.900000003115,4991.0,4321.0,0.0,0.0,88.0,73.0,1.0,0.0,3.0,3.0,1114.0,989.0,0.0,0.0,-99.9620542,-127.43740113857584,1,0
0.1,100.0,1440,1,30,30,0,0,150,5.3,3,6,99,0.0,1,flat,37.945800000000986,3470.8000000071042,-67.22478509430148,-27.013485546747205,99.62477083271533,66.98445057353914,37.94579999999729,3303.800000007091,5266.0,4434.0,0.0,0.0,84.0,67.0,1.0,0.0,3.0,3.0,795.0,654.0,0.0,0.0,-99.9620542,-110.98238669382548,1,0
0.1,100.0,1440,1,30,30,0,0,100,5.3,3,6,5,0.1,3,inc_every3,37.94579999999951,2820.300000003104,-67.22478509430172,-31.384730137648376,99.62717456449761,73.02633550046373,37.94579999999843,2700.900000003115,4991.0,4321.0,0.0,0.0,88.0,73.0,1.0,0.0,3.0,3.0,1114.0,989.0,0.0,0.0,-99.9620542,-127.43740113857584,1,0
0.1,100.0,1440,1,30,30,0,0,75,5.3,3,6,99,0.0,1,flat,37.86840000000808,3329.8000000095267,-67.2381746110879,-27.908702521989426,99.62639331485116,67.75673379631684,37.868400000000804,3226.1000000095205,4793.0,4163.0,0.0,0.0,91.0,75.0,1.0,0.0,3.0,3.0,1364.0,1186.0,0.0,0.0,-99.96213159999999,-113.4221701146231,1,0
0.1,100.0,1440,1,30,30,0,0,75,5.3,3,6,5,0.1,3,inc_every3,37.86840000000808,3329.8000000095267,-67.2381746110879,-27.908702521989426,99.62639331485116,67.75673379631684,37.868400000000804,3226.1000000095205,4793.0,4163.0,0.0,0.0,91.0,75.0,1.0,0.0,3.0,3.0,1364.0,1186.0,0.0,0.0,-99.96213159999999,-113.4221701146231,1,0
0.1,100.0,1440,1,30,30,0,0,75,10.0,3,2,5,0.1,3,inc_every3,37.655699999996955,33.306599999998184,-67.27508290345172,-81.68684707691591,99.63149483779422,99.67418660614719,37.655699999996955,33.30659999999787,3198.0,2822.0,0.0,0.0,363.0,321.0,1.0,1.0,3.0,3.0,1510.0,1328.0,0.0,0.0,-99.9623443,-99.9666934,1,1
0.1,100.0,1440,1,30,30,0,0,75,10.0,3,2,99,0.0,1,flat,37.655699999996955,33.306599999998184,-67.27508290345172,-81.68684707691591,99.63149483779422,99.67418660614719,37.655699999996955,33.30659999999787,3198.0,2822.0,0.0,0.0,363.0,321.0,1.0,1.0,3.0,3.0,1510.0,1328.0,0.0,0.0,-99.9623443,-99.9666934,1,1
0.1,100.0,1440,1,30,30,0,0,100,10.0,12,15,99,0.0,1,flat,37.62150000000453,33.98460000000216,-67.28103293510226,-81.57669802580409,99.64526759447838,99.7076518103693,37.62150000000079,33.984599999999745,1466.0,3021.0,0.0,0.0,32.0,58.0,2.0,2.0,12.0,12.0,65.0,131.0,0.0,0.0,-99.9623785,-99.9660154,1,1
0.1,100.0,1440,1,30,30,0,0,150,10.0,8,25,5,0.1,3,inc_every3,37.27559999999788,5822.200000022553,-67.34145623447883,-14.867490344767075,99.63776687235804,73.97919929031418,37.275599999996615,2874.700000004298,900.0,3520.0,0.0,0.0,11.0,33.0,2.0,0.0,8.0,8.0,32.0,179.0,0.0,0.0,-99.9627244,-112.82588892539545,1,0
0.1,100.0,1440,1,30,30,0,0,100,10.0,3,2,5,0.1,3,inc_every3,37.27260000000442,73.70000000280564,-67.34198224561304,-76.80425429966162,99.633983089961,99.27623761401169,37.2726000000001,73.7000000028039,3316.0,2824.0,0.0,0.0,348.0,299.0,1.0,0.0,3.0,3.0,1270.0,1066.0,0.0,0.0,-99.9627274,-99.9262999999972,1,1
0.1,100.0,1440,1,30,30,0,0,100,10.0,3,2,99,0.0,1,flat,37.27260000000442,73.70000000280564,-67.34198224561304,-76.80425429966162,99.633983089961,99.27623761401169,37.2726000000001,73.7000000028039,3316.0,2824.0,0.0,0.0,348.0,299.0,1.0,0.0,3.0,3.0,1270.0,1066.0,0.0,0.0,-99.9627274,-99.9262999999972,1,1
0.1,100.0,1440,1,30,30,0,0,300,5.3,3,4,99,0.0,1,flat,37.2174000000025,53.90000000268975,-67.35166690002174,-78.86637398686473,99.6335788126415,99.46140394701288,37.2174000000025,53.900000002686454,6155.0,4702.0,0.0,0.0,125.0,101.0,1.0,0.0,3.0,3.0,487.0,348.0,0.0,0.0,-99.9627826,-99.94609999999732,1,1
0.1,100.0,1440,1,30,30,0,0,300,5.3,3,4,5,0.1,3,inc_every3,37.2174000000025,53.90000000268975,-67.35166690002174,-78.86637398686473,99.6335788126415,99.46140394701288,37.2174000000025,53.900000002686454,6155.0,4702.0,0.0,0.0,125.0,101.0,1.0,0.0,3.0,3.0,487.0,348.0,0.0,0.0,-99.9627826,-99.94609999999732,1,1
0.1,100.0,1440,1,30,30,0,0,100,10.0,12,0,5,0.1,3,inc_every3,37.13399999999889,34.774800000002074,-67.36632096583455,-81.45025165878992,99.6488510638298,99.76923413828115,37.13399999999851,34.77479999999849,434.0,485.0,0.0,0.0,0.0,0.0,3.0,3.0,12.0,12.0,11.0,13.0,0.0,0.0,-99.962866,-99.9652252,1,1
0.1,100.0,1440,1,30,30,0,0,200,10.0,18,15,99,0.0,1,flat,37.07070000000286,7408.8000000107895,-67.37746087961243,-8.538141646115005,99.63937604576056,93.65506151274919,37.07069999999848,733.9000000048977,1208.0,3530.0,0.0,0.0,20.0,45.0,2.0,0.0,12.0,12.0,0.0,0.0,0.0,0.0,-99.9629293,-99.2660999999951,1,1
0.1,100.0,1440,1,30,30,0,0,200,10.0,12,15,99,0.0,1,flat,37.07070000000286,7408.8000000107895,-67.37746087961243,-8.538141646115005,99.63937604576056,93.65506151274919,37.07069999999848,733.9000000048977,1208.0,3530.0,0.0,0.0,20.0,45.0,2.0,0.0,12.0,12.0,21.0,48.0,0.0,0.0,-99.9629293,-99.2660999999951,1,1
0.1,100.0,1440,1,30,30,0,0,100,15.0,18,15,99,0.0,1,flat,36.96120000000221,86.69200000000353,-67.39676732341162,-75.65605726306978,99.67350493790083,99.42364407568445,36.96120000000025,86.69199999999842,920.0,2370.0,0.0,0.0,35.0,81.0,2.0,1.0,17.0,18.0,0.0,5.0,0.0,0.0,-99.9630388,-99.913308,1,1
0.1,100.0,1440,1,30,30,0,0,150,25.0,12,15,99,0.0,1,flat,36.852400000056036,9131.800000017167,-67.4159957130596,-2.6664626348173015,99.73175819776515,60.43849323125458,36.85240000005365,6721.50000001476,1340.0,1292.0,0.0,0.0,75.0,67.0,2.0,0.0,12.0,12.0,102.0,98.0,0.0,0.0,-99.96314759999994,-73.54344909732647,1,0
0.1,100.0,1440,1,30,30,0,0,75,5.3,8,0,5,0.1,3,inc_every3,43.001599999997865,4957.00000001079,-66.39405032493679,-18.84705246949887,99.65170020686574,67.59343879246504,36.53630000000889,3439.600000006798,1790.0,1375.0,0.0,0.0,0.0,0.0,2.0,0.0,8.0,8.0,89.0,68.0,0.0,0.0,-99.96346369999999,-104.03393005442894,1,0
0.1,100.0,1440,1,30,30,0,0,200,10.0,3,6,99,0.0,1,flat,36.500000005653305,5898.90000000314,-67.47858923879255,-14.53528753773644,99.63931380681397,42.281892593300675,36.500000005653305,5782.2000000031385,3523.0,2478.0,0.0,0.0,106.0,68.0,0.0,0.0,3.0,3.0,709.0,462.0,0.0,0.0,-99.96349999999434,-49.09907272433779,1,0
0.1,100.0,1440,1,30,30,0,0,200,10.0,3,6,5,0.1,3,inc_every3,36.500000005653305,5898.90000000314,-67.47858923879255,-14.53528753773644,99.63931380681397,42.281892593300675,36.500000005653305,5782.2000000031385,3523.0,2478.0,0.0,0.0,106.0,68.0,0.0,0.0,3.0,3.0,709.0,462.0,0.0,0.0,-99.96349999999434,-49.09907272433779,1,0
0.1,100.0,1440,1,30,30,0,0,200,5.3,8,15,5,0.1,3,inc_every3,36.45930000000254,86.56130000000792,-67.48584950052927,-75.6669846488995,99.64394171704247,99.14353405627891,36.459300000002145,86.56130000000257,2354.0,2327.0,0.0,0.0,19.0,19.0,2.0,1.0,8.0,8.0,44.0,40.0,0.0,0.0,-99.9635407,-99.9134387,1,1
0.1,100.0,1440,1,30,30,0,0,300,5.3,18,0,99,0.0,1,flat,36.435599999997265,58.7489999999986,-67.49008020703656,-78.31762425568824,99.6935171555227,99.55181489449355,36.435599999997265,58.7489999999986,961.0,761.0,0.0,0.0,0.0,0.0,2.0,2.0,18.0,18.0,2.0,1.0,0.0,0.0,-99.9635644,-99.94125100000001,1,1
0.1,100.0,1440,1,30,30,0,0,200,15.0,18,25,99,0.0,1,flat,36.22440000000883,12957.90000001037,-67.52787922964157,8.015894093470855,99.72548538171242,63.870720016911655,36.22440000000165,5457.400000005857,1242.0,2043.0,0.0,0.0,20.0,26.0,2.0,0.0,16.0,16.0,0.0,0.0,0.0,0.0,-99.9637756,-69.72554594035245,1,0
0.1,100.0,1440,1,30,30,0,0,300,15.0,8,15,5,0.1,3,inc_every3,36.19170000000335,7650.900000000744,-67.53374738476525,-7.6587870530462565,99.64582872576749,67.38052216239768,36.19170000000014,3538.3000000005427,1214.0,1962.0,0.0,0.0,27.0,37.0,2.0,0.0,8.0,8.0,38.0,60.0,0.0,0.0,-99.9638083,-92.41983137784162,1,0
0.1,100.0,1440,1,30,30,0,0,100,10.0,3,4,99,0.0,1,flat,36.14340000000823,543.7000000025758,-67.5424227899567,-57.95904264372519,99.6450718332957,96.14831962957473,36.14339999999987,386.0000000025387,3272.0,2803.0,0.0,0.0,175.0,151.0,1.0,0.0,3.0,3.0,1190.0,991.0,0.0,0.0,-99.9638566,-99.61399999999746,1,1
0.1,100.0,1440,1,30,30,0,0,100,10.0,3,4,5,0.1,3,inc_every3,36.14340000000823,543.7000000025758,-67.5424227899567,-57.95904264372519,99.6450718332957,96.14831962957473,36.14339999999987,386.0000000025387,3272.0,2803.0,0.0,0.0,175.0,151.0,1.0,0.0,3.0,3.0,1190.0,991.0,0.0,0.0,-99.9638566,-99.61399999999746,1,1
0.1,100.0,1440,1,30,30,0,0,200,10.0,8,25,99,0.0,1,flat,53.99099999999527,7635.600000007267,-64.82814699686247,-7.713776384781957,99.65011868166069,62.598494621630216,35.96640000000875,4029.9000000034894,1508.0,2629.0,0.0,0.0,14.0,20.0,2.0,0.0,8.0,8.0,47.0,89.0,0.0,0.0,-99.9640336,-82.91076562804238,1,0
0.1,100.0,1440,1,30,30,0,0,100,15.0,12,0,99,0.0,1,flat,53.118499999996345,4119.100000000377,-64.9426329071114,-23.19770299417897,99.71090612955781,83.80463670556368,35.85399999998184,1761.1000000003187,554.0,390.0,0.0,0.0,0.0,0.0,3.0,0.0,12.0,12.0,31.0,23.0,0.0,0.0,-99.96414600000001,-98.23889999999969,1,1
0.1,100.0,1440,1,30,30,0,0,100,5.3,18,15,5,0.1,3,inc_every3,35.77649999999947,47.42280000000463,-67.60862808527767,-79.65637724819697,99.6502956844729,99.53026268869607,35.77649999999947,47.42279999999974,1396.0,3072.0,0.0,0.0,16.0,28.0,3.0,6.0,14.0,14.0,0.0,0.0,0.0,0.0,-99.9642235,-99.9525772,1,1
0.1,100.0,1440,1,30,30,0,0,75,10.0,18,25,5,0.1,3,inc_every3,35.76390000000225,96.08490000001973,-67.61091132098439,-74.89932021485409,99.66970298675646,99.28293696146913,35.763899999996426,72.1516000000162,689.0,402.0,0.0,0.0,15.0,9.0,3.0,3.0,18.0,18.0,16.0,9.0,0.0,0.0,-99.96423610000001,-99.92784839999999,1,1
0.1,100.0,1440,1,30,30,0,0,200,15.0,8,4,5,0.1,3,inc_every3,35.71079999999576,33.42870000000606,-67.62054060394837,-81.66689496727132,99.64891659129346,99.68464978067071,35.71079999999576,33.428700000002095,2863.0,1717.0,0.0,0.0,222.0,141.0,1.0,1.0,6.0,6.0,0.0,0.0,0.0,0.0,-99.96428920000001,-99.9665713,1,1
0.1,100.0,1440,1,30,30,0,0,200,15.0,12,4,5,0.1,3,inc_every3,35.71079999999576,33.42870000000606,-67.62054060394837,-81.66689496727132,99.64891659129346,99.68464978067071,35.71079999999576,33.428700000002095,2863.0,1717.0,0.0,0.0,222.0,141.0,1.0,1.0,6.0,6.0,0.0,0.0,0.0,0.0,-99.96428920000001,-99.9665713,1,1
0.1,100.0,1440,1,30,30,0,0,200,15.0,18,4,5,0.1,3,inc_every3,35.71079999999576,33.42870000000606,-67.62054060394837,-81.66689496727132,99.64891659129346,99.68464978067071,35.71079999999576,33.428700000002095,2863.0,1717.0,0.0,0.0,222.0,141.0,1.0,1.0,6.0,6.0,0.0,0.0,0.0,0.0,-99.96428920000001,-99.9665713,1,1
0.1,100.0,1440,1,30,30,0,0,150,25.0,8,25,5,0.1,3,inc_every3,35.69640000000058,6348.700000015102,-67.62315390887738,-12.645833184426603,99.6615620911315,65.0041911147523,35.69640000000058,4676.000000013049,733.0,1075.0,0.0,0.0,28.0,38.0,2.0,0.0,8.0,8.0,98.0,152.0,0.0,0.0,-99.9643036,-92.65421541393121,1,0
0.1,100.0,1440,1,30,30,0,0,100,10.0,12,25,5,0.1,3,inc_every3,35.662800000001454,44.99120000000008,-67.62925490125454,-79.97254298738963,99.68811501932731,99.69274812027508,35.6627999999983,44.99119999999843,613.0,1731.0,0.0,0.0,11.0,24.0,3.0,5.0,12.0,12.0,21.0,59.0,0.0,0.0,-99.9643372,-99.9550088,1,1
0.1,100.0,1440,1,30,30,0,0,200,5.3,18,0,5,0.1,3,inc_every3,35.4707999999994,34.51740000000049,-67.66420618677957,-81.49121665517923,99.94080939285527,99.80879964548834,35.4707999999971,34.51739999999768,6465.0,1094.0,0.0,0.0,0.0,0.0,3.0,3.0,18.0,18.0,13.0,1.0,0.0,0.0,-99.9645292,-99.9654826,1,1
0.1,100.0,1440,1,30,30,0,0,100,10.0,5,4,5,0.1,3,inc_every3,35.439000000001826,56.75299999999646,-67.67000959294774,-78.53950427152807,99.65503110064151,99.43491118368651,35.438999999996696,56.752999999996405,3870.0,2310.0,0.0,0.0,233.0,146.0,1.0,1.0,5.0,5.0,729.0,402.0,0.0,0.0,-99.964561,-99.943247,1,1
0.1,100.0,1440,1,30,30,0,0,100,10.0,5,4,99,0.0,1,flat,35.439000000001826,56.75299999999646,-67.67000959294774,-78.53950427152807,99.65503110064151,99.43491118368651,35.438999999996696,56.752999999996405,3870.0,2310.0,0.0,0.0,233.0,146.0,1.0,1.0,5.0,5.0,729.0,402.0,0.0,0.0,-99.964561,-99.943247,1,1
0.1,100.0,1440,1,30,30,0,0,100,15.0,8,4,5,0.1,3,inc_every3,35.43420000000427,105.57539999999881,-67.67088594056833,-74.18580278591031,99.65560080476642,99.21120129299308,35.43419999999716,89.80000000049557,1095.0,1216.0,0.0,0.0,136.0,144.0,2.0,1.0,8.0,8.0,160.0,162.0,0.0,0.0,-99.9645658,-99.9101999999995,1,1
0.1,100.0,1440,1,30,30,0,0,100,15.0,12,4,5,0.1,3,inc_every3,35.434199999996835,81.51920000001138,-67.67088594056968,-76.09768660730126,99.65560080476644,99.28380102264936,35.434199999996835,81.51920000000581,1095.0,1203.0,0.0,0.0,136.0,143.0,2.0,1.0,9.0,9.0,0.0,0.0,0.0,0.0,-99.9645658,-99.9184808,1,1
0.1,100.0,1440,1,30,30,0,0,100,15.0,18,4,5,0.1,3,inc_every3,35.434199999996835,81.51920000001138,-67.67088594056968,-76.09768660730126,99.65560080476644,99.28380102264936,35.434199999996835,81.51920000000581,1095.0,1203.0,0.0,0.0,136.0,143.0,2.0,1.0,9.0,9.0,0.0,0.0,0.0,0.0,-99.9645658,-99.9184808,1,1
0.1,100.0,1440,1,30,30,0,0,100,10.0,8,15,5,0.1,3,inc_every3,35.31240000000268,104.74020000000394,-67.69315510153675,-74.24674180801098,99.66082295988934,99.06572888884926,35.312400000000906,104.74019999999837,2034.0,1987.0,0.0,0.0,42.0,41.0,4.0,1.0,8.0,8.0,168.0,143.0,0.0,0.0,-99.9646876,-99.8952598,1,1
0.1,100.0,1440,1,30,30,0,0,300,25.0,18,0,99,0.0,1,flat,35.30399999999952,58.74900000000355,-67.69469316922867,-78.3176242556877,99.80184437846245,99.59457724901316,35.30399999999787,58.74900000000309,427.0,150.0,0.0,0.0,0.0,0.0,2.0,2.0,18.0,18.0,6.0,1.0,0.0,0.0,-99.964696,-99.941251,1,1
0.1,100.0,1440,1,30,30,0,0,150,25.0,12,25,5,0.1,3,inc_every3,35.16900000000331,25920.500000038075,-67.71945236075206,32.767129939555176,99.74960663557732,49.75589426050052,35.16899999999765,7314.700000000942,771.0,1468.0,0.0,0.0,33.0,54.0,3.0,0.0,12.0,12.0,51.0,99.0,0.0,0.0,-99.964831,-16.74465858144586,1,0
0.1,100.0,1440,1,30,30,0,0,150,15.0,8,6,5,0.1,3,inc_every3,35.16900000000609,62.150499999994054,-67.71945236075155,-77.95140747308706,99.65364388418358,99.45343202711857,35.16900000000007,57.300000005001635,1242.0,942.0,0.0,0.0,87.0,69.0,2.0,1.0,8.0,8.0,106.0,81.0,0.0,0.0,-99.964831,-99.942699999995,1,1
0.1,100.0,1440,1,30,30,0,0,150,15.0,12,6,5,0.1,3,inc_every3,35.16900000000609,62.150499999994054,-67.71945236075155,-77.95140747308706,99.65364388418358,99.45343202711857,35.16900000000007,57.300000005001635,1242.0,942.0,0.0,0.0,87.0,69.0,2.0,1.0,8.0,8.0,0.0,0.0,0.0,0.0,-99.964831,-99.942699999995,1,1
0.1,100.0,1440,1,30,30,0,0,150,15.0,18,6,5,0.1,3,inc_every3,35.16900000000609,62.150499999994054,-67.71945236075155,-77.95140747308706,99.65364388418358,99.45343202711857,35.16900000000007,57.300000005001635,1242.0,942.0,0.0,0.0,87.0,69.0,2.0,1.0,8.0,8.0,0.0,0.0,0.0,0.0,-99.964831,-99.942699999995,1,1
0.1,100.0,1440,1,30,30,0,0,300,5.3,12,4,5,0.1,3,inc_every3,34.92780000000889,33.19289999999941,-67.76387866880839,-81.70547281013778,99.65339432971786,99.6750286368843,34.92780000000283,33.19289999999941,5342.0,4986.0,0.0,0.0,114.0,107.0,1.0,1.0,5.0,5.0,0.0,0.0,0.0,0.0,-99.9650722,-99.9668071,1,1
0.1,100.0,1440,1,30,30,0,0,300,5.3,12,4,99,0.0,1,flat,34.92780000000889,33.19289999999941,-67.76387866880839,-81.70547281013778,99.65339432971786,99.6750286368843,34.92780000000283,33.19289999999941,5342.0,4986.0,0.0,0.0,114.0,107.0,1.0,1.0,5.0,5.0,0.0,0.0,0.0,0.0,-99.9650722,-99.9668071,1,1
0.1,100.0,1440,1,30,30,0,0,300,5.3,8,4,99,0.0,1,flat,34.92780000000889,33.19289999999941,-67.76387866880839,-81.70547281013778,99.65339432971786,99.6750286368843,34.92780000000283,33.19289999999941,5342.0,4986.0,0.0,0.0,114.0,107.0,1.0,1.0,5.0,5.0,0.0,0.0,0.0,0.0,-99.9650722,-99.9668071,1,1
0.1,100.0,1440,1,30,30,0,0,300,5.3,18,4,5,0.1,3,inc_every3,34.92780000000889,33.19289999999941,-67.76387866880839,-81.70547281013778,99.65339432971786,99.6750286368843,34.92780000000283,33.19289999999941,5342.0,4986.0,0.0,0.0,114.0,107.0,1.0,1.0,5.0,5.0,0.0,0.0,0.0,0.0,-99.9650722,-99.9668071,1,1
0.1,100.0,1440,1,30,30,0,0,300,5.3,18,4,99,0.0,1,flat,34.92780000000889,33.19289999999941,-67.76387866880839,-81.70547281013778,99.65339432971786,99.6750286368843,34.92780000000283,33.19289999999941,5342.0,4986.0,0.0,0.0,114.0,107.0,1.0,1.0,5.0,5.0,0.0,0.0,0.0,0.0,-99.9650722,-99.9668071,1,1
0.1,100.0,1440,1,30,30,0,0,300,5.3,5,4,5,0.1,3,inc_every3,34.92780000000889,33.19289999999941,-67.76387866880839,-81.70547281013778,99.65339432971786,99.6750286368843,34.92780000000283,33.19289999999941,5342.0,4986.0,0.0,0.0,114.0,107.0,1.0,1.0,5.0,5.0,144.0,136.0,0.0,0.0,-99.9650722,-99.9668071,1,1
0.1,100.0,1440,1,30,30,0,0,300,5.3,8,4,5,0.1,3,inc_every3,34.92780000000889,33.19289999999941,-67.76387866880839,-81.70547281013778,99.65339432971786,99.6750286368843,34.92780000000283,33.19289999999941,5342.0,4986.0,0.0,0.0,114.0,107.0,1.0,1.0,5.0,5.0,0.0,0.0,0.0,0.0,-99.9650722,-99.9668071,1,1
0.1,100.0,1440,1,30,30,0,0,300,5.3,5,4,99,0.0,1,flat,34.92780000000889,33.19289999999941,-67.76387866880839,-81.70547281013778,99.65339432971786,99.6750286368843,34.92780000000283,33.19289999999941,5342.0,4986.0,0.0,0.0,114.0,107.0,1.0,1.0,5.0,5.0,144.0,136.0,0.0,0.0,-99.9650722,-99.9668071,1,1
0.1,100.0,1440,1,30,30,0,0,200,10.0,18,0,5,0.1,3,inc_every3,34.89240000001125,58.16550000000012,-67.77041958304201,-78.38193252353929,99.95326136605664,99.72853244834047,34.892400000002226,53.82359999998948,3343.0,535.0,0.0,0.0,0.0,0.0,3.0,3.0,18.0,18.0,14.0,1.0,0.0,0.0,-99.9651076,-99.94617640000001,1,1
0.1,100.0,1440,1,30,30,0,0,75,15.0,8,4,5,0.1,3,inc_every3,34.80120000000743,48.13680000000238,-67.7872952381548,-79.56570905585876,99.6663899460299,99.59863255844982,34.801200000003064,48.13680000000011,945.0,799.0,0.0,0.0,140.0,117.0,2.0,2.0,8.0,8.0,197.0,153.0,0.0,0.0,-99.9651988,-99.9518632,1,1
0.1,100.0,1440,1,30,30,0,0,300,25.0,8,15,99,0.0,1,flat,34.787399999998996,5979.800000001065,-67.78985187166333,-14.188165388218144,99.66279189244207,61.202909328345164,34.7873999999984,4278.000000000742,684.0,1014.0,0.0,0.0,29.0,37.0,1.0,0.0,8.0,8.0,40.0,59.0,0.0,0.0,-99.9652126,-86.59398404490847,1,0
0.1,100.0,1440,1,30,30,0,0,200,5.3,3,15,5,0.1,3,inc_every3,34.71360000000061,6826.300000002542,-67.80353808915196,-10.739882304343896,99.65709882945623,33.62102203634112,34.71359999999936,6714.300000002333,4202.0,1996.0,0.0,0.0,27.0,11.0,1.0,0.0,3.0,3.0,485.0,219.0,0.0,0.0,-99.9652864,-27.981926377026127,1,0
0.1,100.0,1440,1,30,30,0,0,200,5.3,3,15,99,0.0,1,flat,34.71360000000061,6826.300000002542,-67.80353808915196,-10.739882304343896,99.65709882945623,33.62102203634112,34.71359999999936,6714.300000002333,4202.0,1996.0,0.0,0.0,27.0,11.0,1.0,0.0,3.0,3.0,485.0,219.0,0.0,0.0,-99.9652864,-27.981926377026127,1,0
0.1,100.0,1440,1,30,30,0,0,150,5.3,8,0,5,0.1,3,inc_every3,34.70220000000515,47.85680000001017,-67.80565429507092,-79.60115188184564,99.65975233108811,99.53210011732502,34.702200000001,47.856800000000334,1713.0,846.0,0.0,0.0,0.0,0.0,2.0,2.0,8.0,8.0,34.0,16.0,0.0,0.0,-99.9652978,-99.9521432,1,1
0.1,100.0,1440,1,30,30,0,0,75,5.3,18,0,5,0.1,3,inc_every3,34.56300000000182,58.715999999999156,-67.83153923774572,-78.32124922825095,99.66795081179757,99.83477130362853,34.56299999999703,58.71599999999765,286.0,1650.0,0.0,0.0,0.0,0.0,6.0,3.0,18.0,18.0,2.0,13.0,0.0,0.0,-99.96543700000001,-99.941284,1,1
0.1,100.0,1440,1,30,30,0,0,200,25.0,8,15,99,0.0,1,flat,4826.500000014119,8184.800000006158,-13.56514057897451,-5.786477359514208,99.70290379239954,45.127365388471546,34.50000001139739,6266.40000000296,2447.0,1087.0,0.0,0.0,108.0,47.0,0.0,0.0,8.0,8.0,239.0,116.0,0.0,0.0,-99.96549999998861,-46.0412081364573,1,0
0.1,100.0,1440,1,30,30,0,0,100,5.3,8,10,5,0.1,3,inc_every3,34.42680000000679,56.68850000000657,-67.85694715258549,-78.54676504300423,99.66348858804555,99.5037609563274,34.42679999999936,51.97310000000644,1941.0,3517.0,0.0,0.0,30.0,46.0,2.0,4.0,8.0,8.0,71.0,128.0,0.0,0.0,-99.9655732,-99.94802689999999,1,1
0.1,100.0,1440,1,30,30,0,0,150,10.0,3,2,99,0.0,1,flat,34.34520000000242,40.00000000596779,-67.87220805583809,-80.66121021858379,99.66147022295817,99.6021048652034,34.345200000002194,40.00000000596779,3816.0,2834.0,0.0,0.0,351.0,269.0,1.0,0.0,3.0,3.0,1032.0,739.0,0.0,0.0,-99.9656548,-99.95999999999403,1,1
0.1,100.0,1440,1,30,30,0,0,150,10.0,3,2,5,0.1,3,inc_every3,34.34520000000242,40.00000000596779,-67.87220805583809,-80.66121021858379,99.66147022295817,99.6021048652034,34.345200000002194,40.00000000596779,3816.0,2834.0,0.0,0.0,351.0,269.0,1.0,0.0,3.0,3.0,1032.0,739.0,0.0,0.0,-99.9656548,-99.95999999999403,1,1
0.1,100.0,1440,1,30,30,0,0,100,10.0,3,6,5,0.1,3,inc_every3,34.26300000001004,6329.600000001246,-67.8876105226323,-12.724120303685705,99.66353736018773,38.013889997593004,34.263000000002876,6212.000000001224,4050.0,2218.0,0.0,0.0,142.0,74.0,1.0,0.0,3.0,3.0,1414.0,779.0,0.0,0.0,-99.96573699999999,-38.75190029887172,1,0
0.1,100.0,1440,1,30,30,0,0,100,10.0,3,6,99,0.0,1,flat,34.26300000001004,6329.600000001246,-67.8876105226323,-12.724120303685705,99.66353736018773,38.013889997593004,34.263000000002876,6212.000000001224,4050.0,2218.0,0.0,0.0,142.0,74.0,1.0,0.0,3.0,3.0,1414.0,779.0,0.0,0.0,-99.96573699999999,-38.75190029887172,1,0
0.1,100.0,1440,1,30,30,0,0,150,5.3,18,0,5,0.1,3,inc_every3,34.224899999999806,57.47600000000551,-67.89475964897291,-78.4585099784381,99.66789997671171,99.725482516681,34.22489999999894,57.47600000000085,285.0,1268.0,0.0,0.0,0.0,0.0,4.0,3.0,18.0,18.0,1.0,2.0,0.0,0.0,-99.9657751,-99.942524,1,1
0.1,100.0,1440,1,30,30,0,0,400,5.3,3,10,99,0.0,1,flat,34.16220000000135,5669.700000002228,-67.90653861709477,-15.537241810489755,99.6605639680458,47.64339411840721,34.162199999996574,5529.800000002217,4645.0,3051.0,0.0,0.0,39.0,23.0,1.0,0.0,3.0,3.0,252.0,192.0,0.0,0.0,-99.9658378,-60.82403004730417,1,0
0.1,100.0,1440,1,30,30,0,0,400,5.3,3,10,5,0.1,3,inc_every3,34.16220000000135,5669.700000002228,-67.90653861709477,-15.537241810489755,99.6605639680458,47.64339411840721,34.162199999996574,5529.800000002217,4645.0,3051.0,0.0,0.0,39.0,23.0,1.0,0.0,3.0,3.0,252.0,192.0,0.0,0.0,-99.9658378,-60.82403004730417,1,0
0.1,100.0,1440,1,30,30,0,0,150,15.0,12,10,5,0.1,3,inc_every3,34.11840000000005,34.565100000008954,-67.91477725049478,-81.48360908079374,99.6639905455978,99.72906055261616,34.11840000000005,34.56509999999952,736.0,1268.0,0.0,0.0,36.0,57.0,2.0,2.0,10.0,10.0,0.0,0.0,0.0,0.0,-99.9658816,-99.9654349,1,1
0.1,100.0,1440,1,30,30,0,0,150,15.0,18,10,5,0.1,3,inc_every3,34.11840000000005,34.565100000008954,-67.91477725049478,-81.48360908079374,99.6639905455978,99.72906055261616,34.11840000000005,34.56509999999952,736.0,1268.0,0.0,0.0,36.0,57.0,2.0,2.0,10.0,10.0,0.0,0.0,0.0,0.0,-99.9658816,-99.9654349,1,1
0.1,100.0,1440,1,30,30,0,0,150,15.0,3,2,99,0.0,1,flat,34.10910000000317,931.9000000052838,-67.91652763810885,-50.64757710890423,99.66395306450183,90.99752144144635,34.109100000000296,915.3000000052855,2345.0,2149.0,0.0,0.0,349.0,313.0,1.0,0.0,3.0,3.0,910.0,782.0,0.0,0.0,-99.9658909,-99.08469999999471,1,1
0.1,100.0,1440,1,30,30,0,0,150,15.0,3,2,5,0.1,3,inc_every3,34.10910000000317,931.9000000052838,-67.91652763810885,-50.64757710890423,99.66395306450183,90.99752144144635,34.109100000000296,915.3000000052855,2345.0,2149.0,0.0,0.0,349.0,313.0,1.0,0.0,3.0,3.0,910.0,782.0,0.0,0.0,-99.9658909,-99.08469999999471,1,1
0.1,100.0,1440,1,30,30,0,0,100,10.0,12,6,5,0.1,3,inc_every3,34.056900000009065,75.9982999999915,-67.92635948523404,-76.59131941436392,99.6694403463136,99.57548191811378,34.05690000000175,42.63519999999721,1172.0,1468.0,0.0,0.0,65.0,78.0,2.0,2.0,10.0,10.0,0.0,0.0,0.0,0.0,-99.9659431,-99.95736480000001,1,1
0.1,100.0,1440,1,30,30,0,0,100,10.0,18,6,5,0.1,3,inc_every3,34.056900000009065,75.9982999999915,-67.92635948523404,-76.59131941436392,99.6694403463136,99.57548191811378,34.05690000000175,42.63519999999721,1172.0,1468.0,0.0,0.0,65.0,78.0,2.0,2.0,10.0,10.0,0.0,0.0,0.0,0.0,-99.9659431,-99.95736480000001,1,1
0.1,100.0,1440,1,30,30,0,0,150,15.0,3,10,99,0.0,1,flat,34.012200000000234,6599.500000002476,-67.9347882957217,-11.63287684560994,99.66490773489917,36.11578460597777,34.01219999999876,6493.000000002425,1937.0,970.0,0.0,0.0,62.0,29.0,1.0,0.0,3.0,3.0,618.0,307.0,0.0,0.0,-99.96598780000001,-33.86444605756549,1,0
0.1,100.0,1440,1,30,30,0,0,150,15.0,3,10,5,0.1,3,inc_every3,34.012200000000234,6599.500000002476,-67.9347882957217,-11.63287684560994,99.66490773489917,36.11578460597777,34.01219999999876,6493.000000002425,1937.0,970.0,0.0,0.0,62.0,29.0,1.0,0.0,3.0,3.0,618.0,307.0,0.0,0.0,-99.96598780000001,-33.86444605756549,1,0
0.1,100.0,1440,1,30,30,0,0,200,5.3,12,2,99,0.0,1,flat,33.97679999999764,45.31280000000763,-67.94146975052205,-79.93004917231418,99.6643769447326,99.54687199999996,33.97679999999738,45.312800000002596,5196.0,4075.0,0.0,0.0,235.0,191.0,1.0,1.0,5.0,5.0,0.0,0.0,0.0,0.0,-99.96602320000001,-99.9546872,1,1
0.1,100.0,1440,1,30,30,0,0,200,5.3,18,2,99,0.0,1,flat,33.97679999999764,45.31280000000763,-67.94146975052205,-79.93004917231418,99.6643769447326,99.54687199999996,33.97679999999738,45.312800000002596,5196.0,4075.0,0.0,0.0,235.0,191.0,1.0,1.0,5.0,5.0,0.0,0.0,0.0,0.0,-99.96602320000001,-99.9546872,1,1
0.1,100.0,1440,1,30,30,0,0,200,5.3,12,2,5,0.1,3,inc_every3,33.97679999999764,45.31280000000763,-67.94146975052205,-79.93004917231418,99.6643769447326,99.54687199999996,33.97679999999738,45.312800000002596,5196.0,4075.0,0.0,0.0,235.0,191.0,1.0,1.0,5.0,5.0,0.0,0.0,0.0,0.0,-99.96602320000001,-99.9546872,1,1
0.1,100.0,1440,1,30,30,0,0,200,5.3,5,2,5,0.1,3,inc_every3,33.97679999999764,45.31280000000763,-67.94146975052205,-79.93004917231418,99.6643769447326,99.54687199999996,33.97679999999738,45.312800000002596,5196.0,4075.0,0.0,0.0,235.0,191.0,1.0,1.0,5.0,5.0,19.0,23.0,0.0,0.0,-99.96602320000001,-99.9546872,1,1
0.1,100.0,1440,1,30,30,0,0,200,5.3,18,2,5,0.1,3,inc_every3,33.97679999999764,45.31280000000763,-67.94146975052205,-79.93004917231418,99.6643769447326,99.54687199999996,33.97679999999738,45.312800000002596,5196.0,4075.0,0.0,0.0,235.0,191.0,1.0,1.0,5.0,5.0,0.0,0.0,0.0,0.0,-99.96602320000001,-99.9546872,1,1
0.1,100.0,1440,1,30,30,0,0,200,5.3,5,2,99,0.0,1,flat,33.97679999999764,45.31280000000763,-67.94146975052205,-79.93004917231418,99.6643769447326,99.54687199999996,33.97679999999738,45.312800000002596,5196.0,4075.0,0.0,0.0,235.0,191.0,1.0,1.0,5.0,5.0,19.0,23.0,0.0,0.0,-99.96602320000001,-99.9546872,1,1
0.1,100.0,1440,1,30,30,0,0,200,5.3,8,2,99,0.0,1,flat,33.97679999999764,45.31280000000763,-67.94146975052205,-79.93004917231418,99.6643769447326,99.54687199999996,33.97679999999738,45.312800000002596,5196.0,4075.0,0.0,0.0,235.0,191.0,1.0,1.0,5.0,5.0,0.0,0.0,0.0,0.0,-99.96602320000001,-99.9546872,1,1
0.1,100.0,1440,1,30,30,0,0,200,5.3,8,2,5,0.1,3,inc_every3,33.97679999999764,45.31280000000763,-67.94146975052205,-79.93004917231418,99.6643769447326,99.54687199999996,33.97679999999738,45.312800000002596,5196.0,4075.0,0.0,0.0,235.0,191.0,1.0,1.0,5.0,5.0,0.0,0.0,0.0,0.0,-99.96602320000001,-99.9546872,1,1
0.1,100.0,1440,1,30,30,0,0,400,10.0,12,0,99,0.0,1,flat,33.89940000000607,37.34730000000761,-67.95609777442507,-81.05209149474241,99.78653174058425,99.70388427262058,33.89940000000212,37.347300000003514,1184.0,582.0,0.0,0.0,0.0,0.0,2.0,2.0,12.0,12.0,8.0,1.0,0.0,0.0,-99.9661006,-99.96265269999999,1,1
0.1,100.0,1440,1,30,30,0,0,200,15.0,12,2,99,0.0,1,flat,33.89580000000055,33.920399999998324,-67.95677879755905,-81.58706154822455,99.6667603916788,99.6674535793416,33.895799999998644,33.920399999998324,2489.0,1527.0,0.0,0.0,353.0,227.0,1.0,1.0,5.0,5.0,0.0,0.0,0.0,0.0,-99.9661042,-99.9660796,1,1
0.1,100.0,1440,1,30,30,0,0,200,15.0,8,2,99,0.0,1,flat,33.89580000000055,33.920399999998324,-67.95677879755905,-81.58706154822455,99.6667603916788,99.6674535793416,33.895799999998644,33.920399999998324,2489.0,1527.0,0.0,0.0,353.0,227.0,1.0,1.0,5.0,5.0,0.0,0.0,0.0,0.0,-99.9661042,-99.9660796,1,1
0.1,100.0,1440,1,30,30,0,0,200,15.0,18,2,5,0.1,3,inc_every3,33.89580000000055,33.920399999998324,-67.95677879755905,-81.58706154822455,99.6667603916788,99.6674535793416,33.895799999998644,33.920399999998324,2489.0,1527.0,0.0,0.0,353.0,227.0,1.0,1.0,5.0,5.0,0.0,0.0,0.0,0.0,-99.9661042,-99.9660796,1,1
0.1,100.0,1440,1,30,30,0,0,200,15.0,8,2,5,0.1,3,inc_every3,33.89580000000055,33.920399999998324,-67.95677879755905,-81.58706154822455,99.6667603916788,99.6674535793416,33.895799999998644,33.920399999998324,2489.0,1527.0,0.0,0.0,353.0,227.0,1.0,1.0,5.0,5.0,0.0,0.0,0.0,0.0,-99.9661042,-99.9660796,1,1
0.1,100.0,1440,1,30,30,0,0,200,15.0,5,2,99,0.0,1,flat,33.89580000000055,33.920399999998324,-67.95677879755905,-81.58706154822455,99.6667603916788,99.6674535793416,33.895799999998644,33.920399999998324,2489.0,1527.0,0.0,0.0,353.0,227.0,1.0,1.0,5.0,5.0,156.0,118.0,0.0,0.0,-99.9661042,-99.9660796,1,1
0.1,100.0,1440,1,30,30,0,0,200,15.0,5,2,5,0.1,3,inc_every3,33.89580000000055,33.920399999998324,-67.95677879755905,-81.58706154822455,99.6667603916788,99.6674535793416,33.895799999998644,33.920399999998324,2489.0,1527.0,0.0,0.0,353.0,227.0,1.0,1.0,5.0,5.0,156.0,118.0,0.0,0.0,-99.9661042,-99.9660796,1,1
0.1,100.0,1440,1,30,30,0,0,200,15.0,12,2,5,0.1,3,inc_every3,33.89580000000055,33.920399999998324,-67.95677879755905,-81.58706154822455,99.6667603916788,99.6674535793416,33.895799999998644,33.920399999998324,2489.0,1527.0,0.0,0.0,353.0,227.0,1.0,1.0,5.0,5.0,0.0,0.0,0.0,0.0,-99.9661042,-99.9660796,1,1
0.1,100.0,1440,1,30,30,0,0,200,15.0,18,2,99,0.0,1,flat,33.89580000000055,33.920399999998324,-67.95677879755905,-81.58706154822455,99.6667603916788,99.6674535793416,33.895799999998644,33.920399999998324,2489.0,1527.0,0.0,0.0,353.0,227.0,1.0,1.0,5.0,5.0,0.0,0.0,0.0,0.0,-99.9661042,-99.9660796,1,1
0.1,100.0,1440,1,30,30,0,0,150,5.3,3,15,99,0.0,1,flat,33.88590000000272,6354.1000000036365,-67.95865190953721,-12.623729657052285,99.66491738111483,41.04150883990768,33.885900000000674,5992.600000003261,3853.0,2000.0,0.0,0.0,26.0,12.0,1.0,0.0,3.0,3.0,584.0,294.0,0.0,0.0,-99.9661141,-44.70674733686764,1,0
0.1,100.0,1440,1,30,30,0,0,150,5.3,3,15,5,0.1,3,inc_every3,33.88590000000272,6354.1000000036365,-67.95865190953721,-12.623729657052285,99.66491738111483,41.04150883990768,33.885900000000674,5992.600000003261,3853.0,2000.0,0.0,0.0,26.0,12.0,1.0,0.0,3.0,3.0,584.0,294.0,0.0,0.0,-99.9661141,-44.70674733686764,1,0
0.1,100.0,1440,1,30,30,0,0,100,5.3,3,15,99,0.0,1,flat,33.86910000000444,5550.00000000129,-67.96183152571528,-16.0718618496695,99.66722899615833,46.384150238425256,33.86910000000216,5453.000000001153,3821.0,1906.0,0.0,0.0,28.0,13.0,1.0,0.0,3.0,3.0,832.0,417.0,0.0,0.0,-99.9661309,-58.840162326520016,1,0
0.1,100.0,1440,1,30,30,0,0,100,5.3,3,15,5,0.1,3,inc_every3,33.86910000000444,5550.00000000129,-67.96183152571528,-16.0718618496695,99.66722899615833,46.384150238425256,33.86910000000216,5453.000000001153,3821.0,1906.0,0.0,0.0,28.0,13.0,1.0,0.0,3.0,3.0,832.0,417.0,0.0,0.0,-99.9661309,-58.840162326520016,1,0
0.1,100.0,1440,1,30,30,0,0,300,5.3,3,15,5,0.1,3,inc_every3,33.81960000000163,6455.000000001381,-67.97120737797336,-12.21312660941376,99.66439154121723,37.04300754272641,33.81959999999924,6326.800000001374,4156.0,2087.0,0.0,0.0,25.0,11.0,1.0,0.0,3.0,3.0,312.0,168.0,0.0,0.0,-99.9661804,-36.29914169486658,1,0
0.1,100.0,1440,1,30,30,0,0,300,5.3,3,15,99,0.0,1,flat,33.81960000000163,6455.000000001381,-67.97120737797336,-12.21312660941376,99.66439154121723,37.04300754272641,33.81959999999924,6326.800000001374,4156.0,2087.0,0.0,0.0,25.0,11.0,1.0,0.0,3.0,3.0,312.0,168.0,0.0,0.0,-99.9661804,-36.29914169486658,1,0
0.1,100.0,1440,1,30,30,0,0,400,25.0,5,4,99,0.0,1,flat,33.81120000000374,3567.700000002038,-67.97279952094088,-26.412971795326012,99.70157811120917,69.43605914359055,33.811200000001975,3179.200000002023,2077.0,1080.0,0.0,0.0,222.0,117.0,1.0,0.0,5.0,5.0,120.0,72.0,0.0,0.0,-99.9661888,-115.28509008250712,1,0
0.1,100.0,1440,1,30,30,0,0,400,25.0,5,4,5,0.1,3,inc_every3,33.81120000000374,3567.700000002038,-67.97279952094088,-26.412971795326012,99.70157811120917,69.43605914359055,33.811200000001975,3179.200000002023,2077.0,1080.0,0.0,0.0,222.0,117.0,1.0,0.0,5.0,5.0,120.0,72.0,0.0,0.0,-99.9661888,-115.28509008250712,1,0
0.1,100.0,1440,1,30,30,0,0,400,25.0,12,4,99,0.0,1,flat,33.81120000000374,3567.700000002038,-67.97279952094088,-26.412971795326012,99.70157811120917,69.43605914359055,33.811200000001975,3179.200000002023,2077.0,1080.0,0.0,0.0,222.0,117.0,1.0,0.0,5.0,5.0,0.0,0.0,0.0,0.0,-99.9661888,-115.28509008250712,1,0
0.1,100.0,1440,1,30,30,0,0,400,25.0,8,4,99,0.0,1,flat,33.81120000000374,3567.700000002038,-67.97279952094088,-26.412971795326012,99.70157811120917,69.43605914359055,33.811200000001975,3179.200000002023,2077.0,1080.0,0.0,0.0,222.0,117.0,1.0,0.0,5.0,5.0,0.0,0.0,0.0,0.0,-99.9661888,-115.28509008250712,1,0
0.1,100.0,1440,1,30,30,0,0,400,25.0,8,4,5,0.1,3,inc_every3,33.81120000000374,3567.700000002038,-67.97279952094088,-26.412971795326012,99.70157811120917,69.43605914359055,33.811200000001975,3179.200000002023,2077.0,1080.0,0.0,0.0,222.0,117.0,1.0,0.0,5.0,5.0,0.0,0.0,0.0,0.0,-99.9661888,-115.28509008250712,1,0
0.1,100.0,1440,1,30,30,0,0,400,25.0,18,4,99,0.0,1,flat,33.81120000000374,3567.700000002038,-67.97279952094088,-26.412971795326012,99.70157811120917,69.43605914359055,33.811200000001975,3179.200000002023,2077.0,1080.0,0.0,0.0,222.0,117.0,1.0,0.0,5.0,5.0,0.0,0.0,0.0,0.0,-99.9661888,-115.28509008250712,1,0
0.1,100.0,1440,1,30,30,0,0,400,25.0,18,4,5,0.1,3,inc_every3,33.81120000000374,3567.700000002038,-67.97279952094088,-26.412971795326012,99.70157811120917,69.43605914359055,33.811200000001975,3179.200000002023,2077.0,1080.0,0.0,0.0,222.0,117.0,1.0,0.0,5.0,5.0,0.0,0.0,0.0,0.0,-99.9661888,-115.28509008250712,1,0
0.1,100.0,1440,1,30,30,0,0,400,25.0,12,4,5,0.1,3,inc_every3,33.81120000000374,3567.700000002038,-67.97279952094088,-26.412971795326012,99.70157811120917,69.43605914359055,33.811200000001975,3179.200000002023,2077.0,1080.0,0.0,0.0,222.0,117.0,1.0,0.0,5.0,5.0,0.0,0.0,0.0,0.0,-99.9661888,-115.28509008250712,1,0
0.1,100.0,1440,1,30,30,0,0,300,10.0,12,0,99,0.0,1,flat,33.789600000009784,9324.500000000786,-67.9768950561654,-2.059734489135834,99.77969578228809,93.36049705415195,33.789600000001286,950.0000000007931,1151.0,991.0,0.0,0.0,0.0,0.0,2.0,0.0,12.0,12.0,12.0,6.0,0.0,0.0,-99.9662104,-99.0499999999992,1,1
0.1,100.0,1440,1,30,30,0,0,150,15.0,8,10,99,0.0,1,flat,41.547200000010235,88.95840000000283,-66.6246499757175,-75.46838512056723,99.68645434612928,99.13992516750318,33.748800000029846,88.95839999998304,1493.0,2068.0,0.0,0.0,61.0,80.0,2.0,1.0,8.0,8.0,126.0,169.0,0.0,0.0,-99.96625119999997,-99.91104160000002,1,1
0.1,100.0,1440,1,30,30,0,0,300,15.0,3,4,99,0.0,1,flat,33.7257000000001,1639.0000000012842,-67.98902328820046,-41.61824889130884,99.6726105189586,86.60495828787485,33.72569999999928,1363.2000000012717,3573.0,1874.0,0.0,0.0,218.0,119.0,1.0,0.0,3.0,3.0,685.0,336.0,0.0,0.0,-99.9662743,-98.63679999999873,1,1
0.1,100.0,1440,1,30,30,0,0,300,15.0,3,4,5,0.1,3,inc_every3,33.7257000000001,1639.0000000012842,-67.98902328820046,-41.61824889130884,99.6726105189586,86.60495828787485,33.72569999999928,1363.2000000012717,3573.0,1874.0,0.0,0.0,218.0,119.0,1.0,0.0,3.0,3.0,685.0,336.0,0.0,0.0,-99.9662743,-98.63679999999873,1,1
0.1,100.0,1440,1,30,30,0,0,300,5.3,3,10,5,0.1,3,inc_every3,33.722100000002,6234.500000001342,-67.98970711564323,-13.1164060205333,99.66535908148181,39.00210471714761,33.722099999996544,6115.100000001346,5761.0,2967.0,0.0,0.0,48.0,23.0,1.0,0.0,3.0,3.0,440.0,238.0,0.0,0.0,-99.96627790000001,-41.120615454828524,1,0
0.1,100.0,1440,1,30,30,0,0,300,5.3,3,10,99,0.0,1,flat,33.722100000002,6234.500000001342,-67.98970711564323,-13.1164060205333,99.66535908148181,39.00210471714761,33.722099999996544,6115.100000001346,5761.0,2967.0,0.0,0.0,48.0,23.0,1.0,0.0,3.0,3.0,440.0,238.0,0.0,0.0,-99.96627790000001,-41.120615454828524,1,0
0.1,100.0,1440,1,30,30,0,0,150,5.3,18,15,99,0.0,1,flat,33.70739999999776,87.66400000001636,-67.99250001721144,-75.57515248867702,99.66822772101817,99.34902164630763,33.70739999999739,87.66400000000169,2232.0,6843.0,0.0,0.0,18.0,48.0,3.0,1.0,14.0,14.0,0.0,0.0,0.0,0.0,-99.9662926,-99.912336,1,1
0.1,100.0,1440,1,30,30,0,0,400,5.3,12,6,5,0.1,3,inc_every3,39.835799999996226,1074.3000000044067,-66.90441833424876,-48.514409938988635,99.6668479066497,91.56556903519602,33.700000002848356,846.8000000043899,2991.0,5032.0,0.0,0.0,48.0,68.0,1.0,0.0,6.0,6.0,0.0,0.0,0.0,0.0,-99.96629999999715,-99.1531999999956,1,1
0.1,100.0,1440,1,30,30,0,0,400,5.3,8,6,5,0.1,3,inc_every3,39.835799999996226,1074.3000000044067,-66.90441833424876,-48.514409938988635,99.6668479066497,91.56556903519602,33.700000002848356,846.8000000043899,2991.0,5032.0,0.0,0.0,48.0,68.0,1.0,0.0,6.0,6.0,0.0,0.0,0.0,0.0,-99.96629999999715,-99.1531999999956,1,1
0.1,100.0,1440,1,30,30,0,0,400,5.3,18,6,5,0.1,3,inc_every3,39.835799999996226,1074.3000000044067,-66.90441833424876,-48.514409938988635,99.6668479066497,91.56556903519602,33.700000002848356,846.8000000043899,2991.0,5032.0,0.0,0.0,48.0,68.0,1.0,0.0,6.0,6.0,0.0,0.0,0.0,0.0,-99.96629999999715,-99.1531999999956,1,1
0.1,100.0,1440,1,30,30,0,0,200,15.0,3,6,5,0.1,3,inc_every3,33.62880000000871,7078.000000002513,-68.00745004413817,-9.77292008396784,99.66935609151778,30.274139445706105,33.628800000002116,6984.300000002514,2872.0,1527.0,0.0,0.0,135.0,67.0,1.0,0.0,3.0,3.0,764.0,408.0,0.0,0.0,-99.9663712,-20.32119897538005,1,0
0.1,100.0,1440,1,30,30,0,0,200,15.0,3,6,99,0.0,1,flat,33.62880000000871,7078.000000002513,-68.00745004413817,-9.77292008396784,99.66935609151778,30.274139445706105,33.628800000002116,6984.300000002514,2872.0,1527.0,0.0,0.0,135.0,67.0,1.0,0.0,3.0,3.0,764.0,408.0,0.0,0.0,-99.9663712,-20.32119897538005,1,0
0.1,100.0,1440,1,30,30,0,0,100,10.0,8,10,5,0.1,3,inc_every3,33.55740000000762,34.6875000000085,-68.02105484915944,-81.46412144022749,99.6722430043463,99.6785664643469,33.557400000003184,34.68750000000338,1477.0,2748.0,0.0,0.0,49.0,82.0,2.0,2.0,8.0,8.0,127.0,211.0,0.0,0.0,-99.9664426,-99.9653125,1,1
0.1,100.0,1440,1,30,30,0,0,300,5.3,12,0,99,0.0,1,flat,33.52020000000323,49.51279999999775,-68.02815224343033,-79.39360644361365,99.79195248203185,99.62227613249723,33.52019999999743,49.51279999999775,2684.0,1234.0,0.0,0.0,0.0,0.0,2.0,2.0,12.0,12.0,12.0,2.0,0.0,0.0,-99.9664798,-99.9504872,1,1
0.1,100.0,1440,1,30,30,0,0,400,15.0,3,4,99,0.0,1,flat,33.514799999998274,5426.100000002505,-68.02918303393459,-16.63384061081613,99.66983094928482,49.82238010654817,33.51479999999725,5141.500000002479,3490.0,1814.0,0.0,0.0,200.0,101.0,1.0,0.0,3.0,3.0,518.0,266.0,0.0,0.0,-99.96648520000001,-66.27860082391246,1,0
0.1,100.0,1440,1,30,30,0,0,400,15.0,3,4,5,0.1,3,inc_every3,33.514799999998274,5426.100000002505,-68.02918303393459,-16.63384061081613,99.66983094928482,49.82238010654817,33.51479999999725,5141.500000002479,3490.0,1814.0,0.0,0.0,200.0,101.0,1.0,0.0,3.0,3.0,518.0,266.0,0.0,0.0,-99.96648520000001,-66.27860082391246,1,0
0.1,100.0,1440,1,30,30,0,0,150,10.0,8,0,5,0.1,3,inc_every3,33.491100000001836,86.84060000001477,-68.03370863053955,-75.64364736747997,99.67454351100528,99.14920544724205,33.491100000000955,86.8406000000058,852.0,591.0,0.0,0.0,0.0,0.0,2.0,2.0,8.0,8.0,37.0,19.0,0.0,0.0,-99.9665089,-99.9131594,1,1
0.1,100.0,1440,1,30,30,0,0,150,10.0,12,0,99,0.0,1,flat,33.49109999999986,86.7188000000076,-68.03370863053992,-75.6538180354505,99.74271063002719,99.1957673331603,33.49109999999732,86.71879999999442,989.0,673.0,0.0,0.0,0.0,0.0,2.0,2.0,12.0,12.0,20.0,9.0,0.0,0.0,-99.96650890000001,-99.9132812,1,1
0.1,100.0,1440,1,30,30,0,0,400,5.3,3,15,99,0.0,1,flat,33.460800000010636,6983.100000001681,-68.03949825240852,-10.134618959422713,99.67112107094414,31.55067935188061,33.46080000000177,6856.500000001679,4193.0,2045.0,0.0,0.0,24.0,10.0,1.0,0.0,3.0,3.0,223.0,130.0,0.0,0.0,-99.9665392,-23.235977663183935,1,0
0.1,100.0,1440,1,30,30,0,0,400,5.3,3,15,5,0.1,3,inc_every3,33.460800000010636,6983.100000001681,-68.03949825240852,-10.134618959422713,99.67112107094414,31.55067935188061,33.46080000000177,6856.500000001679,4193.0,2045.0,0.0,0.0,24.0,10.0,1.0,0.0,3.0,3.0,223.0,130.0,0.0,0.0,-99.9665392,-23.235977663183935,1,0
0.1,100.0,1440,1,30,30,0,0,100,10.0,3,10,99,0.0,1,flat,33.4485000000044,6570.500000000961,-68.04184969168821,-11.748607336049034,99.67153574970783,39.21156852026976,33.44850000000224,6339.200000000769,2714.0,1413.0,0.0,0.0,60.0,29.0,1.0,0.0,3.0,3.0,915.0,487.0,0.0,0.0,-99.9665515,-40.17174437658855,1,0
0.1,100.0,1440,1,30,30,0,0,100,10.0,3,10,5,0.1,3,inc_every3,33.4485000000044,6570.500000000961,-68.04184969168821,-11.748607336049034,99.67153574970783,39.21156852026976,33.44850000000224,6339.200000000769,2714.0,1413.0,0.0,0.0,60.0,29.0,1.0,0.0,3.0,3.0,915.0,487.0,0.0,0.0,-99.9665515,-40.17174437658855,1,0
0.1,100.0,1440,1,30,30,0,0,100,15.0,12,10,99,0.0,1,flat,33.446100000005686,71.58719999999659,-68.04230858975046,-77.00415786127921,99.67492394568798,99.38198456411766,33.44610000000179,71.58719999999641,927.0,725.0,0.0,0.0,51.0,41.0,2.0,1.0,12.0,12.0,67.0,61.0,0.0,0.0,-99.9665539,-99.9284128,1,1
0.1,100.0,1440,1,30,30,0,0,100,10.0,18,6,99,0.0,1,flat,33.44610000000624,78.56940000000532,-68.04230858975036,-76.35840433086038,99.67333007764807,99.21768559821572,33.44610000000213,78.56939999999912,1436.0,1585.0,0.0,0.0,73.0,77.0,2.0,2.0,11.0,11.0,0.0,0.0,0.0,0.0,-99.9665539,-99.92143060000001,1,1
0.1,100.0,1440,1,30,30,0,0,100,10.0,12,6,99,0.0,1,flat,33.44610000000624,78.56940000000532,-68.04230858975036,-76.35840433086038,99.67333007764807,99.21768559821572,33.44610000000213,78.56939999999912,1436.0,1585.0,0.0,0.0,73.0,77.0,2.0,2.0,11.0,11.0,0.0,0.0,0.0,0.0,-99.9665539,-99.92143060000001,1,1
0.1,100.0,1440,1,30,30,0,0,100,5.3,8,0,5,0.1,3,inc_every3,33.446099999999845,2937.7000000028274,-68.04230858975158,-30.54692287177978,99.71851219081125,87.48043973454966,33.446099999999845,1264.1000000025197,1751.0,1387.0,0.0,0.0,0.0,0.0,2.0,0.0,8.0,8.0,53.0,48.0,0.0,0.0,-99.9665539,-98.73589999999749,1,1
0.1,100.0,1440,1,30,30,0,0,400,25.0,12,15,5,0.1,3,inc_every3,33.42120000000119,8284.400000002759,-68.04707121205841,-5.4467614509276725,99.75258949986676,61.31817099307898,33.42120000000119,4547.900000001839,1628.0,968.0,0.0,0.0,56.0,31.0,2.0,0.0,8.0,8.0,0.0,0.0,0.0,0.0,-99.9665788,-78.08310343708563,1,0
0.1,100.0,1440,1,30,30,0,0,400,25.0,8,15,5,0.1,3,inc_every3,33.42120000000119,8284.400000002759,-68.04707121205841,-5.4467614509276725,99.75258949986676,61.31817099307898,33.42120000000119,4547.900000001839,1628.0,968.0,0.0,0.0,56.0,31.0,2.0,0.0,8.0,8.0,67.0,35.0,0.0,0.0,-99.9665788,-78.08310343708563,1,0
0.1,100.0,1440,1,30,30,0,0,400,25.0,18,15,5,0.1,3,inc_every3,33.42120000000119,8284.400000002759,-68.04707121205841,-5.4467614509276725,99.75258949986676,61.31817099307898,33.42120000000119,4547.900000001839,1628.0,968.0,0.0,0.0,56.0,31.0,2.0,0.0,8.0,8.0,0.0,0.0,0.0,0.0,-99.9665788,-78.08310343708563,1,0
0.1,100.0,1440,1,30,30,0,0,75,15.0,3,4,99,0.0,1,flat,33.41910000000405,4617.600000006007,-68.04747300876369,-20.5419021686278,99.67036781314422,58.817459592677814,33.41909999999996,4509.900000005971,2606.0,1697.0,0.0,0.0,236.0,149.0,1.0,0.0,3.0,3.0,1480.0,948.0,0.0,0.0,-99.9665809,-88.17682135398343,1,0
0.1,100.0,1440,1,30,30,0,0,75,15.0,3,4,5,0.1,3,inc_every3,33.41910000000405,4617.600000006007,-68.04747300876369,-20.5419021686278,99.67036781314422,58.817459592677814,33.41909999999996,4509.900000005971,2606.0,1697.0,0.0,0.0,236.0,149.0,1.0,0.0,3.0,3.0,1480.0,948.0,0.0,0.0,-99.9665809,-88.17682135398343,1,0
0.1,100.0,1440,1,30,30,0,0,75,10.0,3,6,99,0.0,1,flat,33.4014000000073,6712.900000005897,-68.05086038370827,-11.183730382503953,99.67176297169812,34.30406167914288,33.40140000000068,6578.200000005836,4528.0,2070.0,0.0,0.0,169.0,74.0,1.0,0.0,3.0,3.0,1950.0,906.0,0.0,0.0,-99.9665986,-29.79185374078972,1,0
0.1,100.0,1440,1,30,30,0,0,75,10.0,3,6,5,0.1,3,inc_every3,33.4014000000073,6712.900000005897,-68.05086038370827,-11.183730382503953,99.67176297169812,34.30406167914288,33.40140000000068,6578.200000005836,4528.0,2070.0,0.0,0.0,169.0,74.0,1.0,0.0,3.0,3.0,1950.0,906.0,0.0,0.0,-99.9665986,-29.79185374078972,1,0
0.1,100.0,1440,1,30,30,0,0,150,25.0,18,15,99,0.0,1,flat,33.38640000000717,14497.600000018581,-68.05373216460879,11.685795106468277,99.73322253030449,40.88025101947735,33.38640000000328,8838.300000000283,1533.0,1293.0,0.0,0.0,86.0,65.0,2.0,0.0,14.0,14.0,0.0,0.0,0.0,0.0,-99.9666136,-20.07470693248642,1,0
0.1,100.0,1440,1,30,30,0,0,200,15.0,8,0,5,0.1,3,inc_every3,33.29880000000446,49.83200000000616,-68.07052400854434,-79.35416387114446,99.69441670949271,99.51494149940625,33.29880000000111,49.83199999999823,585.0,387.0,0.0,0.0,0.0,0.0,2.0,2.0,8.0,8.0,29.0,14.0,0.0,0.0,-99.9667012,-99.950168,1,1
0.1,100.0,1440,1,30,30,0,0,75,5.3,3,15,5,0.1,3,inc_every3,33.263099999999326,5641.800000003746,-68.07737739547723,-15.661138617796322,99.67182884598311,44.75071501885108,33.26309999999785,5544.1000000037,3481.0,1616.0,0.0,0.0,28.0,12.0,1.0,0.0,3.0,3.0,983.0,457.0,0.0,0.0,-99.9667369,-55.16256865549849,1,0
0.1,100.0,1440,1,30,30,0,0,75,5.3,3,15,99,0.0,1,flat,33.263099999999326,5641.800000003746,-68.07737739547723,-15.661138617796322,99.67182884598311,44.75071501885108,33.26309999999785,5544.1000000037,3481.0,1616.0,0.0,0.0,28.0,12.0,1.0,0.0,3.0,3.0,983.0,457.0,0.0,0.0,-99.9667369,-55.16256865549849,1,0
0.1,100.0,1440,1,30,30,0,0,400,25.0,12,15,99,0.0,1,flat,33.072600000001245,5841.600000002363,-68.11404777335395,-14.783176058264969,99.74162233107555,59.71871427430601,33.072600000001245,4545.300000002301,1354.0,883.0,0.0,0.0,47.0,29.0,1.0,0.0,9.0,9.0,0.0,0.0,0.0,0.0,-99.9669274,-84.22060460687699,1,0
0.1,100.0,1440,1,30,30,0,0,400,25.0,18,15,99,0.0,1,flat,33.072600000001245,5841.600000002363,-68.11404777335395,-14.783176058264969,99.74162233107555,59.71871427430601,33.072600000001245,4545.300000002301,1354.0,883.0,0.0,0.0,47.0,29.0,1.0,0.0,9.0,9.0,0.0,0.0,0.0,0.0,-99.9669274,-84.22060460687699,1,0
0.1,100.0,1440,1,30,30,0,0,75,25.0,18,15,99,0.0,1,flat,33.02580000000776,32.29740000000285,-68.12308240315859,-81.85375859176428,99.8294967371555,99.77710097517553,33.02580000000319,32.297400000000835,1991.0,648.0,0.0,0.0,171.0,58.0,3.0,3.0,18.0,18.0,207.0,78.0,0.0,0.0,-99.9669742,-99.9677026,1,1
0.1,100.0,1440,1,30,30,0,0,300,15.0,3,6,5,0.1,3,inc_every3,32.92500000000621,8016.100000001079,-68.14257644169382,-6.368565150300354,99.682433279642,21.768986266306978,32.92499999999745,7826.700000001054,2654.0,1508.0,0.0,0.0,114.0,59.0,1.0,0.0,3.0,3.0,487.0,295.0,0.0,0.0,-99.96707500000001,-6.368565150300354,1,0
0.1,100.0,1440,1,30,30,0,0,300,15.0,3,6,99,0.0,1,flat,32.92500000000621,8016.100000001079,-68.14257644169382,-6.368565150300354,99.682433279642,21.768986266306978,32.92499999999745,7826.700000001054,2654.0,1508.0,0.0,0.0,114.0,59.0,1.0,0.0,3.0,3.0,487.0,295.0,0.0,0.0,-99.96707500000001,-6.368565150300354,1,0
0.1,100.0,1440,1,30,30,0,0,75,10.0,8,6,5,0.1,3,inc_every3,32.87370000000614,32.08620000000502,-68.15251585060449,-81.88915113122736,99.6856537703915,99.6990997242906,32.873700000000525,32.08620000000039,1232.0,1047.0,0.0,0.0,77.0,66.0,2.0,2.0,8.0,8.0,155.0,115.0,0.0,0.0,-99.9671263,-99.9679138,1,1
0.1,100.0,1440,1,30,30,0,0,200,10.0,3,10,5,0.1,3,inc_every3,32.86410000000183,6118.000000002062,-68.15437723485633,-13.602737169253453,99.67524309261239,41.36159717230292,32.86409999999739,6038.700000002053,3141.0,1630.0,0.0,0.0,58.0,28.0,1.0,0.0,3.0,3.0,596.0,287.0,0.0,0.0,-99.9671359,-46.325931513859295,1,0
0.1,100.0,1440,1,30,30,0,0,200,10.0,3,10,99,0.0,1,flat,32.86410000000183,6118.000000002062,-68.15437723485633,-13.602737169253453,99.67524309261239,41.36159717230292,32.86409999999739,6038.700000002053,3141.0,1630.0,0.0,0.0,58.0,28.0,1.0,0.0,3.0,3.0,596.0,287.0,0.0,0.0,-99.9671359,-46.325931513859295,1,0
0.1,100.0,1440,1,30,30,0,0,100,10.0,3,15,5,0.1,3,inc_every3,32.848800000000494,7650.200000000673,-68.15734471514263,-7.661301217865846,99.67742480335455,27.635389373727314,32.84879999999657,7346.600000000568,2302.0,915.0,0.0,0.0,35.0,12.0,1.0,0.0,3.0,3.0,762.0,303.0,0.0,0.0,-99.9671512,-12.932079965320474,1,0
0.1,100.0,1440,1,30,30,0,0,100,10.0,3,15,99,0.0,1,flat,32.848800000000494,7650.200000000673,-68.15734471514263,-7.661301217865846,99.67742480335455,27.635389373727314,32.84879999999657,7346.600000000568,2302.0,915.0,0.0,0.0,35.0,12.0,1.0,0.0,3.0,3.0,762.0,303.0,0.0,0.0,-99.9671512,-12.932079965320474,1,0
0.1,100.0,1440,1,30,30,0,0,150,15.0,8,0,5,0.1,3,inc_every3,32.81070000000432,2240.8000000037027,-68.16473913020612,-35.924028969532216,99.69975017844402,96.79922779919686,32.81070000000156,331.60000000323635,516.0,383.0,0.0,0.0,0.0,0.0,2.0,0.0,8.0,8.0,37.0,23.0,0.0,0.0,-99.9671893,-99.66839999999677,1,1
0.1,100.0,1440,1,30,30,0,0,200,15.0,3,2,5,0.1,3,inc_every3,32.64630000000531,33.14130000000182,-68.1967247156968,-81.71394043584625,99.67880144432743,99.67372260617877,32.64630000000437,33.14129999999767,3371.0,1911.0,0.0,0.0,445.0,264.0,1.0,1.0,3.0,3.0,1015.0,528.0,0.0,0.0,-99.96735369999999,-99.9668587,1,1
0.1,100.0,1440,1,30,30,0,0,200,15.0,3,2,99,0.0,1,flat,32.64630000000531,33.14130000000182,-68.1967247156968,-81.71394043584625,99.67880144432743,99.67372260617877,32.64630000000437,33.14129999999767,3371.0,1911.0,0.0,0.0,445.0,264.0,1.0,1.0,3.0,3.0,1015.0,528.0,0.0,0.0,-99.96735369999999,-99.9668587,1,1
0.1,100.0,1440,1,30,30,0,0,150,25.0,12,2,99,0.0,1,flat,32.62800000000797,1471.200000006056,-68.20029311862599,-43.46484028529686,99.684808439112,89.67273494594615,32.62800000000408,1076.7000000055657,1910.0,1157.0,0.0,0.0,553.0,339.0,1.0,0.0,6.0,6.0,0.0,0.0,0.0,0.0,-99.967372,-98.92329999999444,1,1
0.1,100.0,1440,1,30,30,0,0,150,25.0,18,2,99,0.0,1,flat,32.62800000000797,1471.200000006056,-68.20029311862599,-43.46484028529686,99.684808439112,89.67273494594615,32.62800000000408,1076.7000000055657,1910.0,1157.0,0.0,0.0,553.0,339.0,1.0,0.0,6.0,6.0,0.0,0.0,0.0,0.0,-99.967372,-98.92329999999444,1,1
0.1,100.0,1440,1,30,30,0,0,150,25.0,8,2,99,0.0,1,flat,32.62800000000797,1471.200000006056,-68.20029311862599,-43.46484028529686,99.684808439112,89.67273494594615,32.62800000000408,1076.7000000055657,1910.0,1157.0,0.0,0.0,553.0,339.0,1.0,0.0,6.0,6.0,0.0,0.0,0.0,0.0,-99.967372,-98.92329999999444,1,1
0.1,100.0,1440,1,30,30,0,0,75,5.3,3,10,5,0.1,3,inc_every3,32.599500000003104,4254.200000006191,-68.20585365676821,-22.45658678226814,99.67837587190088,58.86083475359993,32.599499999999125,4151.600000005961,4212.0,2576.0,0.0,0.0,49.0,29.0,1.0,0.0,3.0,3.0,1192.0,740.0,0.0,0.0,-99.9674005,-90.17825628946801,1,0
0.1,100.0,1440,1,30,30,0,0,75,5.3,3,10,99,0.0,1,flat,32.599500000003104,4254.200000006191,-68.20585365676821,-22.45658678226814,99.67837587190088,58.86083475359993,32.599499999999125,4151.600000005961,4212.0,2576.0,0.0,0.0,49.0,29.0,1.0,0.0,3.0,3.0,1192.0,740.0,0.0,0.0,-99.9674005,-90.17825628946801,1,0
0.1,100.0,1440,1,30,30,0,0,150,5.3,12,4,5,0.1,3,inc_every3,32.594400000001315,61.579999999997284,-68.2068491105748,-78.01182956725195,99.67768845115548,99.3846184594476,32.59439999999928,61.579999999997284,2543.0,2668.0,0.0,0.0,77.0,81.0,1.0,1.0,7.0,7.0,0.0,0.0,0.0,0.0,-99.9674056,-99.93842000000001,1,1
0.1,100.0,1440,1,30,30,0,0,150,5.3,8,4,5,0.1,3,inc_every3,32.594400000001315,61.579999999997284,-68.2068491105748,-78.01182956725195,99.67768845115548,99.3846184594476,32.59439999999928,61.579999999997284,2543.0,2668.0,0.0,0.0,77.0,81.0,1.0,1.0,7.0,7.0,0.0,0.0,0.0,0.0,-99.9674056,-99.93842000000001,1,1
0.1,100.0,1440,1,30,30,0,0,150,5.3,18,4,5,0.1,3,inc_every3,32.594400000001315,61.579999999997284,-68.2068491105748,-78.01182956725195,99.67768845115548,99.3846184594476,32.59439999999928,61.579999999997284,2543.0,2668.0,0.0,0.0,77.0,81.0,1.0,1.0,7.0,7.0,0.0,0.0,0.0,0.0,-99.9674056,-99.93842000000001,1,1
0.1,100.0,1440,1,30,30,0,0,100,5.3,3,10,5,0.1,3,inc_every3,32.588999999996645,4025.2000000022617,-68.2079032562933,-23.722927203041223,99.67980624686825,60.81141863322102,32.588999999996645,3920.700000002137,4438.0,2753.0,0.0,0.0,48.0,29.0,1.0,0.0,3.0,3.0,946.0,628.0,0.0,0.0,-99.967411,-95.34576446948326,1,0
0.1,100.0,1440,1,30,30,0,0,100,5.3,3,10,99,0.0,1,flat,32.588999999996645,4025.2000000022617,-68.2079032562933,-23.722927203041223,99.67980624686825,60.81141863322102,32.588999999996645,3920.700000002137,4438.0,2753.0,0.0,0.0,48.0,29.0,1.0,0.0,3.0,3.0,946.0,628.0,0.0,0.0,-99.967411,-95.34576446948326,1,0
0.1,100.0,1440,1,30,30,0,0,150,15.0,3,6,99,0.0,1,flat,32.55270000000502,6940.700000003394,-68.21499308675183,-10.29733750523526,99.6792869035773,32.43002670355818,32.552699999999845,6832.000000003386,2754.0,1443.0,0.0,0.0,141.0,69.0,1.0,0.0,3.0,3.0,928.0,473.0,0.0,0.0,-99.9674473,-25.157390912351616,1,0
0.1,100.0,1440,1,30,30,0,0,150,15.0,3,6,5,0.1,3,inc_every3,32.55270000000502,6940.700000003394,-68.21499308675183,-10.29733750523526,99.6792869035773,32.43002670355818,32.552699999999845,6832.000000003386,2754.0,1443.0,0.0,0.0,141.0,69.0,1.0,0.0,3.0,3.0,928.0,473.0,0.0,0.0,-99.9674473,-25.157390912351616,1,0
0.1,100.0,1440,1,30,30,0,0,200,25.0,8,25,5,0.1,3,inc_every3,32.42790000000622,11552.100000008082,-68.23941638604774,4.387002301166865,99.73459781968188,49.572807374937774,32.4278999999988,7442.700000001625,1582.0,1087.0,0.0,0.0,49.0,31.0,2.0,0.0,8.0,8.0,149.0,104.0,0.0,0.0,-99.9675721,-44.75861244870868,1,0
0.1,100.0,1440,1,30,30,0,0,400,10.0,3,6,99,0.0,1,flat,32.40840000000708,7021.700000001987,-68.24323931532031,-9.987086066597561,99.67750268678104,34.22970986985874,32.40839999999946,6757.700000001724,3298.0,2305.0,0.0,0.0,87.0,54.0,1.0,0.0,3.0,3.0,324.0,236.0,0.0,0.0,-99.9675916,-28.446505806315038,1,0
0.1,100.0,1440,1,30,30,0,0,400,10.0,3,6,5,0.1,3,inc_every3,32.40840000000708,7021.700000001987,-68.24323931532031,-9.987086066597561,99.67750268678104,34.22970986985874,32.40839999999946,6757.700000001724,3298.0,2305.0,0.0,0.0,87.0,54.0,1.0,0.0,3.0,3.0,324.0,236.0,0.0,0.0,-99.9675916,-28.446505806315038,1,0
0.1,100.0,1440,1,30,30,0,0,300,5.3,8,6,99,0.0,1,flat,32.39460000000361,32.63700000000719,-68.24594588490096,-81.79718832063176,99.68025859941763,99.67897190745981,32.39460000000304,32.63700000000526,5053.0,5659.0,0.0,0.0,74.0,80.0,1.0,1.0,6.0,6.0,0.0,0.0,0.0,0.0,-99.9676054,-99.96736299999999,1,1
0.1,100.0,1440,1,30,30,0,0,300,5.3,18,6,99,0.0,1,flat,32.39460000000361,32.63700000000719,-68.24594588490096,-81.79718832063176,99.68025859941763,99.67897190745981,32.39460000000304,32.63700000000526,5053.0,5659.0,0.0,0.0,74.0,80.0,1.0,1.0,6.0,6.0,0.0,0.0,0.0,0.0,-99.9676054,-99.96736299999999,1,1
0.1,100.0,1440,1,30,30,0,0,300,5.3,12,6,99,0.0,1,flat,32.39460000000361,32.63700000000719,-68.24594588490096,-81.79718832063176,99.68025859941763,99.67897190745981,32.39460000000304,32.63700000000526,5053.0,5659.0,0.0,0.0,74.0,80.0,1.0,1.0,6.0,6.0,0.0,0.0,0.0,0.0,-99.9676054,-99.96736299999999,1,1
0.1,100.0,1440,1,30,30,0,0,400,10.0,3,4,5,0.1,3,inc_every3,32.31479999999874,2157.9000000029737,-68.26161502889249,-36.638808084282374,99.67843410420734,81.48542578784615,32.314799999995955,1877.6000000029594,3674.0,2798.0,0.0,0.0,141.0,106.0,1.0,0.0,3.0,3.0,389.0,271.0,0.0,0.0,-99.9676852,-98.12239999999704,1,1
0.1,100.0,1440,1,30,30,0,0,400,10.0,3,4,99,0.0,1,flat,32.31479999999874,2157.9000000029737,-68.26161502889249,-36.638808084282374,99.67843410420734,81.48542578784615,32.314799999995955,1877.6000000029594,3674.0,2798.0,0.0,0.0,141.0,106.0,1.0,0.0,3.0,3.0,389.0,271.0,0.0,0.0,-99.9676852,-98.12239999999704,1,1
0.1,100.0,1440,1,30,30,0,0,150,5.3,12,0,99,0.0,1,flat,32.25899999999697,36.03150000000713,-68.27259004618797,-81.25325083936168,99.83270930136085,99.65338996094431,32.2589999999949,36.03149999999698,2742.0,914.0,0.0,0.0,0.0,0.0,2.0,3.0,12.0,12.0,34.0,6.0,0.0,0.0,-99.967741,-99.96396850000001,1,1
0.1,100.0,1440,1,30,30,0,0,150,15.0,3,4,99,0.0,1,flat,32.227200000001744,4296.300000004509,-68.27885142037604,-22.229022456537017,99.68359727062982,60.345749250612215,32.227200000001744,4154.100000004452,2432.0,1849.0,0.0,0.0,186.0,137.0,1.0,0.0,3.0,3.0,830.0,653.0,0.0,0.0,-99.96777279999999,-92.92052095776145,1,0
0.1,100.0,1440,1,30,30,0,0,150,15.0,3,4,5,0.1,3,inc_every3,32.227200000001744,4296.300000004509,-68.27885142037604,-22.229022456537017,99.68359727062982,60.345749250612215,32.227200000001744,4154.100000004452,2432.0,1849.0,0.0,0.0,186.0,137.0,1.0,0.0,3.0,3.0,830.0,653.0,0.0,0.0,-99.96777279999999,-92.92052095776145,1,0
0.1,100.0,1440,1,30,30,0,0,150,5.3,3,10,5,0.1,3,inc_every3,32.200800000001436,3879.000000004737,-68.284053297866,-24.558093981368135,99.68158058678692,61.98634574171912,32.20079999999814,3814.1000000047225,4865.0,2898.0,0.0,0.0,47.0,28.0,1.0,0.0,3.0,3.0,725.0,435.0,0.0,0.0,-99.9677992,-98.53078546480637,1,0
0.1,100.0,1440,1,30,30,0,0,150,5.3,3,10,99,0.0,1,flat,32.200800000001436,3879.000000004737,-68.284053297866,-24.558093981368135,99.68158058678692,61.98634574171912,32.20079999999814,3814.1000000047225,4865.0,2898.0,0.0,0.0,47.0,28.0,1.0,0.0,3.0,3.0,725.0,435.0,0.0,0.0,-99.9677992,-98.53078546480637,1,0
0.1,100.0,1440,1,30,30,0,0,200,5.3,12,0,99,0.0,1,flat,32.10360000000327,8851.40000000628,-68.30323511503886,-3.565595233950025,99.83260019397434,94.61262114288806,32.10359999999869,773.8000000047759,3106.0,1851.0,0.0,0.0,0.0,0.0,2.0,0.0,12.0,12.0,28.0,14.0,0.0,0.0,-99.9678964,-99.22619999999523,1,1
0.1,100.0,1440,1,30,30,0,0,400,25.0,8,0,5,0.1,3,inc_every3,31.990800000007425,10331.000000001484,-68.32555381949533,0.9737382744384071,99.81585379191252,85.4375937296556,31.990800000000604,2058.600000001039,449.0,298.0,0.0,0.0,0.0,0.0,2.0,0.0,8.0,8.0,18.0,11.0,0.0,0.0,-99.9680092,-119.9014491848728,1,0
0.1,100.0,1440,1,30,30,0,0,300,25.0,12,0,99,0.0,1,flat,31.910400000004614,10964.200000000332,-68.34150028637318,2.7770628789467233,99.81958172432705,84.84658647956135,31.91040000000021,2177.000000000313,453.0,302.0,0.0,0.0,0.0,0.0,2.0,0.0,12.0,12.0,14.0,6.0,0.0,0.0,-99.9680896,-116.91611008017598,1,0
0.1,100.0,1440,1,30,30,0,0,100,10.0,8,0,5,0.1,3,inc_every3,31.842000000001576,4145.900000000172,-68.3550920039932,-23.049343449914396,99.74564248398387,76.58704400882641,31.841999999996062,2524.9000000001724,925.0,627.0,0.0,0.0,0.0,0.0,2.0,0.0,8.0,8.0,60.0,43.0,0.0,0.0,-99.968158,-126.22343146756722,1,0
0.1,100.0,1440,1,30,30,0,0,75,15.0,3,2,5,0.1,3,inc_every3,31.823399999997946,2762.8000000076163,-68.35879203580133,-31.804032110492685,99.68837860598113,75.39751148575535,31.823399999995445,2532.900000007059,2297.0,1935.0,0.0,0.0,411.0,336.0,1.0,0.0,3.0,3.0,1417.0,1179.0,0.0,0.0,-99.9681766,-132.59905508200336,1,0
0.1,100.0,1440,1,30,30,0,0,75,15.0,3,2,99,0.0,1,flat,31.823399999997946,2762.8000000076163,-68.35879203580133,-31.804032110492685,99.68837860598113,75.39751148575535,31.823399999995445,2532.900000007059,2297.0,1935.0,0.0,0.0,411.0,336.0,1.0,0.0,3.0,3.0,1417.0,1179.0,0.0,0.0,-99.9681766,-132.59905508200336,1,0
0.1,100.0,1440,1,30,30,0,0,300,10.0,8,0,5,0.1,3,inc_every3,31.813500000003984,12472.300000000861,-68.36076211299526,6.795128490273106,99.81855073290367,67.59287035647797,31.813500000000516,5185.400000000751,1502.0,1051.0,0.0,0.0,0.0,0.0,2.0,0.0,8.0,8.0,31.0,18.0,0.0,0.0,-99.9681865,-78.39061222268285,1,0
0.1,100.0,1440,1,30,30,0,0,200,5.3,3,10,99,0.0,1,flat,31.81350000000191,3057.9000000032947,-68.36076211299567,-29.713157127712144,99.68574603644983,70.88747879129525,31.813500000001824,2968.400000003259,4832.0,3046.0,0.0,0.0,45.0,28.0,1.0,0.0,3.0,3.0,573.0,312.0,0.0,0.0,-99.9681865,-121.48811471030265,1,0
0.1,100.0,1440,1,30,30,0,0,200,5.3,3,10,5,0.1,3,inc_every3,31.81350000000191,3057.9000000032947,-68.36076211299567,-29.713157127712144,99.68574603644983,70.88747879129525,31.813500000001824,2968.400000003259,4832.0,3046.0,0.0,0.0,45.0,28.0,1.0,0.0,3.0,3.0,573.0,312.0,0.0,0.0,-99.9681865,-121.48811471030265,1,0
0.1,100.0,1440,1,30,30,0,0,100,5.3,12,0,5,0.1,3,inc_every3,31.74960000000347,81.9286999999922,-68.3734898767857,-76.06201949673184,99.8327145890523,99.55032410329598,31.749599999999703,81.9286999999922,2857.0,1173.0,0.0,0.0,0.0,0.0,3.0,2.0,12.0,12.0,52.0,19.0,0.0,0.0,-99.9682504,-99.91807130000001,1,1
0.1,100.0,1440,1,30,30,0,0,150,25.0,8,0,5,0.1,3,inc_every3,31.630800000003774,7052.700000003242,-68.39720732041458,-9.869013036929953,99.75283803213108,60.05147752976923,31.630799999996782,4485.500000002834,313.0,225.0,0.0,0.0,0.0,0.0,2.0,0.0,8.0,8.0,34.0,25.0,0.0,0.0,-99.9683692,-79.97196809646842,1,0
0.1,100.0,1440,1,30,30,0,0,100,10.0,8,25,5,0.1,3,inc_every3,31.5822,34.03709999999671,-68.40693045112307,-81.56823339883339,99.69153489280656,99.70778337726117,31.5822,34.03709999999671,1451.0,2962.0,0.0,0.0,19.0,36.0,4.0,2.0,8.0,8.0,110.0,234.0,0.0,0.0,-99.9684178,-99.96596290000001,1,1
0.1,100.0,1440,1,30,30,0,0,100,25.0,8,15,99,0.0,1,flat,31.536000000003696,8122.100000000728,-68.41618452973543,-6.001826623491214,99.71054877880881,48.8096352168257,31.535999999999888,5470.100000000448,1257.0,1053.0,0.0,0.0,80.0,64.0,2.0,0.0,8.0,8.0,280.0,242.0,0.0,0.0,-99.968464,-53.621097057142606,1,0
0.1,100.0,1440,1,30,30,0,0,200,5.3,8,15,99,0.0,1,flat,31.517400000003008,58.59400000000909,-68.41991325967429,-78.33466308008117,99.70660746201972,99.41933821561993,31.517399999999483,58.59400000000909,2445.0,2899.0,0.0,0.0,19.0,22.0,2.0,1.0,8.0,8.0,50.0,49.0,0.0,0.0,-99.9684826,-99.94140599999999,1,1
0.1,100.0,1440,1,30,30,0,0,150,15.0,12,10,99,0.0,1,flat,31.24739999999852,99.84509999998909,-68.47423920861837,-74.61094335057663,99.7156380248622,99.0186056340798,31.247399999994983,99.84509999998909,1243.0,2219.0,0.0,0.0,53.0,87.0,2.0,1.0,12.0,12.0,50.0,85.0,0.0,0.0,-99.9687526,-99.9001549,1,1
0.1,100.0,1440,1,30,30,0,0,150,15.0,18,10,99,0.0,1,flat,31.24739999999852,99.84509999998909,-68.47423920861837,-74.61094335057663,99.7156380248622,99.0186056340798,31.247399999994983,99.84509999998909,1243.0,2219.0,0.0,0.0,53.0,87.0,2.0,1.0,12.0,12.0,0.0,0.0,0.0,0.0,-99.9687526,-99.9001549,1,1
0.1,100.0,1440,1,30,30,0,0,100,15.0,8,15,99,0.0,1,flat,31.21800000000023,2332.0000000014843,-68.48017734318111,-35.158829801280234,99.71445819498945,82.71924240011212,31.217999999998725,1737.2000000015296,1378.0,2032.0,0.0,0.0,46.0,63.0,2.0,0.0,8.0,8.0,182.0,267.0,0.0,0.0,-99.968782,-98.26279999999846,1,1
0.1,100.0,1440,1,30,30,0,0,100,10.0,8,25,99,0.0,1,flat,31.217999999998057,3305.1000000010204,-68.48017734318155,-28.06825189093407,99.69509205450021,76.81417727129167,31.21799999999513,2510.7000000009616,1729.0,2381.0,0.0,0.0,21.0,26.0,2.0,0.0,8.0,8.0,142.0,200.0,0.0,0.0,-99.968782,-131.69660643351742,1,0
0.1,100.0,1440,1,30,30,0,0,75,15.0,12,4,99,0.0,1,flat,31.12920000000655,75.1026000000225,-68.49814013422271,-76.67375986741725,99.70791273750883,99.33460972800569,31.129200000003493,75.102600000005,954.0,903.0,0.0,0.0,134.0,125.0,2.0,1.0,11.0,11.0,0.0,0.0,0.0,0.0,-99.96887079999999,-99.92489739999999,1,1
0.1,100.0,1440,1,30,30,0,0,75,15.0,18,4,99,0.0,1,flat,31.12920000000655,75.1026000000225,-68.49814013422271,-76.67375986741725,99.70791273750883,99.33460972800569,31.129200000003493,75.102600000005,954.0,903.0,0.0,0.0,134.0,125.0,2.0,1.0,11.0,11.0,0.0,0.0,0.0,0.0,-99.96887079999999,-99.92489739999999,1,1
0.1,100.0,1440,1,30,30,0,0,100,15.0,18,0,5,0.1,3,inc_every3,31.129200000002925,82.71480000000918,-68.49814013422343,-75.99390023914009,99.72056373429083,99.80248438305918,31.12920000000082,82.71480000000162,174.0,460.0,0.0,0.0,0.0,0.0,7.0,3.0,18.0,18.0,2.0,11.0,0.0,0.0,-99.9688708,-99.9172852,1,1
0.1,100.0,1440,1,30,30,0,0,400,15.0,18,25,99,0.0,1,flat,27.419800000001658,20932.20000000367,-69.28794176255107,24.58535180204415,99.73189600383289,28.060357156343535,27.419800000000293,9408.300000000081,1456.0,1464.0,0.0,0.0,17.0,10.0,2.0,0.0,11.0,11.0,0.0,0.0,0.0,0.0,-99.9725802,18.46463748935708,1,0
0.1,100.0,1440,1,30,30,0,0,400,15.0,12,25,99,0.0,1,flat,27.419800000001658,20932.20000000367,-69.28794176255107,24.58535180204415,99.73189600383289,28.060357156343535,27.419800000000293,9408.300000000081,1456.0,1464.0,0.0,0.0,17.0,10.0,2.0,0.0,11.0,11.0,0.0,0.0,0.0,0.0,-99.9725802,18.46463748935708,1,0
0.1,100.0,1440,1,30,30,0,0,400,25.0,18,25,99,0.0,1,flat,26.178600000003826,22794.900000002817,-69.57133051942405,27.78624381158954,99.74114424712256,25.857602286936622,26.17860000000158,9476.600000000075,698.0,815.0,0.0,0.0,16.0,11.0,2.0,0.0,11.0,11.0,0.0,0.0,0.0,0.0,-99.97382139999999,26.071039237716295,1,0
0.1,100.0,1440,1,30,30,0,0,400,25.0,12,25,99,0.0,1,flat,26.178600000003826,22794.900000002817,-69.57133051942405,27.78624381158954,99.74114424712256,25.857602286936622,26.17860000000158,9476.600000000075,698.0,815.0,0.0,0.0,16.0,11.0,2.0,0.0,11.0,11.0,0.0,0.0,0.0,0.0,-99.97382139999999,26.071039237716295,1,0
0.1,100.0,1440,1,30,30,0,0,300,10.0,8,15,5,0.1,3,inc_every3,26.15760000000229,6791.800000001062,-69.57621684891349,-10.874363725893355,99.74195915951462,52.304664141912646,26.15760000000145,5742.900000001044,1287.0,3129.0,0.0,0.0,19.0,35.0,2.0,0.0,8.0,8.0,28.0,51.0,0.0,0.0,-99.9738424,-65.48369200971865,1,0
0.1,100.0,1440,1,30,30,0,0,300,10.0,8,25,5,0.1,3,inc_every3,26.15759999999834,15176.000000000844,-69.5762168489144,13.216094424607562,99.74195915951466,39.52427378630755,26.15759999999834,9018.300000000048,1184.0,2924.0,0.0,0.0,11.0,17.0,2.0,0.0,8.0,8.0,24.0,46.0,0.0,0.0,-99.9738424,-15.832453148007545,1,0
0.1,100.0,1440,1,30,30,0,0,300,15.0,12,25,99,0.0,1,flat,26.12880000000453,13638.80000000073,-69.58292320583652,9.674641777020021,99.74394574889261,53.472784297852115,26.12880000000132,5518.500000000558,1108.0,1696.0,0.0,0.0,15.0,17.0,2.0,0.0,12.0,12.0,18.0,22.0,0.0,0.0,-99.9738712,-47.27092681868421,1,0
0.1,100.0,1440,1,30,30,0,0,400,15.0,8,10,5,0.1,3,inc_every3,25.232400000003878,7075.600000003506,-69.79467625929645,-9.782025252980265,99.76037151702783,44.443746917163836,25.232400000003878,6194.800000002288,1783.0,1789.0,0.0,0.0,50.0,43.0,1.0,0.0,7.0,7.0,0.0,0.0,0.0,0.0,-99.97476759999999,-48.66951908730793,1,0
0.1,100.0,1440,1,30,30,0,0,400,15.0,12,10,5,0.1,3,inc_every3,25.232400000003878,7075.600000003506,-69.79467625929645,-9.782025252980265,99.76037151702783,44.443746917163836,25.232400000003878,6194.800000002288,1783.0,1789.0,0.0,0.0,50.0,43.0,1.0,0.0,7.0,7.0,0.0,0.0,0.0,0.0,-99.97476759999999,-48.66951908730793,1,0
0.1,100.0,1440,1,30,30,0,0,400,15.0,18,10,5,0.1,3,inc_every3,25.232400000003878,7075.600000003506,-69.79467625929645,-9.782025252980265,99.76037151702783,44.443746917163836,25.232400000003878,6194.800000002288,1783.0,1789.0,0.0,0.0,50.0,43.0,1.0,0.0,7.0,7.0,0.0,0.0,0.0,0.0,-99.97476759999999,-48.66951908730793,1,0
0.1,100.0,1440,1,30,30,0,0,300,25.0,8,25,5,0.1,3,inc_every3,82.49569999999756,9231.500000000568,-61.71408072413711,-2.351440002634708,99.80283465800083,60.113925901172,25.17900000000398,6201.20000000045,960.0,996.0,0.0,0.0,25.0,23.0,2.0,0.0,8.0,8.0,52.0,57.0,0.0,0.0,-99.97482099999999,-72.57929180497871,1,0
0.1,100.0,1440,1,30,30,0,0,300,5.3,12,25,99,0.0,1,flat,24.630000000002227,13820.900000001988,-69.94038456982832,10.108365094457984,99.7568968069881,44.30860204868146,24.630000000000337,8231.30000000126,1695.0,5022.0,0.0,0.0,8.0,13.0,2.0,0.0,12.0,12.0,9.0,18.0,0.0,0.0,-99.97537,-28.50883900290493,1,0
0.1,100.0,1440,1,30,30,0,0,400,25.0,18,0,5,0.1,3,inc_every3,24.569200000002837,105.07499999999868,-69.95524869339644,-74.22227282130851,99.88508970497448,99.30823924421479,24.569200000000393,105.07499999999868,325.0,143.0,0.0,0.0,0.0,0.0,4.0,2.0,18.0,18.0,2.0,1.0,0.0,0.0,-99.9754308,-99.894925,1,1
0.1,100.0,1440,1,30,30,0,0,400,15.0,18,0,5,0.1,3,inc_every3,24.546800000007806,35.877600000006794,-69.96073236655242,-81.27711430589042,99.87461280699605,99.7713025408279,24.546800000001213,35.877600000002815,588.0,315.0,0.0,0.0,0.0,0.0,4.0,3.0,18.0,18.0,1.0,1.0,0.0,0.0,-99.9754532,-99.9641224,1,1
0.1,100.0,1440,1,30,30,0,0,200,25.0,18,15,99,0.0,1,flat,23.829200000001634,8998.300000008261,-70.13856134345595,-3.092089299128642,99.79395595368827,56.37610479239732,23.829200000001634,4955.500000003809,1134.0,1199.0,0.0,0.0,55.0,53.0,2.0,0.0,12.0,12.0,0.0,0.0,0.0,0.0,-99.97617079999999,-65.84429888392329,1,0
0.1,100.0,1440,1,30,30,0,0,200,25.0,12,15,99,0.0,1,flat,23.829200000001634,8998.300000008261,-70.13856134345595,-3.092089299128642,99.79395595368827,56.37610479239732,23.829200000001634,4955.500000003809,1134.0,1199.0,0.0,0.0,55.0,53.0,2.0,0.0,12.0,12.0,58.0,60.0,0.0,0.0,-99.97617079999999,-65.84429888392329,1,0
0.1,100.0,1440,1,30,30,0,0,200,15.0,12,10,5,0.1,3,inc_every3,23.807200000000364,33.195000000000675,-70.14408048960725,-81.70512839332973,99.77951804997313,99.71983086038395,23.807200000000364,33.195000000000675,1460.0,2149.0,0.0,0.0,55.0,77.0,2.0,2.0,9.0,9.0,0.0,0.0,0.0,0.0,-99.97619279999999,-99.966805,1,1
0.1,100.0,1440,1,30,30,0,0,200,15.0,18,10,5,0.1,3,inc_every3,23.807200000000364,33.195000000000675,-70.14408048960725,-81.70512839332973,99.77951804997313,99.71983086038395,23.807200000000364,33.195000000000675,1460.0,2149.0,0.0,0.0,55.0,77.0,2.0,2.0,9.0,9.0,0.0,0.0,0.0,0.0,-99.97619279999999,-99.966805,1,1
0.1,100.0,1440,1,30,30,0,0,200,10.0,18,10,5,0.1,3,inc_every3,23.807199999999185,34.092000000007744,-70.14408048960755,-81.55939162116653,99.77213193208141,99.68461075905455,23.807199999999185,34.09200000000041,2255.0,2844.0,0.0,0.0,49.0,61.0,4.0,2.0,9.0,9.0,0.0,0.0,0.0,0.0,-99.9761928,-99.965908,1,1
0.1,100.0,1440,1,30,30,0,0,200,10.0,12,10,5,0.1,3,inc_every3,23.807199999999185,34.092000000007744,-70.14408048960755,-81.55939162116653,99.77213193208141,99.68461075905455,23.807199999999185,34.09200000000041,2255.0,2844.0,0.0,0.0,49.0,61.0,4.0,2.0,9.0,9.0,0.0,0.0,0.0,0.0,-99.9761928,-99.965908,1,1
0.1,100.0,1440,1,30,30,0,0,300,15.0,18,0,5,0.1,3,inc_every3,23.76720000000084,47.79000000001088,-70.15412576113431,-79.60962903779698,99.79910062212605,99.72838874680305,23.767200000000173,47.79000000000548,279.0,366.0,0.0,0.0,0.0,0.0,4.0,3.0,18.0,18.0,1.0,1.0,0.0,0.0,-99.9762328,-99.95221,1,1
0.1,100.0,1440,1,30,30,0,0,300,15.0,12,0,5,0.1,3,inc_every3,23.76719999999912,81.98820000001626,-70.15412576113474,-76.05684752229796,99.7949724814962,99.51297803333607,23.76719999999665,81.98820000000546,216.0,316.0,0.0,0.0,0.0,0.0,3.0,2.0,12.0,12.0,2.0,2.0,0.0,0.0,-99.9762328,-99.91801179999999,1,1
0.1,100.0,1440,1,30,30,0,0,200,10.0,12,10,99,0.0,1,flat,23.638799999998966,6193.10000000965,-70.18646272392822,-13.288494065577849,99.77004163586133,72.41504723954412,23.638799999998966,3337.2000000082785,1825.0,3735.0,0.0,0.0,41.0,70.0,2.0,0.0,10.0,10.0,0.0,0.0,0.0,0.0,-99.9763612,-108.1185885446661,1,0
0.1,100.0,1440,1,30,30,0,0,200,10.0,18,10,99,0.0,1,flat,23.638799999998966,6193.10000000965,-70.18646272392822,-13.288494065577849,99.77004163586133,72.41504723954412,23.638799999998966,3337.2000000082785,1825.0,3735.0,0.0,0.0,41.0,70.0,2.0,0.0,10.0,10.0,0.0,0.0,0.0,0.0,-99.9763612,-108.1185885446661,1,0
0.1,100.0,1440,1,30,30,0,0,300,5.3,3,2,5,0.1,3,inc_every3,23.61760000000443,67.10000000284242,-70.19181535487,-77.44288300567948,99.76563098510485,99.32950287281696,23.61759999999967,67.10000000284242,4776.0,4691.0,0.0,0.0,201.0,198.0,1.0,0.0,3.0,3.0,405.0,359.0,0.0,0.0,-99.9763824,-99.93289999999716,1,1
0.1,100.0,1440,1,30,30,0,0,300,5.3,3,2,99,0.0,1,flat,23.61760000000443,67.10000000284242,-70.19181535487,-77.44288300567948,99.76563098510485,99.32950287281696,23.61759999999967,67.10000000284242,4776.0,4691.0,0.0,0.0,201.0,198.0,1.0,0.0,3.0,3.0,405.0,359.0,0.0,0.0,-99.9763824,-99.93289999999716,1,1
0.1,100.0,1440,1,30,30,0,0,200,15.0,18,4,99,0.0,1,flat,23.22040000000743,57.73050000000376,-70.29281911174697,-78.43016987248458,99.77171339808875,99.44351317222697,23.2204000000051,57.73050000000353,1273.0,1397.0,0.0,0.0,109.0,116.0,1.0,1.0,6.0,6.0,0.0,0.0,0.0,0.0,-99.9767796,-99.9422695,1,1
0.1,100.0,1440,1,30,30,0,0,200,15.0,8,4,99,0.0,1,flat,23.22040000000743,57.73050000000376,-70.29281911174697,-78.43016987248458,99.77171339808875,99.44351317222697,23.2204000000051,57.73050000000353,1273.0,1397.0,0.0,0.0,109.0,116.0,1.0,1.0,6.0,6.0,0.0,0.0,0.0,0.0,-99.9767796,-99.9422695,1,1
0.1,100.0,1440,1,30,30,0,0,200,15.0,12,4,99,0.0,1,flat,23.22040000000743,57.73050000000376,-70.29281911174697,-78.43016987248458,99.77171339808875,99.44351317222697,23.2204000000051,57.73050000000353,1273.0,1397.0,0.0,0.0,109.0,116.0,1.0,1.0,6.0,6.0,0.0,0.0,0.0,0.0,-99.9767796,-99.9422695,1,1
0.1,100.0,1440,1,30,30,0,0,400,15.0,8,25,5,0.1,3,inc_every3,23.184400000003023,16534.70000000408,-70.30204166619794,16.142086168438396,99.77242530134671,37.35385638612937,23.184400000002086,9331.100000000084,1890.0,1571.0,0.0,0.0,22.0,13.0,2.0,0.0,8.0,8.0,42.0,29.0,0.0,0.0,-99.9768156,-8.565626603820348,1,0
0.1,100.0,1440,1,30,30,0,0,400,5.3,12,2,5,0.1,3,inc_every3,23.111600000002227,73.40000000330596,-70.32072677922504,-76.83239161622727,99.77036286316124,99.6459999999675,23.111599999999868,35.400000003250824,5630.0,4033.0,0.0,0.0,220.0,171.0,1.0,0.0,3.0,3.0,0.0,0.0,0.0,0.0,-99.9768884,-99.96459999999675,1,1
0.1,100.0,1440,1,30,30,0,0,400,5.3,18,2,99,0.0,1,flat,23.111600000002227,73.40000000330596,-70.32072677922504,-76.83239161622727,99.77036286316124,99.6459999999675,23.111599999999868,35.400000003250824,5630.0,4033.0,0.0,0.0,220.0,171.0,1.0,0.0,3.0,3.0,0.0,0.0,0.0,0.0,-99.9768884,-99.96459999999675,1,1
0.1,100.0,1440,1,30,30,0,0,400,5.3,18,2,5,0.1,3,inc_every3,23.111600000002227,73.40000000330596,-70.32072677922504,-76.83239161622727,99.77036286316124,99.6459999999675,23.111599999999868,35.400000003250824,5630.0,4033.0,0.0,0.0,220.0,171.0,1.0,0.0,3.0,3.0,0.0,0.0,0.0,0.0,-99.9768884,-99.96459999999675,1,1
0.1,100.0,1440,1,30,30,0,0,400,5.3,3,2,5,0.1,3,inc_every3,23.111600000002227,73.40000000330596,-70.32072677922504,-76.83239161622727,99.77036286316124,99.6459999999675,23.111599999999868,35.400000003250824,5630.0,4033.0,0.0,0.0,220.0,171.0,1.0,0.0,3.0,3.0,346.0,259.0,0.0,0.0,-99.9768884,-99.96459999999675,1,1
0.1,100.0,1440,1,30,30,0,0,400,5.3,3,2,99,0.0,1,flat,23.111600000002227,73.40000000330596,-70.32072677922504,-76.83239161622727,99.77036286316124,99.6459999999675,23.111599999999868,35.400000003250824,5630.0,4033.0,0.0,0.0,220.0,171.0,1.0,0.0,3.0,3.0,346.0,259.0,0.0,0.0,-99.9768884,-99.96459999999675,1,1
0.1,100.0,1440,1,30,30,0,0,400,5.3,8,2,5,0.1,3,inc_every3,23.111600000002227,73.40000000330596,-70.32072677922504,-76.83239161622727,99.77036286316124,99.6459999999675,23.111599999999868,35.400000003250824,5630.0,4033.0,0.0,0.0,220.0,171.0,1.0,0.0,3.0,3.0,0.0,0.0,0.0,0.0,-99.9768884,-99.96459999999675,1,1
0.1,100.0,1440,1,30,30,0,0,400,5.3,12,2,99,0.0,1,flat,23.111600000002227,73.40000000330596,-70.32072677922504,-76.83239161622727,99.77036286316124,99.6459999999675,23.111599999999868,35.400000003250824,5630.0,4033.0,0.0,0.0,220.0,171.0,1.0,0.0,3.0,3.0,0.0,0.0,0.0,0.0,-99.9768884,-99.96459999999675,1,1
0.1,100.0,1440,1,30,30,0,0,400,5.3,5,2,99,0.0,1,flat,23.111600000002227,73.40000000330596,-70.32072677922504,-76.83239161622727,99.77036286316124,99.6459999999675,23.111599999999868,35.400000003250824,5630.0,4033.0,0.0,0.0,220.0,171.0,1.0,0.0,3.0,3.0,0.0,0.0,0.0,0.0,-99.9768884,-99.96459999999675,1,1
0.1,100.0,1440,1,30,30,0,0,400,5.3,5,2,5,0.1,3,inc_every3,23.111600000002227,73.40000000330596,-70.32072677922504,-76.83239161622727,99.77036286316124,99.6459999999675,23.111599999999868,35.400000003250824,5630.0,4033.0,0.0,0.0,220.0,171.0,1.0,0.0,3.0,3.0,0.0,0.0,0.0,0.0,-99.9768884,-99.96459999999675,1,1
0.1,100.0,1440,1,30,30,0,0,400,5.3,8,2,99,0.0,1,flat,23.111600000002227,73.40000000330596,-70.32072677922504,-76.83239161622727,99.77036286316124,99.6459999999675,23.111599999999868,35.400000003250824,5630.0,4033.0,0.0,0.0,220.0,171.0,1.0,0.0,3.0,3.0,0.0,0.0,0.0,0.0,-99.9768884,-99.96459999999675,1,1
0.1,100.0,1440,1,30,30,0,0,400,5.3,12,0,99,0.0,1,flat,22.75800000000538,61.784000000008405,-70.41215849671592,-77.99017878269414,99.86343014882382,99.59694798280223,22.757999999999953,50.34160000002214,2436.0,1082.0,0.0,0.0,0.0,0.0,2.0,2.0,12.0,12.0,7.0,1.0,0.0,0.0,-99.977242,-99.94965839999998,1,1
0.1,100.0,1440,1,30,30,0,0,200,15.0,8,10,99,0.0,1,flat,22.725600000003993,6045.900000008231,-70.42059299304393,-13.906987021431593,99.81008666003697,63.797930614675344,22.725600000000156,4461.000000007212,2478.0,2228.0,0.0,0.0,86.0,71.0,1.0,0.0,8.0,8.0,140.0,136.0,0.0,0.0,-99.9772744,-91.50284825078228,1,0
0.1,100.0,1440,1,30,30,0,0,400,10.0,18,6,99,0.0,1,flat,22.528800000002633,2582.0000000031287,-70.47203241874153,-33.16376646371676,99.77722490309311,76.5773815368,22.528800000000643,2385.500000003108,3286.0,2835.0,0.0,0.0,90.0,74.0,1.0,0.0,6.0,6.0,0.0,0.0,0.0,0.0,-99.9774712,-136.31852953731678,1,0
0.1,100.0,1440,1,30,30,0,0,400,10.0,12,6,99,0.0,1,flat,22.528800000002633,2582.0000000031287,-70.47203241874153,-33.16376646371676,99.77722490309311,76.5773815368,22.528800000000643,2385.500000003108,3286.0,2835.0,0.0,0.0,90.0,74.0,1.0,0.0,6.0,6.0,0.0,0.0,0.0,0.0,-99.9774712,-136.31852953731678,1,0
0.1,100.0,1440,1,30,30,0,0,400,10.0,8,6,99,0.0,1,flat,22.528800000002633,2582.0000000031287,-70.47203241874153,-33.16376646371676,99.77722490309311,76.5773815368,22.528800000000643,2385.500000003108,3286.0,2835.0,0.0,0.0,90.0,74.0,1.0,0.0,6.0,6.0,0.0,0.0,0.0,0.0,-99.9774712,-136.31852953731678,1,0
0.1,100.0,1440,1,30,30,0,0,400,5.3,18,25,99,0.0,1,flat,22.513200000003593,17530.000000005028,-70.47612528855495,18.17994425620344,99.82086459734079,35.53949833020314,22.51320000000345,9143.100000001044,4625.0,4062.0,0.0,0.0,16.0,8.0,2.0,0.0,11.0,11.0,0.0,0.0,0.0,0.0,-99.9774868,-2.899052404202834,1,0
0.1,100.0,1440,1,30,30,0,0,400,5.3,12,25,99,0.0,1,flat,22.513200000003593,17530.000000005028,-70.47612528855495,18.17994425620344,99.82086459734079,35.53949833020314,22.51320000000345,9143.100000001044,4625.0,4062.0,0.0,0.0,16.0,8.0,2.0,0.0,11.0,11.0,0.0,0.0,0.0,0.0,-99.9774868,-2.899052404202834,1,0
0.1,100.0,1440,1,30,30,0,0,400,15.0,5,10,5,0.1,3,inc_every3,22.50120000000163,8500.300000002899,-70.47927519389174,-4.720100843525499,99.7836963835964,27.675624290319366,22.50120000000038,8216.700000002895,2754.0,1602.0,0.0,0.0,71.0,37.0,1.0,0.0,5.0,5.0,142.0,98.0,0.0,0.0,-99.9774988,-10.07134942416423,1,0
0.1,100.0,1440,1,30,30,0,0,400,15.0,5,10,99,0.0,1,flat,22.50120000000163,8500.300000002899,-70.47927519389174,-4.720100843525499,99.7836963835964,27.675624290319366,22.50120000000038,8216.700000002895,2754.0,1602.0,0.0,0.0,71.0,37.0,1.0,0.0,5.0,5.0,142.0,98.0,0.0,0.0,-99.9774988,-10.07134942416423,1,0
0.1,100.0,1440,1,30,30,0,0,200,10.0,18,15,5,0.1,3,inc_every3,22.411400000004505,9080.20000001352,-70.50288973443891,-2.8304529919909727,99.78311688311686,55.73725628920303,22.411400000001805,6631.40000001195,1169.0,3929.0,0.0,0.0,21.0,52.0,2.0,0.0,11.0,11.0,0.0,0.0,0.0,0.0,-99.9775886,-64.30496557039703,1,0
0.1,100.0,1440,1,30,30,0,0,200,10.0,12,15,5,0.1,3,inc_every3,22.411400000004505,9080.20000001352,-70.50288973443891,-2.8304529919909727,99.78311688311686,55.73725628920303,22.411400000001805,6631.40000001195,1169.0,3929.0,0.0,0.0,21.0,52.0,2.0,0.0,11.0,11.0,0.0,0.0,0.0,0.0,-99.9775886,-64.30496557039703,1,0
0.1,100.0,1440,1,30,30,0,0,400,25.0,12,0,99,0.0,1,flat,22.39960000000093,37.19400000000286,-70.5059983820491,-81.0752691779285,99.86342873169363,99.72311059496162,22.399599999999793,37.19399999999655,407.0,216.0,0.0,0.0,0.0,0.0,2.0,2.0,12.0,12.0,9.0,1.0,0.0,0.0,-99.9776004,-99.962806,1,1
0.1,100.0,1440,1,30,30,0,0,300,10.0,8,2,99,0.0,1,flat,22.33560000000236,76.4000000026308,-70.52288169930499,-76.5545684244526,99.77844084474908,99.243676681655,22.335599999999687,76.40000000261989,4489.0,2903.0,0.0,0.0,344.0,236.0,1.0,0.0,4.0,4.0,0.0,0.0,0.0,0.0,-99.9776644,-99.92359999999738,1,1
0.1,100.0,1440,1,30,30,0,0,300,10.0,8,2,5,0.1,3,inc_every3,22.33560000000236,76.4000000026308,-70.52288169930499,-76.5545684244526,99.77844084474908,99.243676681655,22.335599999999687,76.40000000261989,4489.0,2903.0,0.0,0.0,344.0,236.0,1.0,0.0,4.0,4.0,0.0,0.0,0.0,0.0,-99.9776644,-99.92359999999738,1,1
0.1,100.0,1440,1,30,30,0,0,300,10.0,18,2,99,0.0,1,flat,22.33560000000236,76.4000000026308,-70.52288169930499,-76.5545684244526,99.77844084474908,99.243676681655,22.335599999999687,76.40000000261989,4489.0,2903.0,0.0,0.0,344.0,236.0,1.0,0.0,4.0,4.0,0.0,0.0,0.0,0.0,-99.9776644,-99.92359999999738,1,1
0.1,100.0,1440,1,30,30,0,0,300,10.0,12,2,5,0.1,3,inc_every3,22.33560000000236,76.4000000026308,-70.52288169930499,-76.5545684244526,99.77844084474908,99.243676681655,22.335599999999687,76.40000000261989,4489.0,2903.0,0.0,0.0,344.0,236.0,1.0,0.0,4.0,4.0,0.0,0.0,0.0,0.0,-99.9776644,-99.92359999999738,1,1
0.1,100.0,1440,1,30,30,0,0,300,10.0,5,2,5,0.1,3,inc_every3,22.33560000000236,76.4000000026308,-70.52288169930499,-76.5545684244526,99.77844084474908,99.243676681655,22.335599999999687,76.40000000261989,4489.0,2903.0,0.0,0.0,344.0,236.0,1.0,0.0,4.0,4.0,0.0,0.0,0.0,0.0,-99.9776644,-99.92359999999738,1,1
0.1,100.0,1440,1,30,30,0,0,300,10.0,18,2,5,0.1,3,inc_every3,22.33560000000236,76.4000000026308,-70.52288169930499,-76.5545684244526,99.77844084474908,99.243676681655,22.335599999999687,76.40000000261989,4489.0,2903.0,0.0,0.0,344.0,236.0,1.0,0.0,4.0,4.0,0.0,0.0,0.0,0.0,-99.9776644,-99.92359999999738,1,1
0.1,100.0,1440,1,30,30,0,0,300,10.0,5,2,99,0.0,1,flat,22.33560000000236,76.4000000026308,-70.52288169930499,-76.5545684244526,99.77844084474908,99.243676681655,22.335599999999687,76.40000000261989,4489.0,2903.0,0.0,0.0,344.0,236.0,1.0,0.0,4.0,4.0,0.0,0.0,0.0,0.0,-99.9776644,-99.92359999999738,1,1
0.1,100.0,1440,1,30,30,0,0,300,10.0,12,2,99,0.0,1,flat,22.33560000000236,76.4000000026308,-70.52288169930499,-76.5545684244526,99.77844084474908,99.243676681655,22.335599999999687,76.40000000261989,4489.0,2903.0,0.0,0.0,344.0,236.0,1.0,0.0,4.0,4.0,0.0,0.0,0.0,0.0,-99.9776644,-99.92359999999738,1,1
0.1,100.0,1440,1,30,30,0,0,400,15.0,12,0,99,0.0,1,flat,22.30760000000224,37.27140000000898,-70.53028032086057,-81.06355857291754,99.85987776458691,99.7144916656453,22.307600000002083,37.271400000000995,775.0,395.0,0.0,0.0,0.0,0.0,2.0,2.0,12.0,12.0,9.0,1.0,0.0,0.0,-99.9776924,-99.9627286,1,1
0.1,100.0,1440,1,30,30,0,0,400,10.0,8,25,99,0.0,1,flat,22.169000000002683,13359.800000002964,-70.56701326852728,9.002163175679033,99.81211119586408,33.047113402806175,22.168999999999926,9193.100000002072,2039.0,2166.0,0.0,0.0,15.0,11.0,2.0,0.0,8.0,8.0,35.0,26.0,0.0,0.0,-99.977831,-7.0920636299333175,1,0
0.1,100.0,1440,1,30,30,0,0,400,5.3,3,4,5,0.1,3,inc_every3,21.884400000001733,32.568000000006805,-70.64301999154307,-81.8086486942125,99.78302846435265,99.68138372286411,21.88439999999909,32.568000000000154,5687.0,4741.0,0.0,0.0,114.0,97.0,1.0,1.0,3.0,3.0,351.0,287.0,0.0,0.0,-99.9781156,-99.967432,1,1
0.1,100.0,1440,1,30,30,0,0,400,5.3,3,4,99,0.0,1,flat,21.884400000001733,32.568000000006805,-70.64301999154307,-81.8086486942125,99.78302846435265,99.68138372286411,21.88439999999909,32.568000000000154,5687.0,4741.0,0.0,0.0,114.0,97.0,1.0,1.0,3.0,3.0,351.0,287.0,0.0,0.0,-99.9781156,-99.967432,1,1
0.1,100.0,1440,1,30,30,0,0,400,5.3,8,0,5,0.1,3,inc_every3,21.78319999999843,37.44839999999945,-70.67023756913903,-81.03684256157004,99.88181985872552,99.71056837679504,21.78319999999843,37.448399999999424,3112.0,1138.0,0.0,0.0,0.0,0.0,2.0,2.0,8.0,8.0,18.0,5.0,0.0,0.0,-99.9782168,-99.9625516,1,1
0.1,100.0,1440,1,30,30,0,0,300,5.3,8,0,5,0.1,3,inc_every3,21.775599999998036,9270.30000000284,-70.67228565706716,-2.229489395372064,99.88413043015562,78.00267887329773,21.775599999995435,3383.100000002385,2924.0,1911.0,0.0,0.0,0.0,0.0,2.0,0.0,8.0,8.0,28.0,17.0,0.0,0.0,-99.9782244,-108.23484714196752,1,0
0.1,100.0,1440,1,30,30,0,0,400,5.3,5,25,5,0.1,3,inc_every3,21.710400000000732,5032.900000002272,-70.68987962930552,-18.479258786093965,99.83909640697262,58.395585569411004,21.71040000000039,4177.000000002276,4444.0,2826.0,0.0,0.0,16.0,9.0,1.0,0.0,5.0,5.0,91.0,57.0,0.0,0.0,-99.9782896,-85.27042992491597,1,0
0.1,100.0,1440,1,30,30,0,0,400,5.3,5,25,99,0.0,1,flat,21.710400000000732,5032.900000002272,-70.68987962930552,-18.479258786093965,99.83909640697262,58.395585569411004,21.71040000000039,4177.000000002276,4444.0,2826.0,0.0,0.0,16.0,9.0,1.0,0.0,5.0,5.0,91.0,57.0,0.0,0.0,-99.9782896,-85.27042992491597,1,0
0.1,100.0,1440,1,30,30,0,0,200,5.3,8,0,5,0.1,3,inc_every3,21.23600000000536,35.53259999999757,-70.81918333847202,-81.33087185757003,99.87607448602658,99.65640435530977,21.236000000004907,35.532599999996876,2944.0,639.0,0.0,0.0,0.0,0.0,2.0,2.0,8.0,8.0,51.0,7.0,0.0,0.0,-99.978764,-99.9644674,1,1
0.1,100.0,1440,1,30,30,0,0,400,10.0,8,0,5,0.1,3,inc_every3,21.16480000000277,37.22159999999795,-70.83878872398091,-81.07109134129331,99.88575870109683,99.72208375954786,21.16479999999754,37.221599999997494,1548.0,645.0,0.0,0.0,0.0,0.0,2.0,2.0,8.0,8.0,20.0,4.0,0.0,0.0,-99.9788352,-99.9627784,1,1
0.1,100.0,1440,1,30,30,0,0,200,15.0,8,15,99,0.0,1,flat,21.13800000000421,4584.500000007523,-70.84618194628287,-20.711822363304776,99.80785907120071,69.79649549853235,21.138000000000815,3375.0000000037126,1930.0,2085.0,0.0,0.0,46.0,46.0,2.0,0.0,8.0,8.0,101.0,117.0,0.0,0.0,-99.97886199999999,-110.30481336036948,1,0
0.1,100.0,1440,1,30,30,0,0,200,5.3,12,15,99,0.0,1,flat,21.03320000000096,93.20719999999255,-70.87516493839495,-75.12541851542888,99.80915170267403,99.14255172350363,21.033200000000605,93.20719999999255,2572.0,3151.0,0.0,0.0,20.0,23.0,2.0,1.0,12.0,12.0,22.0,22.0,0.0,0.0,-99.9789668,-99.9067928,1,1
0.1,100.0,1440,1,30,30,0,0,200,5.3,18,15,99,0.0,1,flat,21.03320000000096,93.20719999999255,-70.87516493839495,-75.12541851542888,99.80915170267403,99.14255172350363,21.033200000000605,93.20719999999255,2572.0,3151.0,0.0,0.0,20.0,23.0,2.0,1.0,12.0,12.0,0.0,0.0,0.0,0.0,-99.9789668,-99.9067928,1,1
0.1,100.0,1440,1,30,30,0,0,300,5.3,8,25,99,0.0,1,flat,20.87559999999749,11638.100000001185,-70.9189682802011,4.61765069058182,99.79395351132608,45.81647670876121,20.87559999999749,7915.400000001171,3226.0,4521.0,0.0,0.0,13.0,12.0,2.0,0.0,8.0,8.0,37.0,42.0,0.0,0.0,-99.9791244,-37.0153027269406,1,0
0.1,100.0,1440,1,30,30,0,0,400,25.0,12,25,5,0.1,3,inc_every3,-11.458400000029485,16960.400000003967,-99.74970178538594,17.0239625239168,100.07264750263131,44.07123247211147,-11.458400000029485,8332.100000002563,1057.0,925.0,0.0,0.0,24.0,16.0,2.0,0.0,10.0,10.0,0.0,0.0,0.0,0.0,-100.01145840000002,-21.118502420306136,1,0
0.1,100.0,1440,1,30,30,0,0,400,25.0,18,25,5,0.1,3,inc_every3,-11.458400000029485,16960.400000003967,-99.74970178538594,17.0239625239168,100.07264750263131,44.07123247211147,-11.458400000029485,8332.100000002563,1057.0,925.0,0.0,0.0,24.0,16.0,2.0,0.0,10.0,10.0,0.0,0.0,0.0,0.0,-100.01145840000002,-21.118502420306136,1,0
0.1,100.0,1440,1,30,30,0,0,150,5.3,8,6,99,0.0,1,flat,-15.499999994199783,61.65199999999976,-99.74970178538594,-78.00418236900398,100.15327261754234,99.40273001172221,-15.499999994204614,61.65199999999976,2153.0,2852.0,0.0,0.0,46.0,56.0,1.0,1.0,8.0,8.0,55.0,80.0,0.0,0.0,-100.0154999999942,-99.938348,1,1
0.1,100.0,1440,1,30,30,0,0,300,10.0,18,0,99,0.0,1,flat,-21.99999999902866,47.039600000008704,-99.74970178538594,-79.70543433287925,100.13403110739564,99.67124256550395,-21.99999999902866,47.03959999999955,1198.0,456.0,0.0,0.0,0.0,0.0,1.0,2.0,18.0,18.0,6.0,1.0,0.0,0.0,-100.02199999999903,-99.9529604,1,1
0.1,100.0,1440,1,30,30,0,0,200,15.0,18,0,5,0.1,3,inc_every3,-69.73249999766449,82.32210000000538,-99.74970178538594,-76.02787242479437,100.21209793931307,99.62595485401165,-69.73249999766813,82.32210000000305,732.0,387.0,0.0,0.0,0.0,0.0,2.0,3.0,18.0,18.0,5.0,1.0,0.0,0.0,-100.06973249999767,-99.9176779,1,1
0.1,100.0,1440,1,30,30,0,0,400,5.3,18,0,99,0.0,1,flat,-804.7999999953317,46.92640000000995,-99.74970178538594,-79.71997983351842,104.44397815556823,99.62429123866104,-804.7999999953317,46.92639999999864,2603.0,679.0,0.0,0.0,0.0,0.0,1.0,2.0,18.0,18.0,4.0,1.0,0.0,0.0,-100.80479999999532,-99.9530736,1,1
0.1,100.0,1440,1,30,30,0,0,100,25.0,5,25,5,0.1,3,inc_every3,7127.900000000675,8294.500000000457,-6.550953206044885,-5.412472866709129,72.3305346884612,26.59915011512416,3130.800000000615,7842.000000000402,1168.0,375.0,0.0,0.0,36.0,11.0,0.0,0.0,5.0,5.0,427.0,129.0,0.0,0.0,-101.21202258296728,-8.61077309695745,0,0
0.1,100.0,1440,1,30,30,0,0,100,25.0,5,25,99,0.0,1,flat,7127.900000000675,8294.500000000457,-6.550953206044885,-5.412472866709129,72.3305346884612,26.59915011512416,3130.800000000615,7842.000000000402,1168.0,375.0,0.0,0.0,36.0,11.0,0.0,0.0,5.0,5.0,427.0,129.0,0.0,0.0,-101.21202258296728,-8.61077309695745,0,0
0.1,100.0,1440,1,30,30,0,0,300,15.0,3,10,99,0.0,1,flat,5403.30000000182,7037.800000000485,-11.590262653968031,-9.925718668922212,70.43046814889419,35.93571490288664,2997.7000000014646,6673.000000000505,2920.0,1110.0,0.0,0.0,70.0,27.0,0.0,0.0,3.0,3.0,535.0,206.0,0.0,0.0,-102.45119895175641,-31.797148474695486,0,0
0.1,100.0,1440,1,30,30,0,0,300,15.0,3,10,5,0.1,3,inc_every3,5403.30000000182,7037.800000000485,-11.590262653968031,-9.925718668922212,70.43046814889419,35.93571490288664,2997.7000000014646,6673.000000000505,2920.0,1110.0,0.0,0.0,70.0,27.0,0.0,0.0,3.0,3.0,535.0,206.0,0.0,0.0,-102.45119895175641,-31.797148474695486,0,0
0.1,100.0,1440,1,30,30,0,0,200,25.0,18,4,5,0.1,3,inc_every3,4950.900000011151,6605.900000005124,-13.123841318741402,-11.607384459064518,70.40630222007195,48.638303375104385,3099.2000000032835,5957.700000005056,2753.0,1276.0,0.0,0.0,385.0,181.0,0.0,0.0,7.0,7.0,0.0,0.0,0.0,0.0,-103.9364457588853,-58.88399120927329,0,0
0.1,100.0,1440,1,30,30,0,0,200,25.0,8,4,5,0.1,3,inc_every3,4950.900000011151,6605.900000005124,-13.123841318741402,-11.607384459064518,70.40630222007195,48.638303375104385,3099.2000000032835,5957.700000005056,2753.0,1276.0,0.0,0.0,385.0,181.0,0.0,0.0,7.0,7.0,0.0,0.0,0.0,0.0,-103.9364457588853,-58.88399120927329,0,0
0.1,100.0,1440,1,30,30,0,0,200,25.0,12,4,5,0.1,3,inc_every3,4950.900000011151,6605.900000005124,-13.123841318741402,-11.607384459064518,70.40630222007195,48.638303375104385,3099.2000000032835,5957.700000005056,2753.0,1276.0,0.0,0.0,385.0,181.0,0.0,0.0,7.0,7.0,0.0,0.0,0.0,0.0,-103.9364457588853,-58.88399120927329,0,0
0.1,100.0,1440,1,30,30,0,0,300,15.0,3,15,99,0.0,1,flat,5126.90000000136,9571.600000000546,-12.514405352570146,-1.2944789590976558,70.76774307523779,13.141739450391436,3143.9000000013357,8970.2000000004,2100.0,681.0,0.0,0.0,35.0,10.0,0.0,0.0,3.0,3.0,392.0,137.0,0.0,0.0,-104.04989150304573,-1.2944789590976558,0,0
0.1,100.0,1440,1,30,30,0,0,300,15.0,3,15,5,0.1,3,inc_every3,5126.90000000136,9571.600000000546,-12.514405352570146,-1.2944789590976558,70.76774307523779,13.141739450391436,3143.9000000013357,8970.2000000004,2100.0,681.0,0.0,0.0,35.0,10.0,0.0,0.0,3.0,3.0,392.0,137.0,0.0,0.0,-104.04989150304573,-1.2944789590976558,0,0
0.1,100.0,1440,1,30,30,0,0,100,10.0,8,0,99,0.0,1,flat,4284.300000000236,7093.000000000724,-15.601971263819703,-9.71606185549312,69.82692765789523,45.85813929728601,3673.3000000002285,5829.400000000602,846.0,565.0,0.0,0.0,0.0,0.0,0.0,0.0,8.0,8.0,62.0,40.0,0.0,0.0,-105.25582657961016,-51.43234045006514,0,0
0.1,100.0,1440,1,30,30,0,0,200,25.0,12,0,5,0.1,3,inc_every3,35437.800000015835,83.6660999999877,28.812656349559273,-75.91207105914121,92.11316075581924,99.57767429886738,3511.0000000112923,83.6660999999877,1046.0,226.0,0.0,0.0,0.0,0.0,0.0,3.0,12.0,12.0,48.0,7.0,0.0,0.0,-105.4136651620792,-99.91633390000001,0,1
0.1,100.0,1440,1,30,30,0,0,200,5.3,5,0,99,0.0,1,flat,3645.700000001798,6123.000000002352,-18.28454603226277,-13.58173159305468,68.59435474411171,46.108999999979474,3213.300000001749,5389.100000002052,1382.0,857.0,0.0,0.0,0.0,0.0,0.0,0.0,5.0,5.0,51.0,33.0,0.0,0.0,-105.47325552048619,-55.79973159301363,0,0
0.1,100.0,1440,1,30,30,0,0,200,5.3,5,0,5,0.1,3,inc_every3,3645.700000001798,6123.000000002352,-18.28454603226277,-13.58173159305468,68.59435474411171,46.108999999979474,3213.300000001749,5389.100000002052,1382.0,857.0,0.0,0.0,0.0,0.0,0.0,0.0,5.0,5.0,51.0,33.0,0.0,0.0,-105.47325552048619,-55.79973159301363,0,0
0.1,100.0,1440,1,30,30,0,0,200,25.0,3,10,99,0.0,1,flat,5661.200000003504,7682.400000001375,-10.761474446085339,-7.545816481540446,72.44952893671824,28.0264059529088,3070.500000002908,7457.400000001362,1574.0,580.0,0.0,0.0,77.0,29.0,0.0,0.0,3.0,3.0,580.0,210.0,0.0,0.0,-105.66053231952182,-13.598628387358044,0,0
0.1,100.0,1440,1,30,30,0,0,200,25.0,3,10,5,0.1,3,inc_every3,5661.200000003504,7682.400000001375,-10.761474446085339,-7.545816481540446,72.44952893671824,28.0264059529088,3070.500000002908,7457.400000001362,1574.0,580.0,0.0,0.0,77.0,29.0,0.0,0.0,3.0,3.0,580.0,210.0,0.0,0.0,-105.66053231952182,-13.598628387358044,0,0
0.1,100.0,1440,1,30,30,0,0,75,5.3,8,0,99,0.0,1,flat,7170.60000001033,5697.800000007232,-6.439192108450198,-15.41288897216192,75.28351009450475,52.01070820145293,3094.900000008198,4929.700000006793,2022.0,1055.0,0.0,0.0,0.0,0.0,0.0,0.0,8.0,8.0,118.0,56.0,0.0,0.0,-107.0062122974597,-69.43430537506778,0,0
0.1,100.0,1440,1,30,30,0,0,100,15.0,8,0,99,0.0,1,flat,4234.100000000373,7767.10000000041,-15.80080426395737,-7.243656242393504,70.65862801034717,41.58548454786301,3538.1000000003587,6541.900000000347,483.0,333.0,0.0,0.0,0.0,0.0,0.0,0.0,8.0,8.0,50.0,38.0,0.0,0.0,-107.11806028465172,-40.41462533811953,0,0
0.1,100.0,1440,1,30,30,0,0,75,25.0,5,10,5,0.1,3,inc_every3,5120.900000015736,7913.3000000069305,-12.534903935924223,-6.727500585371116,72.41834253715727,26.24313605851126,2926.800000012465,7736.800000006891,2026.0,817.0,0.0,0.0,171.0,67.0,0.0,0.0,5.0,5.0,956.0,383.0,0.0,0.0,-107.37158901023876,-9.213772702393639,0,0
0.1,100.0,1440,1,30,30,0,0,75,25.0,5,10,99,0.0,1,flat,5120.900000015736,7913.3000000069305,-12.534903935924223,-6.727500585371116,72.41834253715727,26.24313605851126,2926.800000012465,7736.800000006891,2026.0,817.0,0.0,0.0,171.0,67.0,0.0,0.0,5.0,5.0,956.0,383.0,0.0,0.0,-107.37158901023876,-9.213772702393639,0,0
0.1,100.0,1440,1,30,30,0,0,100,15.0,3,15,99,0.0,1,flat,3962.7000000015255,8157.400000000422,-16.909657933896185,-5.880442273878694,70.35928143711368,21.035513361460463,3177.900000001296,8084.700000000368,1732.0,630.0,0.0,0.0,39.0,13.0,0.0,0.0,3.0,3.0,748.0,262.0,0.0,0.0,-107.62822080812354,-5.880442273878694,0,0
0.1,100.0,1440,1,30,30,0,0,100,15.0,3,15,5,0.1,3,inc_every3,3962.7000000015255,8157.400000000422,-16.909657933896185,-5.880442273878694,70.35928143711368,21.035513361460463,3177.900000001296,8084.700000000368,1732.0,630.0,0.0,0.0,39.0,13.0,0.0,0.0,3.0,3.0,748.0,262.0,0.0,0.0,-107.62822080812354,-5.880442273878694,0,0
0.1,100.0,1440,1,30,30,0,0,150,25.0,3,10,99,0.0,1,flat,6148.700000004728,7241.400000001895,-9.274033542588523,-9.15804442444137,75.17954206209421,31.623939870500738,2643.9000000038573,7086.700000001874,1462.0,532.0,0.0,0.0,77.0,29.0,0.0,0.0,3.0,3.0,677.0,238.0,0.0,0.0,-109.63311766677695,-22.405924165442848,0,0
0.1,100.0,1440,1,30,30,0,0,150,25.0,3,10,5,0.1,3,inc_every3,6148.700000004728,7241.400000001895,-9.274033542588523,-9.15804442444137,75.17954206209421,31.623939870500738,2643.9000000038573,7086.700000001874,1462.0,532.0,0.0,0.0,77.0,29.0,0.0,0.0,3.0,3.0,677.0,238.0,0.0,0.0,-109.63311766677695,-22.405924165442848,0,0
0.1,100.0,1440,1,30,30,0,0,100,25.0,8,0,99,0.0,1,flat,3592.3999999999724,7580.999999999945,-18.52503344951504,-7.910646053654569,70.73404045803704,40.319440438419726,3120.5999999999767,6621.199999999932,242.0,161.0,0.0,0.0,0.0,0.0,0.0,0.0,8.0,8.0,44.0,35.0,0.0,0.0,-109.99311436558912,-38.54952693049402,0,0
0.1,100.0,1440,1,30,30,0,0,300,10.0,3,15,5,0.1,3,inc_every3,4648.000000001689,8599.80000000073,-14.214527007068778,-4.389570356232763,72.91674859411248,23.38465038676874,2754.8000000013403,8082.000000000706,3274.0,1171.0,0.0,0.0,34.0,11.0,0.0,0.0,3.0,3.0,433.0,144.0,0.0,0.0,-110.04802419529373,-4.389570356232763,0,0
0.1,100.0,1440,1,30,30,0,0,300,10.0,3,15,99,0.0,1,flat,4648.000000001689,8599.80000000073,-14.214527007068778,-4.389570356232763,72.91674859411248,23.38465038676874,2754.8000000013403,8082.000000000706,3274.0,1171.0,0.0,0.0,34.0,11.0,0.0,0.0,3.0,3.0,433.0,144.0,0.0,0.0,-110.04802419529373,-4.389570356232763,0,0
0.1,100.0,1440,1,30,30,0,0,400,25.0,3,15,99,0.0,1,flat,4894.800000002103,10137.600000000784,-13.321740491736856,0.4075018256423535,73.72710445615333,9.420331734380333,2853.000000001947,9403.800000000285,1228.0,405.0,0.0,0.0,35.0,10.0,0.0,0.0,3.0,3.0,258.0,101.0,0.0,0.0,-110.77594940404352,0.4075018256423535,0,0
0.1,100.0,1440,1,30,30,0,0,400,25.0,3,15,5,0.1,3,inc_every3,4894.800000002103,10137.600000000784,-13.321740491736856,0.4075018256423535,73.72710445615333,9.420331734380333,2853.000000001947,9403.800000000285,1228.0,405.0,0.0,0.0,35.0,10.0,0.0,0.0,3.0,3.0,258.0,101.0,0.0,0.0,-110.77594940404352,0.4075018256423535,0,0
0.1,100.0,1440,1,30,30,0,0,400,25.0,3,4,99,0.0,1,flat,4436.600000004436,5259.7000000018015,-15.009930776729053,-17.402951217023286,73.21250802448881,52.14884232653132,2879.2000000040052,4871.200000001787,2275.0,994.0,0.0,0.0,225.0,101.0,0.0,0.0,3.0,3.0,542.0,232.0,0.0,0.0,-111.43494682570667,-71.70063587008593,0,0
0.1,100.0,1440,1,30,30,0,0,400,25.0,3,4,5,0.1,3,inc_every3,4436.600000004436,5259.7000000018015,-15.009930776729053,-17.402951217023286,73.21250802448881,52.14884232653132,2879.2000000040052,4871.200000001787,2275.0,994.0,0.0,0.0,225.0,101.0,0.0,0.0,3.0,3.0,542.0,232.0,0.0,0.0,-111.43494682570667,-71.70063587008593,0,0
0.1,100.0,1440,1,30,30,0,0,150,25.0,8,0,99,0.0,1,flat,4055.9000000030064,7368.6000000020795,-16.522208002030357,-8.686102316182065,72.78765745737083,48.715350654977115,3084.9000000028573,5668.800000001789,281.0,188.0,0.0,0.0,0.0,0.0,0.0,0.0,8.0,8.0,38.0,23.0,0.0,0.0,-112.09752291677201,-56.116803626136296,0,0
0.1,100.0,1440,1,30,30,0,0,150,15.0,3,15,99,0.0,1,flat,4395.5000000049195,8020.100000001587,-15.16807827000668,-6.354664307018965,74.0430009943717,23.531079522111632,2688.6000000041195,7821.700000001496,1830.0,580.0,0.0,0.0,37.0,11.0,0.0,0.0,3.0,3.0,605.0,185.0,0.0,0.0,-113.25408025875007,-6.354664307018965,0,0
0.1,100.0,1440,1,30,30,0,0,150,15.0,3,15,5,0.1,3,inc_every3,4395.5000000049195,8020.100000001587,-15.16807827000668,-6.354664307018965,74.0430009943717,23.531079522111632,2688.6000000041195,7821.700000001496,1830.0,580.0,0.0,0.0,37.0,11.0,0.0,0.0,3.0,3.0,605.0,185.0,0.0,0.0,-113.25408025875007,-6.354664307018965,0,0
0.1,100.0,1440,1,30,30,0,0,400,15.0,3,15,5,0.1,3,inc_every3,4937.600000002758,9603.800000001147,-13.17059574506092,-1.1957830789415924,75.12112007020117,14.285992047671753,2891.1000000022345,8816.800000000474,2182.0,736.0,0.0,0.0,34.0,10.0,0.0,0.0,3.0,3.0,293.0,115.0,0.0,0.0,-113.41283588546327,-1.1957830789415924,0,0
0.1,100.0,1440,1,30,30,0,0,400,15.0,3,15,99,0.0,1,flat,4937.600000002758,9603.800000001147,-13.17059574506092,-1.1957830789415924,75.12112007020117,14.285992047671753,2891.1000000022345,8816.800000000474,2182.0,736.0,0.0,0.0,34.0,10.0,0.0,0.0,3.0,3.0,293.0,115.0,0.0,0.0,-113.41283588546327,-1.1957830789415924,0,0
0.1,100.0,1440,1,30,30,0,0,200,25.0,18,4,99,0.0,1,flat,4711.000000011816,3760.600000005252,-13.983089301375662,-25.250810689006098,74.88390974164628,69.81931870487642,2536.70000000347,3147.0000000051864,2730.0,1249.0,0.0,0.0,376.0,179.0,0.0,0.0,7.0,7.0,0.0,0.0,0.0,0.0,-113.75090878466821,-114.88944809875895,0,0
0.1,100.0,1440,1,30,30,0,0,200,25.0,8,4,99,0.0,1,flat,4711.000000011816,3760.600000005252,-13.983089301375662,-25.250810689006098,74.88390974164628,69.81931870487642,2536.70000000347,3147.0000000051864,2730.0,1249.0,0.0,0.0,376.0,179.0,0.0,0.0,7.0,7.0,0.0,0.0,0.0,0.0,-113.75090878466821,-114.88944809875895,0,0
0.1,100.0,1440,1,30,30,0,0,200,25.0,12,4,99,0.0,1,flat,4711.000000011816,3760.600000005252,-13.983089301375662,-25.250810689006098,74.88390974164628,69.81931870487642,2536.70000000347,3147.0000000051864,2730.0,1249.0,0.0,0.0,376.0,179.0,0.0,0.0,7.0,7.0,0.0,0.0,0.0,0.0,-113.75090878466821,-114.88944809875895,0,0
0.1,100.0,1440,1,30,30,0,0,400,25.0,18,2,5,0.1,3,inc_every3,3147.6000000047407,6257.300000002155,-20.651933177297543,-13.02197543503203,72.54316267395085,41.39920173247296,2757.6000000044187,6034.300000002122,2310.0,1067.0,0.0,0.0,426.0,200.0,0.0,0.0,3.0,3.0,0.0,0.0,0.0,0.0,-115.73825852519923,-45.82037889997795,0,0
0.1,100.0,1440,1,30,30,0,0,400,25.0,18,2,99,0.0,1,flat,3147.6000000047407,6257.300000002155,-20.651933177297543,-13.02197543503203,72.54316267395085,41.39920173247296,2757.6000000044187,6034.300000002122,2310.0,1067.0,0.0,0.0,426.0,200.0,0.0,0.0,3.0,3.0,0.0,0.0,0.0,0.0,-115.73825852519923,-45.82037889997795,0,0
0.1,100.0,1440,1,30,30,0,0,400,25.0,12,2,5,0.1,3,inc_every3,3147.6000000047407,6257.300000002155,-20.651933177297543,-13.02197543503203,72.54316267395085,41.39920173247296,2757.6000000044187,6034.300000002122,2310.0,1067.0,0.0,0.0,426.0,200.0,0.0,0.0,3.0,3.0,0.0,0.0,0.0,0.0,-115.73825852519923,-45.82037889997795,0,0
0.1,100.0,1440,1,30,30,0,0,400,25.0,12,2,99,0.0,1,flat,3147.6000000047407,6257.300000002155,-20.651933177297543,-13.02197543503203,72.54316267395085,41.39920173247296,2757.6000000044187,6034.300000002122,2310.0,1067.0,0.0,0.0,426.0,200.0,0.0,0.0,3.0,3.0,0.0,0.0,0.0,0.0,-115.73825852519923,-45.82037889997795,0,0
0.1,100.0,1440,1,30,30,0,0,400,25.0,5,2,5,0.1,3,inc_every3,3147.6000000047407,6257.300000002155,-20.651933177297543,-13.02197543503203,72.54316267395085,41.39920173247296,2757.6000000044187,6034.300000002122,2310.0,1067.0,0.0,0.0,426.0,200.0,0.0,0.0,3.0,3.0,0.0,0.0,0.0,0.0,-115.73825852519923,-45.82037889997795,0,0
0.1,100.0,1440,1,30,30,0,0,400,25.0,5,2,99,0.0,1,flat,3147.6000000047407,6257.300000002155,-20.651933177297543,-13.02197543503203,72.54316267395085,41.39920173247296,2757.6000000044187,6034.300000002122,2310.0,1067.0,0.0,0.0,426.0,200.0,0.0,0.0,3.0,3.0,0.0,0.0,0.0,0.0,-115.73825852519923,-45.82037889997795,0,0
0.1,100.0,1440,1,30,30,0,0,400,25.0,8,2,99,0.0,1,flat,3147.6000000047407,6257.300000002155,-20.651933177297543,-13.02197543503203,72.54316267395085,41.39920173247296,2757.6000000044187,6034.300000002122,2310.0,1067.0,0.0,0.0,426.0,200.0,0.0,0.0,3.0,3.0,0.0,0.0,0.0,0.0,-115.73825852519923,-45.82037889997795,0,0
0.1,100.0,1440,1,30,30,0,0,400,25.0,8,2,5,0.1,3,inc_every3,3147.6000000047407,6257.300000002155,-20.651933177297543,-13.02197543503203,72.54316267395085,41.39920173247296,2757.6000000044187,6034.300000002122,2310.0,1067.0,0.0,0.0,426.0,200.0,0.0,0.0,3.0,3.0,0.0,0.0,0.0,0.0,-115.73825852519923,-45.82037889997795,0,0
0.1,100.0,1440,1,30,30,0,0,400,25.0,3,2,99,0.0,1,flat,3147.6000000047407,6257.300000002155,-20.651933177297543,-13.02197543503203,72.54316267395085,41.39920173247296,2757.6000000044187,6034.300000002122,2310.0,1067.0,0.0,0.0,426.0,200.0,0.0,0.0,3.0,3.0,604.0,294.0,0.0,0.0,-115.73825852519923,-45.82037889997795,0,0
0.1,100.0,1440,1,30,30,0,0,400,25.0,3,2,5,0.1,3,inc_every3,3147.6000000047407,6257.300000002155,-20.651933177297543,-13.02197543503203,72.54316267395085,41.39920173247296,2757.6000000044187,6034.300000002122,2310.0,1067.0,0.0,0.0,426.0,200.0,0.0,0.0,3.0,3.0,604.0,294.0,0.0,0.0,-115.73825852519923,-45.82037889997795,0,0
0.1,100.0,1440,1,30,30,0,0,75,15.0,3,6,99,0.0,1,flat,3679.3000000109155,8100.800000004141,-18.134385726742195,-6.0752492305499395,74.20376197184399,23.652740367128306,2615.3000000085513,7993.100000004108,3136.0,1321.0,0.0,0.0,184.0,74.0,0.0,0.0,3.0,3.0,1751.0,723.0,0.0,0.0,-116.54190967043017,-6.0752492305499395,0,0
0.1,100.0,1440,1,30,30,0,0,75,15.0,3,6,5,0.1,3,inc_every3,3679.3000000109155,8100.800000004141,-18.134385726742195,-6.0752492305499395,74.20376197184399,23.652740367128306,2615.3000000085513,7993.100000004108,3136.0,1321.0,0.0,0.0,184.0,74.0,0.0,0.0,3.0,3.0,1751.0,723.0,0.0,0.0,-116.54190967043017,-6.0752492305499395,0,0
0.1,100.0,1440,1,30,30,0,0,200,25.0,3,6,5,0.1,3,inc_every3,3840.8000000046854,8151.700000002006,-17.427575482051804,-5.900017567454285,74.73836374613742,22.216750671052598,2551.4000000038677,8055.700000002002,2002.0,806.0,0.0,0.0,165.0,64.0,0.0,0.0,3.0,3.0,786.0,319.0,0.0,0.0,-116.90430297432665,-5.900017567454285,0,0
0.1,100.0,1440,1,30,30,0,0,200,25.0,3,6,99,0.0,1,flat,3840.8000000046854,8151.700000002006,-17.427575482051804,-5.900017567454285,74.73836374613742,22.216750671052598,2551.4000000038677,8055.700000002002,2002.0,806.0,0.0,0.0,165.0,64.0,0.0,0.0,3.0,3.0,786.0,319.0,0.0,0.0,-116.90430297432665,-5.900017567454285,0,0
0.1,100.0,1440,1,30,30,0,0,75,10.0,8,0,99,0.0,1,flat,3267.2000000053413,7154.300000004252,-20.0575399495047,-9.484575208823543,74.3489131822958,41.83961969654954,2811.0000000051914,6521.000000004042,726.0,508.0,0.0,0.0,0.0,0.0,0.0,0.0,8.0,8.0,74.0,49.0,0.0,0.0,-118.7553663140963,-43.163814601922624,0,0
0.1,100.0,1440,1,30,30,0,0,300,25.0,3,4,5,0.1,3,inc_every3,4186.400000002845,5651.60000000094,-15.99149007404721,-15.61757037401722,77.14102813880528,46.226443063109485,2463.900000002628,5441.400000000923,2309.0,1043.0,0.0,0.0,248.0,113.0,0.0,0.0,3.0,3.0,708.0,310.0,0.0,0.0,-120.27354635165777,-58.07045650023619,0,0
0.1,100.0,1440,1,30,30,0,0,300,25.0,3,4,99,0.0,1,flat,4186.400000002845,5651.60000000094,-15.99149007404721,-15.61757037401722,77.14102813880528,46.226443063109485,2463.900000002628,5441.400000000923,2309.0,1043.0,0.0,0.0,248.0,113.0,0.0,0.0,3.0,3.0,708.0,310.0,0.0,0.0,-120.27354635165777,-58.07045650023619,0,0
0.1,100.0,1440,1,30,30,0,0,200,25.0,8,0,99,0.0,1,flat,4068.200000002016,8261.300000001334,-16.471608032785134,-5.525294381205148,76.96243165971534,41.35287085807737,2755.800000001749,6279.700000000714,314.0,218.0,0.0,0.0,0.0,0.0,0.0,0.0,8.0,8.0,30.0,17.0,0.0,0.0,-120.3964713522158,-38.23103609735988,0,0
0.1,100.0,1440,1,30,30,0,0,200,25.0,5,4,99,0.0,1,flat,4552.800000008602,2620.8000000038883,-14.569062040221038,-32.866457870222185,80.05722828931465,79.99154973859407,2014.2000000075113,2036.3000000038292,2649.0,1241.0,0.0,0.0,360.0,175.0,0.0,0.0,5.0,5.0,602.0,277.0,0.0,0.0,-124.68351861885034,-142.84955734741033,0,0
0.1,100.0,1440,1,30,30,0,0,200,25.0,5,4,5,0.1,3,inc_every3,4552.800000008602,2620.8000000038883,-14.569062040221038,-32.866457870222185,80.05722828931465,79.99154973859407,2014.2000000075113,2036.3000000038292,2649.0,1241.0,0.0,0.0,360.0,175.0,0.0,0.0,5.0,5.0,602.0,277.0,0.0,0.0,-124.68351861885034,-142.84955734741033,0,0
0.1,100.0,1440,1,30,30,0,0,150,10.0,3,15,99,0.0,1,flat,3456.8000000063544,8850.500000002141,-19.14998189013708,-3.5685131766404976,77.85891173903111,18.944286494307224,2262.0000000055343,8609.900000002017,2960.0,1003.0,0.0,0.0,37.0,11.0,0.0,0.0,3.0,3.0,711.0,239.0,0.0,0.0,-124.86780536819931,-3.5685131766404976,0,0
0.1,100.0,1440,1,30,30,0,0,150,10.0,3,15,5,0.1,3,inc_every3,3456.8000000063544,8850.500000002141,-19.14998189013708,-3.5685131766404976,77.85891173903111,18.944286494307224,2262.0000000055343,8609.900000002017,2960.0,1003.0,0.0,0.0,37.0,11.0,0.0,0.0,3.0,3.0,711.0,239.0,0.0,0.0,-124.86780536819931,-3.5685131766404976,0,0
0.1,100.0,1440,1,30,30,0,0,400,15.0,18,2,5,0.1,3,inc_every3,2412.600000005722,2409.200000002572,-24.76432769657455,-34.52735917006821,76.59231870223647,77.47688832077458,2355.0000000054397,2273.1000000024974,4125.0,1896.0,0.0,0.0,431.0,215.0,0.0,0.0,3.0,3.0,0.0,0.0,0.0,0.0,-127.94896510104749,-139.48113581161738,0,0
0.1,100.0,1440,1,30,30,0,0,400,15.0,3,2,5,0.1,3,inc_every3,2412.600000005722,2409.200000002572,-24.76432769657455,-34.52735917006821,76.59231870223647,77.47688832077458,2355.0000000054397,2273.1000000024974,4125.0,1896.0,0.0,0.0,431.0,215.0,0.0,0.0,3.0,3.0,640.0,307.0,0.0,0.0,-127.94896510104749,-139.48113581161738,0,0
0.1,100.0,1440,1,30,30,0,0,400,15.0,12,2,99,0.0,1,flat,2412.600000005722,2409.200000002572,-24.76432769657455,-34.52735917006821,76.59231870223647,77.47688832077458,2355.0000000054397,2273.1000000024974,4125.0,1896.0,0.0,0.0,431.0,215.0,0.0,0.0,3.0,3.0,0.0,0.0,0.0,0.0,-127.94896510104749,-139.48113581161738,0,0
0.1,100.0,1440,1,30,30,0,0,400,15.0,8,2,99,0.0,1,flat,2412.600000005722,2409.200000002572,-24.76432769657455,-34.52735917006821,76.59231870223647,77.47688832077458,2355.0000000054397,2273.1000000024974,4125.0,1896.0,0.0,0.0,431.0,215.0,0.0,0.0,3.0,3.0,0.0,0.0,0.0,0.0,-127.94896510104749,-139.48113581161738,0,0
0.1,100.0,1440,1,30,30,0,0,400,15.0,5,2,5,0.1,3,inc_every3,2412.600000005722,2409.200000002572,-24.76432769657455,-34.52735917006821,76.59231870223647,77.47688832077458,2355.0000000054397,2273.1000000024974,4125.0,1896.0,0.0,0.0,431.0,215.0,0.0,0.0,3.0,3.0,0.0,0.0,0.0,0.0,-127.94896510104749,-139.48113581161738,0,0
0.1,100.0,1440,1,30,30,0,0,400,15.0,12,2,5,0.1,3,inc_every3,2412.600000005722,2409.200000002572,-24.76432769657455,-34.52735917006821,76.59231870223647,77.47688832077458,2355.0000000054397,2273.1000000024974,4125.0,1896.0,0.0,0.0,431.0,215.0,0.0,0.0,3.0,3.0,0.0,0.0,0.0,0.0,-127.94896510104749,-139.48113581161738,0,0
0.1,100.0,1440,1,30,30,0,0,400,15.0,3,2,99,0.0,1,flat,2412.600000005722,2409.200000002572,-24.76432769657455,-34.52735917006821,76.59231870223647,77.47688832077458,2355.0000000054397,2273.1000000024974,4125.0,1896.0,0.0,0.0,431.0,215.0,0.0,0.0,3.0,3.0,640.0,307.0,0.0,0.0,-127.94896510104749,-139.48113581161738,0,0
0.1,100.0,1440,1,30,30,0,0,400,15.0,8,2,5,0.1,3,inc_every3,2412.600000005722,2409.200000002572,-24.76432769657455,-34.52735917006821,76.59231870223647,77.47688832077458,2355.0000000054397,2273.1000000024974,4125.0,1896.0,0.0,0.0,431.0,215.0,0.0,0.0,3.0,3.0,0.0,0.0,0.0,0.0,-127.94896510104749,-139.48113581161738,0,0
0.1,100.0,1440,1,30,30,0,0,400,15.0,5,2,99,0.0,1,flat,2412.600000005722,2409.200000002572,-24.76432769657455,-34.52735917006821,76.59231870223647,77.47688832077458,2355.0000000054397,2273.1000000024974,4125.0,1896.0,0.0,0.0,431.0,215.0,0.0,0.0,3.0,3.0,0.0,0.0,0.0,0.0,-127.94896510104749,-139.48113581161738,0,0
0.1,100.0,1440,1,30,30,0,0,400,15.0,18,2,99,0.0,1,flat,2412.600000005722,2409.200000002572,-24.76432769657455,-34.52735917006821,76.59231870223647,77.47688832077458,2355.0000000054397,2273.1000000024974,4125.0,1896.0,0.0,0.0,431.0,215.0,0.0,0.0,3.0,3.0,0.0,0.0,0.0,0.0,-127.94896510104749,-139.48113581161738,0,0
0.1,100.0,1440,1,30,30,0,0,300,5.3,3,25,99,0.0,1,flat,3860.200000001832,8014.000000000683,-17.34427892557181,-6.375865043559115,81.1625132802576,28.49224829342445,2021.3000000018878,7186.1000000007425,4320.0,1870.0,0.0,0.0,14.0,5.0,0.0,0.0,3.0,3.0,348.0,144.0,0.0,0.0,-129.669305486087,-13.360361630408013,0,0
0.1,100.0,1440,1,30,30,0,0,300,5.3,3,25,5,0.1,3,inc_every3,3860.200000001832,8014.000000000683,-17.34427892557181,-6.375865043559115,81.1625132802576,28.49224829342445,2021.3000000018878,7186.1000000007425,4320.0,1870.0,0.0,0.0,14.0,5.0,0.0,0.0,3.0,3.0,348.0,144.0,0.0,0.0,-129.669305486087,-13.360361630408013,0,0
0.1,100.0,1440,1,30,30,0,0,200,15.0,8,0,99,0.0,1,flat,3185.200000002558,5848.200000001718,-20.463148310562808,-14.75453665873131,80.25310133861926,57.95558318921541,2214.200000002358,4327.800000001487,615.0,390.0,0.0,0.0,0.0,0.0,0.0,0.0,8.0,8.0,33.0,18.0,0.0,0.0,-130.96935098780133,-80.66570303716213,0,0
