value,cagr_pct,max_dd_pct,ruined,killed,final_equity,trades_per_day,avg_hold_sec,time_stops,side_stops,wins,params
162.35098624231097,162.35098624231097,2.90729142503552,0.0,0.0,12392.869999930846,2530.9280789816344,59.808534937791066,2798486.0,487959.0,1811.0,"{""EntryMode"": 0, ""EntryTFMin"": 1, ""GridSpacingPts"": 135, ""TP_Pips"": 15.0, ""MaxLayers"": 2, ""Ladder"": ""flat"", ""MaxHoldSec"": 60, ""StopPips"": 2.0, ""MaxBasketRiskPct"": 5.0, ""AddMinSec"": 60, ""Session"": ""allday_0123"", ""ZEntry"": 1.0, ""ZEmaBars"": 120, ""NewsBeforeMin"": 30, ""NewsAfterMin"": 15, ""NewsCloseMode"": 0, ""DailyLossPct"": 8.0, ""MaxSpreadPts"": 25}"
162.31127903953188,162.31127903953188,2.059221403877024,0.0,0.0,12383.49999992777,1401.0197843641138,107.89526366135478,1328263.0,488204.0,3779.0,"{""EntryMode"": 0, ""EntryTFMin"": 1, ""GridSpacingPts"": 130, ""TP_Pips"": 14.5, ""MaxLayers"": 1, ""Ladder"": ""flat"", ""MaxHoldSec"": 120, ""StopPips"": 2.0, ""MaxBasketRiskPct"": 5.0, ""AddMinSec"": 60, ""Session"": ""allday_0123"", ""ZEntry"": 1.0, ""ZEmaBars"": 90, ""NewsBeforeMin"": 15, ""NewsAfterMin"": 15, ""NewsCloseMode"": 0, ""DailyLossPct"": 3.0, ""MaxSpreadPts"": 0}"
162.15756336558974,162.15756336558974,2.883435582820601,0.0,0.0,12347.279999931126,2530.9280789816344,59.80521482669272,2798048.0,487955.0,2253.0,"{""EntryMode"": 0, ""EntryTFMin"": 1, ""GridSpacingPts"": 120, ""TP_Pips"": 14.0, ""MaxLayers"": 1, ""Ladder"": ""flat"", ""MaxHoldSec"": 60, ""StopPips"": 2.0, ""MaxBasketRiskPct"": 1.0, ""AddMinSec"": 60, ""Session"": ""allday_0123"", ""ZEntry"": 1.25, ""ZEmaBars"": 120, ""NewsBeforeMin"": 30, ""NewsAfterMin"": 15, ""NewsCloseMode"": 0, ""DailyLossPct"": 8.0, ""MaxSpreadPts"": 25}"
162.15756336558974,162.15756336558974,2.883435582820601,0.0,0.0,12347.279999931126,2530.9280789816344,59.80521482669272,2798048.0,487955.0,2253.0,"{""EntryMode"": 0, ""EntryTFMin"": 1, ""GridSpacingPts"": 145, ""TP_Pips"": 14.0, ""MaxLayers"": 2, ""Ladder"": ""flat"", ""MaxHoldSec"": 60, ""StopPips"": 2.0, ""MaxBasketRiskPct"": 5.0, ""AddMinSec"": 60, ""Session"": ""allday_0123"", ""ZEntry"": 1.25, ""ZEmaBars"": 120, ""NewsBeforeMin"": 30, ""NewsAfterMin"": 15, ""NewsCloseMode"": 0, ""DailyLossPct"": 8.0, ""MaxSpreadPts"": 25}"
162.15756336558974,162.15756336558974,2.883435582820601,0.0,0.0,12347.279999931126,2530.9280789816344,59.80521482669272,2798048.0,487955.0,2253.0,"{""EntryMode"": 0, ""EntryTFMin"": 1, ""GridSpacingPts"": 135, ""TP_Pips"": 14.0, ""MaxLayers"": 2, ""Ladder"": ""flat"", ""MaxHoldSec"": 60, ""StopPips"": 2.0, ""MaxBasketRiskPct"": 5.0, ""AddMinSec"": 60, ""Session"": ""allday_0123"", ""ZEntry"": 1.25, ""ZEmaBars"": 120, ""NewsBeforeMin"": 30, ""NewsAfterMin"": 15, ""NewsCloseMode"": 0, ""DailyLossPct"": 8.0, ""MaxSpreadPts"": 25}"
162.07610347430986,162.07610347430986,2.929033263222495,0.0,0.0,12328.11999993265,2521.157671496757,59.82506435525805,2787904.0,485664.0,1994.0,"{""EntryMode"": 0, ""EntryTFMin"": 1, ""GridSpacingPts"": 120, ""TP_Pips"": 14.5, ""MaxLayers"": 1, ""Ladder"": ""flat"", ""MaxHoldSec"": 60, ""StopPips"": 2.0, ""MaxBasketRiskPct"": 1.0, ""AddMinSec"": 60, ""Session"": ""allday_0123"", ""ZEntry"": 1.25, ""ZEmaBars"": 120, ""NewsBeforeMin"": 60, ""NewsAfterMin"": 15, ""NewsCloseMode"": 0, ""DailyLossPct"": 8.0, ""MaxSpreadPts"": 25}"
162.04206102262216,162.04206102262216,2.8730801558783754,0.0,0.0,12320.119999932438,2530.9280789816344,59.80329505197068,2797805.0,487948.0,2503.0,"{""EntryMode"": 0, ""EntryTFMin"": 1, ""GridSpacingPts"": 115, ""TP_Pips"": 13.5, ""MaxLayers"": 1, ""Ladder"": ""flat"", ""MaxHoldSec"": 60, ""StopPips"": 2.0, ""MaxBasketRiskPct"": 5.0, ""AddMinSec"": 60, ""Session"": ""allday_0123"", ""ZEntry"": 1.25, ""ZEmaBars"": 120, ""NewsBeforeMin"": 30, ""NewsAfterMin"": 15, ""NewsCloseMode"": 0, ""DailyLossPct"": 8.0, ""MaxSpreadPts"": 25}"
162.04206102262216,162.04206102262216,2.8730801558783754,0.0,0.0,12320.119999932438,2530.9280789816344,59.80329505197068,2797805.0,487948.0,2503.0,"{""EntryMode"": 0, ""EntryTFMin"": 1, ""GridSpacingPts"": 120, ""TP_Pips"": 13.5, ""MaxLayers"": 1, ""Ladder"": ""flat"", ""MaxHoldSec"": 60, ""StopPips"": 2.0, ""MaxBasketRiskPct"": 5.0, ""AddMinSec"": 60, ""Session"": ""allday_0123"", ""ZEntry"": 1.25, ""ZEmaBars"": 120, ""NewsBeforeMin"": 30, ""NewsAfterMin"": 15, ""NewsCloseMode"": 0, ""DailyLossPct"": 8.0, ""MaxSpreadPts"": 25}"
162.04206102262216,162.04206102262216,2.8730801558783754,0.0,0.0,12320.119999932438,2530.9280789816344,59.80329505197068,2797805.0,487948.0,2503.0,"{""EntryMode"": 0, ""EntryTFMin"": 1, ""GridSpacingPts"": 135, ""TP_Pips"": 13.5, ""MaxLayers"": 2, ""Ladder"": ""flat"", ""MaxHoldSec"": 60, ""StopPips"": 2.0, ""MaxBasketRiskPct"": 5.0, ""AddMinSec"": 60, ""Session"": ""allday_0123"", ""ZEntry"": 1.25, ""ZEmaBars"": 120, ""NewsBeforeMin"": 30, ""NewsAfterMin"": 15, ""NewsCloseMode"": 0, ""DailyLossPct"": 8.0, ""MaxSpreadPts"": 25}"
161.91607794606924,161.91607794606924,2.864980188965232,0.0,0.0,12290.549999931793,2530.9280789816344,59.800764729339775,2797467.0,487944.0,2845.0,"{""EntryMode"": 0, ""EntryTFMin"": 1, ""GridSpacingPts"": 130, ""TP_Pips"": 13.0, ""MaxLayers"": 1, ""Ladder"": ""flat"", ""MaxHoldSec"": 60, ""StopPips"": 2.0, ""MaxBasketRiskPct"": 5.0, ""AddMinSec"": 60, ""Session"": ""allday_0123"", ""ZEntry"": 1.5, ""ZEmaBars"": 120, ""NewsBeforeMin"": 30, ""NewsAfterMin"": 15, ""NewsCloseMode"": 0, ""DailyLossPct"": 8.0, ""MaxSpreadPts"": 25}"
161.91607794606924,161.91607794606924,2.864980188965232,0.0,0.0,12290.549999931793,2530.9280789816344,59.800764729339775,2797467.0,487944.0,2845.0,"{""EntryMode"": 0, ""EntryTFMin"": 1, ""GridSpacingPts"": 135, ""TP_Pips"": 13.0, ""MaxLayers"": 1, ""Ladder"": ""flat"", ""MaxHoldSec"": 60, ""StopPips"": 2.0, ""MaxBasketRiskPct"": 5.0, ""AddMinSec"": 60, ""Session"": ""allday_0123"", ""ZEntry"": 1.25, ""ZEmaBars"": 120, ""NewsBeforeMin"": 30, ""NewsAfterMin"": 15, ""NewsCloseMode"": 0, ""DailyLossPct"": 8.0, ""MaxSpreadPts"": 25}"
161.77446820986444,161.77446820986444,2.8697908716211535,0.0,0.0,12257.379999932875,2530.9280789816344,59.79800721666718,2797110.0,487933.0,3213.0,"{""EntryMode"": 0, ""EntryTFMin"": 1, ""GridSpacingPts"": 120, ""TP_Pips"": 12.5, ""MaxLayers"": 1, ""Ladder"": ""flat"", ""MaxHoldSec"": 60, ""StopPips"": 2.0, ""MaxBasketRiskPct"": 5.0, ""AddMinSec"": 60, ""Session"": ""allday_0123"", ""ZEntry"": 1.25, ""ZEmaBars"": 120, ""NewsBeforeMin"": 30, ""NewsAfterMin"": 15, ""NewsCloseMode"": 0, ""DailyLossPct"": 8.0, ""MaxSpreadPts"": 25}"
161.741337654381,161.741337654381,2.898103900106623,0.0,0.0,12249.629999932655,2521.157671496757,59.81875182361562,2787077.0,485651.0,2834.0,"{""EntryMode"": 0, ""EntryTFMin"": 1, ""GridSpacingPts"": 140, ""TP_Pips"": 13.0, ""MaxLayers"": 1, ""Ladder"": ""flat"", ""MaxHoldSec"": 60, ""StopPips"": 2.0, ""MaxBasketRiskPct"": 5.0, ""AddMinSec"": 60, ""Session"": ""allday_0123"", ""ZEntry"": 1.25, ""ZEmaBars"": 120, ""NewsBeforeMin"": 60, ""NewsAfterMin"": 15, ""NewsCloseMode"": 0, ""DailyLossPct"": 3.0, ""MaxSpreadPts"": 25}"
161.741337654381,161.741337654381,2.898103900106623,0.0,0.0,12249.629999932655,2521.157671496757,59.81875182361562,2787077.0,485651.0,2834.0,"{""EntryMode"": 0, ""EntryTFMin"": 1, ""GridSpacingPts"": 140, ""TP_Pips"": 13.0, ""MaxLayers"": 1, ""Ladder"": ""flat"", ""MaxHoldSec"": 60, ""StopPips"": 2.0, ""MaxBasketRiskPct"": 5.0, ""AddMinSec"": 60, ""Session"": ""allday_0123"", ""ZEntry"": 1.0, ""ZEmaBars"": 120, ""NewsBeforeMin"": 60, ""NewsAfterMin"": 15, ""NewsCloseMode"": 0, ""DailyLossPct"": 3.0, ""MaxSpreadPts"": 25}"
161.67468378628493,161.67468378628493,2.8785790843653585,0.0,0.0,12234.049999933155,2530.9280789816344,59.79443718601513,2796630.0,487925.0,3701.0,"{""EntryMode"": 0, ""EntryTFMin"": 1, ""GridSpacingPts"": 130, ""TP_Pips"": 12.0, ""MaxLayers"": 1, ""Ladder"": ""flat"", ""MaxHoldSec"": 60, ""StopPips"": 2.0, ""MaxBasketRiskPct"": 5.0, ""AddMinSec"": 60, ""Session"": ""allday_0123"", ""ZEntry"": 1.25, ""ZEmaBars"": 120, ""NewsBeforeMin"": 30, ""NewsAfterMin"": 15, ""NewsCloseMode"": 0, ""DailyLossPct"": 8.0, ""MaxSpreadPts"": 25}"
161.60046331095987,161.60046331095987,2.903026559603444,0.0,0.0,12216.719999933684,2521.157671496757,59.81599156934981,2786721.0,485640.0,3201.0,"{""EntryMode"": 0, ""EntryTFMin"": 1, ""GridSpacingPts"": 130, ""TP_Pips"": 12.5, ""MaxLayers"": 1, ""Ladder"": ""flat"", ""MaxHoldSec"": 60, ""StopPips"": 2.0, ""MaxBasketRiskPct"": 5.0, ""AddMinSec"": 60, ""Session"": ""allday_0123"", ""ZEntry"": 1.25, ""ZEmaBars"": 120, ""NewsBeforeMin"": 60, ""NewsAfterMin"": 15, ""NewsCloseMode"": 0, ""DailyLossPct"": 8.0, ""MaxSpreadPts"": 25}"
161.60046331095987,161.60046331095987,2.903026559603444,0.0,0.0,12216.719999933684,2521.157671496757,59.81599156934981,2786721.0,485640.0,3201.0,"{""EntryMode"": 0, ""EntryTFMin"": 1, ""GridSpacingPts"": 135, ""TP_Pips"": 12.5, ""MaxLayers"": 1, ""Ladder"": ""flat"", ""MaxHoldSec"": 60, ""StopPips"": 2.0, ""MaxBasketRiskPct"": 5.0, ""AddMinSec"": 60, ""Session"": ""allday_0123"", ""ZEntry"": 1.25, ""ZEmaBars"": 120, ""NewsBeforeMin"": 60, ""NewsAfterMin"": 15, ""NewsCloseMode"": 0, ""DailyLossPct"": 8.0, ""MaxSpreadPts"": 25}"
161.49976931000975,161.49976931000975,2.912019826516959,0.0,0.0,12193.23999993393,2521.157671496757,59.812422147297916,2786243.0,485632.0,3687.0,"{""EntryMode"": 0, ""EntryTFMin"": 1, ""GridSpacingPts"": 140, ""TP_Pips"": 12.0, ""MaxLayers"": 1, ""Ladder"": ""flat"", ""MaxHoldSec"": 60, ""StopPips"": 2.0, ""MaxBasketRiskPct"": 5.0, ""AddMinSec"": 60, ""Session"": ""allday_0123"", ""ZEntry"": 1.5, ""ZEmaBars"": 120, ""NewsBeforeMin"": 60, ""NewsAfterMin"": 15, ""NewsCloseMode"": 0, ""DailyLossPct"": 8.0, ""MaxSpreadPts"": 25}"
161.16389013008234,161.16389013008234,2.9149546476461152,0.0,0.0,12115.179999935806,2521.157671496757,59.80312748657851,2785007.0,485613.0,4942.0,"{""EntryMode"": 0, ""EntryTFMin"": 1, ""GridSpacingPts"": 150, ""TP_Pips"": 11.0, ""MaxLayers"": 1, ""Ladder"": ""flat"", ""MaxHoldSec"": 60, ""StopPips"": 2.0, ""MaxBasketRiskPct"": 5.0, ""AddMinSec"": 15, ""Session"": ""allday_0123"", ""ZEntry"": 1.5, ""ZEmaBars"": 120, ""NewsBeforeMin"": 60, ""NewsAfterMin"": 15, ""NewsCloseMode"": 0, ""DailyLossPct"": 8.0, ""MaxSpreadPts"": 25}"
161.16389013008234,161.16389013008234,2.9149546476461152,0.0,0.0,12115.179999935806,2521.157671496757,59.80312748657851,2785007.0,485613.0,4942.0,"{""EntryMode"": 0, ""EntryTFMin"": 1, ""GridSpacingPts"": 150, ""TP_Pips"": 11.0, ""MaxLayers"": 1, ""Ladder"": ""flat"", ""MaxHoldSec"": 60, ""StopPips"": 2.0, ""MaxBasketRiskPct"": 5.0, ""AddMinSec"": 60, ""Session"": ""allday_0123"", ""ZEntry"": 1.5, ""ZEmaBars"": 120, ""NewsBeforeMin"": 60, ""NewsAfterMin"": 15, ""NewsCloseMode"": 0, ""DailyLossPct"": 8.0, ""MaxSpreadPts"": 25}"
161.1123185918243,161.1123185918243,2.8945342571194725,0.0,0.0,12103.22999993467,2530.9280789816344,59.77717266850978,2794613.0,487894.0,5749.0,"{""EntryMode"": 0, ""EntryTFMin"": 1, ""GridSpacingPts"": 130, ""TP_Pips"": 10.5, ""MaxLayers"": 1, ""Ladder"": ""flat"", ""MaxHoldSec"": 60, ""StopPips"": 2.0, ""MaxBasketRiskPct"": 2.0, ""AddMinSec"": 0, ""Session"": ""allday_0123"", ""ZEntry"": 1.25, ""ZEmaBars"": 120, ""NewsBeforeMin"": 30, ""NewsAfterMin"": 15, ""NewsCloseMode"": 0, ""DailyLossPct"": 8.0, ""MaxSpreadPts"": 25}"
160.96402333458596,160.96402333458596,2.0844427538978927,0.0,0.0,12068.919999933345,1390.4096483014832,108.19638187294396,1323648.0,479759.0,3054.0,"{""EntryMode"": 0, ""EntryTFMin"": 1, ""GridSpacingPts"": 130, ""TP_Pips"": 15.0, ""MaxLayers"": 1, ""Ladder"": ""flat"", ""MaxHoldSec"": 120, ""StopPips"": 2.0, ""MaxBasketRiskPct"": 5.0, ""AddMinSec"": 60, ""Session"": ""allday_0123"", ""ZEntry"": 1.25, ""ZEmaBars"": 120, ""NewsBeforeMin"": 15, ""NewsAfterMin"": 60, ""NewsCloseMode"": 0, ""DailyLossPct"": 3.0, ""MaxSpreadPts"": 0}"
160.96402333458596,160.96402333458596,2.0844427538978927,0.0,0.0,12068.919999933345,1390.4096483014832,108.19638187294396,1323648.0,479759.0,3054.0,"{""EntryMode"": 0, ""EntryTFMin"": 1, ""GridSpacingPts"": 130, ""TP_Pips"": 15.0, ""MaxLayers"": 1, ""Ladder"": ""step1"", ""MaxHoldSec"": 120, ""StopPips"": 2.0, ""MaxBasketRiskPct"": 5.0, ""AddMinSec"": 60, ""Session"": ""allday_0123"", ""ZEntry"": 1.5, ""ZEmaBars"": 120, ""NewsBeforeMin"": 15, ""NewsAfterMin"": 60, ""NewsCloseMode"": 0, ""DailyLossPct"": 3.0, ""MaxSpreadPts"": 0}"
160.90090330152827,160.90090330152827,2.9388775988734652,0.0,0.0,12054.339999936294,2521.157671496757,59.76135080462984,2783128.0,485584.0,6850.0,"{""EntryMode"": 0, ""EntryTFMin"": 1, ""GridSpacingPts"": 150, ""TP_Pips"": 10.0, ""MaxLayers"": 1, ""Ladder"": ""flat"", ""MaxHoldSec"": 60, ""StopPips"": 2.0, ""MaxBasketRiskPct"": 5.0, ""AddMinSec"": 60, ""Session"": ""allday_0123"", ""ZEntry"": 1.5, ""ZEmaBars"": 120, ""NewsBeforeMin"": 60, ""NewsAfterMin"": 15, ""NewsCloseMode"": 0, ""DailyLossPct"": 8.0, ""MaxSpreadPts"": 25}"
160.90090330152827,160.90090330152827,2.9388775988734652,0.0,0.0,12054.339999936294,2521.157671496757,59.76135080462984,2783128.0,485584.0,6850.0,"{""EntryMode"": 0, ""EntryTFMin"": 1, ""GridSpacingPts"": 145, ""TP_Pips"": 10.0, ""MaxLayers"": 1, ""Ladder"": ""flat"", ""MaxHoldSec"": 60, ""StopPips"": 2.0, ""MaxBasketRiskPct"": 5.0, ""AddMinSec"": 15, ""Session"": ""allday_0123"", ""ZEntry"": 1.5, ""ZEmaBars"": 120, ""NewsBeforeMin"": 60, ""NewsAfterMin"": 15, ""NewsCloseMode"": 0, ""DailyLossPct"": 8.0, ""MaxSpreadPts"": 25}"
160.85389161735634,160.85389161735634,2.07387223735905,0.0,0.0,12043.489999933898,1387.653398955072,108.2217978825929,1321407.0,478424.0,3049.0,"{""EntryMode"": 0, ""EntryTFMin"": 1, ""GridSpacingPts"": 120, ""TP_Pips"": 15.0, ""MaxLayers"": 1, ""Ladder"": ""step2"", ""MaxHoldSec"": 120, ""StopPips"": 2.0, ""MaxBasketRiskPct"": 5.0, ""AddMinSec"": 60, ""Session"": ""allday_0123"", ""ZEntry"": 1.5, ""ZEmaBars"": 120, ""NewsBeforeMin"": 30, ""NewsAfterMin"": 60, ""NewsCloseMode"": 0, ""DailyLossPct"": 5.0, ""MaxSpreadPts"": 0}"
160.85389161735634,160.85389161735634,2.07387223735905,0.0,0.0,12043.489999933898,1387.653398955072,108.2217978825929,1321407.0,478424.0,3049.0,"{""EntryMode"": 0, ""EntryTFMin"": 1, ""GridSpacingPts"": 125, ""TP_Pips"": 15.0, ""MaxLayers"": 1, ""Ladder"": ""step2"", ""MaxHoldSec"": 120, ""StopPips"": 2.0, ""MaxBasketRiskPct"": 5.0, ""AddMinSec"": 60, ""Session"": ""allday_0123"", ""ZEntry"": 1.5, ""ZEmaBars"": 120, ""NewsBeforeMin"": 30, ""NewsAfterMin"": 60, ""NewsCloseMode"": 0, ""DailyLossPct"": 3.0, ""MaxSpreadPts"": 0}"
160.85389161735634,160.85389161735634,2.07387223735905,0.0,0.0,12043.489999933898,1387.653398955072,108.2217978825929,1321407.0,478424.0,3049.0,"{""EntryMode"": 0, ""EntryTFMin"": 1, ""GridSpacingPts"": 120, ""TP_Pips"": 15.0, ""MaxLayers"": 1, ""Ladder"": ""step2"", ""MaxHoldSec"": 120, ""StopPips"": 2.0, ""MaxBasketRiskPct"": 5.0, ""AddMinSec"": 60, ""Session"": ""allday_0123"", ""ZEntry"": 1.5, ""ZEmaBars"": 120, ""NewsBeforeMin"": 30, ""NewsAfterMin"": 60, ""NewsCloseMode"": 0, ""DailyLossPct"": 3.0, ""MaxSpreadPts"": 0}"
160.85389161735634,160.85389161735634,2.07387223735905,0.0,0.0,12043.489999933898,1387.653398955072,108.2217978825929,1321407.0,478424.0,3049.0,"{""EntryMode"": 0, ""EntryTFMin"": 1, ""GridSpacingPts"": 120, ""TP_Pips"": 15.0, ""MaxLayers"": 1, ""Ladder"": ""step2"", ""MaxHoldSec"": 120, ""StopPips"": 2.0, ""MaxBasketRiskPct"": 3.0, ""AddMinSec"": 60, ""Session"": ""allday_0123"", ""ZEntry"": 1.5, ""ZEmaBars"": 120, ""NewsBeforeMin"": 30, ""NewsAfterMin"": 60, ""NewsCloseMode"": 0, ""DailyLossPct"": 5.0, ""MaxSpreadPts"": 0}"
160.85389161735634,160.85389161735634,2.07387223735905,0.0,0.0,12043.489999933898,1387.653398955072,108.2217978825929,1321407.0,478424.0,3049.0,"{""EntryMode"": 0, ""EntryTFMin"": 1, ""GridSpacingPts"": 130, ""TP_Pips"": 15.0, ""MaxLayers"": 1, ""Ladder"": ""step2"", ""MaxHoldSec"": 120, ""StopPips"": 2.0, ""MaxBasketRiskPct"": 5.0, ""AddMinSec"": 60, ""Session"": ""allday_0123"", ""ZEntry"": 1.5, ""ZEmaBars"": 120, ""NewsBeforeMin"": 30, ""NewsAfterMin"": 60, ""NewsCloseMode"": 0, ""DailyLossPct"": 3.0, ""MaxSpreadPts"": 0}"
160.85389161735634,160.85389161735634,2.07387223735905,0.0,0.0,12043.489999933898,1387.653398955072,108.2217978825929,1321407.0,478424.0,3049.0,"{""EntryMode"": 0, ""EntryTFMin"": 1, ""GridSpacingPts"": 125, ""TP_Pips"": 15.0, ""MaxLayers"": 1, ""Ladder"": ""step2"", ""MaxHoldSec"": 120, ""StopPips"": 2.0, ""MaxBasketRiskPct"": 5.0, ""AddMinSec"": 60, ""Session"": ""allday_0123"", ""ZEntry"": 1.5, ""ZEmaBars"": 30, ""NewsBeforeMin"": 30, ""NewsAfterMin"": 60, ""NewsCloseMode"": 0, ""DailyLossPct"": 3.0, ""MaxSpreadPts"": 0}"
160.85389161735634,160.85389161735634,2.07387223735905,0.0,0.0,12043.489999933898,1387.653398955072,108.2217978825929,1321407.0,478424.0,3049.0,"{""EntryMode"": 0, ""EntryTFMin"": 1, ""GridSpacingPts"": 125, ""TP_Pips"": 15.0, ""MaxLayers"": 1, ""Ladder"": ""step2"", ""MaxHoldSec"": 120, ""StopPips"": 2.0, ""MaxBasketRiskPct"": 5.0, ""AddMinSec"": 60, ""Session"": ""allday_0123"", ""ZEntry"": 1.5, ""ZEmaBars"": 90, ""NewsBeforeMin"": 30, ""NewsAfterMin"": 60, ""NewsCloseMode"": 0, ""DailyLossPct"": 3.0, ""MaxSpreadPts"": 25}"
160.83551102474672,160.83551102474672,2.0655861289097435,0.0,0.0,12039.24999993442,1390.4843079458847,108.18391660348077,1323318.0,479826.0,3414.0,"{""EntryMode"": 0, ""EntryTFMin"": 1, ""GridSpacingPts"": 95, ""TP_Pips"": 14.5, ""MaxLayers"": 1, ""Ladder"": ""flat"", ""MaxHoldSec"": 120, ""StopPips"": 2.0, ""MaxBasketRiskPct"": 5.0, ""AddMinSec"": 60, ""Session"": ""allday_0123"", ""ZEntry"": 1.75, ""ZEmaBars"": 120, ""NewsBeforeMin"": 15, ""NewsAfterMin"": 60, ""NewsCloseMode"": 0, ""DailyLossPct"": 3.0, ""MaxSpreadPts"": 0}"
160.83551102474672,160.83551102474672,2.0655861289097435,0.0,0.0,12039.24999993442,1390.4843079458847,108.18391660348077,1323318.0,479826.0,3414.0,"{""EntryMode"": 0, ""EntryTFMin"": 1, ""GridSpacingPts"": 125, ""TP_Pips"": 14.5, ""MaxLayers"": 1, ""Ladder"": ""flat"", ""MaxHoldSec"": 120, ""StopPips"": 2.0, ""MaxBasketRiskPct"": 5.0, ""AddMinSec"": 60, ""Session"": ""allday_0123"", ""ZEntry"": 1.5, ""ZEmaBars"": 120, ""NewsBeforeMin"": 15, ""NewsAfterMin"": 60, ""NewsCloseMode"": 0, ""DailyLossPct"": 3.0, ""MaxSpreadPts"": 0}"
160.83551102474672,160.83551102474672,2.0655861289097435,0.0,0.0,12039.24999993442,1390.4843079458847,108.18391660348077,1323318.0,479826.0,3414.0,"{""EntryMode"": 0, ""EntryTFMin"": 1, ""GridSpacingPts"": 130, ""TP_Pips"": 14.5, ""MaxLayers"": 1, ""Ladder"": ""step1"", ""MaxHoldSec"": 120, ""StopPips"": 2.0, ""MaxBasketRiskPct"": 1.0, ""AddMinSec"": 60, ""Session"": ""allday_0123"", ""ZEntry"": 1.5, ""ZEmaBars"": 60, ""NewsBeforeMin"": 15, ""NewsAfterMin"": 60, ""NewsCloseMode"": 0, ""DailyLossPct"": 3.0, ""MaxSpreadPts"": 0}"
160.83551102474672,160.83551102474672,2.0655861289097435,0.0,0.0,12039.24999993442,1390.4843079458847,108.18391660348077,1323318.0,479826.0,3414.0,"{""EntryMode"": 0, ""EntryTFMin"": 1, ""GridSpacingPts"": 105, ""TP_Pips"": 14.5, ""MaxLayers"": 1, ""Ladder"": ""flat"", ""MaxHoldSec"": 120, ""StopPips"": 2.0, ""MaxBasketRiskPct"": 5.0, ""AddMinSec"": 60, ""Session"": ""allday_0123"", ""ZEntry"": 1.5, ""ZEmaBars"": 120, ""NewsBeforeMin"": 15, ""NewsAfterMin"": 60, ""NewsCloseMode"": 0, ""DailyLossPct"": 3.0, ""MaxSpreadPts"": 0}"
160.77521755938253,160.77521755938253,2.054281001648505,0.0,0.0,12025.349999933462,1390.5735916443443,108.16859304347982,1322871.0,479909.0,3894.0,"{""EntryMode"": 0, ""EntryTFMin"": 1, ""GridSpacingPts"": 135, ""TP_Pips"": 14.0, ""MaxLayers"": 1, ""Ladder"": ""flat"", ""MaxHoldSec"": 120, ""StopPips"": 2.0, ""MaxBasketRiskPct"": 5.0, ""AddMinSec"": 60, ""Session"": ""allday_0123"", ""ZEntry"": 1.25, ""ZEmaBars"": 120, ""NewsBeforeMin"": 15, ""NewsAfterMin"": 60, ""NewsCloseMode"": 0, ""DailyLossPct"": 3.0, ""MaxSpreadPts"": 0}"
160.77521755938253,160.77521755938253,2.054281001648505,0.0,0.0,12025.349999933462,1390.5735916443443,108.16859304347982,1322871.0,479909.0,3894.0,"{""EntryMode"": 0, ""EntryTFMin"": 1, ""GridSpacingPts"": 90, ""TP_Pips"": 14.0, ""MaxLayers"": 1, ""Ladder"": ""flat"", ""MaxHoldSec"": 120, ""StopPips"": 2.0, ""MaxBasketRiskPct"": 5.0, ""AddMinSec"": 60, ""Session"": ""allday_0123"", ""ZEntry"": 2.0, ""ZEmaBars"": 120, ""NewsBeforeMin"": 15, ""NewsAfterMin"": 60, ""NewsCloseMode"": 0, ""DailyLossPct"": 3.0, ""MaxSpreadPts"": 0}"
160.77521755938253,160.77521755938253,2.054281001648505,0.0,0.0,12025.349999933462,1390.5735916443443,108.16859304347982,1322871.0,479909.0,3894.0,"{""EntryMode"": 0, ""EntryTFMin"": 1, ""GridSpacingPts"": 135, ""TP_Pips"": 14.0, ""MaxLayers"": 1, ""Ladder"": ""flat"", ""MaxHoldSec"": 120, ""StopPips"": 2.0, ""MaxBasketRiskPct"": 5.0, ""AddMinSec"": 60, ""Session"": ""allday_0123"", ""ZEntry"": 1.25, ""ZEmaBars"": 90, ""NewsBeforeMin"": 15, ""NewsAfterMin"": 60, ""NewsCloseMode"": 0, ""DailyLossPct"": 3.0, ""MaxSpreadPts"": 0}"
160.77521755938253,160.77521755938253,2.054281001648505,0.0,0.0,12025.349999933462,1390.5735916443443,108.16859304347982,1322871.0,479909.0,3894.0,"{""EntryMode"": 0, ""EntryTFMin"": 1, ""GridSpacingPts"": 115, ""TP_Pips"": 14.0, ""MaxLayers"": 1, ""Ladder"": ""flat"", ""MaxHoldSec"": 120, ""StopPips"": 2.0, ""MaxBasketRiskPct"": 5.0, ""AddMinSec"": 60, ""Session"": ""allday_0123"", ""ZEntry"": 1.5, ""ZEmaBars"": 120, ""NewsBeforeMin"": 15, ""NewsAfterMin"": 60, ""NewsCloseMode"": 0, ""DailyLossPct"": 3.0, ""MaxSpreadPts"": 0}"
160.77521755938253,160.77521755938253,2.054281001648505,0.0,0.0,12025.349999933462,1390.5735916443443,108.16859304347982,1322871.0,479909.0,3894.0,"{""EntryMode"": 0, ""EntryTFMin"": 1, ""GridSpacingPts"": 120, ""TP_Pips"": 14.0, ""MaxLayers"": 1, ""Ladder"": ""flat"", ""MaxHoldSec"": 120, ""StopPips"": 2.0, ""MaxBasketRiskPct"": 5.0, ""AddMinSec"": 60, ""Session"": ""allday_0123"", ""ZEntry"": 1.5, ""ZEmaBars"": 120, ""NewsBeforeMin"": 15, ""NewsAfterMin"": 60, ""NewsCloseMode"": 0, ""DailyLossPct"": 3.0, ""MaxSpreadPts"": 0}"
160.72598719718147,160.72598719718147,2.055205520551133,0.0,0.0,12014.00999993506,1387.7280585994733,108.20931958067845,1321078.0,478491.0,3408.0,"{""EntryMode"": 0, ""EntryTFMin"": 1, ""GridSpacingPts"": 120, ""TP_Pips"": 14.5, ""MaxLayers"": 1, ""Ladder"": ""step2"", ""MaxHoldSec"": 120, ""StopPips"": 2.0, ""MaxBasketRiskPct"": 5.0, ""AddMinSec"": 60, ""Session"": ""allday_0123"", ""ZEntry"": 1.5, ""ZEmaBars"": 120, ""NewsBeforeMin"": 30, ""NewsAfterMin"": 60, ""NewsCloseMode"": 0, ""DailyLossPct"": 3.0, ""MaxSpreadPts"": 0}"
160.72598719718147,160.72598719718147,2.055205520551133,0.0,0.0,12014.00999993506,1387.7280585994733,108.20931958067845,1321078.0,478491.0,3408.0,"{""EntryMode"": 0, ""EntryTFMin"": 1, ""GridSpacingPts"": 120, ""TP_Pips"": 14.5, ""MaxLayers"": 1, ""Ladder"": ""step2"", ""MaxHoldSec"": 120, ""StopPips"": 2.0, ""MaxBasketRiskPct"": 3.0, ""AddMinSec"": 15, ""Session"": ""allday_0123"", ""ZEntry"": 1.5, ""ZEmaBars"": 120, ""NewsBeforeMin"": 30, ""NewsAfterMin"": 60, ""NewsCloseMode"": 0, ""DailyLossPct"": 5.0, ""MaxSpreadPts"": 0}"
160.72598719718147,160.72598719718147,2.055205520551133,0.0,0.0,12014.00999993506,1387.7280585994733,108.20931958067845,1321078.0,478491.0,3408.0,"{""EntryMode"": 0, ""EntryTFMin"": 1, ""GridSpacingPts"": 125, ""TP_Pips"": 14.5, ""MaxLayers"": 1, ""Ladder"": ""step2"", ""MaxHoldSec"": 120, ""StopPips"": 2.0, ""MaxBasketRiskPct"": 5.0, ""AddMinSec"": 60, ""Session"": ""allday_0123"", ""ZEntry"": 1.75, ""ZEmaBars"": 120, ""NewsBeforeMin"": 30, ""NewsAfterMin"": 60, ""NewsCloseMode"": 0, ""DailyLossPct"": 3.0, ""MaxSpreadPts"": 0}"
160.6668964500546,160.6668964500546,2.0440134278245243,0.0,0.0,12000.409999934009,1387.817342297933,108.19396654718044,1320631.0,478574.0,3888.0,"{""EntryMode"": 0, ""EntryTFMin"": 1, ""GridSpacingPts"": 150, ""TP_Pips"": 14.0, ""MaxLayers"": 1, ""Ladder"": ""step1"", ""MaxHoldSec"": 120, ""StopPips"": 2.0, ""MaxBasketRiskPct"": 5.0, ""AddMinSec"": 60, ""Session"": ""allday_0123"", ""ZEntry"": 1.0, ""ZEmaBars"": 120, ""NewsBeforeMin"": 30, ""NewsAfterMin"": 60, ""NewsCloseMode"": 0, ""DailyLossPct"": 8.0, ""MaxSpreadPts"": 25}"
160.63659167868286,160.63659167868286,2.046456046006998,0.0,0.0,11993.439999935405,1390.6605662816369,108.15296773383645,1322424.0,479982.0,4381.0,"{""EntryMode"": 0, ""EntryTFMin"": 1, ""GridSpacingPts"": 125, ""TP_Pips"": 13.5, ""MaxLayers"": 2, ""Ladder"": ""flat"", ""MaxHoldSec"": 120, ""StopPips"": 2.0, ""MaxBasketRiskPct"": 5.0, ""AddMinSec"": 60, ""Session"": ""allday_0123"", ""ZEntry"": 1.5, ""ZEmaBars"": 120, ""NewsBeforeMin"": 15, ""NewsAfterMin"": 60, ""NewsCloseMode"": 0, ""DailyLossPct"": 3.0, ""MaxSpreadPts"": 0}"
160.63659167868286,160.63659167868286,2.046456046006998,0.0,0.0,11993.439999935405,1390.6605662816369,108.15296773383645,1322424.0,479982.0,4381.0,"{""EntryMode"": 0, ""EntryTFMin"": 1, ""GridSpacingPts"": 135, ""TP_Pips"": 13.5, ""MaxLayers"": 1, ""Ladder"": ""flat"", ""MaxHoldSec"": 120, ""StopPips"": 2.0, ""MaxBasketRiskPct"": 5.0, ""AddMinSec"": 60, ""Session"": ""allday_0123"", ""ZEntry"": 1.25, ""ZEmaBars"": 30, ""NewsBeforeMin"": 15, ""NewsAfterMin"": 60, ""NewsCloseMode"": 0, ""DailyLossPct"": 3.0, ""MaxSpreadPts"": 0}"
160.63659167868286,160.63659167868286,2.046456046006998,0.0,0.0,11993.439999935405,1390.6605662816369,108.15296773383645,1322424.0,479982.0,4381.0,"{""EntryMode"": 0, ""EntryTFMin"": 1, ""GridSpacingPts"": 135, ""TP_Pips"": 13.5, ""MaxLayers"": 1, ""Ladder"": ""flat"", ""MaxHoldSec"": 120, ""StopPips"": 2.0, ""MaxBasketRiskPct"": 5.0, ""AddMinSec"": 60, ""Session"": ""allday_0123"", ""ZEntry"": 1.25, ""ZEmaBars"": 120, ""NewsBeforeMin"": 15, ""NewsAfterMin"": 60, ""NewsCloseMode"": 0, ""DailyLossPct"": 3.0, ""MaxSpreadPts"": 0}"
160.62754534483216,160.62754534483216,2.9313167537216094,0.0,0.0,11991.359999938986,2516.253225577926,59.897607284155455,2788558.0,478980.0,1652.0,"{""EntryMode"": 0, ""EntryTFMin"": 1, ""GridSpacingPts"": 145, ""TP_Pips"": 15.0, ""MaxLayers"": 1, ""Ladder"": ""flat"", ""MaxHoldSec"": 60, ""StopPips"": 2.0, ""MaxBasketRiskPct"": 5.0, ""AddMinSec"": 60, ""Session"": ""allday_0123"", ""ZEntry"": 1.25, ""ZEmaBars"": 120, ""NewsBeforeMin"": 30, ""NewsAfterMin"": 60, ""NewsCloseMode"": 0, ""DailyLossPct"": 8.0, ""MaxSpreadPts"": 25}"
160.62754534483216,160.62754534483216,2.9313167537216094,0.0,0.0,11991.359999938986,2516.253225577926,59.897607284155455,2788558.0,478980.0,1652.0,"{""EntryMode"": 0, ""EntryTFMin"": 1, ""GridSpacingPts"": 150, ""TP_Pips"": 15.0, ""MaxLayers"": 2, ""Ladder"": ""flat"", ""MaxHoldSec"": 60, ""StopPips"": 2.0, ""MaxBasketRiskPct"": 5.0, ""AddMinSec"": 60, ""Session"": ""allday_0123"", ""ZEntry"": 1.25, ""ZEmaBars"": 90, ""NewsBeforeMin"": 30, ""NewsAfterMin"": 60, ""NewsCloseMode"": 0, ""DailyLossPct"": 8.0, ""MaxSpreadPts"": 25}"
160.62754534483216,160.62754534483216,2.9313167537216094,0.0,0.0,11991.359999938986,2516.253225577926,59.897607284155455,2788558.0,478980.0,1652.0,"{""EntryMode"": 0, ""EntryTFMin"": 1, ""GridSpacingPts"": 145, ""TP_Pips"": 15.0, ""MaxLayers"": 1, ""Ladder"": ""flat"", ""MaxHoldSec"": 60, ""StopPips"": 2.0, ""MaxBasketRiskPct"": 5.0, ""AddMinSec"": 60, ""Session"": ""allday_0123"", ""ZEntry"": 1.25, ""ZEmaBars"": 90, ""NewsBeforeMin"": 30, ""NewsAfterMin"": 60, ""NewsCloseMode"": 0, ""DailyLossPct"": 8.0, ""MaxSpreadPts"": 25}"
160.53531421916256,160.53531421916256,2.9190280257733727,0.0,0.0,11970.169999939699,2516.253225577926,59.896256821406524,2788383.0,478979.0,1828.0,"{""EntryMode"": 0, ""EntryTFMin"": 1, ""GridSpacingPts"": 140, ""TP_Pips"": 14.5, ""MaxLayers"": 1, ""Ladder"": ""flat"", ""MaxHoldSec"": 60, ""StopPips"": 2.0, ""MaxBasketRiskPct"": 5.0, ""AddMinSec"": 60, ""Session"": ""allday_0123"", ""ZEntry"": 1.0, ""ZEmaBars"": 120, ""NewsBeforeMin"": 30, ""NewsAfterMin"": 60, ""NewsCloseMode"": 0, ""DailyLossPct"": 8.0, ""MaxSpreadPts"": 25}"
160.53531421916256,160.53531421916256,2.9190280257733727,0.0,0.0,11970.169999939699,2516.253225577926,59.896256821406524,2788383.0,478979.0,1828.0,"{""EntryMode"": 0, ""EntryTFMin"": 1, ""GridSpacingPts"": 140, ""TP_Pips"": 14.5, ""MaxLayers"": 1, ""Ladder"": ""flat"", ""MaxHoldSec"": 60, ""StopPips"": 2.0, ""MaxBasketRiskPct"": 5.0, ""AddMinSec"": 60, ""Session"": ""allday_0123"", ""ZEntry"": 1.0, ""ZEmaBars"": 120, ""NewsBeforeMin"": 30, ""NewsAfterMin"": 60, ""NewsCloseMode"": 0, ""DailyLossPct"": 8.0, ""MaxSpreadPts"": 25}"
160.53531421916256,160.53531421916256,2.9190280257733727,0.0,0.0,11970.169999939699,2516.253225577926,59.896256821406524,2788383.0,478979.0,1828.0,"{""EntryMode"": 0, ""EntryTFMin"": 1, ""GridSpacingPts"": 140, ""TP_Pips"": 14.5, ""MaxLayers"": 1, ""Ladder"": ""flat"", ""MaxHoldSec"": 60, ""StopPips"": 2.0, ""MaxBasketRiskPct"": 5.0, ""AddMinSec"": 60, ""Session"": ""allday_0123"", ""ZEntry"": 1.0, ""ZEmaBars"": 120, ""NewsBeforeMin"": 30, ""NewsAfterMin"": 60, ""NewsCloseMode"": 0, ""DailyLossPct"": 8.0, ""MaxSpreadPts"": 25}"
160.53531421916256,160.53531421916256,2.9190280257733727,0.0,0.0,11970.169999939699,2516.253225577926,59.896256821406524,2788383.0,478979.0,1828.0,"{""EntryMode"": 0, ""EntryTFMin"": 1, ""GridSpacingPts"": 135, ""TP_Pips"": 14.5, ""MaxLayers"": 1, ""Ladder"": ""flat"", ""MaxHoldSec"": 60, ""StopPips"": 2.0, ""MaxBasketRiskPct"": 5.0, ""AddMinSec"": 60, ""Session"": ""allday_0123"", ""ZEntry"": 1.0, ""ZEmaBars"": 120, ""NewsBeforeMin"": 30, ""NewsAfterMin"": 60, ""NewsCloseMode"": 0, ""DailyLossPct"": 8.0, ""MaxSpreadPts"": 25}"
160.53531421916256,160.53531421916256,2.9190280257733727,0.0,0.0,11970.169999939699,2516.253225577926,59.896256821406524,2788383.0,478979.0,1828.0,"{""EntryMode"": 0, ""EntryTFMin"": 1, ""GridSpacingPts"": 140, ""TP_Pips"": 14.5, ""MaxLayers"": 1, ""Ladder"": ""flat"", ""MaxHoldSec"": 60, ""StopPips"": 2.0, ""MaxBasketRiskPct"": 5.0, ""AddMinSec"": 60, ""Session"": ""allday_0123"", ""ZEntry"": 1.0, ""ZEmaBars"": 120, ""NewsBeforeMin"": 30, ""NewsAfterMin"": 60, ""NewsCloseMode"": 0, ""DailyLossPct"": 3.0, ""MaxSpreadPts"": 25}"
160.53531421916256,160.53531421916256,2.9190280257733727,0.0,0.0,11970.169999939699,2516.253225577926,59.896256821406524,2788383.0,478979.0,1828.0,"{""EntryMode"": 0, ""EntryTFMin"": 1, ""GridSpacingPts"": 140, ""TP_Pips"": 14.5, ""MaxLayers"": 1, ""Ladder"": ""flat"", ""MaxHoldSec"": 60, ""StopPips"": 2.0, ""MaxBasketRiskPct"": 3.0, ""AddMinSec"": 15, ""Session"": ""allday_0123"", ""ZEntry"": 1.25, ""ZEmaBars"": 120, ""NewsBeforeMin"": 30, ""NewsAfterMin"": 60, ""NewsCloseMode"": 0, ""DailyLossPct"": 8.0, ""MaxSpreadPts"": 25}"
160.53531421916256,160.53531421916256,2.9190280257733727,0.0,0.0,11970.169999939699,2516.253225577926,59.896256821406524,2788383.0,478979.0,1828.0,"{""EntryMode"": 0, ""EntryTFMin"": 1, ""GridSpacingPts"": 150, ""TP_Pips"": 14.5, ""MaxLayers"": 1, ""Ladder"": ""flat"", ""MaxHoldSec"": 60, ""StopPips"": 2.0, ""MaxBasketRiskPct"": 5.0, ""AddMinSec"": 60, ""Session"": ""allday_0123"", ""ZEntry"": 1.0, ""ZEmaBars"": 120, ""NewsBeforeMin"": 30, ""NewsAfterMin"": 60, ""NewsCloseMode"": 0, ""DailyLossPct"": 8.0, ""MaxSpreadPts"": 25}"
160.5196319625628,160.5196319625628,2.0367204341030067,0.0,0.0,11966.569999934156,1390.779867775268,108.13251218843354,1321826.0,480096.0,5020.0,"{""EntryMode"": 0, ""EntryTFMin"": 1, ""GridSpacingPts"": 130, ""TP_Pips"": 13.0, ""MaxLayers"": 1, ""Ladder"": ""flat"", ""MaxHoldSec"": 120, ""StopPips"": 2.0, ""MaxBasketRiskPct"": 5.0, ""AddMinSec"": 60, ""Session"": ""allday_0123"", ""ZEntry"": 1.25, ""ZEmaBars"": 120, ""NewsBeforeMin"": 15, ""NewsAfterMin"": 60, ""NewsCloseMode"": 0, ""DailyLossPct"": 5.0, ""MaxSpreadPts"": 0}"
160.5196319625628,160.5196319625628,2.0367204341030067,0.0,0.0,11966.569999934156,1390.779867775268,108.13251218843354,1321826.0,480096.0,5020.0,"{""EntryMode"": 0, ""EntryTFMin"": 1, ""GridSpacingPts"": 135, ""TP_Pips"": 13.0, ""MaxLayers"": 1, ""Ladder"": ""flat"", ""MaxHoldSec"": 120, ""StopPips"": 2.0, ""MaxBasketRiskPct"": 5.0, ""AddMinSec"": 60, ""Session"": ""allday_0123"", ""ZEntry"": 1.25, ""ZEmaBars"": 120, ""NewsBeforeMin"": 15, ""NewsAfterMin"": 60, ""NewsCloseMode"": 0, ""DailyLossPct"": 3.0, ""MaxSpreadPts"": 0}"
160.4808457362274,160.4808457362274,2.966001419893306,0.0,0.0,11957.669999939666,2506.7599054330954,59.91451930342815,2778366.0,476844.0,1646.0,"{""EntryMode"": 0, ""EntryTFMin"": 1, ""GridSpacingPts"": 140, ""TP_Pips"": 15.0, ""MaxLayers"": 2, ""Ladder"": ""flat"", ""MaxHoldSec"": 60, ""StopPips"": 2.0, ""MaxBasketRiskPct"": 5.0, ""AddMinSec"": 30, ""Session"": ""allday_0123"", ""ZEntry"": 1.0, ""ZEmaBars"": 120, ""NewsBeforeMin"": 60, ""NewsAfterMin"": 60, ""NewsCloseMode"": 0, ""DailyLossPct"": 3.0, ""MaxSpreadPts"": 25}"
160.4808457362274,160.4808457362274,2.966001419893306,0.0,0.0,11957.669999939666,2506.7599054330954,59.91451930342815,2778366.0,476844.0,1646.0,"{""EntryMode"": 0, ""EntryTFMin"": 1, ""GridSpacingPts"": 120, ""TP_Pips"": 15.0, ""MaxLayers"": 1, ""Ladder"": ""flat"", ""MaxHoldSec"": 60, ""StopPips"": 2.0, ""MaxBasketRiskPct"": 5.0, ""AddMinSec"": 30, ""Session"": ""allday_0123"", ""ZEntry"": 1.0, ""ZEmaBars"": 30, ""NewsBeforeMin"": 60, ""NewsAfterMin"": 60, ""NewsCloseMode"": 0, ""DailyLossPct"": 3.0, ""MaxSpreadPts"": 25}"
160.4808457362274,160.4808457362274,2.966001419893306,0.0,0.0,11957.669999939666,2506.7599054330954,59.91451930342815,2778366.0,476844.0,1646.0,"{""EntryMode"": 0, ""EntryTFMin"": 1, ""GridSpacingPts"": 140, ""TP_Pips"": 15.0, ""MaxLayers"": 1, ""Ladder"": ""flat"", ""MaxHoldSec"": 60, ""StopPips"": 2.0, ""MaxBasketRiskPct"": 5.0, ""AddMinSec"": 30, ""Session"": ""allday_0123"", ""ZEntry"": 1.0, ""ZEmaBars"": 120, ""NewsBeforeMin"": 60, ""NewsAfterMin"": 60, ""NewsCloseMode"": 0, ""DailyLossPct"": 3.0, ""MaxSpreadPts"": 25}"
160.45629825427022,160.45629825427022,2.9070666460479933,0.0,0.0,11952.039999939208,2516.253225577926,59.894537894675146,2788154.0,478977.0,2059.0,"{""EntryMode"": 0, ""EntryTFMin"": 1, ""GridSpacingPts"": 145, ""TP_Pips"": 14.0, ""MaxLayers"": 1, ""Ladder"": ""flat"", ""MaxHoldSec"": 60, ""StopPips"": 2.0, ""MaxBasketRiskPct"": 5.0, ""AddMinSec"": 60, ""Session"": ""allday_0123"", ""ZEntry"": 1.25, ""ZEmaBars"": 120, ""NewsBeforeMin"": 30, ""NewsAfterMin"": 60, ""NewsCloseMode"": 0, ""DailyLossPct"": 8.0, ""MaxSpreadPts"": 25}"
160.45629825427022,160.45629825427022,2.9070666460479933,0.0,0.0,11952.039999939208,2516.253225577926,59.894537894675146,2788154.0,478977.0,2059.0,"{""EntryMode"": 0, ""EntryTFMin"": 1, ""GridSpacingPts"": 140, ""TP_Pips"": 14.0, ""MaxLayers"": 1, ""Ladder"": ""flat"", ""MaxHoldSec"": 60, ""StopPips"": 2.0, ""MaxBasketRiskPct"": 3.0, ""AddMinSec"": 15, ""Session"": ""allday_0123"", ""ZEntry"": 1.25, ""ZEmaBars"": 120, ""NewsBeforeMin"": 30, ""NewsAfterMin"": 60, ""NewsCloseMode"": 0, ""DailyLossPct"": 8.0, ""MaxSpreadPts"": 25}"
160.45629825427022,160.45629825427022,2.9070666460479933,0.0,0.0,11952.039999939208,2516.253225577926,59.894537894675146,2788154.0,478977.0,2059.0,"{""EntryMode"": 0, ""EntryTFMin"": 1, ""GridSpacingPts"": 135, ""TP_Pips"": 14.0, ""MaxLayers"": 1, ""Ladder"": ""flat"", ""MaxHoldSec"": 60, ""StopPips"": 2.0, ""MaxBasketRiskPct"": 5.0, ""AddMinSec"": 60, ""Session"": ""allday_0123"", ""ZEntry"": 1.25, ""ZEmaBars"": 120, ""NewsBeforeMin"": 30, ""NewsAfterMin"": 60, ""NewsCloseMode"": 0, ""DailyLossPct"": 8.0, ""MaxSpreadPts"": 25}"
160.45629825427022,160.45629825427022,2.9070666460479933,0.0,0.0,11952.039999939208,2516.253225577926,59.894537894675146,2788154.0,478977.0,2059.0,"{""EntryMode"": 0, ""EntryTFMin"": 1, ""GridSpacingPts"": 140, ""TP_Pips"": 14.0, ""MaxLayers"": 1, ""Ladder"": ""flat"", ""MaxHoldSec"": 60, ""StopPips"": 2.0, ""MaxBasketRiskPct"": 5.0, ""AddMinSec"": 30, ""Session"": ""allday_0123"", ""ZEntry"": 1.0, ""ZEmaBars"": 120, ""NewsBeforeMin"": 30, ""NewsAfterMin"": 60, ""NewsCloseMode"": 0, ""DailyLossPct"": 3.0, ""MaxSpreadPts"": 25}"
160.45629825427022,160.45629825427022,2.9070666460479933,0.0,0.0,11952.039999939208,2516.253225577926,59.894537894675146,2788154.0,478977.0,2059.0,"{""EntryMode"": 0, ""EntryTFMin"": 1, ""GridSpacingPts"": 130, ""TP_Pips"": 14.0, ""MaxLayers"": 1, ""Ladder"": ""flat"", ""MaxHoldSec"": 60, ""StopPips"": 2.0, ""MaxBasketRiskPct"": 5.0, ""AddMinSec"": 60, ""Session"": ""allday_0123"", ""ZEntry"": 1.5, ""ZEmaBars"": 120, ""NewsBeforeMin"": 30, ""NewsAfterMin"": 60, ""NewsCloseMode"": 0, ""DailyLossPct"": 8.0, ""MaxSpreadPts"": 25}"
160.4212704730395,160.4212704730395,2.9039233858498332,0.0,0.0,11944.009999939937,2521.128423388641,59.88161781630241,2792895.0,480341.0,2288.0,"{""EntryMode"": 0, ""EntryTFMin"": 1, ""GridSpacingPts"": 145, ""TP_Pips"": 13.5, ""MaxLayers"": 1, ""Ladder"": ""flat"", ""MaxHoldSec"": 60, ""StopPips"": 2.0, ""MaxBasketRiskPct"": 5.0, ""AddMinSec"": 60, ""Session"": ""allday_0123"", ""ZEntry"": 1.25, ""ZEmaBars"": 120, ""NewsBeforeMin"": 15, ""NewsAfterMin"": 60, ""NewsCloseMode"": 0, ""DailyLossPct"": 8.0, ""MaxSpreadPts"": 25}"
160.4212704730395,160.4212704730395,2.9039233858498332,0.0,0.0,11944.009999939937,2521.128423388641,59.88161781630241,2792895.0,480341.0,2288.0,"{""EntryMode"": 0, ""EntryTFMin"": 1, ""GridSpacingPts"": 150, ""TP_Pips"": 13.5, ""MaxLayers"": 1, ""Ladder"": ""flat"", ""MaxHoldSec"": 60, ""StopPips"": 2.0, ""MaxBasketRiskPct"": 5.0, ""AddMinSec"": 60, ""Session"": ""allday_0123"", ""ZEntry"": 1.25, ""ZEmaBars"": 120, ""NewsBeforeMin"": 15, ""NewsAfterMin"": 60, ""NewsCloseMode"": 0, ""DailyLossPct"": 8.0, ""MaxSpreadPts"": 25}"
160.3897162647131,160.3897162647131,2.953420783912308,0.0,0.0,11936.779999940502,2506.7599054330954,59.91316456636676,2778191.0,476843.0,1822.0,"{""EntryMode"": 0, ""EntryTFMin"": 1, ""GridSpacingPts"": 130, ""TP_Pips"": 14.5, ""MaxLayers"": 1, ""Ladder"": ""flat"", ""MaxHoldSec"": 60, ""StopPips"": 2.0, ""MaxBasketRiskPct"": 5.0, ""AddMinSec"": 30, ""Session"": ""allday_0123"", ""ZEntry"": 1.0, ""ZEmaBars"": 30, ""NewsBeforeMin"": 60, ""NewsAfterMin"": 60, ""NewsCloseMode"": 0, ""DailyLossPct"": 3.0, ""MaxSpreadPts"": 25}"
160.3897162647131,160.3897162647131,2.953420783912308,0.0,0.0,11936.779999940502,2506.7599054330954,59.91316456636676,2778191.0,476843.0,1822.0,"{""EntryMode"": 0, ""EntryTFMin"": 1, ""GridSpacingPts"": 135, ""TP_Pips"": 14.5, ""MaxLayers"": 1, ""Ladder"": ""flat"", ""MaxHoldSec"": 60, ""StopPips"": 2.0, ""MaxBasketRiskPct"": 5.0, ""AddMinSec"": 30, ""Session"": ""allday_0123"", ""ZEntry"": 1.0, ""ZEmaBars"": 120, ""NewsBeforeMin"": 60, ""NewsAfterMin"": 60, ""NewsCloseMode"": 0, ""DailyLossPct"": 3.0, ""MaxSpreadPts"": 25}"
160.3897162647131,160.3897162647131,2.953420783912308,0.0,0.0,11936.779999940502,2506.7599054330954,59.91316456636676,2778191.0,476843.0,1822.0,"{""EntryMode"": 0, ""EntryTFMin"": 1, ""GridSpacingPts"": 130, ""TP_Pips"": 14.5, ""MaxLayers"": 1, ""Ladder"": ""flat"", ""MaxHoldSec"": 60, ""StopPips"": 2.0, ""MaxBasketRiskPct"": 5.0, ""AddMinSec"": 30, ""Session"": ""allday_0123"", ""ZEntry"": 1.0, ""ZEmaBars"": 120, ""NewsBeforeMin"": 60, ""NewsAfterMin"": 60, ""NewsCloseMode"": 0, ""DailyLossPct"": 3.0, ""MaxSpreadPts"": 25}"
160.3897162647131,160.3897162647131,2.953420783912308,0.0,0.0,11936.779999940502,2506.7599054330954,59.91316456636676,2778191.0,476843.0,1822.0,"{""EntryMode"": 0, ""EntryTFMin"": 1, ""GridSpacingPts"": 135, ""TP_Pips"": 14.5, ""MaxLayers"": 1, ""Ladder"": ""flat"", ""MaxHoldSec"": 60, ""StopPips"": 2.0, ""MaxBasketRiskPct"": 5.0, ""AddMinSec"": 30, ""Session"": ""allday_0123"", ""ZEntry"": 1.0, ""ZEmaBars"": 120, ""NewsBeforeMin"": 60, ""NewsAfterMin"": 60, ""NewsCloseMode"": 0, ""DailyLossPct"": 3.0, ""MaxSpreadPts"": 25}"
160.3897162647131,160.3897162647131,2.953420783912308,0.0,0.0,11936.779999940502,2506.7599054330954,59.91316456636676,2778191.0,476843.0,1822.0,"{""EntryMode"": 0, ""EntryTFMin"": 1, ""GridSpacingPts"": 130, ""TP_Pips"": 14.5, ""MaxLayers"": 1, ""Ladder"": ""flat"", ""MaxHoldSec"": 60, ""StopPips"": 2.0, ""MaxBasketRiskPct"": 5.0, ""AddMinSec"": 30, ""Session"": ""allday_0123"", ""ZEntry"": 1.0, ""ZEmaBars"": 120, ""NewsBeforeMin"": 60, ""NewsAfterMin"": 60, ""NewsCloseMode"": 0, ""DailyLossPct"": 3.0, ""MaxSpreadPts"": 25}"
160.35072156252676,160.35072156252676,2.046608903494745,0.0,0.0,11927.849999935801,1390.9114842617903,108.10962397205085,1321193.0,480212.0,5708.0,"{""EntryMode"": 0, ""EntryTFMin"": 1, ""GridSpacingPts"": 110, ""TP_Pips"": 12.5, ""MaxLayers"": 1, ""Ladder"": ""flat"", ""MaxHoldSec"": 120, ""StopPips"": 2.0, ""MaxBasketRiskPct"": 5.0, ""AddMinSec"": 60, ""Session"": ""allday_0123"", ""ZEntry"": 1.5, ""ZEmaBars"": 120, ""NewsBeforeMin"": 15, ""NewsAfterMin"": 60, ""NewsCloseMode"": 0, ""DailyLossPct"": 3.0, ""MaxSpreadPts"": 0}"
160.33696086098564,160.33696086098564,2.896541098527295,0.0,0.0,11924.699999940378,2516.253225577926,59.892790947574106,2787934.0,478972.0,2284.0,"{""EntryMode"": 0, ""EntryTFMin"": 1, ""GridSpacingPts"": 150, ""TP_Pips"": 13.5, ""MaxLayers"": 1, ""Ladder"": ""flat"", ""MaxHoldSec"": 60, ""StopPips"": 2.0, ""MaxBasketRiskPct"": 5.0, ""AddMinSec"": 30, ""Session"": ""allday_0123"", ""ZEntry"": 1.0, ""ZEmaBars"": 120, ""NewsBeforeMin"": 30, ""NewsAfterMin"": 60, ""NewsCloseMode"": 0, ""DailyLossPct"": 3.0, ""MaxSpreadPts"": 25}"
160.33696086098564,160.33696086098564,2.896541098527295,0.0,0.0,11924.699999940378,2516.253225577926,59.892790947574106,2787934.0,478972.0,2284.0,"{""EntryMode"": 0, ""EntryTFMin"": 1, ""GridSpacingPts"": 150, ""TP_Pips"": 13.5, ""MaxLayers"": 1, ""Ladder"": ""flat"", ""MaxHoldSec"": 60, ""StopPips"": 2.0, ""MaxBasketRiskPct"": 3.0, ""AddMinSec"": 60, ""Session"": ""allday_0123"", ""ZEntry"": 1.25, ""ZEmaBars"": 120, ""NewsBeforeMin"": 30, ""NewsAfterMin"": 60, ""NewsCloseMode"": 0, ""DailyLossPct"": 8.0, ""MaxSpreadPts"": 25}"
160.33696086098564,160.33696086098564,2.896541098527295,0.0,0.0,11924.699999940378,2516.253225577926,59.892790947574106,2787934.0,478972.0,2284.0,"{""EntryMode"": 0, ""EntryTFMin"": 1, ""GridSpacingPts"": 145, ""TP_Pips"": 13.5, ""MaxLayers"": 1, ""Ladder"": ""flat"", ""MaxHoldSec"": 60, ""StopPips"": 2.0, ""MaxBasketRiskPct"": 5.0, ""AddMinSec"": 30, ""Session"": ""allday_0123"", ""ZEntry"": 1.0, ""ZEmaBars"": 120, ""NewsBeforeMin"": 30, ""NewsAfterMin"": 60, ""NewsCloseMode"": 0, ""DailyLossPct"": 3.0, ""MaxSpreadPts"": 25}"
160.33696086098564,160.33696086098564,2.896541098527295,0.0,0.0,11924.699999940378,2516.253225577926,59.892790947574106,2787934.0,478972.0,2284.0,"{""EntryMode"": 0, ""EntryTFMin"": 1, ""GridSpacingPts"": 140, ""TP_Pips"": 13.5, ""MaxLayers"": 1, ""Ladder"": ""step2"", ""MaxHoldSec"": 60, ""StopPips"": 2.0, ""MaxBasketRiskPct"": 5.0, ""AddMinSec"": 30, ""Session"": ""allday_0123"", ""ZEntry"": 1.0, ""ZEmaBars"": 120, ""NewsBeforeMin"": 30, ""NewsAfterMin"": 60, ""NewsCloseMode"": 0, ""DailyLossPct"": 3.0, ""MaxSpreadPts"": 25}"
160.21911140802186,160.21911140802186,2.8883084959272756,0.0,0.0,11897.749999939877,2516.253225577926,59.89046957707936,2787625.0,478969.0,2596.0,"{""EntryMode"": 0, ""EntryTFMin"": 1, ""GridSpacingPts"": 150, ""TP_Pips"": 13.0, ""MaxLayers"": 1, ""Ladder"": ""flat"", ""MaxHoldSec"": 60, ""StopPips"": 2.0, ""MaxBasketRiskPct"": 5.0, ""AddMinSec"": 30, ""Session"": ""allday_0123"", ""ZEntry"": 1.0, ""ZEmaBars"": 120, ""NewsBeforeMin"": 30, ""NewsAfterMin"": 60, ""NewsCloseMode"": 0, ""DailyLossPct"": 3.0, ""MaxSpreadPts"": 25}"
160.168626731576,160.168626731576,2.05721150236412,0.0,0.0,11886.219999936526,1391.0785063528742,108.08167718346115,1320421.0,480363.0,6546.0,"{""EntryMode"": 0, ""EntryTFMin"": 1, ""GridSpacingPts"": 140, ""TP_Pips"": 12.0, ""MaxLayers"": 1, ""Ladder"": ""flat"", ""MaxHoldSec"": 120, ""StopPips"": 2.0, ""MaxBasketRiskPct"": 5.0, ""AddMinSec"": 60, ""Session"": ""allday_0123"", ""ZEntry"": 1.25, ""ZEmaBars"": 120, ""NewsBeforeMin"": 15, ""NewsAfterMin"": 60, ""NewsCloseMode"": 0, ""DailyLossPct"": 8.0, ""MaxSpreadPts"": 0}"
160.07201439438666,160.07201439438666,2.9219769972013654,0.0,0.0,11864.179999940696,2506.7599054330954,59.90737064605558,2777435.0,476833.0,2588.0,"{""EntryMode"": 0, ""EntryTFMin"": 1, ""GridSpacingPts"": 130, ""TP_Pips"": 13.0, ""MaxLayers"": 1, ""Ladder"": ""flat"", ""MaxHoldSec"": 60, ""StopPips"": 2.0, ""MaxBasketRiskPct"": 5.0, ""AddMinSec"": 30, ""Session"": ""allday_0123"", ""ZEntry"": 1.0, ""ZEmaBars"": 120, ""NewsBeforeMin"": 60, ""NewsAfterMin"": 60, ""NewsCloseMode"": 0, ""DailyLossPct"": 3.0, ""MaxSpreadPts"": 25}"
159.98874437698706,159.98874437698706,2.90213028712437,0.0,0.0,11845.209999941259,2516.253225577926,59.884657217597336,2786861.0,478951.0,3378.0,"{""EntryMode"": 0, ""EntryTFMin"": 1, ""GridSpacingPts"": 125, ""TP_Pips"": 12.0, ""MaxLayers"": 1, ""Ladder"": ""flat"", ""MaxHoldSec"": 60, ""StopPips"": 2.0, ""MaxBasketRiskPct"": 5.0, ""AddMinSec"": 60, ""Session"": ""allday_0123"", ""ZEntry"": 1.5, ""ZEmaBars"": 120, ""NewsBeforeMin"": 30, ""NewsAfterMin"": 60, ""NewsCloseMode"": 0, ""DailyLossPct"": 8.0, ""MaxSpreadPts"": 25}"
159.87184615579707,159.87184615579707,2.906617192330278,0.0,0.0,11818.61999994096,2521.128423388641,59.86981309635537,2791337.0,480314.0,3873.0,"{""EntryMode"": 0, ""EntryTFMin"": 1, ""GridSpacingPts"": 150, ""TP_Pips"": 11.5, ""MaxLayers"": 1, ""Ladder"": ""flat"", ""MaxHoldSec"": 60, ""StopPips"": 2.0, ""MaxBasketRiskPct"": 5.0, ""AddMinSec"": 60, ""Session"": ""allday_0123"", ""ZEntry"": 1.25, ""ZEmaBars"": 120, ""NewsBeforeMin"": 15, ""NewsAfterMin"": 60, ""NewsCloseMode"": 0, ""DailyLossPct"": 8.0, ""MaxSpreadPts"": 0}"
159.3593985069393,159.3593985069393,2.0059719776426395,0.0,0.0,11702.61999993839,1391.8004728111077,107.95859703512133,1317212.0,480946.0,10110.0,"{""EntryMode"": 0, ""EntryTFMin"": 1, ""GridSpacingPts"": 145, ""TP_Pips"": 10.5, ""MaxLayers"": 1, ""Ladder"": ""flat"", ""MaxHoldSec"": 120, ""StopPips"": 2.0, ""MaxBasketRiskPct"": 5.0, ""AddMinSec"": 60, ""Session"": ""allday_0123"", ""ZEntry"": 1.25, ""ZEmaBars"": 120, ""NewsBeforeMin"": 15, ""NewsAfterMin"": 60, ""NewsCloseMode"": 0, ""DailyLossPct"": 5.0, ""MaxSpreadPts"": 0}"
159.31796115786528,159.31796115786528,2.952724988219537,0.0,0.0,11693.27999994307,2506.7599054330954,59.88524047782898,2774798.0,476786.0,5272.0,"{""EntryMode"": 0, ""EntryTFMin"": 1, ""GridSpacingPts"": 150, ""TP_Pips"": 10.5, ""MaxLayers"": 1, ""Ladder"": ""flat"", ""MaxHoldSec"": 60, ""StopPips"": 2.0, ""MaxBasketRiskPct"": 5.0, ""AddMinSec"": 60, ""Session"": ""allday_0123"", ""ZEntry"": 1.25, ""ZEmaBars"": 120, ""NewsBeforeMin"": 60, ""NewsAfterMin"": 60, ""NewsCloseMode"": 0, ""DailyLossPct"": 8.0, ""MaxSpreadPts"": 0}"
159.30682091166557,159.30682091166557,2.005204347159801,0.0,0.0,11690.76999993953,1392.2076372635656,107.8443420438453,1315529.0,481296.0,11972.0,"{""EntryMode"": 0, ""EntryTFMin"": 1, ""GridSpacingPts"": 140, ""TP_Pips"": 10.0, ""MaxLayers"": 1, ""Ladder"": ""flat"", ""MaxHoldSec"": 120, ""StopPips"": 2.0, ""MaxBasketRiskPct"": 5.0, ""AddMinSec"": 60, ""Session"": ""allday_0123"", ""ZEntry"": 1.25, ""ZEmaBars"": 120, ""NewsBeforeMin"": 15, ""NewsAfterMin"": 60, ""NewsCloseMode"": 0, ""DailyLossPct"": 8.0, ""MaxSpreadPts"": 0}"
159.2771634425999,159.2771634425999,2.963430012609347,0.0,0.0,11684.08999994354,2506.7599054330954,59.85182508886824,2773765.0,476771.0,6320.0,"{""EntryMode"": 0, ""EntryTFMin"": 1, ""GridSpacingPts"": 135, ""TP_Pips"": 10.0, ""MaxLayers"": 1, ""Ladder"": ""flat"", ""MaxHoldSec"": 60, ""StopPips"": 2.0, ""MaxBasketRiskPct"": 5.0, ""AddMinSec"": 60, ""Session"": ""allday_0123"", ""ZEntry"": 1.25, ""ZEmaBars"": 120, ""NewsBeforeMin"": 60, ""NewsAfterMin"": 60, ""NewsCloseMode"": 0, ""DailyLossPct"": 8.0, ""MaxSpreadPts"": 0}"
158.95351408463955,158.95351408463955,2.9585333228411024,0.0,0.0,11611.389999945572,2506.7599054330954,59.84341283854299,2772672.0,476759.0,7425.0,"{""EntryMode"": 0, ""EntryTFMin"": 1, ""GridSpacingPts"": 145, ""TP_Pips"": 9.5, ""MaxLayers"": 1, ""Ladder"": ""flat"", ""MaxHoldSec"": 60, ""StopPips"": 2.0, ""MaxBasketRiskPct"": 5.0, ""AddMinSec"": 60, ""Session"": ""allday_0123"", ""ZEntry"": 1.25, ""ZEmaBars"": 120, ""NewsBeforeMin"": 60, ""NewsAfterMin"": 60, ""NewsCloseMode"": 0, ""DailyLossPct"": 8.0, ""MaxSpreadPts"": 25}"
154.8697120882846,154.8697120882846,3.0488974113130403,0.0,0.0,10724.739999960972,699.0328627221957,218.20739285042464,482635.0,417896.0,7673.0,"{""EntryMode"": 0, ""EntryTFMin"": 1, ""GridSpacingPts"": 150, ""TP_Pips"": 15.0, ""MaxLayers"": 4, ""Ladder"": ""flat"", ""MaxHoldSec"": 300, ""StopPips"": 2.0, ""MaxBasketRiskPct"": 5.0, ""AddMinSec"": 60, ""Session"": ""allday_0123"", ""ZEntry"": 1.75, ""ZEmaBars"": 120, ""NewsBeforeMin"": 15, ""NewsAfterMin"": 15, ""NewsCloseMode"": 2, ""DailyLossPct"": 8.0, ""MaxSpreadPts"": 25}"
154.8697120882846,154.8697120882846,3.0488974113130403,0.0,0.0,10724.739999960972,699.0328627221957,218.20739285042464,482635.0,417896.0,7673.0,"{""EntryMode"": 0, ""EntryTFMin"": 1, ""GridSpacingPts"": 145, ""TP_Pips"": 15.0, ""MaxLayers"": 5, ""Ladder"": ""flat"", ""MaxHoldSec"": 300, ""StopPips"": 2.0, ""MaxBasketRiskPct"": 5.0, ""AddMinSec"": 60, ""Session"": ""allday_0123"", ""ZEntry"": 1.75, ""ZEmaBars"": 120, ""NewsBeforeMin"": 15, ""NewsAfterMin"": 15, ""NewsCloseMode"": 2, ""DailyLossPct"": 8.0, ""MaxSpreadPts"": 0}"
154.60321424798806,154.60321424798806,3.0532885261636964,0.0,0.0,10668.819999962749,699.5339289954471,218.00757024363435,481921.0,418391.0,8543.0,"{""EntryMode"": 0, ""EntryTFMin"": 1, ""GridSpacingPts"": 145, ""TP_Pips"": 14.5, ""MaxLayers"": 4, ""Ladder"": ""flat"", ""MaxHoldSec"": 300, ""StopPips"": 2.0, ""MaxBasketRiskPct"": 5.0, ""AddMinSec"": 60, ""Session"": ""allday_0123"", ""ZEntry"": 1.75, ""ZEmaBars"": 120, ""NewsBeforeMin"": 15, ""NewsAfterMin"": 15, ""NewsCloseMode"": 2, ""DailyLossPct"": 8.0, ""MaxSpreadPts"": 0}"
154.60321424798806,154.60321424798806,3.0532885261636964,0.0,0.0,10668.819999962749,699.5339289954471,218.00757024363435,481921.0,418391.0,8543.0,"{""EntryMode"": 0, ""EntryTFMin"": 1, ""GridSpacingPts"": 140, ""TP_Pips"": 14.5, ""MaxLayers"": 6, ""Ladder"": ""flat"", ""MaxHoldSec"": 300, ""StopPips"": 2.0, ""MaxBasketRiskPct"": 5.0, ""AddMinSec"": 60, ""Session"": ""allday_0123"", ""ZEntry"": 1.75, ""ZEmaBars"": 120, ""NewsBeforeMin"": 15, ""NewsAfterMin"": 15, ""NewsCloseMode"": 2, ""DailyLossPct"": 8.0, ""MaxSpreadPts"": 0}"
154.45547456910518,154.45547456910518,2.405827662225069,0.0,0.0,10637.91999996105,700.436002224711,217.80090175774018,481263.0,419121.0,9643.0,"{""EntryMode"": 0, ""EntryTFMin"": 1, ""GridSpacingPts"": 150, ""TP_Pips"": 14.0, ""MaxLayers"": 1, ""Ladder"": ""flat"", ""MaxHoldSec"": 300, ""StopPips"": 2.0, ""MaxBasketRiskPct"": 5.0, ""AddMinSec"": 60, ""Session"": ""allday_0123"", ""ZEntry"": 1.25, ""ZEmaBars"": 120, ""NewsBeforeMin"": 15, ""NewsAfterMin"": 15, ""NewsCloseMode"": 0, ""DailyLossPct"": 8.0, ""MaxSpreadPts"": 0}"
154.30033789410896,154.30033789410896,3.0488974113130403,0.0,0.0,10605.5499999642,696.2373593359442,218.68795025720044,482083.0,415094.0,7395.0,"{""EntryMode"": 0, ""EntryTFMin"": 1, ""GridSpacingPts"": 140, ""TP_Pips"": 15.0, ""MaxLayers"": 3, ""Ladder"": ""flat"", ""MaxHoldSec"": 300, ""StopPips"": 2.0, ""MaxBasketRiskPct"": 5.0, ""AddMinSec"": 60, ""Session"": ""allday_0123"", ""ZEntry"": 1.75, ""ZEmaBars"": 120, ""NewsBeforeMin"": 15, ""NewsAfterMin"": 30, ""NewsCloseMode"": 2, ""DailyLossPct"": 8.0, ""MaxSpreadPts"": 0}"
153.5358272848728,153.5358272848728,3.0488974113130403,0.0,0.0,10447.179999966564,692.1426241996951,219.278976687074,480981.0,411174.0,7097.0,"{""EntryMode"": 0, ""EntryTFMin"": 1, ""GridSpacingPts"": 145, ""TP_Pips"": 15.0, ""MaxLayers"": 2, ""Ladder"": ""flat"", ""MaxHoldSec"": 300, ""StopPips"": 2.0, ""MaxBasketRiskPct"": 5.0, ""AddMinSec"": 60, ""Session"": ""allday_0123"", ""ZEntry"": 1.5, ""ZEmaBars"": 120, ""NewsBeforeMin"": 15, ""NewsAfterMin"": 60, ""NewsCloseMode"": 2, ""DailyLossPct"": 8.0, ""MaxSpreadPts"": 0}"
153.5358272848728,153.5358272848728,3.0488974113130403,0.0,0.0,10447.179999966564,692.1426241996951,219.278976687074,480981.0,411174.0,7097.0,"{""EntryMode"": 0, ""EntryTFMin"": 1, ""GridSpacingPts"": 145, ""TP_Pips"": 15.0, ""MaxLayers"": 3, ""Ladder"": ""flat"", ""MaxHoldSec"": 300, ""StopPips"": 2.0, ""MaxBasketRiskPct"": 5.0, ""AddMinSec"": 60, ""Session"": ""allday_0123"", ""ZEntry"": 1.75, ""ZEmaBars"": 120, ""NewsBeforeMin"": 15, ""NewsAfterMin"": 60, ""NewsCloseMode"": 2, ""DailyLossPct"": 8.0, ""MaxSpreadPts"": 0}"
153.5296105972796,153.5296105972796,3.0488974113130403,0.0,0.0,10445.89999996659,692.3619850105656,219.31860292232477,481193.0,411246.0,7098.0,"{""EntryMode"": 0, ""EntryTFMin"": 1, ""GridSpacingPts"": 145, ""TP_Pips"": 15.0, ""MaxLayers"": 1, ""Ladder"": ""flat"", ""MaxHoldSec"": 300, ""StopPips"": 2.0, ""MaxBasketRiskPct"": 1.0, ""AddMinSec"": 15, ""Session"": ""allday_0123"", ""ZEntry"": 1.5, ""ZEmaBars"": 120, ""NewsBeforeMin"": 15, ""NewsAfterMin"": 60, ""NewsCloseMode"": 0, ""DailyLossPct"": 8.0, ""MaxSpreadPts"": 25}"
153.5296105972796,153.5296105972796,3.0488974113130403,0.0,0.0,10445.89999996659,692.3619850105656,219.31860292232477,481193.0,411246.0,7098.0,"{""EntryMode"": 0, ""EntryTFMin"": 1, ""GridSpacingPts"": 140, ""TP_Pips"": 15.0, ""MaxLayers"": 1, ""Ladder"": ""step2"", ""MaxHoldSec"": 300, ""StopPips"": 2.0, ""MaxBasketRiskPct"": 2.0, ""AddMinSec"": 60, ""Session"": ""allday_0123"", ""ZEntry"": 1.5, ""ZEmaBars"": 120, ""NewsBeforeMin"": 15, ""NewsAfterMin"": 60, ""NewsCloseMode"": 0, ""DailyLossPct"": 8.0, ""MaxSpreadPts"": 0}"
153.5296105972796,153.5296105972796,3.0488974113130403,0.0,0.0,10445.89999996659,692.3619850105656,219.31860292232477,481193.0,411246.0,7098.0,"{""EntryMode"": 0, ""EntryTFMin"": 1, ""GridSpacingPts"": 135, ""TP_Pips"": 15.0, ""MaxLayers"": 1, ""Ladder"": ""step2"", ""MaxHoldSec"": 300, ""StopPips"": 2.0, ""MaxBasketRiskPct"": 2.0, ""AddMinSec"": 60, ""Session"": ""allday_0123"", ""ZEntry"": 1.75, ""ZEmaBars"": 120, ""NewsBeforeMin"": 15, ""NewsAfterMin"": 60, ""NewsCloseMode"": 0, ""DailyLossPct"": 8.0, ""MaxSpreadPts"": 0}"
153.5296105972796,153.5296105972796,3.0488974113130403,0.0,0.0,10445.89999996659,692.3619850105656,219.31860292232477,481193.0,411246.0,7098.0,"{""EntryMode"": 0, ""EntryTFMin"": 1, ""GridSpacingPts"": 135, ""TP_Pips"": 15.0, ""MaxLayers"": 1, ""Ladder"": ""step2"", ""MaxHoldSec"": 300, ""StopPips"": 2.0, ""MaxBasketRiskPct"": 1.0, ""AddMinSec"": 15, ""Session"": ""allday_0123"", ""ZEntry"": 1.5, ""ZEmaBars"": 60, ""NewsBeforeMin"": 15, ""NewsAfterMin"": 60, ""NewsCloseMode"": 0, ""DailyLossPct"": 8.0, ""MaxSpreadPts"": 25}"
153.5296105972796,153.5296105972796,3.0488974113130403,0.0,0.0,10445.89999996659,692.3619850105656,219.31860292232477,481193.0,411246.0,7098.0,"{""EntryMode"": 0, ""EntryTFMin"": 1, ""GridSpacingPts"": 145, ""TP_Pips"": 15.0, ""MaxLayers"": 1, ""Ladder"": ""step2"", ""MaxHoldSec"": 300, ""StopPips"": 2.0, ""MaxBasketRiskPct"": 2.0, ""AddMinSec"": 60, ""Session"": ""allday_0123"", ""ZEntry"": 1.25, ""ZEmaBars"": 120, ""NewsBeforeMin"": 15, ""NewsAfterMin"": 60, ""NewsCloseMode"": 0, ""DailyLossPct"": 8.0, ""MaxSpreadPts"": 0}"
153.5296105972796,153.5296105972796,3.0488974113130403,0.0,0.0,10445.89999996659,692.3619850105656,219.31860292232477,481193.0,411246.0,7098.0,"{""EntryMode"": 0, ""EntryTFMin"": 1, ""GridSpacingPts"": 135, ""TP_Pips"": 15.0, ""MaxLayers"": 1, ""Ladder"": ""step2"", ""MaxHoldSec"": 300, ""StopPips"": 2.0, ""MaxBasketRiskPct"": 1.0, ""AddMinSec"": 15, ""Session"": ""allday_0123"", ""ZEntry"": 1.25, ""ZEmaBars"": 60, ""NewsBeforeMin"": 15, ""NewsAfterMin"": 60, ""NewsCloseMode"": 0, ""DailyLossPct"": 8.0, ""MaxSpreadPts"": 25}"
153.46852838673746,153.46852838673746,3.0488974113130403,0.0,0.0,10433.329999967298,690.9011189788737,219.397274743715,480401.0,410151.0,7087.0,"{""EntryMode"": 0, ""EntryTFMin"": 1, ""GridSpacingPts"": 135, ""TP_Pips"": 15.0, ""MaxLayers"": 1, ""Ladder"": ""step2"", ""MaxHoldSec"": 300, ""StopPips"": 2.0, ""MaxBasketRiskPct"": 1.0, ""AddMinSec"": 15, ""Session"": ""allday_0123"", ""ZEntry"": 1.25, ""ZEmaBars"": 60, ""NewsBeforeMin"": 30, ""NewsAfterMin"": 60, ""NewsCloseMode"": 0, ""DailyLossPct"": 8.0, ""MaxSpreadPts"": 25}"
153.25381260113687,153.25381260113687,3.0532885261636964,0.0,0.0,10389.239999968582,692.8137913122532,219.1346441624601,480516.0,411694.0,7914.0,"{""EntryMode"": 0, ""EntryTFMin"": 1, ""GridSpacingPts"": 150, ""TP_Pips"": 14.5, ""MaxLayers"": 1, ""Ladder"": ""flat"", ""MaxHoldSec"": 300, ""StopPips"": 2.0, ""MaxBasketRiskPct"": 5.0, ""AddMinSec"": 60, ""Session"": ""allday_0123"", ""ZEntry"": 1.5, ""ZEmaBars"": 120, ""NewsBeforeMin"": 15, ""NewsAfterMin"": 60, ""NewsCloseMode"": 0, ""DailyLossPct"": 8.0, ""MaxSpreadPts"": 25}"
153.25381260113687,153.25381260113687,3.0532885261636964,0.0,0.0,10389.239999968582,692.8137913122532,219.1346441624601,480516.0,411694.0,7914.0,"{""EntryMode"": 0, ""EntryTFMin"": 1, ""GridSpacingPts"": 125, ""TP_Pips"": 14.5, ""MaxLayers"": 2, ""Ladder"": ""step2"", ""MaxHoldSec"": 300, ""StopPips"": 2.0, ""MaxBasketRiskPct"": 2.0, ""AddMinSec"": 60, ""Session"": ""allday_0123"", ""ZEntry"": 1.75, ""ZEmaBars"": 120, ""NewsBeforeMin"": 15, ""NewsAfterMin"": 60, ""NewsCloseMode"": 0, ""DailyLossPct"": 8.0, ""MaxSpreadPts"": 0}"
153.25381260113687,153.25381260113687,3.0532885261636964,0.0,0.0,10389.239999968582,692.8137913122532,219.1346441624601,480516.0,411694.0,7914.0,"{""EntryMode"": 0, ""EntryTFMin"": 1, ""GridSpacingPts"": 140, ""TP_Pips"": 14.5, ""MaxLayers"": 1, ""Ladder"": ""flat"", ""MaxHoldSec"": 300, ""StopPips"": 2.0, ""MaxBasketRiskPct"": 5.0, ""AddMinSec"": 60, ""Session"": ""allday_0123"", ""ZEntry"": 1.0, ""ZEmaBars"": 120, ""NewsBeforeMin"": 15, ""NewsAfterMin"": 60, ""NewsCloseMode"": 0, ""DailyLossPct"": 8.0, ""MaxSpreadPts"": 0}"
153.25381260113687,153.25381260113687,3.0532885261636964,0.0,0.0,10389.239999968582,692.8137913122532,219.1346441624601,480516.0,411694.0,7914.0,"{""EntryMode"": 0, ""EntryTFMin"": 1, ""GridSpacingPts"": 145, ""TP_Pips"": 14.5, ""MaxLayers"": 1, ""Ladder"": ""flat"", ""MaxHoldSec"": 300, ""StopPips"": 2.0, ""MaxBasketRiskPct"": 5.0, ""AddMinSec"": 60, ""Session"": ""allday_0123"", ""ZEntry"": 1.5, ""ZEmaBars"": 120, ""NewsBeforeMin"": 15, ""NewsAfterMin"": 60, ""NewsCloseMode"": 0, ""DailyLossPct"": 8.0, ""MaxSpreadPts"": 25}"
153.17444334725712,153.17444334725712,2.405827662225069,0.0,0.0,10372.97999996721,693.3987534745745,218.90030897196394,479653.0,412273.0,8958.0,"{""EntryMode"": 0, ""EntryTFMin"": 1, ""GridSpacingPts"": 135, ""TP_Pips"": 14.0, ""MaxLayers"": 1, ""Ladder"": ""step2"", ""MaxHoldSec"": 300, ""StopPips"": 2.0, ""MaxBasketRiskPct"": 5.0, ""AddMinSec"": 60, ""Session"": ""allday_0123"", ""ZEntry"": 1.0, ""ZEmaBars"": 120, ""NewsBeforeMin"": 15, ""NewsAfterMin"": 60, ""NewsCloseMode"": 0, ""DailyLossPct"": 8.0, ""MaxSpreadPts"": 0}"
153.01584651366417,153.01584651366417,3.0532885261636964,0.0,0.0,10340.549999969971,688.7144380536698,219.27860069442306,478064.0,408853.0,7881.0,"{""EntryMode"": 0, ""EntryTFMin"": 1, ""GridSpacingPts"": 120, ""TP_Pips"": 14.5, ""MaxLayers"": 1, ""Ladder"": ""flat"", ""MaxHoldSec"": 300, ""StopPips"": 2.0, ""MaxBasketRiskPct"": 5.0, ""AddMinSec"": 30, ""Session"": ""allday_0123"", ""ZEntry"": 1.25, ""ZEmaBars"": 30, ""NewsBeforeMin"": 60, ""NewsAfterMin"": 60, ""NewsCloseMode"": 0, ""DailyLossPct"": 3.0, ""MaxSpreadPts"": 25}"
152.9482378074499,152.9482378074499,2.4104484778636377,0.0,0.0,10326.749999971636,693.7497307719673,218.6284630150714,478558.0,412739.0,10043.0,"{""EntryMode"": 0, ""EntryTFMin"": 1, ""GridSpacingPts"": 140, ""TP_Pips"": 13.5, ""MaxLayers"": 2, ""Ladder"": ""flat"", ""MaxHoldSec"": 300, ""StopPips"": 2.0, ""MaxBasketRiskPct"": 5.0, ""AddMinSec"": 60, ""Session"": ""allday_0123"", ""ZEntry"": 1.5, ""ZEmaBars"": 120, ""NewsBeforeMin"": 15, ""NewsAfterMin"": 60, ""NewsCloseMode"": 2, ""DailyLossPct"": 8.0, ""MaxSpreadPts"": 0}"
152.9482378074499,152.9482378074499,2.4104484778636377,0.0,0.0,10326.749999971636,693.7497307719673,218.6284630150714,478558.0,412739.0,10043.0,"{""EntryMode"": 0, ""EntryTFMin"": 1, ""GridSpacingPts"": 150, ""TP_Pips"": 13.5, ""MaxLayers"": 2, ""Ladder"": ""flat"", ""MaxHoldSec"": 300, ""StopPips"": 2.0, ""MaxBasketRiskPct"": 5.0, ""AddMinSec"": 60, ""Session"": ""allday_0123"", ""ZEntry"": 1.5, ""ZEmaBars"": 120, ""NewsBeforeMin"": 15, ""NewsAfterMin"": 60, ""NewsCloseMode"": 2, ""DailyLossPct"": 8.0, ""MaxSpreadPts"": 0}"
152.9482378074499,152.9482378074499,2.4104484778636377,0.0,0.0,10326.749999971636,693.7497307719673,218.6284630150714,478558.0,412739.0,10043.0,"{""EntryMode"": 0, ""EntryTFMin"": 1, ""GridSpacingPts"": 140, ""TP_Pips"": 13.5, ""MaxLayers"": 3, ""Ladder"": ""flat"", ""MaxHoldSec"": 300, ""StopPips"": 2.0, ""MaxBasketRiskPct"": 5.0, ""AddMinSec"": 60, ""Session"": ""allday_0123"", ""ZEntry"": 1.5, ""ZEmaBars"": 120, ""NewsBeforeMin"": 15, ""NewsAfterMin"": 60, ""NewsCloseMode"": 2, ""DailyLossPct"": 8.0, ""MaxSpreadPts"": 0}"
152.94372799140282,152.94372799140282,2.4104484778636377,0.0,0.0,10325.829999971633,693.9683218957821,218.66780590735632,478767.0,412811.0,10046.0,"{""EntryMode"": 0, ""EntryTFMin"": 1, ""GridSpacingPts"": 150, ""TP_Pips"": 13.5, ""MaxLayers"": 1, ""Ladder"": ""flat"", ""MaxHoldSec"": 300, ""StopPips"": 2.0, ""MaxBasketRiskPct"": 5.0, ""AddMinSec"": 60, ""Session"": ""allday_0123"", ""ZEntry"": 1.0, ""ZEmaBars"": 30, ""NewsBeforeMin"": 15, ""NewsAfterMin"": 60, ""NewsCloseMode"": 0, ""DailyLossPct"": 8.0, ""MaxSpreadPts"": 0}"
152.94372799140282,152.94372799140282,2.4104484778636377,0.0,0.0,10325.829999971633,693.9683218957821,218.66780590735632,478767.0,412811.0,10046.0,"{""EntryMode"": 0, ""EntryTFMin"": 1, ""GridSpacingPts"": 120, ""TP_Pips"": 13.5, ""MaxLayers"": 1, ""Ladder"": ""step2"", ""MaxHoldSec"": 300, ""StopPips"": 2.0, ""MaxBasketRiskPct"": 5.0, ""AddMinSec"": 60, ""Session"": ""allday_0123"", ""ZEntry"": 1.0, ""ZEmaBars"": 120, ""NewsBeforeMin"": 15, ""NewsAfterMin"": 60, ""NewsCloseMode"": 0, ""DailyLossPct"": 8.0, ""MaxSpreadPts"": 0}"
152.94372799140282,152.94372799140282,2.4104484778636377,0.0,0.0,10325.829999971633,693.9683218957821,218.66780590735632,478767.0,412811.0,10046.0,"{""EntryMode"": 0, ""EntryTFMin"": 1, ""GridSpacingPts"": 145, ""TP_Pips"": 13.5, ""MaxLayers"": 1, ""Ladder"": ""flat"", ""MaxHoldSec"": 300, ""StopPips"": 2.0, ""MaxBasketRiskPct"": 5.0, ""AddMinSec"": 60, ""Session"": ""allday_0123"", ""ZEntry"": 1.25, ""ZEmaBars"": 120, ""NewsBeforeMin"": 15, ""NewsAfterMin"": 60, ""NewsCloseMode"": 0, ""DailyLossPct"": 8.0, ""MaxSpreadPts"": 25}"
152.94372799140282,152.94372799140282,2.4104484778636377,0.0,0.0,10325.829999971633,693.9683218957821,218.66780590735632,478767.0,412811.0,10046.0,"{""EntryMode"": 0, ""EntryTFMin"": 1, ""GridSpacingPts"": 140, ""TP_Pips"": 13.5, ""MaxLayers"": 1, ""Ladder"": ""step2"", ""MaxHoldSec"": 300, ""StopPips"": 2.0, ""MaxBasketRiskPct"": 1.0, ""AddMinSec"": 15, ""Session"": ""allday_0123"", ""ZEntry"": 1.25, ""ZEmaBars"": 60, ""NewsBeforeMin"": 15, ""NewsAfterMin"": 60, ""NewsCloseMode"": 0, ""DailyLossPct"": 8.0, ""MaxSpreadPts"": 25}"
152.94372799140282,152.94372799140282,2.4104484778636377,0.0,0.0,10325.829999971633,693.9683218957821,218.66780590735632,478767.0,412811.0,10046.0,"{""EntryMode"": 0, ""EntryTFMin"": 1, ""GridSpacingPts"": 145, ""TP_Pips"": 13.5, ""MaxLayers"": 1, ""Ladder"": ""flat"", ""MaxHoldSec"": 300, ""StopPips"": 2.0, ""MaxBasketRiskPct"": 5.0, ""AddMinSec"": 60, ""Session"": ""allday_0123"", ""ZEntry"": 1.25, ""ZEmaBars"": 120, ""NewsBeforeMin"": 15, ""NewsAfterMin"": 60, ""NewsCloseMode"": 0, ""DailyLossPct"": 8.0, ""MaxSpreadPts"": 0}"
152.9143573061261,152.9143573061261,2.4150870778402953,0.0,0.0,10319.839999969292,694.7741842430853,218.34601637928733,477644.0,413593.0,11434.0,"{""EntryMode"": 0, ""EntryTFMin"": 1, ""GridSpacingPts"": 145, ""TP_Pips"": 13.0, ""MaxLayers"": 1, ""Ladder"": ""flat"", ""MaxHoldSec"": 300, ""StopPips"": 2.0, ""MaxBasketRiskPct"": 5.0, ""AddMinSec"": 60, ""Session"": ""allday_0123"", ""ZEntry"": 1.5, ""ZEmaBars"": 120, ""NewsBeforeMin"": 15, ""NewsAfterMin"": 60, ""NewsCloseMode"": 0, ""DailyLossPct"": 8.0, ""MaxSpreadPts"": 0}"
152.9143573061261,152.9143573061261,2.4150870778402953,0.0,0.0,10319.839999969292,694.7741842430853,218.34601637928733,477644.0,413593.0,11434.0,"{""EntryMode"": 0, ""EntryTFMin"": 1, ""GridSpacingPts"": 135, ""TP_Pips"": 13.0, ""MaxLayers"": 1, ""Ladder"": ""step2"", ""MaxHoldSec"": 300, ""StopPips"": 2.0, ""MaxBasketRiskPct"": 5.0, ""AddMinSec"": 60, ""Session"": ""allday_0123"", ""ZEntry"": 1.0, ""ZEmaBars"": 120, ""NewsBeforeMin"": 15, ""NewsAfterMin"": 60, ""NewsCloseMode"": 0, ""DailyLossPct"": 8.0, ""MaxSpreadPts"": 0}"
152.9143573061261,152.9143573061261,2.4150870778402953,0.0,0.0,10319.839999969292,694.7741842430853,218.34601637928733,477644.0,413593.0,11434.0,"{""EntryMode"": 0, ""EntryTFMin"": 1, ""GridSpacingPts"": 150, ""TP_Pips"": 13.0, ""MaxLayers"": 1, ""Ladder"": ""flat"", ""MaxHoldSec"": 300, ""StopPips"": 2.0, ""MaxBasketRiskPct"": 5.0, ""AddMinSec"": 60, ""Session"": ""allday_0123"", ""ZEntry"": 1.25, ""ZEmaBars"": 120, ""NewsBeforeMin"": 15, ""NewsAfterMin"": 60, ""NewsCloseMode"": 0, ""DailyLossPct"": 8.0, ""MaxSpreadPts"": 25}"
152.9143573061261,152.9143573061261,2.4150870778402953,0.0,0.0,10319.839999969292,694.7741842430853,218.34601637928733,477644.0,413593.0,11434.0,"{""EntryMode"": 0, ""EntryTFMin"": 1, ""GridSpacingPts"": 145, ""TP_Pips"": 13.0, ""MaxLayers"": 1, ""Ladder"": ""flat"", ""MaxHoldSec"": 300, ""StopPips"": 2.0, ""MaxBasketRiskPct"": 5.0, ""AddMinSec"": 60, ""Session"": ""allday_0123"", ""ZEntry"": 1.25, ""ZEmaBars"": 120, ""NewsBeforeMin"": 15, ""NewsAfterMin"": 60, ""NewsCloseMode"": 0, ""DailyLossPct"": 8.0, ""MaxSpreadPts"": 0}"
152.9143573061261,152.9143573061261,2.4150870778402953,0.0,0.0,10319.839999969292,694.7741842430853,218.34601637928733,477644.0,413593.0,11434.0,"{""EntryMode"": 0, ""EntryTFMin"": 1, ""GridSpacingPts"": 145, ""TP_Pips"": 13.0, ""MaxLayers"": 1, ""Ladder"": ""flat"", ""MaxHoldSec"": 300, ""StopPips"": 2.0, ""MaxBasketRiskPct"": 5.0, ""AddMinSec"": 60, ""Session"": ""allday_0123"", ""ZEntry"": 1.5, ""ZEmaBars"": 120, ""NewsBeforeMin"": 15, ""NewsAfterMin"": 60, ""NewsCloseMode"": 0, ""DailyLossPct"": 8.0, ""MaxSpreadPts"": 0}"
152.58687629611322,152.58687629611322,2.4197435650240116,0.0,0.0,10253.239999972697,695.6639424794582,217.99097197371427,476412.0,414460.0,12955.0,"{""EntryMode"": 0, ""EntryTFMin"": 1, ""GridSpacingPts"": 145, ""TP_Pips"": 12.5, ""MaxLayers"": 1, ""Ladder"": ""flat"", ""MaxHoldSec"": 300, ""StopPips"": 2.0, ""MaxBasketRiskPct"": 5.0, ""AddMinSec"": 60, ""Session"": ""allday_0123"", ""ZEntry"": 1.0, ""ZEmaBars"": 120, ""NewsBeforeMin"": 15, ""NewsAfterMin"": 60, ""NewsCloseMode"": 0, ""DailyLossPct"": 8.0, ""MaxSpreadPts"": 0}"
152.58687629611322,152.58687629611322,2.4197435650240116,0.0,0.0,10253.239999972697,695.6639424794582,217.99097197371427,476412.0,414460.0,12955.0,"{""EntryMode"": 0, ""EntryTFMin"": 1, ""GridSpacingPts"": 145, ""TP_Pips"": 12.5, ""MaxLayers"": 1, ""Ladder"": ""flat"", ""MaxHoldSec"": 300, ""StopPips"": 2.0, ""MaxBasketRiskPct"": 5.0, ""AddMinSec"": 60, ""Session"": ""allday_0123"", ""ZEntry"": 1.0, ""ZEmaBars"": 120, ""NewsBeforeMin"": 15, ""NewsAfterMin"": 60, ""NewsCloseMode"": 0, ""DailyLossPct"": 8.0, ""MaxSpreadPts"": 0}"
152.48449819148303,152.48449819148303,2.4244180430787363,0.0,0.0,10232.489999972993,696.6830081411864,217.57875959738786,474913.0,415404.0,14834.0,"{""EntryMode"": 0, ""EntryTFMin"": 1, ""GridSpacingPts"": 145, ""TP_Pips"": 12.0, ""MaxLayers"": 1, ""Ladder"": ""flat"", ""MaxHoldSec"": 300, ""StopPips"": 2.0, ""MaxBasketRiskPct"": 5.0, ""AddMinSec"": 60, ""Session"": ""allday_0123"", ""ZEntry"": 1.25, ""ZEmaBars"": 120, ""NewsBeforeMin"": 15, ""NewsAfterMin"": 60, ""NewsCloseMode"": 0, ""DailyLossPct"": 8.0, ""MaxSpreadPts"": 0}"
152.03722403266835,152.03722403266835,2.429110616470927,0.0,0.0,10142.229999975412,697.8129087389334,217.1289519636672,473353.0,416441.0,16825.0,"{""EntryMode"": 0, ""EntryTFMin"": 1, ""GridSpacingPts"": 150, ""TP_Pips"": 11.5, ""MaxLayers"": 1, ""Ladder"": ""flat"", ""MaxHoldSec"": 300, ""StopPips"": 2.0, ""MaxBasketRiskPct"": 5.0, ""AddMinSec"": 60, ""Session"": ""allday_0123"", ""ZEntry"": 1.0, ""ZEmaBars"": 120, ""NewsBeforeMin"": 15, ""NewsAfterMin"": 60, ""NewsCloseMode"": 0, ""DailyLossPct"": 8.0, ""MaxSpreadPts"": 0}"
143.51059511897085,143.51059511897085,3.3221315410465952,0.0,0.0,8539.720000035844,441.0560825808826,346.59171540325406,216724.0,342454.0,13855.0,"{""EntryMode"": 0, ""EntryTFMin"": 1, ""GridSpacingPts"": 130, ""TP_Pips"": 14.5, ""MaxLayers"": 1, ""Ladder"": ""flat"", ""MaxHoldSec"": 600, ""StopPips"": 2.0, ""MaxBasketRiskPct"": 5.0, ""AddMinSec"": 60, ""Session"": ""allday_0123"", ""ZEntry"": 1.25, ""ZEmaBars"": 90, ""NewsBeforeMin"": 15, ""NewsAfterMin"": 60, ""NewsCloseMode"": 0, ""DailyLossPct"": 3.0, ""MaxSpreadPts"": 0}"
137.97103983615574,137.97103983615574,2.943432406519545,0.0,0.0,7612.1000000439535,348.75213211480167,439.3325797280391,133539.0,303153.0,16417.0,"{""EntryMode"": 0, ""EntryTFMin"": 1, ""GridSpacingPts"": 130, ""TP_Pips"": 15.0, ""MaxLayers"": 1, ""Ladder"": ""flat"", ""MaxHoldSec"": 900, ""StopPips"": 2.0, ""MaxBasketRiskPct"": 5.0, ""AddMinSec"": 15, ""Session"": ""allday_0123"", ""ZEntry"": 1.5, ""ZEmaBars"": 120, ""NewsBeforeMin"": 30, ""NewsAfterMin"": 60, ""NewsCloseMode"": 0, ""DailyLossPct"": 3.0, ""MaxSpreadPts"": 0}"
137.51711821050696,137.51711821050696,2.3003929838012067,0.0,0.0,7539.82000004303,353.2347895271166,433.52350316578173,131399.0,307800.0,19734.0,"{""EntryMode"": 0, ""EntryTFMin"": 1, ""GridSpacingPts"": 150, ""TP_Pips"": 14.0, ""MaxLayers"": 2, ""Ladder"": ""flat"", ""MaxHoldSec"": 900, ""StopPips"": 2.0, ""MaxBasketRiskPct"": 5.0, ""AddMinSec"": 60, ""Session"": ""allday_0123"", ""ZEntry"": 1.5, ""ZEmaBars"": 120, ""NewsBeforeMin"": 15, ""NewsAfterMin"": 60, ""NewsCloseMode"": 2, ""DailyLossPct"": 8.0, ""MaxSpreadPts"": 0}"
133.7562832685646,133.7562832685646,2.9744476976232646,0.0,0.0,6961.830000002696,1337.6552975047687,117.1212664183389,1474922.0,259124.0,3875.0,"{""EntryMode"": 0, ""EntryTFMin"": 1, ""GridSpacingPts"": 125, ""TP_Pips"": 14.5, ""MaxLayers"": 1, ""Ladder"": ""flat"", ""MaxHoldSec"": 120, ""StopPips"": 3.0, ""MaxBasketRiskPct"": 5.0, ""AddMinSec"": 60, ""Session"": ""allday_0123"", ""ZEntry"": 1.0, ""ZEmaBars"": 90, ""NewsBeforeMin"": 15, ""NewsAfterMin"": 15, ""NewsCloseMode"": 0, ""DailyLossPct"": 3.0, ""MaxSpreadPts"": 0}"
133.13440204224975,133.13440204224975,2.9695077393132547,0.0,0.0,6869.770000002941,1331.2915249283574,117.24756745782267,1470112.0,255859.0,3682.0,"{""EntryMode"": 0, ""EntryTFMin"": 1, ""GridSpacingPts"": 120, ""TP_Pips"": 14.5, ""MaxLayers"": 1, ""Ladder"": ""step2"", ""MaxHoldSec"": 120, ""StopPips"": 3.0, ""MaxBasketRiskPct"": 5.0, ""AddMinSec"": 60, ""Session"": ""allday_0123"", ""ZEntry"": 1.5, ""ZEmaBars"": 30, ""NewsBeforeMin"": 30, ""NewsAfterMin"": 30, ""NewsCloseMode"": 0, ""DailyLossPct"": 3.0, ""MaxSpreadPts"": 0}"
132.83126751543324,132.83126751543324,2.852593870232498,0.0,0.0,6825.250000003698,1334.0462349006573,117.19659890131128,1471803.0,256724.0,4705.0,"{""EntryMode"": 0, ""EntryTFMin"": 1, ""GridSpacingPts"": 125, ""TP_Pips"": 13.5, ""MaxLayers"": 1, ""Ladder"": ""flat"", ""MaxHoldSec"": 120, ""StopPips"": 3.0, ""MaxBasketRiskPct"": 5.0, ""AddMinSec"": 60, ""Session"": ""allday_0123"", ""ZEntry"": 1.25, ""ZEmaBars"": 90, ""NewsBeforeMin"": 15, ""NewsAfterMin"": 30, ""NewsCloseMode"": 0, ""DailyLossPct"": 3.0, ""MaxSpreadPts"": 0}"
132.01074325051482,132.01074325051482,2.9875685068762574,0.0,0.0,6705.900000003482,1325.408037074694,117.38875876746447,1466203.0,252325.0,3481.0,"{""EntryMode"": 0, ""EntryTFMin"": 1, ""GridSpacingPts"": 115, ""TP_Pips"": 14.5, ""MaxLayers"": 1, ""Ladder"": ""step2"", ""MaxHoldSec"": 120, ""StopPips"": 3.0, ""MaxBasketRiskPct"": 3.0, ""AddMinSec"": 60, ""Session"": ""allday_0123"", ""ZEntry"": 2.0, ""ZEmaBars"": 120, ""NewsBeforeMin"": 30, ""NewsAfterMin"": 60, ""NewsCloseMode"": 0, ""DailyLossPct"": 5.0, ""MaxSpreadPts"": 0}"
131.97174969634543,131.97174969634543,2.813127930333949,0.0,0.0,6700.270000003336,1328.0688452262002,117.35544680118788,1468403.0,253114.0,3949.0,"{""EntryMode"": 0, ""EntryTFMin"": 1, ""GridSpacingPts"": 135, ""TP_Pips"": 14.0, ""MaxLayers"": 1, ""Ladder"": ""flat"", ""MaxHoldSec"": 120, ""StopPips"": 3.0, ""MaxBasketRiskPct"": 5.0, ""AddMinSec"": 60, ""Session"": ""allday_0123"", ""ZEntry"": 1.0, ""ZEmaBars"": 90, ""NewsBeforeMin"": 15, ""NewsAfterMin"": 60, ""NewsCloseMode"": 0, ""DailyLossPct"": 3.0, ""MaxSpreadPts"": 0}"
131.8979851032985,131.8979851032985,3.0090878492011477,0.0,0.0,6689.6300000035835,1320.4635674289675,117.41224296469751,1460818.0,251294.0,3473.0,"{""EntryMode"": 0, ""EntryTFMin"": 1, ""GridSpacingPts"": 145, ""TP_Pips"": 14.5, ""MaxLayers"": 1, ""Ladder"": ""flat"", ""MaxHoldSec"": 120, ""StopPips"": 3.0, ""MaxBasketRiskPct"": 5.0, ""AddMinSec"": 30, ""Session"": ""allday_0123"", ""ZEntry"": 1.25, ""ZEmaBars"": 120, ""NewsBeforeMin"": 60, ""NewsAfterMin"": 60, ""NewsCloseMode"": 0, ""DailyLossPct"": 3.0, ""MaxSpreadPts"": 25}"
131.87363052137945,131.87363052137945,2.793296089377894,0.0,0.0,6686.120000003567,1325.4873148414297,117.37359297478238,1465777.0,252392.0,3943.0,"{""EntryMode"": 0, ""EntryTFMin"": 1, ""GridSpacingPts"": 120, ""TP_Pips"": 14.0, ""MaxLayers"": 1, ""Ladder"": ""step2"", ""MaxHoldSec"": 120, ""StopPips"": 3.0, ""MaxBasketRiskPct"": 5.0, ""AddMinSec"": 60, ""Session"": ""allday_0123"", ""ZEntry"": 1.75, ""ZEmaBars"": 120, ""NewsBeforeMin"": 30, ""NewsAfterMin"": 60, ""NewsCloseMode"": 0, ""DailyLossPct"": 3.0, ""MaxSpreadPts"": 0}"
131.83975302110005,131.83975302110005,2.7233761951810114,0.0,0.0,6681.2400000036105,1335.2354014016921,116.99980457536721,1467796.0,258708.0,8273.0,"{""EntryMode"": 0, ""EntryTFMin"": 1, ""GridSpacingPts"": 125, ""TP_Pips"": 11.5, ""MaxLayers"": 1, ""Ladder"": ""flat"", ""MaxHoldSec"": 120, ""StopPips"": 3.0, ""MaxBasketRiskPct"": 5.0, ""AddMinSec"": 60, ""Session"": ""allday_0123"", ""ZEntry"": 1.25, ""ZEmaBars"": 120, ""NewsBeforeMin"": 30, ""NewsAfterMin"": 15, ""NewsCloseMode"": 0, ""DailyLossPct"": 8.0, ""MaxSpreadPts"": 25}"
131.76269135259915,131.76269135259915,2.869919241799696,0.0,0.0,6670.150000004319,1328.1496623670473,117.33917465436375,1467932.0,253176.0,4463.0,"{""EntryMode"": 0, ""EntryTFMin"": 1, ""GridSpacingPts"": 140, ""TP_Pips"": 13.5, ""MaxLayers"": 1, ""Ladder"": ""flat"", ""MaxHoldSec"": 120, ""StopPips"": 3.0, ""MaxBasketRiskPct"": 5.0, ""AddMinSec"": 60, ""Session"": ""allday_0123"", ""ZEntry"": 1.25, ""ZEmaBars"": 30, ""NewsBeforeMin"": 15, ""NewsAfterMin"": 60, ""NewsCloseMode"": 0, ""DailyLossPct"": 3.0, ""MaxSpreadPts"": 0}"
131.66359068629117,131.66359068629117,2.8497581019209353,0.0,0.0,6655.91000000441,1325.5681319822766,117.35730280132766,1465307.0,252454.0,4456.0,"{""EntryMode"": 0, ""EntryTFMin"": 1, ""GridSpacingPts"": 120, ""TP_Pips"": 13.5, ""MaxLayers"": 1, ""Ladder"": ""step2"", ""MaxHoldSec"": 120, ""StopPips"": 3.0, ""MaxBasketRiskPct"": 5.0, ""AddMinSec"": 60, ""Session"": ""allday_0123"", ""ZEntry"": 1.25, ""ZEmaBars"": 120, ""NewsBeforeMin"": 30, ""NewsAfterMin"": 60, ""NewsCloseMode"": 0, ""DailyLossPct"": 3.0, ""MaxSpreadPts"": 0}"
131.66359068629117,131.66359068629117,2.8497581019209353,0.0,0.0,6655.91000000441,1325.5681319822766,117.35730280132766,1465307.0,252454.0,4456.0,"{""EntryMode"": 0, ""EntryTFMin"": 1, ""GridSpacingPts"": 145, ""TP_Pips"": 13.5, ""MaxLayers"": 1, ""Ladder"": ""step1"", ""MaxHoldSec"": 120, ""StopPips"": 3.0, ""MaxBasketRiskPct"": 1.0, ""AddMinSec"": 60, ""Session"": ""allday_0123"", ""ZEntry"": 1.0, ""ZEmaBars"": 120, ""NewsBeforeMin"": 30, ""NewsAfterMin"": 60, ""NewsCloseMode"": 0, ""DailyLossPct"": 8.0, ""MaxSpreadPts"": 0}"
131.57422707597087,131.57422707597087,3.129527673137141,0.0,0.0,6643.090000005473,617.1527840512694,253.31755125824287,540067.0,251073.0,10683.0,"{""EntryMode"": 0, ""EntryTFMin"": 1, ""GridSpacingPts"": 150, ""TP_Pips"": 13.5, ""MaxLayers"": 2, ""Ladder"": ""flat"", ""MaxHoldSec"": 300, ""StopPips"": 3.0, ""MaxBasketRiskPct"": 5.0, ""AddMinSec"": 60, ""Session"": ""allday_0123"", ""ZEntry"": 1.25, ""ZEmaBars"": 120, ""NewsBeforeMin"": 15, ""NewsAfterMin"": 15, ""NewsCloseMode"": 0, ""DailyLossPct"": 8.0, ""MaxSpreadPts"": 0}"
131.16974324141646,131.16974324141646,2.8920651883437922,0.0,0.0,6585.310000004416,1328.3721019261404,117.29675478360654,1466752.0,253340.0,5768.0,"{""EntryMode"": 0, ""EntryTFMin"": 1, ""GridSpacingPts"": 135, ""TP_Pips"": 12.5, ""MaxLayers"": 1, ""Ladder"": ""flat"", ""MaxHoldSec"": 120, ""StopPips"": 3.0, ""MaxBasketRiskPct"": 5.0, ""AddMinSec"": 60, ""Session"": ""allday_0123"", ""ZEntry"": 1.5, ""ZEmaBars"": 120, ""NewsBeforeMin"": 15, ""NewsAfterMin"": 60, ""NewsCloseMode"": 0, ""DailyLossPct"": 8.0, ""MaxSpreadPts"": 0}"
130.95762307084212,130.95762307084212,3.689788053948323,0.0,0.0,6555.170000004097,609.8515326410326,255.14435510542899,540394.0,244896.0,7047.0,"{""EntryMode"": 0, ""EntryTFMin"": 1, ""GridSpacingPts"": 140, ""TP_Pips"": 15.0, ""MaxLayers"": 1, ""Ladder"": ""step2"", ""MaxHoldSec"": 300, ""StopPips"": 3.0, ""MaxBasketRiskPct"": 5.0, ""AddMinSec"": 60, ""Session"": ""allday_0123"", ""ZEntry"": 1.25, ""ZEmaBars"": 120, ""NewsBeforeMin"": 15, ""NewsAfterMin"": 60, ""NewsCloseMode"": 0, ""DailyLossPct"": 8.0, ""MaxSpreadPts"": 0}"
130.94993723234137,130.94993723234137,3.689788053948323,0.0,0.0,6554.0800000040945,609.6152387149369,255.09460414831386,540150.0,244834.0,7046.0,"{""EntryMode"": 0, ""EntryTFMin"": 1, ""GridSpacingPts"": 150, ""TP_Pips"": 15.0, ""MaxLayers"": 3, ""Ladder"": ""flat"", ""MaxHoldSec"": 300, ""StopPips"": 3.0, ""MaxBasketRiskPct"": 5.0, ""AddMinSec"": 60, ""Session"": ""allday_0123"", ""ZEntry"": 1.5, ""ZEmaBars"": 120, ""NewsBeforeMin"": 15, ""NewsAfterMin"": 60, ""NewsCloseMode"": 2, ""DailyLossPct"": 3.0, ""MaxSpreadPts"": 0}"
130.8789535721602,130.8789535721602,3.689788053948323,0.0,0.0,6544.020000004138,608.6261908483805,255.20220796533667,539479.0,244228.0,7038.0,"{""EntryMode"": 0, ""EntryTFMin"": 1, ""GridSpacingPts"": 130, ""TP_Pips"": 15.0, ""MaxLayers"": 1, ""Ladder"": ""step2"", ""MaxHoldSec"": 300, ""StopPips"": 3.0, ""MaxBasketRiskPct"": 1.0, ""AddMinSec"": 15, ""Session"": ""allday_0123"", ""ZEntry"": 1.25, ""ZEmaBars"": 60, ""NewsBeforeMin"": 30, ""NewsAfterMin"": 60, ""NewsCloseMode"": 0, ""DailyLossPct"": 8.0, ""MaxSpreadPts"": 25}"
130.8789535721602,130.8789535721602,3.689788053948323,0.0,0.0,6544.020000004138,608.6261908483805,255.20220796533667,539479.0,244228.0,7038.0,"{""EntryMode"": 0, ""EntryTFMin"": 1, ""GridSpacingPts"": 145, ""TP_Pips"": 15.0, ""MaxLayers"": 1, ""Ladder"": ""step2"", ""MaxHoldSec"": 300, ""StopPips"": 3.0, ""MaxBasketRiskPct"": 1.0, ""AddMinSec"": 15, ""Session"": ""allday_0123"", ""ZEntry"": 1.25, ""ZEmaBars"": 60, ""NewsBeforeMin"": 30, ""NewsAfterMin"": 60, ""NewsCloseMode"": 0, ""DailyLossPct"": 8.0, ""MaxSpreadPts"": 25}"
130.64095302089345,130.64095302089345,3.7433671008183462,0.0,0.0,6510.380000004242,610.2025099384254,254.9581106187267,539752.0,245183.0,7858.0,"{""EntryMode"": 0, ""EntryTFMin"": 1, ""GridSpacingPts"": 150, ""TP_Pips"": 14.5, ""MaxLayers"": 1, ""Ladder"": ""flat"", ""MaxHoldSec"": 300, ""StopPips"": 3.0, ""MaxBasketRiskPct"": 1.0, ""AddMinSec"": 15, ""Session"": ""allday_0123"", ""ZEntry"": 1.5, ""ZEmaBars"": 120, ""NewsBeforeMin"": 15, ""NewsAfterMin"": 60, ""NewsCloseMode"": 0, ""DailyLossPct"": 8.0, ""MaxSpreadPts"": 25}"
130.64095302089345,130.64095302089345,3.7433671008183462,0.0,0.0,6510.380000004242,610.2025099384254,254.9581106187267,539752.0,245183.0,7858.0,"{""EntryMode"": 0, ""EntryTFMin"": 1, ""GridSpacingPts"": 130, ""TP_Pips"": 14.5, ""MaxLayers"": 1, ""Ladder"": ""step2"", ""MaxHoldSec"": 300, ""StopPips"": 3.0, ""MaxBasketRiskPct"": 1.0, ""AddMinSec"": 15, ""Session"": ""allday_0123"", ""ZEntry"": 1.5, ""ZEmaBars"": 60, ""NewsBeforeMin"": 15, ""NewsAfterMin"": 60, ""NewsCloseMode"": 0, ""DailyLossPct"": 8.0, ""MaxSpreadPts"": 25}"
130.61400650536595,130.61400650536595,2.966874699951977,0.0,0.0,6506.580000035235,263.77098429651676,587.3960321804732,53815.0,263544.0,25340.0,"{""EntryMode"": 0, ""EntryTFMin"": 1, ""GridSpacingPts"": 95, ""TP_Pips"": 14.5, ""MaxLayers"": 1, ""Ladder"": ""flat"", ""MaxHoldSec"": 1800, ""StopPips"": 2.0, ""MaxBasketRiskPct"": 5.0, ""AddMinSec"": 60, ""Session"": ""allday_0123"", ""ZEntry"": 1.5, ""ZEmaBars"": 120, ""NewsBeforeMin"": 15, ""NewsAfterMin"": 15, ""NewsCloseMode"": 0, ""DailyLossPct"": 3.0, ""MaxSpreadPts"": 0}"
130.26697545895064,130.26697545895064,3.129527673137141,0.0,0.0,6457.800000005917,611.1168981605803,254.47982849208722,538178.0,245910.0,9893.0,"{""EntryMode"": 0, ""EntryTFMin"": 1, ""GridSpacingPts"": 125, ""TP_Pips"": 13.5, ""MaxLayers"": 1, ""Ladder"": ""step2"", ""MaxHoldSec"": 300, ""StopPips"": 3.0, ""MaxBasketRiskPct"": 1.0, ""AddMinSec"": 15, ""Session"": ""allday_0123"", ""ZEntry"": 1.25, ""ZEmaBars"": 60, ""NewsBeforeMin"": 15, ""NewsAfterMin"": 60, ""NewsCloseMode"": 0, ""DailyLossPct"": 8.0, ""MaxSpreadPts"": 25}"
130.24563586161264,130.24563586161264,3.1688612357096737,0.0,0.0,6454.810000006001,611.7187934381267,254.16739835230683,537141.0,246395.0,11227.0,"{""EntryMode"": 0, ""EntryTFMin"": 1, ""GridSpacingPts"": 125, ""TP_Pips"": 13.0, ""MaxLayers"": 1, ""Ladder"": ""step2"", ""MaxHoldSec"": 300, ""StopPips"": 3.0, ""MaxBasketRiskPct"": 5.0, ""AddMinSec"": 60, ""Session"": ""allday_0123"", ""ZEntry"": 1.0, ""ZEmaBars"": 120, ""NewsBeforeMin"": 15, ""NewsAfterMin"": 60, ""NewsCloseMode"": 0, ""DailyLossPct"": 8.0, ""MaxSpreadPts"": 0}"
129.73966802210205,129.73966802210205,2.962607861936716,0.0,0.0,6384.240000034524,255.6115318191901,603.2687735079405,54588.0,254822.0,22688.0,"{""EntryMode"": 0, ""EntryTFMin"": 1, ""GridSpacingPts"": 140, ""TP_Pips"": 15.0, ""MaxLayers"": 1, ""Ladder"": ""flat"", ""MaxHoldSec"": 1800, ""StopPips"": 2.0, ""MaxBasketRiskPct"": 3.0, ""AddMinSec"": 15, ""Session"": ""allday_0123"", ""ZEntry"": 1.5, ""ZEmaBars"": 120, ""NewsBeforeMin"": 15, ""NewsAfterMin"": 60, ""NewsCloseMode"": 0, ""DailyLossPct"": 8.0, ""MaxSpreadPts"": 25}"
129.7112156221032,129.7112156221032,3.271370511024444,0.0,0.0,6380.290000005998,2530.9280789816344,62.145593775523096,3056424.0,229910.0,1922.0,"{""EntryMode"": 0, ""EntryTFMin"": 1, ""GridSpacingPts"": 135, ""TP_Pips"": 15.0, ""MaxLayers"": 2, ""Ladder"": ""flat"", ""MaxHoldSec"": 60, ""StopPips"": 3.0, ""MaxBasketRiskPct"": 5.0, ""AddMinSec"": 60, ""Session"": ""allday_0123"", ""ZEntry"": 1.0, ""ZEmaBars"": 120, ""NewsBeforeMin"": 30, ""NewsAfterMin"": 15, ""NewsCloseMode"": 0, ""DailyLossPct"": 8.0, ""MaxSpreadPts"": 25}"
129.49183972679666,129.49183972679666,2.787952787950572,0.0,0.0,6349.900000005938,1329.5628078012867,117.02432338909728,1461110.0,254157.0,12140.0,"{""EntryMode"": 0, ""EntryTFMin"": 1, ""GridSpacingPts"": 145, ""TP_Pips"": 10.0, ""MaxLayers"": 1, ""Ladder"": ""flat"", ""MaxHoldSec"": 120, ""StopPips"": 3.0, ""MaxBasketRiskPct"": 5.0, ""AddMinSec"": 60, ""Session"": ""allday_0123"", ""ZEntry"": 1.5, ""ZEmaBars"": 120, ""NewsBeforeMin"": 15, ""NewsAfterMin"": 60, ""NewsCloseMode"": 0, ""DailyLossPct"": 8.0, ""MaxSpreadPts"": 0}"
129.46948697937745,129.46948697937745,3.7848749188942246,0.0,0.0,6346.810000004727,613.2866459705589,253.35546217153103,534633.0,247671.0,14496.0,"{""EntryMode"": 0, ""EntryTFMin"": 1, ""GridSpacingPts"": 130, ""TP_Pips"": 12.0, ""MaxLayers"": 1, ""Ladder"": ""flat"", ""MaxHoldSec"": 300, ""StopPips"": 3.0, ""MaxBasketRiskPct"": 5.0, ""AddMinSec"": 60, ""Session"": ""allday_0123"", ""ZEntry"": 1.25, ""ZEmaBars"": 120, ""NewsBeforeMin"": 15, ""NewsAfterMin"": 60, ""NewsCloseMode"": 0, ""DailyLossPct"": 8.0, ""MaxSpreadPts"": 0}"
129.46948697937745,129.46948697937745,3.7848749188942246,0.0,0.0,6346.810000004727,613.2866459705589,253.35546217153103,534633.0,247671.0,14496.0,"{""EntryMode"": 0, ""EntryTFMin"": 1, ""GridSpacingPts"": 140, ""TP_Pips"": 12.0, ""MaxLayers"": 1, ""Ladder"": ""flat"", ""MaxHoldSec"": 300, ""StopPips"": 3.0, ""MaxBasketRiskPct"": 5.0, ""AddMinSec"": 60, ""Session"": ""allday_0123"", ""ZEntry"": 1.25, ""ZEmaBars"": 120, ""NewsBeforeMin"": 15, ""NewsAfterMin"": 60, ""NewsCloseMode"": 0, ""DailyLossPct"": 8.0, ""MaxSpreadPts"": 0}"
129.35106763714873,129.35106763714873,3.236864658182221,0.0,0.0,6330.460000006224,2530.9280789816344,62.14212370560025,3055967.0,229906.0,2383.0,"{""EntryMode"": 0, ""EntryTFMin"": 1, ""GridSpacingPts"": 135, ""TP_Pips"": 14.0, ""MaxLayers"": 1, ""Ladder"": ""flat"", ""MaxHoldSec"": 60, ""StopPips"": 3.0, ""MaxBasketRiskPct"": 5.0, ""AddMinSec"": 60, ""Session"": ""allday_0123"", ""ZEntry"": 1.0, ""ZEmaBars"": 120, ""NewsBeforeMin"": 30, ""NewsAfterMin"": 15, ""NewsCloseMode"": 0, ""DailyLossPct"": 8.0, ""MaxSpreadPts"": 25}"
129.1677060686634,129.1677060686634,3.215876342675282,0.0,0.0,6305.210000006752,2530.9280789816344,62.14002974442069,3055699.0,229899.0,2658.0,"{""EntryMode"": 0, ""EntryTFMin"": 1, ""GridSpacingPts"": 115, ""TP_Pips"": 13.5, ""MaxLayers"": 2, ""Ladder"": ""flat"", ""MaxHoldSec"": 60, ""StopPips"": 3.0, ""MaxBasketRiskPct"": 5.0, ""AddMinSec"": 60, ""Session"": ""allday_0123"", ""ZEntry"": 1.25, ""ZEmaBars"": 120, ""NewsBeforeMin"": 30, ""NewsAfterMin"": 15, ""NewsCloseMode"": 0, ""DailyLossPct"": 8.0, ""MaxSpreadPts"": 25}"
129.13176388423656,129.13176388423656,3.2258064516105502,0.0,0.0,6300.270000006912,2536.933177390096,62.12497296090552,3062191.0,230828.0,3039.0,"{""EntryMode"": 0, ""EntryTFMin"": 1, ""GridSpacingPts"": 135, ""TP_Pips"": 13.0, ""MaxLayers"": 1, ""Ladder"": ""flat"", ""MaxHoldSec"": 60, ""StopPips"": 3.0, ""MaxBasketRiskPct"": 5.0, ""AddMinSec"": 60, ""Session"": ""allday_0123"", ""ZEntry"": 1.75, ""ZEmaBars"": 60, ""NewsBeforeMin"": 15, ""NewsAfterMin"": 15, ""NewsCloseMode"": 0, ""DailyLossPct"": 8.0, ""MaxSpreadPts"": 25}"
128.6985429940732,128.6985429940732,3.2449154215734293,0.0,0.0,6240.970000007038,2530.9280789816344,62.13438477416555,3054955.0,229886.0,3415.0,"{""EntryMode"": 0, ""EntryTFMin"": 1, ""GridSpacingPts"": 115, ""TP_Pips"": 12.5, ""MaxLayers"": 1, ""Ladder"": ""step1"", ""MaxHoldSec"": 60, ""StopPips"": 3.0, ""MaxBasketRiskPct"": 5.0, ""AddMinSec"": 60, ""Session"": ""allday_0123"", ""ZEntry"": 1.0, ""ZEmaBars"": 120, ""NewsBeforeMin"": 30, ""NewsAfterMin"": 15, ""NewsCloseMode"": 0, ""DailyLossPct"": 8.0, ""MaxSpreadPts"": 25}"
128.57837091243036,128.57837091243036,3.2547699214343155,0.0,0.0,6224.600000006981,2521.157671496757,62.150356650482976,3043293.0,228867.0,3402.0,"{""EntryMode"": 0, ""EntryTFMin"": 1, ""GridSpacingPts"": 145, ""TP_Pips"": 12.5, ""MaxLayers"": 1, ""Ladder"": ""flat"", ""MaxHoldSec"": 60, ""StopPips"": 3.0, ""MaxBasketRiskPct"": 3.0, ""AddMinSec"": 60, ""Session"": ""allday_0123"", ""ZEntry"": 1.25, ""ZEmaBars"": 120, ""NewsBeforeMin"": 60, ""NewsAfterMin"": 15, ""NewsCloseMode"": 0, ""DailyLossPct"": 3.0, ""MaxSpreadPts"": 25}"
128.57837091243036,128.57837091243036,3.2547699214343155,0.0,0.0,6224.600000006981,2521.157671496757,62.150356650482976,3043293.0,228867.0,3402.0,"{""EntryMode"": 0, ""EntryTFMin"": 1, ""GridSpacingPts"": 145, ""TP_Pips"": 12.5, ""MaxLayers"": 1, ""Ladder"": ""flat"", ""MaxHoldSec"": 60, ""StopPips"": 3.0, ""MaxBasketRiskPct"": 5.0, ""AddMinSec"": 60, ""Session"": ""allday_0123"", ""ZEntry"": 1.5, ""ZEmaBars"": 120, ""NewsBeforeMin"": 60, ""NewsAfterMin"": 15, ""NewsCloseMode"": 0, ""DailyLossPct"": 8.0, ""MaxSpreadPts"": 25}"
128.50711751904208,128.50711751904208,3.300636267229809,0.0,0.0,6214.910000006815,2530.9280789816344,62.13062610684512,3054450.0,229878.0,3928.0,"{""EntryMode"": 0, ""EntryTFMin"": 1, ""GridSpacingPts"": 130, ""TP_Pips"": 12.0, ""MaxLayers"": 1, ""Ladder"": ""flat"", ""MaxHoldSec"": 60, ""StopPips"": 3.0, ""MaxBasketRiskPct"": 5.0, ""AddMinSec"": 60, ""Session"": ""allday_0123"", ""ZEntry"": 1.0, ""ZEmaBars"": 120, ""NewsBeforeMin"": 30, ""NewsAfterMin"": 15, ""NewsCloseMode"": 0, ""DailyLossPct"": 3.0, ""MaxSpreadPts"": 25}"
128.38580466944472,128.38580466944472,3.3107299561204515,0.0,0.0,6198.44000000673,2521.157671496757,62.146598051533736,3042790.0,228859.0,3913.0,"{""EntryMode"": 0, ""EntryTFMin"": 1, ""GridSpacingPts"": 145, ""TP_Pips"": 12.0, ""MaxLayers"": 1, ""Ladder"": ""flat"", ""MaxHoldSec"": 60, ""StopPips"": 3.0, ""MaxBasketRiskPct"": 5.0, ""AddMinSec"": 60, ""Session"": ""allday_0123"", ""ZEntry"": 1.0, ""ZEmaBars"": 120, ""NewsBeforeMin"": 60, ""NewsAfterMin"": 15, ""NewsCloseMode"": 0, ""DailyLossPct"": 3.0, ""MaxSpreadPts"": 25}"
127.66598067518066,127.66598067518066,3.355888182623605,0.0,0.0,6101.430000007233,2516.253225577926,62.21813784057643,3043929.0,223515.0,1746.0,"{""EntryMode"": 0, ""EntryTFMin"": 1, ""GridSpacingPts"": 150, ""TP_Pips"": 15.0, ""MaxLayers"": 1, ""Ladder"": ""flat"", ""MaxHoldSec"": 60, ""StopPips"": 3.0, ""MaxBasketRiskPct"": 5.0, ""AddMinSec"": 60, ""Session"": ""allday_0123"", ""ZEntry"": 1.0, ""ZEmaBars"": 120, ""NewsBeforeMin"": 30, ""NewsAfterMin"": 60, ""NewsCloseMode"": 0, ""DailyLossPct"": 3.0, ""MaxSpreadPts"": 25}"
127.50146627911612,127.50146627911612,3.3421822884736283,0.0,0.0,6079.430000007357,2516.253225577926,62.216718433151755,3043745.0,223514.0,1931.0,"{""EntryMode"": 0, ""EntryTFMin"": 1, ""GridSpacingPts"": 140, ""TP_Pips"": 14.5, ""MaxLayers"": 1, ""Ladder"": ""flat"", ""MaxHoldSec"": 60, ""StopPips"": 3.0, ""MaxBasketRiskPct"": 3.0, ""AddMinSec"": 15, ""Session"": ""allday_0123"", ""ZEntry"": 1.75, ""ZEmaBars"": 120, ""NewsBeforeMin"": 30, ""NewsAfterMin"": 60, ""NewsCloseMode"": 0, ""DailyLossPct"": 8.0, ""MaxSpreadPts"": 25}"
127.50146627911612,127.50146627911612,3.3421822884736283,0.0,0.0,6079.430000007357,2516.253225577926,62.216718433151755,3043745.0,223514.0,1931.0,"{""EntryMode"": 0, ""EntryTFMin"": 1, ""GridSpacingPts"": 130, ""TP_Pips"": 14.5, ""MaxLayers"": 2, ""Ladder"": ""flat"", ""MaxHoldSec"": 60, ""StopPips"": 3.0, ""MaxBasketRiskPct"": 5.0, ""AddMinSec"": 60, ""Session"": ""allday_0123"", ""ZEntry"": 1.25, ""ZEmaBars"": 120, ""NewsBeforeMin"": 30, ""NewsAfterMin"": 60, ""NewsCloseMode"": 0, ""DailyLossPct"": 3.0, ""MaxSpreadPts"": 25}"
127.40995520387659,127.40995520387659,3.2188984808919163,0.0,0.0,6067.220000008114,2521.157671496757,62.128375622257586,3040651.0,228831.0,6080.0,"{""EntryMode"": 0, ""EntryTFMin"": 1, ""GridSpacingPts"": 145, ""TP_Pips"": 10.5, ""MaxLayers"": 2, ""Ladder"": ""flat"", ""MaxHoldSec"": 60, ""StopPips"": 3.0, ""MaxBasketRiskPct"": 5.0, ""AddMinSec"": 15, ""Session"": ""allday_0123"", ""ZEntry"": 1.75, ""ZEmaBars"": 120, ""NewsBeforeMin"": 60, ""NewsAfterMin"": 15, ""NewsCloseMode"": 0, ""DailyLossPct"": 8.0, ""MaxSpreadPts"": 25}"
127.35044278722825,127.35044278722825,3.319586234870272,0.0,0.0,6059.290000007427,2516.253225577926,62.21493462265095,3043508.0,223512.0,2170.0,"{""EntryMode"": 0, ""EntryTFMin"": 1, ""GridSpacingPts"": 150, ""TP_Pips"": 14.0, ""MaxLayers"": 1, ""Ladder"": ""flat"", ""MaxHoldSec"": 60, ""StopPips"": 3.0, ""MaxBasketRiskPct"": 2.0, ""AddMinSec"": 60, ""Session"": ""allday_0123"", ""ZEntry"": 1.25, ""ZEmaBars"": 120, ""NewsBeforeMin"": 30, ""NewsAfterMin"": 60, ""NewsCloseMode"": 0, ""DailyLossPct"": 8.0, ""MaxSpreadPts"": 25}"
127.35044278722825,127.35044278722825,3.319586234870272,0.0,0.0,6059.290000007427,2516.253225577926,62.21493462265095,3043508.0,223512.0,2170.0,"{""EntryMode"": 0, ""EntryTFMin"": 1, ""GridSpacingPts"": 135, ""TP_Pips"": 14.0, ""MaxLayers"": 1, ""Ladder"": ""flat"", ""MaxHoldSec"": 60, ""StopPips"": 3.0, ""MaxBasketRiskPct"": 5.0, ""AddMinSec"": 60, ""Session"": ""allday_0123"", ""ZEntry"": 1.5, ""ZEmaBars"": 120, ""NewsBeforeMin"": 30, ""NewsAfterMin"": 60, ""NewsCloseMode"": 0, ""DailyLossPct"": 8.0, ""MaxSpreadPts"": 25}"
127.2601171786679,127.2601171786679,3.329942353337855,0.0,0.0,6047.270000007436,2506.7599054330954,62.230046362565965,3032093.0,222599.0,2164.0,"{""EntryMode"": 0, ""EntryTFMin"": 1, ""GridSpacingPts"": 140, ""TP_Pips"": 14.0, ""MaxLayers"": 3, ""Ladder"": ""flat"", ""MaxHoldSec"": 60, ""StopPips"": 3.0, ""MaxBasketRiskPct"": 5.0, ""AddMinSec"": 30, ""Session"": ""allday_0123"", ""ZEntry"": 1.0, ""ZEmaBars"": 120, ""NewsBeforeMin"": 60, ""NewsAfterMin"": 60, ""NewsCloseMode"": 0, ""DailyLossPct"": 3.0, ""MaxSpreadPts"": 25}"
126.1340192966042,126.1340192966042,3.1901923597919497,0.0,0.0,5899.010000008204,2516.253225577926,62.200545067000384,3041619.0,223482.0,4089.0,"{""EntryMode"": 0, ""EntryTFMin"": 1, ""GridSpacingPts"": 150, ""TP_Pips"": 11.5, ""MaxLayers"": 1, ""Ladder"": ""flat"", ""MaxHoldSec"": 60, ""StopPips"": 3.0, ""MaxBasketRiskPct"": 3.0, ""AddMinSec"": 0, ""Session"": ""allday_0123"", ""ZEntry"": 1.25, ""ZEmaBars"": 120, ""NewsBeforeMin"": 30, ""NewsAfterMin"": 60, ""NewsCloseMode"": 0, ""DailyLossPct"": 8.0, ""MaxSpreadPts"": 25}"
125.36738000252382,125.36738000252382,3.3542687556053856,0.0,0.0,5799.750000008525,2506.7599054330954,62.1686855451821,3027661.0,222536.0,6659.0,"{""EntryMode"": 0, ""EntryTFMin"": 1, ""GridSpacingPts"": 145, ""TP_Pips"": 10.0, ""MaxLayers"": 1, ""Ladder"": ""flat"", ""MaxHoldSec"": 60, ""StopPips"": 3.0, ""MaxBasketRiskPct"": 5.0, ""AddMinSec"": 60, ""Session"": ""allday_0123"", ""ZEntry"": 1.0, ""ZEmaBars"": 120, ""NewsBeforeMin"": 60, ""NewsAfterMin"": 60, ""NewsCloseMode"": 0, ""DailyLossPct"": 8.0, ""MaxSpreadPts"": 25}"
123.00886808949087,123.00886808949087,6.099041964643387,0.0,0.0,5502.730000036665,509.0433098966776,229.94642510319758,377466.0,279503.0,4395.0,"{""EntryMode"": 0, ""EntryTFMin"": 5, ""GridSpacingPts"": 135, ""TP_Pips"": 14.5, ""MaxLayers"": 2, ""Ladder"": ""step2"", ""MaxHoldSec"": 300, ""StopPips"": 2.0, ""MaxBasketRiskPct"": 1.0, ""AddMinSec"": 15, ""Session"": ""allday_0123"", ""ZEntry"": 1.25, ""ZEmaBars"": 60, ""NewsBeforeMin"": 30, ""NewsAfterMin"": 60, ""NewsCloseMode"": 0, ""DailyLossPct"": 8.0, ""MaxSpreadPts"": 25}"
122.1601115876498,122.1601115876498,3.019452240394098,0.0,0.0,5398.870000011122,368.1975058896513,421.655855248928,239958.0,219951.0,18464.0,"{""EntryMode"": 0, ""EntryTFMin"": 1, ""GridSpacingPts"": 140, ""TP_Pips"": 13.0, ""MaxLayers"": 1, ""Ladder"": ""flat"", ""MaxHoldSec"": 600, ""StopPips"": 3.0, ""MaxBasketRiskPct"": 5.0, ""AddMinSec"": 30, ""Session"": ""allday_0123"", ""ZEntry"": 1.0, ""ZEmaBars"": 120, ""NewsBeforeMin"": 30, ""NewsAfterMin"": 60, ""NewsCloseMode"": 0, ""DailyLossPct"": 3.0, ""MaxSpreadPts"": 25}"
114.29749605842213,114.29749605842213,4.795340301600491,0.0,0.0,4509.250000018258,519.8658795866777,113.03666387866538,502802.0,171374.0,1249.0,"{""EntryMode"": 0, ""EntryTFMin"": 5, ""GridSpacingPts"": 110, ""TP_Pips"": 15.0, ""MaxLayers"": 1, ""Ladder"": ""step2"", ""MaxHoldSec"": 120, ""StopPips"": 2.0, ""MaxBasketRiskPct"": 5.0, ""AddMinSec"": 60, ""Session"": ""allday_0123"", ""ZEntry"": 1.5, ""ZEmaBars"": 120, ""NewsBeforeMin"": 30, ""NewsAfterMin"": 60, ""NewsCloseMode"": 0, ""DailyLossPct"": 5.0, ""MaxSpreadPts"": 0}"
114.03904601913553,114.03904601913553,4.512877057571017,0.0,0.0,4482.14000001811,520.8356852768419,112.98483393234861,503316.0,171823.0,1546.0,"{""EntryMode"": 0, ""EntryTFMin"": 5, ""GridSpacingPts"": 140, ""TP_Pips"": 14.0, ""MaxLayers"": 1, ""Ladder"": ""flat"", ""MaxHoldSec"": 120, ""StopPips"": 2.0, ""MaxBasketRiskPct"": 5.0, ""AddMinSec"": 60, ""Session"": ""allday_0123"", ""ZEntry"": 1.75, ""ZEmaBars"": 120, ""NewsBeforeMin"": 15, ""NewsAfterMin"": 60, ""NewsCloseMode"": 0, ""DailyLossPct"": 3.0, ""MaxSpreadPts"": 0}"
112.62978274985977,112.62978274985977,3.899127061104378,0.0,0.0,4336.600000000179,570.6960127441773,276.0568142062226,579041.0,155576.0,6848.0,"{""EntryMode"": 0, ""EntryTFMin"": 1, ""GridSpacingPts"": 140, ""TP_Pips"": 15.0, ""MaxLayers"": 1, ""Ladder"": ""step2"", ""MaxHoldSec"": 300, ""StopPips"": 4.0, ""MaxBasketRiskPct"": 2.0, ""AddMinSec"": 60, ""Session"": ""allday_0123"", ""ZEntry"": 1.25, ""ZEmaBars"": 120, ""NewsBeforeMin"": 15, ""NewsAfterMin"": 60, ""NewsCloseMode"": 0, ""DailyLossPct"": 8.0, ""MaxSpreadPts"": 0}"
112.58443148980164,112.58443148980164,3.899127061104378,0.0,0.0,4331.979999999961,570.4504825734134,275.99712738630745,578771.0,155527.0,6848.0,"{""EntryMode"": 0, ""EntryTFMin"": 1, ""GridSpacingPts"": 145, ""TP_Pips"": 15.0, ""MaxLayers"": 3, ""Ladder"": ""flat"", ""MaxHoldSec"": 300, ""StopPips"": 4.0, ""MaxBasketRiskPct"": 5.0, ""AddMinSec"": 60, ""Session"": ""allday_0123"", ""ZEntry"": 1.25, ""ZEmaBars"": 120, ""NewsBeforeMin"": 15, ""NewsAfterMin"": 60, ""NewsCloseMode"": 2, ""DailyLossPct"": 8.0, ""MaxSpreadPts"": 0}"
111.84682510666431,111.84682510666431,3.448945885552034,0.0,0.0,4257.389999997933,568.089082686569,275.7636864276476,574630.0,154921.0,8527.0,"{""EntryMode"": 0, ""EntryTFMin"": 1, ""GridSpacingPts"": 145, ""TP_Pips"": 14.0, ""MaxLayers"": 1, ""Ladder"": ""flat"", ""MaxHoldSec"": 300, ""StopPips"": 4.0, ""MaxBasketRiskPct"": 5.0, ""AddMinSec"": 30, ""Session"": ""allday_0123"", ""ZEntry"": 1.0, ""ZEmaBars"": 120, ""NewsBeforeMin"": 60, ""NewsAfterMin"": 60, ""NewsCloseMode"": 0, ""DailyLossPct"": 3.0, ""MaxSpreadPts"": 25}"
111.17177839612454,111.17177839612454,2.0882852292019303,0.0,0.0,4190.030000014501,266.83356909109114,90.42426721328975,197291.0,147608.0,1779.0,"{""EntryMode"": 0, ""EntryTFMin"": 1, ""GridSpacingPts"": 105, ""TP_Pips"": 14.0, ""MaxLayers"": 1, ""Ladder"": ""flat"", ""MaxHoldSec"": 120, ""StopPips"": 2.0, ""MaxBasketRiskPct"": 5.0, ""AddMinSec"": 60, ""Session"": ""ny_1519"", ""ZEntry"": 1.5, ""ZEmaBars"": 120, ""NewsBeforeMin"": 15, ""NewsAfterMin"": 60, ""NewsCloseMode"": 0, ""DailyLossPct"": 3.0, ""MaxSpreadPts"": 0}"
110.11754272980477,110.11754272980477,2.9518835074323957,0.0,0.0,4086.539999996625,1302.4128665990208,121.53184608681369,1546767.0,142219.0,3147.0,"{""EntryMode"": 0, ""EntryTFMin"": 1, ""GridSpacingPts"": 95, ""TP_Pips"": 15.0, ""MaxLayers"": 1, ""Ladder"": ""flat"", ""MaxHoldSec"": 120, ""StopPips"": 4.0, ""MaxBasketRiskPct"": 5.0, ""AddMinSec"": 60, ""Session"": ""allday_0123"", ""ZEntry"": 1.5, ""ZEmaBars"": 120, ""NewsBeforeMin"": 15, ""NewsAfterMin"": 60, ""NewsCloseMode"": 0, ""DailyLossPct"": 3.0, ""MaxSpreadPts"": 0}"
110.11754272980477,110.11754272980477,2.9518835074323957,0.0,0.0,4086.539999996625,1302.4128665990208,121.53184608681369,1546767.0,142219.0,3147.0,"{""EntryMode"": 0, ""EntryTFMin"": 1, ""GridSpacingPts"": 125, ""TP_Pips"": 15.0, ""MaxLayers"": 1, ""Ladder"": ""flat"", ""MaxHoldSec"": 120, ""StopPips"": 4.0, ""MaxBasketRiskPct"": 5.0, ""AddMinSec"": 60, ""Session"": ""allday_0123"", ""ZEntry"": 1.25, ""ZEmaBars"": 120, ""NewsBeforeMin"": 15, ""NewsAfterMin"": 60, ""NewsCloseMode"": 0, ""DailyLossPct"": 3.0, ""MaxSpreadPts"": 0}"
110.028772356796,110.028772356796,2.941872387405615,0.0,0.0,4077.9199999966268,1299.9121533550972,121.5467468121175,1543928.0,141815.0,3141.0,"{""EntryMode"": 0, ""EntryTFMin"": 1, ""GridSpacingPts"": 130, ""TP_Pips"": 15.0, ""MaxLayers"": 1, ""Ladder"": ""step2"", ""MaxHoldSec"": 120, ""StopPips"": 4.0, ""MaxBasketRiskPct"": 5.0, ""AddMinSec"": 60, ""Session"": ""allday_0123"", ""ZEntry"": 1.5, ""ZEmaBars"": 120, ""NewsBeforeMin"": 30, ""NewsAfterMin"": 60, ""NewsCloseMode"": 0, ""DailyLossPct"": 3.0, ""MaxSpreadPts"": 0}"
110.028772356796,110.028772356796,2.941872387405615,0.0,0.0,4077.9199999966268,1299.9121533550972,121.5467468121175,1543928.0,141815.0,3141.0,"{""EntryMode"": 0, ""EntryTFMin"": 1, ""GridSpacingPts"": 120, ""TP_Pips"": 15.0, ""MaxLayers"": 1, ""Ladder"": ""step2"", ""MaxHoldSec"": 120, ""StopPips"": 4.0, ""MaxBasketRiskPct"": 5.0, ""AddMinSec"": 60, ""Session"": ""allday_0123"", ""ZEntry"": 1.5, ""ZEmaBars"": 120, ""NewsBeforeMin"": 30, ""NewsAfterMin"": 60, ""NewsCloseMode"": 0, ""DailyLossPct"": 5.0, ""MaxSpreadPts"": 25}"
109.66751299084483,109.66751299084483,3.0158118009963033,0.0,0.0,4042.989999996685,1302.54679214671,121.50497445210921,1546022.0,142300.0,3985.0,"{""EntryMode"": 0, ""EntryTFMin"": 1, ""GridSpacingPts"": 130, ""TP_Pips"": 14.0, ""MaxLayers"": 1, ""Ladder"": ""flat"", ""MaxHoldSec"": 120, ""StopPips"": 4.0, ""MaxBasketRiskPct"": 5.0, ""AddMinSec"": 60, ""Session"": ""allday_0123"", ""ZEntry"": 1.5, ""ZEmaBars"": 120, ""NewsBeforeMin"": 15, ""NewsAfterMin"": 60, ""NewsCloseMode"": 0, ""DailyLossPct"": 3.0, ""MaxSpreadPts"": 0}"
109.58826858972044,109.58826858972044,3.005842558419432,0.0,0.0,4035.3599999967064,1300.046848589842,121.51983871886546,1543187.0,141894.0,3978.0,"{""EntryMode"": 0, ""EntryTFMin"": 1, ""GridSpacingPts"": 125, ""TP_Pips"": 14.0, ""MaxLayers"": 1, ""Ladder"": ""step2"", ""MaxHoldSec"": 120, ""StopPips"": 4.0, ""MaxBasketRiskPct"": 5.0, ""AddMinSec"": 60, ""Session"": ""allday_0123"", ""ZEntry"": 1.5, ""ZEmaBars"": 90, ""NewsBeforeMin"": 30, ""NewsAfterMin"": 60, ""NewsCloseMode"": 2, ""DailyLossPct"": 3.0, ""MaxSpreadPts"": 25}"
109.44828594469942,109.44828594469942,3.0862772261924554,0.0,0.0,4021.9099999966097,1302.6214517911117,121.48901155730834,1545550.0,142359.0,4495.0,"{""EntryMode"": 0, ""EntryTFMin"": 1, ""GridSpacingPts"": 115, ""TP_Pips"": 13.5, ""MaxLayers"": 1, ""Ladder"": ""flat"", ""MaxHoldSec"": 120, ""StopPips"": 4.0, ""MaxBasketRiskPct"": 5.0, ""AddMinSec"": 60, ""Session"": ""allday_0123"", ""ZEntry"": 1.5, ""ZEmaBars"": 120, ""NewsBeforeMin"": 15, ""NewsAfterMin"": 60, ""NewsCloseMode"": 0, ""DailyLossPct"": 3.0, ""MaxSpreadPts"": 0}"
108.93943857397655,108.93943857397655,3.8894277400570396,0.0,0.0,3973.319999995934,326.3172938156678,481.7835261270827,264884.0,147335.0,11742.0,"{""EntryMode"": 0, ""EntryTFMin"": 1, ""GridSpacingPts"": 130, ""TP_Pips"": 15.0, ""MaxLayers"": 2, ""Ladder"": ""step2"", ""MaxHoldSec"": 600, ""StopPips"": 4.0, ""MaxBasketRiskPct"": 2.0, ""AddMinSec"": 60, ""Session"": ""allday_0123"", ""ZEntry"": 1.75, ""ZEmaBars"": 120, ""NewsBeforeMin"": 15, ""NewsAfterMin"": 60, ""NewsCloseMode"": 0, ""DailyLossPct"": 8.0, ""MaxSpreadPts"": 0}"
104.93783860738634,104.93783860738634,2.826165522225658,0.0,0.0,3607.3399999985672,2530.9280789816344,63.086331465077365,3169444.0,116354.0,2458.0,"{""EntryMode"": 0, ""EntryTFMin"": 1, ""GridSpacingPts"": 120, ""TP_Pips"": 14.0, ""MaxLayers"": 1, ""Ladder"": ""flat"", ""MaxHoldSec"": 60, ""StopPips"": 4.0, ""MaxBasketRiskPct"": 5.0, ""AddMinSec"": 60, ""Session"": ""allday_0123"", ""ZEntry"": 1.25, ""ZEmaBars"": 120, ""NewsBeforeMin"": 30, ""NewsAfterMin"": 15, ""NewsCloseMode"": 0, ""DailyLossPct"": 8.0, ""MaxSpreadPts"": 25}"
104.5720456703438,104.5720456703438,2.696748708597483,0.0,0.0,3575.280000010724,149.37547595813788,167.2235223328542,70068.0,120078.0,3927.0,"{""EntryMode"": 0, ""EntryTFMin"": 1, ""GridSpacingPts"": 140, ""TP_Pips"": 14.5, ""MaxLayers"": 3, ""Ladder"": ""flat"", ""MaxHoldSec"": 300, ""StopPips"": 2.0, ""MaxBasketRiskPct"": 5.0, ""AddMinSec"": 60, ""Session"": ""ny_1519"", ""ZEntry"": 2.0, ""ZEmaBars"": 120, ""NewsBeforeMin"": 15, ""NewsAfterMin"": 30, ""NewsCloseMode"": 2, ""DailyLossPct"": 8.0, ""MaxSpreadPts"": 0}"
104.31111191265816,104.31111191265816,2.8076978313939414,0.0,0.0,3552.5499999987537,2530.9280789816344,63.08137671118577,3168792.0,116347.0,3117.0,"{""EntryMode"": 0, ""EntryTFMin"": 1, ""GridSpacingPts"": 130, ""TP_Pips"": 13.0, ""MaxLayers"": 2, ""Ladder"": ""flat"", ""MaxHoldSec"": 60, ""StopPips"": 4.0, ""MaxBasketRiskPct"": 5.0, ""AddMinSec"": 60, ""Session"": ""allday_0123"", ""ZEntry"": 1.25, ""ZEmaBars"": 120, ""NewsBeforeMin"": 30, ""NewsAfterMin"": 15, ""NewsCloseMode"": 0, ""DailyLossPct"": 8.0, ""MaxSpreadPts"": 25}"
103.87362636672295,103.87362636672295,2.876553917316323,0.0,0.0,3514.6999999987033,2530.9280789816344,63.07839476131433,3168406.0,116339.0,3511.0,"{""EntryMode"": 0, ""EntryTFMin"": 1, ""GridSpacingPts"": 130, ""TP_Pips"": 12.5, ""MaxLayers"": 1, ""Ladder"": ""flat"", ""MaxHoldSec"": 60, ""StopPips"": 4.0, ""MaxBasketRiskPct"": 5.0, ""AddMinSec"": 60, ""Session"": ""allday_0123"", ""ZEntry"": 1.5, ""ZEmaBars"": 120, ""NewsBeforeMin"": 30, ""NewsAfterMin"": 15, ""NewsCloseMode"": 0, ""DailyLossPct"": 8.0, ""MaxSpreadPts"": 25}"
103.76904650780409,103.76904650780409,2.8798842257589503,0.0,0.0,3505.699999998745,2521.157671496757,63.09374860685621,3156215.0,115849.0,3498.0,"{""EntryMode"": 0, ""EntryTFMin"": 1, ""GridSpacingPts"": 135, ""TP_Pips"": 12.5, ""MaxLayers"": 1, ""Ladder"": ""flat"", ""MaxHoldSec"": 60, ""StopPips"": 4.0, ""MaxBasketRiskPct"": 5.0, ""AddMinSec"": 60, ""Session"": ""allday_0123"", ""ZEntry"": 1.25, ""ZEmaBars"": 120, ""NewsBeforeMin"": 60, ""NewsAfterMin"": 15, ""NewsCloseMode"": 0, ""DailyLossPct"": 8.0, ""MaxSpreadPts"": 25}"
103.66366887798418,103.66366887798418,4.735238408954174,0.0,0.0,3496.649999998259,245.28233153188475,638.8249224203677,162666.0,139375.0,16637.0,"{""EntryMode"": 0, ""EntryTFMin"": 1, ""GridSpacingPts"": 145, ""TP_Pips"": 14.5, ""MaxLayers"": 2, ""Ladder"": ""flat"", ""MaxHoldSec"": 900, ""StopPips"": 4.0, ""MaxBasketRiskPct"": 5.0, ""AddMinSec"": 60, ""Session"": ""allday_0123"", ""ZEntry"": 1.0, ""ZEmaBars"": 120, ""NewsBeforeMin"": 30, ""NewsAfterMin"": 60, ""NewsCloseMode"": 0, ""DailyLossPct"": 8.0, ""MaxSpreadPts"": 25}"
103.65434323768037,103.65434323768037,2.3176550783909273,0.0,0.0,3495.849999997711,1304.5987778371689,121.02901911301994,1534673.0,143407.0,16893.0,"{""EntryMode"": 0, ""EntryTFMin"": 1, ""GridSpacingPts"": 135, ""TP_Pips"": 9.0, ""MaxLayers"": 1, ""Ladder"": ""flat"", ""MaxHoldSec"": 120, ""StopPips"": 4.0, ""MaxBasketRiskPct"": 5.0, ""AddMinSec"": 60, ""Session"": ""allday_0123"", ""ZEntry"": 1.25, ""ZEmaBars"": 120, ""NewsBeforeMin"": 15, ""NewsAfterMin"": 60, ""NewsCloseMode"": 0, ""DailyLossPct"": 8.0, ""MaxSpreadPts"": 0}"
103.51039545522882,103.51039545522882,3.249435050256375,0.0,0.0,3483.519999998951,2506.7599054330954,63.163831278825924,3143717.0,111346.0,1793.0,"{""EntryMode"": 0, ""EntryTFMin"": 1, ""GridSpacingPts"": 125, ""TP_Pips"": 15.0, ""MaxLayers"": 1, ""Ladder"": ""flat"", ""MaxHoldSec"": 60, ""StopPips"": 4.0, ""MaxBasketRiskPct"": 5.0, ""AddMinSec"": 30, ""Session"": ""allday_0123"", ""ZEntry"": 1.25, ""ZEmaBars"": 30, ""NewsBeforeMin"": 60, ""NewsAfterMin"": 60, ""NewsCloseMode"": 0, ""DailyLossPct"": 3.0, ""MaxSpreadPts"": 25}"
103.32357980655291,103.32357980655291,2.9723502304130656,0.0,0.0,3467.5700000100146,145.98731353900837,168.69449816025707,69577.0,116790.0,3304.0,"{""EntryMode"": 0, ""EntryTFMin"": 1, ""GridSpacingPts"": 145, ""TP_Pips"": 15.0, ""MaxLayers"": 1, ""Ladder"": ""step2"", ""MaxHoldSec"": 300, ""StopPips"": 2.0, ""MaxBasketRiskPct"": 5.0, ""AddMinSec"": 60, ""Session"": ""ny_1519"", ""ZEntry"": 1.0, ""ZEmaBars"": 120, ""NewsBeforeMin"": 15, ""NewsAfterMin"": 60, ""NewsCloseMode"": 0, ""DailyLossPct"": 8.0, ""MaxSpreadPts"": 0}"
103.32357980655291,103.32357980655291,2.9723502304130656,0.0,0.0,3467.5700000100146,145.98731353900837,168.69449816025707,69577.0,116790.0,3304.0,"{""EntryMode"": 0, ""EntryTFMin"": 1, ""GridSpacingPts"": 150, ""TP_Pips"": 15.0, ""MaxLayers"": 1, ""Ladder"": ""step2"", ""MaxHoldSec"": 300, ""StopPips"": 2.0, ""MaxBasketRiskPct"": 5.0, ""AddMinSec"": 60, ""Session"": ""ny_1519"", ""ZEntry"": 1.0, ""ZEmaBars"": 120, ""NewsBeforeMin"": 15, ""NewsAfterMin"": 60, ""NewsCloseMode"": 0, ""DailyLossPct"": 8.0, ""MaxSpreadPts"": 0}"
103.12288307753991,103.12288307753991,2.949919963410088,0.0,0.0,3450.5000000099017,144.2839960847754,168.56417935393023,68674.0,115492.0,3292.0,"{""EntryMode"": 0, ""EntryTFMin"": 1, ""GridSpacingPts"": 145, ""TP_Pips"": 15.0, ""MaxLayers"": 1, ""Ladder"": ""step2"", ""MaxHoldSec"": 300, ""StopPips"": 2.0, ""MaxBasketRiskPct"": 5.0, ""AddMinSec"": 60, ""Session"": ""ny_1519"", ""ZEntry"": 1.0, ""ZEmaBars"": 120, ""NewsBeforeMin"": 60, ""NewsAfterMin"": 60, ""NewsCloseMode"": 0, ""DailyLossPct"": 8.0, ""MaxSpreadPts"": 0}"
103.04920144995494,103.04920144995494,2.703114292239257,0.0,0.0,3444.250000010226,146.21821965571417,168.33917487145476,69273.0,117020.0,3678.0,"{""EntryMode"": 0, ""EntryTFMin"": 1, ""GridSpacingPts"": 110, ""TP_Pips"": 14.5, ""MaxLayers"": 1, ""Ladder"": ""step2"", ""MaxHoldSec"": 300, ""StopPips"": 2.0, ""MaxBasketRiskPct"": 5.0, ""AddMinSec"": 15, ""Session"": ""ny_1519"", ""ZEntry"": 1.0, ""ZEmaBars"": 30, ""NewsBeforeMin"": 15, ""NewsAfterMin"": 60, ""NewsCloseMode"": 0, ""DailyLossPct"": 8.0, ""MaxSpreadPts"": 0}"
103.04920144995494,103.04920144995494,2.703114292239257,0.0,0.0,3444.250000010226,146.21821965571417,168.33917487145476,69273.0,117020.0,3678.0,"{""EntryMode"": 0, ""EntryTFMin"": 1, ""GridSpacingPts"": 135, ""TP_Pips"": 14.5, ""MaxLayers"": 2, ""Ladder"": ""step2"", ""MaxHoldSec"": 300, ""StopPips"": 2.0, ""MaxBasketRiskPct"": 5.0, ""AddMinSec"": 15, ""Session"": ""ny_1519"", ""ZEntry"": 1.25, ""ZEmaBars"": 120, ""NewsBeforeMin"": 15, ""NewsAfterMin"": 60, ""NewsCloseMode"": 0, ""DailyLossPct"": 8.0, ""MaxSpreadPts"": 0}"
103.04920144995494,103.04920144995494,2.703114292239257,0.0,0.0,3444.250000010226,146.21821965571417,168.33917487145476,69273.0,117020.0,3678.0,"{""EntryMode"": 0, ""EntryTFMin"": 1, ""GridSpacingPts"": 90, ""TP_Pips"": 14.5, ""MaxLayers"": 1, ""Ladder"": ""step2"", ""MaxHoldSec"": 300, ""StopPips"": 2.0, ""MaxBasketRiskPct"": 5.0, ""AddMinSec"": 15, ""Session"": ""ny_1519"", ""ZEntry"": 1.0, ""ZEmaBars"": 120, ""NewsBeforeMin"": 15, ""NewsAfterMin"": 60, ""NewsCloseMode"": 0, ""DailyLossPct"": 8.0, ""MaxSpreadPts"": 0}"
102.90352816460624,102.90352816460624,3.0845392231514035,0.0,0.0,3431.9200000100595,146.47760419348032,167.93987585103798,68895.0,117277.0,4136.0,"{""EntryMode"": 0, ""EntryTFMin"": 1, ""GridSpacingPts"": 130, ""TP_Pips"": 14.0, ""MaxLayers"": 1, ""Ladder"": ""step2"", ""MaxHoldSec"": 300, ""StopPips"": 2.0, ""MaxBasketRiskPct"": 5.0, ""AddMinSec"": 15, ""Session"": ""ny_1519"", ""ZEntry"": 1.5, ""ZEmaBars"": 120, ""NewsBeforeMin"": 15, ""NewsAfterMin"": 60, ""NewsCloseMode"": 0, ""DailyLossPct"": 8.0, ""MaxSpreadPts"": 0}"
102.90352816460624,102.90352816460624,3.0845392231514035,0.0,0.0,3431.9200000100595,146.47760419348032,167.93987585103798,68895.0,117277.0,4136.0,"{""EntryMode"": 0, ""EntryTFMin"": 1, ""GridSpacingPts"": 60, ""TP_Pips"": 14.0, ""MaxLayers"": 1, ""Ladder"": ""step2"", ""MaxHoldSec"": 300, ""StopPips"": 2.0, ""MaxBasketRiskPct"": 5.0, ""AddMinSec"": 15, ""Session"": ""ny_1519"", ""ZEntry"": 1.0, ""ZEmaBars"": 120, ""NewsBeforeMin"": 15, ""NewsAfterMin"": 60, ""NewsCloseMode"": 0, ""DailyLossPct"": 8.0, ""MaxSpreadPts"": 0}"
102.8244321175177,102.8244321175177,3.1401331719111254,0.0,0.0,3425.2400000099547,146.7262131124669,167.54745641607238,68506.0,117499.0,4626.0,"{""EntryMode"": 0, ""EntryTFMin"": 1, ""GridSpacingPts"": 145, ""TP_Pips"": 13.5, ""MaxLayers"": 2, ""Ladder"": ""step2"", ""MaxHoldSec"": 300, ""StopPips"": 2.0, ""MaxBasketRiskPct"": 5.0, ""AddMinSec"": 60, ""Session"": ""ny_1519"", ""ZEntry"": 1.0, ""ZEmaBars"": 120, ""NewsBeforeMin"": 15, ""NewsAfterMin"": 60, ""NewsCloseMode"": 0, ""DailyLossPct"": 8.0, ""MaxSpreadPts"": 0}"
102.75779161195983,102.75779161195983,2.8898781288761506,0.0,0.0,3419.6199999990354,2521.128423388641,63.1358032212996,3160985.0,112051.0,2488.0,"{""EntryMode"": 0, ""EntryTFMin"": 1, ""GridSpacingPts"": 140, ""TP_Pips"": 13.5, ""MaxLayers"": 1, ""Ladder"": ""flat"", ""MaxHoldSec"": 60, ""StopPips"": 4.0, ""MaxBasketRiskPct"": 5.0, ""AddMinSec"": 60, ""Session"": ""allday_0123"", ""ZEntry"": 1.25, ""ZEmaBars"": 120, ""NewsBeforeMin"": 15, ""NewsAfterMin"": 60, ""NewsCloseMode"": 0, ""DailyLossPct"": 8.0, ""MaxSpreadPts"": 25}"
101.94540550561642,101.94540550561642,1.622959838619355,0.0,0.0,3351.700000007867,518.2641608237952,64.96183536649343,569603.0,103046.0,695.0,"{""EntryMode"": 0, ""EntryTFMin"": 5, ""GridSpacingPts"": 125, ""TP_Pips"": 14.0, ""MaxLayers"": 1, ""Ladder"": ""flat"", ""MaxHoldSec"": 60, ""StopPips"": 2.0, ""MaxBasketRiskPct"": 5.0, ""AddMinSec"": 30, ""Session"": ""allday_0123"", ""ZEntry"": 1.0, ""ZEmaBars"": 120, ""NewsBeforeMin"": 60, ""NewsAfterMin"": 60, ""NewsCloseMode"": 0, ""DailyLossPct"": 3.0, ""MaxSpreadPts"": 25}"
100.79820836767949,100.79820836767949,4.881077466805812,0.0,0.0,3257.6300000204114,508.89168154670745,261.87493173668145,468805.0,187444.0,4918.0,"{""EntryMode"": 0, ""EntryTFMin"": 5, ""GridSpacingPts"": 150, ""TP_Pips"": 14.5, ""MaxLayers"": 1, ""Ladder"": ""flat"", ""MaxHoldSec"": 300, ""StopPips"": 3.0, ""MaxBasketRiskPct"": 5.0, ""AddMinSec"": 60, ""Session"": ""allday_0123"", ""ZEntry"": 1.75, ""ZEmaBars"": 120, ""NewsBeforeMin"": 15, ""NewsAfterMin"": 60, ""NewsCloseMode"": 0, ""DailyLossPct"": 8.0, ""MaxSpreadPts"": 25}"
99.44367615643925,99.44367615643925,4.842965358747393,0.0,0.0,3149.2900000028885,550.2531245451587,288.3627259853006,605146.0,103017.0,6742.0,"{""EntryMode"": 0, ""EntryTFMin"": 1, ""GridSpacingPts"": 140, ""TP_Pips"": 15.0, ""MaxLayers"": 1, ""Ladder"": ""step2"", ""MaxHoldSec"": 300, ""StopPips"": 5.0, ""MaxBasketRiskPct"": 2.0, ""AddMinSec"": 60, ""Session"": ""allday_0123"", ""ZEntry"": 1.25, ""ZEmaBars"": 120, ""NewsBeforeMin"": 15, ""NewsAfterMin"": 60, ""NewsCloseMode"": 0, ""DailyLossPct"": 8.0, ""MaxSpreadPts"": 0}"
93.06573859174232,93.06573859174232,4.19643590374936,0.0,0.0,2677.1900000079336,520.8295277803965,121.29132398220838,579018.0,96323.0,1336.0,"{""EntryMode"": 0, ""EntryTFMin"": 5, ""GridSpacingPts"": 90, ""TP_Pips"": 15.0, ""MaxLayers"": 1, ""Ladder"": ""flat"", ""MaxHoldSec"": 120, ""StopPips"": 3.0, ""MaxBasketRiskPct"": 5.0, ""AddMinSec"": 60, ""Session"": ""allday_0123"", ""ZEntry"": 1.75, ""ZEmaBars"": 120, ""NewsBeforeMin"": 15, ""NewsAfterMin"": 60, ""NewsCloseMode"": 0, ""DailyLossPct"": 3.0, ""MaxSpreadPts"": 0}"
92.0330020260305,92.0330020260305,4.49669966996225,0.0,0.0,2606.3900000031185,1291.2524042915745,123.50217095512068,1588763.0,83774.0,5096.0,"{""EntryMode"": 0, ""EntryTFMin"": 1, ""GridSpacingPts"": 130, ""TP_Pips"": 13.0, ""MaxLayers"": 1, ""Ladder"": ""flat"", ""MaxHoldSec"": 120, ""StopPips"": 5.0, ""MaxBasketRiskPct"": 5.0, ""AddMinSec"": 60, ""Session"": ""allday_0123"", ""ZEntry"": 1.25, ""ZEmaBars"": 30, ""NewsBeforeMin"": 15, ""NewsAfterMin"": 60, ""NewsCloseMode"": 0, ""DailyLossPct"": 3.0, ""MaxSpreadPts"": 0}"
91.05513806643684,91.05513806643684,2.8571428571427755,0.0,0.0,2540.7400000056236,357.71667725237586,56.05457867061158,360074.0,104139.0,543.0,"{""EntryMode"": 0, ""EntryTFMin"": 1, ""GridSpacingPts"": 120, ""TP_Pips"": 12.5, ""MaxLayers"": 1, ""Ladder"": ""flat"", ""MaxHoldSec"": 60, ""StopPips"": 2.0, ""MaxBasketRiskPct"": 2.0, ""AddMinSec"": 60, ""Session"": ""london_1013"", ""ZEntry"": 1.25, ""ZEmaBars"": 120, ""NewsBeforeMin"": 60, ""NewsAfterMin"": 15, ""NewsCloseMode"": 0, ""DailyLossPct"": 8.0, ""MaxSpreadPts"": 25}"
90.81300111541624,90.81300111541624,1.9163206643235127,0.0,0.0,2524.6900000055625,203.29513295716092,98.47376457533024,164153.0,99405.0,569.0,"{""EntryMode"": 0, ""EntryTFMin"": 1, ""GridSpacingPts"": 120, ""TP_Pips"": 15.0, ""MaxLayers"": 1, ""Ladder"": ""step2"", ""MaxHoldSec"": 120, ""StopPips"": 2.0, ""MaxBasketRiskPct"": 5.0, ""AddMinSec"": 60, ""Session"": ""london_1013"", ""ZEntry"": 1.25, ""ZEmaBars"": 90, ""NewsBeforeMin"": 30, ""NewsAfterMin"": 60, ""NewsCloseMode"": 0, ""DailyLossPct"": 3.0, ""MaxSpreadPts"": 25}"
90.73231818894331,90.73231818894331,3.078450844090137,0.0,0.0,2519.36000000452,84.47931185797766,295.8649673865788,16866.0,85768.0,7124.0,"{""EntryMode"": 0, ""EntryTFMin"": 1, ""GridSpacingPts"": 115, ""TP_Pips"": 15.0, ""MaxLayers"": 1, ""Ladder"": ""step2"", ""MaxHoldSec"": 900, ""StopPips"": 2.0, ""MaxBasketRiskPct"": 5.0, ""AddMinSec"": 60, ""Session"": ""ny_1519"", ""ZEntry"": 2.0, ""ZEmaBars"": 120, ""NewsBeforeMin"": 15, ""NewsAfterMin"": 60, ""NewsCloseMode"": 0, ""DailyLossPct"": 8.0, ""MaxSpreadPts"": 0}"
90.73231818894331,90.73231818894331,3.078450844090137,0.0,0.0,2519.36000000452,84.47931185797766,295.8649673865788,16866.0,85768.0,7124.0,"{""EntryMode"": 0, ""EntryTFMin"": 1, ""GridSpacingPts"": 130, ""TP_Pips"": 15.0, ""MaxLayers"": 1, ""Ladder"": ""step2"", ""MaxHoldSec"": 900, ""StopPips"": 2.0, ""MaxBasketRiskPct"": 5.0, ""AddMinSec"": 60, ""Session"": ""ny_1519"", ""ZEntry"": 2.0, ""ZEmaBars"": 120, ""NewsBeforeMin"": 15, ""NewsAfterMin"": 60, ""NewsCloseMode"": 0, ""DailyLossPct"": 8.0, ""MaxSpreadPts"": 0}"
90.62675531588509,90.62675531588509,3.2133781457484765,0.0,0.0,2512.4000000047695,86.21495616854946,289.24751223486703,16095.0,87474.0,8444.0,"{""EntryMode"": 0, ""EntryTFMin"": 1, ""GridSpacingPts"": 110, ""TP_Pips"": 14.0, ""MaxLayers"": 1, ""Ladder"": ""step2"", ""MaxHoldSec"": 900, ""StopPips"": 2.0, ""MaxBasketRiskPct"": 5.0, ""AddMinSec"": 60, ""Session"": ""ny_1519"", ""ZEntry"": 2.0, ""ZEmaBars"": 120, ""NewsBeforeMin"": 15, ""NewsAfterMin"": 60, ""NewsCloseMode"": 0, ""DailyLossPct"": 8.0, ""MaxSpreadPts"": 0}"
90.47772066681661,90.47772066681661,3.1886477462422804,0.0,0.0,2502.600000004683,85.24822922660792,292.8823442042576,16505.0,86519.0,7733.0,"{""EntryMode"": 0, ""EntryTFMin"": 1, ""GridSpacingPts"": 135, ""TP_Pips"": 14.5, ""MaxLayers"": 1, ""Ladder"": ""step2"", ""MaxHoldSec"": 900, ""StopPips"": 2.0, ""MaxBasketRiskPct"": 5.0, ""AddMinSec"": 60, ""Session"": ""ny_1519"", ""ZEntry"": 1.25, ""ZEmaBars"": 120, ""NewsBeforeMin"": 15, ""NewsAfterMin"": 60, ""NewsCloseMode"": 0, ""DailyLossPct"": 8.0, ""MaxSpreadPts"": 0}"
90.47772066681661,90.47772066681661,3.1886477462422804,0.0,0.0,2502.600000004683,85.24822922660792,292.8823442042576,16505.0,86519.0,7733.0,"{""EntryMode"": 0, ""EntryTFMin"": 1, ""GridSpacingPts"": 110, ""TP_Pips"": 14.5, ""MaxLayers"": 1, ""Ladder"": ""step2"", ""MaxHoldSec"": 900, ""StopPips"": 2.0, ""MaxBasketRiskPct"": 3.0, ""AddMinSec"": 60, ""Session"": ""ny_1519"", ""ZEntry"": 2.0, ""ZEmaBars"": 120, ""NewsBeforeMin"": 15, ""NewsAfterMin"": 60, ""NewsCloseMode"": 0, ""DailyLossPct"": 8.0, ""MaxSpreadPts"": 0}"
87.90082692440993,87.90082692440993,3.6954187544721377,0.0,0.0,2337.930000004662,123.29847851149817,206.90924615215837,80339.0,76549.0,3305.0,"{""EntryMode"": 0, ""EntryTFMin"": 1, ""GridSpacingPts"": 130, ""TP_Pips"": 15.0, ""MaxLayers"": 2, ""Ladder"": ""step2"", ""MaxHoldSec"": 300, ""StopPips"": 3.0, ""MaxBasketRiskPct"": 5.0, ""AddMinSec"": 15, ""Session"": ""ny_1519"", ""ZEntry"": 1.0, ""ZEmaBars"": 120, ""NewsBeforeMin"": 15, ""NewsAfterMin"": 60, ""NewsCloseMode"": 0, ""DailyLossPct"": 8.0, ""MaxSpreadPts"": 0}"
87.90082692440993,87.90082692440993,3.6954187544721377,0.0,0.0,2337.930000004662,123.29847851149817,206.90924615215837,80339.0,76549.0,3305.0,"{""EntryMode"": 0, ""EntryTFMin"": 1, ""GridSpacingPts"": 125, ""TP_Pips"": 15.0, ""MaxLayers"": 2, ""Ladder"": ""step2"", ""MaxHoldSec"": 300, ""StopPips"": 3.0, ""MaxBasketRiskPct"": 5.0, ""AddMinSec"": 60, ""Session"": ""ny_1519"", ""ZEntry"": 1.25, ""ZEmaBars"": 120, ""NewsBeforeMin"": 15, ""NewsAfterMin"": 60, ""NewsCloseMode"": 0, ""DailyLossPct"": 8.0, ""MaxSpreadPts"": 0}"
87.63550313241213,87.63550313241213,3.8533085304257564,0.0,0.0,2321.480000004668,123.48089434369574,206.51573734944137,80049.0,76694.0,3687.0,"{""EntryMode"": 0, ""EntryTFMin"": 1, ""GridSpacingPts"": 150, ""TP_Pips"": 14.5, ""MaxLayers"": 1, ""Ladder"": ""step2"", ""MaxHoldSec"": 300, ""StopPips"": 3.0, ""MaxBasketRiskPct"": 2.0, ""AddMinSec"": 60, ""Session"": ""ny_1519"", ""ZEntry"": 1.0, ""ZEmaBars"": 120, ""NewsBeforeMin"": 15, ""NewsAfterMin"": 60, ""NewsCloseMode"": 0, ""DailyLossPct"": 8.0, ""MaxSpreadPts"": 0}"
87.63550313241213,87.63550313241213,3.8533085304257564,0.0,0.0,2321.480000004668,123.48089434369574,206.51573734944137,80049.0,76694.0,3687.0,"{""EntryMode"": 0, ""EntryTFMin"": 1, ""GridSpacingPts"": 135, ""TP_Pips"": 14.5, ""MaxLayers"": 1, ""Ladder"": ""step2"", ""MaxHoldSec"": 300, ""StopPips"": 3.0, ""MaxBasketRiskPct"": 5.0, ""AddMinSec"": 15, ""Session"": ""ny_1519"", ""ZEntry"": 1.0, ""ZEmaBars"": 120, ""NewsBeforeMin"": 15, ""NewsAfterMin"": 60, ""NewsCloseMode"": 0, ""DailyLossPct"": 8.0, ""MaxSpreadPts"": 0}"
87.63550313241213,87.63550313241213,3.8533085304257564,0.0,0.0,2321.480000004668,123.48089434369574,206.51573734944137,80049.0,76694.0,3687.0,"{""EntryMode"": 0, ""EntryTFMin"": 1, ""GridSpacingPts"": 125, ""TP_Pips"": 14.5, ""MaxLayers"": 1, ""Ladder"": ""step2"", ""MaxHoldSec"": 300, ""StopPips"": 3.0, ""MaxBasketRiskPct"": 5.0, ""AddMinSec"": 15, ""Session"": ""ny_1519"", ""ZEntry"": 1.25, ""ZEmaBars"": 120, ""NewsBeforeMin"": 15, ""NewsAfterMin"": 60, ""NewsCloseMode"": 0, ""DailyLossPct"": 8.0, ""MaxSpreadPts"": 0}"
87.63550313241213,87.63550313241213,3.8533085304257564,0.0,0.0,2321.480000004668,123.48089434369574,206.51573734944137,80049.0,76694.0,3687.0,"{""EntryMode"": 0, ""EntryTFMin"": 1, ""GridSpacingPts"": 100, ""TP_Pips"": 14.5, ""MaxLayers"": 1, ""Ladder"": ""step2"", ""MaxHoldSec"": 300, ""StopPips"": 3.0, ""MaxBasketRiskPct"": 5.0, ""AddMinSec"": 15, ""Session"": ""ny_1519"", ""ZEntry"": 1.25, ""ZEmaBars"": 120, ""NewsBeforeMin"": 15, ""NewsAfterMin"": 60, ""NewsCloseMode"": 0, ""DailyLossPct"": 8.0, ""MaxSpreadPts"": 0}"
85.30696238564725,85.30696238564725,2.5714417616896488,0.0,0.0,2181.045000003516,2530.9280789816344,30.090212162788873,3154094.0,133855.0,307.0,"{""EntryMode"": 0, ""EntryTFMin"": 1, ""GridSpacingPts"": 120, ""TP_Pips"": 13.0, ""MaxLayers"": 1, ""Ladder"": ""flat"", ""MaxHoldSec"": 30, ""StopPips"": 2.0, ""MaxBasketRiskPct"": 5.0, ""AddMinSec"": 60, ""Session"": ""allday_0123"", ""ZEntry"": 1.75, ""ZEmaBars"": 120, ""NewsBeforeMin"": 30, ""NewsAfterMin"": 15, ""NewsCloseMode"": 0, ""DailyLossPct"": 8.0, ""MaxSpreadPts"": 25}"
84.89769322633916,84.89769322633916,3.5090823307342194,0.0,0.0,2157.080000005099,183.58729589632236,122.81849728039957,7217.0,152068.0,79237.0,"{""EntryMode"": 0, ""EntryTFMin"": 1, ""GridSpacingPts"": 105, ""TP_Pips"": 4.0, ""MaxLayers"": 4, ""Ladder"": ""flat"", ""MaxHoldSec"": 600, ""StopPips"": 2.0, ""MaxBasketRiskPct"": 1.0, ""AddMinSec"": 60, ""Session"": ""ny_1519"", ""ZEntry"": 2.0, ""ZEmaBars"": 60, ""NewsBeforeMin"": 60, ""NewsAfterMin"": 15, ""NewsCloseMode"": 2, ""DailyLossPct"": 8.0, ""MaxSpreadPts"": 25}"
84.09335012713551,84.09335012713551,2.3228002391775378,0.0,0.0,2110.5950000028142,2521.128423388641,30.102434986792574,3146147.0,129204.0,173.0,"{""EntryMode"": 0, ""EntryTFMin"": 1, ""GridSpacingPts"": 150, ""TP_Pips"": 15.0, ""MaxLayers"": 1, ""Ladder"": ""step2"", ""MaxHoldSec"": 30, ""StopPips"": 2.0, ""MaxBasketRiskPct"": 2.0, ""AddMinSec"": 60, ""Session"": ""allday_0123"", ""ZEntry"": 1.25, ""ZEmaBars"": 120, ""NewsBeforeMin"": 15, ""NewsAfterMin"": 60, ""NewsCloseMode"": 0, ""DailyLossPct"": 8.0, ""MaxSpreadPts"": 0}"
82.7706903002714,82.7706903002714,4.064451887388897,0.0,0.0,2035.9000000021972,128.14365852704117,196.97432978274287,73546.0,80372.0,12570.0,"{""EntryMode"": 0, ""EntryTFMin"": 1, ""GridSpacingPts"": 135, ""TP_Pips"": 9.5, ""MaxLayers"": 1, ""Ladder"": ""step2"", ""MaxHoldSec"": 300, ""StopPips"": 3.0, ""MaxBasketRiskPct"": 5.0, ""AddMinSec"": 60, ""Session"": ""ny_1519"", ""ZEntry"": 1.0, ""ZEmaBars"": 120, ""NewsBeforeMin"": 15, ""NewsAfterMin"": 60, ""NewsCloseMode"": 0, ""DailyLossPct"": 8.0, ""MaxSpreadPts"": 0}"
81.26522038504278,81.26522038504278,1.9528198718954024,0.0,0.0,1953.4700000014411,216.43676974594268,261.1269859942778,199051.0,81495.0,655.0,"{""EntryMode"": 0, ""EntryTFMin"": 1, ""GridSpacingPts"": 145, ""TP_Pips"": 14.5, ""MaxLayers"": 2, ""Ladder"": ""step2"", ""MaxHoldSec"": 300, ""StopPips"": 2.0, ""MaxBasketRiskPct"": 5.0, ""AddMinSec"": 60, ""Session"": ""asia_0109"", ""ZEntry"": 1.25, ""ZEmaBars"": 120, ""NewsBeforeMin"": 15, ""NewsAfterMin"": 15, ""NewsCloseMode"": 0, ""DailyLossPct"": 8.0, ""MaxSpreadPts"": 0}"
80.62528006910523,80.62528006910523,2.115954295385308,0.0,0.0,1919.250000001504,520.1668272254508,67.36073988966012,625108.0,50091.0,617.0,"{""EntryMode"": 0, ""EntryTFMin"": 5, ""GridSpacingPts"": 135, ""TP_Pips"": 15.0, ""MaxLayers"": 1, ""Ladder"": ""flat"", ""MaxHoldSec"": 60, ""StopPips"": 3.0, ""MaxBasketRiskPct"": 3.0, ""AddMinSec"": 15, ""Session"": ""allday_0123"", ""ZEntry"": 1.25, ""ZEmaBars"": 120, ""NewsBeforeMin"": 30, ""NewsAfterMin"": 60, ""NewsCloseMode"": 0, ""DailyLossPct"": 8.0, ""MaxSpreadPts"": 25}"
80.14720825510517,80.14720825510517,2.25923355694003,0.0,0.0,1894.000000001243,472.0128959605712,120.47326554164138,533630.0,79217.0,406.0,"{""EntryMode"": 0, ""EntryTFMin"": 1, ""GridSpacingPts"": 120, ""TP_Pips"": 14.0, ""MaxLayers"": 1, ""Ladder"": ""flat"", ""MaxHoldSec"": 120, ""StopPips"": 2.0, ""MaxBasketRiskPct"": 5.0, ""AddMinSec"": 60, ""Session"": ""asia_0109"", ""ZEntry"": 1.5, ""ZEmaBars"": 90, ""NewsBeforeMin"": 15, ""NewsAfterMin"": 60, ""NewsCloseMode"": 0, ""DailyLossPct"": 3.0, ""MaxSpreadPts"": 0}"
78.56831423043809,78.56831423043809,2.1256695859176427,0.0,0.0,1812.4900000015625,518.2641608237952,67.2111270298507,621534.0,49845.0,1965.0,"{""EntryMode"": 0, ""EntryTFMin"": 5, ""GridSpacingPts"": 150, ""TP_Pips"": 10.0, ""MaxLayers"": 1, ""Ladder"": ""flat"", ""MaxHoldSec"": 60, ""StopPips"": 3.0, ""MaxBasketRiskPct"": 5.0, ""AddMinSec"": 60, ""Session"": ""allday_0123"", ""ZEntry"": 1.25, ""ZEmaBars"": 120, ""NewsBeforeMin"": 60, ""NewsAfterMin"": 60, ""NewsCloseMode"": 0, ""DailyLossPct"": 8.0, ""MaxSpreadPts"": 0}"
78.00444145148045,78.00444145148045,4.028841820637851,0.0,0.0,1784.0700000012357,251.3066721167386,116.64447116415334,251911.0,74140.0,454.0,"{""EntryMode"": 0, ""EntryTFMin"": 1, ""GridSpacingPts"": 135, ""TP_Pips"": 14.5, ""MaxLayers"": 1, ""Ladder"": ""flat"", ""MaxHoldSec"": 120, ""StopPips"": 2.0, ""MaxBasketRiskPct"": 5.0, ""AddMinSec"": 60, ""Session"": ""lateny_1923"", ""ZEntry"": 1.5, ""ZEmaBars"": 30, ""NewsBeforeMin"": 15, ""NewsAfterMin"": 60, ""NewsCloseMode"": 0, ""DailyLossPct"": 3.0, ""MaxSpreadPts"": 0}"
77.96788737589075,77.96788737589075,4.005376344083967,0.0,0.0,1782.240000001245,250.82715708104627,116.65842567953975,251399.0,73972.0,511.0,"{""EntryMode"": 0, ""EntryTFMin"": 1, ""GridSpacingPts"": 150, ""TP_Pips"": 14.0, ""MaxLayers"": 1, ""Ladder"": ""step1"", ""MaxHoldSec"": 120, ""StopPips"": 2.0, ""MaxBasketRiskPct"": 5.0, ""AddMinSec"": 15, ""Session"": ""lateny_1923"", ""ZEntry"": 1.0, ""ZEmaBars"": 120, ""NewsBeforeMin"": 30, ""NewsAfterMin"": 60, ""NewsCloseMode"": 0, ""DailyLossPct"": 8.0, ""MaxSpreadPts"": 25}"
76.8879722933659,76.8879722933659,3.278924282732193,0.0,0.0,1728.8500000016352,65.92831444183508,386.3649005551719,19272.0,59355.0,7029.0,"{""EntryMode"": 0, ""EntryTFMin"": 1, ""GridSpacingPts"": 140, ""TP_Pips"": 15.0, ""MaxLayers"": 1, ""Ladder"": ""step2"", ""MaxHoldSec"": 900, ""StopPips"": 3.0, ""MaxBasketRiskPct"": 5.0, ""AddMinSec"": 60, ""Session"": ""ny_1519"", ""ZEntry"": 1.75, ""ZEmaBars"": 120, ""NewsBeforeMin"": 15, ""NewsAfterMin"": 60, ""NewsCloseMode"": 0, ""DailyLossPct"": 8.0, ""MaxSpreadPts"": 0}"
75.96228004561661,75.96228004561661,2.3244433569845926,0.0,0.0,1684.1100000010397,886.8950005257977,64.61109950595693,1085596.0,66418.0,266.0,"{""EntryMode"": 0, ""EntryTFMin"": 1, ""GridSpacingPts"": 150, ""TP_Pips"": 14.0, ""MaxLayers"": 1, ""Ladder"": ""flat"", ""MaxHoldSec"": 60, ""StopPips"": 2.0, ""MaxBasketRiskPct"": 5.0, ""AddMinSec"": 30, ""Session"": ""asia_0109"", ""ZEntry"": 1.0, ""ZEmaBars"": 120, ""NewsBeforeMin"": 30, ""NewsAfterMin"": 60, ""NewsCloseMode"": 0, ""DailyLossPct"": 3.0, ""MaxSpreadPts"": 0}"
75.1953719055226,75.1953719055226,2.7063197026010735,0.0,0.0,1647.7500000021473,111.22593704306416,233.78456555274892,88451.0,52858.0,3199.0,"{""EntryMode"": 0, ""EntryTFMin"": 1, ""GridSpacingPts"": 135, ""TP_Pips"": 15.0, ""MaxLayers"": 2, ""Ladder"": ""step2"", ""MaxHoldSec"": 300, ""StopPips"": 4.0, ""MaxBasketRiskPct"": 5.0, ""AddMinSec"": 60, ""Session"": ""ny_1519"", ""ZEntry"": 1.0, ""ZEmaBars"": 120, ""NewsBeforeMin"": 15, ""NewsAfterMin"": 60, ""NewsCloseMode"": 0, ""DailyLossPct"": 8.0, ""MaxSpreadPts"": 0}"
74.07100006255594,74.07100006255594,2.6703836842480047,0.0,0.0,1595.5800000021122,111.7277730033714,232.44873565014694,87495.0,53238.0,4427.0,"{""EntryMode"": 0, ""EntryTFMin"": 1, ""GridSpacingPts"": 130, ""TP_Pips"": 13.5, ""MaxLayers"": 2, ""Ladder"": ""step2"", ""MaxHoldSec"": 300, ""StopPips"": 4.0, ""MaxBasketRiskPct"": 5.0, ""AddMinSec"": 60, ""Session"": ""ny_1519"", ""ZEntry"": 1.0, ""ZEmaBars"": 120, ""NewsBeforeMin"": 15, ""NewsAfterMin"": 60, ""NewsCloseMode"": 0, ""DailyLossPct"": 8.0, ""MaxSpreadPts"": 0}"
72.73236226125903,72.73236226125903,2.712546726731656,0.0,0.0,1535.200000001126,121.73986222373414,242.18991560720215,90336.0,66765.0,1067.0,"{""EntryMode"": 0, ""EntryTFMin"": 1, ""GridSpacingPts"": 145, ""TP_Pips"": 14.0, ""MaxLayers"": 2, ""Ladder"": ""step2"", ""MaxHoldSec"": 300, ""StopPips"": 2.0, ""MaxBasketRiskPct"": 5.0, ""AddMinSec"": 60, ""Session"": ""lateny_1923"", ""ZEntry"": 1.0, ""ZEmaBars"": 120, ""NewsBeforeMin"": 15, ""NewsAfterMin"": 60, ""NewsCloseMode"": 0, ""DailyLossPct"": 8.0, ""MaxSpreadPts"": 0}"
71.45867376191129,71.45867376191129,2.635496016108796,0.0,0.0,1479.4600000014218,91.40572567209546,227.63574075454878,66017.0,50638.0,2102.0,"{""EntryMode"": 0, ""EntryTFMin"": 1, ""GridSpacingPts"": 145, ""TP_Pips"": 13.5, ""MaxLayers"": 1, ""Ladder"": ""flat"", ""MaxHoldSec"": 300, ""StopPips"": 3.0, ""MaxBasketRiskPct"": 5.0, ""AddMinSec"": 60, ""Session"": ""london_1013"", ""ZEntry"": 1.5, ""ZEmaBars"": 120, ""NewsBeforeMin"": 15, ""NewsAfterMin"": 60, ""NewsCloseMode"": 0, ""DailyLossPct"": 8.0, ""MaxSpreadPts"": 25}"
68.26656236738269,68.26656236738269,2.7107101795323065,0.0,0.0,1346.850000001089,2521.128423388641,30.27623148905477,3235310.0,40033.0,181.0,"{""EntryMode"": 0, ""EntryTFMin"": 1, ""GridSpacingPts"": 140, ""TP_Pips"": 15.0, ""MaxLayers"": 2, ""Ladder"": ""flat"", ""MaxHoldSec"": 30, ""StopPips"": 3.0, ""MaxBasketRiskPct"": 5.0, ""AddMinSec"": 60, ""Session"": ""allday_0123"", ""ZEntry"": 1.5, ""ZEmaBars"": 120, ""NewsBeforeMin"": 15, ""NewsAfterMin"": 60, ""NewsCloseMode"": 2, ""DailyLossPct"": 8.0, ""MaxSpreadPts"": 0}"
68.24568093396756,68.24568093396756,2.2729282745178776,0.0,0.0,1346.0150000010863,2516.253225577926,30.27688488779853,3229071.0,39938.0,181.0,"{""EntryMode"": 0, ""EntryTFMin"": 1, ""GridSpacingPts"": 150, ""TP_Pips"": 15.0, ""MaxLayers"": 1, ""Ladder"": ""flat"", ""MaxHoldSec"": 30, ""StopPips"": 3.0, ""MaxBasketRiskPct"": 5.0, ""AddMinSec"": 60, ""Session"": ""allday_0123"", ""ZEntry"": 1.25, ""ZEmaBars"": 90, ""NewsBeforeMin"": 30, ""NewsAfterMin"": 60, ""NewsCloseMode"": 0, ""DailyLossPct"": 8.0, ""MaxSpreadPts"": 25}"
67.59214150799886,67.59214150799886,2.6532590259234006,0.0,0.0,1320.0900000014572,357.71667725237586,59.44056371023349,413540.0,50305.0,911.0,"{""EntryMode"": 0, ""EntryTFMin"": 1, ""GridSpacingPts"": 150, ""TP_Pips"": 11.0, ""MaxLayers"": 1, ""Ladder"": ""flat"", ""MaxHoldSec"": 60, ""StopPips"": 3.0, ""MaxBasketRiskPct"": 5.0, ""AddMinSec"": 15, ""Session"": ""london_1013"", ""ZEntry"": 1.5, ""ZEmaBars"": 120, ""NewsBeforeMin"": 60, ""NewsAfterMin"": 15, ""NewsCloseMode"": 0, ""DailyLossPct"": 8.0, ""MaxSpreadPts"": 25}"
66.3995066392836,66.3995066392836,4.117538688280825,0.0,0.0,1273.810000001914,55.73919719866458,460.85229145228806,21215.0,43893.0,7310.0,"{""EntryMode"": 0, ""EntryTFMin"": 1, ""GridSpacingPts"": 145, ""TP_Pips"": 14.5, ""MaxLayers"": 1, ""Ladder"": ""step2"", ""MaxHoldSec"": 900, ""StopPips"": 4.0, ""MaxBasketRiskPct"": 5.0, ""AddMinSec"": 60, ""Session"": ""ny_1519"", ""ZEntry"": 1.5, ""ZEmaBars"": 120, ""NewsBeforeMin"": 15, ""NewsAfterMin"": 60, ""NewsCloseMode"": 0, ""DailyLossPct"": 8.0, ""MaxSpreadPts"": 0}"
66.34823721915637,66.34823721915637,4.211783439487347,0.0,0.0,1271.8500000019758,56.31723217748472,455.8124823335503,20811.0,44382.0,7976.0,"{""EntryMode"": 0, ""EntryTFMin"": 1, ""GridSpacingPts"": 150, ""TP_Pips"": 14.0, ""MaxLayers"": 1, ""Ladder"": ""step2"", ""MaxHoldSec"": 900, ""StopPips"": 4.0, ""MaxBasketRiskPct"": 5.0, ""AddMinSec"": 60, ""Session"": ""ny_1519"", ""ZEntry"": 1.25, ""ZEmaBars"": 120, ""NewsBeforeMin"": 15, ""NewsAfterMin"": 60, ""NewsCloseMode"": 0, ""DailyLossPct"": 8.0, ""MaxSpreadPts"": 0}"
65.90193987198614,65.90193987198614,6.400635649329612,0.0,0.0,1254.8900000008534,57.20852978796904,232.90292957103955,46187.0,27420.0,720.0,"{""EntryMode"": 1, ""EntryTFMin"": 1, ""GridSpacingPts"": 150, ""TP_Pips"": 14.0, ""MaxLayers"": 1, ""Ladder"": ""flat"", ""MaxHoldSec"": 300, ""StopPips"": 3.0, ""MaxBasketRiskPct"": 5.0, ""AddMinSec"": 60, ""Session"": ""allday_0123"", ""ZEntry"": 1.25, ""ZEmaBars"": 120, ""NewsBeforeMin"": 15, ""NewsAfterMin"": 15, ""NewsCloseMode"": 0, ""DailyLossPct"": 8.0, ""MaxSpreadPts"": 0}"
65.37771013743716,65.37771013743716,3.4447634040175985,0.0,0.0,1235.2000000017636,104.43960627308121,251.91798832297863,94608.0,37605.0,3478.0,"{""EntryMode"": 0, ""EntryTFMin"": 1, ""GridSpacingPts"": 30, ""TP_Pips"": 14.5, ""MaxLayers"": 1, ""Ladder"": ""step2"", ""MaxHoldSec"": 300, ""StopPips"": 5.0, ""MaxBasketRiskPct"": 5.0, ""AddMinSec"": 15, ""Session"": ""ny_1519"", ""ZEntry"": 1.0, ""ZEmaBars"": 120, ""NewsBeforeMin"": 15, ""NewsAfterMin"": 60, ""NewsCloseMode"": 0, ""DailyLossPct"": 8.0, ""MaxSpreadPts"": 0}"
65.33159986714239,65.33159986714239,5.9414441487056795,0.0,0.0,1233.4800000005125,114.98047050070019,55.228649037952685,120052.0,29264.0,70.0,"{""EntryMode"": 1, ""EntryTFMin"": 1, ""GridSpacingPts"": 140, ""TP_Pips"": 14.5, ""MaxLayers"": 1, ""Ladder"": ""flat"", ""MaxHoldSec"": 60, ""StopPips"": 2.0, ""MaxBasketRiskPct"": 5.0, ""AddMinSec"": 60, ""Session"": ""allday_0123"", ""ZEntry"": 1.25, ""ZEmaBars"": 120, ""NewsBeforeMin"": 30, ""NewsAfterMin"": 60, ""NewsCloseMode"": 0, ""DailyLossPct"": 8.0, ""MaxSpreadPts"": 25}"
65.25148213191827,65.25148213191827,12.19500715921615,0.0,0.0,1230.4960140015394,90.48133151821665,214.42799751568353,62267.0,53068.0,2221.0,"{""EntryMode"": 0, ""EntryTFMin"": 5, ""GridSpacingPts"": 55, ""TP_Pips"": 14.5, ""MaxLayers"": 4, ""Ladder"": ""flat"", ""MaxHoldSec"": 300, ""StopPips"": 3.0, ""MaxBasketRiskPct"": 1.0, ""AddMinSec"": 30, ""Session"": ""ny_1519"", ""ZEntry"": 1.25, ""ZEmaBars"": 90, ""NewsBeforeMin"": 30, ""NewsAfterMin"": 60, ""NewsCloseMode"": 2, ""DailyLossPct"": 3.0, ""MaxSpreadPts"": 25}"
65.0127863899817,65.0127863899817,2.1953327571301653,0.0,0.0,1221.6400000007286,675.1741033700428,63.26275130964194,825091.0,51871.0,244.0,"{""EntryMode"": 0, ""EntryTFMin"": 1, ""GridSpacingPts"": 130, ""TP_Pips"": 13.0, ""MaxLayers"": 1, ""Ladder"": ""flat"", ""MaxHoldSec"": 60, ""StopPips"": 2.0, ""MaxBasketRiskPct"": 5.0, ""AddMinSec"": 60, ""Session"": ""asia_0309"", ""ZEntry"": 1.25, ""ZEmaBars"": 120, ""NewsBeforeMin"": 60, ""NewsAfterMin"": 15, ""NewsCloseMode"": 0, ""DailyLossPct"": 8.0, ""MaxSpreadPts"": 25}"
64.90560464289447,64.90560464289447,3.396928804094034,0.0,0.0,1217.680000001805,104.61586460883329,251.38591975750046,94280.0,37743.0,3897.0,"{""EntryMode"": 0, ""EntryTFMin"": 1, ""GridSpacingPts"": 130, ""TP_Pips"": 14.0, ""MaxLayers"": 3, ""Ladder"": ""step2"", ""MaxHoldSec"": 300, ""StopPips"": 5.0, ""MaxBasketRiskPct"": 5.0, ""AddMinSec"": 60, ""Session"": ""ny_1519"", ""ZEntry"": 1.0, ""ZEmaBars"": 120, ""NewsBeforeMin"": 15, ""NewsAfterMin"": 60, ""NewsCloseMode"": 0, ""DailyLossPct"": 8.0, ""MaxSpreadPts"": 0}"
64.90560464289447,64.90560464289447,3.396928804094034,0.0,0.0,1217.680000001805,104.61586460883329,251.38591975750046,94280.0,37743.0,3897.0,"{""EntryMode"": 0, ""EntryTFMin"": 1, ""GridSpacingPts"": 135, ""TP_Pips"": 14.0, ""MaxLayers"": 1, ""Ladder"": ""step2"", ""MaxHoldSec"": 300, ""StopPips"": 5.0, ""MaxBasketRiskPct"": 5.0, ""AddMinSec"": 60, ""Session"": ""ny_1519"", ""ZEntry"": 1.0, ""ZEmaBars"": 120, ""NewsBeforeMin"": 15, ""NewsAfterMin"": 60, ""NewsCloseMode"": 0, ""DailyLossPct"": 8.0, ""MaxSpreadPts"": 0}"
64.90560464289447,64.90560464289447,3.396928804094034,0.0,0.0,1217.680000001805,104.61586460883329,251.38591975750046,94280.0,37743.0,3897.0,"{""EntryMode"": 0, ""EntryTFMin"": 1, ""GridSpacingPts"": 140, ""TP_Pips"": 14.0, ""MaxLayers"": 1, ""Ladder"": ""step2"", ""MaxHoldSec"": 300, ""StopPips"": 5.0, ""MaxBasketRiskPct"": 5.0, ""AddMinSec"": 60, ""Session"": ""ny_1519"", ""ZEntry"": 1.0, ""ZEmaBars"": 120, ""NewsBeforeMin"": 15, ""NewsAfterMin"": 60, ""NewsCloseMode"": 0, ""DailyLossPct"": 8.0, ""MaxSpreadPts"": 0}"
64.90560464289447,64.90560464289447,3.396928804094034,0.0,0.0,1217.680000001805,104.61586460883329,251.38591975750046,94280.0,37743.0,3897.0,"{""EntryMode"": 0, ""EntryTFMin"": 1, ""GridSpacingPts"": 140, ""TP_Pips"": 14.0, ""MaxLayers"": 3, ""Ladder"": ""step2"", ""MaxHoldSec"": 300, ""StopPips"": 5.0, ""MaxBasketRiskPct"": 5.0, ""AddMinSec"": 60, ""Session"": ""ny_1519"", ""ZEntry"": 1.0, ""ZEmaBars"": 120, ""NewsBeforeMin"": 15, ""NewsAfterMin"": 60, ""NewsCloseMode"": 0, ""DailyLossPct"": 8.0, ""MaxSpreadPts"": 0}"
64.24282530367206,64.24282530367206,3.994096485558197,0.0,0.0,1193.4200000018232,104.98993251789666,250.27249193978267,93577.0,37955.0,4874.0,"{""EntryMode"": 0, ""EntryTFMin"": 1, ""GridSpacingPts"": 150, ""TP_Pips"": 13.0, ""MaxLayers"": 1, ""Ladder"": ""step2"", ""MaxHoldSec"": 300, ""StopPips"": 5.0, ""MaxBasketRiskPct"": 5.0, ""AddMinSec"": 60, ""Session"": ""ny_1519"", ""ZEntry"": 1.0, ""ZEmaBars"": 120, ""NewsBeforeMin"": 15, ""NewsAfterMin"": 60, ""NewsCloseMode"": 0, ""DailyLossPct"": 8.0, ""MaxSpreadPts"": 0}"
64.20838455034198,64.20838455034198,3.628621679162257,0.0,0.0,1192.1700000017042,104.77903826463871,250.8891621386195,93941.0,37848.0,4343.0,"{""EntryMode"": 0, ""EntryTFMin"": 1, ""GridSpacingPts"": 145, ""TP_Pips"": 13.5, ""MaxLayers"": 1, ""Ladder"": ""step2"", ""MaxHoldSec"": 300, ""StopPips"": 5.0, ""MaxBasketRiskPct"": 5.0, ""AddMinSec"": 60, ""Session"": ""ny_1519"", ""ZEntry"": 1.0, ""ZEmaBars"": 120, ""NewsBeforeMin"": 15, ""NewsAfterMin"": 60, ""NewsCloseMode"": 0, ""DailyLossPct"": 8.0, ""MaxSpreadPts"": 0}"
64.20838455034198,64.20838455034198,3.628621679162257,0.0,0.0,1192.1700000017042,104.77903826463871,250.8891621386195,93941.0,37848.0,4343.0,"{""EntryMode"": 0, ""EntryTFMin"": 1, ""GridSpacingPts"": 150, ""TP_Pips"": 13.5, ""MaxLayers"": 1, ""Ladder"": ""step2"", ""MaxHoldSec"": 300, ""StopPips"": 5.0, ""MaxBasketRiskPct"": 5.0, ""AddMinSec"": 15, ""Session"": ""ny_1519"", ""ZEntry"": 1.0, ""ZEmaBars"": 120, ""NewsBeforeMin"": 15, ""NewsAfterMin"": 60, ""NewsCloseMode"": 0, ""DailyLossPct"": 8.0, ""MaxSpreadPts"": 0}"
61.881499811468444,61.881499811468444,8.501715592822437,0.0,0.0,1110.1100000015158,234.1264873467727,114.02066547299181,267747.0,34396.0,2041.0,"{""EntryMode"": 0, ""EntryTFMin"": 1, ""GridSpacingPts"": 145, ""TP_Pips"": 13.5, ""MaxLayers"": 1, ""Ladder"": ""step2"", ""MaxHoldSec"": 120, ""StopPips"": 5.0, ""MaxBasketRiskPct"": 5.0, ""AddMinSec"": 60, ""Session"": ""ny_1519"", ""ZEntry"": 1.0, ""ZEmaBars"": 120, ""NewsBeforeMin"": 15, ""NewsAfterMin"": 60, ""NewsCloseMode"": 0, ""DailyLossPct"": 8.0, ""MaxSpreadPts"": 0}"
61.371106429009515,61.371106429009515,4.83723586521497,0.0,0.0,1092.7300000007672,71.58705367523812,197.5047277182403,40826.0,51343.0,839.0,"{""EntryMode"": 0, ""EntryTFMin"": 5, ""GridSpacingPts"": 145, ""TP_Pips"": 15.0, ""MaxLayers"": 1, ""Ladder"": ""step2"", ""MaxHoldSec"": 300, ""StopPips"": 2.0, ""MaxBasketRiskPct"": 5.0, ""AddMinSec"": 60, ""Session"": ""london_1013"", ""ZEntry"": 1.0, ""ZEmaBars"": 120, ""NewsBeforeMin"": 60, ""NewsAfterMin"": 60, ""NewsCloseMode"": 0, ""DailyLossPct"": 8.0, ""MaxSpreadPts"": 0}"
59.988800542797115,59.988800542797115,3.5552897394909313,0.0,0.0,1046.7500000026275,121.33808558066607,209.74808057753847,73846.0,58835.0,24965.0,"{""EntryMode"": 0, ""EntryTFMin"": 1, ""GridSpacingPts"": 145, ""TP_Pips"": 7.0, ""MaxLayers"": 1, ""Ladder"": ""step2"", ""MaxHoldSec"": 300, ""StopPips"": 4.0, ""MaxBasketRiskPct"": 5.0, ""AddMinSec"": 60, ""Session"": ""ny_1519"", ""ZEntry"": 1.0, ""ZEmaBars"": 120, ""NewsBeforeMin"": 15, ""NewsAfterMin"": 60, ""NewsCloseMode"": 0, ""DailyLossPct"": 8.0, ""MaxSpreadPts"": 0}"
59.83035345241701,59.83035345241701,3.230797233344724,0.0,0.0,1041.5800000005074,71.76485138510158,104.10810909785145,58256.0,34741.0,242.0,"{""EntryMode"": 0, ""EntryTFMin"": 5, ""GridSpacingPts"": 110, ""TP_Pips"": 15.0, ""MaxLayers"": 1, ""Ladder"": ""step1"", ""MaxHoldSec"": 120, ""StopPips"": 2.0, ""MaxBasketRiskPct"": 5.0, ""AddMinSec"": 0, ""Session"": ""london_1013"", ""ZEntry"": 1.0, ""ZEmaBars"": 30, ""NewsBeforeMin"": 15, ""NewsAfterMin"": 30, ""NewsCloseMode"": 0, ""DailyLossPct"": 8.0, ""MaxSpreadPts"": 25}"
59.83035345241701,59.83035345241701,3.230797233344724,0.0,0.0,1041.5800000005074,71.76485138510158,104.10810909785145,58256.0,34741.0,242.0,"{""EntryMode"": 0, ""EntryTFMin"": 5, ""GridSpacingPts"": 105, ""TP_Pips"": 15.0, ""MaxLayers"": 1, ""Ladder"": ""step1"", ""MaxHoldSec"": 120, ""StopPips"": 2.0, ""MaxBasketRiskPct"": 5.0, ""AddMinSec"": 0, ""Session"": ""london_1013"", ""ZEntry"": 1.25, ""ZEmaBars"": 30, ""NewsBeforeMin"": 15, ""NewsAfterMin"": 30, ""NewsCloseMode"": 0, ""DailyLossPct"": 8.0, ""MaxSpreadPts"": 25}"
59.656782989246146,59.656782989246146,3.1678245904733933,0.0,0.0,1035.9400000005014,71.76485138510158,104.05597777639015,58155.0,34739.0,345.0,"{""EntryMode"": 0, ""EntryTFMin"": 5, ""GridSpacingPts"": 100, ""TP_Pips"": 13.5, ""MaxLayers"": 1, ""Ladder"": ""step1"", ""MaxHoldSec"": 120, ""StopPips"": 2.0, ""MaxBasketRiskPct"": 5.0, ""AddMinSec"": 0, ""Session"": ""london_1013"", ""ZEntry"": 1.25, ""ZEmaBars"": 30, ""NewsBeforeMin"": 15, ""NewsAfterMin"": 30, ""NewsCloseMode"": 0, ""DailyLossPct"": 8.0, ""MaxSpreadPts"": 25}"
57.85587945045514,57.85587945045514,3.7090558766856097,0.0,0.0,978.850000001049,107.94245206350793,279.0103830728218,101829.0,37554.0,859.0,"{""EntryMode"": 0, ""EntryTFMin"": 1, ""GridSpacingPts"": 145, ""TP_Pips"": 15.0, ""MaxLayers"": 2, ""Ladder"": ""step2"", ""MaxHoldSec"": 300, ""StopPips"": 3.0, ""MaxBasketRiskPct"": 5.0, ""AddMinSec"": 60, ""Session"": ""lateny_1923"", ""ZEntry"": 1.0, ""ZEmaBars"": 120, ""NewsBeforeMin"": 15, ""NewsAfterMin"": 60, ""NewsCloseMode"": 0, ""DailyLossPct"": 8.0, ""MaxSpreadPts"": 0}"
57.77446897126855,57.77446897126855,8.140253320971771,0.0,0.0,976.3300000012994,50.161275106108555,399.03315698342385,14708.0,44006.0,6457.0,"{""EntryMode"": 0, ""EntryTFMin"": 5, ""GridSpacingPts"": 150, ""TP_Pips"": 13.0, ""MaxLayers"": 2, ""Ladder"": ""step2"", ""MaxHoldSec"": 900, ""StopPips"": 3.0, ""MaxBasketRiskPct"": 5.0, ""AddMinSec"": 60, ""Session"": ""ny_1519"", ""ZEntry"": 1.25, ""ZEmaBars"": 120, ""NewsBeforeMin"": 15, ""NewsAfterMin"": 60, ""NewsCloseMode"": 0, ""DailyLossPct"": 8.0, ""MaxSpreadPts"": 0}"
57.678629023705355,57.678629023705355,2.187369592432053,0.0,0.0,973.3700000006459,2521.128423388641,30.319446639071067,3259318.0,16019.0,187.0,"{""EntryMode"": 0, ""EntryTFMin"": 1, ""GridSpacingPts"": 135, ""TP_Pips"": 15.0, ""MaxLayers"": 1, ""Ladder"": ""flat"", ""MaxHoldSec"": 30, ""StopPips"": 4.0, ""MaxBasketRiskPct"": 5.0, ""AddMinSec"": 60, ""Session"": ""allday_0123"", ""ZEntry"": 1.5, ""ZEmaBars"": 120, ""NewsBeforeMin"": 15, ""NewsAfterMin"": 60, ""NewsCloseMode"": 0, ""DailyLossPct"": 8.0, ""MaxSpreadPts"": 25}"
56.56803507708996,56.56803507708996,6.942256001478471,0.0,0.0,939.5900000014597,50.051979544201146,515.0870867132166,22369.0,34355.0,8305.0,"{""EntryMode"": 0, ""EntryTFMin"": 1, ""GridSpacingPts"": 120, ""TP_Pips"": 13.5, ""MaxLayers"": 1, ""Ladder"": ""step2"", ""MaxHoldSec"": 900, ""StopPips"": 5.0, ""MaxBasketRiskPct"": 5.0, ""AddMinSec"": 60, ""Session"": ""ny_1519"", ""ZEntry"": 2.0, ""ZEmaBars"": 120, ""NewsBeforeMin"": 15, ""NewsAfterMin"": 60, ""NewsCloseMode"": 0, ""DailyLossPct"": 8.0, ""MaxSpreadPts"": 0}"
53.96745763882676,53.96745763882676,10.829559687812743,0.0,0.0,864.1500000013679,36.11140759161736,706.8788891132338,7730.0,30845.0,8342.0,"{""EntryMode"": 0, ""EntryTFMin"": 1, ""GridSpacingPts"": 140, ""TP_Pips"": 15.0, ""MaxLayers"": 1, ""Ladder"": ""step2"", ""MaxHoldSec"": 1800, ""StopPips"": 5.0, ""MaxBasketRiskPct"": 5.0, ""AddMinSec"": 60, ""Session"": ""ny_1519"", ""ZEntry"": 1.0, ""ZEmaBars"": 120, ""NewsBeforeMin"": 15, ""NewsAfterMin"": 60, ""NewsCloseMode"": 0, ""DailyLossPct"": 8.0, ""MaxSpreadPts"": 0}"
53.51699756241703,53.51699756241703,5.438790560462454,0.0,0.0,851.5900000017544,100.22018183381087,264.67754836558527,99511.0,27327.0,3371.0,"{""EntryMode"": 0, ""EntryTFMin"": 1, ""GridSpacingPts"": 135, ""TP_Pips"": 14.5, ""MaxLayers"": 2, ""Ladder"": ""step2"", ""MaxHoldSec"": 300, ""StopPips"": 6.0, ""MaxBasketRiskPct"": 5.0, ""AddMinSec"": 60, ""Session"": ""ny_1519"", ""ZEntry"": 1.0, ""ZEmaBars"": 120, ""NewsBeforeMin"": 15, ""NewsAfterMin"": 60, ""NewsCloseMode"": 0, ""DailyLossPct"": 8.0, ""MaxSpreadPts"": 0}"
52.8818883364746,52.8818883364746,2.02407956726519,0.0,0.0,834.1300000007411,886.8950005257977,65.61561307574672,1128373.0,23670.0,237.0,"{""EntryMode"": 0, ""EntryTFMin"": 1, ""GridSpacingPts"": 135, ""TP_Pips"": 15.0, ""MaxLayers"": 1, ""Ladder"": ""flat"", ""MaxHoldSec"": 60, ""StopPips"": 3.0, ""MaxBasketRiskPct"": 5.0, ""AddMinSec"": 60, ""Session"": ""asia_0109"", ""ZEntry"": 1.0, ""ZEmaBars"": 120, ""NewsBeforeMin"": 30, ""NewsAfterMin"": 60, ""NewsCloseMode"": 0, ""DailyLossPct"": 8.0, ""MaxSpreadPts"": 25}"
52.558857979110975,52.558857979110975,2.0258470136215148,0.0,0.0,825.360000000743,886.8950005257977,65.61460830018044,1128329.0,23669.0,282.0,"{""EntryMode"": 0, ""EntryTFMin"": 1, ""GridSpacingPts"": 140, ""TP_Pips"": 14.0, ""MaxLayers"": 1, ""Ladder"": ""flat"", ""MaxHoldSec"": 60, ""StopPips"": 3.0, ""MaxBasketRiskPct"": 3.0, ""AddMinSec"": 15, ""Session"": ""asia_0109"", ""ZEntry"": 1.25, ""ZEmaBars"": 120, ""NewsBeforeMin"": 30, ""NewsAfterMin"": 60, ""NewsCloseMode"": 0, ""DailyLossPct"": 8.0, ""MaxSpreadPts"": 25}"
52.46960836480265,52.46960836480265,4.750528346958318,0.0,0.0,822.9500000017215,100.48957230330095,263.77938708329987,98910.0,27455.0,4194.0,"{""EntryMode"": 0, ""EntryTFMin"": 1, ""GridSpacingPts"": 130, ""TP_Pips"": 13.5, ""MaxLayers"": 1, ""Ladder"": ""step2"", ""MaxHoldSec"": 300, ""StopPips"": 6.0, ""MaxBasketRiskPct"": 5.0, ""AddMinSec"": 60, ""Session"": ""ny_1519"", ""ZEntry"": 1.25, ""ZEmaBars"": 120, ""NewsBeforeMin"": 15, ""NewsAfterMin"": 60, ""NewsCloseMode"": 0, ""DailyLossPct"": 8.0, ""MaxSpreadPts"": 0}"
48.015971470614716,48.015971470614716,9.711888554687686,0.0,0.0,709.6400000015542,44.76192041047167,485.0780941252923,18261.0,34248.0,5647.0,"{""EntryMode"": 0, ""EntryTFMin"": 5, ""GridSpacingPts"": 150, ""TP_Pips"": 14.0, ""MaxLayers"": 1, ""Ladder"": ""step2"", ""MaxHoldSec"": 900, ""StopPips"": 4.0, ""MaxBasketRiskPct"": 5.0, ""AddMinSec"": 60, ""Session"": ""ny_1519"", ""ZEntry"": 1.25, ""ZEmaBars"": 120, ""NewsBeforeMin"": 15, ""NewsAfterMin"": 60, ""NewsCloseMode"": 0, ""DailyLossPct"": 8.0, ""MaxSpreadPts"": 0}"
47.526046672049695,47.526046672049695,2.93620106331309,0.0,0.0,697.9800000003239,2516.253225577926,30.33375408536857,3261426.0,7559.0,205.0,"{""EntryMode"": 0, ""EntryTFMin"": 1, ""GridSpacingPts"": 145, ""TP_Pips"": 14.5, ""MaxLayers"": 1, ""Ladder"": ""flat"", ""MaxHoldSec"": 30, ""StopPips"": 5.0, ""MaxBasketRiskPct"": 5.0, ""AddMinSec"": 60, ""Session"": ""allday_0123"", ""ZEntry"": 1.0, ""ZEmaBars"": 60, ""NewsBeforeMin"": 30, ""NewsAfterMin"": 60, ""NewsCloseMode"": 0, ""DailyLossPct"": 8.0, ""MaxSpreadPts"": 25}"
47.03981863139155,47.03981863139155,2.5579382632944516,0.0,0.0,686.560000001092,193.26380156040602,298.7630748792083,228363.0,21586.0,1145.0,"{""EntryMode"": 0, ""EntryTFMin"": 1, ""GridSpacingPts"": 145, ""TP_Pips"": 12.0, ""MaxLayers"": 1, ""Ladder"": ""flat"", ""MaxHoldSec"": 300, ""StopPips"": 4.0, ""MaxBasketRiskPct"": 5.0, ""AddMinSec"": 60, ""Session"": ""asia_0109"", ""ZEntry"": 1.25, ""ZEmaBars"": 120, ""NewsBeforeMin"": 15, ""NewsAfterMin"": 60, ""NewsCloseMode"": 0, ""DailyLossPct"": 8.0, ""MaxSpreadPts"": 0}"
46.406503394960374,46.406503394960374,8.504593237982297,0.0,0.0,671.9100000017722,102.05819452278891,258.68713092103457,95738.0,28218.0,8641.0,"{""EntryMode"": 0, ""EntryTFMin"": 1, ""GridSpacingPts"": 140, ""TP_Pips"": 10.5, ""MaxLayers"": 1, ""Ladder"": ""step2"", ""MaxHoldSec"": 300, ""StopPips"": 6.0, ""MaxBasketRiskPct"": 5.0, ""AddMinSec"": 60, ""Session"": ""ny_1519"", ""ZEntry"": 1.0, ""ZEmaBars"": 120, ""NewsBeforeMin"": 15, ""NewsAfterMin"": 60, ""NewsCloseMode"": 0, ""DailyLossPct"": 8.0, ""MaxSpreadPts"": 0}"
45.06665686139553,45.06665686139553,6.328875494422016,0.0,0.0,641.740000001616,97.5301255741885,273.44972642782596,103251.0,20159.0,3304.0,"{""EntryMode"": 0, ""EntryTFMin"": 1, ""GridSpacingPts"": 130, ""TP_Pips"": 14.5, ""MaxLayers"": 1, ""Ladder"": ""step2"", ""MaxHoldSec"": 300, ""StopPips"": 7.0, ""MaxBasketRiskPct"": 5.0, ""AddMinSec"": 60, ""Session"": ""ny_1519"", ""ZEntry"": 1.0, ""ZEmaBars"": 120, ""NewsBeforeMin"": 15, ""NewsAfterMin"": 60, ""NewsCloseMode"": 0, ""DailyLossPct"": 8.0, ""MaxSpreadPts"": 0}"
35.22809950999808,35.22809950999808,6.894608303583325,0.0,0.0,451.80000000060335,71.7640816980459,121.80045285322635,80124.0,12816.0,298.0,"{""EntryMode"": 0, ""EntryTFMin"": 5, ""GridSpacingPts"": 95, ""TP_Pips"": 14.5, ""MaxLayers"": 1, ""Ladder"": ""step1"", ""MaxHoldSec"": 120, ""StopPips"": 4.0, ""MaxBasketRiskPct"": 5.0, ""AddMinSec"": 0, ""Session"": ""london_1013"", ""ZEntry"": 1.0, ""ZEmaBars"": 30, ""NewsBeforeMin"": 15, ""NewsAfterMin"": 30, ""NewsCloseMode"": 0, ""DailyLossPct"": 8.0, ""MaxSpreadPts"": 25}"
34.90974777400739,34.90974777400739,3.7979941843120737,0.0,0.0,446.51000000066574,190.61376902767933,303.8427473941371,233755.0,12291.0,1605.0,"{""EntryMode"": 0, ""EntryTFMin"": 1, ""GridSpacingPts"": 125, ""TP_Pips"": 10.5, ""MaxLayers"": 2, ""Ladder"": ""step2"", ""MaxHoldSec"": 300, ""StopPips"": 5.0, ""MaxBasketRiskPct"": 5.0, ""AddMinSec"": 60, ""Session"": ""asia_0109"", ""ZEntry"": 1.0, ""ZEmaBars"": 120, ""NewsBeforeMin"": 15, ""NewsAfterMin"": 60, ""NewsCloseMode"": 0, ""DailyLossPct"": 8.0, ""MaxSpreadPts"": 0}"
32.844326847814465,32.844326847814465,4.228609184006741,0.0,0.0,413.3800000001614,19.379950375116344,94.01492734879704,15634.0,9495.0,50.0,"{""EntryMode"": 1, ""EntryTFMin"": 1, ""GridSpacingPts"": 130, ""TP_Pips"": 14.5, ""MaxLayers"": 1, ""Ladder"": ""step1"", ""MaxHoldSec"": 120, ""StopPips"": 2.0, ""MaxBasketRiskPct"": 1.0, ""AddMinSec"": 60, ""Session"": ""allday_0123"", ""ZEntry"": 1.5, ""ZEmaBars"": 60, ""NewsBeforeMin"": 15, ""NewsAfterMin"": 60, ""NewsCloseMode"": 0, ""DailyLossPct"": 3.0, ""MaxSpreadPts"": 0}"
25.57798071461017,25.57798071461017,8.374934175812548,0.0,0.0,312.08600000236385,457.7221163976503,127.48931535558603,586483.0,7710.0,493.0,"{""EntryMode"": 0, ""EntryTFMin"": 1, ""GridSpacingPts"": 45, ""TP_Pips"": 13.5, ""MaxLayers"": 3, ""Ladder"": ""step2"", ""MaxHoldSec"": 120, ""StopPips"": 5.0, ""MaxBasketRiskPct"": 5.0, ""AddMinSec"": 30, ""Session"": ""asia_0109"", ""ZEntry"": 1.75, ""ZEmaBars"": 60, ""NewsBeforeMin"": 60, ""NewsAfterMin"": 30, ""NewsCloseMode"": 0, ""DailyLossPct"": 3.0, ""MaxSpreadPts"": 0}"
20.07642043522029,20.07642043522029,3.0409686048130204,0.0,0.0,249.4900000000875,520.1668272254508,30.344197348484943,674196.0,1307.0,313.0,"{""EntryMode"": 0, ""EntryTFMin"": 5, ""GridSpacingPts"": 125, ""TP_Pips"": 10.0, ""MaxLayers"": 6, ""Ladder"": ""step1"", ""MaxHoldSec"": 30, ""StopPips"": 6.0, ""MaxBasketRiskPct"": 5.0, ""AddMinSec"": 15, ""Session"": ""allday_0123"", ""ZEntry"": 3.0, ""ZEmaBars"": 120, ""NewsBeforeMin"": 60, ""NewsAfterMin"": 30, ""NewsCloseMode"": 0, ""DailyLossPct"": 8.0, ""MaxSpreadPts"": 25}"
9.246602448659491,9.246602448659491,4.163362410779284,0.0,0.0,155.57000000008213,143.41578908596165,69.2511855803037,184401.0,1891.0,38.0,"{""EntryMode"": 0, ""EntryTFMin"": 5, ""GridSpacingPts"": 75, ""TP_Pips"": 14.5, ""MaxLayers"": 5, ""Ladder"": ""step2"", ""MaxHoldSec"": 60, ""StopPips"": 4.0, ""MaxBasketRiskPct"": 1.0, ""AddMinSec"": 60, ""Session"": ""asia_0309"", ""ZEntry"": 1.75, ""ZEmaBars"": 120, ""NewsBeforeMin"": 15, ""NewsAfterMin"": 15, ""NewsCloseMode"": 0, ""DailyLossPct"": 8.0, ""MaxSpreadPts"": 25}"
8.981119469098363,8.981119469098363,6.206747404841513,0.0,0.0,153.69000000000642,2.485319502809908,295.9392923677129,3076.0,140.0,13.0,"{""EntryMode"": 1, ""EntryTFMin"": 5, ""GridSpacingPts"": 150, ""TP_Pips"": 14.5, ""MaxLayers"": 2, ""Ladder"": ""step1"", ""MaxHoldSec"": 300, ""StopPips"": 8.0, ""MaxBasketRiskPct"": 5.0, ""AddMinSec"": 15, ""Session"": ""asia_0109"", ""ZEntry"": 1.25, ""ZEmaBars"": 60, ""NewsBeforeMin"": 60, ""NewsAfterMin"": 30, ""NewsCloseMode"": 2, ""DailyLossPct"": 5.0, ""MaxSpreadPts"": 0}"
8.891402478564704,8.891402478564704,13.077546608977547,0.0,0.0,153.05880000046054,71.04750304920229,583.2976749660012,83286.0,6791.0,2230.0,"{""EntryMode"": 0, ""EntryTFMin"": 5, ""GridSpacingPts"": 60, ""TP_Pips"": 9.0, ""MaxLayers"": 1, ""Ladder"": ""step1"", ""MaxHoldSec"": 600, ""StopPips"": 6.0, ""MaxBasketRiskPct"": 1.0, ""AddMinSec"": 30, ""Session"": ""asia_0309"", ""ZEntry"": 2.25, ""ZEmaBars"": 60, ""NewsBeforeMin"": 60, ""NewsAfterMin"": 60, ""NewsCloseMode"": 0, ""DailyLossPct"": 3.0, ""MaxSpreadPts"": 25}"
8.116084486362896,8.116084486362896,9.821820416043755,0.0,0.0,147.6899999999962,0.8189470272498427,959.5277076558755,365.0,64.0,635.0,"{""EntryMode"": 1, ""EntryTFMin"": 1, ""GridSpacingPts"": 130, ""TP_Pips"": 5.5, ""MaxLayers"": 1, ""Ladder"": ""step1"", ""MaxHoldSec"": 1800, ""StopPips"": 25.0, ""MaxBasketRiskPct"": 3.0, ""AddMinSec"": 60, ""Session"": ""lateny_1923"", ""ZEntry"": 2.0, ""ZEmaBars"": 120, ""NewsBeforeMin"": 30, ""NewsAfterMin"": 15, ""NewsCloseMode"": 0, ""DailyLossPct"": 8.0, ""MaxSpreadPts"": 0}"
7.91730134888139,9.313973853241153,20.69833625217988,0.0,0.0,156.0500000000402,17.271777529592548,119.64622766818556,21735.0,518.0,187.0,"{""EntryMode"": 1, ""EntryTFMin"": 1, ""GridSpacingPts"": 80, ""TP_Pips"": 9.5, ""MaxLayers"": 1, ""Ladder"": ""step2"", ""MaxHoldSec"": 120, ""StopPips"": 8.0, ""MaxBasketRiskPct"": 5.0, ""AddMinSec"": 15, ""Session"": ""lateny_1923"", ""ZEntry"": 1.0, ""ZEmaBars"": 120, ""NewsBeforeMin"": 15, ""NewsAfterMin"": 15, ""NewsCloseMode"": 0, ""DailyLossPct"": 8.0, ""MaxSpreadPts"": 25}"
7.908731415389747,7.908731415389747,17.065390749603328,0.0,0.0,146.27999999998602,3.7745453210838615,300.2952397096562,4829.0,47.0,28.0,"{""EntryMode"": 1, ""EntryTFMin"": 5, ""GridSpacingPts"": 130, ""TP_Pips"": 11.5, ""MaxLayers"": 4, ""Ladder"": ""step2"", ""MaxHoldSec"": 300, ""StopPips"": 12.0, ""MaxBasketRiskPct"": 3.0, ""AddMinSec"": 60, ""Session"": ""asia_0309"", ""ZEntry"": 1.0, ""ZEmaBars"": 60, ""NewsBeforeMin"": 30, ""NewsAfterMin"": 60, ""NewsCloseMode"": 2, ""DailyLossPct"": 5.0, ""MaxSpreadPts"": 25}"
6.466824911336833,6.466824911336833,7.072829131645333,0.0,0.0,136.77000000002138,2.3175277246703727,260.8025520015682,2269.0,713.0,29.0,"{""EntryMode"": 1, ""EntryTFMin"": 5, ""GridSpacingPts"": 60, ""TP_Pips"": 8.5, ""MaxLayers"": 5, ""Ladder"": ""flat"", ""MaxHoldSec"": 300, ""StopPips"": 3.0, ""MaxBasketRiskPct"": 5.0, ""AddMinSec"": 0, ""Session"": ""asia_0309"", ""ZEntry"": 1.75, ""ZEmaBars"": 120, ""NewsBeforeMin"": 60, ""NewsAfterMin"": 60, ""NewsCloseMode"": 2, ""DailyLossPct"": 5.0, ""MaxSpreadPts"": 0}"
2.8854572343488982,2.8854572343488982,14.287550663174798,0.0,0.0,115.27452499999607,0.6950274112844059,1172.6911426616196,447.0,67.0,389.0,"{""EntryMode"": 1, ""EntryTFMin"": 1, ""GridSpacingPts"": 45, ""TP_Pips"": 7.5, ""MaxLayers"": 2, ""Ladder"": ""flat"", ""MaxHoldSec"": 1800, ""StopPips"": 24.0, ""MaxBasketRiskPct"": 3.0, ""AddMinSec"": 60, ""Session"": ""lateny_1923"", ""ZEntry"": 1.5, ""ZEmaBars"": 60, ""NewsBeforeMin"": 30, ""NewsAfterMin"": 15, ""NewsCloseMode"": 0, ""DailyLossPct"": 5.0, ""MaxSpreadPts"": 0}"
2.2773758411591682,2.2773758411591682,12.767839591117596,0.0,0.0,111.9099999999988,2.2020746663174813,59.9448028378285,2846.0,0.0,15.0,"{""EntryMode"": 1, ""EntryTFMin"": 1, ""GridSpacingPts"": 145, ""TP_Pips"": 7.5, ""MaxLayers"": 5, ""Ladder"": ""step2"", ""MaxHoldSec"": 60, ""StopPips"": 27.0, ""MaxBasketRiskPct"": 5.0, ""AddMinSec"": 0, ""Session"": ""london_1013"", ""ZEntry"": 2.5, ""ZEmaBars"": 120, ""NewsBeforeMin"": 60, ""NewsAfterMin"": 30, ""NewsCloseMode"": 2, ""DailyLossPct"": 8.0, ""MaxSpreadPts"": 25}"
1.8578684410949453,1.8578684410949453,6.457640249739134,0.0,0.0,109.6350000000075,3.260394367885652,30.138896037600244,4221.0,14.0,1.0,"{""EntryMode"": 1, ""EntryTFMin"": 1, ""GridSpacingPts"": 90, ""TP_Pips"": 12.0, ""MaxLayers"": 1, ""Ladder"": ""step2"", ""MaxHoldSec"": 30, ""StopPips"": 6.0, ""MaxBasketRiskPct"": 2.0, ""AddMinSec"": 60, ""Session"": ""asia_0109"", ""ZEntry"": 1.75, ""ZEmaBars"": 60, ""NewsBeforeMin"": 15, ""NewsAfterMin"": 60, ""NewsCloseMode"": 0, ""DailyLossPct"": 3.0, ""MaxSpreadPts"": 0}"
1.7357969127265171,1.7357969127265171,4.731919622166879,0.0,0.0,108.98000000019546,93.09211001110336,60.28669827169431,117208.0,2042.0,1698.0,"{""EntryMode"": 0, ""EntryTFMin"": 5, ""GridSpacingPts"": 125, ""TP_Pips"": 8.5, ""MaxLayers"": 3, ""Ladder"": ""step2"", ""MaxHoldSec"": 60, ""StopPips"": 8.0, ""MaxBasketRiskPct"": 1.0, ""AddMinSec"": 60, ""Session"": ""ny_1519"", ""ZEntry"": 1.75, ""ZEmaBars"": 30, ""NewsBeforeMin"": 30, ""NewsAfterMin"": 15, ""NewsCloseMode"": 0, ""DailyLossPct"": 8.0, ""MaxSpreadPts"": 25}"
1.553198330178307,1.553198330178307,8.170845866302919,0.0,0.0,108.00607600000203,4.418773386692996,29.799051603331858,5358.0,0.0,383.0,"{""EntryMode"": 1, ""EntryTFMin"": 1, ""GridSpacingPts"": 65, ""TP_Pips"": 1.5, ""MaxLayers"": 2, ""Ladder"": ""step2"", ""MaxHoldSec"": 30, ""StopPips"": 15.0, ""MaxBasketRiskPct"": 5.0, ""AddMinSec"": 0, ""Session"": ""asia_0109"", ""ZEntry"": 2.25, ""ZEmaBars"": 120, ""NewsBeforeMin"": 15, ""NewsAfterMin"": 60, ""NewsCloseMode"": 0, ""DailyLossPct"": 3.0, ""MaxSpreadPts"": 25}"
0.450200436625825,0.450200436625825,7.851810893004826,0.0,0.0,102.27000000000474,0.548017183648391,116.87583588617547,656.0,44.0,12.0,"{""EntryMode"": 1, ""EntryTFMin"": 1, ""GridSpacingPts"": 15, ""TP_Pips"": 11.5, ""MaxLayers"": 1, ""Ladder"": ""step2"", ""MaxHoldSec"": 120, ""StopPips"": 8.0, ""MaxBasketRiskPct"": 2.0, ""AddMinSec"": 0, ""Session"": ""lateny_1923"", ""ZEntry"": 2.25, ""ZEmaBars"": 90, ""NewsBeforeMin"": 30, ""NewsAfterMin"": 30, ""NewsCloseMode"": 2, ""DailyLossPct"": 3.0, ""MaxSpreadPts"": 0}"
-0.020019871811327583,-0.020019871811327583,1.0400000000002592,0.0,0.0,99.90000000000009,8.73902683025819,30.489484079291206,11351.0,0.0,3.0,"{""EntryMode"": 0, ""EntryTFMin"": 5, ""GridSpacingPts"": 115, ""TP_Pips"": 12.5, ""MaxLayers"": 1, ""Ladder"": ""flat"", ""MaxHoldSec"": 30, ""StopPips"": 30.0, ""MaxBasketRiskPct"": 3.0, ""AddMinSec"": 60, ""Session"": ""lateny_1923"", ""ZEntry"": 1.0, ""ZEmaBars"": 120, ""NewsBeforeMin"": 30, ""NewsAfterMin"": 60, ""NewsCloseMode"": 0, ""DailyLossPct"": 5.0, ""MaxSpreadPts"": 0}"
-0.8011938673608054,-0.8011938673608054,4.499999999999858,0.0,0.0,96.06000000000044,0.387152589010029,310.9356045784581,480.0,1.0,22.0,"{""EntryMode"": 0, ""EntryTFMin"": 5, ""GridSpacingPts"": 130, ""TP_Pips"": 7.0, ""MaxLayers"": 6, ""Ladder"": ""flat"", ""MaxHoldSec"": 300, ""StopPips"": 29.0, ""MaxBasketRiskPct"": 3.0, ""AddMinSec"": 30, ""Session"": ""lateny_1923"", ""ZEntry"": 2.5, ""ZEmaBars"": 60, ""NewsBeforeMin"": 15, ""NewsAfterMin"": 15, ""NewsCloseMode"": 2, ""DailyLossPct"": 5.0, ""MaxSpreadPts"": 25}"
-0.9691539146333805,-0.9691539146333805,5.468127490041777,0.0,0.0,95.24999999999828,0.5002965861958626,30.13846153846154,650.0,0.0,0.0,"{""EntryMode"": 1, ""EntryTFMin"": 5, ""GridSpacingPts"": 105, ""TP_Pips"": 7.0, ""MaxLayers"": 1, ""Ladder"": ""step1"", ""MaxHoldSec"": 30, ""StopPips"": 8.0, ""MaxBasketRiskPct"": 5.0, ""AddMinSec"": 0, ""Session"": ""asia_0309"", ""ZEntry"": 1.25, ""ZEmaBars"": 30, ""NewsBeforeMin"": 30, ""NewsAfterMin"": 15, ""NewsCloseMode"": 2, ""DailyLossPct"": 3.0, ""MaxSpreadPts"": 25}"
-1.0316513279231443,-1.0316513279231443,6.240742569369114,0.0,0.0,94.94999999999722,0.37483759611905393,29.99433548102878,485.0,0.0,2.0,"{""EntryMode"": 1, ""EntryTFMin"": 1, ""GridSpacingPts"": 35, ""TP_Pips"": 5.0, ""MaxLayers"": 1, ""Ladder"": ""step2"", ""MaxHoldSec"": 30, ""StopPips"": 19.0, ""MaxBasketRiskPct"": 2.0, ""AddMinSec"": 60, ""Session"": ""allday_0123"", ""ZEntry"": 3.0, ""ZEmaBars"": 90, ""NewsBeforeMin"": 15, ""NewsAfterMin"": 15, ""NewsCloseMode"": 0, ""DailyLossPct"": 5.0, ""MaxSpreadPts"": 25}"
-1.1424504848827954,-1.1424504848827954,7.97659678206047,0.0,0.0,94.41999999999904,1.2653655195476894,1835.0868165096329,1498.0,50.0,96.0,"{""EntryMode"": 0, ""EntryTFMin"": 1, ""GridSpacingPts"": 15, ""TP_Pips"": 14.5, ""MaxLayers"": 2, ""Ladder"": ""flat"", ""MaxHoldSec"": 1800, ""StopPips"": 19.0, ""MaxBasketRiskPct"": 2.0, ""AddMinSec"": 15, ""Session"": ""asia_0309"", ""ZEntry"": 2.25, ""ZEmaBars"": 120, ""NewsBeforeMin"": 30, ""NewsAfterMin"": 15, ""NewsCloseMode"": 2, ""DailyLossPct"": 8.0, ""MaxSpreadPts"": 25}"
-1.6954555571795704,-1.6954555571795704,10.673798890906294,0.0,0.0,91.8100000000009,92.85196764972935,30.018611075525538,120540.0,32.0,64.0,"{""EntryMode"": 0, ""EntryTFMin"": 5, ""GridSpacingPts"": 125, ""TP_Pips"": 14.0, ""MaxLayers"": 1, ""Ladder"": ""step1"", ""MaxHoldSec"": 30, ""StopPips"": 17.0, ""MaxBasketRiskPct"": 2.0, ""AddMinSec"": 0, ""Session"": ""ny_1519"", ""ZEntry"": 2.25, ""ZEmaBars"": 60, ""NewsBeforeMin"": 15, ""NewsAfterMin"": 30, ""NewsCloseMode"": 0, ""DailyLossPct"": 5.0, ""MaxSpreadPts"": 0}"
-2.111999932443953,-2.111999932443953,18.586210650457023,0.0,0.0,89.88242000000051,15.173610615792668,330.3086495078468,19009.0,34.0,671.0,"{""EntryMode"": 0, ""EntryTFMin"": 5, ""GridSpacingPts"": 30, ""TP_Pips"": 12.0, ""MaxLayers"": 4, ""Ladder"": ""flat"", ""MaxHoldSec"": 300, ""StopPips"": 27.0, ""MaxBasketRiskPct"": 3.0, ""AddMinSec"": 60, ""Session"": ""allday_0123"", ""ZEntry"": 1.0, ""ZEmaBars"": 60, ""NewsBeforeMin"": 60, ""NewsAfterMin"": 15, ""NewsCloseMode"": 2, ""DailyLossPct"": 5.0, ""MaxSpreadPts"": 0}"
-2.5678922386711545,-2.5678922386711545,13.10121860233879,0.0,0.0,87.81000000000066,71.76716044626863,30.03046879787092,93137.0,4.0,101.0,"{""EntryMode"": 0, ""EntryTFMin"": 5, ""GridSpacingPts"": 10, ""TP_Pips"": 8.5, ""MaxLayers"": 4, ""Ladder"": ""step2"", ""MaxHoldSec"": 30, ""StopPips"": 19.0, ""MaxBasketRiskPct"": 5.0, ""AddMinSec"": 60, ""Session"": ""london_1013"", ""ZEntry"": 1.0, ""ZEmaBars"": 30, ""NewsBeforeMin"": 60, ""NewsAfterMin"": 30, ""NewsCloseMode"": 0, ""DailyLossPct"": 5.0, ""MaxSpreadPts"": 25}"
-2.844799331759029,-2.844799331759029,14.885458656963197,0.0,0.0,86.5700000000026,57.073834553224,61.842589137726264,73952.0,27.0,173.0,"{""EntryMode"": 0, ""EntryTFMin"": 5, ""GridSpacingPts"": 145, ""TP_Pips"": 15.0, ""MaxLayers"": 2, ""Ladder"": ""step2"", ""MaxHoldSec"": 60, ""StopPips"": 26.0, ""MaxBasketRiskPct"": 3.0, ""AddMinSec"": 0, ""Session"": ""ny_1519"", ""ZEntry"": 1.5, ""ZEmaBars"": 30, ""NewsBeforeMin"": 15, ""NewsAfterMin"": 30, ""NewsCloseMode"": 0, ""DailyLossPct"": 5.0, ""MaxSpreadPts"": 0}"
-3.2045462814539794,-3.2045462814539794,16.95064629847006,0.0,0.0,84.9800000000013,1.5786281512118678,703.6886985856097,1148.0,259.0,644.0,"{""EntryMode"": 0, ""EntryTFMin"": 1, ""GridSpacingPts"": 10, ""TP_Pips"": 10.5, ""MaxLayers"": 4, ""Ladder"": ""flat"", ""MaxHoldSec"": 900, ""StopPips"": 17.0, ""MaxBasketRiskPct"": 2.0, ""AddMinSec"": 15, ""Session"": ""ny_1519"", ""ZEntry"": 1.5, ""ZEmaBars"": 30, ""NewsBeforeMin"": 30, ""NewsAfterMin"": 15, ""NewsCloseMode"": 2, ""DailyLossPct"": 8.0, ""MaxSpreadPts"": 25}"
-9.841410658830583,-4.181410658632856,22.830000000098863,0.0,0.0,80.77999999989467,233.94253214046375,132.92710739230205,302516.0,508.0,921.0,"{""EntryMode"": 0, ""EntryTFMin"": 1, ""GridSpacingPts"": 135, ""TP_Pips"": 11.5, ""MaxLayers"": 6, ""Ladder"": ""step1"", ""MaxHoldSec"": 120, ""StopPips"": 14.0, ""MaxBasketRiskPct"": 2.0, ""AddMinSec"": 15, ""Session"": ""lateny_1923"", ""ZEntry"": 2.25, ""ZEmaBars"": 30, ""NewsBeforeMin"": 60, ""NewsAfterMin"": 60, ""NewsCloseMode"": 2, ""DailyLossPct"": 3.0, ""MaxSpreadPts"": 0}"
-50.0,-0.6302577352264027,3.109999999999573,0.0,0.0,96.89000000000043,0.002309061167057827,652.2309710979463,2.0,1.0,0.0,"{""EntryMode"": 1, ""EntryTFMin"": 5, ""GridSpacingPts"": 35, ""TP_Pips"": 5.5, ""MaxLayers"": 2, ""Ladder"": ""step1"", ""MaxHoldSec"": 900, ""StopPips"": 17.0, ""MaxBasketRiskPct"": 3.0, ""AddMinSec"": 30, ""Session"": ""asia_0109"", ""ZEntry"": 2.75, ""ZEmaBars"": 30, ""NewsBeforeMin"": 30, ""NewsAfterMin"": 60, ""NewsCloseMode"": 2, ""DailyLossPct"": 3.0, ""MaxSpreadPts"": 25}"
-50.0,0.0,0.0,0.0,0.0,100.0,0.0,0.0,0.0,0.0,0.0,"{""EntryMode"": 0, ""EntryTFMin"": 1, ""GridSpacingPts"": 30, ""TP_Pips"": 10.5, ""MaxLayers"": 4, ""Ladder"": ""step1"", ""MaxHoldSec"": 120, ""StopPips"": 25.0, ""MaxBasketRiskPct"": 2.0, ""AddMinSec"": 30, ""Session"": ""asia_0309"", ""ZEntry"": 1.25, ""ZEmaBars"": 60, ""NewsBeforeMin"": 60, ""NewsAfterMin"": 30, ""NewsCloseMode"": 0, ""DailyLossPct"": 5.0, ""MaxSpreadPts"": 0}"
-50.0,-0.20092382599866676,1.4925373134326236,0.0,0.0,99.00000000000021,0.0007696870556859424,397.5438597202301,0.0,1.0,0.0,"{""EntryMode"": 1, ""EntryTFMin"": 5, ""GridSpacingPts"": 105, ""TP_Pips"": 8.5, ""MaxLayers"": 5, ""Ladder"": ""step2"", ""MaxHoldSec"": 900, ""StopPips"": 10.0, ""MaxBasketRiskPct"": 1.0, ""AddMinSec"": 30, ""Session"": ""london_1013"", ""ZEntry"": 1.0, ""ZEmaBars"": 30, ""NewsBeforeMin"": 30, ""NewsAfterMin"": 60, ""NewsCloseMode"": 0, ""DailyLossPct"": 3.0, ""MaxSpreadPts"": 25}"
-50.0,-3.6972328052198633,17.996013677965276,0.0,0.0,82.8404269825192,0.013854367002346962,1053.375581216812,8.0,8.0,2.0,"{""EntryMode"": 1, ""EntryTFMin"": 1, ""GridSpacingPts"": 20, ""TP_Pips"": 14.0, ""MaxLayers"": 5, ""Ladder"": ""flat"", ""MaxHoldSec"": 1800, ""StopPips"": 13.0, ""MaxBasketRiskPct"": 5.0, ""AddMinSec"": 60, ""Session"": ""asia_0309"", ""ZEntry"": 2.5, ""ZEmaBars"": 30, ""NewsBeforeMin"": 15, ""NewsAfterMin"": 15, ""NewsCloseMode"": 0, ""DailyLossPct"": 5.0, ""MaxSpreadPts"": 0}"
-50.0,0.0,0.0,0.0,0.0,100.0,0.0,0.0,0.0,0.0,0.0,"{""EntryMode"": 0, ""EntryTFMin"": 1, ""GridSpacingPts"": 15, ""TP_Pips"": 6.5, ""MaxLayers"": 6, ""Ladder"": ""step2"", ""MaxHoldSec"": 60, ""StopPips"": 24.0, ""MaxBasketRiskPct"": 1.0, ""AddMinSec"": 0, ""Session"": ""allday_0123"", ""ZEntry"": 3.0, ""ZEmaBars"": 90, ""NewsBeforeMin"": 60, ""NewsAfterMin"": 30, ""NewsCloseMode"": 0, ""DailyLossPct"": 8.0, ""MaxSpreadPts"": 25}"
-50.0,-2.252412597409481,13.516170254596998,0.0,0.0,89.23999999999837,0.05541746800938785,746.4438464376663,49.0,17.0,6.0,"{""EntryMode"": 1, ""EntryTFMin"": 1, ""GridSpacingPts"": 35, ""TP_Pips"": 11.0, ""MaxLayers"": 5, ""Ladder"": ""step1"", ""MaxHoldSec"": 900, ""StopPips"": 13.0, ""MaxBasketRiskPct"": 3.0, ""AddMinSec"": 0, ""Session"": ""london_1013"", ""ZEntry"": 2.75, ""ZEmaBars"": 60, ""NewsBeforeMin"": 30, ""NewsAfterMin"": 60, ""NewsCloseMode"": 2, ""DailyLossPct"": 5.0, ""MaxSpreadPts"": 25}"
-50.0,0.5424132285155814,4.112297350731678,0.0,0.0,102.73999999999936,0.01924217639214856,712.1691752529143,16.0,3.0,6.0,"{""EntryMode"": 1, ""EntryTFMin"": 5, ""GridSpacingPts"": 20, ""TP_Pips"": 12.0, ""MaxLayers"": 3, ""Ladder"": ""step1"", ""MaxHoldSec"": 900, ""StopPips"": 21.0, ""MaxBasketRiskPct"": 5.0, ""AddMinSec"": 0, ""Session"": ""lateny_1923"", ""ZEntry"": 2.75, ""ZEmaBars"": 90, ""NewsBeforeMin"": 30, ""NewsAfterMin"": 60, ""NewsCloseMode"": 2, ""DailyLossPct"": 8.0, ""MaxSpreadPts"": 25}"
-50.0,0.0,0.0,0.0,0.0,100.0,0.0,0.0,0.0,0.0,0.0,"{""EntryMode"": 1, ""EntryTFMin"": 5, ""GridSpacingPts"": 80, ""TP_Pips"": 15.0, ""MaxLayers"": 3, ""Ladder"": ""step1"", ""MaxHoldSec"": 300, ""StopPips"": 30.0, ""MaxBasketRiskPct"": 1.0, ""AddMinSec"": 60, ""Session"": ""asia_0309"", ""ZEntry"": 3.0, ""ZEmaBars"": 30, ""NewsBeforeMin"": 30, ""NewsAfterMin"": 15, ""NewsCloseMode"": 0, ""DailyLossPct"": 5.0, ""MaxSpreadPts"": 25}"
-50.0,-0.12639360695196888,1.2795618620858076,0.0,0.0,99.37000000000047,0.03155716928312364,30.0,41.0,0.0,0.0,"{""EntryMode"": 1, ""EntryTFMin"": 5, ""GridSpacingPts"": 110, ""TP_Pips"": 9.5, ""MaxLayers"": 6, ""Ladder"": ""flat"", ""MaxHoldSec"": 30, ""StopPips"": 11.0, ""MaxBasketRiskPct"": 3.0, ""AddMinSec"": 15, ""Session"": ""asia_0309"", ""ZEntry"": 2.5, ""ZEmaBars"": 60, ""NewsBeforeMin"": 30, ""NewsAfterMin"": 60, ""NewsCloseMode"": 0, ""DailyLossPct"": 3.0, ""MaxSpreadPts"": 0}"
-50.0,0.0,0.0,0.0,0.0,100.0,0.0,0.0,0.0,0.0,0.0,"{""EntryMode"": 1, ""EntryTFMin"": 5, ""GridSpacingPts"": 15, ""TP_Pips"": 7.5, ""MaxLayers"": 3, ""Ladder"": ""step1"", ""MaxHoldSec"": 120, ""StopPips"": 30.0, ""MaxBasketRiskPct"": 2.0, ""AddMinSec"": 0, ""Session"": ""asia_0109"", ""ZEntry"": 1.5, ""ZEmaBars"": 30, ""NewsBeforeMin"": 15, ""NewsAfterMin"": 30, ""NewsCloseMode"": 2, ""DailyLossPct"": 5.0, ""MaxSpreadPts"": 0}"
-50.0,0.28850376383937615,3.518373729474452,0.0,0.0,101.45000000000678,0.1854945804203121,151.40119987602554,20.0,156.0,65.0,"{""EntryMode"": 1, ""EntryTFMin"": 5, ""GridSpacingPts"": 130, ""TP_Pips"": 4.5, ""MaxLayers"": 3, ""Ladder"": ""flat"", ""MaxHoldSec"": 600, ""StopPips"": 2.0, ""MaxBasketRiskPct"": 5.0, ""AddMinSec"": 15, ""Session"": ""london_1013"", ""ZEntry"": 2.75, ""ZEmaBars"": 120, ""NewsBeforeMin"": 60, ""NewsAfterMin"": 30, ""NewsCloseMode"": 2, ""DailyLossPct"": 3.0, ""MaxSpreadPts"": 0}"
-50.0,0.0,0.0,0.0,0.0,100.0,0.0,0.0,0.0,0.0,0.0,"{""EntryMode"": 1, ""EntryTFMin"": 5, ""GridSpacingPts"": 75, ""TP_Pips"": 11.0, ""MaxLayers"": 2, ""Ladder"": ""step1"", ""MaxHoldSec"": 60, ""StopPips"": 29.0, ""MaxBasketRiskPct"": 2.0, ""AddMinSec"": 30, ""Session"": ""lateny_1923"", ""ZEntry"": 2.75, ""ZEmaBars"": 90, ""NewsBeforeMin"": 15, ""NewsAfterMin"": 30, ""NewsCloseMode"": 2, ""DailyLossPct"": 3.0, ""MaxSpreadPts"": 0}"
-50.0,-0.03704936999967545,0.1850000000005423,0.0,0.0,99.81499999999971,0.006157496445487539,34.697712421417236,7.0,0.0,1.0,"{""EntryMode"": 0, ""EntryTFMin"": 1, ""GridSpacingPts"": 120, ""TP_Pips"": 5.0, ""MaxLayers"": 1, ""Ladder"": ""step2"", ""MaxHoldSec"": 30, ""StopPips"": 10.0, ""MaxBasketRiskPct"": 1.0, ""AddMinSec"": 0, ""Session"": ""lateny_1923"", ""ZEntry"": 2.5, ""ZEmaBars"": 90, ""NewsBeforeMin"": 15, ""NewsAfterMin"": 30, ""NewsCloseMode"": 0, ""DailyLossPct"": 3.0, ""MaxSpreadPts"": 25}"
-50.0,-1.38246943645578,6.979999999999194,0.0,0.0,93.28000000000073,0.03540560456155335,60.0,46.0,0.0,0.0,"{""EntryMode"": 1, ""EntryTFMin"": 5, ""GridSpacingPts"": 95, ""TP_Pips"": 9.5, ""MaxLayers"": 2, ""Ladder"": ""step1"", ""MaxHoldSec"": 60, ""StopPips"": 28.0, ""MaxBasketRiskPct"": 5.0, ""AddMinSec"": 60, ""Session"": ""london_1013"", ""ZEntry"": 2.0, ""ZEmaBars"": 30, ""NewsBeforeMin"": 30, ""NewsAfterMin"": 60, ""NewsCloseMode"": 2, ""DailyLossPct"": 3.0, ""MaxSpreadPts"": 0}"
-50.0,0.0,0.0,0.0,0.0,100.0,0.0,0.0,0.0,0.0,0.0,"{""EntryMode"": 0, ""EntryTFMin"": 1, ""GridSpacingPts"": 45, ""TP_Pips"": 3.0, ""MaxLayers"": 2, ""Ladder"": ""step2"", ""MaxHoldSec"": 900, ""StopPips"": 14.0, ""MaxBasketRiskPct"": 1.0, ""AddMinSec"": 0, ""Session"": ""asia_0309"", ""ZEntry"": 1.75, ""ZEmaBars"": 30, ""NewsBeforeMin"": 30, ""NewsAfterMin"": 60, ""NewsCloseMode"": 0, ""DailyLossPct"": 5.0, ""MaxSpreadPts"": 0}"
-50.0,-0.04606968327154348,0.48999999999983856,0.0,0.0,99.76999999999998,0.004618122334115654,54.5991561015447,5.0,0.0,1.0,"{""EntryMode"": 0, ""EntryTFMin"": 1, ""GridSpacingPts"": 10, ""TP_Pips"": 3.0, ""MaxLayers"": 4, ""Ladder"": ""step1"", ""MaxHoldSec"": 60, ""StopPips"": 20.0, ""MaxBasketRiskPct"": 2.0, ""AddMinSec"": 30, ""Session"": ""london_1013"", ""ZEntry"": 3.0, ""ZEmaBars"": 60, ""NewsBeforeMin"": 60, ""NewsAfterMin"": 60, ""NewsCloseMode"": 0, ""DailyLossPct"": 3.0, ""MaxSpreadPts"": 0}"
-50.0,0.0,0.0,0.0,0.0,100.0,0.0,0.0,0.0,0.0,0.0,"{""EntryMode"": 0, ""EntryTFMin"": 1, ""GridSpacingPts"": 125, ""TP_Pips"": 10.5, ""MaxLayers"": 3, ""Ladder"": ""step1"", ""MaxHoldSec"": 120, ""StopPips"": 17.0, ""MaxBasketRiskPct"": 1.0, ""AddMinSec"": 0, ""Session"": ""allday_0123"", ""ZEntry"": 3.0, ""ZEmaBars"": 30, ""NewsBeforeMin"": 30, ""NewsAfterMin"": 30, ""NewsCloseMode"": 0, ""DailyLossPct"": 8.0, ""MaxSpreadPts"": 25}"
-50.0,0.0,0.0,0.0,0.0,100.0,0.0,0.0,0.0,0.0,0.0,"{""EntryMode"": 0, ""EntryTFMin"": 5, ""GridSpacingPts"": 95, ""TP_Pips"": 1.5, ""MaxLayers"": 2, ""Ladder"": ""flat"", ""MaxHoldSec"": 1800, ""StopPips"": 16.0, ""MaxBasketRiskPct"": 1.0, ""AddMinSec"": 0, ""Session"": ""lateny_1923"", ""ZEntry"": 2.5, ""ZEmaBars"": 60, ""NewsBeforeMin"": 15, ""NewsAfterMin"": 15, ""NewsCloseMode"": 2, ""DailyLossPct"": 5.0, ""MaxSpreadPts"": 0}"
-50.0,-0.13645227305209007,1.1446202846632998,0.0,0.0,99.31999999999847,0.020781550503520443,435.0216012795766,11.0,1.0,15.0,"{""EntryMode"": 0, ""EntryTFMin"": 1, ""GridSpacingPts"": 40, ""TP_Pips"": 1.0, ""MaxLayers"": 6, ""Ladder"": ""step2"", ""MaxHoldSec"": 600, ""StopPips"": 10.0, ""MaxBasketRiskPct"": 1.0, ""AddMinSec"": 30, ""Session"": ""asia_0309"", ""ZEntry"": 2.25, ""ZEmaBars"": 90, ""NewsBeforeMin"": 15, ""NewsAfterMin"": 30, ""NewsCloseMode"": 0, ""DailyLossPct"": 5.0, ""MaxSpreadPts"": 25}"
-50.0,-0.2514083104845466,6.224188790558763,0.0,0.0,98.75000000000283,0.09467150784937091,238.44048038343104,76.0,39.0,8.0,"{""EntryMode"": 1, ""EntryTFMin"": 5, ""GridSpacingPts"": 60, ""TP_Pips"": 10.5, ""MaxLayers"": 6, ""Ladder"": ""flat"", ""MaxHoldSec"": 300, ""StopPips"": 6.0, ""MaxBasketRiskPct"": 2.0, ""AddMinSec"": 60, ""Session"": ""lateny_1923"", ""ZEntry"": 2.75, ""ZEmaBars"": 120, ""NewsBeforeMin"": 30, ""NewsAfterMin"": 15, ""NewsCloseMode"": 2, ""DailyLossPct"": 3.0, ""MaxSpreadPts"": 0}"
-50.0,0.2558409756022284,2.5527688105288213,0.0,0.0,101.28500000000261,0.14854960174738688,29.878830540365506,183.0,10.0,0.0,"{""EntryMode"": 1, ""EntryTFMin"": 1, ""GridSpacingPts"": 15, ""TP_Pips"": 14.0, ""MaxLayers"": 1, ""Ladder"": ""flat"", ""MaxHoldSec"": 30, ""StopPips"": 4.0, ""MaxBasketRiskPct"": 3.0, ""AddMinSec"": 15, ""Session"": ""lateny_1923"", ""ZEntry"": 1.75, ""ZEmaBars"": 30, ""NewsBeforeMin"": 15, ""NewsAfterMin"": 60, ""NewsCloseMode"": 0, ""DailyLossPct"": 3.0, ""MaxSpreadPts"": 0}"
-50.0,-0.146514990379909,0.7799999999997448,0.0,0.0,99.27000000000017,0.0015393741113718848,372.1518987417221,1.0,0.0,1.0,"{""EntryMode"": 0, ""EntryTFMin"": 1, ""GridSpacingPts"": 25, ""TP_Pips"": 2.5, ""MaxLayers"": 5, ""Ladder"": ""flat"", ""MaxHoldSec"": 600, ""StopPips"": 20.0, ""MaxBasketRiskPct"": 2.0, ""AddMinSec"": 15, ""Session"": ""london_1013"", ""ZEntry"": 2.25, ""ZEmaBars"": 30, ""NewsBeforeMin"": 60, ""NewsAfterMin"": 15, ""NewsCloseMode"": 2, ""DailyLossPct"": 5.0, ""MaxSpreadPts"": 25}"
-50.0,0.0,0.0,0.0,0.0,100.0,0.0,0.0,0.0,0.0,0.0,"{""EntryMode"": 0, ""EntryTFMin"": 1, ""GridSpacingPts"": 30, ""TP_Pips"": 7.0, ""MaxLayers"": 2, ""Ladder"": ""step2"", ""MaxHoldSec"": 600, ""StopPips"": 30.0, ""MaxBasketRiskPct"": 2.0, ""AddMinSec"": 30, ""Session"": ""lateny_1923"", ""ZEntry"": 1.5, ""ZEmaBars"": 90, ""NewsBeforeMin"": 30, ""NewsAfterMin"": 30, ""NewsCloseMode"": 2, ""DailyLossPct"": 8.0, ""MaxSpreadPts"": 25}"
-50.0,0.0,0.0,0.0,0.0,100.0,0.0,0.0,0.0,0.0,0.0,"{""EntryMode"": 0, ""EntryTFMin"": 5, ""GridSpacingPts"": 55, ""TP_Pips"": 5.0, ""MaxLayers"": 4, ""Ladder"": ""step1"", ""MaxHoldSec"": 60, ""StopPips"": 22.0, ""MaxBasketRiskPct"": 1.0, ""AddMinSec"": 15, ""Session"": ""lateny_1923"", ""ZEntry"": 3.0, ""ZEmaBars"": 30, ""NewsBeforeMin"": 15, ""NewsAfterMin"": 30, ""NewsCloseMode"": 0, ""DailyLossPct"": 5.0, ""MaxSpreadPts"": 25}"
-50.0,0.0,0.0,0.0,0.0,100.0,0.0,0.0,0.0,0.0,0.0,"{""EntryMode"": 0, ""EntryTFMin"": 5, ""GridSpacingPts"": 30, ""TP_Pips"": 6.5, ""MaxLayers"": 2, ""Ladder"": ""step1"", ""MaxHoldSec"": 600, ""StopPips"": 15.0, ""MaxBasketRiskPct"": 1.0, ""AddMinSec"": 0, ""Session"": ""london_1013"", ""ZEntry"": 1.75, ""ZEmaBars"": 60, ""NewsBeforeMin"": 30, ""NewsAfterMin"": 30, ""NewsCloseMode"": 2, ""DailyLossPct"": 5.0, ""MaxSpreadPts"": 0}"
-50.0,0.0,0.0,0.0,0.0,100.0,0.0,0.0,0.0,0.0,0.0,"{""EntryMode"": 1, ""EntryTFMin"": 5, ""GridSpacingPts"": 95, ""TP_Pips"": 11.0, ""MaxLayers"": 1, ""Ladder"": ""flat"", ""MaxHoldSec"": 30, ""StopPips"": 21.0, ""MaxBasketRiskPct"": 1.0, ""AddMinSec"": 15, ""Session"": ""asia_0309"", ""ZEntry"": 3.0, ""ZEmaBars"": 30, ""NewsBeforeMin"": 60, ""NewsAfterMin"": 15, ""NewsCloseMode"": 2, ""DailyLossPct"": 5.0, ""MaxSpreadPts"": 0}"
-50.0,0.9387877221002983,8.49056603773404,0.0,0.0,104.78000000000704,0.1162227454085773,1016.6827758601834,65.0,65.0,21.0,"{""EntryMode"": 1, ""EntryTFMin"": 5, ""GridSpacingPts"": 140, ""TP_Pips"": 14.5, ""MaxLayers"": 1, ""Ladder"": ""flat"", ""MaxHoldSec"": 1800, ""StopPips"": 8.0, ""MaxBasketRiskPct"": 5.0, ""AddMinSec"": 30, ""Session"": ""lateny_1923"", ""ZEntry"": 2.25, ""ZEmaBars"": 90, ""NewsBeforeMin"": 30, ""NewsAfterMin"": 60, ""NewsCloseMode"": 0, ""DailyLossPct"": 5.0, ""MaxSpreadPts"": 0}"
-50.0,0.0,0.0,0.0,0.0,100.0,0.0,0.0,0.0,0.0,0.0,"{""EntryMode"": 0, ""EntryTFMin"": 5, ""GridSpacingPts"": 150, ""TP_Pips"": 14.0, ""MaxLayers"": 3, ""Ladder"": ""step1"", ""MaxHoldSec"": 60, ""StopPips"": 15.0, ""MaxBasketRiskPct"": 1.0, ""AddMinSec"": 60, ""Session"": ""ny_1519"", ""ZEntry"": 2.75, ""ZEmaBars"": 90, ""NewsBeforeMin"": 15, ""NewsAfterMin"": 15, ""NewsCloseMode"": 2, ""DailyLossPct"": 3.0, ""MaxSpreadPts"": 0}"
-50.0,-2.0798570563804852,10.624687656167369,0.0,0.0,90.03000000000569,0.1616342816940479,40.51066478774659,3.0,57.0,150.0,"{""EntryMode"": 1, ""EntryTFMin"": 5, ""GridSpacingPts"": 115, ""TP_Pips"": 0.5, ""MaxLayers"": 1, ""Ladder"": ""step1"", ""MaxHoldSec"": 300, ""StopPips"": 3.0, ""MaxBasketRiskPct"": 2.0, ""AddMinSec"": 0, ""Session"": ""london_1013"", ""ZEntry"": 2.5, ""ZEmaBars"": 90, ""NewsBeforeMin"": 15, ""NewsAfterMin"": 15, ""NewsCloseMode"": 0, ""DailyLossPct"": 3.0, ""MaxSpreadPts"": 0}"
-50.0,0.0,0.0,0.0,0.0,100.0,0.0,0.0,0.0,0.0,0.0,"{""EntryMode"": 1, ""EntryTFMin"": 5, ""GridSpacingPts"": 135, ""TP_Pips"": 6.0, ""MaxLayers"": 6, ""Ladder"": ""step2"", ""MaxHoldSec"": 900, ""StopPips"": 27.0, ""MaxBasketRiskPct"": 1.0, ""AddMinSec"": 0, ""Session"": ""lateny_1923"", ""ZEntry"": 2.75, ""ZEmaBars"": 90, ""NewsBeforeMin"": 30, ""NewsAfterMin"": 30, ""NewsCloseMode"": 2, ""DailyLossPct"": 3.0, ""MaxSpreadPts"": 25}"
-50.0,0.0,0.0,0.0,0.0,100.0,0.0,0.0,0.0,0.0,0.0,"{""EntryMode"": 0, ""EntryTFMin"": 5, ""GridSpacingPts"": 85, ""TP_Pips"": 10.0, ""MaxLayers"": 2, ""Ladder"": ""flat"", ""MaxHoldSec"": 60, ""StopPips"": 20.0, ""MaxBasketRiskPct"": 1.0, ""AddMinSec"": 15, ""Session"": ""london_1013"", ""ZEntry"": 2.5, ""ZEmaBars"": 60, ""NewsBeforeMin"": 30, ""NewsAfterMin"": 60, ""NewsCloseMode"": 2, ""DailyLossPct"": 8.0, ""MaxSpreadPts"": 25}"
-50.0,0.0,0.0,0.0,0.0,100.0,0.0,0.0,0.0,0.0,0.0,"{""EntryMode"": 0, ""EntryTFMin"": 1, ""GridSpacingPts"": 150, ""TP_Pips"": 9.5, ""MaxLayers"": 1, ""Ladder"": ""step2"", ""MaxHoldSec"": 60, ""StopPips"": 29.0, ""MaxBasketRiskPct"": 2.0, ""AddMinSec"": 60, ""Session"": ""lateny_1923"", ""ZEntry"": 1.0, ""ZEmaBars"": 60, ""NewsBeforeMin"": 60, ""NewsAfterMin"": 30, ""NewsCloseMode"": 0, ""DailyLossPct"": 5.0, ""MaxSpreadPts"": 0}"
-50.0,-0.45641233178520535,2.6978596316579235,0.0,0.0,97.73999999999988,0.0030787482227437697,469.75061422586447,2.0,2.0,0.0,"{""EntryMode"": 1, ""EntryTFMin"": 1, ""GridSpacingPts"": 80, ""TP_Pips"": 14.5, ""MaxLayers"": 2, ""Ladder"": ""step1"", ""MaxHoldSec"": 600, ""StopPips"": 14.0, ""MaxBasketRiskPct"": 2.0, ""AddMinSec"": 0, ""Session"": ""london_1013"", ""ZEntry"": 2.75, ""ZEmaBars"": 30, ""NewsBeforeMin"": 30, ""NewsAfterMin"": 60, ""NewsCloseMode"": 2, ""DailyLossPct"": 3.0, ""MaxSpreadPts"": 25}"
-50.0,-1.453447248631079,7.471637763004087,0.0,0.0,92.94500000000274,0.04618122334115654,27.359478195508323,44.0,0.0,16.0,"{""EntryMode"": 1, ""EntryTFMin"": 5, ""GridSpacingPts"": 130, ""TP_Pips"": 1.0, ""MaxLayers"": 3, ""Ladder"": ""step2"", ""MaxHoldSec"": 30, ""StopPips"": 8.0, ""MaxBasketRiskPct"": 5.0, ""AddMinSec"": 60, ""Session"": ""ny_1519"", ""ZEntry"": 2.5, ""ZEmaBars"": 60, ""NewsBeforeMin"": 30, ""NewsAfterMin"": 15, ""NewsCloseMode"": 2, ""DailyLossPct"": 8.0, ""MaxSpreadPts"": 0}"
-50.0,0.0,0.0,0.0,0.0,100.0,0.0,0.0,0.0,0.0,0.0,"{""EntryMode"": 0, ""EntryTFMin"": 1, ""GridSpacingPts"": 50, ""TP_Pips"": 9.0, ""MaxLayers"": 2, ""Ladder"": ""flat"", ""MaxHoldSec"": 120, ""StopPips"": 23.0, ""MaxBasketRiskPct"": 2.0, ""AddMinSec"": 0, ""Session"": ""asia_0109"", ""ZEntry"": 2.75, ""ZEmaBars"": 90, ""NewsBeforeMin"": 30, ""NewsAfterMin"": 15, ""NewsCloseMode"": 0, ""DailyLossPct"": 3.0, ""MaxSpreadPts"": 0}"
-50.0,0.0,0.0,0.0,0.0,100.0,0.0,0.0,0.0,0.0,0.0,"{""EntryMode"": 1, ""EntryTFMin"": 5, ""GridSpacingPts"": 50, ""TP_Pips"": 5.0, ""MaxLayers"": 3, ""Ladder"": ""step1"", ""MaxHoldSec"": 60, ""StopPips"": 24.0, ""MaxBasketRiskPct"": 2.0, ""AddMinSec"": 15, ""Session"": ""lateny_1923"", ""ZEntry"": 2.5, ""ZEmaBars"": 30, ""NewsBeforeMin"": 15, ""NewsAfterMin"": 60, ""NewsCloseMode"": 2, ""DailyLossPct"": 5.0, ""MaxSpreadPts"": 25}"
-50.0,0.0,0.0,0.0,0.0,100.0,0.0,0.0,0.0,0.0,0.0,"{""EntryMode"": 1, ""EntryTFMin"": 1, ""GridSpacingPts"": 105, ""TP_Pips"": 5.0, ""MaxLayers"": 2, ""Ladder"": ""step1"", ""MaxHoldSec"": 900, ""StopPips"": 27.0, ""MaxBasketRiskPct"": 2.0, ""AddMinSec"": 30, ""Session"": ""asia_0109"", ""ZEntry"": 2.0, ""ZEmaBars"": 120, ""NewsBeforeMin"": 15, ""NewsAfterMin"": 15, ""NewsCloseMode"": 0, ""DailyLossPct"": 5.0, ""MaxSpreadPts"": 0}"
-50.0,0.0,0.0,0.0,0.0,100.0,0.0,0.0,0.0,0.0,0.0,"{""EntryMode"": 0, ""EntryTFMin"": 5, ""GridSpacingPts"": 85, ""TP_Pips"": 9.0, ""MaxLayers"": 5, ""Ladder"": ""step2"", ""MaxHoldSec"": 60, ""StopPips"": 25.0, ""MaxBasketRiskPct"": 1.0, ""AddMinSec"": 0, ""Session"": ""asia_0309"", ""ZEntry"": 1.75, ""ZEmaBars"": 90, ""NewsBeforeMin"": 15, ""NewsAfterMin"": 60, ""NewsCloseMode"": 2, ""DailyLossPct"": 5.0, ""MaxSpreadPts"": 25}"
-50.0,0.0,0.0,0.0,0.0,100.0,0.0,0.0,0.0,0.0,0.0,"{""EntryMode"": 1, ""EntryTFMin"": 1, ""GridSpacingPts"": 25, ""TP_Pips"": 13.5, ""MaxLayers"": 4, ""Ladder"": ""flat"", ""MaxHoldSec"": 120, ""StopPips"": 22.0, ""MaxBasketRiskPct"": 5.0, ""AddMinSec"": 15, ""Session"": ""lateny_1923"", ""ZEntry"": 2.5, ""ZEmaBars"": 30, ""NewsBeforeMin"": 15, ""NewsAfterMin"": 30, ""NewsCloseMode"": 0, ""DailyLossPct"": 3.0, ""MaxSpreadPts"": 25}"
-50.0,-0.4116141322828448,8.248099840481604,0.0,0.0,97.95999999999717,0.06311433856624728,699.4085709824282,52.0,20.0,10.0,"{""EntryMode"": 1, ""EntryTFMin"": 5, ""GridSpacingPts"": 30, ""TP_Pips"": 13.5, ""MaxLayers"": 1, ""Ladder"": ""step2"", ""MaxHoldSec"": 900, ""StopPips"": 12.0, ""MaxBasketRiskPct"": 2.0, ""AddMinSec"": 30, ""Session"": ""lateny_1923"", ""ZEntry"": 2.5, ""ZEmaBars"": 90, ""NewsBeforeMin"": 15, ""NewsAfterMin"": 15, ""NewsCloseMode"": 0, ""DailyLossPct"": 5.0, ""MaxSpreadPts"": 25}"
-50.0,0.0,0.0,0.0,0.0,100.0,0.0,0.0,0.0,0.0,0.0,"{""EntryMode"": 0, ""EntryTFMin"": 1, ""GridSpacingPts"": 80, ""TP_Pips"": 9.0, ""MaxLayers"": 4, ""Ladder"": ""step2"", ""MaxHoldSec"": 600, ""StopPips"": 29.0, ""MaxBasketRiskPct"": 2.0, ""AddMinSec"": 30, ""Session"": ""london_1013"", ""ZEntry"": 2.75, ""ZEmaBars"": 30, ""NewsBeforeMin"": 60, ""NewsAfterMin"": 15, ""NewsCloseMode"": 2, ""DailyLossPct"": 8.0, ""MaxSpreadPts"": 25}"
-50.0,0.0,0.0,0.0,0.0,100.0,0.0,0.0,0.0,0.0,0.0,"{""EntryMode"": 0, ""EntryTFMin"": 5, ""GridSpacingPts"": 90, ""TP_Pips"": 5.5, ""MaxLayers"": 1, ""Ladder"": ""step1"", ""MaxHoldSec"": 30, ""StopPips"": 15.0, ""MaxBasketRiskPct"": 1.0, ""AddMinSec"": 30, ""Session"": ""asia_0309"", ""ZEntry"": 2.0, ""ZEmaBars"": 30, ""NewsBeforeMin"": 30, ""NewsAfterMin"": 60, ""NewsCloseMode"": 2, ""DailyLossPct"": 3.0, ""MaxSpreadPts"": 0}"
-50.0,-0.08017581890406023,0.6781013163143822,0.0,0.0,99.60000000000012,0.0015393741113718848,56.77976953983307,0.0,2.0,0.0,"{""EntryMode"": 1, ""EntryTFMin"": 5, ""GridSpacingPts"": 25, ""TP_Pips"": 8.5, ""MaxLayers"": 4, ""Ladder"": ""step1"", ""MaxHoldSec"": 300, ""StopPips"": 2.0, ""MaxBasketRiskPct"": 1.0, ""AddMinSec"": 60, ""Session"": ""asia_0309"", ""ZEntry"": 2.75, ""ZEmaBars"": 30, ""NewsBeforeMin"": 60, ""NewsAfterMin"": 60, ""NewsCloseMode"": 2, ""DailyLossPct"": 5.0, ""MaxSpreadPts"": 25}"
-50.0,0.0,0.0,0.0,0.0,100.0,0.0,0.0,0.0,0.0,0.0,"{""EntryMode"": 1, ""EntryTFMin"": 5, ""GridSpacingPts"": 15, ""TP_Pips"": 5.5, ""MaxLayers"": 3, ""Ladder"": ""step2"", ""MaxHoldSec"": 60, ""StopPips"": 28.0, ""MaxBasketRiskPct"": 2.0, ""AddMinSec"": 60, ""Session"": ""allday_0123"", ""ZEntry"": 1.0, ""ZEmaBars"": 120, ""NewsBeforeMin"": 15, ""NewsAfterMin"": 60, ""NewsCloseMode"": 2, ""DailyLossPct"": 8.0, ""MaxSpreadPts"": 0}"
-50.0,0.0,0.0,0.0,0.0,100.0,0.0,0.0,0.0,0.0,0.0,"{""EntryMode"": 1, ""EntryTFMin"": 1, ""GridSpacingPts"": 35, ""TP_Pips"": 6.5, ""MaxLayers"": 6, ""Ladder"": ""step2"", ""MaxHoldSec"": 1800, ""StopPips"": 23.0, ""MaxBasketRiskPct"": 1.0, ""AddMinSec"": 15, ""Session"": ""asia_0309"", ""ZEntry"": 1.75, ""ZEmaBars"": 60, ""NewsBeforeMin"": 60, ""NewsAfterMin"": 30, ""NewsCloseMode"": 0, ""DailyLossPct"": 8.0, ""MaxSpreadPts"": 0}"
-50.0,0.7937852783974186,4.938632378725125,0.0,0.0,104.03000000000118,0.028478421060379868,584.6153846153845,37.0,0.0,0.0,"{""EntryMode"": 1, ""EntryTFMin"": 5, ""GridSpacingPts"": 85, ""TP_Pips"": 15.0, ""MaxLayers"": 3, ""Ladder"": ""step1"", ""MaxHoldSec"": 600, ""StopPips"": 22.0, ""MaxBasketRiskPct"": 5.0, ""AddMinSec"": 60, ""Session"": ""asia_0309"", ""ZEntry"": 2.5, ""ZEmaBars"": 60, ""NewsBeforeMin"": 60, ""NewsAfterMin"": 15, ""NewsCloseMode"": 0, ""DailyLossPct"": 5.0, ""MaxSpreadPts"": 0}"
-50.0,0.0,0.0,0.0,0.0,100.0,0.0,0.0,0.0,0.0,0.0,"{""EntryMode"": 1, ""EntryTFMin"": 1, ""GridSpacingPts"": 120, ""TP_Pips"": 1.5, ""MaxLayers"": 6, ""Ladder"": ""step1"", ""MaxHoldSec"": 600, ""StopPips"": 28.0, ""MaxBasketRiskPct"": 1.0, ""AddMinSec"": 60, ""Session"": ""london_1013"", ""ZEntry"": 2.0, ""ZEmaBars"": 60, ""NewsBeforeMin"": 60, ""NewsAfterMin"": 30, ""NewsCloseMode"": 0, ""DailyLossPct"": 5.0, ""MaxSpreadPts"": 0}"
-50.0,0.0,0.0,0.0,0.0,100.0,0.0,0.0,0.0,0.0,0.0,"{""EntryMode"": 0, ""EntryTFMin"": 1, ""GridSpacingPts"": 95, ""TP_Pips"": 1.0, ""MaxLayers"": 5, ""Ladder"": ""step1"", ""MaxHoldSec"": 30, ""StopPips"": 20.0, ""MaxBasketRiskPct"": 1.0, ""AddMinSec"": 30, ""Session"": ""london_1013"", ""ZEntry"": 1.5, ""ZEmaBars"": 30, ""NewsBeforeMin"": 15, ""NewsAfterMin"": 60, ""NewsCloseMode"": 2, ""DailyLossPct"": 3.0, ""MaxSpreadPts"": 0}"
-50.0,0.0,0.0,0.0,0.0,100.0,0.0,0.0,0.0,0.0,0.0,"{""EntryMode"": 1, ""EntryTFMin"": 5, ""GridSpacingPts"": 50, ""TP_Pips"": 10.0, ""MaxLayers"": 3, ""Ladder"": ""flat"", ""MaxHoldSec"": 120, ""StopPips"": 19.0, ""MaxBasketRiskPct"": 1.0, ""AddMinSec"": 0, ""Session"": ""ny_1519"", ""ZEntry"": 1.0, ""ZEmaBars"": 60, ""NewsBeforeMin"": 30, ""NewsAfterMin"": 15, ""NewsCloseMode"": 0, ""DailyLossPct"": 3.0, ""MaxSpreadPts"": 0}"
-50.0,0.0,0.0,0.0,0.0,100.0,0.0,0.0,0.0,0.0,0.0,"{""EntryMode"": 0, ""EntryTFMin"": 1, ""GridSpacingPts"": 140, ""TP_Pips"": 1.5, ""MaxLayers"": 1, ""Ladder"": ""step2"", ""MaxHoldSec"": 300, ""StopPips"": 13.0, ""MaxBasketRiskPct"": 1.0, ""AddMinSec"": 15, ""Session"": ""ny_1519"", ""ZEntry"": 1.25, ""ZEmaBars"": 30, ""NewsBeforeMin"": 30, ""NewsAfterMin"": 30, ""NewsCloseMode"": 0, ""DailyLossPct"": 3.0, ""MaxSpreadPts"": 25}"
-50.0,0.0,0.0,0.0,0.0,100.0,0.0,0.0,0.0,0.0,0.0,"{""EntryMode"": 1, ""EntryTFMin"": 1, ""GridSpacingPts"": 35, ""TP_Pips"": 1.0, ""MaxLayers"": 2, ""Ladder"": ""flat"", ""MaxHoldSec"": 60, ""StopPips"": 30.0, ""MaxBasketRiskPct"": 1.0, ""AddMinSec"": 30, ""Session"": ""asia_0109"", ""ZEntry"": 2.0, ""ZEmaBars"": 120, ""NewsBeforeMin"": 60, ""NewsAfterMin"": 60, ""NewsCloseMode"": 2, ""DailyLossPct"": 8.0, ""MaxSpreadPts"": 25}"
-50.0,0.0,0.0,0.0,0.0,100.0,0.0,0.0,0.0,0.0,0.0,"{""EntryMode"": 1, ""EntryTFMin"": 5, ""GridSpacingPts"": 120, ""TP_Pips"": 2.5, ""MaxLayers"": 3, ""Ladder"": ""step1"", ""MaxHoldSec"": 1800, ""StopPips"": 22.0, ""MaxBasketRiskPct"": 1.0, ""AddMinSec"": 0, ""Session"": ""lateny_1923"", ""ZEntry"": 3.0, ""ZEmaBars"": 90, ""NewsBeforeMin"": 15, ""NewsAfterMin"": 60, ""NewsCloseMode"": 2, ""DailyLossPct"": 3.0, ""MaxSpreadPts"": 25}"
-50.0,0.0,0.0,0.0,0.0,100.0,0.0,0.0,0.0,0.0,0.0,"{""EntryMode"": 1, ""EntryTFMin"": 1, ""GridSpacingPts"": 20, ""TP_Pips"": 2.0, ""MaxLayers"": 6, ""Ladder"": ""step2"", ""MaxHoldSec"": 30, ""StopPips"": 30.0, ""MaxBasketRiskPct"": 2.0, ""AddMinSec"": 0, ""Session"": ""london_1013"", ""ZEntry"": 1.75, ""ZEmaBars"": 90, ""NewsBeforeMin"": 60, ""NewsAfterMin"": 60, ""NewsCloseMode"": 0, ""DailyLossPct"": 3.0, ""MaxSpreadPts"": 25}"
-50.0,0.0,0.0,0.0,0.0,100.0,0.0,0.0,0.0,0.0,0.0,"{""EntryMode"": 1, ""EntryTFMin"": 1, ""GridSpacingPts"": 65, ""TP_Pips"": 5.5, ""MaxLayers"": 3, ""Ladder"": ""flat"", ""MaxHoldSec"": 60, ""StopPips"": 26.0, ""MaxBasketRiskPct"": 3.0, ""AddMinSec"": 0, ""Session"": ""lateny_1923"", ""ZEntry"": 2.5, ""ZEmaBars"": 30, ""NewsBeforeMin"": 60, ""NewsAfterMin"": 60, ""NewsCloseMode"": 2, ""DailyLossPct"": 8.0, ""MaxSpreadPts"": 25}"
-50.0,0.0,0.0,0.0,0.0,100.0,0.0,0.0,0.0,0.0,0.0,"{""EntryMode"": 0, ""EntryTFMin"": 1, ""GridSpacingPts"": 55, ""TP_Pips"": 0.5, ""MaxLayers"": 1, ""Ladder"": ""flat"", ""MaxHoldSec"": 900, ""StopPips"": 27.0, ""MaxBasketRiskPct"": 2.0, ""AddMinSec"": 30, ""Session"": ""asia_0109"", ""ZEntry"": 3.0, ""ZEmaBars"": 60, ""NewsBeforeMin"": 60, ""NewsAfterMin"": 15, ""NewsCloseMode"": 0, ""DailyLossPct"": 8.0, ""MaxSpreadPts"": 25}"
-50.0,0.0,0.0,0.0,0.0,100.0,0.0,0.0,0.0,0.0,0.0,"{""EntryMode"": 1, ""EntryTFMin"": 1, ""GridSpacingPts"": 130, ""TP_Pips"": 10.5, ""MaxLayers"": 5, ""Ladder"": ""flat"", ""MaxHoldSec"": 30, ""StopPips"": 18.0, ""MaxBasketRiskPct"": 1.0, ""AddMinSec"": 30, ""Session"": ""lateny_1923"", ""ZEntry"": 1.0, ""ZEmaBars"": 120, ""NewsBeforeMin"": 60, ""NewsAfterMin"": 15, ""NewsCloseMode"": 0, ""DailyLossPct"": 8.0, ""MaxSpreadPts"": 0}"
-50.0,0.029999803354363586,4.111078169780254,0.0,0.0,100.14999999999858,0.08774432434819743,190.04503472369643,14.0,9.0,91.0,"{""EntryMode"": 1, ""EntryTFMin"": 5, ""GridSpacingPts"": 75, ""TP_Pips"": 1.5, ""MaxLayers"": 1, ""Ladder"": ""flat"", ""MaxHoldSec"": 600, ""StopPips"": 11.0, ""MaxBasketRiskPct"": 3.0, ""AddMinSec"": 15, ""Session"": ""lateny_1923"", ""ZEntry"": 2.0, ""ZEmaBars"": 60, ""NewsBeforeMin"": 15, ""NewsAfterMin"": 30, ""NewsCloseMode"": 2, ""DailyLossPct"": 5.0, ""MaxSpreadPts"": 0}"
-90.70300000002273,-1.4481433376482111,24.999999999999947,0.0,1.0,92.96999999977275,101.43705706885035,897.6860886492585,118968.0,7302.0,5520.0,"{""EntryMode"": 0, ""EntryTFMin"": 5, ""GridSpacingPts"": 65, ""TP_Pips"": 14.5, ""MaxLayers"": 1, ""Ladder"": ""step1"", ""MaxHoldSec"": 900, ""StopPips"": 13.0, ""MaxBasketRiskPct"": 2.0, ""AddMinSec"": 60, ""Session"": ""allday_0123"", ""ZEntry"": 3.0, ""ZEmaBars"": 30, ""NewsBeforeMin"": 60, ""NewsAfterMin"": 30, ""NewsCloseMode"": 0, ""DailyLossPct"": 8.0, ""MaxSpreadPts"": 0}"
-90.85521249999788,-1.7731725201957649,24.999999999999986,0.0,1.0,91.44787500002126,2.096627539688507,283.17886300302837,2384.0,280.0,60.0,"{""EntryMode"": 1, ""EntryTFMin"": 1, ""GridSpacingPts"": 130, ""TP_Pips"": 11.5, ""MaxLayers"": 1, ""Ladder"": ""step1"", ""MaxHoldSec"": 300, ""StopPips"": 10.0, ""MaxBasketRiskPct"": 5.0, ""AddMinSec"": 30, ""Session"": ""allday_0123"", ""ZEntry"": 1.75, ""ZEmaBars"": 90, ""NewsBeforeMin"": 30, ""NewsAfterMin"": 30, ""NewsCloseMode"": 2, ""DailyLossPct"": 5.0, ""MaxSpreadPts"": 0}"
-91.35543015624992,-2.8727319916470817,24.999999999999844,0.0,1.0,86.44569843750072,0.6049740257691507,280.9246437795108,683.0,43.0,60.0,"{""EntryMode"": 1, ""EntryTFMin"": 1, ""GridSpacingPts"": 95, ""TP_Pips"": 9.0, ""MaxLayers"": 5, ""Ladder"": ""step2"", ""MaxHoldSec"": 300, ""StopPips"": 13.0, ""MaxBasketRiskPct"": 5.0, ""AddMinSec"": 60, ""Session"": ""london_1013"", ""ZEntry"": 1.25, ""ZEmaBars"": 90, ""NewsBeforeMin"": 15, ""NewsAfterMin"": 15, ""NewsCloseMode"": 0, ""DailyLossPct"": 5.0, ""MaxSpreadPts"": 0}"
-91.71738249999979,-3.700548611377741,24.999999999999922,0.0,1.0,82.82617500000212,5.193078564713053,1664.2459308123791,5383.0,118.0,1246.0,"{""EntryMode"": 0, ""EntryTFMin"": 5, ""GridSpacingPts"": 145, ""TP_Pips"": 8.0, ""MaxLayers"": 6, ""Ladder"": ""flat"", ""MaxHoldSec"": 1800, ""StopPips"": 19.0, ""MaxBasketRiskPct"": 5.0, ""AddMinSec"": 15, ""Session"": ""asia_0309"", ""ZEntry"": 3.0, ""ZEmaBars"": 90, ""NewsBeforeMin"": 60, ""NewsAfterMin"": 60, ""NewsCloseMode"": 2, ""DailyLossPct"": 3.0, ""MaxSpreadPts"": 25}"
-91.7282499999997,-3.725847497806878,24.9999999999999,0.0,1.0,82.71750000000294,20.646085581719717,30.135708428602292,26804.0,10.0,10.0,"{""EntryMode"": 1, ""EntryTFMin"": 1, ""GridSpacingPts"": 90, ""TP_Pips"": 9.5, ""MaxLayers"": 1, ""Ladder"": ""step2"", ""MaxHoldSec"": 30, ""StopPips"": 9.0, ""MaxBasketRiskPct"": 5.0, ""AddMinSec"": 15, ""Session"": ""lateny_1923"", ""ZEntry"": 1.0, ""ZEmaBars"": 120, ""NewsBeforeMin"": 15, ""NewsAfterMin"": 15, ""NewsCloseMode"": 0, ""DailyLossPct"": 8.0, ""MaxSpreadPts"": 25}"
-91.74816250000009,-3.7722716684561286,25.000000000000227,0.0,1.0,82.51837499999912,1.04138658634308,299.5448749975085,1340.0,3.0,10.0,"{""EntryMode"": 1, ""EntryTFMin"": 5, ""GridSpacingPts"": 100, ""TP_Pips"": 13.5, ""MaxLayers"": 4, ""Ladder"": ""step1"", ""MaxHoldSec"": 300, ""StopPips"": 23.0, ""MaxBasketRiskPct"": 3.0, ""AddMinSec"": 30, ""Session"": ""london_1013"", ""ZEntry"": 1.0, ""ZEmaBars"": 60, ""NewsBeforeMin"": 30, ""NewsAfterMin"": 60, ""NewsCloseMode"": 2, ""DailyLossPct"": 5.0, ""MaxSpreadPts"": 25}"
-91.80549999999995,-3.9064511499012133,25.00000000000005,0.0,1.0,81.94500000000053,43.726691320574076,314.47169025300497,55296.0,448.0,1067.0,"{""EntryMode"": 0, ""EntryTFMin"": 5, ""GridSpacingPts"": 150, ""TP_Pips"": 12.5, ""MaxLayers"": 2, ""Ladder"": ""flat"", ""MaxHoldSec"": 300, ""StopPips"": 16.0, ""MaxBasketRiskPct"": 2.0, ""AddMinSec"": 15, ""Session"": ""london_1013"", ""ZEntry"": 2.5, ""ZEmaBars"": 60, ""NewsBeforeMin"": 15, ""NewsAfterMin"": 15, ""NewsCloseMode"": 2, ""DailyLossPct"": 8.0, ""MaxSpreadPts"": 0}"
-91.91527749999427,-4.1654584886574035,25.00000000000011,0.0,1.0,80.84722500005724,1.5255197443695379,71.1147345038514,0.0,796.0,1186.0,"{""EntryMode"": 1, ""EntryTFMin"": 1, ""GridSpacingPts"": 25, ""TP_Pips"": 2.0, ""MaxLayers"": 6, ""Ladder"": ""step2"", ""MaxHoldSec"": 1800, ""StopPips"": 3.0, ""MaxBasketRiskPct"": 3.0, ""AddMinSec"": 60, ""Session"": ""ny_1519"", ""ZEntry"": 1.5, ""ZEmaBars"": 90, ""NewsBeforeMin"": 30, ""NewsAfterMin"": 15, ""NewsCloseMode"": 2, ""DailyLossPct"": 3.0, ""MaxSpreadPts"": 25}"
-91.94574999999865,-4.237853431248473,24.999999999999908,0.0,1.0,80.54250000001342,0.9166972833219574,309.4025020150229,1146.0,20.0,25.0,"{""EntryMode"": 0, ""EntryTFMin"": 1, ""GridSpacingPts"": 25, ""TP_Pips"": 12.0, ""MaxLayers"": 3, ""Ladder"": ""step2"", ""MaxHoldSec"": 300, ""StopPips"": 13.0, ""MaxBasketRiskPct"": 5.0, ""AddMinSec"": 30, ""Session"": ""allday_0123"", ""ZEntry"": 1.5, ""ZEmaBars"": 60, ""NewsBeforeMin"": 15, ""NewsAfterMin"": 60, ""NewsCloseMode"": 2, ""DailyLossPct"": 5.0, ""MaxSpreadPts"": 0}"
-92.05701865000056,-4.50407425416225,25.000000000000117,0.0,1.0,79.42981349999442,5.425524055530208,299.02588804118375,6579.0,31.0,439.0,"{""EntryMode"": 0, ""EntryTFMin"": 1, ""GridSpacingPts"": 135, ""TP_Pips"": 9.0, ""MaxLayers"": 2, ""Ladder"": ""step2"", ""MaxHoldSec"": 300, ""StopPips"": 20.0, ""MaxBasketRiskPct"": 5.0, ""AddMinSec"": 30, ""Session"": ""allday_0123"", ""ZEntry"": 3.0, ""ZEmaBars"": 120, ""NewsBeforeMin"": 30, ""NewsAfterMin"": 30, ""NewsCloseMode"": 0, ""DailyLossPct"": 3.0, ""MaxSpreadPts"": 25}"
-92.2195,-4.898236307344572,25.000000000000007,0.0,1.0,77.80500000000002,139.224073380696,130.16423528900484,180588.0,10.0,286.0,"{""EntryMode"": 0, ""EntryTFMin"": 5, ""GridSpacingPts"": 125, ""TP_Pips"": 10.0, ""MaxLayers"": 2, ""Ladder"": ""step2"", ""MaxHoldSec"": 120, ""StopPips"": 29.0, ""MaxBasketRiskPct"": 5.0, ""AddMinSec"": 60, ""Session"": ""asia_0309"", ""ZEntry"": 1.75, ""ZEmaBars"": 90, ""NewsBeforeMin"": 15, ""NewsAfterMin"": 30, ""NewsCloseMode"": 2, ""DailyLossPct"": 8.0, ""MaxSpreadPts"": 25}"
-92.22024999999996,-4.900070929364986,25.000000000000078,0.0,1.0,77.79750000000041,1.1830090045892934,113.45333855986824,1307.0,54.0,176.0,"{""EntryMode"": 1, ""EntryTFMin"": 5, ""GridSpacingPts"": 95, ""TP_Pips"": 4.5, ""MaxLayers"": 5, ""Ladder"": ""flat"", ""MaxHoldSec"": 120, ""StopPips"": 10.0, ""MaxBasketRiskPct"": 2.0, ""AddMinSec"": 15, ""Session"": ""allday_0123"", ""ZEntry"": 1.25, ""ZEmaBars"": 120, ""NewsBeforeMin"": 15, ""NewsAfterMin"": 30, ""NewsCloseMode"": 2, ""DailyLossPct"": 3.0, ""MaxSpreadPts"": 25}"
-92.27499999999999,-5.034382064311449,25.000000000000032,0.0,1.0,77.25000000000007,0.30094763877320346,55.52698051382084,325.0,66.0,0.0,"{""EntryMode"": 1, ""EntryTFMin"": 5, ""GridSpacingPts"": 45, ""TP_Pips"": 11.5, ""MaxLayers"": 6, ""Ladder"": ""step1"", ""MaxHoldSec"": 60, ""StopPips"": 5.0, ""MaxBasketRiskPct"": 1.0, ""AddMinSec"": 60, ""Session"": ""ny_1519"", ""ZEntry"": 1.5, ""ZEmaBars"": 60, ""NewsBeforeMin"": 60, ""NewsAfterMin"": 30, ""NewsCloseMode"": 0, ""DailyLossPct"": 3.0, ""MaxSpreadPts"": 0}"
-92.3034999999999,-5.104599029390256,24.999999999999993,0.0,1.0,76.96500000000101,0.6203677668828695,823.061530712913,161.0,192.0,453.0,"{""EntryMode"": 0, ""EntryTFMin"": 5, ""GridSpacingPts"": 80, ""TP_Pips"": 4.5, ""MaxLayers"": 5, ""Ladder"": ""step2"", ""MaxHoldSec"": 1800, ""StopPips"": 9.0, ""MaxBasketRiskPct"": 3.0, ""AddMinSec"": 30, ""Session"": ""lateny_1923"", ""ZEntry"": 1.5, ""ZEmaBars"": 30, ""NewsBeforeMin"": 15, ""NewsAfterMin"": 15, ""NewsCloseMode"": 0, ""DailyLossPct"": 5.0, ""MaxSpreadPts"": 25}"
-92.32450000000019,-5.156471048842482,24.99999999999998,0.0,1.0,76.75499999999815,6.249089205114166,1656.110199380828,5745.0,794.0,1580.0,"{""EntryMode"": 0, ""EntryTFMin"": 1, ""GridSpacingPts"": 15, ""TP_Pips"": 8.0, ""MaxLayers"": 5, ""Ladder"": ""flat"", ""MaxHoldSec"": 1800, ""StopPips"": 11.0, ""MaxBasketRiskPct"": 2.0, ""AddMinSec"": 60, ""Session"": ""asia_0109"", ""ZEntry"": 1.0, ""ZEmaBars"": 30, ""NewsBeforeMin"": 60, ""NewsAfterMin"": 15, ""NewsCloseMode"": 2, ""DailyLossPct"": 3.0, ""MaxSpreadPts"": 0}"
-92.35374999999999,-5.228910867005842,24.999999999999982,0.0,1.0,76.46250000000003,2.0489069422359787,801.6111837642762,1524.0,86.0,1052.0,"{""EntryMode"": 0, ""EntryTFMin"": 5, ""GridSpacingPts"": 85, ""TP_Pips"": 4.0, ""MaxLayers"": 1, ""Ladder"": ""flat"", ""MaxHoldSec"": 900, ""StopPips"": 13.0, ""MaxBasketRiskPct"": 5.0, ""AddMinSec"": 30, ""Session"": ""asia_0109"", ""ZEntry"": 2.75, ""ZEmaBars"": 120, ""NewsBeforeMin"": 15, ""NewsAfterMin"": 30, ""NewsCloseMode"": 0, ""DailyLossPct"": 8.0, ""MaxSpreadPts"": 0}"
-92.39124999999997,-5.322107388238562,24.99999999999993,0.0,1.0,76.08750000000032,0.04618122334115654,812.504076424986,49.0,6.0,5.0,"{""EntryMode"": 1, ""EntryTFMin"": 5, ""GridSpacingPts"": 90, ""TP_Pips"": 13.5, ""MaxLayers"": 4, ""Ladder"": ""step1"", ""MaxHoldSec"": 900, ""StopPips"": 23.0, ""MaxBasketRiskPct"": 3.0, ""AddMinSec"": 0, ""Session"": ""ny_1519"", ""ZEntry"": 1.5, ""ZEmaBars"": 30, ""NewsBeforeMin"": 30, ""NewsAfterMin"": 30, ""NewsCloseMode"": 0, ""DailyLossPct"": 5.0, ""MaxSpreadPts"": 25}"
-92.44300000000008,-5.45132381430281,25.00000000000009,0.0,1.0,75.56999999999921,4.555777682605093,136.32842916073417,124.0,2733.0,3062.0,"{""EntryMode"": 0, ""EntryTFMin"": 1, ""GridSpacingPts"": 105, ""TP_Pips"": 3.5, ""MaxLayers"": 3, ""Ladder"": ""step1"", ""MaxHoldSec"": 600, ""StopPips"": 4.0, ""MaxBasketRiskPct"": 1.0, ""AddMinSec"": 60, ""Session"": ""ny_1519"", ""ZEntry"": 1.5, ""ZEmaBars"": 30, ""NewsBeforeMin"": 60, ""NewsAfterMin"": 15, ""NewsCloseMode"": 0, ""DailyLossPct"": 5.0, ""MaxSpreadPts"": 25}"
-92.44374999999998,-5.453201712578959,24.99999999999992,0.0,1.0,75.56250000000016,0.5226175108107549,59.88945910054095,665.0,13.0,1.0,"{""EntryMode"": 1, ""EntryTFMin"": 5, ""GridSpacingPts"": 140, ""TP_Pips"": 9.5, ""MaxLayers"": 6, ""Ladder"": ""step1"", ""MaxHoldSec"": 60, ""StopPips"": 10.0, ""MaxBasketRiskPct"": 3.0, ""AddMinSec"": 15, ""Session"": ""allday_0123"", ""ZEntry"": 2.0, ""ZEmaBars"": 120, ""NewsBeforeMin"": 30, ""NewsAfterMin"": 60, ""NewsCloseMode"": 0, ""DailyLossPct"": 5.0, ""MaxSpreadPts"": 25}"
-92.44450000000008,-5.455079759952874,25.00000000000008,0.0,1.0,75.55499999999928,4.184788521764469,127.37623170291114,5220.0,21.0,196.0,"{""EntryMode"": 0, ""EntryTFMin"": 5, ""GridSpacingPts"": 25, ""TP_Pips"": 9.0, ""MaxLayers"": 1, ""Ladder"": ""flat"", ""MaxHoldSec"": 120, ""StopPips"": 19.0, ""MaxBasketRiskPct"": 3.0, ""AddMinSec"": 15, ""Session"": ""ny_1519"", ""ZEntry"": 1.75, ""ZEmaBars"": 120, ""NewsBeforeMin"": 30, ""NewsAfterMin"": 60, ""NewsCloseMode"": 2, ""DailyLossPct"": 5.0, ""MaxSpreadPts"": 25}"
-92.46400000000008,-5.503961412250968,25.00000000000019,0.0,1.0,75.35999999999909,1.082949687350121,66.18063162607503,491.0,1.0,915.0,"{""EntryMode"": 0, ""EntryTFMin"": 1, ""GridSpacingPts"": 150, ""TP_Pips"": 1.0, ""MaxLayers"": 2, ""Ladder"": ""step1"", ""MaxHoldSec"": 120, ""StopPips"": 22.0, ""MaxBasketRiskPct"": 5.0, ""AddMinSec"": 15, ""Session"": ""ny_1519"", ""ZEntry"": 2.25, ""ZEmaBars"": 90, ""NewsBeforeMin"": 60, ""NewsAfterMin"": 60, ""NewsCloseMode"": 0, ""DailyLossPct"": 8.0, ""MaxSpreadPts"": 0}"
-92.46437499999986,-5.5049024350690035,25.000000000000128,0.0,1.0,75.35625000000138,16.370473987384308,63.842336607523976,21018.0,89.0,162.0,"{""EntryMode"": 0, ""EntryTFMin"": 1, ""GridSpacingPts"": 45, ""TP_Pips"": 8.5, ""MaxLayers"": 3, ""Ladder"": ""flat"", ""MaxHoldSec"": 60, ""StopPips"": 10.0, ""MaxBasketRiskPct"": 2.0, ""AddMinSec"": 15, ""Session"": ""allday_0123"", ""ZEntry"": 3.0, ""ZEmaBars"": 60, ""NewsBeforeMin"": 60, ""NewsAfterMin"": 15, ""NewsCloseMode"": 2, ""DailyLossPct"": 5.0, ""MaxSpreadPts"": 25}"
-92.46475,-5.505843495346097,24.999999999999943,0.0,1.0,75.35250000000008,0.14777991469170093,530.4039013191147,71.0,101.0,20.0,"{""EntryMode"": 1, ""EntryTFMin"": 5, ""GridSpacingPts"": 90, ""TP_Pips"": 11.0, ""MaxLayers"": 5, ""Ladder"": ""flat"", ""MaxHoldSec"": 900, ""StopPips"": 6.0, ""MaxBasketRiskPct"": 5.0, ""AddMinSec"": 30, ""Session"": ""london_1013"", ""ZEntry"": 2.75, ""ZEmaBars"": 120, ""NewsBeforeMin"": 30, ""NewsAfterMin"": 15, ""NewsCloseMode"": 2, ""DailyLossPct"": 8.0, ""MaxSpreadPts"": 0}"
-92.46624999999999,-5.509608111101805,25.00000000000009,0.0,1.0,75.3375000000001,0.7365905122914469,793.2857964898575,226.0,144.0,587.0,"{""EntryMode"": 0, ""EntryTFMin"": 1, ""GridSpacingPts"": 80, ""TP_Pips"": 4.0, ""MaxLayers"": 1, ""Ladder"": ""step1"", ""MaxHoldSec"": 1800, ""StopPips"": 12.0, ""MaxBasketRiskPct"": 2.0, ""AddMinSec"": 30, ""Session"": ""lateny_1923"", ""ZEntry"": 3.0, ""ZEmaBars"": 30, ""NewsBeforeMin"": 30, ""NewsAfterMin"": 60, ""NewsCloseMode"": 2, ""DailyLossPct"": 8.0, ""MaxSpreadPts"": 25}"
-92.47074999999991,-5.520905556822431,24.99999999999981,0.0,1.0,75.29250000000087,5.927360015837443,30.033743757629807,7683.0,14.0,4.0,"{""EntryMode"": 0, ""EntryTFMin"": 5, ""GridSpacingPts"": 30, ""TP_Pips"": 11.0, ""MaxLayers"": 5, ""Ladder"": ""step1"", ""MaxHoldSec"": 30, ""StopPips"": 8.0, ""MaxBasketRiskPct"": 5.0, ""AddMinSec"": 15, ""Session"": ""london_1013"", ""ZEntry"": 1.5, ""ZEmaBars"": 90, ""NewsBeforeMin"": 30, ""NewsAfterMin"": 30, ""NewsCloseMode"": 0, ""DailyLossPct"": 3.0, ""MaxSpreadPts"": 25}"
-92.47825000000003,-5.539746640780107,25.000000000000338,0.0,1.0,75.21749999999967,131.06154215514658,66.73775080718498,169800.0,10.0,469.0,"{""EntryMode"": 0, ""EntryTFMin"": 1, ""GridSpacingPts"": 80, ""TP_Pips"": 6.0, ""MaxLayers"": 1, ""Ladder"": ""step2"", ""MaxHoldSec"": 60, ""StopPips"": 16.0, ""MaxBasketRiskPct"": 5.0, ""AddMinSec"": 0, ""Session"": ""asia_0309"", ""ZEntry"": 2.5, ""ZEmaBars"": 120, ""NewsBeforeMin"": 60, ""NewsAfterMin"": 15, ""NewsCloseMode"": 0, ""DailyLossPct"": 3.0, ""MaxSpreadPts"": 25}"
-92.48199999999999,-5.549172818466042,25.000000000000057,0.0,1.0,75.18000000000018,9.753474369652261,160.17954093573766,12034.0,5.0,633.0,"{""EntryMode"": 0, ""EntryTFMin"": 1, ""GridSpacingPts"": 75, ""TP_Pips"": 7.5, ""MaxLayers"": 2, ""Ladder"": ""step1"", ""MaxHoldSec"": 120, ""StopPips"": 28.0, ""MaxBasketRiskPct"": 5.0, ""AddMinSec"": 0, ""Session"": ""london_1013"", ""ZEntry"": 2.75, ""ZEmaBars"": 30, ""NewsBeforeMin"": 60, ""NewsAfterMin"": 30, ""NewsCloseMode"": 2, ""DailyLossPct"": 8.0, ""MaxSpreadPts"": 0}"
-92.488,-5.564262528373165,24.999999999999925,0.0,1.0,75.11999999999998,0.6265252633283571,638.8475845158811,160.0,13.0,641.0,"{""EntryMode"": 0, ""EntryTFMin"": 1, ""GridSpacingPts"": 90, ""TP_Pips"": 1.5, ""MaxLayers"": 2, ""Ladder"": ""step1"", ""MaxHoldSec"": 1800, ""StopPips"": 19.0, ""MaxBasketRiskPct"": 3.0, ""AddMinSec"": 60, ""Session"": ""asia_0309"", ""ZEntry"": 1.0, ""ZEmaBars"": 60, ""NewsBeforeMin"": 60, ""NewsAfterMin"": 30, ""NewsCloseMode"": 2, ""DailyLossPct"": 5.0, ""MaxSpreadPts"": 25}"
-92.4925,-5.575586138683109,25.00000000000021,0.0,1.0,75.07499999999986,1.4901141398079845,27.266088505534718,1278.0,1.0,657.0,"{""EntryMode"": 1, ""EntryTFMin"": 1, ""GridSpacingPts"": 55, ""TP_Pips"": 1.0, ""MaxLayers"": 3, ""Ladder"": ""step1"", ""MaxHoldSec"": 30, ""StopPips"": 10.0, ""MaxBasketRiskPct"": 5.0, ""AddMinSec"": 0, ""Session"": ""london_1013"", ""ZEntry"": 1.0, ""ZEmaBars"": 30, ""NewsBeforeMin"": 60, ""NewsAfterMin"": 60, ""NewsCloseMode"": 2, ""DailyLossPct"": 8.0, ""MaxSpreadPts"": 25}"
-92.49325000000002,-5.577473934865429,25.00000000000008,0.0,1.0,75.06749999999981,1.162227454085773,116.44449700160395,1084.0,2.0,424.0,"{""EntryMode"": 0, ""EntryTFMin"": 5, ""GridSpacingPts"": 50, ""TP_Pips"": 1.5, ""MaxLayers"": 4, ""Ladder"": ""step1"", ""MaxHoldSec"": 120, ""StopPips"": 19.0, ""MaxBasketRiskPct"": 3.0, ""AddMinSec"": 30, ""Session"": ""allday_0123"", ""ZEntry"": 3.0, ""ZEmaBars"": 60, ""NewsBeforeMin"": 30, ""NewsAfterMin"": 30, ""NewsCloseMode"": 0, ""DailyLossPct"": 5.0, ""MaxSpreadPts"": 0}"
-92.49775000000005,-5.588803881211857,24.99999999999993,0.0,1.0,75.02249999999952,0.6172890186601258,34.13593655116487,247.0,1.0,554.0,"{""EntryMode"": 0, ""EntryTFMin"": 1, ""GridSpacingPts"": 125, ""TP_Pips"": 0.5, ""MaxLayers"": 5, ""Ladder"": ""step1"", ""MaxHoldSec"": 60, ""StopPips"": 27.0, ""MaxBasketRiskPct"": 5.0, ""AddMinSec"": 15, ""Session"": ""london_1013"", ""ZEntry"": 2.0, ""ZEmaBars"": 30, ""NewsBeforeMin"": 60, ""NewsAfterMin"": 30, ""NewsCloseMode"": 2, ""DailyLossPct"": 5.0, ""MaxSpreadPts"": 0}"
-92.5,-5.594470892983605,25.00000000000015,0.0,1.0,74.99999999999996,1.7972192750266756,652.0396806112675,816.0,506.0,1013.0,"{""EntryMode"": 0, ""EntryTFMin"": 1, ""GridSpacingPts"": 65, ""TP_Pips"": 3.5, ""MaxLayers"": 2, ""Ladder"": ""step1"", ""MaxHoldSec"": 900, ""StopPips"": 6.0, ""MaxBasketRiskPct"": 5.0, ""AddMinSec"": 15, ""Session"": ""asia_0309"", ""ZEntry"": 1.25, ""ZEmaBars"": 30, ""NewsBeforeMin"": 60, ""NewsAfterMin"": 30, ""NewsCloseMode"": 2, ""DailyLossPct"": 5.0, ""MaxSpreadPts"": 25}"
-92.5,-5.594470892983616,25.00000000000007,0.0,1.0,74.99999999999993,0.895146045762751,147.23714401361678,37.0,262.0,864.0,"{""EntryMode"": 0, ""EntryTFMin"": 1, ""GridSpacingPts"": 130, ""TP_Pips"": 2.0, ""MaxLayers"": 3, ""Ladder"": ""step2"", ""MaxHoldSec"": 600, ""StopPips"": 7.0, ""MaxBasketRiskPct"": 5.0, ""AddMinSec"": 15, ""Session"": ""london_1013"", ""ZEntry"": 1.5, ""ZEmaBars"": 30, ""NewsBeforeMin"": 30, ""NewsAfterMin"": 15, ""NewsCloseMode"": 2, ""DailyLossPct"": 3.0, ""MaxSpreadPts"": 0}"
-92.50000000000003,-5.594470892983672,25.0000000000003,0.0,1.0,74.9999999999997,2.4075811101856277,69.12734728046739,2726.0,1.0,401.0,"{""EntryMode"": 0, ""EntryTFMin"": 1, ""GridSpacingPts"": 105, ""TP_Pips"": 2.0, ""MaxLayers"": 6, ""Ladder"": ""flat"", ""MaxHoldSec"": 60, ""StopPips"": 27.0, ""MaxBasketRiskPct"": 5.0, ""AddMinSec"": 0, ""Session"": ""allday_0123"", ""ZEntry"": 2.75, ""ZEmaBars"": 60, ""NewsBeforeMin"": 30, ""NewsAfterMin"": 60, ""NewsCloseMode"": 2, ""DailyLossPct"": 8.0, ""MaxSpreadPts"": 0}"
