bracket,session,zdir,vol,trend_abs,n_is,P_W_res_is,gross_is,net_is,net_lo_is,n_ho,gross_ho,net_ho
TP 1 / grid 2 / 5m,01-05,-1.5..-0.5,low,<1,30210,0.6591557864195798,-0.13752399867593657,-0.9375239986759366,-0.9436312479311502,22761,-0.08074337682879235,-0.8807433768287924
TP 1 / grid 2 / 5m,01-05,-1.5..-0.5,low,1-2,12810,0.6399143381603101,-0.17249804839968683,-0.9724980483996869,-0.9799921935987501,10416,-0.10275537634409321,-0.9027553763440932
TP 1 / grid 2 / 5m,01-05,-1.5..-0.5,low,>2,1191,0.6087628865979382,-0.23828715365240255,-1.0382871536524025,-1.0445843828715462,983,-0.2233977619532259,-1.023397761953226
TP 1 / grid 2 / 5m,01-05,-1.5..-0.5,mid,<1,12676,0.60143031571603,-0.2258441148627335,-1.0258441148627335,-1.0488008835594833,3688,-0.18169739696312898,-0.9816973969631291
TP 1 / grid 2 / 5m,01-05,-1.5..-0.5,mid,1-2,6645,0.5940763707571802,-0.23744168547780306,-1.037441685477803,-1.0611437170805118,1885,-0.21782493368700534,-1.0178249336870053
TP 1 / grid 2 / 5m,01-05,-1.5..-0.5,high,<1,2590,0.5835018196522442,-0.26173745173746,-1.06173745173746,-1.156718146718155,1042,-0.17428023032629034,-0.9742802303262904
TP 1 / grid 2 / 5m,01-05,-1.5..-0.5,high,1-2,1775,0.5573394495412844,-0.3315492957746437,-1.1315492957746438,-1.2718309859154888,661,-0.2550680786686721,-1.0550680786686721
TP 1 / grid 2 / 5m,01-05,-0.5..0.5,low,<1,232096,0.7101645050647752,-0.045516941265682065,-0.8455169412656821,-0.8487806769612564,201648,-0.008954217249860785,-0.8089542172498608
TP 1 / grid 2 / 5m,01-05,-0.5..0.5,low,1-2,31608,0.6901892113162922,-0.06145279676031473,-0.8614527967603147,-0.8652967603138455,26220,-0.023325705568269517,-0.8233257055682696
TP 1 / grid 2 / 5m,01-05,-0.5..0.5,mid,<1,105818,0.6619013332094578,-0.08333837343363097,-0.883338373433631,-0.8945368462832406,37576,-0.038245156482858506,-0.8382451564828586
TP 1 / grid 2 / 5m,01-05,-0.5..0.5,mid,1-2,19126,0.6501080561892184,-0.0965857994353197,-0.8965857994353197,-0.9093694447349119,5656,-0.05031824611032445,-0.8503182461103245
TP 1 / grid 2 / 5m,01-05,-0.5..0.5,mid,>2,1032,0.6484042553191489,-0.08769379844962757,-0.8876937984496276,-0.9065891472868369,452,-0.104203539823014,-0.904203539823014
TP 1 / grid 2 / 5m,01-05,-0.5..0.5,high,<1,32396,0.6325662745635996,-0.13370477836769976,-0.9337047783676998,-0.9775990863069516,13488,-0.0756005338078275,-0.8756005338078275
TP 1 / grid 2 / 5m,01-05,-0.5..0.5,high,1-2,6326,0.62015503875969,-0.153714827695226,-0.9537148276952261,-1.0115712930761935,2316,-0.14559585492228436,-0.9455958549222844
TP 1 / grid 2 / 5m,01-05,0.5..1.5,low,<1,30210,0.7148379888268156,0.03417080436941346,-0.7658291956305866,-0.7739225422045687,22761,0.058525548086650836,-0.7414744519133492
TP 1 / grid 2 / 5m,01-05,0.5..1.5,low,1-2,12810,0.7152114597544339,0.05529274004683509,-0.744707259953165,-0.7560655737704952,10416,0.07397273425499569,-0.7260272657450043
TP 1 / grid 2 / 5m,01-05,0.5..1.5,low,>2,1191,0.7399014778325123,0.1497061293030994,-0.6502938706969006,-0.6578505457598729,983,0.17334689725329627,-0.6266531027467037
TP 1 / grid 2 / 5m,01-05,0.5..1.5,mid,<1,12676,0.6965716254630029,0.04955822025875803,-0.750441779741242,-0.7749368886083926,3688,0.10222342733188503,-0.697776572668115
TP 1 / grid 2 / 5m,01-05,0.5..1.5,mid,1-2,6645,0.6855703087505998,0.035003762227238534,-0.7649962377727615,-0.7923100075244545,1885,0.09098143236073927,-0.7090185676392607
TP 1 / grid 2 / 5m,01-05,0.5..1.5,high,<1,2590,0.6660692951015531,-0.013745173745168423,-0.8137451737451684,-0.9174131274131221,1042,-0.051055662188104436,-0.8510556621881045
TP 1 / grid 2 / 5m,01-05,0.5..1.5,high,1-2,1775,0.6597142857142857,-0.027887323943661273,-0.8278873239436613,-0.9605633802816895,661,-0.010741301058998703,-0.8107413010589988
TP 1 / grid 2 / 5m,05-09,-1.5..-0.5,low,<1,31730,0.661379857256146,-0.15120390797352487,-0.9512039079735249,-0.956309486290575,26701,-0.097194861615674,-0.8971948616156741
TP 1 / grid 2 / 5m,05-09,-1.5..-0.5,low,1-2,14179,0.6313010081613059,-0.20572677903942543,-1.0057267790394255,-1.0127089357500538,12630,-0.1778305621536066,-0.9778305621536066
TP 1 / grid 2 / 5m,05-09,-1.5..-0.5,low,>2,1106,0.6225988700564972,-0.22251356238697592,-1.0225135623869759,-1.0225135623869759,1266,-0.15758293838863222,-0.9575829383886323
TP 1 / grid 2 / 5m,05-09,-1.5..-0.5,mid,<1,9848,0.5916051866756092,-0.2529346060113719,-1.052934606011372,-1.0780666125101535,2170,-0.17580645161289835,-0.9758064516128984
TP 1 / grid 2 / 5m,05-09,-1.5..-0.5,mid,1-2,5778,0.5638377070537874,-0.3250951886465908,-1.1250951886465907,-1.1559882312218765,1362,-0.32995594713656906,-1.129955947136569
TP 1 / grid 2 / 5m,05-09,-1.5..-0.5,high,<1,1334,0.5517241379310345,-0.3518740629685128,-1.151874062968513,-1.2755622188905518,600,-0.21866666666666693,-1.018666666666667
TP 1 / grid 2 / 5m,05-09,-1.5..-0.5,high,1-2,1103,0.5583941605839416,-0.327198549410699,-1.127198549410699,-1.2958295557570272,352,-0.3338068181818181,-1.1338068181818182
TP 1 / grid 2 / 5m,05-09,-0.5..0.5,low,<1,272536,0.7218367334272574,-0.03320845686441243,-0.8332084568644125,-0.8354155047406564,211556,-0.012318251432243299,-0.8123182514322433
TP 1 / grid 2 / 5m,05-09,-0.5..0.5,low,1-2,36988,0.7020817048586827,-0.05229263544933714,-0.8522926354493372,-0.8542797664107301,35274,-0.016558938594997213,-0.8165589385949973
TP 1 / grid 2 / 5m,05-09,-0.5..0.5,low,>2,1026,0.6620498614958449,-0.10438596491227309,-0.9043859649122732,-0.9102339181286474,1206,-0.06028192371477395,-0.860281923714774
TP 1 / grid 2 / 5m,05-09,-0.5..0.5,mid,<1,92028,0.6650306429832762,-0.0729017255617841,-0.8729017255617841,-0.8817685921675997,19274,-0.02944899865103609,-0.8294489986510362
TP 1 / grid 2 / 5m,05-09,-0.5..0.5,mid,1-2,17358,0.6591117816845973,-0.07293466989284472,-0.8729346698928447,-0.8828724507431732,4688,-0.033767064846415173,-0.8337670648464153
TP 1 / grid 2 / 5m,05-09,-0.5..0.5,high,<1,15988,0.6399690527448869,-0.105122591943957,-0.9051225919439571,-0.9498749061796338,6736,-0.10528503562945582,-0.9052850356294558
TP 1 / grid 2 / 5m,05-09,-0.5..0.5,high,1-2,4856,0.6236741620704285,-0.13857084019769195,-0.938570840197692,-1.0157948929159786,1214,-0.10032948929160161,-0.9003294892916016
TP 1 / grid 2 / 5m,05-09,0.5..1.5,low,<1,31730,0.7365814278233549,0.07556255909234151,-0.7244374409076585,-0.7311030570438073,26701,0.05949215385192186,-0.7405078461480782
TP 1 / grid 2 / 5m,05-09,0.5..1.5,low,1-2,14179,0.7335753338711123,0.0986811481768834,-0.7013188518231166,-0.7094647013188498,12630,0.12642913697546757,-0.6735708630245325
TP 1 / grid 2 / 5m,05-09,0.5..1.5,low,>2,1106,0.6812564366632339,-0.0011754068716157279,-0.8011754068716158,-0.8133815551537136,1266,0.06864139020538272,-0.7313586097946173
TP 1 / grid 2 / 5m,05-09,0.5..1.5,mid,<1,9848,0.704848949211909,0.07589358245328495,-0.7241064175467151,-0.7538078797725478,2170,0.10276497695852463,-0.6972350230414754
TP 1 / grid 2 / 5m,05-09,0.5..1.5,mid,1-2,5778,0.7248273355143584,0.15365178262374482,-0.6463482173762553,-0.6889235029421951,1362,0.1739353891336173,-0.6260646108663828
TP 1 / grid 2 / 5m,05-09,0.5..1.5,high,<1,1334,0.680576631259484,0.0359070464767566,-0.7640929535232435,-0.8990254872563769,600,0.009499999999998695,-0.7905000000000013
TP 1 / grid 2 / 5m,05-09,0.5..1.5,high,1-2,1103,0.6494096276112625,-0.052493200362648616,-0.8524932003626486,-1.0401631912964657,352,-0.06562499999999859,-0.8656249999999986
TP 1 / grid 2 / 5m,09-13,-2.5..-1.5,mid,1-2,1402,0.5500357398141529,-0.35064194008559235,-1.1506419400855923,-1.2972182596291018,779,-0.23337612323491733,-1.0333761232349175
TP 1 / grid 2 / 5m,09-13,-2.5..-1.5,high,1-2,1393,0.5064608758076095,-0.48061737257717163,-1.2806173725771717,-1.6068916008614502,358,-0.45810055865921784,-1.2581005586592178
TP 1 / grid 2 / 5m,09-13,-1.5..-0.5,low,<1,15421,0.6441821856503538,-0.11176318007911971,-0.9117631800791197,-0.9283963426496407,20880,-0.08858237547892955,-0.8885823754789296
TP 1 / grid 2 / 5m,09-13,-1.5..-0.5,low,1-2,8467,0.6145305804440981,-0.19163812448328407,-0.9916381244832841,-1.0091768040628282,11915,-0.1107427612253436,-0.9107427612253436
TP 1 / grid 2 / 5m,09-13,-1.5..-0.5,mid,<1,24939,0.6028727658532604,-0.19734552307630554,-0.9973455230763055,-1.0531617145835834,15623,-0.10048646226716965,-0.9004864622671697
TP 1 / grid 2 / 5m,09-13,-1.5..-0.5,mid,1-2,13881,0.5980571178146228,-0.2121893235357689,-1.0121893235357688,-1.0727036956991578,9811,-0.1592905921924343,-0.9592905921924344
TP 1 / grid 2 / 5m,09-13,-1.5..-0.5,mid,>2,2266,0.5801068090787718,-0.2617387466902022,-1.0617387466902022,-1.114033539276257,2028,-0.1724852071005909,-0.9724852071005909
TP 1 / grid 2 / 5m,09-13,-1.5..-0.5,high,<1,19029,0.5785609011474891,-0.2647590519733036,-1.0647590519733037,-1.2231226023437909,4857,-0.16940498249948616,-0.9694049824994861
TP 1 / grid 2 / 5m,09-13,-1.5..-0.5,high,1-2,13304,0.5759650839039807,-0.27272248947684896,-1.072722489476849,-1.25627630787733,3517,-0.2669036110321302,-1.0669036110321302
TP 1 / grid 2 / 5m,09-13,-1.5..-0.5,high,>2,3511,0.5619658119658119,-0.31421247507832534,-1.1142124750783253,-1.340216462546283,917,-0.26586695747001066,-1.0658669574700106
TP 1 / grid 2 / 5m,09-13,-0.5..0.5,low,<1,70958,0.6687632240148109,-0.05727613517855276,-0.8572761351785528,-0.8671481721581746,88240,-0.046637579329101536,-0.8466375793291016
TP 1 / grid 2 / 5m,09-13,-0.5..0.5,low,1-2,16672,0.660910253820777,-0.06600287907869469,-0.8660028790786948,-0.8752699136276391,24980,-0.025616493194556195,-0.8256164931945562
TP 1 / grid 2 / 5m,09-13,-0.5..0.5,mid,<1,124652,0.6454182770228151,-0.07799874851586867,-0.8779987485158687,-0.9131726727208553,80600,-0.05600248138957797,-0.856002481389578
TP 1 / grid 2 / 5m,09-13,-0.5..0.5,mid,1-2,34506,0.6476380889857062,-0.06875326030255688,-0.868753260302557,-0.9050078247261355,26732,-0.04691381116265121,-0.8469138111626513
TP 1 / grid 2 / 5m,09-13,-0.5..0.5,mid,>2,2302,0.6444790739091718,-0.0766724587315317,-0.8766724587315318,-0.9138140747176308,2292,-0.04882198952880453,-0.8488219895288046
TP 1 / grid 2 / 5m,09-13,-0.5..0.5,high,<1,108664,0.6290728672985781,-0.11487889273356408,-0.9148788927335642,-1.0186575130678055,28890,-0.08564901349948069,-0.8856490134994808
TP 1 / grid 2 / 5m,09-13,-0.5..0.5,high,1-2,38474,0.628932540303647,-0.11494515776888294,-0.914945157768883,-1.0310105525809639,10528,-0.08423252279635186,-0.8842325227963519
TP 1 / grid 2 / 5m,09-13,-0.5..0.5,high,>2,4710,0.6226876461832873,-0.13303609341825895,-0.933036093418259,-1.074755838641189,1284,-0.06362928348909543,-0.8636292834890955
TP 1 / grid 2 / 5m,09-13,0.5..1.5,low,<1,15421,0.6699942954934397,-0.02650282082873595,-0.8265028208287359,-0.8447895726606534,20880,0.0062116858237556555,-0.7937883141762444
TP 1 / grid 2 / 5m,09-13,0.5..1.5,low,1-2,8467,0.6885579737813415,0.034711231841269966,-0.76528876815873,-0.7872564072280581,11915,0.0246579941250507,-0.7753420058749494
TP 1 / grid 2 / 5m,09-13,0.5..1.5,mid,<1,24939,0.6734213197969543,0.0137254901960787,-0.7862745098039213,-0.847624203055455,15623,0.005107853805286075,-0.7948921461947139
TP 1 / grid 2 / 5m,09-13,0.5..1.5,mid,1-2,13881,0.6735302677532014,0.017095310136157053,-0.782904689863843,-0.8473092716663068,9811,0.05089185607990918,-0.7491081439200908
TP 1 / grid 2 / 5m,09-13,0.5..1.5,mid,>2,2266,0.6815357301375943,0.04293909973521483,-0.7570609002647852,-0.8186231244483686,2028,0.021449704142013293,-0.7785502958579867
TP 1 / grid 2 / 5m,09-13,0.5..1.5,high,<1,19029,0.6573840328179237,-0.028461821430447946,-0.828461821430448,-0.9977035051763097,4857,-0.042804200123531914,-0.842804200123532
TP 1 / grid 2 / 5m,09-13,0.5..1.5,high,1-2,13304,0.6487929608182297,-0.05353277209861712,-0.8535327720986172,-1.0463319302465426,3517,0.03153255615581388,-0.7684674438441862
TP 1 / grid 2 / 5m,09-13,0.5..1.5,high,>2,3511,0.6564548304360217,-0.030618057533466247,-0.8306180575334663,-1.0643121617772717,917,0.0005452562704472141,-0.7994547437295528
TP 1 / grid 2 / 5m,09-13,1.5..2.5,mid,1-2,1402,0.6880799428979301,0.06426533523537857,-0.7357346647646215,-0.9090584878744645,779,0.023748395378690557,-0.7762516046213095
TP 1 / grid 2 / 5m,09-13,1.5..2.5,high,1-2,1393,0.6568557071069634,-0.02943287867910982,-0.8294328786791099,-1.1783201722900216,358,0.036312849162011274,-0.7636871508379888
TP 1 / grid 2 / 5m,13-17,-2.5..-1.5,high,1-2,1401,0.53604568165596,-0.39186295503212,-1.19186295503212,-1.615845824411135,472,-0.3951271186440679,-1.195127118644068
TP 1 / grid 2 / 5m,13-17,-1.5..-0.5,low,<1,6070,0.6381657989587506,-0.15504118616145252,-0.9550411861614525,-0.9673970345963785,12925,-0.07534235976788735,-0.8753423597678874
TP 1 / grid 2 / 5m,13-17,-1.5..-0.5,low,1-2,2402,0.5944280078895463,-0.27618651124063903,-1.076186511240639,-1.0905495420482993,6647,-0.10785316684218567,-0.9078531668421858
TP 1 / grid 2 / 5m,13-17,-1.5..-0.5,mid,<1,19657,0.6052231768650461,-0.1946787403978243,-0.9946787403978243,-1.0379457699547252,16637,-0.13314900522931022,-0.9331490052293103
TP 1 / grid 2 / 5m,13-17,-1.5..-0.5,mid,1-2,9521,0.5931093699688741,-0.2277596891082853,-1.0277596891082854,-1.0806953051150072,9163,-0.16496780530394184,-0.9649678053039419
TP 1 / grid 2 / 5m,13-17,-1.5..-0.5,mid,>2,1004,0.5945121951219512,-0.22609561752987675,-1.0260956175298768,-1.0888446215139407,1284,-0.17920560747663844,-0.9792056074766384
TP 1 / grid 2 / 5m,13-17,-1.5..-0.5,high,<1,24776,0.57776518677405,-0.26745237326445,-1.06745237326445,-1.2397562156926063,6193,-0.2457613434522848,-1.0457613434522848
TP 1 / grid 2 / 5m,13-17,-1.5..-0.5,high,1-2,14974,0.5712279293739968,-0.28696407105649785,-1.0869640710564978,-1.2961266194737544,4099,-0.22651866308855875,-1.0265186630885588
TP 1 / grid 2 / 5m,13-17,-1.5..-0.5,high,>2,3266,0.5692614158749617,-0.2928046540110221,-1.0928046540110221,-1.368830373545621,1116,-0.19220430107526876,-0.9922043010752688
TP 1 / grid 2 / 5m,13-17,-0.5..0.5,low,<1,46026,0.6936610001103874,-0.02462738452179347,-0.8246273845217935,-0.8309824881588682,78730,-0.03106693763495494,-0.831066937634955
TP 1 / grid 2 / 5m,13-17,-0.5..0.5,low,1-2,6370,0.6923592493297587,-0.01583987441129925,-0.8158398744112993,-0.8221978021977985,17246,-0.026284355792650302,-0.8262843557926504
TP 1 / grid 2 / 5m,13-17,-0.5..0.5,mid,<1,135776,0.6556930482359405,-0.05412370374734932,-0.8541237037473494,-0.8797541539005429,104278,-0.04283549742035695,-0.842835497420357
TP 1 / grid 2 / 5m,13-17,-0.5..0.5,mid,1-2,25026,0.6513650740802397,-0.06227523375689447,-0.8622752337568945,-0.8918844401822121,25184,-0.04387309402795454,-0.8438730940279546
TP 1 / grid 2 / 5m,13-17,-0.5..0.5,mid,>2,1080,0.649375600384246,-0.06462962962961849,-0.8646296296296185,-0.884074074074063,1430,-0.030209790209793724,-0.8302097902097938
TP 1 / grid 2 / 5m,13-17,-0.5..0.5,high,<1,163866,0.6288096466023233,-0.11599904800263651,-0.9159990480026365,-1.0252773607703858,38070,-0.09396637772524329,-0.8939663777252433
TP 1 / grid 2 / 5m,13-17,-0.5..0.5,high,1-2,43480,0.6272796528002217,-0.11958601655933801,-0.919586016559338,-1.0641007359705617,12948,-0.08796725362990426,-0.8879672536299044
TP 1 / grid 2 / 5m,13-17,-0.5..0.5,high,>2,4782,0.6098889587261681,-0.17118360518611433,-0.9711836051861144,-1.1625261396905058,1724,-0.13984918793503442,-0.9398491879350345
TP 1 / grid 2 / 5m,13-17,0.5..1.5,low,<1,6070,0.7239878925463489,0.10904448105436351,-0.6909555189456366,-0.7028171334431653,12925,0.015365570599611952,-0.7846344294003881
TP 1 / grid 2 / 5m,13-17,0.5..1.5,low,1-2,2402,0.7335933914639743,0.15645295587011196,-0.6435470441298881,-0.6579100749375484,6647,0.027847149089812694,-0.7721528509101874
TP 1 / grid 2 / 5m,13-17,0.5..1.5,mid,<1,19657,0.6865648379052369,0.04993132217530658,-0.7500686778246934,-0.8028742941445794,16637,0.016962192703012254,-0.7830378072969878
TP 1 / grid 2 / 5m,13-17,0.5..1.5,mid,1-2,9521,0.6850133333333334,0.04963764310471465,-0.7503623568952854,-0.8118054826173734,9163,0.06311251773436792,-0.7368874822656322
TP 1 / grid 2 / 5m,13-17,0.5..1.5,mid,>2,1004,0.6938569989929507,0.07589641434262695,-0.7241035856573731,-0.8077689243027915,1284,0.08644859813083827,-0.7135514018691618
TP 1 / grid 2 / 5m,13-17,0.5..1.5,high,<1,24776,0.659239789729074,-0.02313125605424617,-0.8231312560542462,-1.002215854052309,6193,-0.014952365574035278,-0.8149523655740353
TP 1 / grid 2 / 5m,13-17,0.5..1.5,high,1-2,14974,0.6538153147133503,-0.038600240416722435,-0.8386002404167224,-1.0533725123547484,4099,-0.03922908026347848,-0.8392290802634785
TP 1 / grid 2 / 5m,13-17,0.5..1.5,high,>2,3266,0.6359877488514547,-0.0919473361910597,-0.8919473361910597,-1.1606246172688308,1116,-0.12231182795698925,-0.9223118279569893
TP 1 / grid 2 / 5m,13-17,1.5..2.5,high,1-2,1401,0.6463240542469665,-0.06102783725910055,-0.8610278372591006,-1.2732334047109206,472,-0.125,-0.925
TP 1 / grid 2 / 5m,17-20,-1.5..-0.5,low,<1,1784,0.6758982035928144,-0.09932735426008843,-0.8993273542600885,-0.9060538116591916,4400,-0.11797727272727186,-0.9179772727272719
TP 1 / grid 2 / 5m,17-20,-1.5..-0.5,mid,<1,7624,0.6014824050983653,-0.20939139559286848,-1.0093913955928686,-1.043428646379857,11250,-0.12483555555555474,-0.9248355555555547
TP 1 / grid 2 / 5m,17-20,-1.5..-0.5,mid,1-2,3698,0.6170930559460218,-0.16541373715521668,-0.9654137371552167,-1.0084099513250382,5732,-0.16973133286810507,-0.9697313328681051
TP 1 / grid 2 / 5m,17-20,-1.5..-0.5,high,<1,21238,0.5677231381466743,-0.298215462849609,-1.098215462849609,-1.2662397589226857,8023,-0.1882836844073274,-0.9882836844073275
TP 1 / grid 2 / 5m,17-20,-1.5..-0.5,high,1-2,12695,0.5758054327226786,-0.27310752264671084,-1.0731075226467108,-1.2787002756990937,5131,-0.24942506334047929,-1.0494250633404794
TP 1 / grid 2 / 5m,17-20,-1.5..-0.5,high,>2,2535,0.5616600790513834,-0.31546351084812707,-1.115463510848127,-1.3580670611439853,969,-0.16501547987616005,-0.9650154798761601
TP 1 / grid 2 / 5m,17-20,-0.5..0.5,low,<1,17624,0.7136716467740589,-0.02522128915115608,-0.8252212891511561,-0.8288810712664535,34238,-0.032957532566155745,-0.8329575325661558
TP 1 / grid 2 / 5m,17-20,-0.5..0.5,low,1-2,1930,0.6996240601503759,-0.04155440414507035,-0.8415544041450704,-0.8454404145077647,6554,-0.03751907232224466,-0.8375190723222448
TP 1 / grid 2 / 5m,17-20,-0.5..0.5,mid,<1,73358,0.6649363265182217,-0.048868562392651686,-0.8488685623926517,-0.8633455110553742,84450,-0.03787803433984529,-0.8378780343398453
TP 1 / grid 2 / 5m,17-20,-0.5..0.5,mid,1-2,11566,0.6586364059157287,-0.053735085595707915,-0.853735085595708,-0.8724105135742658,18690,-0.04249866238630216,-0.8424986623863022
TP 1 / grid 2 / 5m,17-20,-0.5..0.5,high,<1,202216,0.6328897711985247,-0.10787870396012161,-0.9078787039601217,-0.9941626775329349,67356,-0.07748827127501719,-0.8774882712750173
TP 1 / grid 2 / 5m,17-20,-0.5..0.5,high,1-2,43730,0.6290672201083825,-0.11607820718042532,-0.9160782071804253,-1.0337662931625888,16214,-0.07122856790427994,-0.8712285679042799
TP 1 / grid 2 / 5m,17-20,-0.5..0.5,high,>2,3560,0.6259509721048182,-0.12351123595505518,-0.9235112359550552,-1.0587640449438194,1432,-0.12339385474860352,-0.9233938547486036
TP 1 / grid 2 / 5m,17-20,0.5..1.5,low,<1,1784,0.7157001414427158,0.05700672645739091,-0.7429932735426091,-0.751401345291488,4400,0.06849999999999375,-0.7315000000000063
TP 1 / grid 2 / 5m,17-20,0.5..1.5,mid,<1,7624,0.6860750853242321,0.04115949632738642,-0.7588405036726136,-0.7983866736621203,11250,0.04682666666666707,-0.753173333333333
TP 1 / grid 2 / 5m,17-20,0.5..1.5,mid,1-2,3698,0.6736053288925895,0.009221200648994288,-0.7907787993510058,-0.8435100054083342,5732,0.07726796929518556,-0.7227320307048145
TP 1 / grid 2 / 5m,17-20,0.5..1.5,high,<1,21238,0.6684931506849315,0.004426028816273646,-0.7955739711837264,-0.9715792447499757,8023,0.0015829490215624124,-0.7984170509784376
TP 1 / grid 2 / 5m,17-20,0.5..1.5,high,1-2,12695,0.6513095613758283,-0.04652225285545462,-0.8465222528554547,-1.06274911382434,5131,-0.009725199766127339,-0.8097251997661273
TP 1 / grid 2 / 5m,17-20,0.5..1.5,high,>2,2535,0.6396129541864138,-0.08130177514792883,-0.8813017751479288,-1.13396449704142,969,-0.08668730650154799,-0.886687306501548
TP 1 / grid 2 / 5m,20-23,-1.5..-0.5,low,<1,5069,0.6671262254901961,-0.1637403827184863,-0.9637403827184863,-0.9687709607417652,7966,-0.15079086115992288,-0.950790861159923
TP 1 / grid 2 / 5m,20-23,-1.5..-0.5,low,1-2,1616,0.6354441512752859,-0.2252475247524776,-1.0252475247524777,-1.0336014851485174,3179,-0.1396665618118803,-0.9396665618118804
TP 1 / grid 2 / 5m,20-23,-1.5..-0.5,mid,<1,10928,0.605377456049638,-0.22085468521230178,-1.020854685212302,-1.0384242313323604,7305,-0.12978781656399227,-0.9297878165639923
TP 1 / grid 2 / 5m,20-23,-1.5..-0.5,mid,1-2,4349,0.5848915482423336,-0.270705909404466,-1.070705909404466,-1.1045067831685498,3487,-0.14708918841411184,-0.9470891884141119
TP 1 / grid 2 / 5m,20-23,-1.5..-0.5,high,<1,7938,0.5569798743750802,-0.3303476946334083,-1.1303476946334083,-1.25204081632653,2647,-0.16025689459765718,-0.9602568945976573
TP 1 / grid 2 / 5m,20-23,-1.5..-0.5,high,1-2,4651,0.5629613547546679,-0.3144700064502245,-1.1144700064502246,-1.2834659213072446,1880,-0.21515957446808365,-1.0151595744680837
TP 1 / grid 2 / 5m,20-23,-0.5..0.5,low,<1,73072,0.7379137977506065,-0.017062623166192226,-0.8170626231661923,-0.8188280052550909,101002,-0.0062434407239432,-0.8062434407239433
TP 1 / grid 2 / 5m,20-23,-0.5..0.5,low,1-2,6172,0.7126943005181348,-0.03844782890473741,-0.8384478289047375,-0.8389338950097277,10998,-0.01613020549190569,-0.8161302054919057
TP 1 / grid 2 / 5m,20-23,-0.5..0.5,mid,<1,149458,0.676444844270466,-0.050052188574716494,-0.8500521885747165,-0.8578905110465815,82964,-0.015184899474470118,-0.8151848994744701
TP 1 / grid 2 / 5m,20-23,-0.5..0.5,mid,1-2,15174,0.6664642016551514,-0.06004349545275011,-0.8600434954527502,-0.8717081850533829,13292,-0.02774601263917733,-0.8277460126391774
TP 1 / grid 2 / 5m,20-23,-0.5..0.5,high,<1,110078,0.6438736234873882,-0.08670397354603185,-0.8867039735460319,-0.9335934519159151,27330,-0.0728466886205648,-0.8728466886205648
TP 1 / grid 2 / 5m,20-23,-0.5..0.5,high,1-2,17662,0.6299547983310153,-0.11977692220586614,-0.9197769222058662,-1.0093760616011782,7048,-0.06923950056753932,-0.8692395005675394
TP 1 / grid 2 / 5m,20-23,-0.5..0.5,high,>2,1234,0.6038118410381185,-0.18987034035656455,-0.9898703403565646,-1.1539708265802275,686,-0.11297376093294757,-0.9129737609329476
TP 1 / grid 2 / 5m,20-23,0.5..1.5,low,<1,5069,0.7568435754189943,0.11858354705070157,-0.6814164529492985,-0.6876306963898192,7966,0.11920662816971854,-0.6807933718302815
TP 1 / grid 2 / 5m,20-23,0.5..1.5,low,1-2,1616,0.7499999999999999,0.13292079207920665,-0.6670792079207934,-0.6745049504950509,3179,0.0821327461465897,-0.7178672538534103
TP 1 / grid 2 / 5m,20-23,0.5..1.5,mid,<1,10928,0.7214300060253063,0.11522693997072098,-0.6847730600292791,-0.7053623718887228,7305,0.07040383299110162,-0.7295961670088984
TP 1 / grid 2 / 5m,20-23,0.5..1.5,mid,1-2,4349,0.7115571776155718,0.10793285812830437,-0.6920671418716957,-0.7234536675097735,3487,0.05592199598508782,-0.7440780040149122
TP 1 / grid 2 / 5m,20-23,0.5..1.5,high,<1,7938,0.6906644560642776,0.06621315192743892,-0.7337868480725611,-0.8662509448223722,2647,-0.04495655459010269,-0.8449565545901028
TP 1 / grid 2 / 5m,20-23,0.5..1.5,high,1-2,4651,0.6669553919445648,-0.0021715760051589502,-0.802171576005159,-0.9763276714685002,1880,-0.03627659574468339,-0.8362765957446834
TP 3 / grid 5 / 5m,01-05,-1.5..-0.5,low,<1,30210,0.8342362992290061,-0.13266799073154018,-0.9326679907315403,-0.933065210195294,22761,-0.09129651597030908,-0.8912965159703091
TP 3 / grid 5 / 5m,01-05,-1.5..-0.5,low,1-2,12810,0.8435483870967743,-0.13992974238876082,-0.9399297423887609,-0.9411787665886047,10416,-0.09980798771122426,-0.8998079877112243
TP 3 / grid 5 / 5m,01-05,-1.5..-0.5,low,>2,1191,0.7556390977443609,-0.4020990764064037,-1.2020990764064037,-1.2020990764064037,983,-0.1905391658189175,-0.9905391658189175
TP 3 / grid 5 / 5m,01-05,-1.5..-0.5,mid,<1,12676,0.726959619952494,-0.25508046702429527,-1.0550804670242953,-1.0553960239823263,3688,-0.2270607375271187,-1.0270607375271188
TP 3 / grid 5 / 5m,01-05,-1.5..-0.5,mid,1-2,6645,0.7146025878003697,-0.26814145974416337,-1.0681414597441634,-1.0693453724604916,1885,-0.1907161803713731,-0.9907161803713731
TP 3 / grid 5 / 5m,01-05,-1.5..-0.5,high,<1,2590,0.6440342781806196,-0.30629343629344413,-1.1062934362934442,-1.131003861003869,1042,-0.14952015355084464,-0.9495201535508446
TP 3 / grid 5 / 5m,01-05,-1.5..-0.5,high,1-2,1775,0.595890410958904,-0.5489014084506878,-1.3489014084506878,-1.3827042253520963,661,-0.2738275340393104,-1.0738275340393104
TP 3 / grid 5 / 5m,01-05,-0.5..0.5,low,<1,232096,0.82416635905008,-0.0030452916034741373,-0.8030452916034742,-0.8030797600992691,201648,0.0021681345711334205,-0.7978318654288666
TP 3 / grid 5 / 5m,01-05,-0.5..0.5,low,1-2,31608,0.8128398159765788,-0.008007466464187457,-0.8080074664641875,-0.8080074664641875,26220,-0.0009992372234938207,-0.8009992372234939
TP 3 / grid 5 / 5m,01-05,-0.5..0.5,mid,<1,105818,0.770412394451146,-0.01559186527811901,-0.8155918652781191,-0.8159320720482337,37576,-0.0008010432190774797,-0.8008010432190775
TP 3 / grid 5 / 5m,01-05,-0.5..0.5,mid,1-2,19126,0.7484024250368672,-0.026853497856322572,-0.8268534978563227,-0.8278991948133443,5656,-0.03357496463932241,-0.8335749646393225
TP 3 / grid 5 / 5m,01-05,-0.5..0.5,mid,>2,1032,0.682983682983683,-0.133042635658911,-0.933042635658911,-0.933042635658911,452,-0.04247787610617709,-0.8424778761061771
TP 3 / grid 5 / 5m,01-05,-0.5..0.5,high,<1,32396,0.6900020671122442,-0.07651870601309185,-0.8765187060130919,-0.8826923076923114,13488,-0.05315836298932908,-0.8531583629893291
TP 3 / grid 5 / 5m,01-05,-0.5..0.5,high,1-2,6326,0.6723374827109266,-0.07236800505848595,-0.872368005058486,-0.8767941827379044,2316,-0.1226252158894574,-0.9226252158894575
TP 3 / grid 5 / 5m,01-05,0.5..1.5,low,<1,30210,0.7832108535895987,0.13079443892750453,-0.6692055610724955,-0.6696027805362493,22761,0.10045252844779488,-0.6995474715522052
TP 3 / grid 5 / 5m,01-05,0.5..1.5,low,1-2,12810,0.7325380359612725,0.12263856362216886,-0.6773614363778312,-0.678922716627636,10416,0.10686443932412829,-0.6931355606758718
TP 3 / grid 5 / 5m,01-05,0.5..1.5,low,>2,1191,0.7677053824362605,0.3369437447523333,-0.46305625524766675,-0.46305625524766675,983,0.1608341810783428,-0.6391658189216572
TP 3 / grid 5 / 5m,01-05,0.5..1.5,mid,<1,12676,0.7505498900219955,0.22449510886714694,-0.5755048911328531,-0.5764515620069458,3688,0.22310195227765606,-0.576898047722344
TP 3 / grid 5 / 5m,01-05,0.5..1.5,mid,1-2,6645,0.7086830213040671,0.17006772009028853,-0.6299322799097116,-0.6305342362678756,1885,0.2549071618037164,-0.5450928381962836
TP 3 / grid 5 / 5m,01-05,0.5..1.5,high,<1,2590,0.6760219646125686,0.11779922779924096,-0.682200772200759,-0.7130888030887899,1042,-0.07236084452974612,-0.8723608445297462
TP 3 / grid 5 / 5m,01-05,0.5..1.5,high,1-2,1775,0.6765785609397945,0.22326760563380796,-0.5767323943661921,-0.6015211267605584,661,-0.003933434190626431,-0.8039334341906265
TP 3 / grid 5 / 5m,05-09,-1.5..-0.5,low,<1,31730,0.859367894497499,-0.13073432083201314,-0.9307343208320131,-0.9308603844941626,26701,-0.085963072544112,-0.8859630725441121
TP 3 / grid 5 / 5m,05-09,-1.5..-0.5,low,1-2,14179,0.8229038854805725,-0.24376895408703625,-1.0437689540870363,-1.0448973834544106,12630,-0.18559778305622732,-0.9855977830562274
TP 3 / grid 5 / 5m,05-09,-1.5..-0.5,low,>2,1106,0.868421052631579,-0.09746835443038654,-0.8974683544303865,-0.8974683544303865,1266,-0.1161137440758313,-0.9161137440758313
TP 3 / grid 5 / 5m,05-09,-1.5..-0.5,mid,<1,9848,0.7232753262896209,-0.31185012185214805,-1.1118501218521482,-1.1130686433793617,2170,-0.1946082949308927,-0.9946082949308928
TP 3 / grid 5 / 5m,05-09,-1.5..-0.5,mid,1-2,5778,0.7056096430227168,-0.45401523018344936,-1.2540152301834495,-1.2540152301834495,1362,-0.5340675477239306,-1.3340675477239308
TP 3 / grid 5 / 5m,05-09,-1.5..-0.5,high,<1,1334,0.6245259165613148,-0.4538980509744937,-1.2538980509744937,-1.2838830584707457,600,-0.20566666666668626,-1.0056666666666862
TP 3 / grid 5 / 5m,05-09,-1.5..-0.5,high,1-2,1103,0.6147741147741148,-0.4248413417950696,-1.2248413417950696,-1.279238440616466,352,-0.3562499999999672,-1.1562499999999671
TP 3 / grid 5 / 5m,05-09,-0.5..0.5,low,<1,272536,0.8218125363865708,-0.005754469134352513,-0.8057544691343526,-0.8059012387354327,211556,-0.003135340051806365,-0.8031353400518064
TP 3 / grid 5 / 5m,05-09,-0.5..0.5,low,1-2,36988,0.8059287694604393,-0.012704120255215445,-0.8127041202552154,-0.8127041202552154,35274,0.00022963088960911704,-0.7997703691103909
TP 3 / grid 5 / 5m,05-09,-0.5..0.5,low,>2,1026,0.8253968253968254,-0.005263157894727977,-0.805263157894728,-0.805263157894728,1206,-0.02553897180762968,-0.8255389718076297
TP 3 / grid 5 / 5m,05-09,-0.5..0.5,mid,<1,92028,0.7765322686789804,-0.00635132785674003,-0.80635132785674,-0.8070033033424617,19274,-0.007995226730307892,-0.8079952267303079
TP 3 / grid 5 / 5m,05-09,-0.5..0.5,mid,1-2,17358,0.756383182952582,-0.01780159004493509,-0.8178015900449351,-0.8182624726350953,4688,0.00285836177474591,-0.7971416382252541
TP 3 / grid 5 / 5m,05-09,-0.5..0.5,high,<1,15988,0.7108744082428292,-0.03431323492619692,-0.834313234926197,-0.8430698023517662,6736,-0.05724465558194747,-0.8572446555819475
TP 3 / grid 5 / 5m,05-09,-0.5..0.5,high,1-2,4856,0.687363834422658,-0.037355848434930394,-0.8373558484349304,-0.875247116968703,1214,-0.06515650741349732,-0.8651565074134974
TP 3 / grid 5 / 5m,05-09,0.5..1.5,low,<1,31730,0.7637729549248747,0.1382697762369951,-0.6617302237630049,-0.6617302237630049,26701,0.08615782180444166,-0.7138421781955584
TP 3 / grid 5 / 5m,05-09,0.5..1.5,low,1-2,14179,0.7846602608098833,0.2583962197616228,-0.5416037802383773,-0.5430143169475952,12630,0.1968725257323951,-0.6031274742676049
TP 3 / grid 5 / 5m,05-09,0.5..1.5,low,>2,1106,0.6883561643835616,0.06808318264015568,-0.7319168173598444,-0.7319168173598444,1266,0.09289099526067016,-0.7071090047393299
TP 3 / grid 5 / 5m,05-09,0.5..1.5,mid,<1,9848,0.7805038047756495,0.3330930138099054,-0.46690698619009463,-0.4697502030869266,2170,0.2902304147465453,-0.5097695852534547
TP 3 / grid 5 / 5m,05-09,0.5..1.5,mid,1-2,5778,0.7450090744101634,0.42592592592592127,-0.3740740740740788,-0.37615091727241723,1362,0.6046255506607972,-0.1953744493392029
TP 3 / grid 5 / 5m,05-09,0.5..1.5,high,<1,1334,0.6861081654294804,0.26379310344828283,-0.5362068965517173,-0.5541979010494684,600,0.23533333333331874,-0.5646666666666813
TP 3 / grid 5 / 5m,05-09,0.5..1.5,high,1-2,1103,0.6674259681093393,0.20543970988211768,-0.5945602901178824,-0.6670897552130768,352,0.2829545454545015,-0.5170454545454986
TP 3 / grid 5 / 5m,09-13,-2.5..-1.5,mid,1-2,1402,0.6483739837398375,-0.3325962910128491,-1.132596291012849,-1.1383024251070004,779,-0.13260590500641245,-0.9326059050064125
TP 3 / grid 5 / 5m,09-13,-2.5..-1.5,high,1-2,1393,0.6148701809598741,-0.21227566403445722,-1.0122756640344572,-1.0610911701363954,358,-0.3726256983240124,-1.1726256983240124
TP 3 / grid 5 / 5m,09-13,-1.5..-0.5,low,<1,15421,0.7864666136724959,-0.04672200246417818,-0.8467220024641782,-0.8490564814214443,20880,-0.06164750957854165,-0.8616475095785416
TP 3 / grid 5 / 5m,09-13,-1.5..-0.5,low,1-2,8467,0.7712860705379408,-0.2022794378174093,-1.0022794378174094,-1.005113971890871,11915,-0.09801930339907738,-0.8980193033990774
TP 3 / grid 5 / 5m,09-13,-1.5..-0.5,mid,<1,24939,0.7007264802034144,-0.11033321303981447,-0.9103332130398145,-0.9133806487830277,15623,-0.03165205146258521,-0.8316520514625853
TP 3 / grid 5 / 5m,09-13,-1.5..-0.5,mid,1-2,13881,0.6865330966269338,-0.2512571140407662,-1.0512571140407663,-1.0518334413947035,9811,-0.179339516868812,-0.979339516868812
TP 3 / grid 5 / 5m,09-13,-1.5..-0.5,mid,>2,2266,0.6715497301464919,-0.3648278905560489,-1.164827890556049,-1.164827890556049,2028,-0.09285009861932225,-0.8928500986193223
TP 3 / grid 5 / 5m,09-13,-1.5..-0.5,high,<1,19029,0.6326788890409085,-0.2288664669714568,-1.028866466971457,-1.03706448052971,4857,-0.09059089973234669,-0.8905908997323467
TP 3 / grid 5 / 5m,09-13,-1.5..-0.5,high,1-2,13304,0.62853015192469,-0.25285628382441333,-1.0528562838244133,-1.065784726398075,3517,-0.4218083593972123,-1.2218083593972122
TP 3 / grid 5 / 5m,09-13,-1.5..-0.5,high,>2,3511,0.5936134453781513,-0.4193107376815688,-1.2193107376815688,-1.2329820563941862,917,-0.35354416575788405,-1.153544165757884
TP 3 / grid 5 / 5m,09-13,-0.5..0.5,low,<1,70958,0.7523023592715232,-0.03021364750979527,-0.8302136475097953,-0.8308337326305708,88240,-0.014518359020853244,-0.8145183590208533
TP 3 / grid 5 / 5m,09-13,-0.5..0.5,low,1-2,16672,0.7618503118503118,-0.018060220729364973,-0.818060220729365,-0.8192598368522057,24980,-0.014387510008007864,-0.8143875100080079
TP 3 / grid 5 / 5m,09-13,-0.5..0.5,mid,<1,124652,0.7035922773375077,-0.03642139716972098,-0.836421397169721,-0.838378846709239,80600,-0.027110421836227527,-0.8271104218362275
TP 3 / grid 5 / 5m,09-13,-0.5..0.5,mid,1-2,34506,0.7028000230454572,-0.04094070596417898,-0.840940705964179,-0.8436069089433712,26732,-0.008588957055210955,-0.8085889570552109
TP 3 / grid 5 / 5m,09-13,-0.5..0.5,mid,>2,2302,0.7172958735733099,0.00812337098175786,-0.7918766290182422,-0.80230234578627,2292,-0.022862129144848975,-0.822862129144849
TP 3 / grid 5 / 5m,09-13,-0.5..0.5,high,<1,108664,0.6554003045308562,-0.06091345799897058,-0.8609134579989706,-0.8670608481189734,28890,-0.04781931464174599,-0.8478193146417461
TP 3 / grid 5 / 5m,09-13,-0.5..0.5,high,1-2,38474,0.6513838120104438,-0.06480480324374774,-0.8648048032437478,-0.8716665800280697,10528,-0.041831306990876505,-0.8418313069908765
TP 3 / grid 5 / 5m,09-13,-0.5..0.5,high,>2,4710,0.6494535519125683,-0.05314225053077995,-0.85314225053078,-0.8599363057324785,1284,-0.0005451713395648317,-0.8005451713395648
TP 3 / grid 5 / 5m,09-13,0.5..1.5,low,<1,15421,0.6951354339414041,-0.02303352571168618,-0.8230335257116862,-0.8232929122624935,20880,0.03253352490421374,-0.7674664750957862
TP 3 / grid 5 / 5m,09-13,0.5..1.5,low,1-2,8467,0.7322103274559193,0.179496870201957,-0.620503129798043,-0.6238100862170814,11915,0.09172471674360941,-0.7082752832563907
TP 3 / grid 5 / 5m,09-13,0.5..1.5,mid,<1,24939,0.6870252100840336,0.09081759493162889,-0.7091824050683712,-0.7115882753919608,15623,-0.0015746015489895848,-0.8015746015489896
TP 3 / grid 5 / 5m,09-13,0.5..1.5,mid,1-2,13881,0.687930450491137,0.19654203587637892,-0.6034579641236211,-0.604034291477558,9811,0.15484660075425816,-0.6451533992457419
TP 3 / grid 5 / 5m,09-13,0.5..1.5,mid,>2,2266,0.7140930546190154,0.38128861429833727,-0.4187113857016628,-0.4187113857016628,2028,0.10961538461538264,-0.6903846153846174
TP 3 / grid 5 / 5m,09-13,0.5..1.5,high,<1,19029,0.664361322163777,0.1499448210625839,-0.6500551789374162,-0.6666614115297752,4857,0.07026971381511163,-0.7297302861848884
TP 3 / grid 5 / 5m,09-13,0.5..1.5,high,1-2,13304,0.6591511936339524,0.15862146722790116,-0.6413785327720989,-0.657614251352977,3517,0.2806369064543699,-0.5193630935456302
TP 3 / grid 5 / 5m,09-13,0.5..1.5,high,>2,3511,0.6601024655779699,0.2191113642836854,-0.5808886357163147,-0.5934206778695478,917,0.2892039258451507,-0.5107960741548494
TP 3 / grid 5 / 5m,09-13,1.5..2.5,mid,1-2,1402,0.6801075268817204,0.3059914407988589,-0.4940085592011411,-0.5111269614835949,779,0.19640564826701823,-0.6035943517329818
TP 3 / grid 5 / 5m,09-13,1.5..2.5,high,1-2,1393,0.6497713414634148,0.1487437185929781,-0.651256281407022,-0.7402727925340862,358,0.20810055865921578,-0.5918994413407843
TP 3 / grid 5 / 5m,13-17,-2.5..-1.5,high,1-2,1401,0.6129156999226605,-0.21870092790864,-1.01870092790864,-1.1300499643112099,472,-0.19131355932203684,-0.9913135593220369
TP 3 / grid 5 / 5m,13-17,-1.5..-0.5,low,<1,6070,0.7838921282798834,-0.17120263591432966,-0.9712026359143298,-0.973179571663918,12925,-0.047907156673107854,-0.8479071566731079
TP 3 / grid 5 / 5m,13-17,-1.5..-0.5,low,1-2,2402,0.8047138047138047,-0.3206078268109943,-1.1206078268109945,-1.1206078268109945,6647,-0.08852113735519068,-0.8885211373551907
TP 3 / grid 5 / 5m,13-17,-1.5..-0.5,mid,<1,19657,0.7142553191489361,-0.17307829272015918,-0.9730782927201592,-0.9751131912295958,16637,-0.1430666586524013,-0.9430666586524014
TP 3 / grid 5 / 5m,13-17,-1.5..-0.5,mid,1-2,9521,0.7025941939468807,-0.2505199033714859,-1.050519903371486,-1.0551412666736601,9163,-0.23061224489795962,-1.0306122448979598
TP 3 / grid 5 / 5m,13-17,-1.5..-0.5,mid,>2,1004,0.6697588126159555,-0.3780876494023868,-1.1780876494023869,-1.1780876494023869,1284,-0.2988317757009443,-1.0988317757009445
TP 3 / grid 5 / 5m,13-17,-1.5..-0.5,high,<1,24776,0.6345483359746434,-0.22346625766870698,-1.023466257668707,-1.0402567000322847,6193,-0.15724204747296505,-0.957242047472965
TP 3 / grid 5 / 5m,13-17,-1.5..-0.5,high,1-2,14974,0.6280998590030686,-0.2515159609990612,-1.0515159609990612,-1.0782289301455816,4099,-0.26216150280556294,-1.062161502805563
TP 3 / grid 5 / 5m,13-17,-1.5..-0.5,high,>2,3266,0.6145759087669279,-0.28704837721984744,-1.0870483772198476,-1.1225658297611822,1116,-0.04605734767026362,-0.8460573476702636
TP 3 / grid 5 / 5m,13-17,-0.5..0.5,low,<1,46026,0.7932043473068195,-0.014454873332463203,-0.8144548733324632,-0.8148894103332889,78730,-0.010873872729582845,-0.8108738727295829
TP 3 / grid 5 / 5m,13-17,-0.5..0.5,low,1-2,6370,0.7807843137254903,-0.019356357927787865,-0.8193563579277879,-0.8212401883830469,17246,-0.007781514554101365,-0.8077815145541014
TP 3 / grid 5 / 5m,13-17,-0.5..0.5,mid,<1,135776,0.7244500801324386,-0.029628211171341123,-0.8296282111713411,-0.8316904312986098,104278,-0.018158192523831107,-0.8181581925238312
TP 3 / grid 5 / 5m,13-17,-0.5..0.5,mid,1-2,25026,0.7151680931792113,-0.024950051945979324,-0.8249500519459794,-0.8278270598577513,25184,-0.0067145806861514945,-0.8067145806861515
TP 3 / grid 5 / 5m,13-17,-0.5..0.5,mid,>2,1080,0.7176113360323886,-0.06046296296294762,-0.8604629629629477,-0.8641666666666512,1430,0.010139860139861123,-0.7898601398601389
TP 3 / grid 5 / 5m,13-17,-0.5..0.5,high,<1,163866,0.6572905345850056,-0.05723090818107651,-0.8572309081810765,-0.8654327316221808,38070,-0.031158392434989468,-0.8311583924349895
TP 3 / grid 5 / 5m,13-17,-0.5..0.5,high,1-2,43480,0.6503623188405797,-0.060761269549217095,-0.8607612695492172,-0.8764926402943874,12948,-0.017678405931416064,-0.8176784059314162
TP 3 / grid 5 / 5m,13-17,-0.5..0.5,high,>2,4782,0.641055642225689,-0.07358845671267283,-0.8735884567126728,-0.9062107904642411,1724,-0.025696055684457986,-0.825696055684458
TP 3 / grid 5 / 5m,13-17,0.5..1.5,low,<1,6070,0.7703156480859638,0.1734431630971987,-0.6265568369028014,-0.6318286655683697,12925,0.035210831721466246,-0.7647891682785338
TP 3 / grid 5 / 5m,13-17,0.5..1.5,low,1-2,2402,0.7433155080213903,0.28763530391341247,-0.5123646960865875,-0.5123646960865875,6647,0.08549721678951694,-0.7145027832104831
TP 3 / grid 5 / 5m,13-17,0.5..1.5,mid,<1,19657,0.6950904392764857,0.1285394515948567,-0.6714605484051434,-0.6734954469145802,16637,0.13039009436796856,-0.6696099056320315
TP 3 / grid 5 / 5m,13-17,0.5..1.5,mid,1-2,9521,0.7050607654634501,0.2362356895284117,-0.5637643104715884,-0.5688057977103238,9163,0.22806940958201863,-0.5719305904179814
TP 3 / grid 5 / 5m,13-17,0.5..1.5,mid,>2,1004,0.7006319115323855,0.29402390438247455,-0.5059760956175254,-0.5099601593625456,1284,0.2107476635514002,-0.5892523364485999
TP 3 / grid 5 / 5m,13-17,0.5..1.5,high,<1,24776,0.6700547500760418,0.160223603487246,-0.6397763965127541,-0.6631861478850498,6193,0.07033747779751393,-0.7296625222024862
TP 3 / grid 5 / 5m,13-17,0.5..1.5,high,1-2,14974,0.6553083528493365,0.1527046881260826,-0.6472953118739174,-0.6844263389875814,4099,0.09321785801414914,-0.7067821419858509
TP 3 / grid 5 / 5m,13-17,0.5..1.5,high,>2,3266,0.647108843537415,0.11827924066136208,-0.681720759338638,-0.7245866503368011,1116,0.007795698924729838,-0.7922043010752702
TP 3 / grid 5 / 5m,13-17,1.5..2.5,high,1-2,1401,0.6364312267657994,0.06552462526766631,-0.7344753747323337,-0.8600999286224124,472,-0.059745762711859135,-0.8597457627118592
TP 3 / grid 5 / 5m,17-20,-1.5..-0.5,low,<1,1784,0.8259587020648967,-0.10588565022423307,-0.9058856502242332,-0.9058856502242332,4400,-0.14697727272729127,-0.9469772727272914
TP 3 / grid 5 / 5m,17-20,-1.5..-0.5,mid,<1,7624,0.726716839134525,-0.20040661070303523,-1.0004066107030352,-1.0019805876180405,11250,-0.14828444444445033,-0.9482844444444504
TP 3 / grid 5 / 5m,17-20,-1.5..-0.5,mid,1-2,3698,0.7328265765765767,-0.10584099513250522,-0.9058409951325053,-0.9069226608977838,5732,-0.2471388695045359,-1.0471388695045358
TP 3 / grid 5 / 5m,17-20,-1.5..-0.5,high,<1,21238,0.6264905757148352,-0.30413409925605295,-1.1041340992560529,-1.118824748093043,8023,-0.17886077527108918,-0.9788607752710892
TP 3 / grid 5 / 5m,17-20,-1.5..-0.5,high,1-2,12695,0.6239722634967806,-0.27615596691610894,-1.076155966916109,-1.0975817250886177,5131,-0.24463067628142154,-1.0446306762814217
TP 3 / grid 5 / 5m,17-20,-1.5..-0.5,high,>2,2535,0.603330291970803,-0.35242603550294593,-1.152426035502946,-1.1666272189348992,969,0.019401444788448685,-0.7805985552115513
TP 3 / grid 5 / 5m,17-20,-0.5..0.5,low,<1,17624,0.82196261682243,-0.0019518837948220569,-0.8019518837948221,-0.8019518837948221,34238,-0.0049068286698983055,-0.8049068286698984
TP 3 / grid 5 / 5m,17-20,-0.5..0.5,low,1-2,1930,0.7865168539325842,-0.020932642487052455,-0.8209326424870524,-0.8209326424870524,6554,-0.0018919743667984434,-0.8018919743667985
TP 3 / grid 5 / 5m,17-20,-0.5..0.5,mid,<1,73358,0.7509894038044171,-0.012437634613813087,-0.8124376346138131,-0.8128193244090638,84450,-0.016232089994079546,-0.8162320899940796
TP 3 / grid 5 / 5m,17-20,-0.5..0.5,mid,1-2,11566,0.750177851553237,-0.020179837454609828,-0.8201798374546099,-0.822600726266645,18690,-0.02003210272872913,-0.8200321027287292
TP 3 / grid 5 / 5m,17-20,-0.5..0.5,high,<1,202216,0.669485434845443,-0.04547760810222745,-0.8454776081022275,-0.850323911065396,67356,-0.025105410059978683,-0.8251054100599787
TP 3 / grid 5 / 5m,17-20,-0.5..0.5,high,1-2,43730,0.6583706008166439,-0.05537845872399155,-0.8553784587239917,-0.8625131488680575,16214,-0.01984087825336045,-0.8198408782533605
TP 3 / grid 5 / 5m,17-20,-0.5..0.5,high,>2,3560,0.6623326959847037,-0.022500000000007903,-0.822500000000008,-0.8314887640449518,1432,0.006913407821244999,-0.7930865921787551
TP 3 / grid 5 / 5m,17-20,0.5..1.5,low,<1,1784,0.7336956521739131,0.06547085201792782,-0.7345291479820723,-0.7345291479820723,4400,0.13740909090909253,-0.6625909090909075
TP 3 / grid 5 / 5m,17-20,0.5..1.5,mid,<1,7624,0.7140491305547889,0.15041972717732777,-0.6495802728226723,-0.6495802728226723,11250,0.1255377777777758,-0.6744622222222243
TP 3 / grid 5 / 5m,17-20,0.5..1.5,mid,1-2,3698,0.668834547346514,0.025824770146031767,-0.7741752298539682,-0.7774202271498042,5732,0.2340369853454225,-0.5659630146545775
TP 3 / grid 5 / 5m,17-20,0.5..1.5,high,<1,21238,0.687700405348176,0.2757274696299085,-0.5242725303700915,-0.5446134287597704,8023,0.1494578087996926,-0.6505421912003074
TP 3 / grid 5 / 5m,17-20,0.5..1.5,high,1-2,12695,0.6595655023878639,0.16035447026388144,-0.6396455297361185,-0.6613863725876348,5131,0.10339115182225075,-0.6966088481777493
TP 3 / grid 5 / 5m,17-20,0.5..1.5,high,>2,2535,0.647288503253796,0.12859960552267286,-0.6714003944773272,-0.6934911242603645,969,-0.16625386996901703,-0.9662538699690171
TP 3 / grid 5 / 5m,20-23,-1.5..-0.5,low,<1,5069,0.8779296875000001,-0.21167883211678457,-1.0116788321167847,-1.012467942394946,7966,-0.1996610595028796,-0.9996610595028796
TP 3 / grid 5 / 5m,20-23,-1.5..-0.5,low,1-2,1616,0.8379629629629629,-0.2946163366336955,-1.0946163366336956,-1.0946163366336956,3179,-0.15728216420257415,-0.9572821642025742
TP 3 / grid 5 / 5m,20-23,-1.5..-0.5,mid,<1,10928,0.7609495152123035,-0.24845351390921327,-1.0484535139092133,-1.0506497071742205,7305,-0.1344695414099879,-0.934469541409988
TP 3 / grid 5 / 5m,20-23,-1.5..-0.5,mid,1-2,4349,0.7300712896953987,-0.31823407679925864,-1.1182340767992587,-1.1191538284663087,3487,-0.21342127903642683,-1.013421279036427
TP 3 / grid 5 / 5m,20-23,-1.5..-0.5,high,<1,7938,0.6440386680988185,-0.3369992441420946,-1.1369992441420946,-1.161186696900976,2647,-0.045447676615022525,-0.8454476766150225
TP 3 / grid 5 / 5m,20-23,-1.5..-0.5,high,1-2,4651,0.6307997557997558,-0.32558589550633416,-1.1255858955063343,-1.1470866480326727,1880,-0.19180851063829207,-0.9918085106382921
TP 3 / grid 5 / 5m,20-23,-0.5..0.5,low,<1,73072,0.8598874442072579,0.0031763192467705037,-0.7968236807532295,-0.7969331618130062,101002,0.0006494920892643197,-0.7993505079107357
TP 3 / grid 5 / 5m,20-23,-0.5..0.5,low,1-2,6172,0.8370118845500848,0.000534672715480411,-0.7994653272845196,-0.7994653272845196,10998,0.0038279687215848623,-0.7961720312784152
TP 3 / grid 5 / 5m,20-23,-0.5..0.5,mid,<1,149458,0.7973634182067503,-0.0019456971189228955,-0.8019456971189229,-0.8026950715251107,82964,-0.0017706475097629681,-0.801770647509763
TP 3 / grid 5 / 5m,20-23,-0.5..0.5,mid,1-2,15174,0.7769118363370677,-0.002985369711349939,-0.80298536971135,-0.80298536971135,13292,0.004920252783635282,-0.7950797472163648
TP 3 / grid 5 / 5m,20-23,-0.5..0.5,high,<1,110078,0.7071223746415563,-0.02981885572048959,-0.8298188557204896,-0.8338160213666678,27330,-0.03169045005488336,-0.8316904500548834
TP 3 / grid 5 / 5m,20-23,-0.5..0.5,high,1-2,17662,0.6768704294018375,-0.050837957196241956,-0.850837957196242,-0.8605763786660641,7048,-0.04997162315550557,-0.8499716231555057
TP 3 / grid 5 / 5m,20-23,-0.5..0.5,high,>2,1234,0.6377755511022043,-0.12836304700161602,-0.9283630470016161,-0.9445705024311134,686,-0.07711370262390993,-0.87711370262391
TP 3 / grid 5 / 5m,20-23,0.5..1.5,low,<1,5069,0.8021638330757341,0.21333596370091934,-0.5866640362990807,-0.5866640362990807,7966,0.18654280692943953,-0.6134571930705606
TP 3 / grid 5 / 5m,20-23,0.5..1.5,low,1-2,1616,0.8287937743190662,0.33056930693068465,-0.4694306930693154,-0.4694306930693154,3179,0.16675055048756615,-0.6332494495124339
TP 3 / grid 5 / 5m,20-23,0.5..1.5,mid,<1,10928,0.7756164383561643,0.2666270131771644,-0.5333729868228356,-0.5370333089311811,7305,0.12507871321012487,-0.6749212867898752
TP 3 / grid 5 / 5m,20-23,0.5..1.5,mid,1-2,4349,0.7350217864923748,0.2772361462405188,-0.5227638537594812,-0.5236836054265313,3487,0.14582735876111763,-0.6541726412388824
TP 3 / grid 5 / 5m,20-23,0.5..1.5,high,<1,7938,0.7139973082099597,0.31775006298815256,-0.4822499370118475,-0.5059334845049189,2647,0.0006044578768440723,-0.799395542123156
TP 3 / grid 5 / 5m,20-23,0.5..1.5,high,1-2,4651,0.6666666666666667,0.1609761341646942,-0.6390238658353058,-0.6562244678563764,1880,0.07101063829787102,-0.728989361702129
TP 1 / grid 2 / 30m,01-05,-1.5..-0.5,low,<1,30210,0.6128293241695304,-0.16860311155246666,-0.9686031115524667,-0.975157232704403,22761,-0.08710513597820999,-0.8871051359782101
TP 1 / grid 2 / 30m,01-05,-1.5..-0.5,low,1-2,12810,0.6043171114599686,-0.1880015612802501,-0.9880015612802502,-0.9959640905542548,10416,-0.12218701996927935,-0.9221870199692794
TP 1 / grid 2 / 30m,01-05,-1.5..-0.5,low,>2,1191,0.5579345088161209,-0.3261964735516373,-1.1261964735516372,-1.1324937027707809,983,-0.2955239064089597,-1.0955239064089597
TP 1 / grid 2 / 30m,01-05,-1.5..-0.5,mid,<1,12676,0.5888783645118004,-0.2335437046386873,-1.0335437046386873,-1.0568554749132217,3688,-0.17361713665943565,-0.9736171366594357
TP 1 / grid 2 / 30m,01-05,-1.5..-0.5,mid,1-2,6645,0.582931968693558,-0.2511662904439429,-1.051166290443943,-1.0750940556809632,1885,-0.22371352785145956,-1.0237135278514595
TP 1 / grid 2 / 30m,01-05,-1.5..-0.5,high,<1,2590,0.5783783783783784,-0.26486486486486494,-1.064864864864865,-1.15984555984556,1042,-0.18042226487523993,-0.98042226487524
TP 1 / grid 2 / 30m,01-05,-1.5..-0.5,high,1-2,1775,0.5538028169014084,-0.3385915492957746,-1.1385915492957746,-1.2788732394366198,661,-0.2526475037821482,-1.0526475037821483
TP 1 / grid 2 / 30m,01-05,-0.5..0.5,low,<1,232096,0.6552398319972178,-0.04805985454294799,-0.8480598545429481,-0.8522154625672139,201648,-0.007520034912321016,-0.807520034912321
TP 1 / grid 2 / 30m,01-05,-0.5..0.5,low,1-2,31608,0.6463293809325962,-0.06530625158187846,-0.8653062515818785,-0.8696722348772468,26220,-0.015217391304346725,-0.8152173913043468
TP 1 / grid 2 / 30m,01-05,-0.5..0.5,mid,<1,105818,0.6370783643235358,-0.08981080723506425,-0.8898108072350643,-0.9018597970099608,37576,-0.04750372578241396,-0.847503725782414
TP 1 / grid 2 / 30m,01-05,-0.5..0.5,mid,1-2,19126,0.632597552045193,-0.10241555997072055,-0.9024155599707206,-0.9157481961727494,5656,-0.05044200848656285,-0.8504420084865629
TP 1 / grid 2 / 30m,01-05,-0.5..0.5,mid,>2,1032,0.6357003891050584,-0.09496124031007838,-0.8949612403100784,-0.9138565891472877,452,-0.0752212389380531,-0.8752212389380531
TP 1 / grid 2 / 30m,01-05,-0.5..0.5,high,<1,32396,0.6226391765324102,-0.1322045931596491,-0.9322045931596492,-0.976747129275219,13488,-0.07634193357058153,-0.8763419335705815
TP 1 / grid 2 / 30m,01-05,-0.5..0.5,high,1-2,6326,0.6147644641163453,-0.1557066076509641,-0.9557066076509642,-1.0135630730319316,2316,-0.13989637305699487,-0.9398963730569949
TP 1 / grid 2 / 30m,01-05,0.5..1.5,low,<1,30210,0.6894877803816538,0.06260840781198282,-0.7373915921880172,-0.7459318106587224,22761,0.06846799349764947,-0.7315320065023506
TP 1 / grid 2 / 30m,01-05,0.5..1.5,low,1-2,12810,0.6913285289049036,0.07210772833723669,-0.7278922716627634,-0.7399531615925057,10416,0.08124039938556232,-0.7187596006144377
TP 1 / grid 2 / 30m,01-05,0.5..1.5,low,>2,1191,0.7277310924369748,0.18371116708648255,-0.6162888329135174,-0.6238455079764897,983,0.21322482197355028,-0.5867751780264497
TP 1 / grid 2 / 30m,01-05,0.5..1.5,mid,<1,12676,0.6844161995736954,0.053108236036604264,-0.7468917639633957,-0.7718602082675927,3688,0.10002711496746254,-0.6999728850325375
TP 1 / grid 2 / 30m,01-05,0.5..1.5,mid,1-2,6645,0.6767494356659143,0.030248306997742724,-0.7697516930022573,-0.7972911963882618,1885,0.10159151193633953,-0.6984084880636605
TP 1 / grid 2 / 30m,01-05,0.5..1.5,high,<1,2590,0.6645422943221321,-0.007065637065637441,-0.8070656370656375,-0.9107335907335911,1042,-0.05662188099808063,-0.8566218809980807
TP 1 / grid 2 / 30m,01-05,0.5..1.5,high,1-2,1775,0.6577464788732394,-0.026760563380281654,-0.8267605633802817,-0.95943661971831,661,-0.016641452344931973,-0.816641452344932
TP 1 / grid 2 / 30m,05-09,-1.5..-0.5,low,<1,31730,0.6037460276698874,-0.19462968799243452,-0.9946296879924346,-1.000633469902299,26701,-0.1184712183064317,-0.9184712183064317
TP 1 / grid 2 / 30m,05-09,-1.5..-0.5,low,1-2,14179,0.5801654660865845,-0.26341773044643496,-1.063417730446435,-1.0707172579166375,12630,-0.21174188440221756,-1.0117418844022177
TP 1 / grid 2 / 30m,05-09,-1.5..-0.5,low,>2,1106,0.5750682438580528,-0.2794755877034397,-1.0794755877034397,-1.0794755877034397,1266,-0.1832543443917896,-0.9832543443917896
TP 1 / grid 2 / 30m,05-09,-1.5..-0.5,mid,<1,9848,0.580961577556414,-0.25736190089358263,-1.0573619008935826,-1.083103168155971,2170,-0.1744239631336406,-0.9744239631336407
TP 1 / grid 2 / 30m,05-09,-1.5..-0.5,mid,1-2,5778,0.5527864312911042,-0.3416407061266875,-1.1416407061266876,-1.1727933541017652,1362,-0.3381057268722466,-1.1381057268722468
TP 1 / grid 2 / 30m,05-09,-1.5..-0.5,high,<1,1334,0.5494752623688156,-0.3515742128935532,-1.151574212893553,-1.2752623688155922,600,-0.22250000000000014,-1.0225000000000002
TP 1 / grid 2 / 30m,05-09,-1.5..-0.5,high,1-2,1103,0.5593834995466909,-0.3218495013599275,-1.1218495013599274,-1.2904805077062558,352,-0.3338068181818181,-1.1338068181818182
TP 1 / grid 2 / 30m,05-09,-0.5..0.5,low,<1,272536,0.6571069020769719,-0.041095488302462645,-0.8410954883024627,-0.843913464643203,211556,-0.014945451795270227,-0.8149454517952702
TP 1 / grid 2 / 30m,05-09,-0.5..0.5,low,1-2,36988,0.6503307441056185,-0.05538553044230555,-0.8553855304423056,-0.8576970909484156,35274,-0.023941146453478092,-0.8239411464534782
TP 1 / grid 2 / 30m,05-09,-0.5..0.5,low,>2,1026,0.6241413150147204,-0.1318713450292346,-0.9318713450292346,-0.937719298245609,1206,-0.10331674958540785,-0.9033167495854079
TP 1 / grid 2 / 30m,05-09,-0.5..0.5,mid,<1,92028,0.6405871028789576,-0.07856847915851689,-0.8785684791585169,-0.8879080279914808,19274,-0.03152952163536372,-0.8315295216353638
TP 1 / grid 2 / 30m,05-09,-0.5..0.5,mid,1-2,17358,0.6414985590778097,-0.07565963820716705,-0.8756596382071671,-0.8860294964857706,4688,-0.02911689419795247,-0.8291168941979525
TP 1 / grid 2 / 30m,05-09,-0.5..0.5,high,<1,15988,0.6301601200900675,-0.10951963972979739,-0.9095196397297974,-0.9547410557918439,6736,-0.10161817102137771,-0.9016181710213778
TP 1 / grid 2 / 30m,05-09,-0.5..0.5,high,1-2,4856,0.6210873146622735,-0.13673805601317957,-0.9367380560131796,-1.0139621087314663,1214,-0.08731466227347617,-0.8873146622734762
TP 1 / grid 2 / 30m,05-09,0.5..1.5,low,<1,31730,0.7058607238777338,0.11065553104317709,-0.689344468956823,-0.696482823826032,26701,0.07282873300625317,-0.7271712669937469
TP 1 / grid 2 / 30m,05-09,0.5..1.5,low,1-2,14179,0.7129623056718961,0.13606742365469982,-0.6639325763453002,-0.6727131673601815,12630,0.17236737925574078,-0.6276326207442593
TP 1 / grid 2 / 30m,05-09,0.5..1.5,low,>2,1106,0.6692377495462796,0.0076853526220635,-0.7923146473779366,-0.8045207956600343,1266,0.06011058451816776,-0.7398894154818323
TP 1 / grid 2 / 30m,05-09,0.5..1.5,mid,<1,9848,0.6943710627921156,0.08305239642567046,-0.7169476035743296,-0.7468013809910641,2170,0.11244239631336395,-0.6875576036866361
TP 1 / grid 2 / 30m,05-09,0.5..1.5,mid,1-2,5778,0.7202700363510474,0.16074766355140205,-0.639252336448598,-0.6818276220145378,1362,0.1674008810572687,-0.6325991189427314
TP 1 / grid 2 / 30m,05-09,0.5..1.5,high,<1,1334,0.676911544227886,0.03073463268365806,-0.769265367316342,-0.9041979010494754,600,0.012499999999999956,-0.7875000000000001
TP 1 / grid 2 / 30m,05-09,0.5..1.5,high,1-2,1103,0.6500453309156846,-0.049864007252946485,-0.8498640072529465,-1.0375339981867635,352,-0.06960227272727271,-0.8696022727272728
TP 1 / grid 2 / 30m,09-13,-2.5..-1.5,mid,1-2,1402,0.5495720399429386,-0.35128388017118417,-1.1512838801711842,-1.2978601997146935,779,-0.2323491655969192,-1.0323491655969192
TP 1 / grid 2 / 30m,09-13,-2.5..-1.5,high,1-2,1393,0.5064608758076095,-0.48061737257717163,-1.2806173725771717,-1.6068916008614502,358,-0.45810055865921784,-1.2581005586592178
TP 1 / grid 2 / 30m,09-13,-1.5..-0.5,low,<1,15421,0.6281235801908224,-0.11612735879644623,-0.9161273587964462,-0.933149601193178,20880,-0.08933429118773986,-0.8893342911877399
TP 1 / grid 2 / 30m,09-13,-1.5..-0.5,low,1-2,8467,0.5971647962197283,-0.2087043817172552,-1.0087043817172552,-1.0267745364355736,11915,-0.10772975241292496,-0.907729752412925
TP 1 / grid 2 / 30m,09-13,-1.5..-0.5,mid,<1,24939,0.5999639119451462,-0.2001082641645615,-1.0001082641645616,-1.055984602429929,15623,-0.09882865006720855,-0.8988286500672086
TP 1 / grid 2 / 30m,09-13,-1.5..-0.5,mid,1-2,13881,0.5948418701822635,-0.2154743894532094,-1.0154743894532094,-1.0759887616165984,9811,-0.16229742126184907,-0.9622974212618491
TP 1 / grid 2 / 30m,09-13,-1.5..-0.5,mid,>2,2266,0.5785525154457194,-0.2643424536628419,-1.0643424536628419,-1.11729920564872,2028,-0.17677514792899407,-0.9767751479289941
TP 1 / grid 2 / 30m,09-13,-1.5..-0.5,high,<1,19029,0.5786168479688896,-0.2641494560933313,-1.0641494560933313,-1.2225130064638186,4857,-0.16924027177269918,-0.9692402717726992
TP 1 / grid 2 / 30m,09-13,-1.5..-0.5,high,1-2,13304,0.575616355983163,-0.2731509320505112,-1.0731509320505113,-1.2567047504509923,3517,-0.27011657662780775,-1.0701165766278078
TP 1 / grid 2 / 30m,09-13,-1.5..-0.5,high,>2,3511,0.5620905724864711,-0.3137282825405867,-1.1137282825405868,-1.3397322700085446,917,-0.2677208287895311,-1.0677208287895312
TP 1 / grid 2 / 30m,09-13,-0.5..0.5,low,<1,70958,0.6469716431182688,-0.05953521801629155,-0.8595352180162916,-0.8696820654471662,88240,-0.05006459655485043,-0.8500645965548504
TP 1 / grid 2 / 30m,09-13,-0.5..0.5,low,1-2,16672,0.6432127646811828,-0.0703154990403071,-0.8703154990403071,-0.8802123320537427,24980,-0.025340272217774885,-0.825340272217775
TP 1 / grid 2 / 30m,09-13,-0.5..0.5,mid,<1,124652,0.6408468783595141,-0.07743798735680131,-0.8774379873568013,-0.9128886820909412,80600,-0.05534119106699742,-0.8553411910669975
TP 1 / grid 2 / 30m,09-13,-0.5..0.5,mid,1-2,34506,0.6429896249927548,-0.07103112502173548,-0.8710311250217355,-0.9076334550512956,26732,-0.04750860392039502,-0.8475086039203951
TP 1 / grid 2 / 30m,09-13,-0.5..0.5,mid,>2,2302,0.6444396177237185,-0.06668114682884452,-0.8666811468288446,-0.9038227628149436,2292,-0.04908376963350791,-0.849083769633508
TP 1 / grid 2 / 30m,09-13,-0.5..0.5,high,<1,108664,0.6282301406169477,-0.11530957814915699,-0.915309578149157,-1.0192262386807038,28890,-0.08660436137071659,-0.8866043613707166
TP 1 / grid 2 / 30m,09-13,-0.5..0.5,high,1-2,38474,0.6286193273379426,-0.1141420179861724,-0.9141420179861725,-1.0302074127982532,10528,-0.0841090425531914,-0.8841090425531914
TP 1 / grid 2 / 30m,09-13,-0.5..0.5,high,>2,4710,0.6223991507430999,-0.13280254777070055,-0.9328025477707006,-1.0745222929936307,1284,-0.06658878504672883,-0.8665887850467289
TP 1 / grid 2 / 30m,09-13,0.5..1.5,low,<1,15421,0.6574560550042161,-0.02775436093638536,-0.8277543609363854,-0.846430192594514,20880,0.005033524904214416,-0.7949664750957857
TP 1 / grid 2 / 30m,09-13,0.5..1.5,low,1-2,8467,0.6857800873981339,0.0573402621944018,-0.7426597378055982,-0.7648045352545176,11915,0.026772975241292782,-0.7732270247587073
TP 1 / grid 2 / 30m,09-13,0.5..1.5,mid,<1,24939,0.6715385540719355,0.014615662215806569,-0.7853843377841935,-0.8467941777938169,15623,0.005747935735774047,-0.794252064264226
TP 1 / grid 2 / 30m,09-13,0.5..1.5,mid,1-2,13881,0.6722138174483105,0.01664145234493175,-0.7833585476550683,-0.8477631294575321,9811,0.053460401590052053,-0.746539598409948
TP 1 / grid 2 / 30m,09-13,0.5..1.5,mid,>2,2266,0.6820388349514562,0.0461165048543688,-0.7538834951456312,-0.8154457193292146,2028,0.02144970414201197,-0.7785502958579881
TP 1 / grid 2 / 30m,09-13,0.5..1.5,high,<1,19029,0.657443901413632,-0.027668295759104455,-0.8276682957591045,-0.9969099795049662,4857,-0.04200123533045097,-0.842001235330451
TP 1 / grid 2 / 30m,09-13,0.5..1.5,high,1-2,13304,0.6488274203247143,-0.05351773902585688,-0.8535177390258569,-1.0463168971737824,3517,0.033124822291725975,-0.7668751777082741
TP 1 / grid 2 / 30m,09-13,0.5..1.5,high,>2,3511,0.6566505269154087,-0.030048419253773773,-0.8300484192537738,-1.063742523497579,917,0.0005452562704472141,-0.7994547437295528
TP 1 / grid 2 / 30m,09-13,1.5..2.5,mid,1-2,1402,0.68830242510699,0.06490727532097007,-0.73509272467903,-0.908416547788873,779,0.023748395378690557,-0.7762516046213095
TP 1 / grid 2 / 30m,09-13,1.5..2.5,high,1-2,1393,0.6568557071069634,-0.02943287867910982,-0.8294328786791099,-1.1783201722900216,358,0.036312849162011274,-0.7636871508379888
TP 1 / grid 2 / 30m,13-17,-2.5..-1.5,high,1-2,1401,0.53604568165596,-0.39186295503212,-1.19186295503212,-1.615845824411135,472,-0.3951271186440679,-1.195127118644068
TP 1 / grid 2 / 30m,13-17,-1.5..-0.5,low,<1,6070,0.6053459119496856,-0.1845963756177932,-0.9845963756177932,-0.9986820428336087,12925,-0.08524564796905201,-0.885245647969052
TP 1 / grid 2 / 30m,13-17,-1.5..-0.5,low,1-2,2402,0.5647377185678601,-0.30578684429641967,-1.1057868442964196,-1.12014987510408,6647,-0.09992477809538144,-0.8999247780953815
TP 1 / grid 2 / 30m,13-17,-1.5..-0.5,mid,<1,19657,0.6016483516483516,-0.19510098183853078,-0.9951009818385308,-1.038749554865951,16637,-0.13755484762877912,-0.9375548476287792
TP 1 / grid 2 / 30m,13-17,-1.5..-0.5,mid,1-2,9521,0.5905892238210272,-0.22823232853691844,-1.0282323285369186,-1.0814830374960613,9163,-0.16342900796682314,-0.9634290079668232
TP 1 / grid 2 / 30m,13-17,-1.5..-0.5,mid,>2,1004,0.5916334661354582,-0.2250996015936254,-1.0250996015936256,-1.0878486055776893,1284,-0.18341121495327095,-0.983411214953271
TP 1 / grid 2 / 30m,13-17,-1.5..-0.5,high,<1,24776,0.5774943493703584,-0.2675169518889249,-1.067516951888925,-1.2398207943170814,6193,-0.2449539803003391,-1.0449539803003391
TP 1 / grid 2 / 30m,13-17,-1.5..-0.5,high,1-2,14974,0.5709324071600321,-0.28717777480966994,-1.08717777480967,-1.2963403232269266,4099,-0.22847035862405474,-1.028470358624055
TP 1 / grid 2 / 30m,13-17,-1.5..-0.5,high,>2,3266,0.5696570728720147,-0.2910287813839558,-1.0910287813839559,-1.3670545009185548,1116,-0.19220430107526876,-0.9922043010752688
TP 1 / grid 2 / 30m,13-17,-0.5..0.5,low,<1,46026,0.6597961766759776,-0.022763220788249952,-0.82276322078825,-0.8300960326771823,78730,-0.030798933062364888,-0.830798933062365
TP 1 / grid 2 / 30m,13-17,-0.5..0.5,low,1-2,6370,0.6566179934055582,-0.03007849293563564,-0.8300784929356357,-0.8385557299843014,17246,-0.025507364026440965,-0.825507364026441
TP 1 / grid 2 / 30m,13-17,-0.5..0.5,mid,<1,135776,0.6490314502467408,-0.05290257482913035,-0.8529025748291303,-0.8789086436483622,104278,-0.04302921037994589,-0.8430292103799459
TP 1 / grid 2 / 30m,13-17,-0.5..0.5,mid,1-2,25026,0.6464277151762168,-0.06071685447134978,-0.8607168544713498,-0.8907456245504676,25184,-0.04465136594663277,-0.8446513659466328
TP 1 / grid 2 / 30m,13-17,-0.5..0.5,mid,>2,1080,0.6435185185185186,-0.06944444444444431,-0.8694444444444444,-0.8888888888888888,1430,-0.016433566433566416,-0.8164335664335665
TP 1 / grid 2 / 30m,13-17,-0.5..0.5,high,<1,163866,0.6281351836256454,-0.11559444912306405,-0.9155944491230641,-1.024982607740471,38070,-0.09475965327029157,-0.8947596532702916
TP 1 / grid 2 / 30m,13-17,-0.5..0.5,high,1-2,43480,0.6263914443422263,-0.12082566697332109,-0.9208256669733211,-1.065409383624655,12948,-0.08920296570898967,-0.8892029657089897
TP 1 / grid 2 / 30m,13-17,-0.5..0.5,high,>2,4782,0.609577582601422,-0.1712672521957339,-0.971267252195734,-1.1626097867001255,1724,-0.1389211136890951,-0.9389211136890951
TP 1 / grid 2 / 30m,13-17,0.5..1.5,low,<1,6070,0.7087939283946544,0.12616144975288404,-0.673838550247116,-0.686194398682042,12925,0.0094854932301739,-0.7905145067698262
TP 1 / grid 2 / 30m,13-17,0.5..1.5,low,1-2,2402,0.7243963363863447,0.17318900915903412,-0.6268109908409659,-0.6417985012489592,6647,0.027155107567323644,-0.7728448924326764
TP 1 / grid 2 / 30m,13-17,0.5..1.5,mid,<1,19657,0.6831663020806837,0.04949890624205111,-0.7505010937579489,-0.8036119448542505,16637,0.017611348199795707,-0.7823886518002043
TP 1 / grid 2 / 30m,13-17,0.5..1.5,mid,1-2,9521,0.6837517067534923,0.05125512026047685,-0.7487448797395232,-0.811133284318874,9163,0.06477136309069087,-0.7352286369093092
TP 1 / grid 2 / 30m,13-17,0.5..1.5,mid,>2,1004,0.6902390438247011,0.07071713147410352,-0.7292828685258965,-0.8129482071713149,1284,0.08644859813084116,-0.7135514018691589
TP 1 / grid 2 / 30m,13-17,0.5..1.5,high,<1,24776,0.6589101917255298,-0.023316919599612466,-0.8233169195996125,-1.0024620600581207,6193,-0.013644437267883003,-0.813644437267883
TP 1 / grid 2 / 30m,13-17,0.5..1.5,high,1-2,14974,0.6538204648677531,-0.038600240416722546,-0.8386002404167225,-1.0533725123547484,4099,-0.03781410100024407,-0.8378141010002441
TP 1 / grid 2 / 30m,13-17,0.5..1.5,high,>2,3266,0.6360992039191672,-0.09170238824249843,-0.8917023882424985,-1.1603796693202695,1116,-0.12231182795698925,-0.9223118279569893
TP 1 / grid 2 / 30m,13-17,1.5..2.5,high,1-2,1401,0.6463240542469665,-0.06102783725910055,-0.8610278372591006,-1.2732334047109206,472,-0.125,-0.925
TP 1 / grid 2 / 30m,17-20,-1.5..-0.5,low,<1,1784,0.6318774815655134,-0.10655829596412542,-0.9065582959641254,-0.9149663677130044,4400,-0.12663636363636702,-0.926636363636367
TP 1 / grid 2 / 30m,17-20,-1.5..-0.5,mid,<1,7624,0.5971529782209394,-0.2086044071353619,-1.008604407135362,-1.0426416579223505,11250,-0.12942222222222222,-0.9294222222222223
TP 1 / grid 2 / 30m,17-20,-1.5..-0.5,mid,1-2,3698,0.6153326122228232,-0.1540021633315305,-0.9540021633315305,-0.9982152514872905,5732,-0.1697487787857641,-0.9697487787857642
TP 1 / grid 2 / 30m,17-20,-1.5..-0.5,high,<1,21238,0.5673085977964026,-0.298074206610792,-1.098074206610792,-1.2660985026838687,8023,-0.18833354106942535,-0.9883335410694254
TP 1 / grid 2 / 30m,17-20,-1.5..-0.5,high,1-2,12695,0.5757778653012997,-0.2726664040961009,-1.072666404096101,-1.2783773139031114,5131,-0.24975638277138967,-1.0497563827713896
TP 1 / grid 2 / 30m,17-20,-1.5..-0.5,high,>2,2535,0.5613896565337545,-0.3157790927021701,-1.1157790927021702,-1.358382642998028,969,-0.1609907120743035,-0.9609907120743035
TP 1 / grid 2 / 30m,17-20,-0.5..0.5,low,<1,17624,0.6567908309455587,-0.03405015887426182,-0.8340501588742618,-0.8379652746255102,34238,-0.038065891699281616,-0.8380658916992817
TP 1 / grid 2 / 30m,17-20,-0.5..0.5,low,1-2,1930,0.6617257808364213,-0.021658031088087296,-0.8216580310880873,-0.8263212435233204,6554,-0.03504729935917024,-0.8350472993591703
TP 1 / grid 2 / 30m,17-20,-0.5..0.5,mid,<1,73358,0.6505701192067432,-0.04857547915701093,-0.8485754791570109,-0.8633591428337742,84450,-0.036644168146832405,-0.8366441681468324
TP 1 / grid 2 / 30m,17-20,-0.5..0.5,mid,1-2,11566,0.6456982274102897,-0.0629085249870308,-0.8629085249870309,-0.8817136434376621,18690,-0.038844301765650124,-0.8388443017656502
TP 1 / grid 2 / 30m,17-20,-0.5..0.5,high,<1,202216,0.630499179079382,-0.1085082288246232,-0.9085082288246232,-0.9949479764212525,67356,-0.07705326919650812,-0.8770532691965082
TP 1 / grid 2 / 30m,17-20,-0.5..0.5,high,1-2,43730,0.6275668877201007,-0.11729933683969818,-0.9172993368396982,-1.0349874228218616,16214,-0.07212902429998769,-0.8721290242999877
TP 1 / grid 2 / 30m,17-20,-0.5..0.5,high,>2,3560,0.6254213483146067,-0.12373595505617974,-0.9237359550561798,-1.0589887640449438,1432,-0.125,-0.925
TP 1 / grid 2 / 30m,17-20,0.5..1.5,low,<1,1784,0.6860859728506786,0.05302690582959547,-0.7469730941704046,-0.7570627802690593,4400,0.07672727272727321,-0.7232727272727268
TP 1 / grid 2 / 30m,17-20,0.5..1.5,mid,<1,7624,0.6812696747114375,0.043809024134312646,-0.7561909758656874,-0.7959338929695698,11250,0.04840000000000011,-0.7515999999999999
TP 1 / grid 2 / 30m,17-20,0.5..1.5,mid,1-2,3698,0.6690102758247702,0.007030827474310497,-0.7929691725256895,-0.8457003785830179,5732,0.08251919050942091,-0.7174808094905791
TP 1 / grid 2 / 30m,17-20,0.5..1.5,high,<1,21238,0.668518692908937,0.0055560787268105205,-0.7944439212731895,-0.9704491948394388,8023,0.0008724915866883398,-0.7991275084133117
TP 1 / grid 2 / 30m,17-20,0.5..1.5,high,1-2,12695,0.6511224891689642,-0.046632532493107504,-0.8466325324931075,-1.0628593934619928,5131,-0.010329370493081358,-0.8103293704930814
TP 1 / grid 2 / 30m,17-20,0.5..1.5,high,>2,2535,0.6393604421634426,-0.08165680473372748,-0.8816568047337275,-1.1343195266272186,969,-0.08668730650154799,-0.886687306501548
TP 1 / grid 2 / 30m,20-23,-1.5..-0.5,low,<1,5069,0.5981998381877022,-0.2129216808048948,-1.0129216808048949,-1.0185440915367945,7966,-0.17755460708008747,-0.9775546070800876
TP 1 / grid 2 / 30m,20-23,-1.5..-0.5,low,1-2,1616,0.5524017467248908,-0.3475247524752471,-1.1475247524752472,-1.1558787128712869,3179,-0.15787983642654912,-0.9578798364265492
TP 1 / grid 2 / 30m,20-23,-1.5..-0.5,mid,<1,10928,0.5878341266935189,-0.23651171303074656,-1.0365117130307466,-1.0547675695461198,7305,-0.12896646132785772,-0.9289664613278578
TP 1 / grid 2 / 30m,20-23,-1.5..-0.5,mid,1-2,4349,0.5758795125316165,-0.2723614624051506,-1.0723614624051505,-1.106507243044378,3487,-0.1502724404932606,-0.9502724404932607
TP 1 / grid 2 / 30m,20-23,-1.5..-0.5,high,<1,7938,0.5561925160640041,-0.33138070042831946,-1.1313807004283194,-1.2532627865961201,2647,-0.15942576501700045,-0.9594257650170005
TP 1 / grid 2 / 30m,20-23,-1.5..-0.5,high,1-2,4651,0.5611696409374329,-0.31649107718770153,-1.1164910771877015,-1.2854869920447216,1880,-0.2167553191489362,-1.0167553191489362
TP 1 / grid 2 / 30m,20-23,-0.5..0.5,low,<1,73072,0.6659559649197617,-0.019464363915042412,-0.8194643639150424,-0.8216813553755197,101002,-0.004329617235302039,-0.804329617235302
TP 1 / grid 2 / 30m,20-23,-0.5..0.5,low,1-2,6172,0.6600330305532617,-0.030103694102399242,-0.8301036941023993,-0.8313188593648749,10998,-0.03306055646481097,-0.833060556464811
TP 1 / grid 2 / 30m,20-23,-0.5..0.5,mid,<1,149458,0.6493186751346571,-0.052549211149620655,-0.8525492111496207,-0.8611101446560239,82964,-0.018923870594474906,-0.8189238705944749
TP 1 / grid 2 / 30m,20-23,-0.5..0.5,mid,1-2,15174,0.6438044338875692,-0.06896006326611302,-0.8689600632661131,-0.880723606168446,13292,-0.021606981643094058,-0.8216069816430941
TP 1 / grid 2 / 30m,20-23,-0.5..0.5,high,<1,110078,0.6373415708899287,-0.08800668616799004,-0.8880066861679901,-0.9351550718581371,27330,-0.076073911452616,-0.876073911452616
TP 1 / grid 2 / 30m,20-23,-0.5..0.5,high,1-2,17662,0.627561997508776,-0.11731400747367227,-0.9173140074736723,-1.007167931151625,7048,-0.0634931895573213,-0.8634931895573214
TP 1 / grid 2 / 30m,20-23,-0.5..0.5,high,>2,1234,0.603322528363047,-0.19003241491085898,-0.990032414910859,-1.1541329011345218,686,-0.11734693877551017,-0.9173469387755102
TP 1 / grid 2 / 30m,20-23,0.5..1.5,low,<1,5069,0.7242278379462496,0.16512132570526655,-0.6348786742947334,-0.6413888340895648,7966,0.13846346974641996,-0.6615365302535801
TP 1 / grid 2 / 30m,20-23,0.5..1.5,low,1-2,1616,0.7354037267080745,0.2050123762376264,-0.5949876237623737,-0.6024133663366311,3179,0.13098458634790996,-0.66901541365209
TP 1 / grid 2 / 30m,20-23,0.5..1.5,mid,<1,10928,0.7082189273293062,0.12446925329429005,-0.67553074670571,-0.6963945827232796,7305,0.06344969199178649,-0.7365503080082135
TP 1 / grid 2 / 30m,20-23,0.5..1.5,mid,1-2,4349,0.704691812327507,0.11386525638077712,-0.6861347436192229,-0.7178661761324443,3487,0.06223114425007181,-0.7377688557499282
TP 1 / grid 2 / 30m,20-23,0.5..1.5,high,<1,7938,0.6876653647473857,0.06298815822625359,-0.7370118417737465,-0.8700428319475938,2647,-0.05005666792595398,-0.850056667925954
TP 1 / grid 2 / 30m,20-23,0.5..1.5,high,1-2,4651,0.6667383358417545,0.00021500752526337763,-0.7997849924747367,-0.974586110513868,1880,-0.03643617021276602,-0.8364361702127661
TP 3 / grid 5 / 30m,01-05,-1.5..-0.5,low,<1,30210,0.650186428038777,-0.16850049652433502,-0.9685004965243351,-0.9688977159880887,22761,-0.10266244892579701,-0.9026624489257971
TP 3 / grid 5 / 30m,01-05,-1.5..-0.5,low,1-2,12810,0.6353119256135797,-0.22914910226385804,-1.0291491022638581,-1.030398126463702,10416,-0.20790130568357135,-1.0079013056835713
TP 3 / grid 5 / 30m,01-05,-1.5..-0.5,low,>2,1191,0.5437997724687145,-0.8891687657430708,-1.6891687657430707,-1.6891687657430707,983,-0.5450661241098781,-1.345066124109878
TP 3 / grid 5 / 30m,01-05,-1.5..-0.5,mid,<1,12676,0.5842805533527182,-0.3874566109182696,-1.1874566109182696,-1.1893499526664548,3688,-0.012255965292837984,-0.8122559652928381
TP 3 / grid 5 / 30m,01-05,-1.5..-0.5,mid,1-2,6645,0.5754226267880364,-0.4592626034612511,-1.259262603461251,-1.2628743416102348,1885,-0.3691246684350266,-1.1691246684350267
TP 3 / grid 5 / 30m,01-05,-1.5..-0.5,high,<1,2590,0.5966386554621849,-0.23486486486486752,-1.0348648648648675,-1.059575289575292,1042,-0.25383877159309515,-1.0538387715930952
TP 3 / grid 5 / 30m,01-05,-1.5..-0.5,high,1-2,1775,0.5255827174530984,-0.7961126760563373,-1.5961126760563373,-1.6299154929577457,661,-0.29198184568834573,-1.0919818456883457
TP 3 / grid 5 / 30m,01-05,-0.5..0.5,low,<1,232096,0.6812948220277649,0.007608058734315415,-0.7923919412656846,-0.7924264097614795,201648,0.00928747123700674,-0.7907125287629932
TP 3 / grid 5 / 30m,01-05,-0.5..0.5,low,1-2,31608,0.6588606469960896,-0.02484181219944459,-0.8248418121994446,-0.8248418121994446,26220,0.009599542334096767,-0.7904004576659033
TP 3 / grid 5 / 30m,01-05,-0.5..0.5,mid,<1,105818,0.6417560511502,-0.022112495038650926,-0.8221124950386509,-0.82347332211911,37576,0.007196082605916143,-0.792803917394084
TP 3 / grid 5 / 30m,01-05,-0.5..0.5,mid,1-2,19126,0.6275451180009255,-0.0575813029384102,-0.8575813029384103,-0.859672696852454,5656,-0.057655586987265306,-0.8576555869872653
TP 3 / grid 5 / 30m,01-05,-0.5..0.5,mid,>2,1032,0.6159496327387198,-0.13420542635659347,-0.9342054263565935,-0.9342054263565935,452,0.09181415929204495,-0.7081858407079551
TP 3 / grid 5 / 30m,01-05,-0.5..0.5,high,<1,32396,0.623121406717547,-0.08417397209532068,-0.8841739720953208,-0.8904710458081249,13488,-0.09697508896797169,-0.8969750889679717
TP 3 / grid 5 / 30m,01-05,-0.5..0.5,high,1-2,6326,0.61875,-0.07021814732848425,-0.8702181473284842,-0.8746443250079026,2316,-0.12944732297063702,-0.929447322970637
TP 3 / grid 5 / 30m,01-05,0.5..1.5,low,<1,30210,0.6917970042054529,0.21064548162859964,-0.5893545183714004,-0.5897517378351542,22761,0.17324370633980007,-0.6267562936602
TP 3 / grid 5 / 30m,01-05,0.5..1.5,low,1-2,12810,0.6887935386168602,0.27340359094457134,-0.5265964090554287,-0.5281576893052335,10416,0.2595142089093798,-0.5404857910906202
TP 3 / grid 5 / 30m,01-05,0.5..1.5,low,>2,1191,0.7626953125,0.9782535684298881,0.17825356842988804,0.17825356842988804,983,0.4308240081383631,-0.36917599186163697
TP 3 / grid 5 / 30m,01-05,0.5..1.5,mid,<1,12676,0.6858178053830228,0.38553171347428217,-0.4144682865257179,-0.4176238561060275,3688,0.14617678958784244,-0.6538232104121576
TP 3 / grid 5 / 30m,01-05,0.5..1.5,mid,1-2,6645,0.6801058031420327,0.3760120391271584,-0.42398796087284163,-0.42579382994733406,1885,0.4752254641909815,-0.32477453580901855
TP 3 / grid 5 / 30m,01-05,0.5..1.5,high,<1,2590,0.6335602723267921,0.01050193050193008,-0.78949806949807,-0.8203861003861008,1042,-0.0526871401151601,-0.8526871401151601
TP 3 / grid 5 / 30m,01-05,0.5..1.5,high,1-2,1775,0.6880707762557078,0.48146478873239607,-0.318535211267604,-0.3433239436619705,661,0.08305597579425356,-0.7169440242057465
TP 3 / grid 5 / 30m,05-09,-1.5..-0.5,low,<1,31730,0.6525029679461812,-0.20125118184683344,-1.0012511818468335,-1.001503309171132,26701,-0.1850305232013862,-0.9850305232013863
TP 3 / grid 5 / 30m,05-09,-1.5..-0.5,low,1-2,14179,0.6130872828210138,-0.44130756752944544,-1.2413075675294456,-1.2427181042386635,12630,-0.3258986539984101,-1.1258986539984102
TP 3 / grid 5 / 30m,05-09,-1.5..-0.5,low,>2,1106,0.675544794188862,-0.03634719710668882,-0.8363471971066889,-0.8363471971066889,1266,-0.20205371248027826,-1.0020537124802784
TP 3 / grid 5 / 30m,05-09,-1.5..-0.5,mid,<1,9848,0.588772091948712,-0.3789094232331395,-1.1789094232331396,-1.1805341186027576,2170,-0.2244700460829548,-1.0244700460829548
TP 3 / grid 5 / 30m,05-09,-1.5..-0.5,mid,1-2,5778,0.5414139499620925,-0.7272758740048398,-1.52727587400484,-1.530737279335404,1362,-0.802790014684283,-1.602790014684283
TP 3 / grid 5 / 30m,05-09,-1.5..-0.5,high,<1,1334,0.5411855273287143,-0.7005247376311836,-1.5005247376311837,-1.530509745127435,600,-0.22616666666666915,-1.0261666666666691
TP 3 / grid 5 / 30m,05-09,-1.5..-0.5,high,1-2,1103,0.5690127970749542,-0.4519492293744335,-1.2519492293744334,-1.3063463281958296,352,-0.7607954545454566,-1.5607954545454565
TP 3 / grid 5 / 30m,05-09,-0.5..0.5,low,<1,272536,0.685374073956313,0.007170428860774625,-0.7928295711392255,-0.7931377873014938,211556,0.0006660175083672004,-0.7993339824916328
TP 3 / grid 5 / 30m,05-09,-0.5..0.5,low,1-2,36988,0.6764901903611447,0.016148480588298764,-0.7838515194117013,-0.7839596625932737,35274,0.05654022792992297,-0.7434597720700771
TP 3 / grid 5 / 30m,05-09,-0.5..0.5,low,>2,1026,0.7065527065527066,0.1610136452241805,-0.6389863547758196,-0.6389863547758196,1206,-0.10646766169154753,-0.9064676616915476
TP 3 / grid 5 / 30m,05-09,-0.5..0.5,mid,<1,92028,0.6473047361861238,0.010551136610596396,-0.7894488633894037,-0.7914482548789503,19274,-0.011860537511670155,-0.8118605375116702
TP 3 / grid 5 / 30m,05-09,-0.5..0.5,mid,1-2,17358,0.6442231601160644,0.0064177900679788236,-0.7935822099320212,-0.7945039751123414,4688,0.03210324232082429,-0.7678967576791758
TP 3 / grid 5 / 30m,05-09,-0.5..0.5,high,<1,15988,0.639622641509434,0.049993745308981694,-0.7500062546910183,-0.7590130097573183,6736,-0.08407066508313721,-0.8840706650831373
TP 3 / grid 5 / 30m,05-09,-0.5..0.5,high,1-2,4856,0.6203743088047639,-0.07329077429983864,-0.8732907742998387,-0.9111820428336111,1214,0.035502471169679924,-0.7644975288303201
TP 3 / grid 5 / 30m,05-09,0.5..1.5,low,<1,31730,0.7006094464195023,0.2653324929089206,-0.5346675070910795,-0.5350456980775277,26701,0.1902063593123918,-0.6097936406876082
TP 3 / grid 5 / 30m,05-09,0.5..1.5,low,1-2,14179,0.7320101589690527,0.5541575569504156,-0.24584244304958447,-0.24809930178433315,12630,0.43665874901028967,-0.3633412509897104
TP 3 / grid 5 / 30m,05-09,0.5..1.5,low,>2,1106,0.6405228758169935,0.05379746835444074,-0.7462025316455593,-0.7462025316455593,1266,0.39352290679304713,-0.4064770932069529
TP 3 / grid 5 / 30m,05-09,0.5..1.5,mid,<1,9848,0.7053711594527919,0.5136169780666089,-0.28638302193339116,-0.2892262388302227,2170,0.3408755760368688,-0.45912442396313125
TP 3 / grid 5 / 30m,05-09,0.5..1.5,mid,1-2,5778,0.7288415641637598,0.7564728279681548,-0.043527172031845196,-0.04629629629629617,1362,0.9962555066079255,0.19625550660792546
TP 3 / grid 5 / 30m,05-09,0.5..1.5,high,<1,1334,0.6946969696969697,0.5646176911544224,-0.23538230884557765,-0.2533733133433288,600,0.2373333333333302,-0.5626666666666699
TP 3 / grid 5 / 30m,05-09,0.5..1.5,high,1-2,1103,0.6427272727272726,0.1441523118767013,-0.6558476881232987,-0.7283771532184934,352,0.47130681818182313,-0.3286931818181769
TP 3 / grid 5 / 30m,09-13,-2.5..-1.5,mid,1-2,1402,0.584293948126801,-0.33815977175463185,-1.138159771754632,-1.1438659058487832,779,-0.20359435173299112,-1.0035943517329913
TP 3 / grid 5 / 30m,09-13,-2.5..-1.5,high,1-2,1393,0.6033740129217516,-0.17300789662598737,-0.9730078966259874,-1.0218234027279254,358,-0.3966480446927376,-1.1966480446927377
TP 3 / grid 5 / 30m,09-13,-1.5..-0.5,low,<1,15421,0.6321959313230414,-0.05781077751118652,-0.8578107775111865,-0.8606640295700669,20880,-0.09600574712643486,-0.8960057471264349
TP 3 / grid 5 / 30m,09-13,-1.5..-0.5,low,1-2,8467,0.5880685563612393,-0.39835833234911966,-1.1983583323491196,-1.203554978150466,11915,-0.151187578682329,-0.9511875786823291
TP 3 / grid 5 / 30m,09-13,-1.5..-0.5,mid,<1,24939,0.6061089303238468,-0.16839087373190734,-0.9683908737319074,-0.9725610489594623,15623,-0.04184215579593923,-0.8418421557959392
TP 3 / grid 5 / 30m,09-13,-1.5..-0.5,mid,1-2,13881,0.580426000734484,-0.37356818673006087,-1.173568186730061,-1.1744326777609666,9811,-0.19717663846702574,-0.9971766384670258
TP 3 / grid 5 / 30m,09-13,-1.5..-0.5,mid,>2,2266,0.5523255813953488,-0.5955428067078544,-1.3955428067078546,-1.3955428067078546,2028,-0.15463510848126277,-0.9546351084812628
TP 3 / grid 5 / 30m,09-13,-1.5..-0.5,high,<1,19029,0.5972726794082029,-0.22233433180934387,-1.0223343318093439,-1.03074255084345,4857,-0.14879555281037696,-0.948795552810377
TP 3 / grid 5 / 30m,09-13,-1.5..-0.5,high,1-2,13304,0.5931763466746915,-0.2550811785929052,-1.0550811785929053,-1.0686109440769695,3517,-0.3857549047483656,-1.1857549047483658
TP 3 / grid 5 / 30m,09-13,-1.5..-0.5,high,>2,3511,0.5786548874323169,-0.37217317003702644,-1.1721731700370266,-1.1869837653090287,917,-0.4111232279171213,-1.2111232279171213
TP 3 / grid 5 / 30m,09-13,-0.5..0.5,low,<1,70958,0.6295381675680928,-0.0860213083796026,-0.8860213083796027,-0.8876560782434662,88240,-0.01065503173164084,-0.8106550317316409
TP 3 / grid 5 / 30m,09-13,-0.5..0.5,low,1-2,16672,0.6423692493136007,0.03763795585412685,-0.7623620441458732,-0.7664407389635315,24980,-0.02776220976781224,-0.8277622097678123
TP 3 / grid 5 / 30m,09-13,-0.5..0.5,mid,<1,124652,0.6250966599316521,-0.03135288643583784,-0.8313528864358379,-0.8344013734236122,80600,-0.029050868486352716,-0.8290508684863528
TP 3 / grid 5 / 30m,09-13,-0.5..0.5,mid,1-2,34506,0.6229931363772009,-0.0456123572711992,-0.8456123572711992,-0.8485104039877126,26732,-0.02827697142002003,-0.8282769714200201
TP 3 / grid 5 / 30m,09-13,-0.5..0.5,mid,>2,2302,0.6398916967509025,0.062250217202432616,-0.7377497827975674,-0.7481754995655954,2292,-0.10798429319371382,-0.9079842931937139
TP 3 / grid 5 / 30m,09-13,-0.5..0.5,high,<1,108664,0.6183025196108324,-0.0575176691452549,-0.857517669145255,-0.8641067878966356,28890,-0.024029075804778102,-0.8240290758047781
TP 3 / grid 5 / 30m,09-13,-0.5..0.5,high,1-2,38474,0.6178456885087742,-0.059918386442792244,-0.8599183864427923,-0.867611893746426,10528,-0.018550531914893937,-0.818550531914894
TP 3 / grid 5 / 30m,09-13,-0.5..0.5,high,>2,4710,0.620510095642933,-0.03817409766454356,-0.8381740976645436,-0.8492144373673037,1284,0.03317757009345968,-0.7668224299065404
TP 3 / grid 5 / 30m,09-13,0.5..1.5,low,<1,15421,0.6304580479452055,-0.029654367421051042,-0.829654367421051,-0.8314700732767024,20880,0.07535919540229613,-0.724640804597704
TP 3 / grid 5 / 30m,09-13,0.5..1.5,low,1-2,8467,0.685151942556738,0.3880949568914616,-0.4119050431085384,-0.4189913782921925,11915,0.13702895509861404,-0.662971044901386
TP 3 / grid 5 / 30m,09-13,0.5..1.5,mid,<1,24939,0.6444494253810417,0.1384297686354713,-0.6615702313645287,-0.6646176671077421,15623,0.002009857261728136,-0.797990142738272
TP 3 / grid 5 / 30m,09-13,0.5..1.5,mid,1-2,13881,0.6627983358878915,0.2930336431092852,-0.5069663568907148,-0.5075426842446522,9811,0.16201202731627776,-0.6379879726837223
TP 3 / grid 5 / 30m,09-13,0.5..1.5,mid,>2,2266,0.6976847729296527,0.573521624007059,-0.22647837599294107,-0.22647837599294107,2028,0.08989151873767413,-0.710108481262326
TP 3 / grid 5 / 30m,09-13,0.5..1.5,high,<1,19029,0.6424023992423445,0.137111776761785,-0.6628882232382151,-0.6799148667822795,4857,0.14780728844965907,-0.652192711550341
TP 3 / grid 5 / 30m,09-13,0.5..1.5,high,1-2,13304,0.6485215559401099,0.1879359591100419,-0.6120640408899581,-0.6286004209260375,3517,0.29229456923514374,-0.5077054307648563
TP 3 / grid 5 / 30m,09-13,0.5..1.5,high,>2,3511,0.6475363144403304,0.1802905155226433,-0.6197094844773567,-0.6322415266305896,917,0.4220283533260629,-0.3779716466739371
TP 3 / grid 5 / 30m,09-13,1.5..2.5,mid,1-2,1402,0.6654702081837761,0.32089871611982873,-0.4791012838801713,-0.4962196861626251,779,0.36534017971758886,-0.4346598202824112
TP 3 / grid 5 / 30m,09-13,1.5..2.5,high,1-2,1393,0.6421392677674086,0.13711414213926787,-0.6628858578607322,-0.7519023689877964,358,0.1731843575418992,-0.6268156424581008
TP 3 / grid 5 / 30m,13-17,-2.5..-1.5,high,1-2,1401,0.6060714285714286,-0.15274803711634563,-0.9527480371163457,-1.0640970735189152,472,-0.1610169491525424,-0.9610169491525424
TP 3 / grid 5 / 30m,13-17,-1.5..-0.5,low,<1,6070,0.6053639846743295,-0.3446952224052745,-1.1446952224052747,-1.1473311367380585,12925,-0.0374003868471908,-0.8374003868471909
TP 3 / grid 5 / 30m,13-17,-1.5..-0.5,low,1-2,2402,0.5890342052313883,-0.4459200666111498,-1.2459200666111498,-1.2525811823480357,6647,-0.053663306754928,-0.8536633067549281
TP 3 / grid 5 / 30m,13-17,-1.5..-0.5,mid,<1,19657,0.6008104836587548,-0.21755099964389601,-1.017550999643896,-1.0216207966627695,16637,-0.18345855623008872,-0.9834585562300888
TP 3 / grid 5 / 30m,13-17,-1.5..-0.5,mid,1-2,9521,0.5764098148945329,-0.4113748555823991,-1.211374855582399,-1.2172565906942567,9163,-0.22412965186074174,-1.0241296518607417
TP 3 / grid 5 / 30m,13-17,-1.5..-0.5,mid,>2,1004,0.5647773279352226,-0.4922310756972149,-1.2922310756972148,-1.2922310756972148,1284,-0.196417445482862,-0.996417445482862
TP 3 / grid 5 / 30m,13-17,-1.5..-0.5,high,<1,24776,0.5954547292652352,-0.23752421698417772,-1.0375242169841778,-1.0559291249596379,6193,-0.18725980946229667,-0.9872598094622967
TP 3 / grid 5 / 30m,13-17,-1.5..-0.5,high,1-2,14974,0.5915139761936605,-0.2687992520368643,-1.0687992520368643,-1.0968478696407102,4099,-0.3085142717736025,-1.1085142717736025
TP 3 / grid 5 / 30m,13-17,-1.5..-0.5,high,>2,3266,0.5878750765462339,-0.2969993876301287,-1.0969993876301287,-1.1361910593998774,1116,-0.0035842293906807043,-0.8035842293906807
TP 3 / grid 5 / 30m,13-17,-0.5..0.5,low,<1,46026,0.6541497050760156,-0.0012427758223621799,-0.8012427758223623,-0.8021118498240133,78730,-0.026280960243870638,-0.8262809602438707
TP 3 / grid 5 / 30m,13-17,-0.5..0.5,low,1-2,6370,0.6543091916682591,0.020894819466252074,-0.779105180533748,-0.7853846153846112,17246,-0.045459816769110956,-0.845459816769111
TP 3 / grid 5 / 30m,13-17,-0.5..0.5,mid,<1,135776,0.626569448833463,-0.026098132217771505,-0.8260981322177715,-0.8300458107471135,104278,-0.008026621147317378,-0.8080266211473174
TP 3 / grid 5 / 30m,13-17,-0.5..0.5,mid,1-2,25026,0.6280485271511073,-0.011016542795492482,-0.8110165427954925,-0.8153320546631504,25184,-0.0037523824650567902,-0.8037523824650569
TP 3 / grid 5 / 30m,13-17,-0.5..0.5,mid,>2,1080,0.630600571973308,0.011574074074074722,-0.7884259259259253,-0.7921296296296291,1430,0.07699300699300811,-0.7230069930069919
TP 3 / grid 5 / 30m,13-17,-0.5..0.5,high,<1,163866,0.6173405981205424,-0.0643995703806764,-0.8643995703806764,-0.8737486726959831,38070,-0.02976884686104566,-0.8297688468610457
TP 3 / grid 5 / 30m,13-17,-0.5..0.5,high,1-2,43480,0.6184932454239477,-0.05387304507819669,-0.8538730450781967,-0.8702483900643972,12948,-0.02242817423540396,-0.822428174235404
TP 3 / grid 5 / 30m,13-17,-0.5..0.5,high,>2,4782,0.6083908767524586,-0.1343998327059806,-0.9343998327059806,-0.9670221664575489,1724,-0.03358468677494264,-0.8335846867749427
TP 3 / grid 5 / 30m,13-17,0.5..1.5,low,<1,6070,0.7017919750681729,0.4149258649093968,-0.38507413509060323,-0.391663920922564,12925,0.006336557059961667,-0.7936634429400384
TP 3 / grid 5 / 30m,13-17,0.5..1.5,low,1-2,2402,0.691358024691358,0.37643630308075904,-0.423563696919241,-0.4268942547876843,6647,0.07290506995636734,-0.7270949300436327
TP 3 / grid 5 / 30m,13-17,0.5..1.5,mid,<1,19657,0.6543963529658352,0.20034593274660545,-0.5996540672533945,-0.603520374421324,16637,0.16756626795696355,-0.6324337320430364
TP 3 / grid 5 / 30m,13-17,0.5..1.5,mid,1-2,9521,0.6789025039957378,0.41404264257956064,-0.3859573574204394,-0.39309946434198123,9163,0.22004801920768186,-0.5799519807923181
TP 3 / grid 5 / 30m,13-17,0.5..1.5,mid,>2,1004,0.6651469098277608,0.3245019920318746,-0.47549800796812547,-0.47948207171314516,1284,0.1112149532710285,-0.6887850467289716
TP 3 / grid 5 / 30m,13-17,0.5..1.5,high,<1,24776,0.6482199862609609,0.1847473361317403,-0.6152526638682597,-0.6393082014853083,6193,0.1013563700952694,-0.6986436299047306
TP 3 / grid 5 / 30m,13-17,0.5..1.5,high,1-2,14974,0.647054890686635,0.17550420729264066,-0.6244957927073593,-0.662962468278349,4099,0.18924127836057517,-0.6107587216394249
TP 3 / grid 5 / 30m,13-17,0.5..1.5,high,>2,3266,0.6402756508422665,0.12278015921616639,-0.6772198407838337,-0.722535211267606,1116,0.06810035842293871,-0.7318996415770613
TP 3 / grid 5 / 30m,13-17,1.5..2.5,high,1-2,1401,0.6295503211991436,0.03640256959314825,-0.7635974304068518,-0.8892219842969304,472,-0.08474576271186418,-0.8847457627118642
TP 3 / grid 5 / 30m,17-20,-1.5..-0.5,low,<1,1784,0.6634538152610442,-0.12107623318385324,-0.9210762331838533,-0.9210762331838533,4400,-0.27695454545455633,-1.0769545454545564
TP 3 / grid 5 / 30m,17-20,-1.5..-0.5,mid,<1,7624,0.6050295857988165,-0.23037775445959763,-1.0303777544595976,-1.0340503672612762,11250,-0.1748177777777759,-0.974817777777776
TP 3 / grid 5 / 30m,17-20,-1.5..-0.5,mid,1-2,3698,0.6011315417256011,-0.24129259058950991,-1.04129259058951,-1.0434559221200672,5732,-0.3347697138869478,-1.134769713886948
TP 3 / grid 5 / 30m,17-20,-1.5..-0.5,high,<1,21238,0.5834084975077143,-0.3415905452490814,-1.1415905452490813,-1.1564695357378278,8023,-0.20952262246042677,-1.0095226224604268
TP 3 / grid 5 / 30m,17-20,-1.5..-0.5,high,1-2,12695,0.5854024988138541,-0.31966128397006727,-1.1196612839700673,-1.1417172115005907,5131,-0.24671603975833145,-1.0467160397583315
TP 3 / grid 5 / 30m,17-20,-1.5..-0.5,high,>2,2535,0.5831683168316832,-0.3372781065088746,-1.1372781065088746,-1.1514792899408273,969,0.03611971104231193,-0.7638802889576881
TP 3 / grid 5 / 30m,17-20,-0.5..0.5,low,<1,17624,0.6827195467422097,0.013753971856560743,-0.7862460281434394,-0.7862460281434394,34238,0.044178982417199364,-0.7558210175828006
TP 3 / grid 5 / 30m,17-20,-0.5..0.5,low,1-2,1930,0.6482649842271293,-0.13927461139895042,-0.9392746113989505,-0.9392746113989505,6554,0.016112297833388023,-0.783887702166612
TP 3 / grid 5 / 30m,17-20,-0.5..0.5,mid,<1,73358,0.640364305484684,-0.0005398184247095983,-0.8005398184247097,-0.8014122522424258,84450,-0.013542924807577489,-0.8135429248075775
TP 3 / grid 5 / 30m,17-20,-0.5..0.5,mid,1-2,11566,0.6316851191593169,-0.02886045305204847,-0.8288604530520485,-0.8340480719349812,18690,-0.06190476190476117,-0.8619047619047612
TP 3 / grid 5 / 30m,17-20,-0.5..0.5,high,<1,202216,0.6217228086463359,-0.04413696245598748,-0.8441369624559876,-0.849517347786525,67356,-0.022844290040976274,-0.8228442900409764
TP 3 / grid 5 / 30m,17-20,-0.5..0.5,high,1-2,43730,0.6200881423198504,-0.04847701806540226,-0.8484770180654023,-0.8557946489823928,16214,0.006636240286172287,-0.7933637597138278
TP 3 / grid 5 / 30m,17-20,-0.5..0.5,high,>2,3560,0.6255649717514125,0.0007303370786502926,-0.7992696629213497,-0.8093820224719118,1432,0.050279329608939105,-0.7497206703910609
TP 3 / grid 5 / 30m,17-20,0.5..1.5,low,<1,1784,0.6752851711026616,0.21423766816142997,-0.5857623318385701,-0.5857623318385701,4400,0.2973409090909306,-0.5026590909090695
TP 3 / grid 5 / 30m,17-20,0.5..1.5,mid,<1,7624,0.6581066074403109,0.20709601259181004,-0.5929039874081901,-0.5939533053515271,11250,0.18429333333333064,-0.6157066666666694
TP 3 / grid 5 / 30m,17-20,0.5..1.5,mid,1-2,3698,0.6284313725490196,0.008220659816119726,-0.7917793401838803,-0.7971876690102729,5732,0.3038206559665031,-0.49617934403349695
TP 3 / grid 5 / 30m,17-20,0.5..1.5,high,<1,21238,0.6627125065113416,0.2959506544872401,-0.5040493455127599,-0.5249552688577079,8023,0.1789729527608141,-0.6210270472391859
TP 3 / grid 5 / 30m,17-20,0.5..1.5,high,1-2,12695,0.6543804262036306,0.23494289090192977,-0.5650571090980703,-0.5871130366285939,5131,0.07456636133307298,-0.7254336386669271
TP 3 / grid 5 / 30m,17-20,0.5..1.5,high,>2,2535,0.642009493670886,0.13388560157790932,-0.6661143984220907,-0.688205128205128,969,-0.23219814241486048,-1.0321981424148605
TP 3 / grid 5 / 30m,20-23,-1.5..-0.5,low,<1,5069,0.6313840155945419,-0.49798776879067996,-1.29798776879068,-1.2987768790688414,7966,-0.3356766256590259,-1.135676625659026
TP 3 / grid 5 / 30m,20-23,-1.5..-0.5,low,1-2,1616,0.5902777777777778,-0.7532178217822031,-1.5532178217822032,-1.5556930693069555,3179,-0.23214847436300345,-1.0321484743630034
TP 3 / grid 5 / 30m,20-23,-1.5..-0.5,mid,<1,10928,0.5922245276837392,-0.3838030746705709,-1.183803074670571,-1.1881954612005856,7305,-0.1537713894592707,-0.9537713894592708
TP 3 / grid 5 / 30m,20-23,-1.5..-0.5,mid,1-2,4349,0.5926362683438156,-0.3809841342837458,-1.180984134283746,-1.1819038859507955,3487,-0.45027244049326,-1.25027244049326
TP 3 / grid 5 / 30m,20-23,-1.5..-0.5,high,<1,7938,0.5833548720599638,-0.3531494079113129,-1.153149407911313,-1.1793524817334347,2647,0.02104268983755496,-0.7789573101624451
TP 3 / grid 5 / 30m,20-23,-1.5..-0.5,high,1-2,4651,0.5680531358885018,-0.46226617931627517,-1.2622661793162753,-1.2837669318426141,1880,-0.14132978723404713,-0.9413297872340471
TP 3 / grid 5 / 30m,20-23,-0.5..0.5,low,<1,73072,0.71539484717925,0.03335751040070051,-0.7666424895992996,-0.7670256733085179,101002,0.05199005960277908,-0.7480099403972209
TP 3 / grid 5 / 30m,20-23,-0.5..0.5,low,1-2,6172,0.7047374773687387,0.04429682436811938,-0.7557031756318806,-0.7563512637718675,10998,0.023622476813961957,-0.7763775231860381
TP 3 / grid 5 / 30m,20-23,-0.5..0.5,mid,<1,149458,0.6532784902008227,0.0059869662380085675,-0.7940130337619915,-0.7960470500073586,82964,0.004350079552576908,-0.7956499204474231
TP 3 / grid 5 / 30m,20-23,-0.5..0.5,mid,1-2,15174,0.6472664522707663,0.009536048504023065,-0.790463951495977,-0.790463951495977,13292,0.03288444176948685,-0.7671155582305131
TP 3 / grid 5 / 30m,20-23,-0.5..0.5,high,<1,110078,0.6264084237151726,-0.03868075364741338,-0.8386807536474135,-0.8435136902923379,27330,-0.04408342480790328,-0.8440834248079033
TP 3 / grid 5 / 30m,20-23,-0.5..0.5,high,1-2,17662,0.6252325040688212,-0.022885290454083475,-0.8228852904540835,-0.8330766617597112,7048,-0.030675368898977734,-0.8306753688989778
TP 3 / grid 5 / 30m,20-23,-0.5..0.5,high,>2,1234,0.6164772727272727,-0.07050243111831449,-0.8705024311183145,-0.8867098865478118,686,-0.11428571428571263,-0.9142857142857127
TP 3 / grid 5 / 30m,20-23,0.5..1.5,low,<1,5069,0.76575387660838,0.5618267902939257,-0.23817320970607436,-0.23975143026239698,7966,0.372457946271645,-0.427542053728355
TP 3 / grid 5 / 30m,20-23,0.5..1.5,low,1-2,1616,0.7825471698113208,0.7618193069307196,-0.0381806930692804,-0.04065594059403266,3179,0.33479081472161104,-0.465209185278389
TP 3 / grid 5 / 30m,20-23,0.5..1.5,mid,<1,10928,0.7026365152146726,0.45875732064421304,-0.341242679355787,-0.346733162518305,7305,0.09853524982889005,-0.70146475017111
TP 3 / grid 5 / 30m,20-23,0.5..1.5,mid,1-2,4349,0.6899448345035105,0.41653253621522346,-0.3834674637847766,-0.3843872154518264,3487,0.43779753369658597,-0.3622024663034141
TP 3 / grid 5 / 30m,20-23,0.5..1.5,high,<1,7938,0.6733839814576358,0.3574577979339871,-0.44254220206601297,-0.4662257495590842,2647,-0.10812240272006231,-0.9081224027200624
TP 3 / grid 5 / 30m,20-23,0.5..1.5,high,1-2,4651,0.6643598615916956,0.3029886046011607,-0.4970113953988393,-0.51421199741991,1880,0.08510638297872208,-0.714893617021278
TP 5.3 / grid 7.5 / 45m,01-05,-1.5..-0.5,low,<1,30210,0.6398718405126379,-0.19862959285004278,-0.9986295928500428,-0.9986295928500428,22761,-0.1421027195641672,-0.9421027195641672
TP 5.3 / grid 7.5 / 45m,01-05,-1.5..-0.5,low,1-2,12810,0.6227011917022216,-0.3009367681498871,-1.1009367681498872,-1.1054332552693251,10416,-0.32583525345623854,-1.1258352534562386
TP 5.3 / grid 7.5 / 45m,01-05,-1.5..-0.5,low,>2,1191,0.5095168374816983,-1.3617968094038813,-2.1617968094038815,-2.1617968094038815,983,-0.377924720244197,-1.1779247202441971
TP 5.3 / grid 7.5 / 45m,01-05,-1.5..-0.5,mid,<1,12676,0.5751718213058419,-0.3895313979173191,-1.1895313979173192,-1.1905411801830184,3688,-0.03270065075921763,-0.8327006507592176
TP 5.3 / grid 7.5 / 45m,01-05,-1.5..-0.5,mid,1-2,6645,0.5596064814814814,-0.5581790820165391,-1.3581790820165391,-1.3601053423626643,1885,-0.6414854111405986,-1.4414854111405986
TP 5.3 / grid 7.5 / 45m,01-05,-1.5..-0.5,high,<1,2590,0.590343347639485,-0.05996138996137969,-0.8599613899613797,-0.8723166023165921,1042,-0.11497120921304745,-0.9149712092130475
TP 5.3 / grid 7.5 / 45m,01-05,-1.5..-0.5,high,1-2,1775,0.5057680631451124,-1.1001690140845037,-1.9001690140845038,-1.9145915492957712,661,0.00907715582451267,-0.7909228441754874
TP 5.3 / grid 7.5 / 45m,01-05,-0.5..0.5,low,<1,232096,0.6495569862315146,-0.009484868330345397,-0.8094848683303455,-0.80978819109334,201648,0.008611540902959458,-0.7913884590970406
TP 5.3 / grid 7.5 / 45m,01-05,-0.5..0.5,low,1-2,31608,0.642132293793701,0.015360035434066499,-0.7846399645659335,-0.7880821311060496,26220,0.03065980167811072,-0.7693401983218893
TP 5.3 / grid 7.5 / 45m,01-05,-0.5..0.5,mid,<1,105818,0.6174989746418318,-0.020671341359693174,-0.8206713413596932,-0.820731822563269,37576,0.03000585480093587,-0.7699941451990642
TP 5.3 / grid 7.5 / 45m,01-05,-0.5..0.5,mid,1-2,19126,0.6145022390630381,0.06827878280873706,-0.731721217191263,-0.7333943323224976,5656,-0.0021039603960405495,-0.8021039603960406
TP 5.3 / grid 7.5 / 45m,01-05,-0.5..0.5,mid,>2,1032,0.6336154776299878,0.296414728682184,-0.503585271317816,-0.51598837209301,452,0.3634955752212476,-0.43650442477875245
TP 5.3 / grid 7.5 / 45m,01-05,-0.5..0.5,high,<1,32396,0.5971265461465272,-0.03344548709717207,-0.8334454870971721,-0.835618594888258,13488,-0.14404655990509718,-0.9440465599050972
TP 5.3 / grid 7.5 / 45m,01-05,-0.5..0.5,high,1-2,6326,0.5966777992617331,0.00954789756560541,-0.7904521024343947,-0.791463800189691,2316,0.04762521588946894,-0.752374784110531
TP 5.3 / grid 7.5 / 45m,01-05,0.5..1.5,low,<1,30210,0.6461444474613086,0.18664680569347367,-0.6133531943065264,-0.6133531943065264,22761,0.17670137515927065,-0.6232986248407294
TP 5.3 / grid 7.5 / 45m,01-05,0.5..1.5,low,1-2,12810,0.6448942682248191,0.28143637782982106,-0.518563622170179,-0.521061670569867,10416,0.3704973118279775,-0.42950268817202253
TP 5.3 / grid 7.5 / 45m,01-05,0.5..1.5,low,>2,1191,0.7247474747474747,1.2756507136860094,0.4756507136860093,0.4756507136860093,983,0.6207527975585337,-0.1792472024414663
TP 5.3 / grid 7.5 / 45m,01-05,0.5..1.5,mid,<1,12676,0.6502279320348114,0.42528400126222754,-0.3747159987377725,-0.37673556326917057,3688,0.03693058568328875,-0.7630694143167113
TP 5.3 / grid 7.5 / 45m,01-05,0.5..1.5,mid,1-2,6645,0.649770009199632,0.592776523702022,-0.207223476297978,-0.2081866064710406,1885,0.7376127320955028,-0.06238726790449722
TP 5.3 / grid 7.5 / 45m,01-05,0.5..1.5,high,<1,2590,0.597868638538495,-0.005328185328197094,-0.8053281853281972,-0.8226254826254943,1042,-0.17380038387715904,-0.9738003838771591
TP 5.3 / grid 7.5 / 45m,01-05,0.5..1.5,high,1-2,1775,0.6606078665077474,0.9125070422535189,0.11250704225351882,0.09447887323943416,661,0.041906202723160514,-0.7580937972768396
TP 5.3 / grid 7.5 / 45m,05-09,-1.5..-0.5,low,<1,31730,0.64407179971658,-0.15548692089504645,-0.9554869208950465,-0.9556886227544852,26701,-0.18312048237894613,-0.9831204823789461
TP 5.3 / grid 7.5 / 45m,05-09,-1.5..-0.5,low,1-2,14179,0.6039188243526942,-0.5528598631779428,-1.352859863177943,-1.352859863177943,12630,-0.4395566112430809,-1.239556611243081
TP 5.3 / grid 7.5 / 45m,05-09,-1.5..-0.5,low,>2,1106,0.7602739726027397,0.34728752260399076,-0.4527124773960093,-0.4527124773960093,1266,-0.3801737756714392,-1.1801737756714392
TP 5.3 / grid 7.5 / 45m,05-09,-1.5..-0.5,mid,<1,9848,0.5887208657047726,-0.33031072298943237,-1.1303107229894325,-1.132260357432974,2170,-0.1813364055299631,-0.9813364055299632
TP 5.3 / grid 7.5 / 45m,05-09,-1.5..-0.5,mid,1-2,5778,0.5373305766138295,-0.913811007268955,-1.713811007268955,-1.7182416060920773,1362,-1.0202643171806138,-1.8202643171806139
TP 5.3 / grid 7.5 / 45m,05-09,-1.5..-0.5,high,<1,1334,0.5124069478908189,-0.9788605697151485,-1.7788605697151485,-1.7836581709145485,600,-0.02283333333333933,-0.8228333333333394
TP 5.3 / grid 7.5 / 45m,05-09,-1.5..-0.5,high,1-2,1103,0.594294003868472,-0.025203989120582942,-0.825203989120583,-0.8658204895738916,352,-1.212784090909114,-2.012784090909114
TP 5.3 / grid 7.5 / 45m,05-09,-0.5..0.5,low,<1,272536,0.6478517805757029,-0.0047087357266558105,-0.8047087357266558,-0.8051783984501126,211556,0.013136947191286663,-0.7868630528087134
TP 5.3 / grid 7.5 / 45m,05-09,-0.5..0.5,low,1-2,36988,0.6399479317327162,0.0034065102195316443,-0.7965934897804684,-0.7971125770520161,35274,0.020890741055735518,-0.7791092589442645
TP 5.3 / grid 7.5 / 45m,05-09,-0.5..0.5,low,>2,1026,0.6581740976645436,0.042884990253428346,-0.7571150097465718,-0.7571150097465718,1206,-0.04013266998342324,-0.8401326699834233
TP 5.3 / grid 7.5 / 45m,05-09,-0.5..0.5,mid,<1,92028,0.6215402639243699,0.02309188507845672,-0.7769081149215433,-0.779411700786715,19274,0.06484901940438009,-0.73515098059562
TP 5.3 / grid 7.5 / 45m,05-09,-0.5..0.5,mid,1-2,17358,0.6278917145200984,0.13097131005876136,-0.6690286899412387,-0.6705035142297512,4688,-0.03370307167236036,-0.8337030716723604
TP 5.3 / grid 7.5 / 45m,05-09,-0.5..0.5,high,<1,15988,0.5972082592220246,-0.04949962471853958,-0.8494996247185396,-0.8515011258443839,6736,0.061074821852728334,-0.7389251781472717
TP 5.3 / grid 7.5 / 45m,05-09,-0.5..0.5,high,1-2,4856,0.5994338287331917,0.04559308072487492,-0.7544069192751252,-0.780766062602967,1214,-0.03492586490939141,-0.8349258649093915
TP 5.3 / grid 7.5 / 45m,05-09,0.5..1.5,low,<1,31730,0.6463016204913747,0.23340371887802716,-0.5665962811219729,-0.5665962811219729,26701,0.20921313808472727,-0.5907868619152727
TP 5.3 / grid 7.5 / 45m,05-09,0.5..1.5,low,1-2,14179,0.6761223162003903,0.59440722194795,-0.20559277805205,-0.20559277805205,12630,0.48330166270785113,-0.3166983372921489
TP 5.3 / grid 7.5 / 45m,05-09,0.5..1.5,low,>2,1106,0.5384615384615384,-0.3641952983725301,-1.16419529837253,-1.16419529837253,1266,0.5778041074249551,-0.2221958925750449
TP 5.3 / grid 7.5 / 45m,05-09,0.5..1.5,mid,<1,9848,0.6533360128617363,0.4964459788789499,-0.3035540211210501,-0.3042038992688978,2170,0.3311059907834093,-0.46889400921659075
TP 5.3 / grid 7.5 / 45m,05-09,0.5..1.5,mid,1-2,5778,0.6865544427871296,1.0465732087227395,0.24657320872273947,0.24214260989961733,1362,1.3914096916299612,0.5914096916299612
TP 5.3 / grid 7.5 / 45m,05-09,0.5..1.5,high,<1,1334,0.6684168012924072,0.9714392803598377,0.1714392803598377,0.1570464767616364,600,0.06583333333333934,-0.7341666666666607
TP 5.3 / grid 7.5 / 45m,05-09,0.5..1.5,high,1-2,1103,0.5901328273244782,0.023118766999086344,-0.7768812330009137,-0.8116953762466076,352,1.1096590909091055,0.3096590909091055
TP 5.3 / grid 7.5 / 45m,09-13,-2.5..-1.5,mid,1-2,1402,0.5741150442477876,-0.19514978601997238,-0.9951497860199724,-0.9997146932952937,779,-0.5551989730423496,-1.3551989730423495
TP 5.3 / grid 7.5 / 45m,09-13,-2.5..-1.5,high,1-2,1393,0.6038350217076701,0.20983488872936196,-0.5901651112706381,-0.6131371141421391,358,-0.17821229050279136,-0.9782122905027915
TP 5.3 / grid 7.5 / 45m,09-13,-1.5..-0.5,low,<1,15421,0.6121472190130385,0.007528694637182143,-0.7924713053628178,-0.7966214901757354,20880,-0.16054597701149337,-0.9605459770114935
TP 5.3 / grid 7.5 / 45m,09-13,-1.5..-0.5,low,1-2,8467,0.5732871439568898,-0.4151529467343812,-1.2151529467343813,-1.2159088224873043,11915,-0.2174234158623607,-1.0174234158623607
TP 5.3 / grid 7.5 / 45m,09-13,-1.5..-0.5,mid,<1,24939,0.5793286906873135,-0.1745218332731872,-0.9745218332731873,-0.9778579734552315,15623,-0.039857901811430646,-0.8398579018114307
TP 5.3 / grid 7.5 / 45m,09-13,-1.5..-0.5,mid,1-2,13881,0.5475673158997438,-0.5490382537281164,-1.3490382537281165,-1.3494993156112662,9811,-0.062348384466414525,-0.8623483844664146
TP 5.3 / grid 7.5 / 45m,09-13,-1.5..-0.5,mid,>2,2266,0.5506481036965916,-0.5461165048543639,-1.346116504854364,-1.3630626654898452,2028,-0.007889546351088905,-0.8078895463510889
TP 5.3 / grid 7.5 / 45m,09-13,-1.5..-0.5,high,<1,19029,0.5717980164231631,-0.19762467812286436,-0.9976246781228644,-1.0033422670660566,4857,-0.1745316038707026,-0.9745316038707026
TP 5.3 / grid 7.5 / 45m,09-13,-1.5..-0.5,high,1-2,13304,0.558026195552848,-0.37751803968731107,-1.177518039687311,-1.1861770895971133,3517,-0.4752061415979565,-1.2752061415979565
TP 5.3 / grid 7.5 / 45m,09-13,-1.5..-0.5,high,>2,3511,0.5661026670490393,-0.26419823412133353,-1.0641982341213336,-1.0641982341213336,917,-1.0452562704471104,-1.8452562704471105
TP 5.3 / grid 7.5 / 45m,09-13,-0.5..0.5,low,<1,70958,0.6018193485071529,-0.05866005242537675,-0.8586600524253768,-0.86082471321063,88240,-0.003286491387127388,-0.8032864913871274
TP 5.3 / grid 7.5 / 45m,09-13,-0.5..0.5,low,1-2,16672,0.6063863420803034,-0.017346449136273756,-0.8173464491362739,-0.8181142034548923,24980,-0.007365892714172928,-0.8073658927141729
TP 5.3 / grid 7.5 / 45m,09-13,-0.5..0.5,mid,<1,124652,0.5902282645785816,-0.05125148413182344,-0.8512514841318235,-0.8539213169463791,80600,-0.02194540942928061,-0.8219454094292806
TP 5.3 / grid 7.5 / 45m,09-13,-0.5..0.5,mid,1-2,34506,0.5890444015444015,-0.0584825827392335,-0.8584825827392335,-0.8586680577290904,26732,-0.011806075115965875,-0.8118060751159659
TP 5.3 / grid 7.5 / 45m,09-13,-0.5..0.5,mid,>2,2302,0.5963735717834078,0.011120764552563528,-0.7888792354474365,-0.7916594265855765,2292,-0.018019197207679083,-0.8180191972076791
TP 5.3 / grid 7.5 / 45m,09-13,-0.5..0.5,high,<1,108664,0.5857420383066607,-0.026805565780755852,-0.8268055657807559,-0.8296915261724221,28890,0.007864312911040186,-0.7921356870889599
TP 5.3 / grid 7.5 / 45m,09-13,-0.5..0.5,high,1-2,38474,0.586779705921314,-0.010908665592348661,-0.8109086655923488,-0.8158990487082192,10528,-0.0560600303951364,-0.8560600303951365
TP 5.3 / grid 7.5 / 45m,09-13,-0.5..0.5,high,>2,4710,0.5867214532871972,-0.0036942675159247727,-0.8036942675159248,-0.8036942675159248,1284,0.23605919003115677,-0.5639408099688432
TP 5.3 / grid 7.5 / 45m,09-13,0.5..1.5,low,<1,15421,0.5864329018515484,-0.1029375526878951,-0.9029375526878951,-0.9062577005382288,20880,0.07237547892720067,-0.7276245210727994
TP 5.3 / grid 7.5 / 45m,09-13,0.5..1.5,low,1-2,8467,0.6610130818375418,0.6241289713003424,-0.17587102869965765,-0.17813865595842615,11915,0.23912715065043927,-0.5608728493495607
TP 5.3 / grid 7.5 / 45m,09-13,0.5..1.5,mid,<1,24939,0.6021420325794177,0.15542724247163095,-0.6445727575283691,-0.6468823930390148,15623,-0.019234462011140346,-0.8192344620111404
TP 5.3 / grid 7.5 / 45m,09-13,0.5..1.5,mid,1-2,13881,0.6343358203215137,0.5298465528420137,-0.2701534471579864,-0.2701534471579864,9811,0.14230965243094024,-0.6576903475690599
TP 5.3 / grid 7.5 / 45m,09-13,0.5..1.5,mid,>2,2266,0.6408582089552238,0.6239629302736097,-0.17603706972639033,-0.1873345101500442,2028,0.028254437869819626,-0.7717455621301804
TP 5.3 / grid 7.5 / 45m,09-13,0.5..1.5,high,<1,19029,0.5940493932297212,0.08862788375637276,-0.7113721162436273,-0.7154080613799987,4857,0.16329009676755135,-0.6367099032324487
TP 5.3 / grid 7.5 / 45m,09-13,0.5..1.5,high,1-2,13304,0.6210346139216432,0.44079224293445546,-0.3592077570655446,-0.3664236319903789,3517,0.4139891953369364,-0.38601080466306364
TP 5.3 / grid 7.5 / 45m,09-13,0.5..1.5,high,>2,3511,0.598109424233744,0.15727712902306779,-0.6427228709769323,-0.6463685559669637,917,1.0308615049073102,0.23086150490731017
TP 5.3 / grid 7.5 / 45m,09-13,1.5..2.5,mid,1-2,1402,0.600815418828762,0.16141226818830517,-0.6385877318116948,-0.6431526390870161,779,0.45301668806161743,-0.3469833119383826
TP 5.3 / grid 7.5 / 45m,09-13,1.5..2.5,high,1-2,1393,0.578226387887527,-0.0999999999999989,-0.8999999999999989,-0.9183776022971987,358,0.22290502793296074,-0.5770949720670393
TP 5.3 / grid 7.5 / 45m,13-17,-2.5..-1.5,high,1-2,1401,0.6122668579626974,0.32169878658101175,-0.4783012134189883,-0.5011420413990031,472,0.1572033898305093,-0.6427966101694907
TP 5.3 / grid 7.5 / 45m,13-17,-1.5..-0.5,low,<1,6070,0.589644513137558,-0.4065403624382235,-1.2065403624382236,-1.2065403624382236,12925,-0.02008510638297506,-0.820085106382975
TP 5.3 / grid 7.5 / 45m,13-17,-1.5..-0.5,low,1-2,2402,0.5891330891330891,-0.42789342214820386,-1.2278934221482039,-1.2332223147377124,6647,0.12956220851513267,-0.6704377914848674
TP 5.3 / grid 7.5 / 45m,13-17,-1.5..-0.5,mid,<1,19657,0.5789026187507086,-0.22017093147479538,-1.0201709314747953,-1.0234267690898946,16637,-0.119023862475205,-0.9190238624752051
TP 5.3 / grid 7.5 / 45m,13-17,-1.5..-0.5,mid,1-2,9521,0.5451441139020721,-0.6140846549732097,-1.4140846549732098,-1.426856422644673,9163,-0.2661028047582669,-1.066102804758267
TP 5.3 / grid 7.5 / 45m,13-17,-1.5..-0.5,mid,>2,1004,0.5357142857142857,-0.736055776892432,-1.536055776892432,-1.536055776892432,1284,0.48387850467290683,-0.3161214953270932
TP 5.3 / grid 7.5 / 45m,13-17,-1.5..-0.5,high,<1,24776,0.5620809484873264,-0.3152930255085565,-1.1152930255085565,-1.1191677429770746,6193,-0.09157112869368579,-0.8915711286936858
TP 5.3 / grid 7.5 / 45m,13-17,-1.5..-0.5,high,1-2,14974,0.5630445059769028,-0.3056564712167758,-1.1056564712167758,-1.1159142513690397,4099,-0.6871676018541146,-1.4871676018541147
TP 5.3 / grid 7.5 / 45m,13-17,-1.5..-0.5,high,>2,3266,0.57360172095882,-0.16181873851806433,-0.9618187385180643,-0.9755358236374765,1116,0.4018817204301031,-0.3981182795698969
TP 5.3 / grid 7.5 / 45m,13-17,-0.5..0.5,low,<1,46026,0.6299734278122232,0.056800504062919976,-0.74319949593708,-0.7470929474644774,78730,-0.01990600787501806,-0.8199060078750181
TP 5.3 / grid 7.5 / 45m,13-17,-0.5..0.5,low,1-2,6370,0.6256050338818973,0.021240188383044922,-0.7787598116169552,-0.7847880690737841,17246,-0.014548301055324175,-0.8145483010553243
TP 5.3 / grid 7.5 / 45m,13-17,-0.5..0.5,mid,<1,135776,0.5931340506838295,-0.03480732971953837,-0.8348073297195384,-0.8384368371435311,104278,0.006238132683787326,-0.7937618673162127
TP 5.3 / grid 7.5 / 45m,13-17,-0.5..0.5,mid,1-2,25026,0.5931679799426934,-0.0329417405897882,-0.8329417405897882,-0.8406137616878456,25184,-0.024753811944092652,-0.8247538119440927
TP 5.3 / grid 7.5 / 45m,13-17,-0.5..0.5,mid,>2,1080,0.5622362869198312,-0.3456481481481558,-1.145648148148156,-1.145648148148156,1430,0.005524475524461808,-0.7944755244755383
TP 5.3 / grid 7.5 / 45m,13-17,-0.5..0.5,high,<1,163866,0.581914569836705,-0.06944027437052325,-0.8694402743705233,-0.8744004247372869,38070,-0.06858681376411926,-0.8685868137641193
TP 5.3 / grid 7.5 / 45m,13-17,-0.5..0.5,high,1-2,43480,0.5838095015975932,-0.04177092916283405,-0.8417709291628341,-0.8470699172033127,12948,0.16699876428792132,-0.6330012357120787
TP 5.3 / grid 7.5 / 45m,13-17,-0.5..0.5,high,>2,4782,0.5779903300399412,-0.11074864073609446,-0.9107486407360945,-0.9174404015056472,1724,-0.043097447795820545,-0.8430974477958206
TP 5.3 / grid 7.5 / 45m,13-17,0.5..1.5,low,<1,6070,0.6745495495495496,0.5912026359143346,-0.2087973640856654,-0.2098517298187791,12925,-0.022452611218569785,-0.8224526112185698
TP 5.3 / grid 7.5 / 45m,13-17,0.5..1.5,low,1-2,2402,0.6317586795674445,0.3300999167360512,-0.46990008326394883,-0.46990008326394883,6647,-0.012697457499636078,-0.8126974574996362
TP 5.3 / grid 7.5 / 45m,13-17,0.5..1.5,mid,<1,19657,0.6069805285898658,0.1805768937274274,-0.6194231062725726,-0.6252836139797504,16637,0.16703732644106595,-0.6329626735589341
TP 5.3 / grid 7.5 / 45m,13-17,0.5..1.5,mid,1-2,9521,0.6466832410441858,0.6845394391345413,-0.11546056086545875,-0.1255435353429296,9163,0.18693659281894576,-0.6130634071810543
TP 5.3 / grid 7.5 / 45m,13-17,0.5..1.5,mid,>2,1004,0.6603174603174603,0.9199203187251075,0.11992031872510744,0.11992031872510744,1284,-0.2179127725856796,-1.0179127725856796
TP 5.3 / grid 7.5 / 45m,13-17,0.5..1.5,high,<1,24776,0.6105745621214601,0.29707781724249277,-0.5029221827575072,-0.5106716176945425,6193,0.08419182948490325,-0.7158081705150968
TP 5.3 / grid 7.5 / 45m,13-17,0.5..1.5,high,1-2,14974,0.607621355955026,0.2667089622011492,-0.5332910377988509,-0.5426940029384264,4099,0.5845084166869955,-0.21549158331300455
TP 5.3 / grid 7.5 / 45m,13-17,0.5..1.5,high,>2,3266,0.6067812212335072,0.2656460502143287,-0.5343539497856713,-0.5637477036129823,1116,-0.22329749103942909,-1.023297491039429
TP 5.3 / grid 7.5 / 45m,13-17,1.5..2.5,high,1-2,1401,0.5628591954022989,-0.2904354032833682,-1.0904354032833683,-1.1224125624553887,472,-0.08008474576271013,-0.8800847457627101
TP 5.3 / grid 7.5 / 45m,17-20,-1.5..-0.5,low,<1,1784,0.6257449344457687,-0.27079596412558504,-1.070795964125585,-1.070795964125585,4400,-0.2562954545454669,-1.056295454545467
TP 5.3 / grid 7.5 / 45m,17-20,-1.5..-0.5,mid,<1,7624,0.5994712491738268,-0.09188090241342944,-0.8918809024134295,-0.8918809024134295,11250,-0.23080888888888745,-1.0308088888888876
TP 5.3 / grid 7.5 / 45m,17-20,-1.5..-0.5,mid,1-2,3698,0.5833061623736551,-0.33499188750675823,-1.1349918875067582,-1.1349918875067582,5732,-0.39164340544311355,-1.1916434054431135
TP 5.3 / grid 7.5 / 45m,17-20,-1.5..-0.5,high,<1,21238,0.5574884679556384,-0.39836613617101835,-1.1983661361710185,-1.201078255956309,8023,-0.25737255390751856,-1.0573725539075185
TP 5.3 / grid 7.5 / 45m,17-20,-1.5..-0.5,high,1-2,12695,0.5541360071157111,-0.41703820401733166,-1.2170382040173318,-1.2200630169358033,5131,-0.15833170921847428,-0.9583317092184743
TP 5.3 / grid 7.5 / 45m,17-20,-1.5..-0.5,high,>2,2535,0.5689031739654479,-0.2605522682445737,-1.0605522682445738,-1.0757001972386566,969,0.407223942208469,-0.392776057791531
TP 5.3 / grid 7.5 / 45m,17-20,-0.5..0.5,low,<1,17624,0.659690876761045,0.03655242850658208,-0.7634475714934179,-0.7634475714934179,34238,0.0344266604357743,-0.7655733395642257
TP 5.3 / grid 7.5 / 45m,17-20,-0.5..0.5,low,1-2,1930,0.6481700118063755,0.0006735751295268155,-0.7993264248704732,-0.7993264248704732,6554,0.06299969484285034,-0.7370003051571496
TP 5.3 / grid 7.5 / 45m,17-20,-0.5..0.5,mid,<1,73358,0.6109496763967772,-0.015060388778320277,-0.8150603887783203,-0.8153221189236348,84450,-0.01778448786263928,-0.8177844878626394
TP 5.3 / grid 7.5 / 45m,17-20,-0.5..0.5,mid,1-2,11566,0.6088780918727916,-6.0522220301145735e-05,-0.8000605222203012,-0.8000605222203012,18690,0.020080256821830234,-0.7799197431781698
TP 5.3 / grid 7.5 / 45m,17-20,-0.5..0.5,high,<1,202216,0.5894017770692801,-0.03164487478735595,-0.8316448747873559,-0.8325310559006207,67356,-0.026631628956589826,-0.8266316289565898
TP 5.3 / grid 7.5 / 45m,17-20,-0.5..0.5,high,1-2,43730,0.588582066397766,-0.008614223645096057,-0.808614223645096,-0.8103704550651728,16214,-0.0023313186135454217,-0.8023313186135455
TP 5.3 / grid 7.5 / 45m,17-20,-0.5..0.5,high,>2,3560,0.5815264527320035,-0.09331460674157627,-0.8933146067415763,-0.9130898876404525,1432,0.03547486033519486,-0.7645251396648052
TP 5.3 / grid 7.5 / 45m,17-20,0.5..1.5,low,<1,1784,0.6712018140589568,0.3514013452915004,-0.44859865470849963,-0.44859865470849963,4400,0.3442954545454558,-0.45570454545454425
TP 5.3 / grid 7.5 / 45m,17-20,0.5..1.5,mid,<1,7624,0.6128205128205128,0.14033315844700656,-0.6596668415529935,-0.6596668415529935,11250,0.21009777777778224,-0.5899022222222178
TP 5.3 / grid 7.5 / 45m,17-20,0.5..1.5,mid,1-2,3698,0.6204196680238021,0.35083829096809155,-0.4491617090319085,-0.4491617090319085,5732,0.338293789253305,-0.46170621074669504
TP 5.3 / grid 7.5 / 45m,17-20,0.5..1.5,high,<1,21238,0.6187286897223575,0.3825689801299558,-0.4174310198700442,-0.4207458329409544,8023,0.27680418795961337,-0.5231958120403867
TP 5.3 / grid 7.5 / 45m,17-20,0.5..1.5,high,1-2,12695,0.61945023240904,0.40816857030326953,-0.3918314296967305,-0.39636864907443853,5131,0.1704151237575529,-0.6295848762424472
TP 5.3 / grid 7.5 / 45m,17-20,0.5..1.5,high,>2,2535,0.6077138289368506,0.2799211045364881,-0.5200788954635119,-0.527652859960554,969,-0.33601651186790266,-1.1360165118679026
TP 5.3 / grid 7.5 / 45m,20-23,-1.5..-0.5,low,<1,5069,0.6345733041575492,-0.5791477608995933,-1.3791477608995932,-1.3816729137897097,7966,-0.4251067034898176,-1.2251067034898178
TP 5.3 / grid 7.5 / 45m,20-23,-1.5..-0.5,low,1-2,1616,0.5826161790017211,-0.8525990099009959,-1.652599009900996,-1.6644801980198078,3179,-0.22557407989933653,-1.0255740798993367
TP 5.3 / grid 7.5 / 45m,20-23,-1.5..-0.5,mid,<1,10928,0.596783541002608,-0.34536969253294003,-1.14536969253294,-1.153568814055634,7305,-0.2106639288158748,-1.010663928815875
TP 5.3 / grid 7.5 / 45m,20-23,-1.5..-0.5,mid,1-2,4349,0.5771186440677966,-0.5799264198666436,-1.3799264198666437,-1.3813980225339233,3487,-0.5843991970174983,-1.3843991970174985
TP 5.3 / grid 7.5 / 45m,20-23,-1.5..-0.5,high,<1,7938,0.5678611738148983,-0.3492693373645844,-1.1492693373645844,-1.1637818090199128,2647,0.114166981488488,-0.685833018511512
TP 5.3 / grid 7.5 / 45m,20-23,-1.5..-0.5,high,1-2,4651,0.5459849004804392,-0.5556224467856435,-1.3556224467856435,-1.3597505912707004,1880,-0.1318085106382964,-0.9318085106382965
TP 5.3 / grid 7.5 / 45m,20-23,-0.5..0.5,low,<1,73072,0.7106353591160222,0.05405079921173689,-0.7459492007882631,-0.7484891613750817,101002,0.017909546345616423,-0.7820904536543836
TP 5.3 / grid 7.5 / 45m,20-23,-0.5..0.5,low,1-2,6172,0.6878116343490305,0.047861309138039154,-0.752138690861961,-0.7593972780298159,10998,0.020503727950535344,-0.7794962720494647
TP 5.3 / grid 7.5 / 45m,20-23,-0.5..0.5,mid,<1,149458,0.6381760713108138,0.037041175447280694,-0.7629588245527194,-0.7671981426220095,82964,-0.0010522636324191148,-0.8010522636324191
TP 5.3 / grid 7.5 / 45m,20-23,-0.5..0.5,mid,1-2,15174,0.6293880086983535,0.026907868722817585,-0.7730921312771825,-0.7730921312771825,13292,0.05099307854348717,-0.7490069214565129
TP 5.3 / grid 7.5 / 45m,20-23,-0.5..0.5,high,<1,110078,0.5998518950941601,-0.00884736277911996,-0.80884736277912,-0.8153009684042225,27330,-0.06160629345042076,-0.8616062934504208
TP 5.3 / grid 7.5 / 45m,20-23,-0.5..0.5,high,1-2,17662,0.5943987957097159,-0.00392367795266782,-0.8039236779526678,-0.8086343562450468,7048,0.01614642451759596,-0.7838535754824041
TP 5.3 / grid 7.5 / 45m,20-23,-0.5..0.5,high,>2,1234,0.5878434637801832,0.000567260940032184,-0.7994327390599678,-0.7994327390599678,686,-0.23323615160349323,-1.0332361516034934
TP 5.3 / grid 7.5 / 45m,20-23,0.5..1.5,low,<1,5069,0.723858173076923,0.6680410337344607,-0.13195896626553938,-0.13322154271059727,7966,0.5316469997489209,-0.2683530002510791
TP 5.3 / grid 7.5 / 45m,20-23,0.5..1.5,low,1-2,1616,0.7308270676691729,0.8010519801980246,0.0010519801980245491,0.0010519801980245491,3179,0.1315822585718633,-0.6684177414281367
TP 5.3 / grid 7.5 / 45m,20-23,0.5..1.5,mid,<1,10928,0.6631944444444444,0.44358528550512427,-0.3564147144948758,-0.36519948755490544,7305,0.17830253251197564,-0.6216974674880245
TP 5.3 / grid 7.5 / 45m,20-23,0.5..1.5,mid,1-2,4349,0.6538341158059467,0.5661071510692215,-0.23389284893077855,-0.23389284893077855,3487,0.4918267852021879,-0.3081732147978121
TP 5.3 / grid 7.5 / 45m,20-23,0.5..1.5,high,<1,7938,0.6266463330098433,0.39542705971277753,-0.4045729402872225,-0.41586041824136705,2647,-0.24775217227049917,-1.0477521722704992
TP 5.3 / grid 7.5 / 45m,20-23,0.5..1.5,high,1-2,4651,0.6240380262562246,0.41085788002580403,-0.389142119974196,-0.3918942162975676,1880,0.07574468085107067,-0.7242553191489294
