BaseLot,MaxTotalLots,HaltCooldownMin,NewsFilter,NewsBeforeMin,NewsAfterMin,UseTimeFilter,RefCapital,GridSpacingPts,TP_Pips,MaxLayers,EmergencyCloseDD_Pct,FlatLayers,LotIncrement,LotIncEvery,LotSchedule,is_final_equity,oos_final_equity,is_cagr_pct,oos_cagr_pct,is_max_dd_pct,oos_max_dd_pct,is_min_equity,oos_min_equity,is_wins,oos_wins,is_losses,oos_losses,is_basket_stops,oos_basket_stops,is_stopouts,oos_stopouts,is_max_layers_used,oos_max_layers_used,is_grids_hit_max,oos_grids_hit_max,is_swap,oos_swap,is_score,oos_score,is_ruined,oos_ruined
0.1,100.0,1440,1,30,30,0,0,75,25.0,3,25,5,0.1,3,inc_every3,5727.000000001812,6679.100000000917,-10.554866121313678,-11.31704177603956,52.86135693214003,34.31842490986837,4794.000000001398,6632.0000000008495,604.0,237.0,11.0,4.0,15.0,6.0,0.0,0.0,3.0,3.0,393.0,163.0,-4291.100000000061,-2903.699999999998,-66.27757998559375,-29.953891595776298,0,0
0.1,100.0,1440,1,30,30,0,0,75,25.0,3,25,99,0.0,1,flat,5727.000000001812,6679.100000000917,-10.554866121313678,-11.31704177603956,52.86135693214003,34.31842490986837,4794.000000001398,6632.0000000008495,604.0,237.0,11.0,4.0,15.0,6.0,0.0,0.0,3.0,3.0,393.0,163.0,-4291.100000000061,-2903.699999999998,-66.27757998559375,-29.953891595776298,0,0
0.1,100.0,1440,1,30,30,0,0,75,25.0,3,0,99,0.0,1,flat,4900.600000000388,6585.300000000787,-13.301196490174638,-11.689500148518583,51.919370698128354,34.88788971199233,4889.800000000387,6574.500000000788,156.0,100.0,7.0,2.0,0.0,0.0,0.0,0.0,3.0,3.0,100.0,61.0,-4374.500000000076,-2930.7000000000003,-67.13993788643134,-31.465279572503242,0,0
0.1,100.0,1440,1,30,30,0,0,75,25.0,3,0,5,0.1,3,inc_every3,4900.600000000388,6585.300000000787,-13.301196490174638,-11.689500148518583,51.919370698128354,34.88788971199233,4889.800000000387,6574.500000000788,156.0,100.0,7.0,2.0,0.0,0.0,0.0,0.0,3.0,3.0,100.0,61.0,-4374.500000000076,-2930.7000000000003,-67.13993788643134,-31.465279572503242,0,0
0.1,100.0,1440,1,30,30,0,0,100,25.0,3,0,5,0.1,3,inc_every3,4899.499999999925,6312.700000000425,-13.305091271287306,-12.793528547066934,52.171390358555534,37.31323982890267,4863.4999999999345,6301.900000000425,166.0,101.0,7.0,2.0,0.0,0.0,0.0,0.0,3.0,3.0,92.0,54.0,-4369.800000000077,-2920.8999999999996,-67.64787198839838,-37.42000820487227,0,0
0.1,100.0,1440,1,30,30,0,0,100,25.0,3,0,99,0.0,1,flat,4899.499999999925,6312.700000000425,-13.305091271287306,-12.793528547066934,52.171390358555534,37.31323982890267,4863.4999999999345,6301.900000000425,166.0,101.0,7.0,2.0,0.0,0.0,0.0,0.0,3.0,3.0,92.0,54.0,-4369.800000000077,-2920.8999999999996,-67.64787198839838,-37.42000820487227,0,0
0.1,100.0,1440,1,30,30,0,0,100,25.0,3,25,5,0.1,3,inc_every3,5644.800000000118,6455.000000000249,-10.813268394698305,-12.213126609418346,56.10113486615634,36.16035014423323,4463.900000000038,6417.800000000244,634.0,249.0,11.0,4.0,15.0,6.0,0.0,0.0,3.0,3.0,368.0,143.0,-4266.100000000057,-2890.4999999999973,-73.01553812701098,-34.5338268978848,0,0
0.1,100.0,1440,1,30,30,0,0,100,25.0,3,25,99,0.0,1,flat,5644.800000000118,6455.000000000249,-10.813268394698305,-12.213126609418346,56.10113486615634,36.16035014423323,4463.900000000038,6417.800000000244,634.0,249.0,11.0,4.0,15.0,6.0,0.0,0.0,3.0,3.0,368.0,143.0,-4266.100000000057,-2890.4999999999973,-73.01553812701098,-34.5338268978848,0,0
0.1,100.0,1440,1,30,30,0,0,150,25.0,3,25,99,0.0,1,flat,5683.100000002046,6902.1000000008735,-10.692497390119293,-10.44608107361633,57.056721969347976,35.243721148572845,4387.300000001627,6621.200000000825,689.0,266.0,11.0,3.0,15.0,6.0,0.0,0.0,3.0,3.0,329.0,120.0,-4240.700000000051,-2875.699999999996,-74.80594132881524,-30.93352337076202,0,0
0.1,100.0,1440,1,30,30,0,0,150,25.0,3,25,5,0.1,3,inc_every3,5683.100000002046,6902.1000000008735,-10.692497390119293,-10.44608107361633,57.056721969347976,35.243721148572845,4387.300000001627,6621.200000000825,689.0,266.0,11.0,3.0,15.0,6.0,0.0,0.0,3.0,3.0,329.0,120.0,-4240.700000000051,-2875.699999999996,-74.80594132881524,-30.93352337076202,0,0
0.1,100.0,1440,1,30,30,0,0,150,25.0,3,0,99,0.0,1,flat,4536.100000000397,6538.600000000726,-14.631864789476678,-11.876326032918694,56.18068810257603,36.15718644862855,4476.800000000385,6527.800000000727,182.0,116.0,7.0,1.0,0.0,0.0,0.0,0.0,3.0,3.0,75.0,48.0,-4357.600000000073,-2906.899999999999,-76.99324099462874,-34.1906989301758,0,0
0.1,100.0,1440,1,30,30,0,0,150,25.0,3,0,5,0.1,3,inc_every3,4536.100000000397,6538.600000000726,-14.631864789476678,-11.876326032918694,56.18068810257603,36.15718644862855,4476.800000000385,6527.800000000727,182.0,116.0,7.0,1.0,0.0,0.0,0.0,0.0,3.0,3.0,75.0,48.0,-4357.600000000073,-2906.899999999999,-76.99324099462874,-34.1906989301758,0,0
0.1,100.0,1440,1,30,30,0,0,400,25.0,3,25,5,0.1,3,inc_every3,5435.100000001337,7763.100000000579,-11.486381721357198,-7.257873701354445,58.7884651089945,29.726732673262983,4217.300000001303,7097.600000000515,819.0,350.0,10.0,5.0,14.0,5.0,0.0,0.0,3.0,3.0,181.0,84.0,-4040.8000000000084,-2716.69999999999,-79.06331193934619,-16.71133904788041,0,0
0.1,100.0,1440,1,30,30,0,0,400,25.0,3,25,99,0.0,1,flat,5435.100000001337,7763.100000000579,-11.486381721357198,-7.257873701354445,58.7884651089945,29.726732673262983,4217.300000001303,7097.600000000515,819.0,350.0,10.0,5.0,14.0,5.0,0.0,0.0,3.0,3.0,181.0,84.0,-4040.8000000000084,-2716.69999999999,-79.06331193934619,-16.71133904788041,0,0
0.1,100.0,1440,1,30,30,0,0,200,25.0,3,0,99,0.0,1,flat,4225.400000000243,6761.500000000564,-15.835454867408927,-10.992869837679265,58.968900682182635,33.385632524171136,4144.100000000239,6750.700000000563,182.0,124.0,7.0,2.0,0.0,0.0,0.0,0.0,3.0,3.0,65.0,44.0,-4348.200000000073,-2890.7999999999984,-83.7732562317742,-27.764134886021537,0,0
0.1,100.0,1440,1,30,30,0,0,200,25.0,3,0,5,0.1,3,inc_every3,4225.400000000243,6761.500000000564,-15.835454867408927,-10.992869837679265,58.968900682182635,33.385632524171136,4144.100000000239,6750.700000000563,182.0,124.0,7.0,2.0,0.0,0.0,0.0,0.0,3.0,3.0,65.0,44.0,-4348.200000000073,-2890.7999999999984,-83.7732562317742,-27.764134886021537,0,0
0.1,100.0,1440,1,30,30,0,0,75,15.0,3,0,99,0.0,1,flat,4138.700000000545,6260.900000001184,-16.18392176815814,-13.007087446401933,59.50887678665726,39.006157839768335,4119.00000000052,6250.1000000011845,268.0,169.0,8.0,4.0,0.0,0.0,0.0,0.0,3.0,3.0,132.0,89.0,-4370.900000000076,-2921.6,-85.20167534147267,-41.0194031259386,0,0
0.1,100.0,1440,1,30,30,0,0,75,15.0,3,0,5,0.1,3,inc_every3,4138.700000000545,6260.900000001184,-16.18392176815814,-13.007087446401933,59.50887678665726,39.006157839768335,4119.00000000052,6250.1000000011845,268.0,169.0,8.0,4.0,0.0,0.0,0.0,0.0,3.0,3.0,132.0,89.0,-4370.900000000076,-2921.6,-85.20167534147267,-41.0194031259386,0,0
0.1,100.0,1440,1,30,30,0,0,400,15.0,3,0,5,0.1,3,inc_every3,4456.000000000535,6302.700000000739,-14.93568889216773,-12.834659998655528,61.371180565129904,37.96499876755574,4201.000000000538,6291.90000000074,407.0,255.0,7.0,2.0,0.0,0.0,0.0,0.0,3.0,3.0,56.0,36.0,-4274.2000000000635,-2805.999999999995,-87.67805002242754,-38.76465753376701,0,0
0.1,100.0,1440,1,30,30,0,0,400,15.0,3,0,99,0.0,1,flat,4456.000000000535,6302.700000000739,-14.93568889216773,-12.834659998655528,61.371180565129904,37.96499876755574,4201.000000000538,6291.90000000074,407.0,255.0,7.0,2.0,0.0,0.0,0.0,0.0,3.0,3.0,56.0,36.0,-4274.2000000000635,-2805.999999999995,-87.67805002242754,-38.76465753376701,0,0
0.1,100.0,1440,1,30,30,0,0,300,5.3,3,0,5,0.1,3,inc_every3,4100.100000000068,5394.300000001253,-16.34094512491432,-16.77952861320119,60.7417920520855,46.205345990494635,3955.5000000000764,5383.5000000012515,1270.0,683.0,12.0,7.0,0.0,0.0,0.0,0.0,3.0,3.0,100.0,47.0,-4266.70000000006,-2808.899999999995,-87.82452922908533,-59.190220594190464,0,0
0.1,100.0,1440,1,30,30,0,0,300,5.3,3,0,99,0.0,1,flat,4100.100000000068,5394.300000001253,-16.34094512491432,-16.77952861320119,60.7417920520855,46.205345990494635,3955.5000000000764,5383.5000000012515,1270.0,683.0,12.0,7.0,0.0,0.0,0.0,0.0,3.0,3.0,100.0,47.0,-4266.70000000006,-2808.899999999995,-87.82452922908533,-59.190220594190464,0,0
0.1,100.0,1440,1,30,30,0,0,100,15.0,3,0,5,0.1,3,inc_every3,4037.899999999925,6345.000000000675,-16.59647843644493,-12.660985819350202,60.8021254566418,37.565793364474644,4012.999999999931,6334.200000000676,281.0,188.0,7.0,4.0,0.0,0.0,0.0,0.0,3.0,3.0,119.0,77.0,-4362.700000000075,-2906.199999999999,-88.20072934972852,-37.79257254829949,0,0
0.1,100.0,1440,1,30,30,0,0,100,15.0,3,0,99,0.0,1,flat,4037.899999999925,6345.000000000675,-16.59647843644493,-12.660985819350202,60.8021254566418,37.565793364474644,4012.999999999931,6334.200000000676,281.0,188.0,7.0,4.0,0.0,0.0,0.0,0.0,3.0,3.0,119.0,77.0,-4362.700000000075,-2906.199999999999,-88.20072934972852,-37.79257254829949,0,0
0.1,100.0,1440,1,30,30,0,0,400,25.0,3,0,99,0.0,1,flat,4063.300000000305,6325.100000000475,-16.491751060156588,-12.742589060099974,61.702481115571075,37.48217821781775,3919.1000000003005,6314.300000000476,218.0,134.0,7.0,2.0,0.0,0.0,0.0,0.0,3.0,3.0,43.0,30.0,-4306.000000000065,-2815.0999999999954,-89.89671329129874,-37.70694549573547,0,0
0.1,100.0,1440,1,30,30,0,0,400,25.0,3,0,5,0.1,3,inc_every3,4063.300000000305,6325.100000000475,-16.491751060156588,-12.742589060099974,61.702481115571075,37.48217821781775,3919.1000000003005,6314.300000000476,218.0,134.0,7.0,2.0,0.0,0.0,0.0,0.0,3.0,3.0,43.0,30.0,-4306.000000000065,-2815.0999999999954,-89.89671329129874,-37.70694549573547,0,0
0.1,100.0,1440,1,30,30,0,0,300,25.0,3,0,99,0.0,1,flat,3881.900000000045,6671.900000000413,-17.251502815193266,-11.345500663394525,62.7288824699023,35.90782257288226,3767.700000000046,6661.100000000413,204.0,136.0,7.0,2.0,0.0,0.0,0.0,0.0,3.0,3.0,48.0,38.0,-4327.400000000069,-2852.2999999999965,-92.70926775499787,-33.161145809159045,0,0
0.1,100.0,1440,1,30,30,0,0,300,25.0,3,0,5,0.1,3,inc_every3,3881.900000000045,6671.900000000413,-17.251502815193266,-11.345500663394525,62.7288824699023,35.90782257288226,3767.700000000046,6661.100000000413,204.0,136.0,7.0,2.0,0.0,0.0,0.0,0.0,3.0,3.0,48.0,38.0,-4327.400000000069,-2852.2999999999965,-92.70926775499787,-33.161145809159045,0,0
0.1,100.0,1440,1,30,30,0,0,300,15.0,3,0,99,0.0,1,flat,3970.300000000214,6208.900000000562,-16.877791929698173,-13.222722879396965,63.40215621477178,39.39355419094447,3798.600000000226,6198.100000000561,369.0,241.0,7.0,2.0,0.0,0.0,0.0,0.0,3.0,3.0,64.0,43.0,-4307.400000000067,-2836.899999999996,-93.68210435924173,-42.00983126128591,0,0
0.1,100.0,1440,1,30,30,0,0,300,15.0,3,0,5,0.1,3,inc_every3,3970.300000000214,6208.900000000562,-16.877791929698173,-13.222722879396965,63.40215621477178,39.39355419094447,3798.600000000226,6198.100000000561,369.0,241.0,7.0,2.0,0.0,0.0,0.0,0.0,3.0,3.0,64.0,43.0,-4307.400000000067,-2836.899999999996,-93.68210435924173,-42.00983126128591,0,0
0.1,100.0,1440,1,30,30,0,0,200,25.0,3,25,99,0.0,1,flat,4533.400000001269,7390.4000000005835,-14.642035888437455,-8.605794769857756,65.04717868492669,30.29109926978027,3530.200000001091,7064.300000000536,724.0,291.0,11.0,4.0,15.0,5.0,0.0,0.0,3.0,3.0,283.0,114.0,-4192.50000000004,-2850.099999999994,-94.73639325829083,-19.187993309418292,0,0
0.1,100.0,1440,1,30,30,0,0,200,25.0,3,25,5,0.1,3,inc_every3,4533.400000001269,7390.4000000005835,-14.642035888437455,-8.605794769857756,65.04717868492669,30.29109926978027,3530.200000001091,7064.300000000536,724.0,291.0,11.0,4.0,15.0,5.0,0.0,0.0,3.0,3.0,283.0,114.0,-4192.50000000004,-2850.099999999994,-94.73639325829083,-19.187993309418292,0,0
0.1,100.0,1440,1,30,30,0,0,75,15.0,3,25,99,0.0,1,flat,4383.100000002858,6762.400000001702,-15.216024094097659,-10.989344484320995,65.08070699720706,34.112090249908654,3552.2000000021294,6751.600000001703,1055.0,453.0,15.0,7.0,15.0,6.0,0.0,0.0,3.0,3.0,545.0,250.0,-4295.900000000065,-2888.6999999999975,-95.37743808851178,-29.213524984138303,0,0
0.1,100.0,1440,1,30,30,0,0,75,15.0,3,25,5,0.1,3,inc_every3,4383.100000002858,6762.400000001702,-15.216024094097659,-10.989344484320995,65.08070699720706,34.112090249908654,3552.2000000021294,6751.600000001703,1055.0,453.0,15.0,7.0,15.0,6.0,0.0,0.0,3.0,3.0,545.0,250.0,-4295.900000000065,-2888.6999999999975,-95.37743808851178,-29.213524984138303,0,0
0.1,100.0,1440,1,30,30,0,0,300,25.0,3,25,99,0.0,1,flat,4308.200000000243,7358.000000000284,-15.507961908683098,-8.72521125275898,66.0516970194556,32.920234773403266,3431.800000000253,6971.600000000268,750.0,318.0,11.0,5.0,14.0,5.0,0.0,0.0,3.0,3.0,200.0,100.0,-4128.300000000024,-2783.0999999999894,-97.6113559475943,-24.565680799565513,0,0
0.1,100.0,1440,1,30,30,0,0,300,25.0,3,25,5,0.1,3,inc_every3,4308.200000000243,7358.000000000284,-15.507961908683098,-8.72521125275898,66.0516970194556,32.920234773403266,3431.800000000253,6971.600000000268,750.0,318.0,11.0,5.0,14.0,5.0,0.0,0.0,3.0,3.0,200.0,100.0,-4128.300000000024,-2783.0999999999894,-97.6113559475943,-24.565680799565513,0,0
0.1,100.0,1440,1,30,30,0,0,150,15.0,3,0,99,0.0,1,flat,3617.4000000005526,5890.5000000009495,-18.411881602577786,-14.571521106409635,64.74640073315142,41.8686044787106,3577.500000000535,5879.700000000948,300.0,192.0,8.0,3.0,0.0,0.0,0.0,0.0,3.0,3.0,94.0,58.0,-4352.000000000073,-2895.699999999999,-97.90468306888062,-48.308730063830836,0,0
0.1,100.0,1440,1,30,30,0,0,150,15.0,3,0,5,0.1,3,inc_every3,3617.4000000005526,5890.5000000009495,-18.411881602577786,-14.571521106409635,64.74640073315142,41.8686044787106,3577.500000000535,5879.700000000948,300.0,192.0,8.0,3.0,0.0,0.0,0.0,0.0,3.0,3.0,94.0,58.0,-4352.000000000073,-2895.699999999999,-97.90468306888062,-48.308730063830836,0,0
0.1,100.0,1440,1,30,30,0,0,75,25.0,3,15,99,0.0,1,flat,2501.600000004645,6329.100000001497,-24.21693230099694,-12.726171932182362,80.82363543743782,37.61240740005732,1957.6000000046247,6299.400000001487,1034.0,352.0,3.0,4.0,44.0,15.0,0.0,0.0,3.0,3.0,681.0,244.0,-4144.400000000044,-2862.399999999996,-98.04239999999538,-37.950986732297004,1,0
0.1,100.0,1440,1,30,30,0,0,75,25.0,3,15,5,0.1,3,inc_every3,2501.600000004645,6329.100000001497,-24.21693230099694,-12.726171932182362,80.82363543743782,37.61240740005732,1957.6000000046247,6299.400000001487,1034.0,352.0,3.0,4.0,44.0,15.0,0.0,0.0,3.0,3.0,681.0,244.0,-4144.400000000044,-2862.399999999996,-98.04239999999538,-37.950986732297004,1,0
0.1,100.0,1440,1,30,30,0,0,75,25.0,3,6,5,0.1,3,inc_every3,2457.0000000075684,6407.900000003092,-24.489262436712757,-12.4042303085381,81.08004558307678,36.98246662678754,1925.9000000074939,6325.7000000030675,1759.0,732.0,0.0,0.0,182.0,75.0,0.0,0.0,3.0,3.0,1244.0,528.0,-3634.700000000017,-2564.999999999985,-98.07409999999251,-36.36916356211319,1,0
0.1,100.0,1440,1,30,30,0,0,75,25.0,3,6,99,0.0,1,flat,2457.0000000075684,6407.900000003092,-24.489262436712757,-12.4042303085381,81.08004558307678,36.98246662678754,1925.9000000074939,6325.7000000030675,1759.0,732.0,0.0,0.0,182.0,75.0,0.0,0.0,3.0,3.0,1244.0,528.0,-3634.700000000017,-2564.999999999985,-98.07409999999251,-36.36916356211319,1,0
0.1,100.0,1440,1,30,30,0,0,100,25.0,3,6,5,0.1,3,inc_every3,2527.900000002261,6159.900000001012,-24.05815838611386,-13.42708180881802,81.22954052452933,39.50922200532808,1903.700000002237,6074.000000000999,1817.0,775.0,0.0,0.0,179.0,74.0,0.0,0.0,3.0,3.0,1146.0,473.0,-3578.300000000017,-2526.7999999999815,-98.09629999999777,-42.44552581947417,1,0
0.1,100.0,1440,1,30,30,0,0,100,25.0,3,6,99,0.0,1,flat,2527.900000002261,6159.900000001012,-24.05815838611386,-13.42708180881802,81.22954052452933,39.50922200532808,1903.700000002237,6074.000000000999,1817.0,775.0,0.0,0.0,179.0,74.0,0.0,0.0,3.0,3.0,1146.0,473.0,-3578.300000000017,-2526.7999999999815,-98.09629999999777,-42.44552581947417,1,0
0.1,100.0,1440,1,30,30,0,0,200,25.0,12,4,5,0.1,3,inc_every3,2444.2000000112685,3171.800000004827,-24.568149867903934,-28.944074507427064,81.59288705825459,77.71263570854036,1859.1000000033448,2539.400000004758,2751.0,1270.0,0.0,0.0,386.0,184.0,0.0,0.0,7.0,7.0,0.0,0.0,-2941.099999999989,-2314.1000000000004,-98.14089999999666,-134.3693459245078,1,0
0.1,100.0,1440,1,30,30,0,0,200,25.0,18,4,5,0.1,3,inc_every3,2444.2000000112685,3171.800000004827,-24.568149867903934,-28.944074507427064,81.59288705825459,77.71263570854036,1859.1000000033448,2539.400000004758,2751.0,1270.0,0.0,0.0,386.0,184.0,0.0,0.0,7.0,7.0,0.0,0.0,-2941.099999999989,-2314.1000000000004,-98.14089999999666,-134.3693459245078,1,0
0.1,100.0,1440,1,30,30,0,0,200,25.0,8,4,5,0.1,3,inc_every3,2444.2000000112685,3171.800000004827,-24.568149867903934,-28.944074507427064,81.59288705825459,77.71263570854036,1859.1000000033448,2539.400000004758,2751.0,1270.0,0.0,0.0,386.0,184.0,0.0,0.0,7.0,7.0,0.0,0.0,-2941.099999999989,-2314.1000000000004,-98.14089999999666,-134.3693459245078,1,0
0.1,100.0,1440,1,30,30,0,0,300,10.0,3,25,99,0.0,1,flat,2887.5000000010823,7064.000000000404,-22.009734663740577,-9.826064178327144,83.38532309331461,35.17144172131803,1683.1000000010822,6761.100000000384,2319.0,968.0,18.0,8.0,15.0,5.0,0.0,0.0,3.0,3.0,314.0,125.0,-3995.9000000000096,-2738.5999999999867,-98.31689999999892,-30.16894762096321,1,0
0.1,100.0,1440,1,30,30,0,0,300,10.0,3,25,5,0.1,3,inc_every3,2887.5000000010823,7064.000000000404,-22.009734663740577,-9.826064178327144,83.38532309331461,35.17144172131803,1683.1000000010822,6761.100000000384,2319.0,968.0,18.0,8.0,15.0,5.0,0.0,0.0,3.0,3.0,314.0,125.0,-3995.9000000000096,-2738.5999999999867,-98.31689999999892,-30.16894762096321,1,0
0.1,100.0,1440,1,30,30,0,0,300,15.0,3,25,99,0.0,1,flat,4780.500000000998,6994.700000000394,-13.730627523531592,-10.090222571437346,67.33475399678147,35.355145304491174,3479.600000001001,6611.100000000371,1501.0,585.0,14.0,5.0,15.0,5.0,0.0,0.0,3.0,3.0,287.0,119.0,-4039.700000000014,-2764.499999999988,-98.40013551709454,-30.800513180419692,0,0
0.1,100.0,1440,1,30,30,0,0,300,15.0,3,25,5,0.1,3,inc_every3,4780.500000000998,6994.700000000394,-13.730627523531592,-10.090222571437346,67.33475399678147,35.355145304491174,3479.600000001001,6611.100000000371,1501.0,585.0,14.0,5.0,15.0,5.0,0.0,0.0,3.0,3.0,287.0,119.0,-4039.700000000014,-2764.499999999988,-98.40013551709454,-30.800513180419692,0,0
0.1,100.0,1440,1,30,30,0,0,150,15.0,3,25,99,0.0,1,flat,2373.7000000025823,6446.300000001245,-25.008667603261593,-12.248352093811599,84.26866642357032,39.293094072856036,1596.4000000025098,6140.200000001114,1190.0,485.0,15.0,5.0,15.0,6.0,0.0,0.0,3.0,3.0,401.0,160.0,-4225.90000000005,-2853.099999999995,-98.4035999999975,-40.83454023952367,1,0
0.1,100.0,1440,1,30,30,0,0,150,15.0,3,25,5,0.1,3,inc_every3,2373.7000000025823,6446.300000001245,-25.008667603261593,-12.248352093811599,84.26866642357032,39.293094072856036,1596.4000000025098,6140.200000001114,1190.0,485.0,15.0,5.0,15.0,6.0,0.0,0.0,3.0,3.0,401.0,160.0,-4225.90000000005,-2853.099999999995,-98.4035999999975,-40.83454023952367,1,0
0.1,100.0,1440,1,30,30,0,0,150,25.0,3,6,99,0.0,1,flat,2087.900000006698,6405.200000002551,-26.909449487021686,-12.415215159049842,85.08524397407977,39.25085086254206,1522.2000000054304,6229.400000002521,1955.0,807.0,0.0,1.0,174.0,70.0,0.0,0.0,3.0,3.0,951.0,392.0,-3448.0000000000045,-2459.799999999978,-98.47779999999457,-40.91691688413396,1,0
0.1,100.0,1440,1,30,30,0,0,150,25.0,3,6,5,0.1,3,inc_every3,2087.900000006698,6405.200000002551,-26.909449487021686,-12.415215159049842,85.08524397407977,39.25085086254206,1522.2000000054304,6229.400000002521,1955.0,807.0,0.0,1.0,174.0,70.0,0.0,0.0,3.0,3.0,951.0,392.0,-3448.0000000000045,-2459.799999999978,-98.47779999999457,-40.91691688413396,1,0
0.1,100.0,1440,1,30,30,0,0,200,25.0,18,4,99,0.0,1,flat,1591.400000011676,2801.100000005179,-30.775285344875126,-31.524067172701987,85.58401568321827,78.81364889921817,1456.0000000106388,2204.8000000051093,2725.0,1243.0,0.0,0.0,378.0,178.0,0.0,0.0,7.0,7.0,0.0,0.0,-2934.999999999983,-2282.999999999995,-98.54399999998937,-139.15136497113832,1,0
0.1,100.0,1440,1,30,30,0,0,200,25.0,12,4,99,0.0,1,flat,1591.400000011676,2801.100000005179,-30.775285344875126,-31.524067172701987,85.58401568321827,78.81364889921817,1456.0000000106388,2204.8000000051093,2725.0,1243.0,0.0,0.0,378.0,178.0,0.0,0.0,7.0,7.0,0.0,0.0,-2934.999999999983,-2282.999999999995,-98.54399999998937,-139.15136497113832,1,0
0.1,100.0,1440,1,30,30,0,0,200,25.0,8,4,99,0.0,1,flat,1591.400000011676,2801.100000005179,-30.775285344875126,-31.524067172701987,85.58401568321827,78.81364889921817,1456.0000000106388,2204.8000000051093,2725.0,1243.0,0.0,0.0,378.0,178.0,0.0,0.0,7.0,7.0,0.0,0.0,-2934.999999999983,-2282.999999999995,-98.54399999998937,-139.15136497113832,1,0
0.1,100.0,1440,1,30,30,0,0,300,25.0,3,15,99,0.0,1,flat,2085.300000000935,6774.50000000048,-26.92767286234039,-10.941980035998322,87.42791005944316,37.63586295477801,1270.9000000009519,6409.10000000047,1235.0,407.0,5.0,4.0,38.0,12.0,0.0,0.0,3.0,3.0,330.0,127.0,-3862.2000000000094,-2678.999999999988,-98.72909999999905,-36.213705945554345,1,0
0.1,100.0,1440,1,30,30,0,0,300,25.0,3,15,5,0.1,3,inc_every3,2085.300000000935,6774.50000000048,-26.92767286234039,-10.941980035998322,87.42791005944316,37.63586295477801,1270.9000000009519,6409.10000000047,1235.0,407.0,5.0,4.0,38.0,12.0,0.0,0.0,3.0,3.0,330.0,127.0,-3862.2000000000094,-2678.999999999988,-98.72909999999905,-36.213705945554345,1,0
0.1,100.0,1440,1,30,30,0,0,75,25.0,5,0,99,0.0,1,flat,1455.3000000012253,4324.000000001255,-32.002772826588,-22.080147898898506,87.93771679939961,58.86707742273387,1244.9000000011729,4306.000000001253,192.0,123.0,7.0,2.0,0.0,0.0,0.0,0.0,5.0,5.0,78.0,47.0,-7263.9,-4850.2,-98.75509999999883,-89.81430274436624,1,0
0.1,100.0,1440,1,30,30,0,0,75,25.0,5,0,5,0.1,3,inc_every3,1455.3000000012253,4324.000000001255,-32.002772826588,-22.080147898898506,87.93771679939961,58.86707742273387,1244.9000000011729,4306.000000001253,192.0,123.0,7.0,2.0,0.0,0.0,0.0,0.0,5.0,5.0,78.0,47.0,-7263.9,-4850.2,-98.75509999999883,-89.81430274436624,1,0
0.1,100.0,1440,1,30,30,0,0,200,25.0,3,15,5,0.1,3,inc_every3,1956.800000002847,6186.300000001096,-27.851843124123597,-13.316836933828725,88.80274369210828,39.63883955001987,1152.5000000024074,6117.000000001046,1201.0,392.0,4.0,4.0,41.0,13.0,0.0,0.0,3.0,3.0,436.0,146.0,-3959.6000000000204,-2766.599999999992,-98.8474999999976,-42.59451603386846,1,0
0.1,100.0,1440,1,30,30,0,0,200,25.0,3,15,99,0.0,1,flat,1956.800000002847,6186.300000001096,-27.851843124123597,-13.316836933828725,88.80274369210828,39.63883955001987,1152.5000000024074,6117.000000001046,1201.0,392.0,4.0,4.0,41.0,13.0,0.0,0.0,3.0,3.0,436.0,146.0,-3959.6000000000204,-2766.599999999992,-98.8474999999976,-42.59451603386846,1,0
0.1,100.0,1440,1,30,30,0,0,400,25.0,3,2,99,0.0,1,flat,1105.1000000044876,5554.700000002044,-35.647291520741085,-16.05071809857742,90.2383654937126,47.97915855081847,980.4000000044666,5341.500000002014,2313.0,1089.0,0.0,0.0,430.0,204.0,0.0,0.0,3.0,3.0,603.0,297.0,-1636.8000000000015,-1286.0000000000045,-99.01959999999553,-62.009035200214356,1,0
0.1,100.0,1440,1,30,30,0,0,400,25.0,5,2,5,0.1,3,inc_every3,1105.1000000044876,5554.700000002044,-35.647291520741085,-16.05071809857742,90.2383654937126,47.97915855081847,980.4000000044666,5341.500000002014,2313.0,1089.0,0.0,0.0,430.0,204.0,0.0,0.0,3.0,3.0,0.0,0.0,-1636.8000000000015,-1286.0000000000045,-99.01959999999553,-62.009035200214356,1,0
0.1,100.0,1440,1,30,30,0,0,400,25.0,18,2,99,0.0,1,flat,1105.1000000044876,5554.700000002044,-35.647291520741085,-16.05071809857742,90.2383654937126,47.97915855081847,980.4000000044666,5341.500000002014,2313.0,1089.0,0.0,0.0,430.0,204.0,0.0,0.0,3.0,3.0,0.0,0.0,-1636.8000000000015,-1286.0000000000045,-99.01959999999553,-62.009035200214356,1,0
0.1,100.0,1440,1,30,30,0,0,400,25.0,12,2,5,0.1,3,inc_every3,1105.1000000044876,5554.700000002044,-35.647291520741085,-16.05071809857742,90.2383654937126,47.97915855081847,980.4000000044666,5341.500000002014,2313.0,1089.0,0.0,0.0,430.0,204.0,0.0,0.0,3.0,3.0,0.0,0.0,-1636.8000000000015,-1286.0000000000045,-99.01959999999553,-62.009035200214356,1,0
0.1,100.0,1440,1,30,30,0,0,400,25.0,8,2,99,0.0,1,flat,1105.1000000044876,5554.700000002044,-35.647291520741085,-16.05071809857742,90.2383654937126,47.97915855081847,980.4000000044666,5341.500000002014,2313.0,1089.0,0.0,0.0,430.0,204.0,0.0,0.0,3.0,3.0,0.0,0.0,-1636.8000000000015,-1286.0000000000045,-99.01959999999553,-62.009035200214356,1,0
0.1,100.0,1440,1,30,30,0,0,400,25.0,12,2,99,0.0,1,flat,1105.1000000044876,5554.700000002044,-35.647291520741085,-16.05071809857742,90.2383654937126,47.97915855081847,980.4000000044666,5341.500000002014,2313.0,1089.0,0.0,0.0,430.0,204.0,0.0,0.0,3.0,3.0,0.0,0.0,-1636.8000000000015,-1286.0000000000045,-99.01959999999553,-62.009035200214356,1,0
0.1,100.0,1440,1,30,30,0,0,400,25.0,3,2,5,0.1,3,inc_every3,1105.1000000044876,5554.700000002044,-35.647291520741085,-16.05071809857742,90.2383654937126,47.97915855081847,980.4000000044666,5341.500000002014,2313.0,1089.0,0.0,0.0,430.0,204.0,0.0,0.0,3.0,3.0,603.0,297.0,-1636.8000000000015,-1286.0000000000045,-99.01959999999553,-62.009035200214356,1,0
0.1,100.0,1440,1,30,30,0,0,400,25.0,18,2,5,0.1,3,inc_every3,1105.1000000044876,5554.700000002044,-35.647291520741085,-16.05071809857742,90.2383654937126,47.97915855081847,980.4000000044666,5341.500000002014,2313.0,1089.0,0.0,0.0,430.0,204.0,0.0,0.0,3.0,3.0,0.0,0.0,-1636.8000000000015,-1286.0000000000045,-99.01959999999553,-62.009035200214356,1,0
0.1,100.0,1440,1,30,30,0,0,400,25.0,5,2,99,0.0,1,flat,1105.1000000044876,5554.700000002044,-35.647291520741085,-16.05071809857742,90.2383654937126,47.97915855081847,980.4000000044666,5341.500000002014,2313.0,1089.0,0.0,0.0,430.0,204.0,0.0,0.0,3.0,3.0,0.0,0.0,-1636.8000000000015,-1286.0000000000045,-99.01959999999553,-62.009035200214356,1,0
0.1,100.0,1440,1,30,30,0,0,400,25.0,8,2,5,0.1,3,inc_every3,1105.1000000044876,5554.700000002044,-35.647291520741085,-16.05071809857742,90.2383654937126,47.97915855081847,980.4000000044666,5341.500000002014,2313.0,1089.0,0.0,0.0,430.0,204.0,0.0,0.0,3.0,3.0,0.0,0.0,-1636.8000000000015,-1286.0000000000045,-99.01959999999553,-62.009035200214356,1,0
0.1,100.0,1440,1,30,30,0,0,200,10.0,3,25,5,0.1,3,inc_every3,2045.4000000023552,6224.6000000009535,-27.20963705344912,-13.157484314700262,90.31636374415861,42.271625135103655,979.8000000022894,5928.300000000914,2082.0,843.0,18.0,9.0,15.0,5.0,0.0,0.0,3.0,3.0,411.0,157.0,-4126.50000000003,-2811.9999999999927,-99.02019999999771,-47.70073458490757,1,0
0.1,100.0,1440,1,30,30,0,0,200,10.0,3,25,99,0.0,1,flat,2045.4000000023552,6224.6000000009535,-27.20963705344912,-13.157484314700262,90.31636374415861,42.271625135103655,979.8000000022894,5928.300000000914,2082.0,843.0,18.0,9.0,15.0,5.0,0.0,0.0,3.0,3.0,411.0,157.0,-4126.50000000003,-2811.9999999999927,-99.02019999999771,-47.70073458490757,1,0
0.1,100.0,1440,1,30,30,0,0,100,25.0,3,10,5,0.1,3,inc_every3,2358.3000000013926,5072.40000000076,-25.106284118445842,-18.289390611758794,90.81293825808994,50.7766363952088,940.7000000011476,4959.500000000761,1368.0,513.0,1.0,3.0,81.0,31.0,0.0,0.0,3.0,3.0,807.0,307.0,-3935.4000000000296,-2747.89999999999,-99.05929999999886,-69.84266340217638,1,0
0.1,100.0,1440,1,30,30,0,0,100,25.0,3,10,99,0.0,1,flat,2358.3000000013926,5072.40000000076,-25.106284118445842,-18.289390611758794,90.81293825808994,50.7766363952088,940.7000000011476,4959.500000000761,1368.0,513.0,1.0,3.0,81.0,31.0,0.0,0.0,3.0,3.0,807.0,307.0,-3935.4000000000296,-2747.89999999999,-99.05929999999886,-69.84266340217638,1,0
0.1,100.0,1440,1,30,30,0,0,400,25.0,3,4,99,0.0,1,flat,2349.100000004293,3330.1000000015447,-25.164844020029832,-27.906769793295926,91.2304490710284,70.87232950280861,931.3000000040352,2950.4000000015303,2284.0,1010.0,0.0,0.0,227.0,104.0,0.0,0.0,3.0,3.0,540.0,233.0,-2481.899999999973,-1762.2999999999877,-99.06869999999597,-119.65142879891314,1,0
0.1,100.0,1440,1,30,30,0,0,400,25.0,3,4,5,0.1,3,inc_every3,2349.100000004293,3330.1000000015447,-25.164844020029832,-27.906769793295926,91.2304490710284,70.87232950280861,931.3000000040352,2950.4000000015303,2284.0,1010.0,0.0,0.0,227.0,104.0,0.0,0.0,3.0,3.0,540.0,233.0,-2481.899999999973,-1762.2999999999877,-99.06869999999597,-119.65142879891314,1,0
0.1,100.0,1440,1,30,30,0,0,400,5.3,5,0,5,0.1,3,inc_every3,4181.900000001922,2440.100000001923,-16.009568865209644,-34.27858938653316,93.25962638199192,75.87285459560391,884.0000000018081,2422.1000000019194,2556.0,885.0,14.0,8.0,0.0,0.0,0.0,0.0,5.0,5.0,54.0,15.0,-6600.700000000015,-4342.100000000001,-99.1159999999982,-136.02429857774098,1,0
0.1,100.0,1440,1,30,30,0,0,400,5.3,5,0,99,0.0,1,flat,4181.900000001922,2440.100000001923,-16.009568865209644,-34.27858938653316,93.25962638199192,75.87285459560391,884.0000000018081,2422.1000000019194,2556.0,885.0,14.0,8.0,0.0,0.0,0.0,0.0,5.0,5.0,54.0,15.0,-6600.700000000015,-4342.100000000001,-99.1159999999982,-136.02429857774098,1,0
0.1,100.0,1440,1,30,30,0,0,400,25.0,3,15,5,0.1,3,inc_every3,2523.7000000020407,5725.400000000826,-24.08342498756881,-15.29116746425977,91.46496938320368,45.08864684368839,883.700000001882,5525.400000000751,1219.0,414.0,6.0,3.0,35.0,12.0,0.0,0.0,3.0,3.0,260.0,94.0,-3776.9000000000037,-2599.0999999999867,-99.11629999999812,-55.468461151636546,1,0
0.1,100.0,1440,1,30,30,0,0,400,25.0,3,15,99,0.0,1,flat,2523.7000000020407,5725.400000000826,-24.08342498756881,-15.29116746425977,91.46496938320368,45.08864684368839,883.700000001882,5525.400000000751,1219.0,414.0,6.0,3.0,35.0,12.0,0.0,0.0,3.0,3.0,260.0,94.0,-3776.9000000000037,-2599.0999999999867,-99.11629999999812,-55.468461151636546,1,0
0.1,100.0,1440,1,30,30,0,0,150,10.0,3,25,5,0.1,3,inc_every3,1802.3000000031911,7276.300000001622,-29.029619775019157,-9.027981255282402,92.04590267368204,33.95501657182171,806.8000000030854,6894.700000001512,1916.0,853.0,20.0,9.0,15.0,6.0,0.0,0.0,3.0,3.0,480.0,205.0,-4200.300000000045,-2833.999999999993,-99.19319999999692,-26.93801439892582,1,0
0.1,100.0,1440,1,30,30,0,0,150,10.0,3,25,99,0.0,1,flat,1802.3000000031911,7276.300000001622,-29.029619775019157,-9.027981255282402,92.04590267368204,33.95501657182171,806.8000000030854,6894.700000001512,1916.0,853.0,20.0,9.0,15.0,6.0,0.0,0.0,3.0,3.0,480.0,205.0,-4200.300000000045,-2833.999999999993,-99.19319999999692,-26.93801439892582,1,0
0.1,100.0,1440,1,30,30,0,0,400,15.0,8,2,5,0.1,3,inc_every3,776.100000005794,1074.8000000025256,-40.04135045148517,-48.50728045916739,92.27215246586351,90.52808130127238,776.100000005794,954.4000000025001,4133.0,1903.0,0.0,0.0,434.0,218.0,0.0,0.0,3.0,3.0,0.0,0.0,-1589.7000000000016,-1205.700000000008,-99.2238999999942,-99.0455999999975,1,1
0.1,100.0,1440,1,30,30,0,0,400,15.0,18,2,5,0.1,3,inc_every3,776.100000005794,1074.8000000025256,-40.04135045148517,-48.50728045916739,92.27215246586351,90.52808130127238,776.100000005794,954.4000000025001,4133.0,1903.0,0.0,0.0,434.0,218.0,0.0,0.0,3.0,3.0,0.0,0.0,-1589.7000000000016,-1205.700000000008,-99.2238999999942,-99.0455999999975,1,1
0.1,100.0,1440,1,30,30,0,0,400,15.0,12,2,5,0.1,3,inc_every3,776.100000005794,1074.8000000025256,-40.04135045148517,-48.50728045916739,92.27215246586351,90.52808130127238,776.100000005794,954.4000000025001,4133.0,1903.0,0.0,0.0,434.0,218.0,0.0,0.0,3.0,3.0,0.0,0.0,-1589.7000000000016,-1205.700000000008,-99.2238999999942,-99.0455999999975,1,1
0.1,100.0,1440,1,30,30,0,0,400,15.0,8,2,99,0.0,1,flat,776.100000005794,1074.8000000025256,-40.04135045148517,-48.50728045916739,92.27215246586351,90.52808130127238,776.100000005794,954.4000000025001,4133.0,1903.0,0.0,0.0,434.0,218.0,0.0,0.0,3.0,3.0,0.0,0.0,-1589.7000000000016,-1205.700000000008,-99.2238999999942,-99.0455999999975,1,1
0.1,100.0,1440,1,30,30,0,0,400,15.0,3,2,5,0.1,3,inc_every3,776.100000005794,1074.8000000025256,-40.04135045148517,-48.50728045916739,92.27215246586351,90.52808130127238,776.100000005794,954.4000000025001,4133.0,1903.0,0.0,0.0,434.0,218.0,0.0,0.0,3.0,3.0,641.0,308.0,-1589.7000000000016,-1205.700000000008,-99.2238999999942,-99.0455999999975,1,1
0.1,100.0,1440,1,30,30,0,0,400,15.0,12,2,99,0.0,1,flat,776.100000005794,1074.8000000025256,-40.04135045148517,-48.50728045916739,92.27215246586351,90.52808130127238,776.100000005794,954.4000000025001,4133.0,1903.0,0.0,0.0,434.0,218.0,0.0,0.0,3.0,3.0,0.0,0.0,-1589.7000000000016,-1205.700000000008,-99.2238999999942,-99.0455999999975,1,1
0.1,100.0,1440,1,30,30,0,0,400,15.0,18,2,99,0.0,1,flat,776.100000005794,1074.8000000025256,-40.04135045148517,-48.50728045916739,92.27215246586351,90.52808130127238,776.100000005794,954.4000000025001,4133.0,1903.0,0.0,0.0,434.0,218.0,0.0,0.0,3.0,3.0,0.0,0.0,-1589.7000000000016,-1205.700000000008,-99.2238999999942,-99.0455999999975,1,1
0.1,100.0,1440,1,30,30,0,0,400,15.0,5,2,5,0.1,3,inc_every3,776.100000005794,1074.8000000025256,-40.04135045148517,-48.50728045916739,92.27215246586351,90.52808130127238,776.100000005794,954.4000000025001,4133.0,1903.0,0.0,0.0,434.0,218.0,0.0,0.0,3.0,3.0,0.0,0.0,-1589.7000000000016,-1205.700000000008,-99.2238999999942,-99.0455999999975,1,1
0.1,100.0,1440,1,30,30,0,0,400,15.0,5,2,99,0.0,1,flat,776.100000005794,1074.8000000025256,-40.04135045148517,-48.50728045916739,92.27215246586351,90.52808130127238,776.100000005794,954.4000000025001,4133.0,1903.0,0.0,0.0,434.0,218.0,0.0,0.0,3.0,3.0,0.0,0.0,-1589.7000000000016,-1205.700000000008,-99.2238999999942,-99.0455999999975,1,1
0.1,100.0,1440,1,30,30,0,0,400,15.0,3,2,99,0.0,1,flat,776.100000005794,1074.8000000025256,-40.04135045148517,-48.50728045916739,92.27215246586351,90.52808130127238,776.100000005794,954.4000000025001,4133.0,1903.0,0.0,0.0,434.0,218.0,0.0,0.0,3.0,3.0,641.0,308.0,-1589.7000000000016,-1205.700000000008,-99.2238999999942,-99.0455999999975,1,1
0.1,100.0,1440,1,30,30,0,0,300,25.0,18,4,5,0.1,3,inc_every3,2088.800000002255,991.0000000009422,-26.90314562470911,-49.7362293869769,92.90130479080764,94.54882924042522,717.6000000020467,572.7000000009306,2546.0,1155.0,0.0,0.0,293.0,141.0,0.0,0.0,5.0,5.0,0.0,0.0,-2709.099999999985,-2011.9999999999986,-99.28239999999795,-99.42729999999906,1,1
0.1,100.0,1440,1,30,30,0,0,300,25.0,5,4,99,0.0,1,flat,2088.800000002255,991.0000000009422,-26.90314562470911,-49.7362293869769,92.90130479080764,94.54882924042522,717.6000000020467,572.7000000009306,2546.0,1155.0,0.0,0.0,293.0,141.0,0.0,0.0,5.0,5.0,356.0,172.0,-2709.099999999985,-2011.9999999999986,-99.28239999999795,-99.42729999999906,1,1
0.1,100.0,1440,1,30,30,0,0,300,25.0,8,4,5,0.1,3,inc_every3,2088.800000002255,991.0000000009422,-26.90314562470911,-49.7362293869769,92.90130479080764,94.54882924042522,717.6000000020467,572.7000000009306,2546.0,1155.0,0.0,0.0,293.0,141.0,0.0,0.0,5.0,5.0,0.0,0.0,-2709.099999999985,-2011.9999999999986,-99.28239999999795,-99.42729999999906,1,1
0.1,100.0,1440,1,30,30,0,0,300,25.0,12,4,5,0.1,3,inc_every3,2088.800000002255,991.0000000009422,-26.90314562470911,-49.7362293869769,92.90130479080764,94.54882924042522,717.6000000020467,572.7000000009306,2546.0,1155.0,0.0,0.0,293.0,141.0,0.0,0.0,5.0,5.0,0.0,0.0,-2709.099999999985,-2011.9999999999986,-99.28239999999795,-99.42729999999906,1,1
0.1,100.0,1440,1,30,30,0,0,300,25.0,5,4,5,0.1,3,inc_every3,2088.800000002255,991.0000000009422,-26.90314562470911,-49.7362293869769,92.90130479080764,94.54882924042522,717.6000000020467,572.7000000009306,2546.0,1155.0,0.0,0.0,293.0,141.0,0.0,0.0,5.0,5.0,356.0,172.0,-2709.099999999985,-2011.9999999999986,-99.28239999999795,-99.42729999999906,1,1
0.1,100.0,1440,1,30,30,0,0,300,25.0,8,4,99,0.0,1,flat,2088.800000002255,991.0000000009422,-26.90314562470911,-49.7362293869769,92.90130479080764,94.54882924042522,717.6000000020467,572.7000000009306,2546.0,1155.0,0.0,0.0,293.0,141.0,0.0,0.0,5.0,5.0,0.0,0.0,-2709.099999999985,-2011.9999999999986,-99.28239999999795,-99.42729999999906,1,1
0.1,100.0,1440,1,30,30,0,0,300,25.0,12,4,99,0.0,1,flat,2088.800000002255,991.0000000009422,-26.90314562470911,-49.7362293869769,92.90130479080764,94.54882924042522,717.6000000020467,572.7000000009306,2546.0,1155.0,0.0,0.0,293.0,141.0,0.0,0.0,5.0,5.0,0.0,0.0,-2709.099999999985,-2011.9999999999986,-99.28239999999795,-99.42729999999906,1,1
0.1,100.0,1440,1,30,30,0,0,300,25.0,18,4,99,0.0,1,flat,2088.800000002255,991.0000000009422,-26.90314562470911,-49.7362293869769,92.90130479080764,94.54882924042522,717.6000000020467,572.7000000009306,2546.0,1155.0,0.0,0.0,293.0,141.0,0.0,0.0,5.0,5.0,0.0,0.0,-2709.099999999985,-2011.9999999999986,-99.28239999999795,-99.42729999999906,1,1
0.1,100.0,1440,1,30,30,0,0,300,15.0,3,10,5,0.1,3,inc_every3,2196.600000001938,3514.0000000007794,-26.163329516029464,-26.74432823031242,93.24380533601149,67.45652552371783,682.2000000015762,3364.800000000763,3015.0,1117.0,5.0,5.0,73.0,29.0,0.0,0.0,3.0,3.0,552.0,208.0,-3511.699999999987,-2498.1999999999857,-99.31779999999843,-111.65737927774808,1,0
0.1,100.0,1440,1,30,30,0,0,300,15.0,3,10,99,0.0,1,flat,2196.600000001938,3514.0000000007794,-26.163329516029464,-26.74432823031242,93.24380533601149,67.45652552371783,682.2000000015762,3364.800000000763,3015.0,1117.0,5.0,5.0,73.0,29.0,0.0,0.0,3.0,3.0,552.0,208.0,-3511.699999999987,-2498.1999999999857,-99.31779999999843,-111.65737927774808,1,0
0.1,100.0,1440,1,30,30,0,0,400,25.0,5,0,99,0.0,1,flat,5888.900000000838,3185.500000000624,-10.054476452289974,-28.852882649725476,93.8923692932485,68.67954752204429,637.6000000006388,3167.5000000006203,407.0,167.0,6.0,2.0,0.0,0.0,0.0,0.0,5.0,5.0,43.0,13.0,-6997.100000000015,-4449.9000000000015,-99.36239999999935,-116.21197769381405,1,0
0.1,100.0,1440,1,30,30,0,0,400,25.0,5,0,5,0.1,3,inc_every3,5888.900000000838,3185.500000000624,-10.054476452289974,-28.852882649725476,93.8923692932485,68.67954752204429,637.6000000006388,3167.5000000006203,407.0,167.0,6.0,2.0,0.0,0.0,0.0,0.0,5.0,5.0,43.0,13.0,-6997.100000000015,-4449.9000000000015,-99.36239999999935,-116.21197769381405,1,0
0.1,100.0,1440,1,30,30,0,0,400,10.0,3,0,5,0.1,3,inc_every3,3808.300000000525,6027.100000000952,-17.56787590437594,-13.986738431877043,65.92029385455321,41.14649058448686,3581.3000000005286,6016.300000000952,615.0,393.0,9.0,3.0,0.0,0.0,0.0,0.0,3.0,3.0,59.0,35.0,-4260.400000000063,-2795.4999999999945,-99.40846361348235,-46.27971960085077,0,0
0.1,100.0,1440,1,30,30,0,0,400,10.0,3,0,99,0.0,1,flat,3808.300000000525,6027.100000000952,-17.56787590437594,-13.986738431877043,65.92029385455321,41.14649058448686,3581.3000000005286,6016.300000000952,615.0,393.0,9.0,3.0,0.0,0.0,0.0,0.0,3.0,3.0,59.0,35.0,-4260.400000000063,-2795.4999999999945,-99.40846361348235,-46.27971960085077,0,0
0.1,100.0,1440,1,30,30,0,0,100,10.0,3,25,5,0.1,3,inc_every3,1110.600000000321,5797.900000000588,-35.58332499916644,-14.973379368086071,94.92294545775651,43.0069688133212,516.9000000003534,5765.700000000397,1696.0,741.0,19.0,10.0,15.0,6.0,0.0,0.0,3.0,3.0,568.0,249.0,-4251.900000000056,-2864.499999999996,-99.48309999999965,-50.987316994728474,1,0
0.1,100.0,1440,1,30,30,0,0,100,10.0,3,25,99,0.0,1,flat,1110.600000000321,5797.900000000588,-35.58332499916644,-14.973379368086071,94.92294545775651,43.0069688133212,516.9000000003534,5765.700000000397,1696.0,741.0,19.0,10.0,15.0,6.0,0.0,0.0,3.0,3.0,568.0,249.0,-4251.900000000056,-2864.499999999996,-99.48309999999965,-50.987316994728474,1,0
0.1,100.0,1440,1,30,30,0,0,300,15.0,3,15,5,0.1,3,inc_every3,1924.800000001439,6025.700000000728,-28.089513741816376,-13.992684353606343,96.62883588737759,42.575390151361134,351.10000000140496,5872.7000000006665,2127.0,742.0,11.0,7.0,36.0,12.0,0.0,0.0,3.0,3.0,397.0,139.0,-3814.3000000000084,-2660.899999999988,-99.64889999999859,-49.14346465632861,1,0
0.1,100.0,1440,1,30,30,0,0,300,15.0,3,15,99,0.0,1,flat,1924.800000001439,6025.700000000728,-28.089513741816376,-13.992684353606343,96.62883588737759,42.575390151361134,351.10000000140496,5872.7000000006665,2127.0,742.0,11.0,7.0,36.0,12.0,0.0,0.0,3.0,3.0,397.0,139.0,-3814.3000000000084,-2660.899999999988,-99.64889999999859,-49.14346465632861,1,0
0.1,100.0,1440,1,30,30,0,0,100,25.0,5,0,99,0.0,1,flat,451.1999999999316,4135.600000000251,-46.208434970273295,-23.10628230657158,96.83951533377011,60.646086208542116,323.6999999999316,4117.60000000025,197.0,129.0,7.0,2.0,0.0,0.0,0.0,0.0,5.0,5.0,65.0,42.0,-7245.2,-4821.5,-99.67630000000007,-94.39845472365582,1,0
0.1,100.0,1440,1,30,30,0,0,100,25.0,5,0,5,0.1,3,inc_every3,451.1999999999316,4135.600000000251,-46.208434970273295,-23.10628230657158,96.83951533377011,60.646086208542116,323.6999999999316,4117.60000000025,197.0,129.0,7.0,2.0,0.0,0.0,0.0,0.0,5.0,5.0,65.0,42.0,-7245.2,-4821.5,-99.67630000000007,-94.39845472365582,1,0
0.1,100.0,1440,1,30,30,0,0,400,15.0,5,0,99,0.0,1,flat,5719.000000001179,2810.0000000009804,-10.579883961723969,-31.459395511387278,97.68765738136159,72.25258889705066,236.0000000008622,2792.000000000977,797.0,320.0,6.0,2.0,0.0,0.0,0.0,0.0,5.0,5.0,44.0,13.0,-6856.900000000013,-4411.400000000001,-99.76399999999914,-125.96457330548859,1,0
0.1,100.0,1440,1,30,30,0,0,400,15.0,5,0,5,0.1,3,inc_every3,5719.000000001179,2810.0000000009804,-10.579883961723969,-31.459395511387278,97.68765738136159,72.25258889705066,236.0000000008622,2792.000000000977,797.0,320.0,6.0,2.0,0.0,0.0,0.0,0.0,5.0,5.0,44.0,13.0,-6856.900000000013,-4411.400000000001,-99.76399999999914,-125.96457330548859,1,0
0.1,100.0,1440,1,30,30,0,0,200,25.0,8,25,99,0.0,1,flat,103.4992000000002,3106.8000000051834,-59.93622191098738,-29.38054788751856,99.08241322753692,81.95246772376599,103.4991999999952,2327.5000000051264,1073.0,878.0,0.0,2.0,30.0,24.0,1.0,0.0,8.0,8.0,103.0,89.0,-3994.8999999999987,-5535.200000000048,-99.8965008,-143.28548333505054,1,0
0.1,100.0,1440,1,30,30,0,0,150,25.0,8,15,99,0.0,1,flat,103.41119999999319,7431.500000011336,-59.943041101805996,-8.454840700951284,99.0310135774592,51.884536279661965,103.41119999998796,6035.700000009749,558.0,1095.0,0.0,1.0,31.0,53.0,1.0,0.0,8.0,8.0,81.0,164.0,-1051.8999999999994,-5172.100000000044,-99.89658880000002,-62.22391326027521,1,0
0.1,100.0,1440,1,30,30,0,0,75,15.0,8,15,99,0.0,1,flat,103.36960000001977,88.81360000002087,-59.946266335155364,-75.48027438184853,98.99684991993793,99.11760836951451,103.36959999999635,88.81359999999518,1636.0,1735.0,0.0,1.0,61.0,61.0,1.0,1.0,8.0,8.0,296.0,295.0,-2391.5999999999985,-5523.700000000064,-99.8966304,-99.9111864,1,1
0.1,100.0,1440,1,30,30,0,0,75,5.3,3,2,99,0.0,1,flat,103.30000000747467,54.40000000695679,-59.9516647204051,-78.80822473279962,98.98413759863634,99.46063850875521,103.3000000074693,54.400000006951416,3400.0,3002.0,0.0,0.0,203.0,181.0,0.0,0.0,3.0,3.0,1021.0,896.0,-396.3000000000009,-605.4000000000011,-99.89669999999253,-99.94559999999305,1,1
0.1,100.0,1440,1,30,30,0,0,75,5.3,3,2,5,0.1,3,inc_every3,103.30000000747467,54.40000000695679,-59.9516647204051,-78.80822473279962,98.98413759863634,99.46063850875521,103.3000000074693,54.400000006951416,3400.0,3002.0,0.0,0.0,203.0,181.0,0.0,0.0,3.0,3.0,1021.0,896.0,-396.3000000000009,-605.4000000000011,-99.89669999999253,-99.94559999999305,1,1
0.1,100.0,1440,1,30,30,0,0,75,25.0,8,6,99,0.0,1,flat,103.16880000001157,61.15899999999698,-59.96184890478224,-78.0566706197573,99.00325778215745,99.39589486265183,103.16880000001157,61.158999999992744,545.0,449.0,0.0,0.0,98.0,82.0,1.0,1.0,8.0,8.0,182.0,139.0,-635.1000000000007,-1129.6999999999985,-99.8968312,-99.93884100000001,1,1
0.1,100.0,1440,1,30,30,0,0,200,5.3,12,10,99,0.0,1,flat,103.00320000000931,78.18860000001337,-59.97471813223927,-76.39255975288235,98.98972890266384,99.28440657490117,103.00320000000659,78.18860000000393,2761.0,4969.0,0.0,1.0,30.0,47.0,1.0,1.0,10.0,10.0,0.0,0.0,-654.4000000000009,-2173.699999999998,-99.8969968,-99.9218114,1,1
0.1,100.0,1440,1,30,30,0,0,200,5.3,18,10,99,0.0,1,flat,103.00320000000931,78.18860000001337,-59.97471813223927,-76.39255975288235,98.98972890266384,99.28440657490117,103.00320000000659,78.18860000000393,2761.0,4969.0,0.0,1.0,30.0,47.0,1.0,1.0,10.0,10.0,0.0,0.0,-654.4000000000009,-2173.699999999998,-99.8969968,-99.9218114,1,1
0.1,100.0,1440,1,30,30,0,0,400,5.3,8,25,99,0.0,1,flat,102.99359999999479,5821.200000004057,-59.975464681784466,-14.87184178701516,98.9816326530613,67.99017125587224,102.99359999999479,3856.0000000040136,2877.0,3942.0,4.0,20.0,11.0,11.0,1.0,0.0,8.0,8.0,24.0,27.0,-1462.8999999999967,-3866.399999999979,-99.89700640000001,-100.85218429875964,1,0
0.1,100.0,1440,1,30,30,0,0,75,15.0,8,6,99,0.0,1,flat,102.98399999999668,94.65199999999044,-59.97621128699071,-75.011298285019,99.00059197438019,99.05960199103843,102.98399999999583,94.65199999999044,1007.0,797.0,0.0,0.0,95.0,75.0,1.0,1.0,8.0,8.0,209.0,146.0,-604.1000000000003,-993.0999999999999,-99.89701600000001,-99.905348,1,1
0.1,100.0,1440,1,30,30,0,0,300,25.0,8,25,99,0.0,1,flat,102.60639999999603,5294.100000000501,-60.005622013367166,-17.242565511478514,99.00203859321518,63.39026076742703,102.6063999999883,3865.0000000004566,640.0,846.0,0.0,2.0,16.0,18.0,1.0,0.0,8.0,8.0,36.0,47.0,-1860.4999999999945,-4879.3000000000175,-99.89739360000002,-94.02308704633258,1,0
0.1,100.0,1440,1,30,30,0,0,400,25.0,12,25,99,0.0,1,flat,102.43039999998223,16605.200000002864,-60.019359991864654,16.289226542383272,98.9825738011047,31.69159323304519,102.43039999998223,9320.300000000669,698.0,819.0,0.0,2.0,16.0,12.0,1.0,0.0,11.0,11.0,0.0,0.0,-1861.399999999999,-4252.199999999999,-99.89756960000001,2.906040076292893,1,0
0.1,100.0,1440,1,30,30,0,0,400,25.0,18,25,99,0.0,1,flat,102.43039999998223,16605.200000002864,-60.019359991864654,16.289226542383272,98.9825738011047,31.69159323304519,102.43039999998223,9320.300000000669,698.0,819.0,0.0,2.0,16.0,12.0,1.0,0.0,11.0,11.0,0.0,0.0,-1861.399999999999,-4252.199999999999,-99.89756960000001,2.906040076292893,1,0
0.1,100.0,1440,1,30,30,0,0,300,15.0,18,6,5,0.1,3,inc_every3,102.20000000182529,45.755199999994716,-60.03737282054363,-79.87193852517052,99.02168190301227,99.55015828696155,102.20000000182529,45.755199999994716,2345.0,1848.0,0.0,0.0,108.0,87.0,0.0,1.0,6.0,6.0,0.0,0.0,-1813.1000000000024,-2253.500000000001,-99.89779999999817,-99.95424480000001,1,1
0.1,100.0,1440,1,30,30,0,0,300,15.0,8,6,5,0.1,3,inc_every3,102.20000000182529,45.755199999994716,-60.03737282054363,-79.87193852517052,99.02168190301227,99.55015828696155,102.20000000182529,45.755199999994716,2345.0,1848.0,0.0,0.0,108.0,87.0,0.0,1.0,6.0,6.0,0.0,0.0,-1813.1000000000024,-2253.500000000001,-99.89779999999817,-99.95424480000001,1,1
0.1,100.0,1440,1,30,30,0,0,300,15.0,12,6,5,0.1,3,inc_every3,102.20000000182529,45.755199999994716,-60.03737282054363,-79.87193852517052,99.02168190301227,99.55015828696155,102.20000000182529,45.755199999994716,2345.0,1848.0,0.0,0.0,108.0,87.0,0.0,1.0,6.0,6.0,0.0,0.0,-1813.1000000000024,-2253.500000000001,-99.89779999999817,-99.95424480000001,1,1
0.1,100.0,1440,1,30,30,0,0,75,15.0,18,2,99,0.0,1,flat,102.10000000864085,63.4000000061331,-60.045200997897396,-77.82042035817898,99.06476994798416,99.38489599497309,102.10000000862993,63.40000000613287,1257.0,833.0,0.0,0.0,295.0,201.0,0.0,0.0,8.0,8.0,0.0,0.0,-380.9999999999999,-494.1999999999996,-99.89789999999137,-99.93659999999387,1,1
0.1,100.0,1440,1,30,30,0,0,75,15.0,8,2,99,0.0,1,flat,102.10000000864085,63.4000000061331,-60.045200997897396,-77.82042035817898,99.06476994798416,99.38489599497309,102.10000000862993,63.40000000613287,1257.0,833.0,0.0,0.0,295.0,201.0,0.0,0.0,8.0,8.0,28.0,19.0,-380.9999999999999,-494.1999999999996,-99.89789999999137,-99.93659999999387,1,1
0.1,100.0,1440,1,30,30,0,0,75,15.0,12,2,99,0.0,1,flat,102.10000000864085,63.4000000061331,-60.045200997897396,-77.82042035817898,99.06476994798416,99.38489599497309,102.10000000862993,63.40000000613287,1257.0,833.0,0.0,0.0,295.0,201.0,0.0,0.0,8.0,8.0,0.0,0.0,-380.9999999999999,-494.1999999999996,-99.89789999999137,-99.93659999999387,1,1
0.1,100.0,1440,1,30,30,0,0,200,25.0,8,15,99,0.0,1,flat,102.09119999999257,3759.1000000061613,-60.045890171777025,-25.259684295243247,99.11412233280993,69.12960488637592,102.09119999999257,3234.600000006105,1284.0,1089.0,0.0,1.0,59.0,48.0,1.0,0.0,8.0,8.0,126.0,118.0,-3396.3000000000025,-4724.100000000002,-99.89790880000001,-113.51889406799508,1,0
0.1,100.0,1440,1,30,30,0,0,75,15.0,8,2,5,0.1,3,inc_every3,102.00000000679472,45.322799999994444,-60.0530353111578,-79.92873124806144,99.02783999383544,99.55568060389206,102.00000000679472,45.322799999990906,849.0,873.0,0.0,0.0,217.0,215.0,0.0,1.0,7.0,8.0,0.0,1.0,-259.6000000000001,-524.2999999999997,-99.8979999999932,-99.9546772,1,1
0.1,100.0,1440,1,30,30,0,0,75,15.0,18,2,5,0.1,3,inc_every3,102.00000000679472,45.322799999994444,-60.0530353111578,-79.92873124806144,99.02783999383544,99.55568060389206,102.00000000679472,45.322799999990906,849.0,873.0,0.0,0.0,217.0,215.0,0.0,1.0,7.0,8.0,0.0,0.0,-259.6000000000001,-524.2999999999997,-99.8979999999932,-99.9546772,1,1
0.1,100.0,1440,1,30,30,0,0,75,15.0,12,2,5,0.1,3,inc_every3,102.00000000679472,45.322799999994444,-60.0530353111578,-79.92873124806144,99.02783999383544,99.55568060389206,102.00000000679472,45.322799999990906,849.0,873.0,0.0,0.0,217.0,215.0,0.0,1.0,7.0,8.0,0.0,0.0,-259.6000000000001,-524.2999999999997,-99.8979999999932,-99.9546772,1,1
0.1,100.0,1440,1,30,30,0,0,400,15.0,8,15,99,0.0,1,flat,101.43039999999064,5275.300000003452,-60.09777709084101,-17.33012714060821,99.09629986012007,70.35579633220347,101.43039999998814,3239.4000000021897,1963.0,1601.0,0.0,2.0,35.0,26.0,1.0,0.0,8.0,8.0,48.0,33.0,-2431.7999999999925,-3340.1999999999844,-99.89856960000002,-108.04171980501515,1,0
0.1,100.0,1440,1,30,30,0,0,150,10.0,5,4,5,0.1,3,inc_every3,101.40000000559348,56.73399999999958,-60.10017063834159,-78.54164250093507,99.00031548223843,99.44608685464347,101.40000000559058,56.73399999999958,1757.0,2413.0,0.0,0.0,102.0,129.0,0.0,1.0,5.0,5.0,219.0,262.0,-452.7999999999997,-1112.1000000000017,-99.8985999999944,-99.943266,1,1
0.1,100.0,1440,1,30,30,0,0,150,10.0,5,4,99,0.0,1,flat,101.40000000559348,56.73399999999958,-60.10017063834159,-78.54164250093507,99.00031548223843,99.44608685464347,101.40000000559058,56.73399999999958,1757.0,2413.0,0.0,0.0,102.0,129.0,0.0,1.0,5.0,5.0,219.0,262.0,-452.7999999999997,-1112.1000000000017,-99.8985999999944,-99.943266,1,1
0.1,100.0,1440,1,30,30,0,0,100,15.0,3,4,99,0.0,1,flat,101.30000000294973,1289.6000000017518,-60.108048203192624,-45.63839409071665,99.01052960594129,88.95156786838314,101.30000000294274,1167.3000000017296,2362.0,1760.0,1.0,0.0,200.0,149.0,0.0,0.0,3.0,3.0,1135.0,831.0,-1958.6999999999737,-2213.9999999999754,-99.89869999999706,-98.83269999999827,1,1
0.1,100.0,1440,1,30,30,0,0,100,15.0,3,4,5,0.1,3,inc_every3,101.30000000294973,1289.6000000017518,-60.108048203192624,-45.63839409071665,99.01052960594129,88.95156786838314,101.30000000294274,1167.3000000017296,2362.0,1760.0,1.0,0.0,200.0,149.0,0.0,0.0,3.0,3.0,1135.0,831.0,-1958.6999999999737,-2213.9999999999754,-99.89869999999706,-98.83269999999827,1,1
0.1,100.0,1440,1,30,30,0,0,75,5.3,8,4,99,0.0,1,flat,101.04800000000881,71.88480000000726,-60.1279272901849,-76.97575170252419,99.03109568419151,99.28405159105628,101.04799999999352,71.88480000000249,2748.0,2651.0,0.0,0.0,100.0,98.0,1.0,1.0,8.0,8.0,176.0,159.0,-341.7000000000001,-673.6000000000003,-99.89895200000001,-99.9281152,1,1
0.1,100.0,1440,1,30,30,0,0,150,5.3,8,15,99,0.0,1,flat,100.85280000001671,89.84479999999485,-60.14335296687373,-75.39589919493518,99.00249443647697,99.27005890238472,100.85279999999648,89.84479999999485,1979.0,5980.0,0.0,9.0,17.0,40.0,1.0,1.0,8.0,8.0,48.0,155.0,-558.8000000000006,-4124.299999999988,-99.8991472,-99.9101552,1,1
0.1,100.0,1440,1,30,30,0,0,400,25.0,12,15,5,0.1,3,inc_every3,100.81889999999987,5692.3000000026805,-60.14603434721635,-15.437194534376708,99.24026661040072,72.22121518155494,100.81889999999987,3218.2000000017542,1585.0,966.0,0.0,0.0,54.0,31.0,1.0,0.0,8.0,8.0,0.0,0.0,-3245.5999999999894,-3422.1999999999944,-99.8991811,-109.8796248974866,1,0
0.1,100.0,1440,1,30,30,0,0,400,25.0,8,15,5,0.1,3,inc_every3,100.81889999999987,5692.3000000026805,-60.14603434721635,-15.437194534376708,99.24026661040072,72.22121518155494,100.81889999999987,3218.2000000017542,1585.0,966.0,0.0,0.0,54.0,31.0,1.0,0.0,8.0,8.0,64.0,35.0,-3245.5999999999894,-3422.1999999999944,-99.8991811,-109.8796248974866,1,0
0.1,100.0,1440,1,30,30,0,0,400,25.0,18,15,5,0.1,3,inc_every3,100.81889999999987,5692.3000000026805,-60.14603434721635,-15.437194534376708,99.24026661040072,72.22121518155494,100.81889999999987,3218.2000000017542,1585.0,966.0,0.0,0.0,54.0,31.0,1.0,0.0,8.0,8.0,0.0,0.0,-3245.5999999999894,-3422.1999999999944,-99.8991811,-109.8796248974866,1,0
0.1,100.0,1440,1,30,30,0,0,100,25.0,3,2,5,0.1,3,inc_every3,100.70000000352226,4490.9000000019405,-60.15544465653684,-21.19703304425751,99.00709919144629,59.01534835648157,100.70000000351689,4243.100000001845,1837.0,1119.0,0.0,0.0,519.0,311.0,0.0,0.0,3.0,3.0,1352.0,826.0,-1565.799999999987,-1602.8999999999855,-99.89929999999649,-89.22772975722064,1,0
0.1,100.0,1440,1,30,30,0,0,100,25.0,3,2,99,0.0,1,flat,100.70000000352226,4490.9000000019405,-60.15544465653684,-21.19703304425751,99.00709919144629,59.01534835648157,100.70000000351689,4243.100000001845,1837.0,1119.0,0.0,0.0,519.0,311.0,0.0,0.0,3.0,3.0,1352.0,826.0,-1565.799999999987,-1602.8999999999855,-99.89929999999649,-89.22772975722064,1,0
0.1,100.0,1440,1,30,30,0,0,75,25.0,8,15,99,0.0,1,flat,100.64720000002671,86.96320000001208,-60.159626348971095,-75.6334200111193,99.09848264989917,99.17414649433557,100.64720000001438,86.96319999998809,1226.0,1019.0,0.0,0.0,89.0,72.0,1.0,1.0,8.0,8.0,362.0,291.0,-4696.10000000004,-5832.600000000074,-99.89935279999999,-99.91303680000001,1,1
0.1,100.0,1440,1,30,30,0,0,150,5.3,8,25,99,0.0,1,flat,100.37040000002389,1336.2000000171101,-60.181577309882584,-45.061113904014974,99.00726571386181,95.34033345619687,100.37040000000229,555.6000000169938,1955.0,5333.0,2.0,14.0,10.0,21.0,1.0,0.0,8.0,8.0,44.0,146.0,-982.0000000000009,-5256.300000000027,-99.8996296,-99.444399999983,1,1
0.1,100.0,1440,1,30,30,0,0,75,10.0,12,10,99,0.0,1,flat,100.13120000000214,35.551200000001046,-60.200585529320335,-81.3279642963562,99.02863517747834,99.64609120683305,100.13120000000214,35.55120000000019,1141.0,1278.0,0.0,0.0,42.0,47.0,2.0,2.0,12.0,12.0,76.0,84.0,-493.99999999999994,-1197.1000000000017,-99.8998688,-99.9644488,1,1
0.1,100.0,1440,1,30,30,0,0,100,5.3,8,4,99,0.0,1,flat,99.95919999998762,47.99680000000154,-60.214276107942474,-79.58341231437392,99.02257597684526,99.52082264263964,99.95919999998762,47.99680000000018,2696.0,2494.0,0.0,0.0,88.0,84.0,1.0,1.0,8.0,8.0,115.0,105.0,-268.29999999999984,-613.4999999999997,-99.90004080000001,-99.9520032,1,1
0.1,100.0,1440,1,30,30,0,0,75,5.3,8,6,99,0.0,1,flat,99.92319999999432,95.26000000001852,-60.21714396227137,-74.96363995089953,99.02187591769619,99.04885525146521,99.92319999999432,95.26000000000533,2218.0,2298.0,0.0,0.0,57.0,60.0,1.0,1.0,8.0,8.0,140.0,137.0,-306.5000000000001,-840.3000000000005,-99.90007680000001,-99.90473999999999,1,1
0.1,100.0,1440,1,30,30,0,0,150,5.3,8,10,99,0.0,1,flat,99.22880000001885,89.19200000002343,-60.27262406809317,-75.44923327676428,99.01855694574945,99.25342976002152,99.22880000000043,89.19200000000615,2416.0,5448.0,0.0,0.0,30.0,56.0,1.0,1.0,8.0,8.0,62.0,141.0,-565.0000000000007,-2315.39999999999,-99.9007712,-99.91080799999999,1,1
0.1,100.0,1440,1,30,30,0,0,75,5.3,18,0,99,0.0,1,flat,99.13920000000167,58.201500000000465,-60.27980539299003,-78.37795183478461,99.02979722852895,99.54237627966236,99.13920000000167,58.201500000000465,725.0,856.0,2.0,0.0,0.0,0.0,2.0,2.0,18.0,18.0,11.0,7.0,-1815.3999999999958,-1496.4999999999984,-99.9008608,-99.9417985,1,1
0.1,100.0,1440,1,30,30,0,0,150,25.0,8,10,99,0.0,1,flat,99.11200000001531,88.07279999998514,-60.28198646523817,-75.54131406081588,99.07777912180964,99.22411706148215,99.11200000000576,88.07279999998514,1547.0,989.0,0.0,0.0,117.0,76.0,1.0,1.0,8.0,8.0,225.0,151.0,-3425.6999999999935,-3230.2999999999993,-99.900888,-99.91192720000001,1,1
0.1,100.0,1440,1,30,30,0,0,300,10.0,18,15,99,0.0,1,flat,99.05840000000899,6156.100000001228,-60.28628586228133,-13.442977697346981,99.02254324422992,60.50941572308744,99.05840000000626,5269.900000001231,948.0,3004.0,0.0,2.0,15.0,32.0,1.0,0.0,10.0,10.0,0.0,0.0,-518.7,-3441.8999999999874,-99.9009416,-84.46180914352186,1,0
0.1,100.0,1440,1,30,30,0,0,300,10.0,12,15,99,0.0,1,flat,99.05840000000899,6156.100000001228,-60.28628586228133,-13.442977697346981,99.02254324422992,60.50941572308744,99.05840000000626,5269.900000001231,948.0,3004.0,0.0,2.0,15.0,32.0,1.0,0.0,10.0,10.0,0.0,0.0,-518.7,-3441.8999999999874,-99.9009416,-84.46180914352186,1,0
0.1,100.0,1440,1,30,30,0,0,150,25.0,8,25,99,0.0,1,flat,98.90639999999394,3137.600000008806,-60.29848831125919,-29.172935066585982,99.0320944160649,77.38503297193958,98.90639999999394,2599.5000000086175,1203.0,828.0,0.0,2.0,38.0,26.0,1.0,0.0,8.0,8.0,153.0,131.0,-4624.700000000032,-6011.800000000075,-99.90109360000001,-133.94300101046514,1,0
0.1,100.0,1440,1,30,30,0,0,75,15.0,12,6,99,0.0,1,flat,98.41759999999681,48.18520000000137,-60.33783076769288,-79.55959719983584,99.05540262981121,99.5212645676645,98.41759999999681,48.18520000000035,869.0,554.0,0.0,0.0,87.0,59.0,1.0,2.0,12.0,12.0,100.0,64.0,-432.30000000000007,-589.2000000000003,-99.90158240000001,-99.9518148,1,1
0.1,100.0,1440,1,30,30,0,0,150,15.0,18,4,5,0.1,3,inc_every3,102.60000000683112,86.7397999999967,-60.00612124531697,-75.652063756448,99.0555806163027,99.13450608660949,98.4000000068151,86.7397999999967,1216.0,984.0,0.0,0.0,119.0,98.0,0.0,1.0,7.0,7.0,0.0,0.0,-461.4999999999997,-723.3999999999997,-99.90159999999318,-99.9132602,1,1
0.1,100.0,1440,1,30,30,0,0,150,15.0,12,4,5,0.1,3,inc_every3,102.60000000683112,86.7397999999967,-60.00612124531697,-75.652063756448,99.0555806163027,99.13450608660949,98.4000000068151,86.7397999999967,1216.0,984.0,0.0,0.0,119.0,98.0,0.0,1.0,7.0,7.0,0.0,0.0,-461.4999999999997,-723.3999999999997,-99.90159999999318,-99.9132602,1,1
0.1,100.0,1440,1,30,30,0,0,150,15.0,8,4,5,0.1,3,inc_every3,102.60000000683112,86.7397999999967,-60.00612124531697,-75.652063756448,99.0555806163027,99.13450608660949,98.4000000068151,86.7397999999967,1216.0,984.0,0.0,0.0,119.0,98.0,0.0,1.0,7.0,7.0,0.0,0.0,-461.4999999999997,-723.3999999999997,-99.90159999999318,-99.9132602,1,1
0.1,100.0,1440,1,30,30,0,0,100,25.0,8,10,99,0.0,1,flat,98.37520000001757,90.66080000001534,-60.34125081349821,-75.3296130146574,99.04795122423307,99.14578123675011,98.37519999999722,90.66080000000181,1479.0,864.0,0.0,0.0,136.0,82.0,1.0,1.0,8.0,8.0,341.0,198.0,-3787.9000000000015,-2843.8999999999924,-99.90162480000001,-99.9093392,1,1
0.1,100.0,1440,1,30,30,0,0,150,15.0,18,25,99,0.0,1,flat,98.37439999999879,47.091200000009394,-60.34131535399811,-79.69881220904499,99.0549555694318,99.63153335258446,98.37439999999867,43.384000000003766,861.0,1107.0,0.0,0.0,17.0,20.0,1.0,2.0,18.0,18.0,17.0,21.0,-1077.1000000000004,-2324.6000000000017,-99.9016256,-99.956616,1,1
0.1,100.0,1440,1,30,30,0,0,200,25.0,12,0,5,0.1,3,inc_every3,98.32320000000607,58.3099999999946,-60.34544681939585,-78.36596493288181,99.72083293110214,99.69230850412654,98.32319999998504,58.309999999991305,720.0,169.0,5.0,0.0,0.0,0.0,2.0,2.0,12.0,12.0,33.0,6.0,-15677.099999999737,-1376.7000000000046,-99.90167680000002,-99.94169000000001,1,1
0.1,100.0,1440,1,30,30,0,0,100,10.0,8,0,5,0.1,3,inc_every3,98.16480000006686,50.037599999996104,-60.35823944720757,-79.32885238365276,99.09129384320525,99.51694164212974,98.16480000006686,50.03759999999076,761.0,586.0,8.0,2.0,0.0,0.0,2.0,2.0,8.0,8.0,52.0,37.0,-9133.50000000012,-2655.799999999986,-99.90183519999994,-99.9499624,1,1
0.1,100.0,1440,1,30,30,0,0,100,15.0,18,15,99,0.0,1,flat,97.90960000001678,99.31319999999107,-60.378884565132964,-74.65126727221907,99.13109042340767,99.2654349112427,97.90960000000098,99.31319999998414,835.0,2204.0,0.0,0.0,32.0,74.0,1.0,1.0,17.0,17.0,0.0,0.0,-739.3000000000005,-4535.799999999995,-99.9020904,-99.90068680000002,1,1
0.1,100.0,1440,1,30,30,0,0,100,25.0,12,10,99,0.0,1,flat,97.4631999999836,79.47870000000506,-60.41510106717213,-76.27731346469542,99.04840608859527,99.3778185718088,97.4631999999836,79.47869999999699,447.0,911.0,0.0,0.0,48.0,92.0,1.0,1.0,12.0,12.0,57.0,131.0,-559.6000000000003,-2734.3999999999987,-99.90253680000002,-99.9205213,1,1
0.1,100.0,1440,1,30,30,0,0,400,15.0,8,25,5,0.1,3,inc_every3,97.13760000000696,13736.50000000417,-60.44160082098049,9.907844574231216,99.04633358532054,42.39635836863428,97.13760000000548,9323.20000000008,1632.0,1580.0,0.0,1.0,19.0,13.0,1.0,0.0,8.0,8.0,38.0,29.0,-2272.199999999995,-3908.599999999986,-99.90286239999999,-24.884872163037347,1,0
0.1,100.0,1440,1,30,30,0,0,200,25.0,8,10,5,0.1,3,inc_every3,96.8867999999926,4811.300000007439,-60.4620612776389,-19.564317107264316,99.26971033172808,72.23985024291662,96.8867999999926,4181.900000007372,1830.0,1340.0,0.0,0.0,127.0,89.0,1.0,0.0,8.0,8.0,184.0,136.0,-3385.200000000001,-3858.0999999999785,-99.9031132,-114.04401759309755,1,0
0.1,100.0,1440,1,30,30,0,0,400,15.0,8,15,5,0.1,3,inc_every3,96.73829999998065,8287.100000003957,-60.474195998213254,-5.437592321402851,99.2098158055955,65.82487309642744,96.73829999998065,4308.80000000254,2486.0,1690.0,0.0,1.0,44.0,26.0,1.0,0.0,8.0,8.0,54.0,31.0,-2986.199999999989,-3448.29999999999,-99.90326170000002,-87.08733851425772,1,0
0.1,100.0,1440,1,30,30,0,0,400,15.0,18,15,5,0.1,3,inc_every3,96.73829999998065,8287.100000003957,-60.474195998213254,-5.437592321402851,99.2098158055955,65.82487309642744,96.73829999998065,4308.80000000254,2486.0,1690.0,0.0,1.0,44.0,26.0,1.0,0.0,8.0,8.0,0.0,0.0,-2986.199999999989,-3448.29999999999,-99.90326170000002,-87.08733851425772,1,0
0.1,100.0,1440,1,30,30,0,0,400,15.0,12,15,5,0.1,3,inc_every3,96.73829999998065,8287.100000003957,-60.474195998213254,-5.437592321402851,99.2098158055955,65.82487309642744,96.73829999998065,4308.80000000254,2486.0,1690.0,0.0,1.0,44.0,26.0,1.0,0.0,8.0,8.0,0.0,0.0,-2986.199999999989,-3448.29999999999,-99.90326170000002,-87.08733851425772,1,0
0.1,100.0,1440,1,30,30,0,0,200,15.0,8,4,5,0.1,3,inc_every3,96.40000000351301,56.107999999998924,-60.50189601607401,-78.6123745809028,99.05212338124998,99.46860379216945,96.40000000349613,56.107999999998924,1214.0,1702.0,0.0,0.0,105.0,138.0,0.0,1.0,6.0,6.0,0.0,0.0,-486.79999999999995,-1415.9000000000021,-99.9035999999965,-99.943892,1,1
0.1,100.0,1440,1,30,30,0,0,200,15.0,12,4,5,0.1,3,inc_every3,96.40000000351301,56.107999999998924,-60.50189601607401,-78.6123745809028,99.05212338124998,99.46860379216945,96.40000000349613,56.107999999998924,1214.0,1702.0,0.0,0.0,105.0,138.0,0.0,1.0,6.0,6.0,0.0,0.0,-486.79999999999995,-1415.9000000000021,-99.9035999999965,-99.943892,1,1
0.1,100.0,1440,1,30,30,0,0,200,15.0,18,4,5,0.1,3,inc_every3,96.40000000351301,56.107999999998924,-60.50189601607401,-78.6123745809028,99.05212338124998,99.46860379216945,96.40000000349613,56.107999999998924,1214.0,1702.0,0.0,0.0,105.0,138.0,0.0,1.0,6.0,6.0,0.0,0.0,-486.79999999999995,-1415.9000000000021,-99.9035999999965,-99.943892,1,1
0.1,100.0,1440,1,30,30,0,0,75,25.0,8,10,99,0.0,1,flat,96.26260000000502,86.02560000001381,-60.513168540783454,-75.71189420459044,99.18547156081304,99.21886514905252,96.26260000000468,86.02560000000165,1174.0,1122.0,0.0,0.0,125.0,119.0,1.0,1.0,8.0,8.0,360.0,346.0,-2845.6999999999975,-4804.200000000029,-99.9037374,-99.9139744,1,1
0.1,100.0,1440,1,30,30,0,0,100,5.3,3,15,99,0.0,1,flat,96.20000000240293,2976.800000001613,-60.51830861663588,-30.273118807834955,99.05460120285395,70.29408536157898,96.20000000239543,2976.800000001613,3319.0,1949.0,17.0,26.0,25.0,15.0,0.0,0.0,3.0,3.0,719.0,442.0,-2543.599999999982,-2784.9999999999923,-99.9037999999976,-120.8612895309929,1,0
0.1,100.0,1440,1,30,30,0,0,100,5.3,3,15,5,0.1,3,inc_every3,96.20000000240293,2976.800000001613,-60.51830861663588,-30.273118807834955,99.05460120285395,70.29408536157898,96.20000000239543,2976.800000001613,3319.0,1949.0,17.0,26.0,25.0,15.0,0.0,0.0,3.0,3.0,719.0,442.0,-2543.599999999982,-2784.9999999999923,-99.9037999999976,-120.8612895309929,1,0
0.1,100.0,1440,1,30,30,0,0,400,5.3,8,25,5,0.1,3,inc_every3,96.11979999999949,4880.100000004733,-60.52489773700624,-19.223748621925864,99.07858854655967,79.88237577915928,96.11979999999494,2798.1000000044705,3919.0,4371.0,4.0,19.0,13.0,13.0,2.0,0.0,8.0,8.0,27.0,26.0,-1849.3999999999996,-3480.099999999984,-99.9038802,-128.98850018024442,1,0
0.1,100.0,1440,1,30,30,0,0,300,15.0,8,2,5,0.1,3,inc_every3,96.10000000352716,93.60000000198033,-60.526525153942146,-75.09427018581765,99.04826985161004,99.06848987876462,96.10000000352716,93.60000000197437,3033.0,1776.0,0.0,0.0,363.0,225.0,0.0,0.0,4.0,4.0,0.0,0.0,-1069.9000000000053,-1118.7000000000044,-99.90389999999647,-99.90639999999803,1,1
0.1,100.0,1440,1,30,30,0,0,300,15.0,8,2,99,0.0,1,flat,96.10000000352716,93.60000000198033,-60.526525153942146,-75.09427018581765,99.04826985161004,99.06848987876462,96.10000000352716,93.60000000197437,3033.0,1776.0,0.0,0.0,363.0,225.0,0.0,0.0,4.0,4.0,0.0,0.0,-1069.9000000000053,-1118.7000000000044,-99.90389999999647,-99.90639999999803,1,1
0.1,100.0,1440,1,30,30,0,0,300,15.0,5,2,5,0.1,3,inc_every3,96.10000000352716,93.60000000198033,-60.526525153942146,-75.09427018581765,99.04826985161004,99.06848987876462,96.10000000352716,93.60000000197437,3033.0,1776.0,0.0,0.0,363.0,225.0,0.0,0.0,4.0,4.0,0.0,0.0,-1069.9000000000053,-1118.7000000000044,-99.90389999999647,-99.90639999999803,1,1
0.1,100.0,1440,1,30,30,0,0,300,15.0,18,2,99,0.0,1,flat,96.10000000352716,93.60000000198033,-60.526525153942146,-75.09427018581765,99.04826985161004,99.06848987876462,96.10000000352716,93.60000000197437,3033.0,1776.0,0.0,0.0,363.0,225.0,0.0,0.0,4.0,4.0,0.0,0.0,-1069.9000000000053,-1118.7000000000044,-99.90389999999647,-99.90639999999803,1,1
0.1,100.0,1440,1,30,30,0,0,300,15.0,12,2,5,0.1,3,inc_every3,96.10000000352716,93.60000000198033,-60.526525153942146,-75.09427018581765,99.04826985161004,99.06848987876462,96.10000000352716,93.60000000197437,3033.0,1776.0,0.0,0.0,363.0,225.0,0.0,0.0,4.0,4.0,0.0,0.0,-1069.9000000000053,-1118.7000000000044,-99.90389999999647,-99.90639999999803,1,1
0.1,100.0,1440,1,30,30,0,0,300,15.0,12,2,99,0.0,1,flat,96.10000000352716,93.60000000198033,-60.526525153942146,-75.09427018581765,99.04826985161004,99.06848987876462,96.10000000352716,93.60000000197437,3033.0,1776.0,0.0,0.0,363.0,225.0,0.0,0.0,4.0,4.0,0.0,0.0,-1069.9000000000053,-1118.7000000000044,-99.90389999999647,-99.90639999999803,1,1
0.1,100.0,1440,1,30,30,0,0,300,15.0,18,2,5,0.1,3,inc_every3,96.10000000352716,93.60000000198033,-60.526525153942146,-75.09427018581765,99.04826985161004,99.06848987876462,96.10000000352716,93.60000000197437,3033.0,1776.0,0.0,0.0,363.0,225.0,0.0,0.0,4.0,4.0,0.0,0.0,-1069.9000000000053,-1118.7000000000044,-99.90389999999647,-99.90639999999803,1,1
0.1,100.0,1440,1,30,30,0,0,300,15.0,5,2,99,0.0,1,flat,96.10000000352716,93.60000000198033,-60.526525153942146,-75.09427018581765,99.04826985161004,99.06848987876462,96.10000000352716,93.60000000197437,3033.0,1776.0,0.0,0.0,363.0,225.0,0.0,0.0,4.0,4.0,0.0,0.0,-1069.9000000000053,-1118.7000000000044,-99.90389999999647,-99.90639999999803,1,1
0.1,100.0,1440,1,30,30,0,0,100,10.0,12,0,99,0.0,1,flat,96.05820000001637,61.194999999997435,-60.529961693783086,-78.05282776841435,99.07725958444206,99.42646535080323,96.05819999999852,61.194999999997435,547.0,543.0,4.0,2.0,0.0,0.0,2.0,2.0,12.0,12.0,20.0,18.0,-6023.19999999993,-2705.4000000000024,-99.9039418,-99.938805,1,1
0.1,100.0,1440,1,30,30,0,0,75,15.0,12,0,5,0.1,3,inc_every3,95.60460000001197,80.71000000000848,-60.56733103410501,-76.16853901391676,99.16318360058854,99.29584100367317,95.60460000000677,80.70999999999714,394.0,250.0,1.0,1.0,0.0,0.0,3.0,2.0,12.0,12.0,32.0,17.0,-7057.599999999983,-2452.900000000007,-99.9043954,-99.91929,1,1
0.1,100.0,1440,1,30,30,0,0,200,15.0,18,0,99,0.0,1,flat,95.60459999999398,48.25920000000545,-60.567331034106495,-79.5502609578681,99.35209677419377,99.69836868882584,95.60459999999398,48.259200000002664,580.0,342.0,4.0,0.0,0.0,0.0,2.0,2.0,18.0,18.0,10.0,2.0,-7411.100000000075,-1165.599999999998,-99.90439540000001,-99.9517408,1,1
0.1,100.0,1440,1,30,30,0,0,200,25.0,12,10,99,0.0,1,flat,95.45850000001906,3342.2000000065455,-60.579397517623136,-27.82891813843078,99.28234785550514,85.95250201892424,95.45849999999677,1878.6000000057666,1807.0,1252.0,0.0,0.0,119.0,81.0,1.0,0.0,10.0,10.0,0.0,0.0,-3373.3000000000006,-3750.4999999999895,-99.90454150000001,-98.12139999999424,1,1
0.1,100.0,1440,1,30,30,0,0,200,25.0,18,10,99,0.0,1,flat,95.45850000001906,3342.2000000065455,-60.579397517623136,-27.82891813843078,99.28234785550514,85.95250201892424,95.45849999999677,1878.6000000057666,1807.0,1252.0,0.0,0.0,119.0,81.0,1.0,0.0,10.0,10.0,0.0,0.0,-3373.3000000000006,-3750.4999999999895,-99.90454150000001,-98.12139999999424,1,1
0.1,100.0,1440,1,30,30,0,0,150,10.0,3,2,5,0.1,3,inc_every3,95.40000000854442,33.42300000000145,-60.58423320766231,-81.66782525245594,99.05946841225112,99.66723416965354,95.40000000854442,33.42299999999938,3531.0,2465.0,0.0,0.0,326.0,236.0,0.0,1.0,3.0,3.0,960.0,637.0,-1016.8000000000008,-867.7000000000029,-99.90459999999146,-99.966577,1,1
0.1,100.0,1440,1,30,30,0,0,150,10.0,3,2,99,0.0,1,flat,95.40000000854442,33.42300000000145,-60.58423320766231,-81.66782525245594,99.05946841225112,99.66723416965354,95.40000000854442,33.42299999999938,3531.0,2465.0,0.0,0.0,326.0,236.0,0.0,1.0,3.0,3.0,960.0,637.0,-1016.8000000000008,-867.7000000000029,-99.90459999999146,-99.966577,1,1
0.1,100.0,1440,1,30,30,0,0,100,15.0,18,0,99,0.0,1,flat,95.32740000000985,57.62149999999218,-60.59023772396799,-78.44229691234932,99.10071035725402,99.44388306599502,95.32740000000211,57.62149999999218,373.0,229.0,1.0,1.0,0.0,0.0,3.0,2.0,18.0,18.0,12.0,6.0,-5254.700000000027,-1733.099999999999,-99.9046726,-99.9423785,1,1
0.1,100.0,1440,1,30,30,0,0,200,5.3,8,0,99,0.0,1,flat,95.31679999997141,99.97760000002017,-60.59111472232431,-74.60092186566543,99.17879900060342,99.02583480302842,95.31679999997141,99.97759999999835,1409.0,993.0,7.0,6.0,0.0,0.0,1.0,1.0,8.0,8.0,26.0,14.0,-6260.300000000106,-1641.199999999994,-99.90468320000002,-99.9000224,1,1
0.1,100.0,1440,1,30,30,0,0,200,25.0,12,15,5,0.1,3,inc_every3,95.0369000000075,10135.20000001073,-60.614300719407524,0.40042763004051185,99.31377831370548,61.85159389692001,95.03690000000677,8477.000000000284,802.0,1355.0,0.0,0.0,42.0,63.0,2.0,0.0,11.0,11.0,0.0,0.0,-1435.4000000000024,-4706.39999999999,-99.90496309999999,-73.3027601637995,1,0
0.1,100.0,1440,1,30,30,0,0,200,25.0,18,15,5,0.1,3,inc_every3,95.0369000000075,10135.20000001073,-60.614300719407524,0.40042763004051185,99.31377831370548,61.85159389692001,95.03690000000677,8477.000000000284,802.0,1355.0,0.0,0.0,42.0,63.0,2.0,0.0,11.0,11.0,0.0,0.0,-1435.4000000000024,-4706.39999999999,-99.90496309999999,-73.3027601637995,1,0
0.1,100.0,1440,1,30,30,0,0,100,25.0,18,4,99,0.0,1,flat,94.7323999999843,46.66320000000394,-60.63958661578346,-79.75389493488424,99.07506858944957,99.54953083368727,94.7323999999843,46.663200000002206,1110.0,689.0,0.0,0.0,239.0,152.0,1.0,1.0,10.0,10.0,0.0,0.0,-1102.6000000000013,-1156.8000000000002,-99.90526760000002,-99.9533368,1,1
0.1,100.0,1440,1,30,30,0,0,100,25.0,12,4,99,0.0,1,flat,94.7323999999843,46.66320000000394,-60.63958661578346,-79.75389493488424,99.07506858944957,99.54953083368727,94.7323999999843,46.663200000002206,1110.0,689.0,0.0,0.0,239.0,152.0,1.0,1.0,10.0,10.0,0.0,0.0,-1102.6000000000013,-1156.8000000000002,-99.90526760000002,-99.9533368,1,1
0.1,100.0,1440,1,30,30,0,0,400,15.0,5,4,5,0.1,3,inc_every3,94.4000000045686,3137.4000000029537,-60.66726367633779,-29.174278574100654,99.11900028926877,71.73002450008987,94.4000000045686,2861.6000000029276,3167.0,1934.0,0.0,0.0,186.0,112.0,0.0,0.0,5.0,5.0,56.0,31.0,-1727.8999999999996,-1755.6999999999964,-99.90559999999543,-122.63432757428039,1,0
0.1,100.0,1440,1,30,30,0,0,400,15.0,5,4,99,0.0,1,flat,94.4000000045686,3137.4000000029537,-60.66726367633779,-29.174278574100654,99.11900028926877,71.73002450008987,94.4000000045686,2861.6000000029276,3167.0,1934.0,0.0,0.0,186.0,112.0,0.0,0.0,5.0,5.0,56.0,31.0,-1727.8999999999996,-1755.6999999999964,-99.90559999999543,-122.63432757428039,1,0
0.1,100.0,1440,1,30,30,0,0,400,15.0,18,4,5,0.1,3,inc_every3,94.4000000045686,3137.4000000029537,-60.66726367633779,-29.174278574100654,99.11900028926877,71.73002450008987,94.4000000045686,2861.6000000029276,3167.0,1934.0,0.0,0.0,186.0,112.0,0.0,0.0,5.0,5.0,0.0,0.0,-1727.8999999999996,-1755.6999999999964,-99.90559999999543,-122.63432757428039,1,0
0.1,100.0,1440,1,30,30,0,0,400,15.0,8,4,99,0.0,1,flat,94.4000000045686,3137.4000000029537,-60.66726367633779,-29.174278574100654,99.11900028926877,71.73002450008987,94.4000000045686,2861.6000000029276,3167.0,1934.0,0.0,0.0,186.0,112.0,0.0,0.0,5.0,5.0,0.0,0.0,-1727.8999999999996,-1755.6999999999964,-99.90559999999543,-122.63432757428039,1,0
0.1,100.0,1440,1,30,30,0,0,400,15.0,12,4,5,0.1,3,inc_every3,94.4000000045686,3137.4000000029537,-60.66726367633779,-29.174278574100654,99.11900028926877,71.73002450008987,94.4000000045686,2861.6000000029276,3167.0,1934.0,0.0,0.0,186.0,112.0,0.0,0.0,5.0,5.0,0.0,0.0,-1727.8999999999996,-1755.6999999999964,-99.90559999999543,-122.63432757428039,1,0
0.1,100.0,1440,1,30,30,0,0,400,15.0,12,4,99,0.0,1,flat,94.4000000045686,3137.4000000029537,-60.66726367633779,-29.174278574100654,99.11900028926877,71.73002450008987,94.4000000045686,2861.6000000029276,3167.0,1934.0,0.0,0.0,186.0,112.0,0.0,0.0,5.0,5.0,0.0,0.0,-1727.8999999999996,-1755.6999999999964,-99.90559999999543,-122.63432757428039,1,0
0.1,100.0,1440,1,30,30,0,0,400,15.0,8,4,5,0.1,3,inc_every3,94.4000000045686,3137.4000000029537,-60.66726367633779,-29.174278574100654,99.11900028926877,71.73002450008987,94.4000000045686,2861.6000000029276,3167.0,1934.0,0.0,0.0,186.0,112.0,0.0,0.0,5.0,5.0,0.0,0.0,-1727.8999999999996,-1755.6999999999964,-99.90559999999543,-122.63432757428039,1,0
0.1,100.0,1440,1,30,30,0,0,400,15.0,18,4,99,0.0,1,flat,94.4000000045686,3137.4000000029537,-60.66726367633779,-29.174278574100654,99.11900028926877,71.73002450008987,94.4000000045686,2861.6000000029276,3167.0,1934.0,0.0,0.0,186.0,112.0,0.0,0.0,5.0,5.0,0.0,0.0,-1727.8999999999996,-1755.6999999999964,-99.90559999999543,-122.63432757428039,1,0
0.1,100.0,1440,1,30,30,0,0,400,5.3,12,10,5,0.1,3,inc_every3,94.25079999998127,79.43670000002692,-60.679712067573234,-76.28104460624411,99.10358562705696,99.2304658664884,94.25079999998127,79.43670000000452,2837.0,4205.0,0.0,11.0,27.0,35.0,1.0,1.0,7.0,7.0,0.0,0.0,-752.6000000000021,-2412.399999999998,-99.90574920000002,-99.9205633,1,1
0.1,100.0,1440,1,30,30,0,0,400,5.3,18,10,5,0.1,3,inc_every3,94.25079999998127,79.43670000002692,-60.679712067573234,-76.28104460624411,99.10358562705696,99.2304658664884,94.25079999998127,79.43670000000452,2837.0,4205.0,0.0,11.0,27.0,35.0,1.0,1.0,7.0,7.0,0.0,0.0,-752.6000000000021,-2412.399999999998,-99.90574920000002,-99.9205633,1,1
0.1,100.0,1440,1,30,30,0,0,400,5.3,8,10,5,0.1,3,inc_every3,94.25079999998127,79.43670000002692,-60.679712067573234,-76.28104460624411,99.10358562705696,99.2304658664884,94.25079999998127,79.43670000000452,2837.0,4205.0,0.0,11.0,27.0,35.0,1.0,1.0,7.0,7.0,0.0,0.0,-752.6000000000021,-2412.399999999998,-99.90574920000002,-99.9205633,1,1
0.1,100.0,1440,1,30,30,0,0,75,5.3,12,0,5,0.1,3,inc_every3,94.12830000001014,78.09480000001184,-60.689944552950934,-76.40099096606129,99.08041910902695,99.37754716529994,94.12830000000162,78.09480000000713,538.0,723.0,1.0,0.0,0.0,0.0,2.0,3.0,12.0,12.0,12.0,17.0,-657.2999999999996,-1554.8000000000015,-99.90587169999999,-99.9219052,1,1
0.1,100.0,1440,1,30,30,0,0,150,25.0,12,15,99,0.0,1,flat,94.10659999997529,7591.400000017638,-60.69175827508306,-7.873070461406561,99.28326491443254,68.37453103474297,94.10659999997529,5327.500000015378,1209.0,1289.0,0.0,0.0,67.0,66.0,2.0,0.0,12.0,12.0,93.0,100.0,-2568.0999999999945,-5377.49999999999,-99.90589340000002,-94.6221325308925,1,0
0.1,100.0,1440,1,30,30,0,0,150,5.3,12,0,5,0.1,3,inc_every3,93.96730000001713,82.24859999999916,-60.70340917414586,-76.0342434952793,99.58025390075383,99.59170489068934,93.96730000000241,82.24859999999916,2620.0,1229.0,5.0,0.0,0.0,0.0,2.0,2.0,12.0,12.0,25.0,7.0,-8449.499999999945,-1280.1000000000033,-99.9060327,-99.9177514,1,1
0.1,100.0,1440,1,30,30,0,0,300,10.0,18,10,5,0.1,3,inc_every3,93.72159999999326,10427.500000001128,-60.72399296919302,1.2534898398579575,99.15949276272138,35.49964564138571,93.72159999999326,7813.000000000756,1862.0,3264.0,0.0,1.0,37.0,48.0,1.0,0.0,8.0,8.0,0.0,0.0,-889.5000000000017,-2949.599999999993,-99.9062784,-19.745801442913468,1,0
0.1,100.0,1440,1,30,30,0,0,300,10.0,12,10,5,0.1,3,inc_every3,93.72159999999326,10427.500000001128,-60.72399296919302,1.2534898398579575,99.15949276272138,35.49964564138571,93.72159999999326,7813.000000000756,1862.0,3264.0,0.0,1.0,37.0,48.0,1.0,0.0,8.0,8.0,0.0,0.0,-889.5000000000017,-2949.599999999993,-99.9062784,-19.745801442913468,1,0
0.1,100.0,1440,1,30,30,0,0,300,10.0,8,10,5,0.1,3,inc_every3,93.72159999999326,10427.500000001128,-60.72399296919302,1.2534898398579575,99.15949276272138,35.49964564138571,93.72159999999326,7813.000000000756,1862.0,3264.0,0.0,1.0,37.0,48.0,1.0,0.0,8.0,8.0,40.0,49.0,-889.5000000000017,-2949.599999999993,-99.9062784,-19.745801442913468,1,0
0.1,100.0,1440,1,30,30,0,0,150,10.0,8,0,99,0.0,1,flat,93.67839999999705,86.20000000348136,-60.72761655866159,-75.69725214578027,99.08461763958651,99.16589255299314,93.67839999999705,86.20000000348136,643.0,612.0,8.0,2.0,0.0,0.0,1.0,1.0,8.0,8.0,31.0,26.0,-6711.500000000131,-5757.700000000091,-99.9063216,-99.91379999999651,1,1
0.1,100.0,1440,1,30,30,0,0,200,10.0,8,0,99,0.0,1,flat,93.67840000000433,76.30000000208202,-60.72761655866099,-76.56370457659925,99.08843002549477,99.27682523432492,93.67840000000433,76.30000000208202,712.0,622.0,7.0,2.0,0.0,0.0,1.0,1.0,8.0,8.0,24.0,17.0,-6455.100000000118,-5053.70000000006,-99.9063216,-99.92369999999792,1,1
0.1,100.0,1440,1,30,30,0,0,300,15.0,8,0,99,0.0,1,flat,93.67840000000797,5309.700000000637,-60.72761655866068,-17.170073651930686,99.0817373574992,81.59021829234102,93.67840000000433,2398.5000000006767,476.0,482.0,5.0,4.0,0.0,0.0,1.0,0.0,8.0,8.0,13.0,17.0,-6337.100000000113,-6718.200000000135,-99.9063216,-130.35051023661273,1,0
0.1,100.0,1440,1,30,30,0,0,400,10.0,12,10,5,0.1,3,inc_every3,93.33799999999076,3157.600000004244,-60.756215960021585,-29.038887011692704,99.08836255310847,78.4606049290135,93.33799999999076,2307.3000000041416,2492.0,2791.0,0.0,3.0,43.0,43.0,1.0,0.0,7.0,7.0,0.0,0.0,-1318.4000000000049,-2593.6999999999935,-99.90666200000001,-135.9600968697197,1,0
0.1,100.0,1440,1,30,30,0,0,400,10.0,18,10,5,0.1,3,inc_every3,93.33799999999076,3157.600000004244,-60.756215960021585,-29.038887011692704,99.08836255310847,78.4606049290135,93.33799999999076,2307.3000000041416,2492.0,2791.0,0.0,3.0,43.0,43.0,1.0,0.0,7.0,7.0,0.0,0.0,-1318.4000000000049,-2593.6999999999935,-99.90666200000001,-135.9600968697197,1,0
0.1,100.0,1440,1,30,30,0,0,400,10.0,8,10,5,0.1,3,inc_every3,93.33799999999076,3157.600000004244,-60.756215960021585,-29.038887011692704,99.08836255310847,78.4606049290135,93.33799999999076,2307.3000000041416,2492.0,2791.0,0.0,3.0,43.0,43.0,1.0,0.0,7.0,7.0,0.0,0.0,-1318.4000000000049,-2593.6999999999935,-99.90666200000001,-135.9600968697197,1,0
0.1,100.0,1440,1,30,30,0,0,100,5.3,8,0,99,0.0,1,flat,93.20080000000598,88.7000000022108,-60.76776669164134,-75.4896114031636,99.0886611647828,99.11446113909838,93.20079999999143,88.7000000022108,1396.0,1068.0,9.0,5.0,0.0,0.0,1.0,1.0,8.0,8.0,51.0,41.0,-6723.100000000132,-4320.8000000000275,-99.90679920000001,-99.9112999999978,1,1
0.1,100.0,1440,1,30,30,0,0,150,15.0,8,10,99,0.0,1,flat,93.10279999998681,102.5000000094775,-60.77602554415207,-74.41189777870602,99.13229696732482,99.00451609761117,93.10279999998681,102.50000000947193,1411.0,1531.0,0.0,0.0,58.0,61.0,1.0,0.0,8.0,8.0,118.0,128.0,-1261.3999999999996,-2092.2999999999975,-99.90689720000002,-99.89749999999053,1,1
0.1,100.0,1440,1,30,30,0,0,300,10.0,12,0,5,0.1,3,inc_every3,93.08459999998661,59.05300000000278,-60.77756009657895,-78.28429765673181,99.16542999569657,99.6207452410923,93.08459999998661,59.05300000000261,276.0,473.0,0.0,1.0,0.0,0.0,2.0,2.0,12.0,12.0,2.0,2.0,-347.09999999999974,-877.9000000000002,-99.90691540000002,-99.940947,1,1
0.1,100.0,1440,1,30,30,0,0,75,10.0,18,25,5,0.1,3,inc_every3,92.89630000000912,53.469999999995736,-60.79345091498841,-78.91668615940614,99.13888430556483,99.46859999403708,92.8963000000025,53.469999999995736,685.0,382.0,0.0,0.0,15.0,9.0,2.0,3.0,18.0,18.0,15.0,9.0,-212.49999999999997,-385.0,-99.9071037,-99.94653000000001,1,1
0.1,100.0,1440,1,30,30,0,0,75,5.3,12,25,5,0.1,3,inc_every3,92.81860000000773,105.37560000001395,-60.80001560280897,-74.20034997037152,99.09793772352674,98.98177004319301,92.81860000000773,105.37560000000383,971.0,1721.0,0.0,0.0,8.0,13.0,3.0,2.0,12.0,12.0,21.0,48.0,-185.4,-1203.0000000000014,-99.9071814,-99.8946244,1,1
0.1,100.0,1440,1,30,30,0,0,75,15.0,18,15,5,0.1,3,inc_every3,92.71079999999324,95.71590000002129,-60.80913065149866,-74.92804402562135,99.11422238358227,99.05056936536587,92.71079999998,95.7159000000072,425.0,240.0,0.0,0.0,26.0,15.0,2.0,2.0,15.0,15.0,0.0,0.0,-263.99999999999994,-379.50000000000006,-99.90728920000002,-99.9042841,1,1
0.1,100.0,1440,1,30,30,0,0,300,5.3,8,10,5,0.1,3,inc_every3,92.61980000001336,6824.300000002055,-60.816831774244626,-10.747665276452489,99.08606698111349,52.8469489520478,92.61979999999767,6099.200000001698,3060.0,5853.0,0.0,9.0,30.0,43.0,1.0,0.0,8.0,8.0,34.0,47.0,-758.1000000000003,-2782.4999999999923,-99.9073802,-66.4415631805481,1,0
0.1,100.0,1440,1,30,30,0,0,300,5.3,12,10,5,0.1,3,inc_every3,92.61980000001336,6824.300000002055,-60.816831774244626,-10.747665276452489,99.08606698111349,52.8469489520478,92.61979999999767,6099.200000001698,3060.0,5853.0,0.0,9.0,30.0,43.0,1.0,0.0,8.0,8.0,0.0,0.0,-758.1000000000003,-2782.4999999999923,-99.9073802,-66.4415631805481,1,0
0.1,100.0,1440,1,30,30,0,0,300,5.3,18,10,5,0.1,3,inc_every3,92.61980000001336,6824.300000002055,-60.816831774244626,-10.747665276452489,99.08606698111349,52.8469489520478,92.61979999999767,6099.200000001698,3060.0,5853.0,0.0,9.0,30.0,43.0,1.0,0.0,8.0,8.0,0.0,0.0,-758.1000000000003,-2782.4999999999923,-99.9073802,-66.4415631805481,1,0
0.1,100.0,1440,1,30,30,0,0,100,5.3,18,15,5,0.1,3,inc_every3,92.56520000001728,75.06170000001435,-60.821455353432,-76.6775407645476,99.09487620761135,99.25273076616755,92.56520000000341,75.06170000000344,1394.0,2910.0,0.0,0.0,16.0,28.0,2.0,3.0,14.0,14.0,0.0,0.0,-154.79999999999995,-1106.500000000001,-99.90743479999999,-99.9249383,1,1
0.1,100.0,1440,1,30,30,0,0,100,5.3,12,15,5,0.1,3,inc_every3,92.5652000000166,59.61800000000056,-60.82145535343204,-78.2226771659602,99.09487620761135,99.40480207657365,92.56520000000273,59.61800000000056,1400.0,2803.0,0.0,0.0,16.0,27.0,2.0,2.0,12.0,12.0,21.0,43.0,-204.99999999999994,-1075.3000000000009,-99.9074348,-99.940382,1,1
0.1,100.0,1440,1,30,30,0,0,75,15.0,12,15,5,0.1,3,inc_every3,92.38250000000724,101.22569999999541,-60.836942440082595,-74.50697799846539,99.11735902776454,99.06452665237356,92.38250000000147,101.22569999999541,418.0,379.0,0.0,0.0,24.0,23.0,3.0,2.0,12.0,12.0,44.0,38.0,-220.5,-758.5999999999998,-99.9076175,-99.8987743,1,1
0.1,100.0,1440,1,30,30,0,0,75,10.0,18,15,5,0.1,3,inc_every3,92.36780000001477,75.1828000000151,-60.838189592076475,-76.66635017766274,99.1166048201989,99.25281203724866,92.36780000000596,75.18280000000476,684.0,377.0,0.0,0.0,23.0,14.0,2.0,2.0,15.0,15.0,0.0,0.0,-190.09999999999994,-344.7,-99.9076322,-99.92481719999999,1,1
0.1,100.0,1440,1,30,30,0,0,100,15.0,12,25,5,0.1,3,inc_every3,92.23480000000353,55.808000000010225,-60.849480570438594,-78.64646834863431,99.25808558558556,99.53994790121013,92.23480000000285,55.80800000000312,450.0,389.0,0.0,0.0,13.0,12.0,2.0,2.0,12.0,12.0,25.0,25.0,-474.7000000000001,-832.0999999999996,-99.9077652,-99.944192,1,1
0.1,100.0,1440,1,30,30,0,0,150,15.0,8,0,99,0.0,1,flat,92.02240000001257,82.20000000284381,-60.86753921338934,-76.03845839960599,99.15153102151095,99.19634738907894,92.02239999999802,82.20000000284381,409.0,354.0,6.0,2.0,0.0,0.0,1.0,1.0,8.0,8.0,29.0,26.0,-6739.50000000013,-6249.000000000112,-99.9079776,-99.91779999999716,1,1
0.1,100.0,1440,1,30,30,0,0,75,10.0,8,10,5,0.1,3,inc_every3,91.9974999999967,105.70769999999396,-60.86965844042087,-74.17618082946977,99.10840448523503,98.94768996446106,91.9974999999967,105.70769999999396,684.0,866.0,0.0,0.0,29.0,35.0,2.0,1.0,8.0,8.0,78.0,85.0,-237.89999999999995,-861.600000000001,-99.90800250000001,-99.8942923,1,1
0.1,100.0,1440,1,30,30,0,0,400,10.0,8,25,99,0.0,1,flat,91.91349999999284,10076.000000003143,-60.876811026293595,0.2255571023947356,99.09094640437554,40.01731835585133,91.91349999999284,7550.500000002949,1722.0,2149.0,4.0,12.0,13.0,11.0,1.0,0.0,8.0,8.0,27.0,26.0,-1744.9999999999968,-4002.4999999999777,-99.90808650000001,-29.809079609307926,1,0
0.1,100.0,1440,1,30,30,0,0,300,25.0,8,0,99,0.0,1,flat,91.89199999999255,426.90000000037617,-60.87864258805158,-60.878347894526684,99.12256512107564,96.11283613568084,91.89199999999255,398.10000000038417,269.0,215.0,5.0,1.0,0.0,0.0,1.0,0.0,8.0,8.0,14.0,11.0,-6449.200000000119,-6782.700000000138,-99.90810800000001,-99.60189999999962,1,1
0.1,100.0,1440,1,30,30,0,0,200,25.0,8,15,5,0.1,3,inc_every3,91.77419999999154,9143.900000008172,-60.88868393122018,-2.628101788218029,99.30356435493314,54.87938479862679,91.77419999999154,8376.300000000212,997.0,1266.0,0.0,0.0,51.0,57.0,1.0,0.0,8.0,8.0,98.0,119.0,-1896.3000000000036,-4728.899999999974,-99.90822580000001,-62.38687138547161,1,0
0.1,100.0,1440,1,30,30,0,0,300,25.0,18,10,5,0.1,3,inc_every3,91.55929999999864,5187.300000000552,-60.90702872653363,-17.74292999680168,99.19345935994222,66.85684046898172,91.55929999999864,4008.4000000005717,1284.0,1155.0,0.0,0.0,73.0,61.0,1.0,0.0,8.0,8.0,0.0,0.0,-2355.3000000000043,-3164.899999999999,-99.9084407,-101.45661093476511,1,0
0.1,100.0,1440,1,30,30,0,0,300,25.0,8,10,5,0.1,3,inc_every3,91.55929999999864,5187.300000000552,-60.90702872653363,-17.74292999680168,99.19345935994222,66.85684046898172,91.55929999999864,4008.4000000005717,1284.0,1155.0,0.0,0.0,73.0,61.0,1.0,0.0,8.0,8.0,73.0,59.0,-2355.3000000000043,-3164.899999999999,-99.9084407,-101.45661093476511,1,0
0.1,100.0,1440,1,30,30,0,0,300,25.0,12,10,5,0.1,3,inc_every3,91.55929999999864,5187.300000000552,-60.90702872653363,-17.74292999680168,99.19345935994222,66.85684046898172,91.55929999999864,4008.4000000005717,1284.0,1155.0,0.0,0.0,73.0,61.0,1.0,0.0,8.0,8.0,0.0,0.0,-2355.3000000000043,-3164.899999999999,-99.9084407,-101.45661093476511,1,0
0.1,100.0,1440,1,30,30,0,0,100,25.0,8,4,5,0.1,3,inc_every3,91.54600000001847,49.485600000008475,-60.90816520345259,-79.3969757144084,99.10617939680334,99.53427947598257,91.54600000000607,49.48559999999654,583.0,536.0,0.0,0.0,140.0,128.0,1.0,1.0,8.0,8.0,161.0,146.0,-494.40000000000003,-935.300000000001,-99.90845399999999,-99.9505144,1,1
0.1,100.0,1440,1,30,30,0,0,100,25.0,12,4,5,0.1,3,inc_every3,91.50260000001578,86.75310000000928,-60.91187462594772,-75.65095286737625,99.10660313802839,99.17966298828398,91.50259999999378,86.75310000000502,581.0,531.0,0.0,0.0,140.0,127.0,1.0,1.0,9.0,9.0,0.0,0.0,-494.40000000000003,-937.0000000000011,-99.9084974,-99.91324689999999,1,1
0.1,100.0,1440,1,30,30,0,0,100,25.0,18,4,5,0.1,3,inc_every3,91.50260000001578,86.75310000000928,-60.91187462594772,-75.65095286737625,99.10660313802839,99.17966298828398,91.50259999999378,86.75310000000502,581.0,531.0,0.0,0.0,140.0,127.0,1.0,1.0,9.0,9.0,0.0,0.0,-494.40000000000003,-937.0000000000011,-99.9084974,-99.91324689999999,1,1
0.1,100.0,1440,1,30,30,0,0,200,15.0,8,6,5,0.1,3,inc_every3,91.41720000000544,46.96280000000303,-60.9191779232149,-79.7152999725678,99.10111798310734,99.5686103762493,91.41719999999953,46.962799999998424,1443.0,1267.0,0.0,0.0,85.0,75.0,1.0,1.0,7.0,7.0,0.0,0.0,-882.500000000001,-1203.100000000002,-99.9085828,-99.9530372,1,1
0.1,100.0,1440,1,30,30,0,0,200,15.0,12,6,5,0.1,3,inc_every3,91.41720000000544,46.96280000000303,-60.9191779232149,-79.7152999725678,99.10111798310734,99.5686103762493,91.41719999999953,46.962799999998424,1443.0,1267.0,0.0,0.0,85.0,75.0,1.0,1.0,7.0,7.0,0.0,0.0,-882.500000000001,-1203.100000000002,-99.9085828,-99.9530372,1,1
0.1,100.0,1440,1,30,30,0,0,200,15.0,18,6,5,0.1,3,inc_every3,91.41720000000544,46.96280000000303,-60.9191779232149,-79.7152999725678,99.10111798310734,99.5686103762493,91.41719999999953,46.962799999998424,1443.0,1267.0,0.0,0.0,85.0,75.0,1.0,1.0,7.0,7.0,0.0,0.0,-882.500000000001,-1203.100000000002,-99.9085828,-99.9530372,1,1
0.1,100.0,1440,1,30,30,0,0,300,5.3,8,0,99,0.0,1,flat,91.35679999999775,2992.5000000021537,-60.92434654834484,-30.163887751104934,99.32545151143735,94.12567418283984,91.35679999999775,723.2000000022344,1999.0,1465.0,10.0,8.0,0.0,0.0,1.0,0.0,8.0,8.0,22.0,15.0,-5680.500000000106,-6487.900000000126,-99.9086432,-99.27679999999776,1,1
0.1,100.0,1440,1,30,30,0,0,100,25.0,12,15,5,0.1,3,inc_every3,91.29119999997823,33.64080000000142,-60.929963251844434,-81.63235749657034,99.1160548815324,99.76440531966303,91.29119999997823,33.64079999999751,142.0,1244.0,0.0,0.0,15.0,108.0,2.0,2.0,12.0,12.0,16.0,159.0,-191.5,-5004.600000000002,-99.90870880000003,-99.9663592,1,1
0.1,100.0,1440,1,30,30,0,0,100,5.3,18,10,5,0.1,3,inc_every3,91.28349999999722,75.06170000001259,-60.930622741229115,-76.67754076454777,99.10740896468106,99.25061947786156,91.28349999999722,75.0616999999965,1523.0,1728.0,0.0,0.0,26.0,28.0,2.0,2.0,12.0,12.0,0.0,0.0,-151.79999999999995,-590.4999999999998,-99.9087165,-99.92493830000001,1,1
0.1,100.0,1440,1,30,30,0,0,100,5.3,12,10,5,0.1,3,inc_every3,91.28349999999722,75.06170000001259,-60.930622741229115,-76.67754076454777,99.10740896468106,99.25061947786156,91.28349999999722,75.0616999999965,1523.0,1728.0,0.0,0.0,26.0,28.0,2.0,2.0,12.0,12.0,27.0,28.0,-151.79999999999995,-590.4999999999998,-99.9087165,-99.92493830000001,1,1
0.1,100.0,1440,1,30,30,0,0,300,25.0,18,25,5,0.1,3,inc_every3,100.01879999998482,58.454499999996244,-60.20953003132219,-78.35002511286216,99.27030269103095,99.55071288574618,91.24500000003673,58.45449999999403,1782.0,630.0,0.0,0.0,44.0,16.0,2.0,3.0,11.0,11.0,0.0,0.0,-4778.799999999989,-2207.2999999999984,-99.90875499999996,-99.9415455,1,1
0.1,100.0,1440,1,30,30,0,0,300,25.0,12,25,5,0.1,3,inc_every3,100.01879999998482,58.454499999996244,-60.20953003132219,-78.35002511286216,99.27030269103095,99.55071288574618,91.24500000003673,58.45449999999403,1782.0,630.0,0.0,0.0,44.0,16.0,2.0,3.0,11.0,11.0,0.0,0.0,-4778.799999999989,-2207.2999999999984,-99.90875499999996,-99.9415455,1,1
0.1,100.0,1440,1,30,30,0,0,75,5.3,18,25,5,0.1,3,inc_every3,91.21700000001204,54.949500000002644,-60.93632018375554,-78.74475010246033,99.25543220961582,99.59500364831716,91.21699999999385,54.949500000002104,1037.0,1324.0,0.0,0.0,9.0,11.0,3.0,2.0,18.0,18.0,9.0,10.0,-138.59999999999997,-687.0000000000005,-99.908783,-99.9450505,1,1
0.1,100.0,1440,1,30,30,0,0,300,10.0,8,0,99,0.0,1,flat,91.19360000000597,5816.400000000867,-60.938325788355876,-14.892736021600184,99.24022428286966,77.00201658076878,91.19360000000597,3079.200000000914,934.0,849.0,11.0,5.0,0.0,0.0,1.0,0.0,8.0,8.0,23.0,16.0,-6082.30000000011,-6572.500000000128,-99.90880639999999,-118.89676918313775,1,0
0.1,100.0,1440,1,30,30,0,0,400,10.0,8,0,99,0.0,1,flat,91.1935999999987,3751.800000001851,-60.93832578835651,-25.302904720913855,99.29699660807904,88.0402001723194,91.19359999999506,1443.5000000017935,979.0,777.0,11.0,6.0,0.0,0.0,1.0,0.0,8.0,8.0,17.0,10.0,-5725.100000000099,-6270.200000000115,-99.9088064,-98.55649999999821,1,1
0.1,100.0,1440,1,30,30,0,0,200,5.3,18,25,5,0.1,3,inc_every3,91.16799999999478,47.32400000000163,-60.940520425644415,-79.66899885896053,99.25954923857886,99.63338885230665,91.16799999999478,47.32399999999993,2918.0,1967.0,0.0,0.0,13.0,10.0,2.0,2.0,13.0,13.0,0.0,0.0,-942.200000000001,-985.0000000000025,-99.908832,-99.952676,1,1
0.1,100.0,1440,1,30,30,0,0,75,25.0,8,4,5,0.1,3,inc_every3,91.11480000001484,59.56249999999801,-60.945082733291514,-78.22871193724419,99.1253007190377,99.44866893755676,91.11480000000626,59.562499999997044,471.0,379.0,0.0,0.0,135.0,111.0,1.0,1.0,8.0,8.0,169.0,136.0,-388.19999999999993,-800.1000000000007,-99.9088852,-99.9404375,1,1
0.1,100.0,1440,1,30,30,0,0,100,25.0,18,15,5,0.1,3,inc_every3,91.11340000000507,34.837800000008826,-60.945202822790854,-81.44025772435901,99.11777646523421,99.76154172598837,91.11340000000507,34.83780000000229,142.0,906.0,0.0,0.0,15.0,81.0,2.0,2.0,14.0,14.0,0.0,0.0,-188.49999999999997,-3108.600000000002,-99.90888659999999,-99.9651622,1,1
0.1,100.0,1440,1,30,30,0,0,75,5.3,18,15,99,0.0,1,flat,91.11340000000143,71.10840000000309,-60.94520282279117,-77.05003429365401,99.10811292311912,99.43412514622702,91.11339999999831,71.10840000000309,779.0,2076.0,0.0,0.0,12.0,23.0,2.0,2.0,18.0,18.0,12.0,28.0,-83.69999999999999,-1030.7000000000005,-99.9088866,-99.9288916,1,1
0.1,100.0,1440,1,30,30,0,0,75,25.0,12,0,5,0.1,3,inc_every3,91.08329999998949,81.94899999999677,-60.9477851040791,-76.06025464431674,99.29908425613176,99.27321827663295,91.08329999998949,81.94899999999677,201.0,143.0,1.0,1.0,0.0,0.0,2.0,2.0,12.0,12.0,32.0,17.0,-9948.19999999992,-2729.100000000007,-99.9089167,-99.918051,1,1
0.1,100.0,1440,1,30,30,0,0,100,10.0,8,4,5,0.1,3,inc_every3,90.98459999998994,85.87390000000573,-60.95625737617907,-75.72464741065191,99.11109656493034,99.21107313801689,90.98459999998994,85.87389999999999,1431.0,1367.0,0.0,0.0,106.0,101.0,1.0,1.0,8.0,8.0,120.0,111.0,-326.5999999999999,-665.4999999999998,-99.90901540000002,-99.9141261,1,1
0.1,100.0,1440,1,30,30,0,0,100,10.0,18,4,5,0.1,3,inc_every3,90.98459999998994,85.87390000000573,-60.95625737617907,-75.72464741065191,99.11109656493034,99.21107313801689,90.98459999998994,85.87389999999999,1431.0,1367.0,0.0,0.0,106.0,101.0,1.0,1.0,8.0,8.0,0.0,0.0,-326.5999999999999,-665.4999999999998,-99.90901540000002,-99.9141261,1,1
0.1,100.0,1440,1,30,30,0,0,100,10.0,12,4,5,0.1,3,inc_every3,90.98459999998994,85.87390000000573,-60.95625737617907,-75.72464741065191,99.11109656493034,99.21107313801689,90.98459999998994,85.87389999999999,1431.0,1367.0,0.0,0.0,106.0,101.0,1.0,1.0,8.0,8.0,0.0,0.0,-326.5999999999999,-665.4999999999998,-99.90901540000002,-99.9141261,1,1
0.1,100.0,1440,1,30,30,0,0,200,10.0,8,25,5,0.1,3,inc_every3,90.96079999999404,34.56239999999907,-60.95830143542057,-81.48403950125046,99.11945866932564,99.67492710821847,90.96079999999404,34.562399999997325,1628.0,1524.0,0.0,2.0,16.0,15.0,1.0,2.0,8.0,8.0,60.0,51.0,-1400.9000000000005,-2112.3999999999983,-99.90903920000001,-99.9654376,1,1
0.1,100.0,1440,1,30,30,0,0,100,25.0,8,0,99,0.0,1,flat,90.9432000000088,86.29999999995925,-60.95981328380855,-75.68886585470484,99.1311269920128,99.17328454147506,90.94320000000516,86.29999999995925,183.0,159.0,6.0,2.0,0.0,0.0,1.0,1.0,8.0,8.0,36.0,35.0,-6999.500000000144,-7465.900000000168,-99.9090568,-99.91370000000003,1,1
0.1,100.0,1440,1,30,30,0,0,200,15.0,8,15,99,0.0,1,flat,90.93699999999933,34.22640000000354,-60.960345922507685,-81.53778830865093,99.15936067149836,99.67327815802291,90.93699999999933,34.226400000003395,1334.0,1817.0,0.0,2.0,33.0,42.0,1.0,1.0,8.0,8.0,70.0,104.0,-1333.500000000001,-4106.399999999986,-99.909063,-99.96577359999999,1,1
0.1,100.0,1440,1,30,30,0,0,200,5.3,8,25,99,0.0,1,flat,90.93700000000558,67.41120000001109,-60.96034592250715,-77.41180213118041,99.10807603279845,99.3431564177767,90.93700000000138,67.41119999999637,3018.0,4409.0,5.0,15.0,13.0,17.0,1.0,1.0,8.0,8.0,55.0,79.0,-1645.8999999999971,-4467.399999999999,-99.909063,-99.9325888,1,1
0.1,100.0,1440,1,30,30,0,0,75,5.3,8,4,5,0.1,3,inc_every3,90.83200000001395,82.80580000000464,-60.969370831127826,-75.98604407154733,99.17852620916693,99.17958010918349,90.83200000000556,82.80580000000413,3129.0,2509.0,0.0,0.0,118.0,96.0,1.0,1.0,8.0,8.0,198.0,134.0,-348.59999999999985,-526.9999999999999,-99.909168,-99.9171942,1,1
0.1,100.0,1440,1,30,30,0,0,200,5.3,8,6,5,0.1,3,inc_every3,90.70880000000716,61.465499999999,-60.979970703324994,-78.02400368258758,99.10378311086518,99.39138851207512,90.70880000000409,61.465499999999,2977.0,2714.0,0.0,0.0,53.0,50.0,1.0,1.0,7.0,7.0,0.0,0.0,-568.4000000000001,-788.6000000000007,-99.9092912,-99.9385345,1,1
0.1,100.0,1440,1,30,30,0,0,200,5.3,12,6,5,0.1,3,inc_every3,90.70880000000716,61.465499999999,-60.979970703324994,-78.02400368258758,99.10378311086518,99.39138851207512,90.70880000000409,61.465499999999,2977.0,2714.0,0.0,0.0,53.0,50.0,1.0,1.0,7.0,7.0,0.0,0.0,-568.4000000000001,-788.6000000000007,-99.9092912,-99.9385345,1,1
0.1,100.0,1440,1,30,30,0,0,200,5.3,18,6,5,0.1,3,inc_every3,90.70880000000716,61.465499999999,-60.979970703324994,-78.02400368258758,99.10378311086518,99.39138851207512,90.70880000000409,61.465499999999,2977.0,2714.0,0.0,0.0,53.0,50.0,1.0,1.0,7.0,7.0,0.0,0.0,-568.4000000000001,-788.6000000000007,-99.9092912,-99.9385345,1,1
0.1,100.0,1440,1,30,30,0,0,300,10.0,8,15,5,0.1,3,inc_every3,90.69760000002316,2833.100000001363,-60.98093489897873,-31.292208543335796,99.10504326889867,83.46698328613347,90.6976000000036,1810.2000000013463,1284.0,3127.0,0.0,0.0,19.0,36.0,1.0,0.0,8.0,8.0,27.0,51.0,-670.4000000000004,-3438.7999999999893,-99.9093024,-98.18979999999866,1,1
0.1,100.0,1440,1,30,30,0,0,300,10.0,8,25,5,0.1,3,inc_every3,90.68990000001031,7578.100000001141,-60.98159783874,-7.921130318513125,99.10511924849271,65.47758955412195,90.68990000000395,5316.900000001104,1175.0,2985.0,0.0,6.0,11.0,19.0,1.0,0.0,8.0,8.0,23.0,48.0,-851.0000000000011,-4458.49999999998,-99.9093101,-88.87630942675702,1,0
0.1,100.0,1440,1,30,30,0,0,150,10.0,18,15,99,0.0,1,flat,90.65910000001134,34.04430000000448,-60.98425004809158,-81.56707325096573,99.1175441670316,99.70152549951347,90.65910000001134,34.04429999999897,1696.0,3482.0,0.0,1.0,30.0,52.0,1.0,2.0,14.0,14.0,0.0,0.0,-959.7000000000006,-4546.79999999999,-99.90934089999999,-99.9659557,1,1
0.1,100.0,1440,1,30,30,0,0,75,25.0,18,4,99,0.0,1,flat,90.60170000000204,44.20080000001249,-60.98919472567228,-80.07789482503975,99.14830416063481,99.59419023136243,90.6016999999946,44.20080000000553,531.0,444.0,0.0,0.0,140.0,118.0,1.0,2.0,12.0,11.0,0.0,0.0,-531.6,-855.0000000000005,-99.9093983,-99.9557992,1,1
0.1,100.0,1440,1,30,30,0,0,75,25.0,12,4,99,0.0,1,flat,90.60170000000204,44.20080000001249,-60.98919472567228,-80.07789482503975,99.14830416063481,99.59419023136243,90.6016999999946,44.20080000000553,531.0,444.0,0.0,0.0,140.0,118.0,1.0,2.0,12.0,11.0,1.0,0.0,-531.6,-855.0000000000005,-99.9093983,-99.9557992,1,1
0.1,100.0,1440,1,30,30,0,0,400,5.3,8,0,99,0.0,1,flat,90.56640000000698,2178.7000000028056,-60.992236860714556,-36.457678516480776,99.38945097616228,98.48169147370801,90.5663999999997,182.90000000271903,2185.0,1406.0,12.0,9.0,0.0,0.0,1.0,0.0,8.0,8.0,18.0,10.0,-5459.400000000098,-6241.800000000114,-99.9094336,-99.81709999999728,1,1
0.1,100.0,1440,1,30,30,0,0,75,25.0,12,15,5,0.1,3,inc_every3,90.53939999998488,82.2913000000022,-60.99456434643458,-76.03054172015645,99.38783781042808,99.45695931053619,90.53939999998488,82.2913000000022,720.0,382.0,0.0,0.0,79.0,44.0,3.0,2.0,12.0,12.0,131.0,71.0,-1326.8000000000006,-1757.100000000002,-99.90946060000002,-99.91770869999999,1,1
0.1,100.0,1440,1,30,30,0,0,300,15.0,8,15,5,0.1,3,inc_every3,90.5030000000121,2876.400000000751,-60.99770302091577,-30.981385418179542,99.11286354235081,89.59649361503104,90.50299999999947,1070.500000000581,879.0,1974.0,0.0,0.0,21.0,38.0,1.0,0.0,8.0,8.0,28.0,60.0,-645.2000000000003,-3889.39999999998,-99.909497,-98.92949999999942,1,1
0.1,100.0,1440,1,30,30,0,0,100,10.0,8,15,5,0.1,3,inc_every3,90.45960000000463,43.074400000003436,-61.00144660660492,-80.23034321679049,99.12722536325566,99.60116665586429,90.45960000000463,43.07440000000199,1767.0,1215.0,0.0,0.0,38.0,26.0,2.0,3.0,8.0,8.0,153.0,84.0,-1180.6000000000013,-1374.6000000000013,-99.9095404,-99.95692559999999,1,1
0.1,100.0,1440,1,30,30,0,0,75,10.0,12,2,99,0.0,1,flat,90.40000000876807,36.86580000000404,-61.006589908654576,-81.1251168289573,99.13589569564455,99.63300448966186,90.40000000875716,36.86579999999768,1816.0,1318.0,0.0,0.0,261.0,196.0,0.0,1.0,8.0,8.0,0.0,0.0,-329.69999999999993,-436.3999999999998,-99.90959999999124,-99.9631342,1,1
0.1,100.0,1440,1,30,30,0,0,75,10.0,8,2,99,0.0,1,flat,90.40000000876807,36.86580000000404,-61.006589908654576,-81.1251168289573,99.13589569564455,99.63300448966186,90.40000000875716,36.86579999999768,1816.0,1318.0,0.0,0.0,261.0,196.0,0.0,1.0,8.0,8.0,7.0,5.0,-329.69999999999993,-436.3999999999998,-99.90959999999124,-99.9631342,1,1
0.1,100.0,1440,1,30,30,0,0,75,10.0,18,2,99,0.0,1,flat,90.40000000876807,36.86580000000404,-61.006589908654576,-81.1251168289573,99.13589569564455,99.63300448966186,90.40000000875716,36.86579999999768,1816.0,1318.0,0.0,0.0,261.0,196.0,0.0,1.0,8.0,8.0,0.0,0.0,-329.69999999999993,-436.3999999999998,-99.90959999999124,-99.9631342,1,1
0.1,100.0,1440,1,30,30,0,0,75,10.0,8,0,99,0.0,1,flat,90.39839999999822,84.40000000430791,-61.00672802203493,-75.84938771618113,99.16070079010663,99.20080298463823,90.39839999999458,84.40000000430791,592.0,504.0,8.0,4.0,0.0,0.0,1.0,1.0,8.0,8.0,60.0,49.0,-6963.600000000144,-7041.100000000148,-99.9096016,-99.91559999999569,1,1
0.1,100.0,1440,1,30,30,0,0,100,5.3,18,4,5,0.1,3,inc_every3,90.33639999998968,83.25799999998526,-61.01208139270737,-75.94709464851334,99.13237353412934,99.16879149403499,90.33639999998968,83.25799999998526,2986.0,2316.0,0.0,0.0,98.0,81.0,1.0,1.0,8.0,8.0,0.0,0.0,-281.39999999999986,-579.2999999999996,-99.90966360000002,-99.91674200000001,1,1
0.1,100.0,1440,1,30,30,0,0,100,5.3,12,4,5,0.1,3,inc_every3,90.33639999998968,83.25799999998526,-61.01208139270737,-75.94709464851334,99.13237353412934,99.16879149403499,90.33639999998968,83.25799999998526,2986.0,2316.0,0.0,0.0,98.0,81.0,1.0,1.0,8.0,8.0,0.0,0.0,-281.39999999999986,-579.2999999999996,-99.90966360000002,-99.91674200000001,1,1
0.1,100.0,1440,1,30,30,0,0,100,5.3,8,4,5,0.1,3,inc_every3,90.33639999998968,83.25799999998526,-61.01208139270737,-75.94709464851334,99.13237353412934,99.16879149403499,90.33639999998968,83.25799999998526,2986.0,2316.0,0.0,0.0,98.0,81.0,1.0,1.0,8.0,8.0,117.0,90.0,-281.39999999999986,-579.2999999999996,-99.90966360000002,-99.91674200000001,1,1
0.1,100.0,1440,1,30,30,0,0,75,15.0,8,4,99,0.0,1,flat,90.26079999999638,91.25200000000939,-61.01861302916065,-75.28184937345598,99.12762839966761,99.5273645200267,90.26079999999638,52.800000009742746,945.0,1008.0,0.0,0.0,130.0,133.0,1.0,1.0,8.0,8.0,196.0,202.0,-407.30000000000007,-922.1000000000007,-99.9097392,-99.94719999999026,1,1
0.1,100.0,1440,1,30,30,0,0,200,10.0,8,6,99,0.0,1,flat,90.21880000000101,67.66080000000721,-61.02224360712356,-77.38694626732921,99.10834247536593,99.40241117087515,90.21880000000101,67.66080000000454,1492.0,2850.0,0.0,0.0,56.0,94.0,1.0,1.0,8.0,8.0,58.0,94.0,-540.0000000000008,-1889.9000000000015,-99.9097812,-99.9323392,1,1
0.1,100.0,1440,1,30,30,0,0,200,10.0,18,6,99,0.0,1,flat,90.21880000000101,67.66080000000721,-61.02224360712356,-77.38694626732921,99.10834247536593,99.40241117087515,90.21880000000101,67.66080000000454,1492.0,2850.0,0.0,0.0,56.0,94.0,1.0,1.0,8.0,8.0,0.0,0.0,-540.0000000000008,-1889.9000000000015,-99.9097812,-99.9323392,1,1
0.1,100.0,1440,1,30,30,0,0,200,10.0,12,6,99,0.0,1,flat,90.21880000000101,67.66080000000721,-61.02224360712356,-77.38694626732921,99.10834247536593,99.40241117087515,90.21880000000101,67.66080000000454,1492.0,2850.0,0.0,0.0,56.0,94.0,1.0,1.0,8.0,8.0,0.0,0.0,-540.0000000000008,-1889.9000000000015,-99.9097812,-99.9323392,1,1
0.1,100.0,1440,1,30,30,0,0,300,25.0,5,2,5,0.1,3,inc_every3,90.20000000328605,2680.5000000017103,-61.02386916071616,-32.41498171611201,99.10771696224826,76.73654167895188,90.20000000328605,2363.800000001712,2042.0,1131.0,0.0,0.0,433.0,242.0,0.0,0.0,4.0,4.0,0.0,0.0,-1339.9000000000037,-1311.4000000000024,-99.90979999999671,-135.88806507401577,1,0
0.1,100.0,1440,1,30,30,0,0,300,25.0,12,2,5,0.1,3,inc_every3,90.20000000328605,2680.5000000017103,-61.02386916071616,-32.41498171611201,99.10771696224826,76.73654167895188,90.20000000328605,2363.800000001712,2042.0,1131.0,0.0,0.0,433.0,242.0,0.0,0.0,4.0,4.0,0.0,0.0,-1339.9000000000037,-1311.4000000000024,-99.90979999999671,-135.88806507401577,1,0
0.1,100.0,1440,1,30,30,0,0,300,25.0,8,2,99,0.0,1,flat,90.20000000328605,2680.5000000017103,-61.02386916071616,-32.41498171611201,99.10771696224826,76.73654167895188,90.20000000328605,2363.800000001712,2042.0,1131.0,0.0,0.0,433.0,242.0,0.0,0.0,4.0,4.0,0.0,0.0,-1339.9000000000037,-1311.4000000000024,-99.90979999999671,-135.88806507401577,1,0
0.1,100.0,1440,1,30,30,0,0,300,25.0,18,2,99,0.0,1,flat,90.20000000328605,2680.5000000017103,-61.02386916071616,-32.41498171611201,99.10771696224826,76.73654167895188,90.20000000328605,2363.800000001712,2042.0,1131.0,0.0,0.0,433.0,242.0,0.0,0.0,4.0,4.0,0.0,0.0,-1339.9000000000037,-1311.4000000000024,-99.90979999999671,-135.88806507401577,1,0
0.1,100.0,1440,1,30,30,0,0,300,25.0,12,2,99,0.0,1,flat,90.20000000328605,2680.5000000017103,-61.02386916071616,-32.41498171611201,99.10771696224826,76.73654167895188,90.20000000328605,2363.800000001712,2042.0,1131.0,0.0,0.0,433.0,242.0,0.0,0.0,4.0,4.0,0.0,0.0,-1339.9000000000037,-1311.4000000000024,-99.90979999999671,-135.88806507401577,1,0
0.1,100.0,1440,1,30,30,0,0,300,25.0,8,2,5,0.1,3,inc_every3,90.20000000328605,2680.5000000017103,-61.02386916071616,-32.41498171611201,99.10771696224826,76.73654167895188,90.20000000328605,2363.800000001712,2042.0,1131.0,0.0,0.0,433.0,242.0,0.0,0.0,4.0,4.0,0.0,0.0,-1339.9000000000037,-1311.4000000000024,-99.90979999999671,-135.88806507401577,1,0
0.1,100.0,1440,1,30,30,0,0,300,25.0,18,2,5,0.1,3,inc_every3,90.20000000328605,2680.5000000017103,-61.02386916071616,-32.41498171611201,99.10771696224826,76.73654167895188,90.20000000328605,2363.800000001712,2042.0,1131.0,0.0,0.0,433.0,242.0,0.0,0.0,4.0,4.0,0.0,0.0,-1339.9000000000037,-1311.4000000000024,-99.90979999999671,-135.88806507401577,1,0
0.1,100.0,1440,1,30,30,0,0,300,25.0,5,2,99,0.0,1,flat,90.20000000328605,2680.5000000017103,-61.02386916071616,-32.41498171611201,99.10771696224826,76.73654167895188,90.20000000328605,2363.800000001712,2042.0,1131.0,0.0,0.0,433.0,242.0,0.0,0.0,4.0,4.0,0.0,0.0,-1339.9000000000037,-1311.4000000000024,-99.90979999999671,-135.88806507401577,1,0
0.1,100.0,1440,1,30,30,0,0,200,25.0,12,25,5,0.1,3,inc_every3,90.18870000001294,105.01200000001268,-61.02484635304217,-74.22687301319148,99.40114540311565,98.9990659015956,90.18870000000004,105.01200000000028,576.0,635.0,0.0,0.0,20.0,21.0,2.0,2.0,12.0,12.0,24.0,23.0,-1039.0999999999995,-2148.7000000000035,-99.9098113,-99.894988,1,1
0.1,100.0,1440,1,30,30,0,0,200,15.0,8,0,99,0.0,1,flat,90.10719999999856,88.70000000177697,-61.03189714440834,-75.48961140319926,99.13545502518605,99.13137999919918,90.10719999999128,88.70000000177697,511.0,388.0,5.0,2.0,0.0,0.0,1.0,1.0,8.0,8.0,26.0,18.0,-6521.000000000123,-5730.70000000009,-99.90989280000001,-99.91129999999822,1,1
0.1,100.0,1440,1,30,30,0,0,150,10.0,12,6,5,0.1,3,inc_every3,90.02559999998715,86.13639999998446,-61.03896169937102,-75.70258938324889,99.11245366353828,99.14323681828601,90.02559999998715,86.13639999998446,1685.0,1495.0,0.0,0.0,72.0,64.0,1.0,1.0,8.0,8.0,0.0,0.0,-541.5999999999999,-924.6000000000014,-99.90997440000001,-99.91386360000001,1,1
0.1,100.0,1440,1,30,30,0,0,150,10.0,18,6,5,0.1,3,inc_every3,90.02559999998715,86.13639999998446,-61.03896169937102,-75.70258938324889,99.11245366353828,99.14323681828601,90.02559999998715,86.13639999998446,1685.0,1495.0,0.0,0.0,72.0,64.0,1.0,1.0,8.0,8.0,0.0,0.0,-541.5999999999999,-924.6000000000014,-99.90997440000001,-99.91386360000001,1,1
0.1,100.0,1440,1,30,30,0,0,150,10.0,8,6,5,0.1,3,inc_every3,90.02559999998715,86.13639999998446,-61.03896169937102,-75.70258938324889,99.11245366353828,99.14323681828601,90.02559999998715,86.13639999998446,1685.0,1495.0,0.0,0.0,72.0,64.0,1.0,1.0,8.0,8.0,86.0,75.0,-541.5999999999999,-924.6000000000014,-99.90997440000001,-99.91386360000001,1,1
0.1,100.0,1440,1,30,30,0,0,150,15.0,8,6,99,0.0,1,flat,90.0004000000003,61.42000000000161,-61.041144435285766,-78.02884585439037,99.11311305787407,99.38769813577915,90.00039999999672,61.4199999999982,990.0,985.0,0.0,0.0,69.0,68.0,1.0,1.0,8.0,8.0,87.0,88.0,-573.4000000000004,-943.800000000001,-99.9099996,-99.93858,1,1
0.1,100.0,1440,1,30,30,0,0,400,15.0,8,0,99,0.0,1,flat,89.85600000000704,4888.900000001668,-61.05366129348231,-19.18043131062027,99.32439605717258,81.56270266374052,89.85599999999613,2302.8000000015527,651.0,513.0,7.0,3.0,0.0,0.0,1.0,0.0,8.0,8.0,17.0,11.0,-5864.9000000000915,-6330.8000000001175,-99.910144,-132.3058366381013,1,0
0.1,100.0,1440,1,30,30,0,0,200,25.0,8,0,99,0.0,1,flat,89.85280000000421,1149.6000000013519,-61.05393885755412,-47.46596641481069,99.17717216117232,89.05425993201565,89.85279999998966,1120.8000000013599,252.0,216.0,5.0,2.0,0.0,0.0,1.0,0.0,8.0,8.0,23.0,17.0,-6757.600000000131,-7111.700000000151,-99.91014720000001,-98.87919999999863,1,1
0.1,100.0,1440,1,30,30,0,0,150,25.0,8,0,99,0.0,1,flat,89.73840000001292,69.50000000210093,-61.063866971149615,-77.20575090366022,99.19114516201726,99.33546875744995,89.738400000002,69.50000000210093,229.0,186.0,5.0,2.0,0.0,0.0,1.0,1.0,8.0,8.0,31.0,23.0,-6840.600000000136,-7270.300000000158,-99.9102616,-99.9304999999979,1,1
0.1,100.0,1440,1,30,30,0,0,75,5.3,8,0,99,0.0,1,flat,89.46960000001127,86.10000000718537,-61.08723446769453,-75.705645273418,99.15174591135364,99.14093290090116,89.46960000000763,86.10000000718537,1501.0,1049.0,10.0,6.0,0.0,0.0,1.0,1.0,8.0,8.0,75.0,56.0,-6799.8000000001375,-5582.900000000082,-99.9105304,-99.91389999999282,1,1
0.1,100.0,1440,1,30,30,0,0,100,5.3,18,6,5,0.1,3,inc_every3,89.45859999999931,48.240800000005066,-61.08819192225893,-79.55258146196364,99.12525325615054,99.51838666200764,89.45859999999539,48.240800000005066,1702.0,1808.0,0.0,0.0,45.0,46.0,1.0,2.0,10.0,10.0,0.0,0.0,-155.49999999999994,-505.2999999999995,-99.9105414,-99.9517592,1,1
0.1,100.0,1440,1,30,30,0,0,100,5.3,12,6,5,0.1,3,inc_every3,89.45859999999931,48.240800000005066,-61.08819192225893,-79.55258146196364,99.12525325615054,99.51838666200764,89.45859999999539,48.240800000005066,1702.0,1808.0,0.0,0.0,45.0,46.0,1.0,2.0,10.0,10.0,0.0,0.0,-155.49999999999994,-505.2999999999995,-99.9105414,-99.9517592,1,1
0.1,100.0,1440,1,30,30,0,0,75,10.0,8,4,99,0.0,1,flat,89.45859999997623,97.59999999999428,-61.08819192226094,-74.78218703531131,99.14928535428024,99.07767036165542,89.45859999997623,97.59999999999428,1616.0,1351.0,0.0,0.0,129.0,109.0,1.0,1.0,8.0,8.0,221.0,161.0,-412.90000000000003,-671.7000000000002,-99.91054140000003,-99.9024,1,1
0.1,100.0,1440,1,30,30,0,0,400,10.0,18,25,5,0.1,3,inc_every3,89.45020000000181,46.17800000000784,-61.08892313279508,-79.81677007248867,99.14548094651275,99.63090080728954,89.45020000000181,46.17800000000784,2871.0,1509.0,0.0,2.0,20.0,12.0,1.0,1.0,10.0,10.0,0.0,0.0,-3028.4999999999923,-1685.8999999999996,-99.9105498,-99.95382199999999,1,1
0.1,100.0,1440,1,30,30,0,0,400,10.0,12,25,5,0.1,3,inc_every3,89.45020000000181,46.17800000000784,-61.08892313279508,-79.81677007248867,99.14548094651275,99.63090080728954,89.45020000000181,46.17800000000784,2871.0,1509.0,0.0,2.0,20.0,12.0,1.0,1.0,10.0,10.0,0.0,0.0,-3028.4999999999923,-1685.8999999999996,-99.9105498,-99.95382199999999,1,1
0.1,100.0,1440,1,30,30,0,0,150,25.0,18,0,5,0.1,3,inc_every3,89.44879999999887,46.86560000000881,-61.089045006557896,-79.72780243395549,99.17163998036732,99.85127650189297,89.44879999999887,46.86559999999932,47.0,217.0,0.0,0.0,0.0,0.0,3.0,3.0,18.0,18.0,1.0,5.0,-141.20000000000002,-2212.700000000002,-99.9105512,-99.9531344,1,1
0.1,100.0,1440,1,30,30,0,0,150,15.0,18,0,5,0.1,3,inc_every3,89.4390000000115,35.359199999998395,-61.08989816561896,-81.3580294094067,99.16067004504501,99.86371898341932,89.43900000000662,35.359199999998026,83.0,436.0,0.0,1.0,0.0,0.0,3.0,5.0,18.0,18.0,1.0,4.0,-125.90000000000002,-2252.9000000000015,-99.91056099999999,-99.9646408,1,1
0.1,100.0,1440,1,30,30,0,0,75,15.0,8,0,99,0.0,1,flat,89.28000000001339,466.0000000033215,-61.1037506952618,-59.844699593991166,99.13674073214591,95.87586076782104,89.28000000001339,437.2000000033295,346.0,298.0,6.0,2.0,0.0,0.0,1.0,0.0,8.0,8.0,55.0,48.0,-6987.800000000146,-7572.300000000172,-99.91071999999998,-99.56279999999667,1,1
0.1,100.0,1440,1,30,30,0,0,100,15.0,8,0,99,0.0,1,flat,89.27999999997701,283.10000000043874,-61.10375069526498,-65.3794779903475,99.24351804778871,97.59256278932851,89.27999999997701,254.3000000004431,399.0,331.0,6.0,2.0,0.0,0.0,1.0,0.0,8.0,8.0,41.0,38.0,-6906.4000000001415,-7484.000000000169,-99.91072000000003,-99.74569999999956,1,1
0.1,100.0,1440,1,30,30,0,0,75,10.0,18,4,99,0.0,1,flat,89.27379999999692,60.823999999995294,-61.10429125640856,-78.0925069009465,99.17367383396451,99.44940209470545,89.27379999999692,60.823999999992225,1680.0,1325.0,0.0,0.0,135.0,109.0,1.0,1.0,11.0,10.0,0.0,0.0,-459.09999999999985,-676.5000000000005,-99.9107262,-99.939176,1,1
0.1,100.0,1440,1,30,30,0,0,75,10.0,12,4,99,0.0,1,flat,89.27379999999692,60.823999999995294,-61.10429125640856,-78.0925069009465,99.17367383396451,99.44940209470545,89.27379999999692,60.823999999992225,1680.0,1325.0,0.0,0.0,135.0,109.0,1.0,1.0,11.0,10.0,0.0,0.0,-459.09999999999985,-676.5000000000005,-99.9107262,-99.939176,1,1
0.1,100.0,1440,1,30,30,0,0,100,15.0,8,4,5,0.1,3,inc_every3,89.2612000000097,46.32640000000296,-61.10538990868466,-79.79749044718321,99.13219000952762,99.59113903941535,89.2612000000072,46.32640000000296,1045.0,1201.0,0.0,0.0,130.0,142.0,1.0,1.0,8.0,8.0,153.0,157.0,-444.00000000000006,-912.9000000000011,-99.91073879999999,-99.9536736,1,1
0.1,100.0,1440,1,30,30,0,0,100,15.0,18,4,5,0.1,3,inc_every3,89.26120000000384,81.12160000002274,-61.10538990868517,-76.1324378606041,99.13219000952776,99.41730086698287,89.26119999999423,66.00000000031744,1046.0,1208.0,0.0,0.0,130.0,142.0,1.0,1.0,9.0,9.0,0.0,0.0,-444.1,-930.000000000001,-99.9107388,-99.93399999999968,1,1
0.1,100.0,1440,1,30,30,0,0,100,15.0,12,4,5,0.1,3,inc_every3,89.26120000000384,81.12160000002274,-61.10538990868517,-76.1324378606041,99.13219000952776,99.41730086698287,89.26119999999423,66.00000000031744,1046.0,1208.0,0.0,0.0,130.0,142.0,1.0,1.0,9.0,9.0,0.0,0.0,-444.1,-930.000000000001,-99.9107388,-99.93399999999968,1,1
0.1,100.0,1440,1,30,30,0,0,100,10.0,8,0,99,0.0,1,flat,89.0927999999949,85.30000000072141,-61.12008540484617,-75.7730380461245,99.19934576499668,99.18035937349168,89.0927999999949,85.30000000072141,705.0,563.0,8.0,2.0,0.0,0.0,1.0,1.0,8.0,8.0,52.0,40.0,-6811.200000000133,-6978.900000000147,-99.91090720000001,-99.91469999999927,1,1
0.1,100.0,1440,1,30,30,0,0,75,25.0,8,0,99,0.0,1,flat,88.9527999999882,388.6000000020249,-61.132319486398615,-61.95749444803258,99.1406024771512,96.5827713932756,88.9527999999882,359.8000000020329,180.0,148.0,6.0,2.0,0.0,0.0,1.0,0.0,8.0,8.0,45.0,39.0,-7041.500000000147,-7650.700000000175,-99.91104720000001,-99.64019999999796,1,1
0.1,100.0,1440,1,30,30,0,0,75,15.0,18,0,5,0.1,3,inc_every3,88.78100000000384,45.46480000000528,-61.147353516412,-79.91003872878767,99.20843623784103,99.79686618978909,88.78099999999847,45.464800000001105,50.0,271.0,0.0,1.0,0.0,0.0,3.0,3.0,18.0,18.0,2.0,12.0,-164.49999999999994,-4205.000000000009,-99.911219,-99.9545352,1,1
0.1,100.0,1440,1,30,30,0,0,75,25.0,18,0,5,0.1,3,inc_every3,88.76490000000328,75.26889999999662,-61.148763602024424,-76.65840156321592,99.24484967587168,99.36275980595518,88.76489999999751,75.26889999999662,27.0,75.0,0.0,1.0,0.0,0.0,3.0,3.0,18.0,18.0,2.0,5.0,-164.9,-2001.4999999999982,-99.9112351,-99.9247311,1,1
0.1,100.0,1440,1,30,30,0,0,100,10.0,18,15,5,0.1,3,inc_every3,92.0002999999908,77.24780000002391,-60.86942011087365,-76.47744759334911,99.13835862484068,99.23084475067706,88.74820000003433,77.24780000000055,664.0,578.0,0.0,0.0,19.0,16.0,2.0,2.0,14.0,14.0,0.0,0.0,-244.79999999999995,-530.1999999999994,-99.91125179999996,-99.9227522,1,1
0.1,100.0,1440,1,30,30,0,0,150,10.0,12,25,99,0.0,1,flat,88.6662000000074,82.02599999999848,-61.15741251402274,-76.05356316672203,99.1873836058364,99.24918305888394,88.66619999999864,82.02599999999848,1105.0,1715.0,0.0,2.0,13.0,17.0,1.0,2.0,12.0,12.0,28.0,35.0,-808.8999999999997,-2296.000000000006,-99.91133380000001,-99.917974,1,1
0.1,100.0,1440,1,30,30,0,0,75,5.3,12,6,5,0.1,3,inc_every3,88.61369999999897,45.79520000000636,-61.1620161371119,-79.86670388437615,99.23082391542131,99.54274759617785,88.61369999999897,45.79520000000136,2345.0,1497.0,0.0,0.0,65.0,46.0,1.0,1.0,11.0,11.0,0.0,0.0,-240.09999999999997,-465.7999999999997,-99.9113863,-99.9542048,1,1
0.1,100.0,1440,1,30,30,0,0,75,5.3,18,6,5,0.1,3,inc_every3,88.61369999999897,45.79520000000636,-61.1620161371119,-79.86670388437615,99.23082391542131,99.54274759617785,88.61369999999897,45.79520000000136,2345.0,1497.0,0.0,0.0,65.0,46.0,1.0,1.0,11.0,11.0,0.0,0.0,-240.09999999999997,-465.7999999999997,-99.9113863,-99.9542048,1,1
0.1,100.0,1440,1,30,30,0,0,150,15.0,12,25,5,0.1,3,inc_every3,88.60109999999281,104.69159999999283,-61.16312133127144,-74.25029832215037,99.31159550911026,99.30973178257807,88.60109999999281,104.69159999999283,810.0,1299.0,0.0,0.0,17.0,26.0,2.0,1.0,12.0,12.0,29.0,44.0,-787.7999999999997,-2570.1000000000054,-99.91139890000001,-99.8953084,1,1
0.1,100.0,1440,1,30,30,0,0,150,25.0,5,2,99,0.0,1,flat,88.60000000947258,100.00000000507168,-61.16321782161086,-74.5992285891233,99.14368004939332,99.04277824038643,88.60000000947258,100.00000000507168,1809.0,1021.0,0.0,0.0,523.0,305.0,0.0,0.0,5.0,5.0,620.0,356.0,-1276.300000000001,-1349.800000000001,-99.91139999999052,-99.89999999999493,1,1
0.1,100.0,1440,1,30,30,0,0,150,25.0,5,2,5,0.1,3,inc_every3,88.60000000947258,100.00000000507168,-61.16321782161086,-74.5992285891233,99.14368004939332,99.04277824038643,88.60000000947258,100.00000000507168,1809.0,1021.0,0.0,0.0,523.0,305.0,0.0,0.0,5.0,5.0,620.0,356.0,-1276.300000000001,-1349.800000000001,-99.91139999999052,-99.89999999999493,1,1
0.1,100.0,1440,1,30,30,0,0,75,15.0,18,15,99,0.0,1,flat,88.3897000000074,58.77149999999804,-61.181682808594616,-78.31515350344742,99.14222233004992,99.54699856634149,88.38970000000722,58.77149999999804,641.0,502.0,0.0,0.0,29.0,24.0,2.0,2.0,18.0,18.0,36.0,30.0,-719.3000000000003,-1035.3999999999996,-99.91161029999999,-99.94122850000001,1,1
0.1,100.0,1440,1,30,30,0,0,200,10.0,12,10,5,0.1,3,inc_every3,88.09360000001323,34.45680000000064,-61.2077409610954,-81.5008922815824,99.15415798519425,99.67986174986765,88.09360000000527,34.456799999996406,1367.0,2747.0,0.0,0.0,34.0,58.0,1.0,2.0,9.0,9.0,0.0,0.0,-617.9000000000001,-2012.3000000000036,-99.91190639999999,-99.9655432,1,1
0.1,100.0,1440,1,30,30,0,0,200,10.0,18,10,5,0.1,3,inc_every3,88.09360000001323,34.45680000000064,-61.2077409610954,-81.5008922815824,99.15415798519425,99.67986174986765,88.09360000000527,34.456799999996406,1367.0,2747.0,0.0,0.0,34.0,58.0,1.0,2.0,9.0,9.0,0.0,0.0,-617.9000000000001,-2012.3000000000036,-99.91190639999999,-99.9655432,1,1
0.1,100.0,1440,1,30,30,0,0,150,5.3,18,15,5,0.1,3,inc_every3,87.97319999999957,61.627000000000805,-61.21835674942646,-78.0068369348954,99.15503006320017,99.48033122802305,87.9731999999907,61.62699999999552,2238.0,3493.0,0.0,0.0,19.0,28.0,2.0,2.0,12.0,12.0,0.0,0.0,-415.8999999999997,-1412.5000000000023,-99.9120268,-99.938373,1,1
0.1,100.0,1440,1,30,30,0,0,150,5.3,12,15,5,0.1,3,inc_every3,87.97319999999957,61.627000000000805,-61.21835674942646,-78.0068369348954,99.15503006320017,99.48033122802305,87.9731999999907,61.62699999999552,2238.0,3493.0,0.0,0.0,19.0,28.0,2.0,2.0,12.0,12.0,19.0,26.0,-415.8999999999997,-1412.5000000000023,-99.9120268,-99.938373,1,1
0.1,100.0,1440,1,30,30,0,0,200,5.3,18,10,5,0.1,3,inc_every3,87.9284000000145,103.02660000000174,-61.22230977689398,-74.37284861810016,99.144756883991,99.13247204354299,87.92840000000706,87.66369999998167,2584.0,4493.0,0.0,0.0,30.0,44.0,1.0,2.0,9.0,9.0,0.0,0.0,-543.3,-1618.8000000000015,-99.91207159999999,-99.91233630000002,1,1
0.1,100.0,1440,1,30,30,0,0,200,5.3,12,10,5,0.1,3,inc_every3,87.9284000000145,103.02660000000174,-61.22230977689398,-74.37284861810016,99.144756883991,99.13247204354299,87.92840000000706,87.66369999998167,2584.0,4493.0,0.0,0.0,30.0,44.0,1.0,2.0,9.0,9.0,0.0,0.0,-543.3,-1618.8000000000015,-99.91207159999999,-99.91233630000002,1,1
0.1,100.0,1440,1,30,30,0,0,100,10.0,3,4,99,0.0,1,flat,92.10000000336532,33.57000000000676,-60.86093765523564,-81.6438692197273,99.13663553050944,99.66502354913383,87.90000000330537,33.57000000000329,2943.0,2529.0,1.0,2.0,159.0,136.0,0.0,1.0,3.0,3.0,1078.0,905.0,-1653.4999999999839,-2074.699999999972,-99.9120999999967,-99.96643,1,1
0.1,100.0,1440,1,30,30,0,0,100,10.0,3,4,5,0.1,3,inc_every3,92.10000000336532,33.57000000000676,-60.86093765523564,-81.6438692197273,99.13663553050944,99.66502354913383,87.90000000330537,33.57000000000329,2943.0,2529.0,1.0,2.0,159.0,136.0,0.0,1.0,3.0,3.0,1078.0,905.0,-1653.4999999999839,-2074.699999999972,-99.9120999999967,-99.96643,1,1
0.1,100.0,1440,1,30,30,0,0,300,25.0,12,25,99,0.0,1,flat,92.49100000001829,6637.7000000005355,-60.82774217692341,-11.480975768282997,99.21922991318556,71.85139440804643,87.70000000143682,3145.100000000186,832.0,920.0,0.0,1.0,21.0,20.0,1.0,0.0,12.0,12.0,24.0,23.0,-2147.600000000001,-4977.899999999989,-99.91229999999857,-105.18376458437587,1,0
0.1,100.0,1440,1,30,30,0,0,75,5.3,12,25,99,0.0,1,flat,87.62179999999978,83.24820000002114,-61.249406635539884,-75.94793717642378,99.14229135261068,99.3562321171725,87.62179999999978,83.24820000000642,2265.0,3559.0,0.0,0.0,15.0,22.0,1.0,1.0,12.0,12.0,69.0,113.0,-821.3000000000004,-2432.400000000005,-99.9123782,-99.9167518,1,1
0.1,100.0,1440,1,30,30,0,0,200,25.0,12,6,99,0.0,1,flat,87.60000000930381,44.7820000000018,-61.2513361731302,-80.00029977088236,99.1880393373689,99.5884801646741,87.60000000929324,44.7820000000018,1856.0,1124.0,0.0,0.0,188.0,117.0,0.0,1.0,8.0,8.0,0.0,0.0,-2477.3999999999987,-2699.1999999999916,-99.91239999999071,-99.955218,1,1
0.1,100.0,1440,1,30,30,0,0,200,25.0,18,6,99,0.0,1,flat,87.60000000930381,44.7820000000018,-61.2513361731302,-80.00029977088236,99.1880393373689,99.5884801646741,87.60000000929324,44.7820000000018,1856.0,1124.0,0.0,0.0,188.0,117.0,0.0,1.0,8.0,8.0,0.0,0.0,-2477.3999999999987,-2699.1999999999916,-99.91239999999071,-99.955218,1,1
0.1,100.0,1440,1,30,30,0,0,200,25.0,8,6,99,0.0,1,flat,87.60000000930381,44.7820000000018,-61.2513361731302,-80.00029977088236,99.1880393373689,99.5884801646741,87.60000000929324,44.7820000000018,1856.0,1124.0,0.0,0.0,188.0,117.0,0.0,1.0,8.0,8.0,191.0,115.0,-2477.3999999999987,-2699.1999999999916,-99.91239999999071,-99.955218,1,1
0.1,100.0,1440,1,30,30,0,0,75,15.0,18,6,99,0.0,1,flat,87.58259999998387,47.83520000000452,-61.25287653989626,-79.60389208836767,99.1697072541811,99.52474193003553,87.58259999998387,47.83519999999345,888.0,553.0,0.0,0.0,89.0,59.0,1.0,2.0,13.0,13.0,0.0,0.0,-448.3,-570.9000000000004,-99.91241740000001,-99.9521648,1,1
0.1,100.0,1440,1,30,30,0,0,400,25.0,8,0,99,0.0,1,flat,87.53760000001057,5629.000000001091,-61.256861380359005,-15.718124211867035,99.38962884455825,76.50107854833777,87.53759999999602,2974.000000000986,373.0,265.0,5.0,1.0,0.0,0.0,1.0,0.0,8.0,8.0,19.0,11.0,-6203.100000000111,-6387.300000000122,-99.91246240000001,-118.72028130854258,1,0
0.1,100.0,1440,1,30,30,0,0,100,10.0,12,4,99,0.0,1,flat,87.47200000000697,86.82240000001207,-61.26267332859536,-75.64516648542966,99.14541404509745,99.17381242387327,87.472000000006,86.82240000000616,1307.0,1615.0,0.0,0.0,96.0,111.0,1.0,1.0,9.0,9.0,0.0,0.0,-299.99999999999983,-711.0999999999999,-99.912528,-99.9131776,1,1
0.1,100.0,1440,1,30,30,0,0,100,10.0,18,4,99,0.0,1,flat,87.47200000000697,86.82240000001207,-61.26267332859536,-75.64516648542966,99.14541404509745,99.17381242387327,87.472000000006,86.82240000000616,1307.0,1615.0,0.0,0.0,96.0,111.0,1.0,1.0,9.0,9.0,0.0,0.0,-299.99999999999983,-711.0999999999999,-99.912528,-99.9131776,1,1
0.1,100.0,1440,1,30,30,0,0,100,15.0,8,25,5,0.1,3,inc_every3,90.78929999999906,97.71479999999264,-60.97304334757082,-74.77336398282428,99.16994550590123,99.47021664414693,87.27939999999484,58.420799999985775,953.0,1718.0,0.0,2.0,22.0,36.0,2.0,2.0,8.0,8.0,118.0,220.0,-1407.0000000000014,-7180.7000000000135,-99.9127206,-99.94157920000002,1,1
0.1,100.0,1440,1,30,30,0,0,150,25.0,18,10,99,0.0,1,flat,87.06960000002005,44.61359999999985,-61.29840115594736,-80.02270942801802,99.34041179946401,99.60447182942536,87.0695999999839,44.61359999999695,1872.0,1139.0,0.0,0.0,143.0,88.0,2.0,2.0,12.0,12.0,0.0,0.0,-3742.599999999986,-3627.7999999999943,-99.91293040000002,-99.95538640000001,1,1
0.1,100.0,1440,1,30,30,0,0,150,25.0,12,10,99,0.0,1,flat,87.06960000002005,44.61359999999985,-61.29840115594736,-80.02270942801802,99.34041179946401,99.60447182942536,87.0695999999839,44.61359999999695,1872.0,1139.0,0.0,0.0,143.0,88.0,2.0,2.0,12.0,12.0,108.0,62.0,-3742.599999999986,-3627.7999999999943,-99.91293040000002,-99.95538640000001,1,1
0.1,100.0,1440,1,30,30,0,0,75,25.0,18,6,99,0.0,1,flat,87.06180000001496,106.22159999999758,-61.29909499709538,-74.13888579176209,99.15887194945215,98.94553432272798,87.06180000000677,106.22159999999758,1518.0,355.0,0.0,0.0,277.0,70.0,2.0,1.0,14.0,13.0,0.0,0.0,-2795.399999999995,-841.3000000000008,-99.9129382,-99.8937784,1,1
0.1,100.0,1440,1,30,30,0,0,150,10.0,8,6,99,0.0,1,flat,86.67539999999008,87.02400000000648,-61.33352922774814,-75.62835179958182,99.14548268790924,99.1321552515058,86.67539999999008,87.02400000000421,1251.0,1525.0,0.0,0.0,55.0,63.0,1.0,1.0,8.0,8.0,65.0,84.0,-450.0000000000001,-844.0000000000018,-99.91332460000001,-99.912976,1,1
0.1,100.0,1440,1,30,30,0,0,200,25.0,18,0,5,0.1,3,inc_every3,86.60470000000487,46.63600000000673,-61.339842977272085,-79.75740749286693,99.78034052979194,99.81047284254163,86.60470000000385,46.63599999999906,402.0,196.0,0.0,0.0,0.0,0.0,3.0,3.0,18.0,18.0,4.0,1.0,-4133.599999999997,-1602.4,-99.91339529999999,-99.95336400000001,1,1
0.1,100.0,1440,1,30,30,0,0,100,25.0,8,25,99,0.0,1,flat,86.53600000000256,86.82559999999557,-61.345982070752335,-75.64489937156382,99.24923002177628,99.16707661019556,86.53599999999983,86.82559999999557,1334.0,716.0,1.0,3.0,51.0,28.0,1.0,1.0,8.0,8.0,289.0,165.0,-5857.900000000093,-6293.400000000096,-99.913464,-99.9131744,1,1
0.1,100.0,1440,1,30,30,0,0,100,5.3,12,6,99,0.0,1,flat,86.31559999999797,75.0616999999877,-61.36570356324268,-76.67754076455007,99.15598623225253,99.25061947786166,86.31559999999797,75.0616999999877,2422.0,2621.0,0.0,0.0,56.0,60.0,1.0,2.0,11.0,11.0,0.0,0.0,-281.09999999999985,-829.1999999999995,-99.91368440000001,-99.92493830000001,1,1
0.1,100.0,1440,1,30,30,0,0,100,5.3,18,6,99,0.0,1,flat,86.31559999999797,75.0616999999877,-61.36570356324268,-76.67754076455007,99.15598623225253,99.25061947786166,86.31559999999797,75.0616999999877,2422.0,2621.0,0.0,0.0,56.0,60.0,1.0,2.0,11.0,11.0,0.0,0.0,-281.09999999999985,-829.1999999999995,-99.91368440000001,-99.92493830000001,1,1
0.1,100.0,1440,1,30,30,0,0,100,10.0,8,10,5,0.1,3,inc_every3,86.299500000015,46.747199999998855,-61.36714577662366,-79.74305640012744,99.15686916253077,99.56611100798224,86.29950000000184,46.74719999999178,1480.0,2377.0,0.0,0.0,49.0,71.0,1.0,2.0,8.0,8.0,127.0,186.0,-716.1000000000005,-2028.9000000000015,-99.9137005,-99.9532528,1,1
0.1,100.0,1440,1,30,30,0,0,75,10.0,12,4,5,0.1,3,inc_every3,86.28970000001448,76.0354000000238,-61.36802375101236,-76.58791947460567,99.1637217371078,99.33804047411414,86.28970000000726,71.37380000007448,1229.0,1363.0,0.0,0.0,110.0,117.0,1.0,2.0,9.0,9.0,0.0,0.0,-299.2,-601.7000000000005,-99.91371029999999,-99.92862619999993,1,1
0.1,100.0,1440,1,30,30,0,0,75,10.0,18,4,5,0.1,3,inc_every3,86.28970000001448,76.0354000000238,-61.36802375101236,-76.58791947460567,99.1637217371078,99.33804047411414,86.28970000000726,71.37380000007448,1229.0,1363.0,0.0,0.0,110.0,117.0,1.0,2.0,9.0,9.0,0.0,0.0,-299.2,-601.7000000000005,-99.91371029999999,-99.92862619999993,1,1
0.1,100.0,1440,1,30,30,0,0,150,10.0,12,6,99,0.0,1,flat,86.19379999999364,99.44000000000005,-61.37661956931311,-74.64164067983876,99.15023069642723,99.00833698990785,86.19379999999364,99.44000000000005,1277.0,1523.0,0.0,0.0,56.0,63.0,1.0,1.0,9.0,9.0,0.0,0.0,-470.80000000000007,-846.6000000000017,-99.91380620000001,-99.90056,1,1
0.1,100.0,1440,1,30,30,0,0,150,10.0,18,6,99,0.0,1,flat,86.19379999999364,99.44000000000005,-61.37661956931311,-74.64164067983876,99.15023069642723,99.00833698990785,86.19379999999364,99.44000000000005,1277.0,1523.0,0.0,0.0,56.0,63.0,1.0,1.0,9.0,9.0,0.0,0.0,-470.80000000000007,-846.6000000000017,-99.91380620000001,-99.90056,1,1
0.1,100.0,1440,1,30,30,0,0,150,25.0,18,25,5,0.1,3,inc_every3,85.8585000000129,22402.50000004129,-61.40673382034399,27.127649919671892,99.32071284465411,57.24397585388673,85.85850000000437,6931.100000000782,493.0,1508.0,0.0,0.0,22.0,56.0,2.0,0.0,14.0,14.0,0.0,0.0,-1185.3000000000002,-6990.899999999999,-99.9141415,-37.360301788101566,1,0
0.1,100.0,1440,1,30,30,0,0,300,25.0,12,0,5,0.1,3,inc_every3,85.73180000001116,21.435000000002717,-61.418137600849384,-83.93780317734117,99.40006997753721,99.87450528090676,85.73180000000002,21.43500000000091,249.0,167.0,0.0,0.0,0.0,0.0,2.0,3.0,12.0,12.0,4.0,2.0,-2318.699999999999,-923.8000000000005,-99.9142682,-99.978565,1,1
0.1,100.0,1440,1,30,30,0,0,150,5.3,12,6,99,0.0,1,flat,87.57140000000908,84.6817999999983,-61.25386816930496,-75.82542054532786,99.15236635175663,99.17953532534985,85.70000000564772,84.68179999999404,2135.0,2433.0,0.0,0.0,45.0,49.0,1.0,1.0,9.0,9.0,0.0,0.0,-332.3000000000001,-775.500000000001,-99.91429999999436,-99.9153182,1,1
0.1,100.0,1440,1,30,30,0,0,150,5.3,18,6,99,0.0,1,flat,87.57140000000908,84.6817999999983,-61.25386816930496,-75.82542054532786,99.15236635175663,99.17953532534985,85.70000000564772,84.68179999999404,2135.0,2433.0,0.0,0.0,45.0,49.0,1.0,1.0,9.0,9.0,0.0,0.0,-332.3000000000001,-775.500000000001,-99.91429999999436,-99.9153182,1,1
0.1,100.0,1440,1,30,30,0,0,300,15.0,8,25,99,0.0,1,flat,85.70000000136679,5554.800000000818,-61.42100191279387,-16.0502683680939,99.15994393090008,60.44103650486032,85.70000000136679,5153.900000000851,1247.0,1550.0,3.0,4.0,16.0,17.0,1.0,0.0,8.0,8.0,39.0,48.0,-1965.4999999999925,-4631.500000000013,-99.91429999999863,-86.93234137781454,1,0
0.1,100.0,1440,1,30,30,0,0,400,25.0,12,15,99,0.0,1,flat,85.69359999999756,2395.9000000024316,-61.42157848100223,-34.63512503304936,99.30916771468206,88.93828067595184,85.69359999998733,1204.4000000023825,1313.0,895.0,0.0,0.0,44.0,30.0,1.0,0.0,9.0,9.0,0.0,0.0,-3036.199999999984,-3452.9999999999854,-99.91430640000002,-98.79559999999762,1,1
0.1,100.0,1440,1,30,30,0,0,400,25.0,18,15,99,0.0,1,flat,85.69359999999756,2395.9000000024316,-61.42157848100223,-34.63512503304936,99.30916771468206,88.93828067595184,85.69359999998733,1204.4000000023825,1313.0,895.0,0.0,0.0,44.0,30.0,1.0,0.0,9.0,9.0,0.0,0.0,-3036.199999999984,-3452.9999999999854,-99.91430640000002,-98.79559999999762,1,1
0.1,100.0,1440,1,30,30,0,0,75,15.0,8,25,99,0.0,1,flat,85.5663999999997,87.71360000000823,-61.43304492310497,-75.57104094722791,99.16962103935181,99.18715213744923,85.56639999999425,87.71359999999868,1504.0,1241.0,0.0,4.0,34.0,27.0,2.0,1.0,8.0,8.0,270.0,200.0,-3344.7000000000075,-6209.200000000096,-99.91443360000001,-99.9122864,1,1
0.1,100.0,1440,1,30,30,0,0,100,15.0,18,25,5,0.1,3,inc_every3,87.45589999999982,56.479999999999706,-61.264100269436895,-78.57027567995405,99.3367421010997,99.56184447340658,85.52179999999149,56.47999999999783,953.0,446.0,0.0,0.0,26.0,14.0,4.0,2.0,16.0,16.0,0.0,0.0,-1156.400000000001,-987.4,-99.9144782,-99.94352,1,1
0.1,100.0,1440,1,30,30,0,0,100,10.0,5,2,99,0.0,1,flat,84.60000000145055,70.1000000014599,-61.52060924084171,-77.14736902470601,99.19405544439887,99.35499898785946,84.60000000145055,70.1000000014599,2276.0,1884.0,0.0,0.0,277.0,232.0,0.0,0.0,5.0,5.0,425.0,379.0,-408.1999999999998,-572.4000000000001,-99.91539999999856,-99.92989999999854,1,1
0.1,100.0,1440,1,30,30,0,0,100,10.0,5,2,5,0.1,3,inc_every3,84.60000000145055,70.1000000014599,-61.52060924084171,-77.14736902470601,99.19405544439887,99.35499898785946,84.60000000145055,70.1000000014599,2276.0,1884.0,0.0,0.0,277.0,232.0,0.0,0.0,5.0,5.0,425.0,379.0,-408.1999999999998,-572.4000000000001,-99.91539999999856,-99.92989999999854,1,1
0.1,100.0,1440,1,30,30,0,0,150,10.0,12,0,5,0.1,3,inc_every3,84.56699999999665,61.12199999999757,-61.523613428632686,-78.06062187303873,99.66527738197031,99.73399773696589,84.56699999999665,61.12199999999757,1651.0,952.0,9.0,1.0,0.0,0.0,2.0,2.0,12.0,12.0,36.0,16.0,-16268.099999999724,-2861.9000000000146,-99.91543300000001,-99.938878,1,1
0.1,100.0,1440,1,30,30,0,0,150,15.0,3,6,99,0.0,1,flat,84.40000000630471,4954.000000003608,-61.538830834112645,-18.86167079636375,99.16830083065162,51.58644141946004,84.40000000630471,4869.0000000036,2338.0,1470.0,0.0,0.0,120.0,71.0,0.0,0.0,3.0,3.0,797.0,489.0,-2331.3999999999805,-2433.8999999999774,-99.9155999999937,-72.03455363528383,1,0
0.1,100.0,1440,1,30,30,0,0,150,15.0,3,6,5,0.1,3,inc_every3,84.40000000630471,4954.000000003608,-61.538830834112645,-18.86167079636375,99.16830083065162,51.58644141946004,84.40000000630471,4869.0000000036,2338.0,1470.0,0.0,0.0,120.0,71.0,0.0,0.0,3.0,3.0,797.0,489.0,-2331.3999999999805,-2433.8999999999774,-99.9155999999937,-72.03455363528383,1,0
0.1,100.0,1440,1,30,30,0,0,400,10.0,18,0,5,0.1,3,inc_every3,84.37030000001016,104.8968000000084,-61.541539685862766,-74.23528980843182,99.53134901237588,99.2296289768221,84.37030000000368,104.89680000000067,871.0,381.0,0.0,1.0,0.0,0.0,3.0,2.0,18.0,18.0,1.0,1.0,-1225.0000000000005,-707.1000000000007,-99.9156297,-99.8951032,1,1
0.1,100.0,1440,1,30,30,0,0,400,10.0,12,0,5,0.1,3,inc_every3,84.36680000000729,58.55300000000227,-61.5418589609858,-78.33917541800305,99.50598265574409,99.56998178666908,84.36680000000024,58.55299999999579,740.0,384.0,0.0,1.0,0.0,0.0,2.0,2.0,12.0,12.0,3.0,1.0,-1634.7999999999988,-683.6999999999996,-99.9156332,-99.94144700000001,1,1
0.1,100.0,1440,1,30,30,0,0,150,25.0,8,0,5,0.1,3,inc_every3,83.02140000001117,32.86109999999627,-61.66538069269887,-81.76008401790402,99.2727755295108,99.69271460632136,83.02140000000435,32.86109999999627,245.0,224.0,5.0,2.0,0.0,0.0,2.0,2.0,8.0,8.0,29.0,25.0,-9142.50000000012,-6907.200000000022,-99.9169786,-99.96713890000001,1,1
0.1,100.0,1440,1,30,30,0,0,300,5.3,12,0,5,0.1,3,inc_every3,92.90890000000059,46.98359999999269,-60.792386784909134,-79.7126269101626,99.23249718229738,99.67295052868256,82.39680000009969,46.98359999999269,495.0,805.0,1.0,2.0,0.0,0.0,2.0,2.0,12.0,12.0,2.0,2.0,-342.19999999999976,-761.1999999999999,-99.9176031999999,-99.95301640000001,1,1
0.1,100.0,1440,1,30,30,0,0,75,25.0,18,0,99,0.0,1,flat,81.91559999999953,64.8624000000126,-61.76810923465693,-77.66939772535282,99.35657597084358,99.42558979808722,81.91559999999652,64.86240000000578,208.0,166.0,2.0,1.0,0.0,0.0,3.0,3.0,18.0,18.0,19.0,11.0,-9100.700000000064,-2286.0999999999995,-99.9180844,-99.93513759999999,1,1
0.1,100.0,1440,1,30,30,0,0,100,25.0,18,0,99,0.0,1,flat,81.79799999999895,46.8860000000156,-61.77909938193249,-79.72517695142265,99.23301671839401,99.5518704719668,81.7979999999962,46.88600000000261,201.0,132.0,1.0,1.0,0.0,0.0,2.0,3.0,18.0,18.0,11.0,4.0,-5280.200000000027,-1800.9999999999986,-99.91820200000001,-99.953114,1,1
0.1,100.0,1440,1,30,30,0,0,75,10.0,8,2,5,0.1,3,inc_every3,81.70000001189254,44.50320000001115,-61.788267495419916,-80.0374330582964,99.21492129983,99.55697490368637,81.70000001189254,44.50319999999408,2122.0,1183.0,0.0,0.0,305.0,183.0,0.0,1.0,7.0,7.0,0.0,0.0,-359.99999999999994,-373.89999999999975,-99.91829999998811,-99.9554968,1,1
0.1,100.0,1440,1,30,30,0,0,75,10.0,18,2,5,0.1,3,inc_every3,81.70000001189254,44.50320000001115,-61.788267495419916,-80.0374330582964,99.21492129983,99.55697490368637,81.70000001189254,44.50319999999408,2122.0,1183.0,0.0,0.0,305.0,183.0,0.0,1.0,7.0,7.0,0.0,0.0,-359.99999999999994,-373.89999999999975,-99.91829999998811,-99.9554968,1,1
0.1,100.0,1440,1,30,30,0,0,75,10.0,12,2,5,0.1,3,inc_every3,81.70000001189254,44.50320000001115,-61.788267495419916,-80.0374330582964,99.21492129983,99.55697490368637,81.70000001189254,44.50319999999408,2122.0,1183.0,0.0,0.0,305.0,183.0,0.0,1.0,7.0,7.0,0.0,0.0,-359.99999999999994,-373.89999999999975,-99.91829999998811,-99.9554968,1,1
0.1,100.0,1440,1,30,30,0,0,150,15.0,5,2,5,0.1,3,inc_every3,81.60000000689567,101.30000000450329,-61.797631786961716,-74.50141119168848,99.19589274621457,99.0432745886506,81.60000000689337,101.30000000449888,2031.0,1343.0,0.0,0.0,331.0,226.0,0.0,0.0,5.0,5.0,393.0,258.0,-731.999999999999,-662.0000000000008,-99.91839999999311,-99.8986999999955,1,1
0.1,100.0,1440,1,30,30,0,0,150,15.0,5,2,99,0.0,1,flat,81.60000000689567,101.30000000450329,-61.797631786961716,-74.50141119168848,99.19589274621457,99.0432745886506,81.60000000689337,101.30000000449888,2031.0,1343.0,0.0,0.0,331.0,226.0,0.0,0.0,5.0,5.0,393.0,258.0,-731.999999999999,-662.0000000000008,-99.91839999999311,-99.8986999999955,1,1
0.1,100.0,1440,1,30,30,0,0,150,15.0,18,2,5,0.1,3,inc_every3,81.60000000689567,101.30000000450329,-61.797631786961716,-74.50141119168848,99.19589274621457,99.0432745886506,81.60000000689337,101.30000000449888,2031.0,1343.0,0.0,0.0,331.0,226.0,0.0,0.0,5.0,5.0,0.0,0.0,-731.999999999999,-662.0000000000008,-99.91839999999311,-99.8986999999955,1,1
0.1,100.0,1440,1,30,30,0,0,150,15.0,12,2,5,0.1,3,inc_every3,81.60000000689567,101.30000000450329,-61.797631786961716,-74.50141119168848,99.19589274621457,99.0432745886506,81.60000000689337,101.30000000449888,2031.0,1343.0,0.0,0.0,331.0,226.0,0.0,0.0,5.0,5.0,0.0,0.0,-731.999999999999,-662.0000000000008,-99.91839999999311,-99.8986999999955,1,1
0.1,100.0,1440,1,30,30,0,0,150,15.0,18,2,99,0.0,1,flat,81.60000000689567,101.30000000450329,-61.797631786961716,-74.50141119168848,99.19589274621457,99.0432745886506,81.60000000689337,101.30000000449888,2031.0,1343.0,0.0,0.0,331.0,226.0,0.0,0.0,5.0,5.0,0.0,0.0,-731.999999999999,-662.0000000000008,-99.91839999999311,-99.8986999999955,1,1
0.1,100.0,1440,1,30,30,0,0,150,15.0,8,2,5,0.1,3,inc_every3,81.60000000689567,101.30000000450329,-61.797631786961716,-74.50141119168848,99.19589274621457,99.0432745886506,81.60000000689337,101.30000000449888,2031.0,1343.0,0.0,0.0,331.0,226.0,0.0,0.0,5.0,5.0,0.0,0.0,-731.999999999999,-662.0000000000008,-99.91839999999311,-99.8986999999955,1,1
0.1,100.0,1440,1,30,30,0,0,150,15.0,8,2,99,0.0,1,flat,81.60000000689567,101.30000000450329,-61.797631786961716,-74.50141119168848,99.19589274621457,99.0432745886506,81.60000000689337,101.30000000449888,2031.0,1343.0,0.0,0.0,331.0,226.0,0.0,0.0,5.0,5.0,0.0,0.0,-731.999999999999,-662.0000000000008,-99.91839999999311,-99.8986999999955,1,1
0.1,100.0,1440,1,30,30,0,0,150,15.0,12,2,99,0.0,1,flat,81.60000000689567,101.30000000450329,-61.797631786961716,-74.50141119168848,99.19589274621457,99.0432745886506,81.60000000689337,101.30000000449888,2031.0,1343.0,0.0,0.0,331.0,226.0,0.0,0.0,5.0,5.0,0.0,0.0,-731.999999999999,-662.0000000000008,-99.91839999999311,-99.8986999999955,1,1
0.1,100.0,1440,1,30,30,0,0,400,5.3,8,2,5,0.1,3,inc_every3,81.60000000466403,33.87270000000103,-61.7976317871708,-81.59477047331514,99.1892214140469,99.66127300000002,81.60000000466403,33.87269999999813,4871.0,3666.0,0.0,0.0,195.0,157.0,0.0,1.0,3.0,3.0,0.0,0.0,-582.5000000000014,-716.5000000000047,-99.91839999999533,-99.9661273,1,1
0.1,100.0,1440,1,30,30,0,0,400,5.3,12,2,99,0.0,1,flat,81.60000000466403,33.87270000000103,-61.7976317871708,-81.59477047331514,99.1892214140469,99.66127300000002,81.60000000466403,33.87269999999813,4871.0,3666.0,0.0,0.0,195.0,157.0,0.0,1.0,3.0,3.0,0.0,0.0,-582.5000000000014,-716.5000000000047,-99.91839999999533,-99.9661273,1,1
0.1,100.0,1440,1,30,30,0,0,400,5.3,8,2,99,0.0,1,flat,81.60000000466403,33.87270000000103,-61.7976317871708,-81.59477047331514,99.1892214140469,99.66127300000002,81.60000000466403,33.87269999999813,4871.0,3666.0,0.0,0.0,195.0,157.0,0.0,1.0,3.0,3.0,0.0,0.0,-582.5000000000014,-716.5000000000047,-99.91839999999533,-99.9661273,1,1
0.1,100.0,1440,1,30,30,0,0,400,5.3,5,2,99,0.0,1,flat,81.60000000466403,33.87270000000103,-61.7976317871708,-81.59477047331514,99.1892214140469,99.66127300000002,81.60000000466403,33.87269999999813,4871.0,3666.0,0.0,0.0,195.0,157.0,0.0,1.0,3.0,3.0,0.0,0.0,-582.5000000000014,-716.5000000000047,-99.91839999999533,-99.9661273,1,1
0.1,100.0,1440,1,30,30,0,0,400,5.3,5,2,5,0.1,3,inc_every3,81.60000000466403,33.87270000000103,-61.7976317871708,-81.59477047331514,99.1892214140469,99.66127300000002,81.60000000466403,33.87269999999813,4871.0,3666.0,0.0,0.0,195.0,157.0,0.0,1.0,3.0,3.0,0.0,0.0,-582.5000000000014,-716.5000000000047,-99.91839999999533,-99.9661273,1,1
0.1,100.0,1440,1,30,30,0,0,400,5.3,3,2,5,0.1,3,inc_every3,81.60000000466403,33.87270000000103,-61.7976317871708,-81.59477047331514,99.1892214140469,99.66127300000002,81.60000000466403,33.87269999999813,4871.0,3666.0,0.0,0.0,195.0,157.0,0.0,1.0,3.0,3.0,303.0,238.0,-582.5000000000014,-716.5000000000047,-99.91839999999533,-99.9661273,1,1
0.1,100.0,1440,1,30,30,0,0,400,5.3,18,2,99,0.0,1,flat,81.60000000466403,33.87270000000103,-61.7976317871708,-81.59477047331514,99.1892214140469,99.66127300000002,81.60000000466403,33.87269999999813,4871.0,3666.0,0.0,0.0,195.0,157.0,0.0,1.0,3.0,3.0,0.0,0.0,-582.5000000000014,-716.5000000000047,-99.91839999999533,-99.9661273,1,1
0.1,100.0,1440,1,30,30,0,0,400,5.3,12,2,5,0.1,3,inc_every3,81.60000000466403,33.87270000000103,-61.7976317871708,-81.59477047331514,99.1892214140469,99.66127300000002,81.60000000466403,33.87269999999813,4871.0,3666.0,0.0,0.0,195.0,157.0,0.0,1.0,3.0,3.0,0.0,0.0,-582.5000000000014,-716.5000000000047,-99.91839999999533,-99.9661273,1,1
0.1,100.0,1440,1,30,30,0,0,400,5.3,3,2,99,0.0,1,flat,81.60000000466403,33.87270000000103,-61.7976317871708,-81.59477047331514,99.1892214140469,99.66127300000002,81.60000000466403,33.87269999999813,4871.0,3666.0,0.0,0.0,195.0,157.0,0.0,1.0,3.0,3.0,303.0,238.0,-582.5000000000014,-716.5000000000047,-99.91839999999533,-99.9661273,1,1
0.1,100.0,1440,1,30,30,0,0,400,5.3,18,2,5,0.1,3,inc_every3,81.60000000466403,33.87270000000103,-61.7976317871708,-81.59477047331514,99.1892214140469,99.66127300000002,81.60000000466403,33.87269999999813,4871.0,3666.0,0.0,0.0,195.0,157.0,0.0,1.0,3.0,3.0,0.0,0.0,-582.5000000000014,-716.5000000000047,-99.91839999999533,-99.9661273,1,1
0.1,100.0,1440,1,30,30,0,0,400,15.0,8,0,5,0.1,3,inc_every3,81.38479999999777,22.077799999998575,-61.817814915833935,-83.79595140463792,99.44199657182044,99.83639893589431,81.38479999999777,22.077799999998575,737.0,484.0,6.0,0.0,0.0,0.0,2.0,2.0,8.0,8.0,15.0,7.0,-7307.100000000044,-6415.800000000007,-99.9186152,-99.9779222,1,1
0.1,100.0,1440,1,30,30,0,0,300,15.0,8,15,99,0.0,1,flat,81.15600000000427,6214.4000000011,-61.83932043272837,-13.199855432689855,99.29775801050477,62.54808590102091,81.15600000000006,4011.100000000697,1138.0,1807.0,0.0,1.0,25.0,32.0,1.0,0.0,8.0,8.0,38.0,62.0,-1099.7000000000014,-3793.7999999999897,-99.91884399999999,-88.29602723473168,1,0
0.1,100.0,1440,1,30,30,0,0,75,25.0,8,2,5,0.1,3,inc_every3,81.00000000803311,83.50000001407608,-61.85401110618252,-75.92631142934204,99.22615408124396,99.1945130420005,81.00000000803311,83.50000001406517,636.0,984.0,0.0,0.0,292.0,449.0,0.0,0.0,8.0,8.0,33.0,44.0,-471.5999999999997,-1601.4000000000024,-99.91899999999197,-99.91649999998593,1,1
0.1,100.0,1440,1,30,30,0,0,75,25.0,18,2,5,0.1,3,inc_every3,81.00000000803311,83.50000001407608,-61.85401110618252,-75.92631142934204,99.22615408124396,99.1945130420005,81.00000000803311,83.50000001406517,636.0,984.0,0.0,0.0,292.0,449.0,0.0,0.0,8.0,8.0,0.0,0.0,-471.5999999999997,-1601.4000000000024,-99.91899999999197,-99.91649999998593,1,1
0.1,100.0,1440,1,30,30,0,0,75,25.0,12,2,5,0.1,3,inc_every3,81.00000000803311,83.50000001407608,-61.85401110618252,-75.92631142934204,99.22615408124396,99.1945130420005,81.00000000803311,83.50000001406517,636.0,984.0,0.0,0.0,292.0,449.0,0.0,0.0,8.0,8.0,0.0,0.0,-471.5999999999997,-1601.4000000000024,-99.91899999999197,-99.91649999998593,1,1
0.1,100.0,1440,1,30,30,0,0,300,10.0,8,10,99,0.0,1,flat,80.92140000000722,5885.200000001751,-61.86142152222656,-14.594401440939663,99.20150972440132,62.841428584052785,80.92139999999767,4202.30000000098,2691.0,3114.0,0.0,2.0,49.0,49.0,1.0,0.0,8.0,8.0,59.0,55.0,-1336.2,-2897.799999999989,-99.9190786,-90.27725860904523,1,0
0.1,100.0,1440,1,30,30,0,0,300,10.0,18,10,99,0.0,1,flat,80.92140000000722,5885.200000001751,-61.86142152222656,-14.594401440939663,99.20150972440132,62.841428584052785,80.92139999999767,4202.30000000098,2691.0,3114.0,0.0,2.0,49.0,49.0,1.0,0.0,8.0,8.0,0.0,0.0,-1336.2,-2897.799999999989,-99.9190786,-90.27725860904523,1,0
0.1,100.0,1440,1,30,30,0,0,300,10.0,12,10,99,0.0,1,flat,80.92140000000722,5885.200000001751,-61.86142152222656,-14.594401440939663,99.20150972440132,62.841428584052785,80.92139999999767,4202.30000000098,2691.0,3114.0,0.0,2.0,49.0,49.0,1.0,0.0,8.0,8.0,0.0,0.0,-1336.2,-2897.799999999989,-99.9190786,-90.27725860904523,1,0
0.1,100.0,1440,1,30,30,0,0,100,5.3,12,10,99,0.0,1,flat,102.50400000000803,47.6176000000045,-60.013612723848375,-79.63154573356452,99.20885907615286,99.54194907509836,80.90839999999767,47.61760000000126,1921.0,2467.0,0.0,0.0,28.0,35.0,2.0,1.0,12.0,12.0,34.0,52.0,-368.1000000000001,-1011.200000000001,-99.9190916,-99.9523824,1,1
0.1,100.0,1440,1,30,30,0,0,75,25.0,12,6,99,0.0,1,flat,79.95480000000379,82.51879999999306,-61.953026728327266,-76.0108418585655,99.2275346356733,99.18083287834425,79.95480000000089,82.51879999999306,737.0,353.0,0.0,0.0,139.0,70.0,1.0,1.0,12.0,12.0,158.0,75.0,-1022.0000000000003,-841.1000000000008,-99.9200452,-99.91748120000001,1,1
0.1,100.0,1440,1,30,30,0,0,75,15.0,3,4,5,0.1,3,inc_every3,79.70000000792118,2857.3000000061716,-61.977321719283026,-31.11808415515559,99.21370152220365,74.63033162299736,79.70000000791788,2764.0000000061373,2178.0,1696.0,1.0,0.0,199.0,151.0,0.0,0.0,3.0,3.0,1236.0,966.0,-1959.3999999999699,-2253.299999999975,-99.92029999999208,-130.37874740115032,1,0
0.1,100.0,1440,1,30,30,0,0,75,15.0,3,4,99,0.0,1,flat,79.70000000792118,2857.3000000061716,-61.977321719283026,-31.11808415515559,99.21370152220365,74.63033162299736,79.70000000791788,2764.0000000061373,2178.0,1696.0,1.0,0.0,199.0,151.0,0.0,0.0,3.0,3.0,1236.0,966.0,-1959.3999999999699,-2253.299999999975,-99.92029999999208,-130.37874740115032,1,0
0.1,100.0,1440,1,30,30,0,0,75,10.0,18,15,99,0.0,1,flat,79.30259999999265,58.60899999999501,-62.015337820996685,-78.33301277888067,99.23069177264932,99.54481628468703,79.30259999999265,58.60899999999501,431.0,759.0,0.0,0.0,14.0,21.0,2.0,2.0,18.0,18.0,14.0,28.0,-125.40000000000002,-967.9999999999998,-99.92069740000001,-99.94139100000001,1,1
0.1,100.0,1440,1,30,30,0,0,300,25.0,8,15,99,0.0,1,flat,93.72440000001211,3588.6000000008207,-60.723758153017236,-26.284955153060597,99.23175665161725,78.14145802717385,79.00000000089588,2394.800000000885,909.0,1011.0,0.0,0.0,36.0,37.0,1.0,0.0,8.0,8.0,52.0,61.0,-1704.5999999999992,-3859.1999999999884,-99.92099999999911,-132.5678712074083,1,0
0.1,100.0,1440,1,30,30,0,0,100,25.0,18,15,99,0.0,1,flat,78.76620000000835,57.22100000000853,-62.06689334199172,-78.48699430660767,99.33899900975143,99.55220878819891,78.76620000000094,57.22100000000103,721.0,985.0,0.0,0.0,53.0,69.0,1.0,3.0,18.0,18.0,3.0,11.0,-1460.9000000000008,-3705.199999999998,-99.9212338,-99.942779,1,1
0.1,100.0,1440,1,30,30,0,0,75,15.0,12,25,99,0.0,1,flat,78.40860000001342,68.7143999999912,-62.101419921849796,-77.28272994143803,99.35009366245062,99.35304485368904,78.40860000000191,68.7143999999912,974.0,1498.0,0.0,2.0,25.0,36.0,2.0,2.0,12.0,12.0,99.0,155.0,-1425.2000000000023,-4931.499999999967,-99.9215914,-99.93128560000001,1,1
0.1,100.0,1440,1,30,30,0,0,75,10.0,8,6,99,0.0,1,flat,78.36480000001956,93.9280000000033,-62.10565750203052,-75.06833065044549,99.23978929600419,99.06495575045045,78.3648000000004,93.9280000000009,1554.0,1137.0,0.0,0.0,86.0,66.0,1.0,1.0,8.0,8.0,205.0,133.0,-527.2000000000003,-837.4000000000004,-99.9216352,-99.906072,1,1
0.1,100.0,1440,1,30,30,0,0,100,25.0,8,4,99,0.0,1,flat,78.34319999998723,82.16040000000635,-62.107747965148995,-76.04189406096292,99.23508655451532,99.2041265874284,78.34319999998723,82.16040000000498,829.0,632.0,0.0,0.0,179.0,138.0,1.0,1.0,8.0,8.0,219.0,167.0,-767.1999999999998,-1103.3000000000006,-99.92165680000001,-99.9178396,1,1
0.1,100.0,1440,1,30,30,0,0,200,5.3,8,15,99,0.0,1,flat,78.26400000000717,97.31840000002398,-62.11541694303552,-74.80386055950802,99.26608464070374,99.0354104925117,78.2640000000049,97.31840000000216,2431.0,2004.0,0.0,2.0,19.0,16.0,1.0,1.0,8.0,8.0,49.0,36.0,-735.9000000000016,-1018.8000000000026,-99.921736,-99.9026816,1,1
0.1,100.0,1440,1,30,30,0,0,150,25.0,18,4,99,0.0,1,flat,78.2303999999948,57.32700000000955,-62.11867232431256,-78.47514295553455,99.23213945681734,99.44088674755193,78.23039999999281,57.3270000000079,791.0,883.0,0.0,0.0,139.0,154.0,1.0,1.0,8.0,8.0,0.0,0.0,-676.9000000000005,-1284.9000000000012,-99.9217696,-99.94267299999998,1,1
0.1,100.0,1440,1,30,30,0,0,150,25.0,8,4,99,0.0,1,flat,78.2303999999948,57.32700000000955,-62.11867232431256,-78.47514295553455,99.23213945681734,99.44088674755193,78.23039999999281,57.3270000000079,791.0,883.0,0.0,0.0,139.0,154.0,1.0,1.0,8.0,8.0,5.0,12.0,-676.9000000000005,-1284.9000000000012,-99.9217696,-99.94267299999998,1,1
0.1,100.0,1440,1,30,30,0,0,150,25.0,12,4,99,0.0,1,flat,78.2303999999948,57.32700000000955,-62.11867232431256,-78.47514295553455,99.23213945681734,99.44088674755193,78.23039999999281,57.3270000000079,791.0,883.0,0.0,0.0,139.0,154.0,1.0,1.0,8.0,8.0,0.0,0.0,-676.9000000000005,-1284.9000000000012,-99.9217696,-99.94267299999998,1,1
0.1,100.0,1440,1,30,30,0,0,400,25.0,12,10,99,0.0,1,flat,78.04860000001008,6549.800000002309,-62.136305684151324,-11.831434601406821,99.28120792389231,44.70185388297159,78.04860000000349,6201.300000002318,1121.0,989.0,0.0,0.0,56.0,44.0,1.0,0.0,7.0,7.0,0.0,0.0,-2103.0999999999967,-2876.0999999999945,-99.9219514,-51.23514236735,1,0
0.1,100.0,1440,1,30,30,0,0,400,25.0,8,10,99,0.0,1,flat,78.04860000001008,6549.800000002309,-62.136305684151324,-11.831434601406821,99.28120792389231,44.70185388297159,78.04860000000349,6201.300000002318,1121.0,989.0,0.0,0.0,56.0,44.0,1.0,0.0,7.0,7.0,0.0,0.0,-2103.0999999999967,-2876.0999999999945,-99.9219514,-51.23514236735,1,0
0.1,100.0,1440,1,30,30,0,0,400,25.0,18,10,99,0.0,1,flat,78.04860000001008,6549.800000002309,-62.136305684151324,-11.831434601406821,99.28120792389231,44.70185388297159,78.04860000000349,6201.300000002318,1121.0,989.0,0.0,0.0,56.0,44.0,1.0,0.0,7.0,7.0,0.0,0.0,-2103.0999999999967,-2876.0999999999945,-99.9219514,-51.23514236735,1,0
0.1,100.0,1440,1,30,30,0,0,150,15.0,8,4,99,0.0,1,flat,77.56920000000838,70.21080000000745,-62.18296226749545,-77.13662626887675,99.23561327959484,99.29943324685685,77.56919999999366,70.21080000000671,1809.0,1135.0,0.0,0.0,163.0,108.0,1.0,1.0,8.0,7.0,1.0,0.0,-722.8000000000008,-918.7000000000011,-99.9224308,-99.92978919999999,1,1
0.1,100.0,1440,1,30,30,0,0,150,15.0,18,4,99,0.0,1,flat,77.56920000000838,70.21080000000745,-62.18296226749545,-77.13662626887675,99.23561327959484,99.29943324685685,77.56919999999366,70.21080000000671,1809.0,1135.0,0.0,0.0,163.0,108.0,1.0,1.0,8.0,7.0,0.0,0.0,-722.8000000000008,-918.7000000000011,-99.9224308,-99.92978919999999,1,1
0.1,100.0,1440,1,30,30,0,0,150,15.0,12,4,99,0.0,1,flat,77.56920000000838,70.21080000000745,-62.18296226749545,-77.13662626887675,99.23561327959484,99.29943324685685,77.56919999999366,70.21080000000671,1809.0,1135.0,0.0,0.0,163.0,108.0,1.0,1.0,8.0,7.0,0.0,0.0,-722.8000000000008,-918.7000000000011,-99.9224308,-99.92978919999999,1,1
0.1,100.0,1440,1,30,30,0,0,150,10.0,8,4,99,0.0,1,flat,77.42279999999431,57.50049999999624,-62.19725630334209,-78.45577792631289,99.23670242132667,99.4265776456979,77.42279999999363,57.50049999999624,1494.0,2386.0,0.0,0.0,91.0,131.0,1.0,1.0,7.0,7.0,0.0,0.0,-337.39999999999986,-1081.0000000000018,-99.9225772,-99.9424995,1,1
0.1,100.0,1440,1,30,30,0,0,150,10.0,18,4,99,0.0,1,flat,77.42279999999431,57.50049999999624,-62.19725630334209,-78.45577792631289,99.23670242132667,99.4265776456979,77.42279999999363,57.50049999999624,1494.0,2386.0,0.0,0.0,91.0,131.0,1.0,1.0,7.0,7.0,0.0,0.0,-337.39999999999986,-1081.0000000000018,-99.9225772,-99.9424995,1,1
0.1,100.0,1440,1,30,30,0,0,150,10.0,12,4,99,0.0,1,flat,77.42279999999431,57.50049999999624,-62.19725630334209,-78.45577792631289,99.23670242132667,99.4265776456979,77.42279999999363,57.50049999999624,1494.0,2386.0,0.0,0.0,91.0,131.0,1.0,1.0,7.0,7.0,0.0,0.0,-337.39999999999986,-1081.0000000000018,-99.9225772,-99.9424995,1,1
0.1,100.0,1440,1,30,30,0,0,150,15.0,18,15,99,0.0,1,flat,77.22960000000825,7228.900000021495,-62.216152872596574,-9.204735741172865,99.29623649055041,72.71374081300964,77.22959999999352,4399.500000018532,1172.0,2488.0,0.0,0.0,35.0,62.0,1.0,0.0,14.0,14.0,0.0,0.0,-1108.9999999999998,-4971.699999999992,-99.9227704,-104.63221736719214,1,0
0.1,100.0,1440,1,30,30,0,0,200,10.0,8,15,99,0.0,1,flat,84.19360000002268,4798.300000009025,-61.55767176913949,-19.629052373001443,99.24912130471152,70.34701866893151,77.16480000001707,3014.70000000442,1689.0,3297.0,0.0,4.0,25.0,41.0,2.0,0.0,8.0,8.0,60.0,110.0,-1025.9000000000017,-4156.999999999983,-99.92283519999998,-110.32308971086447,1,0
0.1,100.0,1440,1,30,30,0,0,200,5.3,18,6,99,0.0,1,flat,77.06520000000916,35.0766000000053,-62.23226236255319,-81.40249080957143,99.23858397636664,99.657648987878,77.06520000000336,35.07659999999706,2663.0,3966.0,0.0,0.0,49.0,66.0,1.0,1.0,8.0,8.0,0.0,0.0,-504.40000000000055,-1230.7000000000019,-99.9229348,-99.9649234,1,1
0.1,100.0,1440,1,30,30,0,0,200,5.3,8,6,99,0.0,1,flat,77.06520000000916,35.0766000000053,-62.23226236255319,-81.40249080957143,99.23858397636664,99.657648987878,77.06520000000336,35.07659999999706,2663.0,3966.0,0.0,0.0,49.0,66.0,1.0,1.0,8.0,8.0,50.0,67.0,-504.40000000000055,-1230.7000000000019,-99.9229348,-99.9649234,1,1
0.1,100.0,1440,1,30,30,0,0,200,5.3,12,6,99,0.0,1,flat,77.06520000000916,35.0766000000053,-62.23226236255319,-81.40249080957143,99.23858397636664,99.657648987878,77.06520000000336,35.07659999999706,2663.0,3966.0,0.0,0.0,49.0,66.0,1.0,1.0,8.0,8.0,0.0,0.0,-504.40000000000055,-1230.7000000000019,-99.9229348,-99.9649234,1,1
0.1,100.0,1440,1,30,30,0,0,150,25.0,12,25,99,0.0,1,flat,76.56900000001207,59.6549999999977,-62.28105206775702,-78.21865617708897,99.31474520753925,99.48472886831249,76.56900000000718,59.65499999999662,605.0,530.0,0.0,0.0,22.0,20.0,2.0,1.0,12.0,12.0,42.0,38.0,-1551.6000000000026,-2389.700000000003,-99.923431,-99.94034500000001,1,1
0.1,100.0,1440,1,30,30,0,0,300,25.0,18,15,99,0.0,1,flat,76.08120000000224,6507.600000000675,-62.32926297416325,-12.000861403934081,99.26252895846459,65.02843623458274,76.08120000000224,3843.2000000005573,553.0,1028.0,0.0,0.0,24.0,36.0,1.0,0.0,10.0,10.0,0.0,0.0,-924.4000000000007,-4000.599999999994,-99.9239188,-92.05773387309956,1,0
0.1,100.0,1440,1,30,30,0,0,300,25.0,12,15,99,0.0,1,flat,76.08120000000224,6507.600000000675,-62.32926297416325,-12.000861403934081,99.26252895846459,65.02843623458274,76.08120000000224,3843.2000000005573,553.0,1028.0,0.0,0.0,24.0,36.0,1.0,0.0,10.0,10.0,0.0,0.0,-924.4000000000007,-4000.599999999994,-99.9239188,-92.05773387309956,1,0
0.1,100.0,1440,1,30,30,0,0,100,10.0,18,10,99,0.0,1,flat,76.3379999999928,58.16199999999958,-62.30385185261331,-78.38231962724167,99.25784419086332,99.4758244036086,75.96409999999352,58.16199999999458,941.0,2159.0,0.0,0.0,31.0,63.0,3.0,1.0,14.0,14.0,0.0,0.0,-363.7000000000002,-1708.4000000000026,-99.9240359,-99.941838,1,1
0.1,100.0,1440,1,30,30,0,0,100,15.0,8,25,99,0.0,1,flat,75.93839999999432,88.27839999999537,-62.34342315359005,-75.52433720019606,99.26171615236547,99.1335826242284,75.93839999999432,88.27839999999446,1992.0,1249.0,2.0,4.0,39.0,24.0,1.0,1.0,8.0,8.0,256.0,156.0,-4754.500000000042,-5740.200000000068,-99.9240616,-99.9117216,1,1
0.1,100.0,1440,1,30,30,0,0,75,5.3,18,10,99,0.0,1,flat,75.78659999999846,84.66570000000047,-62.35849915552001,-75.82678834477665,99.25814326827077,99.22524775578594,75.78659999999519,84.66570000000047,2088.0,3028.0,0.0,0.0,33.0,47.0,3.0,2.0,16.0,16.0,0.0,0.0,-326.80000000000007,-1380.6000000000015,-99.9242134,-99.9153343,1,1
0.1,100.0,1440,1,30,30,0,0,100,5.3,18,25,99,0.0,1,flat,75.72780000001023,59.04499999999288,-62.36434536223294,-78.28517312672787,99.36534922311058,99.42086627302518,75.7277999999987,59.04499999999089,2430.0,2301.0,0.0,0.0,13.0,13.0,3.0,2.0,18.0,18.0,29.0,20.0,-845.7000000000013,-1306.0000000000007,-99.9242722,-99.940955,1,1
0.1,100.0,1440,1,30,30,0,0,75,10.0,12,25,99,0.0,1,flat,75.70320000001414,83.24820000000153,-62.36679230157183,-75.94793717642547,99.29421504554328,99.17127213721844,75.70320000000117,83.2481999999963,1156.0,1745.0,0.0,3.0,18.0,25.0,1.0,1.0,12.0,12.0,74.0,106.0,-957.0000000000007,-2801.0000000000005,-99.9242968,-99.9167518,1,1
0.1,100.0,1440,1,30,30,0,0,75,25.0,8,4,99,0.0,1,flat,75.4248000000081,93.82400000001832,-62.39452891660899,-75.07654848287257,99.27909390681009,99.16427057167806,75.42479999999966,93.82400000000115,1309.0,740.0,0.0,0.0,324.0,184.0,1.0,1.0,8.0,8.0,479.0,266.0,-2013.6999999999932,-1380.099999999998,-99.9245752,-99.906176,1,1
0.1,100.0,1440,1,30,30,0,0,300,25.0,8,6,5,0.1,3,inc_every3,75.15620000000649,665.5000000008731,-62.42136689716118,-55.35257016853821,99.31251189169413,97.61679810268537,75.15619999999865,247.20000000085975,1608.0,1196.0,0.0,0.0,138.0,103.0,1.0,0.0,6.0,6.0,0.0,0.0,-2244.1999999999985,-2481.199999999998,-99.9248438,-99.75279999999914,1,1
0.1,100.0,1440,1,30,30,0,0,300,25.0,12,6,5,0.1,3,inc_every3,75.15620000000649,665.5000000008731,-62.42136689716118,-55.35257016853821,99.31251189169413,97.61679810268537,75.15619999999865,247.20000000085975,1608.0,1196.0,0.0,0.0,138.0,103.0,1.0,0.0,6.0,6.0,0.0,0.0,-2244.1999999999985,-2481.199999999998,-99.9248438,-99.75279999999914,1,1
0.1,100.0,1440,1,30,30,0,0,300,25.0,18,6,5,0.1,3,inc_every3,75.15620000000649,665.5000000008731,-62.42136689716118,-55.35257016853821,99.31251189169413,97.61679810268537,75.15619999999865,247.20000000085975,1608.0,1196.0,0.0,0.0,138.0,103.0,1.0,0.0,6.0,6.0,0.0,0.0,-2244.1999999999985,-2481.199999999998,-99.9248438,-99.75279999999914,1,1
0.1,100.0,1440,1,30,30,0,0,100,10.0,8,4,99,0.0,1,flat,75.02099999999717,85.99640000000045,-62.434904852311654,-75.71434777919362,99.26705811090709,99.18223278813242,75.02099999999285,85.9963999999959,1304.0,1340.0,0.0,0.0,96.0,95.0,1.0,1.0,8.0,8.0,118.0,112.0,-311.2999999999998,-656.6999999999996,-99.92497900000001,-99.9140036,1,1
0.1,100.0,1440,1,30,30,0,0,75,25.0,12,25,99,0.0,1,flat,90.02559999998857,44.26119999999953,-61.038961699370894,-80.06979767067564,99.40149666738883,99.56227303295229,74.61959999997546,44.26119999999662,569.0,820.0,0.0,0.0,29.0,41.0,2.0,2.0,12.0,12.0,95.0,148.0,-1590.6000000000035,-6417.799999999938,-99.92538040000002,-99.9557388,1,1
0.1,100.0,1440,1,30,30,0,0,300,15.0,3,2,99,0.0,1,flat,74.60000000320252,32.776800000009246,-62.477186137636,-81.77402067757897,99.26119595140133,99.67380426345014,74.60000000320252,32.776800000003504,3171.0,1954.0,0.0,0.0,374.0,241.0,0.0,1.0,3.0,3.0,669.0,397.0,-1095.8000000000043,-1214.800000000002,-99.9253999999968,-99.96722319999999,1,1
0.1,100.0,1440,1,30,30,0,0,300,15.0,3,2,5,0.1,3,inc_every3,74.60000000320252,32.776800000009246,-62.477186137636,-81.77402067757897,99.26119595140133,99.67380426345014,74.60000000320252,32.776800000003504,3171.0,1954.0,0.0,0.0,374.0,241.0,0.0,1.0,3.0,3.0,669.0,397.0,-1095.8000000000043,-1214.800000000002,-99.9253999999968,-99.96722319999999,1,1
0.1,100.0,1440,1,30,30,0,0,200,10.0,18,4,5,0.1,3,inc_every3,74.50000000361376,62.054999999997506,-62.48725724107484,-77.96149472420964,99.26369575311952,99.38056498303058,74.50000000361376,62.054999999997506,1709.0,1411.0,0.0,0.0,93.0,79.0,0.0,1.0,6.0,6.0,0.0,0.0,-437.9999999999999,-715.200000000001,-99.92549999999639,-99.937945,1,1
0.1,100.0,1440,1,30,30,0,0,200,10.0,8,4,5,0.1,3,inc_every3,74.50000000361376,62.054999999997506,-62.48725724107484,-77.96149472420964,99.26369575311952,99.38056498303058,74.50000000361376,62.054999999997506,1709.0,1411.0,0.0,0.0,93.0,79.0,0.0,1.0,6.0,6.0,0.0,0.0,-437.9999999999999,-715.200000000001,-99.92549999999639,-99.937945,1,1
0.1,100.0,1440,1,30,30,0,0,200,10.0,12,4,5,0.1,3,inc_every3,74.50000000361376,62.054999999997506,-62.48725724107484,-77.96149472420964,99.26369575311952,99.38056498303058,74.50000000361376,62.054999999997506,1709.0,1411.0,0.0,0.0,93.0,79.0,0.0,1.0,6.0,6.0,0.0,0.0,-437.9999999999999,-715.200000000001,-99.92549999999639,-99.937945,1,1
0.1,100.0,1440,1,30,30,0,0,75,25.0,18,15,99,0.0,1,flat,74.35080000001142,61.33650000000037,-62.5023034483351,-78.03773859669141,99.4411479081797,99.56514973201385,74.35080000000642,61.336499999999006,1737.0,464.0,0.0,0.0,148.0,42.0,2.0,3.0,18.0,18.0,182.0,59.0,-5407.7000000000035,-2076.4,-99.9256492,-99.9386635,1,1
0.1,100.0,1440,1,30,30,0,0,100,5.3,8,10,99,0.0,1,flat,74.16600000000602,94.74639999999181,-62.520973287903324,-75.00388462734901,99.2798718322167,99.09928320182537,74.1660000000029,94.74639999999181,2569.0,3332.0,0.0,1.0,36.0,43.0,1.0,1.0,8.0,8.0,110.0,152.0,-599.8000000000002,-1556.299999999996,-99.925834,-99.90525360000001,1,1
0.1,100.0,1440,1,30,30,0,0,150,10.0,12,0,99,0.0,1,flat,73.99620000002443,35.53920000000285,-62.53816054959156,-81.32984001995442,99.38410920138175,99.66981130322486,73.99620000000613,35.53919999999954,738.0,401.0,5.0,1.0,0.0,0.0,3.0,2.0,12.0,12.0,16.0,5.0,-5764.999999999938,-1185.0000000000036,-99.92600379999999,-99.9644608,1,1
0.1,100.0,1440,1,30,30,0,0,75,10.0,18,6,99,0.0,1,flat,73.82460000001441,71.51640000002016,-62.55556208892954,-77.01092798819938,99.28383341579111,99.28907312417994,73.82460000000475,71.51640000000299,967.0,1279.0,0.0,0.0,58.0,76.0,2.0,1.0,13.0,13.0,0.0,0.0,-245.69999999999987,-863.500000000001,-99.92617539999999,-99.92848359999999,1,1
0.1,100.0,1440,1,30,30,0,0,300,15.0,18,15,99,0.0,1,flat,77.97720000000959,5723.8000000008615,-62.143239983162246,-15.298212515807885,99.29445644347486,60.830240574057406,73.5000000010092,4443.300000000942,912.0,1835.0,0.0,1.0,21.0,33.0,1.0,0.0,10.0,10.0,0.0,0.0,-739.8000000000008,-3817.799999999992,-99.926499999999,-86.9586936639227,1,0
0.1,100.0,1440,1,30,30,0,0,300,15.0,12,15,99,0.0,1,flat,77.97720000000959,5723.8000000008615,-62.143239983162246,-15.298212515807885,99.29445644347486,60.830240574057406,73.5000000010092,4443.300000000942,912.0,1835.0,0.0,1.0,21.0,33.0,1.0,0.0,10.0,10.0,0.0,0.0,-739.8000000000008,-3817.799999999992,-99.926499999999,-86.9586936639227,1,0
0.1,100.0,1440,1,30,30,0,0,300,5.3,18,0,99,0.0,1,flat,73.27560000002552,46.63840000000471,-62.61145305493741,-79.75709750340455,99.34135476216163,99.63355621380813,73.27560000000142,46.63839999999766,1003.0,720.0,3.0,3.0,0.0,0.0,2.0,2.0,18.0,18.0,2.0,1.0,-1655.899999999996,-708.5999999999992,-99.9267244,-99.95336160000001,1,1
0.1,100.0,1440,1,30,30,0,0,75,25.0,8,2,99,0.0,1,flat,95.10000000709508,599.6000000140962,-60.60906895781717,-56.716708224426895,99.30561484383837,97.26953741959574,73.20000000709214,288.70000001390116,654.0,1062.0,0.0,0.0,288.0,453.0,0.0,0.0,8.0,8.0,101.0,176.0,-463.59999999999985,-1715.8999999999994,-99.92679999999291,-99.7112999999861,1,1
0.1,100.0,1440,1,30,30,0,0,75,15.0,12,4,99,0.0,1,flat,72.60610000000833,61.79550000000336,-62.68006664219068,-77.98895976883126,99.31526934248744,99.46666407746886,72.60610000000833,61.79549999999901,924.0,905.0,0.0,0.0,129.0,124.0,2.0,1.0,11.0,11.0,0.0,0.0,-364.49999999999983,-786.7000000000007,-99.9273939,-99.9382045,1,1
0.1,100.0,1440,1,30,30,0,0,75,15.0,18,4,99,0.0,1,flat,72.60610000000833,61.79550000000336,-62.68006664219068,-77.98895976883126,99.31526934248744,99.46666407746886,72.60610000000833,61.79549999999901,924.0,905.0,0.0,0.0,129.0,124.0,2.0,1.0,11.0,11.0,0.0,0.0,-364.49999999999983,-786.7000000000007,-99.9273939,-99.9382045,1,1
0.1,100.0,1440,1,30,30,0,0,75,25.0,12,2,99,0.0,1,flat,94.20000000705815,595.3000000141169,-60.68395412423148,-56.809310733975316,99.31415236624971,97.31020589585177,72.30000000705522,284.4000000139219,653.0,1062.0,0.0,0.0,288.0,453.0,0.0,0.0,9.0,9.0,0.0,0.0,-463.59999999999985,-1715.8999999999994,-99.92769999999294,-99.71559999998608,1,1
0.1,100.0,1440,1,30,30,0,0,75,25.0,18,2,99,0.0,1,flat,94.20000000705815,595.3000000141169,-60.68395412423148,-56.809310733975316,99.31415236624971,97.31020589585177,72.30000000705522,284.4000000139219,653.0,1062.0,0.0,0.0,288.0,453.0,0.0,0.0,9.0,9.0,0.0,0.0,-463.59999999999985,-1715.8999999999994,-99.92769999999294,-99.71559999998608,1,1
0.1,100.0,1440,1,30,30,0,0,100,10.0,5,6,5,0.1,3,inc_every3,94.3000000022613,45.927199999998805,-60.67560536124363,-79.84945232339378,99.29559576378276,99.54604831376273,72.10000000225205,45.92719999999778,2914.0,2326.0,0.0,0.0,122.0,98.0,0.0,1.0,5.0,5.0,519.0,398.0,-1408.8000000000009,-1709.2000000000003,-99.92789999999775,-99.9540728,1,1
0.1,100.0,1440,1,30,30,0,0,100,10.0,5,6,99,0.0,1,flat,94.3000000022613,45.927199999998805,-60.67560536124363,-79.84945232339378,99.29559576378276,99.54604831376273,72.10000000225205,45.92719999999778,2914.0,2326.0,0.0,0.0,122.0,98.0,0.0,1.0,5.0,5.0,519.0,398.0,-1408.8000000000009,-1709.2000000000003,-99.92789999999775,-99.9540728,1,1
0.1,100.0,1440,1,30,30,0,0,150,25.0,8,25,5,0.1,3,inc_every3,80.7393999999955,34.27980000000662,-61.878602624961744,-81.5292213902364,99.31174790592463,99.72036577805333,71.81360000002374,34.27980000000167,604.0,950.0,0.0,1.0,23.0,34.0,2.0,2.0,8.0,8.0,78.0,136.0,-1679.1999999999987,-6340.299999999992,-99.92818639999997,-99.96572019999999,1,1
0.1,100.0,1440,1,30,30,0,0,400,15.0,3,4,99,0.0,1,flat,71.60000000370906,2783.800000002573,-62.78413452551356,-31.65019138825028,99.2936696622862,75.46564407573052,71.60000000370906,2508.0000000025466,2751.0,1830.0,0.0,0.0,160.0,105.0,0.0,0.0,3.0,3.0,404.0,270.0,-1641.6999999999916,-1748.0999999999888,-99.92839999999629,-132.58147953971132,1,0
0.1,100.0,1440,1,30,30,0,0,400,15.0,3,4,5,0.1,3,inc_every3,71.60000000370906,2783.800000002573,-62.78413452551356,-31.65019138825028,99.2936696622862,75.46564407573052,71.60000000370906,2508.0000000025466,2751.0,1830.0,0.0,0.0,160.0,105.0,0.0,0.0,3.0,3.0,404.0,270.0,-1641.6999999999916,-1748.0999999999888,-99.92839999999629,-132.58147953971132,1,0
0.1,100.0,1440,1,30,30,0,0,150,10.0,18,2,99,0.0,1,flat,71.4000000093942,78.40000000522997,-62.80496112336661,-76.37358407953893,99.30811942198531,99.32856571588455,71.4000000093871,72.2000000052216,3260.0,2023.0,0.0,0.0,323.0,211.0,0.0,0.0,5.0,5.0,0.0,0.0,-746.2999999999992,-597.1000000000005,-99.92859999999061,-99.92779999999478,1,1
0.1,100.0,1440,1,30,30,0,0,150,10.0,12,2,5,0.1,3,inc_every3,71.4000000093942,78.40000000522997,-62.80496112336661,-76.37358407953893,99.30811942198531,99.32856571588455,71.4000000093871,72.2000000052216,3260.0,2023.0,0.0,0.0,323.0,211.0,0.0,0.0,5.0,5.0,0.0,0.0,-746.2999999999992,-597.1000000000005,-99.92859999999061,-99.92779999999478,1,1
0.1,100.0,1440,1,30,30,0,0,150,10.0,5,2,5,0.1,3,inc_every3,71.4000000093942,78.40000000522997,-62.80496112336661,-76.37358407953893,99.30811942198531,99.32856571588455,71.4000000093871,72.2000000052216,3260.0,2023.0,0.0,0.0,323.0,211.0,0.0,0.0,5.0,5.0,406.0,244.0,-746.2999999999992,-597.1000000000005,-99.92859999999061,-99.92779999999478,1,1
0.1,100.0,1440,1,30,30,0,0,150,10.0,5,2,99,0.0,1,flat,71.4000000093942,78.40000000522997,-62.80496112336661,-76.37358407953893,99.30811942198531,99.32856571588455,71.4000000093871,72.2000000052216,3260.0,2023.0,0.0,0.0,323.0,211.0,0.0,0.0,5.0,5.0,406.0,244.0,-746.2999999999992,-597.1000000000005,-99.92859999999061,-99.92779999999478,1,1
0.1,100.0,1440,1,30,30,0,0,150,10.0,8,2,5,0.1,3,inc_every3,71.4000000093942,78.40000000522997,-62.80496112336661,-76.37358407953893,99.30811942198531,99.32856571588455,71.4000000093871,72.2000000052216,3260.0,2023.0,0.0,0.0,323.0,211.0,0.0,0.0,5.0,5.0,0.0,0.0,-746.2999999999992,-597.1000000000005,-99.92859999999061,-99.92779999999478,1,1
0.1,100.0,1440,1,30,30,0,0,150,10.0,8,2,99,0.0,1,flat,71.4000000093942,78.40000000522997,-62.80496112336661,-76.37358407953893,99.30811942198531,99.32856571588455,71.4000000093871,72.2000000052216,3260.0,2023.0,0.0,0.0,323.0,211.0,0.0,0.0,5.0,5.0,0.0,0.0,-746.2999999999992,-597.1000000000005,-99.92859999999061,-99.92779999999478,1,1
0.1,100.0,1440,1,30,30,0,0,150,10.0,18,2,5,0.1,3,inc_every3,71.4000000093942,78.40000000522997,-62.80496112336661,-76.37358407953893,99.30811942198531,99.32856571588455,71.4000000093871,72.2000000052216,3260.0,2023.0,0.0,0.0,323.0,211.0,0.0,0.0,5.0,5.0,0.0,0.0,-746.2999999999992,-597.1000000000005,-99.92859999999061,-99.92779999999478,1,1
0.1,100.0,1440,1,30,30,0,0,150,10.0,12,2,99,0.0,1,flat,71.4000000093942,78.40000000522997,-62.80496112336661,-76.37358407953893,99.30811942198531,99.32856571588455,71.4000000093871,72.2000000052216,3260.0,2023.0,0.0,0.0,323.0,211.0,0.0,0.0,5.0,5.0,0.0,0.0,-746.2999999999992,-597.1000000000005,-99.92859999999061,-99.92779999999478,1,1
0.1,100.0,1440,1,30,30,0,0,300,15.0,12,0,99,0.0,1,flat,70.69499999999528,37.2713999999996,-62.878749048396124,-81.06355857291896,99.48619085689371,99.72078838547286,70.69499999999528,37.2713999999996,714.0,421.0,7.0,1.0,0.0,0.0,2.0,2.0,12.0,12.0,13.0,3.0,-8164.499999999876,-1568.6000000000076,-99.929305,-99.9627286,1,1
0.1,100.0,1440,1,30,30,0,0,75,25.0,5,4,99,0.0,1,flat,70.20000000838388,55.18299999999408,-62.93091008608722,-78.71791266901823,99.31980698788459,99.47896819027305,70.20000000838388,55.18299999999408,1109.0,1030.0,0.0,0.0,236.0,215.0,0.0,1.0,5.0,5.0,607.0,536.0,-1496.5999999999988,-2361.499999999998,-99.92979999999162,-99.944817,1,1
0.1,100.0,1440,1,30,30,0,0,75,25.0,5,4,5,0.1,3,inc_every3,70.20000000838388,55.18299999999408,-62.93091008608722,-78.71791266901823,99.31980698788459,99.47896819027305,70.20000000838388,55.18299999999408,1109.0,1030.0,0.0,0.0,236.0,215.0,0.0,1.0,5.0,5.0,607.0,536.0,-1496.5999999999988,-2361.499999999998,-99.92979999999162,-99.944817,1,1
0.1,100.0,1440,1,30,30,0,0,150,15.0,18,0,99,0.0,1,flat,69.53220000002278,74.98320000000996,-63.00174826465705,-76.68480155469307,99.63793044193706,99.569912357179,69.5322000000017,74.98319999999461,983.0,527.0,10.0,0.0,0.0,0.0,2.0,2.0,18.0,18.0,23.0,8.0,-12084.599999999979,-2513.5000000000086,-99.9304678,-99.92501680000001,1,1
0.1,100.0,1440,1,30,30,0,0,150,5.3,5,15,99,0.0,1,flat,68.91800000001052,57.12350000000856,-63.067382782790226,-78.49790893705875,99.31835220810046,99.42915317584034,68.91800000000353,57.12350000000856,4825.0,3103.0,11.0,13.0,33.0,23.0,1.0,1.0,5.0,5.0,284.0,187.0,-1909.5000000000023,-2430.999999999999,-99.931082,-99.9428765,1,1
0.1,100.0,1440,1,30,30,0,0,150,5.3,5,15,5,0.1,3,inc_every3,68.91800000001052,57.12350000000856,-63.067382782790226,-78.49790893705875,99.31835220810046,99.42915317584034,68.91800000000353,57.12350000000856,4825.0,3103.0,11.0,13.0,33.0,23.0,1.0,1.0,5.0,5.0,284.0,187.0,-1909.5000000000023,-2430.999999999999,-99.931082,-99.9428765,1,1
0.1,100.0,1440,1,30,30,0,0,100,25.0,12,2,99,0.0,1,flat,68.83099999998984,54.91349999999579,-63.07671755182733,-78.74889490290487,99.33551189844101,99.49366079002698,68.83099999998984,54.91349999999454,959.0,1064.0,0.0,0.0,356.0,385.0,1.0,1.0,7.0,7.0,0.0,0.0,-749.1000000000009,-1602.9,-99.93116900000001,-99.9450865,1,1
0.1,100.0,1440,1,30,30,0,0,100,25.0,18,2,99,0.0,1,flat,68.83099999998984,54.91349999999579,-63.07671755182733,-78.74889490290487,99.33551189844101,99.49366079002698,68.83099999998984,54.91349999999454,959.0,1064.0,0.0,0.0,356.0,385.0,1.0,1.0,7.0,7.0,0.0,0.0,-749.1000000000009,-1602.9,-99.93116900000001,-99.9450865,1,1
0.1,100.0,1440,1,30,30,0,0,100,25.0,8,2,99,0.0,1,flat,68.83099999998984,54.91349999999579,-63.07671755182733,-78.74889490290487,99.33551189844101,99.49366079002698,68.83099999998984,54.91349999999454,959.0,1064.0,0.0,0.0,356.0,385.0,1.0,1.0,7.0,7.0,0.0,0.0,-749.1000000000009,-1602.9,-99.93116900000001,-99.9450865,1,1
0.1,100.0,1440,1,30,30,0,0,150,5.3,5,25,99,0.0,1,flat,68.73000000001349,55.415000000000646,-63.08756631294887,-78.69132652273659,99.32021166114437,99.44622656593516,68.72999999999979,55.415000000000646,3092.0,2507.0,12.0,19.0,14.0,11.0,1.0,1.0,5.0,5.0,178.0,155.0,-2126.499999999999,-4090.5999999999976,-99.93127,-99.944585,1,1
0.1,100.0,1440,1,30,30,0,0,150,5.3,5,25,5,0.1,3,inc_every3,68.73000000001349,55.415000000000646,-63.08756631294887,-78.69132652273659,99.32021166114437,99.44622656593516,68.72999999999979,55.415000000000646,3092.0,2507.0,12.0,19.0,14.0,11.0,1.0,1.0,5.0,5.0,178.0,155.0,-2126.499999999999,-4090.5999999999976,-99.93127,-99.944585,1,1
0.1,100.0,1440,1,30,30,0,0,75,5.3,8,10,99,0.0,1,flat,68.70000001122719,99.53280000000098,-63.09079117236755,-74.63460081340267,99.32751228478233,99.0504860481756,68.70000001120809,99.53280000000098,2309.0,2865.0,0.0,1.0,36.0,42.0,1.0,1.0,8.0,8.0,142.0,163.0,-572.6000000000005,-1409.3999999999971,-99.9312999999888,-99.9004672,1,1
0.1,100.0,1440,1,30,30,0,0,75,10.0,5,10,5,0.1,3,inc_every3,68.40300000000752,57.054000000005544,-63.12277822262917,-78.50569710050685,99.33580292466935,99.43203289100374,68.40300000000275,57.054000000001906,2640.0,2303.0,0.0,6.0,74.0,64.0,1.0,1.0,5.0,5.0,592.0,509.0,-2181.7999999999997,-3812.1,-99.931597,-99.94294599999999,1,1
0.1,100.0,1440,1,30,30,0,0,75,10.0,5,10,99,0.0,1,flat,68.40300000000752,57.054000000005544,-63.12277822262917,-78.50569710050685,99.33580292466935,99.43203289100374,68.40300000000275,57.054000000001906,2640.0,2303.0,0.0,6.0,74.0,64.0,1.0,1.0,5.0,5.0,592.0,509.0,-2181.7999999999997,-3812.1,-99.931597,-99.94294599999999,1,1
0.1,100.0,1440,1,30,30,0,0,300,25.0,8,10,99,0.0,1,flat,68.29150000000072,4396.800000001051,-63.1348155134916,-21.692050018739028,99.35238027501192,62.96583126503599,68.29149999999402,3969.1000000010663,1081.0,1110.0,0.0,0.0,61.0,57.0,1.0,0.0,8.0,8.0,70.0,63.0,-1678.0000000000002,-3137.399999999987,-99.9317085,-97.623712548811,1,0
0.1,100.0,1440,1,30,30,0,0,300,25.0,18,10,99,0.0,1,flat,68.29150000000072,4396.800000001051,-63.1348155134916,-21.692050018739028,99.35238027501192,62.96583126503599,68.29149999999402,3969.1000000010663,1081.0,1110.0,0.0,0.0,61.0,57.0,1.0,0.0,8.0,8.0,0.0,0.0,-1678.0000000000002,-3137.399999999987,-99.9317085,-97.623712548811,1,0
0.1,100.0,1440,1,30,30,0,0,300,25.0,12,10,99,0.0,1,flat,68.29150000000072,4396.800000001051,-63.1348155134916,-21.692050018739028,99.35238027501192,62.96583126503599,68.29149999999402,3969.1000000010663,1081.0,1110.0,0.0,0.0,61.0,57.0,1.0,0.0,8.0,8.0,0.0,0.0,-1678.0000000000002,-3137.399999999987,-99.9317085,-97.623712548811,1,0
0.1,100.0,1440,1,30,30,0,0,300,25.0,18,0,99,0.0,1,flat,68.26700000001051,58.74899999999866,-63.13746258514087,-78.31762425568823,99.5347948155316,99.578989988749,68.26700000000108,58.74899999999866,312.0,149.0,2.0,0.0,0.0,0.0,2.0,2.0,18.0,18.0,4.0,1.0,-6767.300000000065,-896.399999999999,-99.931733,-99.94125100000001,1,1
0.1,100.0,1440,1,30,30,0,0,400,15.0,18,10,99,0.0,1,flat,68.26700000001267,4223.300000003168,-63.13746258514064,-22.624620036813248,99.34083579553136,61.140587485519085,68.26700000000119,3933.000000003164,1674.0,1764.0,0.0,2.0,46.0,43.0,1.0,0.0,7.0,7.0,0.0,0.0,-1290.600000000002,-2817.5999999999885,-99.931733,-94.90579500785142,1,0
0.1,100.0,1440,1,30,30,0,0,400,15.0,8,10,99,0.0,1,flat,68.26700000001267,4223.300000003168,-63.13746258514064,-22.624620036813248,99.34083579553136,61.140587485519085,68.26700000000119,3933.000000003164,1674.0,1764.0,0.0,2.0,46.0,43.0,1.0,0.0,7.0,7.0,0.0,0.0,-1290.600000000002,-2817.5999999999885,-99.931733,-94.90579500785142,1,0
0.1,100.0,1440,1,30,30,0,0,400,15.0,12,10,99,0.0,1,flat,68.26700000001267,4223.300000003168,-63.13746258514064,-22.624620036813248,99.34083579553136,61.140587485519085,68.26700000000119,3933.000000003164,1674.0,1764.0,0.0,2.0,46.0,43.0,1.0,0.0,7.0,7.0,0.0,0.0,-1290.600000000002,-2817.5999999999885,-99.931733,-94.90579500785142,1,0
0.1,100.0,1440,1,30,30,0,0,400,10.0,18,0,99,0.0,1,flat,68.11900000000344,47.24239999999958,-63.15346923844376,-79.67943714898495,99.59303027225315,99.61318256626083,68.11900000000139,47.24239999999958,1053.0,350.0,5.0,2.0,0.0,0.0,2.0,2.0,18.0,18.0,3.0,1.0,-5084.900000000031,-704.6999999999999,-99.931881,-99.9527576,1,1
0.1,100.0,1440,1,30,30,0,0,200,15.0,5,10,5,0.1,3,inc_every3,68.02800000000752,1905.5000000046712,-63.16332498261357,-38.94130042896019,99.34589719428473,84.22711694632824,68.02800000000525,1606.2000000046214,1782.0,1840.0,0.0,2.0,59.0,58.0,1.0,0.0,5.0,5.0,224.0,238.0,-1673.2000000000023,-3474.099999999994,-99.931972,-98.39379999999538,1,1
0.1,100.0,1440,1,30,30,0,0,200,15.0,5,10,99,0.0,1,flat,68.02800000000752,1905.5000000046712,-63.16332498261357,-38.94130042896019,99.34589719428473,84.22711694632824,68.02800000000525,1606.2000000046214,1782.0,1840.0,0.0,2.0,59.0,58.0,1.0,0.0,5.0,5.0,224.0,238.0,-1673.2000000000023,-3474.099999999994,-99.931972,-98.39379999999538,1,1
0.1,100.0,1440,1,30,30,0,0,150,15.0,12,0,5,0.1,3,inc_every3,68.02400000000415,45.19760000000062,-63.163758444039466,-79.94524641345599,99.72520995843253,99.802640047858,68.02400000000415,45.19759999999815,617.0,581.0,1.0,1.0,0.0,0.0,2.0,3.0,12.0,12.0,20.0,19.0,-6587.799999999984,-3534.1000000000186,-99.93197599999999,-99.9548024,1,1
0.1,100.0,1440,1,30,30,0,0,200,5.3,12,0,5,0.1,3,inc_every3,67.98900000000725,58.348999999996636,-63.167552101445004,-78.36166010487973,99.73790303927473,99.65263903606431,67.98899999999458,58.348999999996636,2548.0,1058.0,5.0,2.0,0.0,0.0,2.0,2.0,12.0,12.0,17.0,4.0,-3810.600000000007,-1168.4000000000026,-99.932011,-99.94165100000001,1,1
0.1,100.0,1440,1,30,30,0,0,150,25.0,5,10,99,0.0,1,flat,67.94500000000653,5585.30000000593,-63.172323487678824,-15.913365129758228,99.33309449259434,47.41178113337173,67.94499999999528,5272.600000005885,982.0,947.0,0.0,1.0,68.0,61.0,1.0,0.0,5.0,5.0,258.0,259.0,-1953.8000000000018,-3765.5999999999967,-99.932055,-60.73692739650169,1,0
0.1,100.0,1440,1,30,30,0,0,150,25.0,5,10,5,0.1,3,inc_every3,67.94500000000653,5585.30000000593,-63.172323487678824,-15.913365129758228,99.33309449259434,47.41178113337173,67.94499999999528,5272.600000005885,982.0,947.0,0.0,1.0,68.0,61.0,1.0,0.0,5.0,5.0,258.0,259.0,-1953.8000000000018,-3765.5999999999967,-99.932055,-60.73692739650169,1,0
0.1,100.0,1440,1,30,30,0,0,200,10.0,8,10,5,0.1,3,inc_every3,67.92300000001455,79.8840000000061,-63.174710107677434,-76.24137891982461,99.3472394406804,99.25848641523794,67.92300000000313,79.88400000000411,2137.0,2739.0,0.0,0.0,48.0,58.0,1.0,1.0,8.0,8.0,71.0,83.0,-1052.5000000000023,-2003.4000000000021,-99.93207699999999,-99.920116,1,1
0.1,100.0,1440,1,30,30,0,0,75,5.3,5,15,5,0.1,3,inc_every3,67.8970000000088,56.822999999998274,-63.17753145589342,-78.53163092031016,99.33363103708862,99.44639621207706,67.89700000000448,56.822999999993385,4480.0,2823.0,15.0,14.0,38.0,26.0,1.0,1.0,5.0,5.0,570.0,350.0,-2298.8999999999987,-2591.9999999999995,-99.932103,-99.943177,1,1
0.1,100.0,1440,1,30,30,0,0,75,5.3,5,15,99,0.0,1,flat,67.8970000000088,56.822999999998274,-63.17753145589342,-78.53163092031016,99.33363103708862,99.44639621207706,67.89700000000448,56.822999999993385,4480.0,2823.0,15.0,14.0,38.0,26.0,1.0,1.0,5.0,5.0,570.0,350.0,-2298.8999999999987,-2591.9999999999995,-99.932103,-99.943177,1,1
0.1,100.0,1440,1,30,30,0,0,75,5.3,5,25,5,0.1,3,inc_every3,67.81000000000375,825.1000000098525,-63.1869784092828,-52.40319823424511,99.3344848907166,96.07161633264596,67.8099999999962,403.50000000864657,2616.0,2546.0,12.0,23.0,15.0,13.0,1.0,0.0,5.0,5.0,334.0,312.0,-2253.8,-4526.000000000002,-99.93219,-99.59649999999135,1,1
0.1,100.0,1440,1,30,30,0,0,75,5.3,5,25,99,0.0,1,flat,67.81000000000375,825.1000000098525,-63.1869784092828,-52.40319823424511,99.3344848907166,96.07161633264596,67.8099999999962,403.50000000864657,2616.0,2546.0,12.0,23.0,15.0,13.0,1.0,0.0,5.0,5.0,334.0,312.0,-2253.8,-4526.000000000002,-99.93219,-99.59649999999135,1,1
0.1,100.0,1440,1,30,30,0,0,75,15.0,5,6,5,0.1,3,inc_every3,67.78199999999794,55.52700000000323,-63.190020870254585,-78.6785198071605,99.34049446860685,99.45316762356833,67.78199999999572,55.52700000000323,1101.0,1611.0,0.0,0.0,89.0,124.0,1.0,1.0,5.0,5.0,345.0,526.0,-926.7000000000005,-2573.8999999999996,-99.932218,-99.944473,1,1
0.1,100.0,1440,1,30,30,0,0,75,15.0,5,6,99,0.0,1,flat,67.78199999999794,55.52700000000323,-63.190020870254585,-78.6785198071605,99.34049446860685,99.45316762356833,67.78199999999572,55.52700000000323,1101.0,1611.0,0.0,0.0,89.0,124.0,1.0,1.0,5.0,5.0,345.0,526.0,-926.7000000000005,-2573.8999999999996,-99.932218,-99.944473,1,1
0.1,100.0,1440,1,30,30,0,0,400,10.0,5,10,99,0.0,1,flat,67.73900000000071,2888.400000003152,-63.19469517899423,-30.89582722452797,99.33488796810872,74.70839178305597,67.73899999999958,2632.3000000031675,2390.0,2508.0,0.0,6.0,41.0,39.0,1.0,0.0,5.0,5.0,81.0,93.0,-1265.300000000003,-2702.999999999993,-99.932261,-130.31261079063992,1,0
0.1,100.0,1440,1,30,30,0,0,400,10.0,5,10,5,0.1,3,inc_every3,67.73900000000071,2888.400000003152,-63.19469517899423,-30.89582722452797,99.33488796810872,74.70839178305597,67.73899999999958,2632.3000000031675,2390.0,2508.0,0.0,6.0,41.0,39.0,1.0,0.0,5.0,5.0,81.0,93.0,-1265.300000000003,-2702.999999999993,-99.932261,-130.31261079063992,1,0
0.1,100.0,1440,1,30,30,0,0,200,15.0,18,4,99,0.0,1,flat,67.71250000000782,58.52799999999462,-63.19757703981451,-78.34192793289954,99.33420025368481,99.43296162453866,67.71250000000089,58.52799999999462,1266.0,1197.0,0.0,0.0,107.0,101.0,1.0,1.0,6.0,6.0,0.0,0.0,-528.7000000000002,-946.0000000000024,-99.9322875,-99.941472,1,1
0.1,100.0,1440,1,30,30,0,0,200,15.0,8,4,99,0.0,1,flat,67.71250000000782,58.52799999999462,-63.19757703981451,-78.34192793289954,99.33420025368481,99.43296162453866,67.71250000000089,58.52799999999462,1266.0,1197.0,0.0,0.0,107.0,101.0,1.0,1.0,6.0,6.0,0.0,0.0,-528.7000000000002,-946.0000000000024,-99.9322875,-99.941472,1,1
0.1,100.0,1440,1,30,30,0,0,200,15.0,12,4,99,0.0,1,flat,67.71250000000782,58.52799999999462,-63.19757703981451,-78.34192793289954,99.33420025368481,99.43296162453866,67.71250000000089,58.52799999999462,1266.0,1197.0,0.0,0.0,107.0,101.0,1.0,1.0,6.0,6.0,0.0,0.0,-528.7000000000002,-946.0000000000024,-99.9322875,-99.941472,1,1
0.1,100.0,1440,1,30,30,0,0,200,25.0,3,4,5,0.1,3,inc_every3,78.10000000507057,4067.1000000023905,-62.13131690586407,-23.487510120435285,99.33838907017733,62.80786286063075,67.70000000503478,3874.900000002368,1867.0,1031.0,0.0,0.0,234.0,128.0,0.0,0.0,3.0,3.0,785.0,430.0,-2255.799999999979,-2062.4999999999773,-99.93229999999497,-99.10323584169679,1,0
0.1,100.0,1440,1,30,30,0,0,200,25.0,3,4,99,0.0,1,flat,78.10000000507057,4067.1000000023905,-62.13131690586407,-23.487510120435285,99.33838907017733,62.80786286063075,67.70000000503478,3874.900000002368,1867.0,1031.0,0.0,0.0,234.0,128.0,0.0,0.0,3.0,3.0,785.0,430.0,-2255.799999999979,-2062.4999999999773,-99.93229999999497,-99.10323584169679,1,0
0.1,100.0,1440,1,30,30,0,0,200,10.0,5,10,99,0.0,1,flat,67.61400000001186,54.78600000000574,-63.20829677700974,-78.7635897729261,99.33175200877629,99.4572150393818,67.61400000000617,54.78599999999949,2569.0,2483.0,1.0,6.0,52.0,49.0,1.0,1.0,5.0,5.0,224.0,193.0,-1503.0000000000018,-3090.599999999992,-99.932386,-99.945214,1,1
0.1,100.0,1440,1,30,30,0,0,200,10.0,5,10,5,0.1,3,inc_every3,67.61400000001186,54.78600000000574,-63.20829677700974,-78.7635897729261,99.33175200877629,99.4572150393818,67.61400000000617,54.78599999999949,2569.0,2483.0,1.0,6.0,52.0,49.0,1.0,1.0,5.0,5.0,224.0,193.0,-1503.0000000000018,-3090.599999999992,-99.932386,-99.945214,1,1
0.1,100.0,1440,1,30,30,0,0,75,25.0,5,6,5,0.1,3,inc_every3,67.2329999999946,612.7000000088694,-63.249878906442305,-56.437438159373386,99.35101402550275,98.01689150177369,67.2329999999946,223.3000000087883,941.0,1096.0,0.0,0.0,136.0,156.0,1.0,0.0,5.0,5.0,465.0,552.0,-1695.4999999999995,-3407.6000000000004,-99.932767,-99.77669999999121,1,1
0.1,100.0,1440,1,30,30,0,0,75,25.0,5,6,99,0.0,1,flat,67.2329999999946,612.7000000088694,-63.249878906442305,-56.437438159373386,99.35101402550275,98.01689150177369,67.2329999999946,223.3000000087883,941.0,1096.0,0.0,0.0,136.0,156.0,1.0,0.0,5.0,5.0,465.0,552.0,-1695.4999999999995,-3407.6000000000004,-99.932767,-99.77669999999121,1,1
0.1,100.0,1440,1,30,30,0,0,100,15.0,5,10,99,0.0,1,flat,67.21900000000204,2232.7000000009266,-63.25141044530492,-35.99304150162488,99.34648739038283,79.56191309882875,67.21900000000204,2054.600000000943,1646.0,1747.0,0.0,2.0,71.0,70.0,1.0,0.0,5.0,5.0,410.0,420.0,-1968.4000000000012,-3862.3999999999996,-99.93278099999999,-145.11686769928238,1,0
0.1,100.0,1440,1,30,30,0,0,100,15.0,5,10,5,0.1,3,inc_every3,67.21900000000204,2232.7000000009266,-63.25141044530492,-35.99304150162488,99.34648739038283,79.56191309882875,67.21900000000204,2054.600000000943,1646.0,1747.0,0.0,2.0,71.0,70.0,1.0,0.0,5.0,5.0,410.0,420.0,-1968.4000000000012,-3862.3999999999996,-99.93278099999999,-145.11686769928238,1,0
0.1,100.0,1440,1,30,30,0,0,300,10.0,18,6,99,0.0,1,flat,67.10199999999793,4298.40000000193,-63.264219720490054,-22.217712357402874,99.34394462314606,67.41377716133306,67.10199999999793,3524.2000000018766,2794.0,3312.0,0.0,0.0,82.0,86.0,1.0,0.0,6.0,6.0,0.0,0.0,-1130.3000000000027,-2272.099999999993,-99.93289800000001,-107.04526668006899,1,0
0.1,100.0,1440,1,30,30,0,0,300,10.0,8,6,99,0.0,1,flat,67.10199999999793,4298.40000000193,-63.264219720490054,-22.217712357402874,99.34394462314606,67.41377716133306,67.10199999999793,3524.2000000018766,2794.0,3312.0,0.0,0.0,82.0,86.0,1.0,0.0,6.0,6.0,0.0,0.0,-1130.3000000000027,-2272.099999999993,-99.93289800000001,-107.04526668006899,1,0
0.1,100.0,1440,1,30,30,0,0,300,10.0,12,6,99,0.0,1,flat,67.10199999999793,4298.40000000193,-63.264219720490054,-22.217712357402874,99.34394462314606,67.41377716133306,67.10199999999793,3524.2000000018766,2794.0,3312.0,0.0,0.0,82.0,86.0,1.0,0.0,6.0,6.0,0.0,0.0,-1130.3000000000027,-2272.099999999993,-99.93289800000001,-107.04526668006899,1,0
0.1,100.0,1440,1,30,30,0,0,400,10.0,18,6,5,0.1,3,inc_every3,67.01749999999487,768.8000000033444,-63.273481978627444,-53.39374667635066,99.33717572125138,94.3081742419438,67.01749999999487,577.8000000033254,2617.0,2844.0,0.0,0.0,73.0,75.0,1.0,0.0,6.0,6.0,0.0,0.0,-1069.7000000000048,-2088.9999999999936,-99.93298250000001,-99.42219999999668,1,1
0.1,100.0,1440,1,30,30,0,0,400,10.0,12,6,5,0.1,3,inc_every3,67.01749999999487,768.8000000033444,-63.273481978627444,-53.39374667635066,99.33717572125138,94.3081742419438,67.01749999999487,577.8000000033254,2617.0,2844.0,0.0,0.0,73.0,75.0,1.0,0.0,6.0,6.0,0.0,0.0,-1069.7000000000048,-2088.9999999999936,-99.93298250000001,-99.42219999999668,1,1
0.1,100.0,1440,1,30,30,0,0,400,10.0,8,6,5,0.1,3,inc_every3,67.01749999999487,768.8000000033444,-63.273481978627444,-53.39374667635066,99.33717572125138,94.3081742419438,67.01749999999487,577.8000000033254,2617.0,2844.0,0.0,0.0,73.0,75.0,1.0,0.0,6.0,6.0,0.0,0.0,-1069.7000000000048,-2088.9999999999936,-99.93298250000001,-99.42219999999668,1,1
0.1,100.0,1440,1,30,30,0,0,150,25.0,8,15,5,0.1,3,inc_every3,67.0050000000004,3342.9000000166343,-63.274852928183776,-27.824420385623704,99.39980651922737,83.66970811826036,67.0050000000004,2339.200000016513,814.0,1275.0,0.0,0.0,47.0,72.0,4.0,0.0,8.0,8.0,107.0,193.0,-1626.7999999999993,-5563.999999999987,-99.932995,-145.16383662214443,1,0
0.1,100.0,1440,1,30,30,0,0,300,5.3,5,15,99,0.0,1,flat,66.910000000006,1193.600000002698,-63.285278835727965,-46.87550283356055,99.33871637247726,95.79729397291533,66.91000000000531,427.10000000248203,2531.0,4221.0,5.0,13.0,17.0,24.0,1.0,0.0,5.0,5.0,66.0,118.0,-986.3000000000018,-3220.499999999988,-99.93308999999999,-99.57289999999752,1,1
0.1,100.0,1440,1,30,30,0,0,300,5.3,5,15,5,0.1,3,inc_every3,66.910000000006,1193.600000002698,-63.285278835727965,-46.87550283356055,99.33871637247726,95.79729397291533,66.91000000000531,427.10000000248203,2531.0,4221.0,5.0,13.0,17.0,24.0,1.0,0.0,5.0,5.0,66.0,118.0,-986.3000000000018,-3220.499999999988,-99.93308999999999,-99.57289999999752,1,1
0.1,100.0,1440,1,30,30,0,0,200,25.0,3,2,99,0.0,1,flat,66.90000000508806,1852.3000000028203,-63.286376987773885,-39.45363631395011,99.33761720408042,83.33104193260573,66.90000000508269,1697.4000000027813,1740.0,1169.0,0.0,0.0,417.0,278.0,0.0,0.0,3.0,3.0,831.0,515.0,-1307.9999999999968,-1431.4999999999955,-99.93309999999492,-98.30259999999721,1,1
0.1,100.0,1440,1,30,30,0,0,200,25.0,3,2,5,0.1,3,inc_every3,66.90000000508806,1852.3000000028203,-63.286376987773885,-39.45363631395011,99.33761720408042,83.33104193260573,66.90000000508269,1697.4000000027813,1740.0,1169.0,0.0,0.0,417.0,278.0,0.0,0.0,3.0,3.0,831.0,515.0,-1307.9999999999968,-1431.4999999999955,-99.93309999999492,-98.30259999999721,1,1
0.1,100.0,1440,1,30,30,0,0,300,5.3,18,6,5,0.1,3,inc_every3,66.87450000001513,83.00000000313082,-63.28917787188259,-75.96929874990222,99.34011071421519,99.18093452407236,66.87450000000626,83.00000000312934,5112.0,5059.0,0.0,1.0,73.0,72.0,1.0,0.0,6.0,6.0,0.0,0.0,-1084.7000000000035,-1912.6999999999982,-99.93312549999999,-99.91699999999688,1,1
0.1,100.0,1440,1,30,30,0,0,300,5.3,8,6,5,0.1,3,inc_every3,66.87450000001513,83.00000000313082,-63.28917787188259,-75.96929874990222,99.34011071421519,99.18093452407236,66.87450000000626,83.00000000312934,5112.0,5059.0,0.0,1.0,73.0,72.0,1.0,0.0,6.0,6.0,0.0,0.0,-1084.7000000000035,-1912.6999999999982,-99.93312549999999,-99.91699999999688,1,1
0.1,100.0,1440,1,30,30,0,0,300,5.3,12,6,5,0.1,3,inc_every3,66.87450000001513,83.00000000313082,-63.28917787188259,-75.96929874990222,99.34011071421519,99.18093452407236,66.87450000000626,83.00000000312934,5112.0,5059.0,0.0,1.0,73.0,72.0,1.0,0.0,6.0,6.0,0.0,0.0,-1084.7000000000035,-1912.6999999999982,-99.93312549999999,-99.91699999999688,1,1
0.1,100.0,1440,1,30,30,0,0,100,5.3,5,25,99,0.0,1,flat,66.80549999999903,56.95099999999954,-63.296761018809924,-78.51725153643969,99.34676047248409,99.43142814356318,66.8054999999963,56.950999999993826,2876.0,2311.0,13.0,21.0,14.0,12.0,1.0,1.0,5.0,5.0,276.0,200.0,-2302.1000000000017,-4190.200000000002,-99.9331945,-99.943049,1,1
0.1,100.0,1440,1,30,30,0,0,300,10.0,5,15,5,0.1,3,inc_every3,66.80550000000017,5974.600000001425,-63.296761018809796,-14.210377776451722,99.34079808176195,57.000802079597904,66.80549999999857,4449.600000001203,2265.0,2491.0,0.0,6.0,28.0,26.0,1.0,0.0,5.0,5.0,101.0,128.0,-1638.3000000000009,-3214.4999999999923,-99.9331945,-78.21198193564753,1,0
0.1,100.0,1440,1,30,30,0,0,300,10.0,5,15,99,0.0,1,flat,66.80550000000017,5974.600000001425,-63.296761018809796,-14.210377776451722,99.34079808176195,57.000802079597904,66.80549999999857,4449.600000001203,2265.0,2491.0,0.0,6.0,28.0,26.0,1.0,0.0,5.0,5.0,101.0,128.0,-1638.3000000000009,-3214.4999999999923,-99.9331945,-78.21198193564753,1,0
0.1,100.0,1440,1,30,30,0,0,100,5.3,5,25,5,0.1,3,inc_every3,66.80549999999903,56.95099999999954,-63.296761018809924,-78.51725153643969,99.34676047248409,99.43142814356318,66.8054999999963,56.950999999993826,2876.0,2311.0,13.0,21.0,14.0,12.0,1.0,1.0,5.0,5.0,276.0,200.0,-2302.1000000000017,-4190.200000000002,-99.9331945,-99.943049,1,1
0.1,100.0,1440,1,30,30,0,0,75,10.0,18,10,5,0.1,3,inc_every3,66.70550000001236,100.2537000000159,-63.30776221363455,-74.58006929599819,99.36203615149194,99.00365033144172,66.70550000000583,100.25370000000538,704.0,603.0,0.0,0.0,33.0,28.0,2.0,2.0,13.0,13.0,0.0,0.0,-161.29999999999995,-408.59999999999985,-99.93329449999999,-99.89974629999999,1,1
0.1,100.0,1440,1,30,30,0,0,400,5.3,5,15,5,0.1,3,inc_every3,66.69299999998964,2304.300000003779,-63.309138290364494,-35.38898512995433,99.34704966663742,79.3363814760204,66.69299999998964,2074.4000000037886,3302.0,3792.0,6.0,19.0,20.0,20.0,1.0,0.0,5.0,5.0,63.0,77.0,-1319.2000000000016,-3119.8999999999924,-99.93330700000001,-144.06174808199515,1,0
0.1,100.0,1440,1,30,30,0,0,400,5.3,5,15,99,0.0,1,flat,66.69299999998964,2304.300000003779,-63.309138290364494,-35.38898512995433,99.34704966663742,79.3363814760204,66.69299999998964,2074.4000000037886,3302.0,3792.0,6.0,19.0,20.0,20.0,1.0,0.0,5.0,5.0,63.0,77.0,-1319.2000000000016,-3119.8999999999924,-99.93330700000001,-144.06174808199515,1,0
0.1,100.0,1440,1,30,30,0,0,150,10.0,5,10,5,0.1,3,inc_every3,66.50199999999597,940.1000000092754,-63.33019044532742,-50.51874794628834,99.34436864106006,94.27124252470963,66.50199999999597,619.8000000092313,1836.0,2885.0,1.0,5.0,43.0,60.0,1.0,0.0,5.0,5.0,204.0,308.0,-1093.400000000001,-3510.399999999989,-99.933498,-99.38019999999077,1,1
0.1,100.0,1440,1,30,30,0,0,150,10.0,5,10,99,0.0,1,flat,66.50199999999597,940.1000000092754,-63.33019044532742,-50.51874794628834,99.34436864106006,94.27124252470963,66.50199999999597,619.8000000092313,1836.0,2885.0,1.0,5.0,43.0,60.0,1.0,0.0,5.0,5.0,204.0,308.0,-1093.400000000001,-3510.399999999989,-99.933498,-99.38019999999077,1,1
0.1,100.0,1440,1,30,30,0,0,100,25.0,8,15,5,0.1,3,inc_every3,66.3805000000049,103.14810000002018,-63.34360744243804,-74.36385889844249,99.43887047963617,98.97664444312154,66.38050000000126,103.14810000000841,709.0,782.0,0.0,0.0,53.0,57.0,1.0,1.0,8.0,8.0,153.0,168.0,-1559.2000000000003,-3352.799999999984,-99.93361949999999,-99.89685189999999,1,1
0.1,100.0,1440,1,30,30,0,0,100,15.0,8,15,5,0.1,3,inc_every3,66.38049999998947,82.45439999998581,-63.34360744243974,-76.01641455961288,99.39130056027813,99.2122140905358,66.38049999998947,82.4543999999799,1282.0,495.0,0.0,0.0,48.0,20.0,1.0,2.0,8.0,8.0,176.0,53.0,-1521.5000000000002,-930.4000000000015,-99.9336195,-99.91754560000003,1,1
0.1,100.0,1440,1,30,30,0,0,300,15.0,12,25,99,0.0,1,flat,66.36300000000142,7266.900000000722,-63.345541549802334,-9.062969401780506,99.34949077114598,64.15485405833564,66.36300000000085,3977.70000000061,1097.0,1699.0,0.0,4.0,14.0,18.0,2.0,0.0,12.0,12.0,18.0,22.0,-1544.9000000000024,-4683.499999999997,-99.933637,-87.3726775184518,1,0
0.1,100.0,1440,1,30,30,0,0,75,25.0,18,15,5,0.1,3,inc_every3,66.31450000000916,81.97979999999734,-63.350903923084715,-76.05757752353185,99.36433480632266,99.3261356090111,66.31450000000297,67.9882000000431,198.0,316.0,0.0,0.0,24.0,37.0,2.0,5.0,15.0,15.0,0.0,0.0,-186.20000000000002,-1259.700000000001,-99.9336855,-99.93201179999996,1,1
0.1,100.0,1440,1,30,30,0,0,100,5.3,5,10,5,0.1,3,inc_every3,66.28500000000736,56.17650000000094,-63.354167107329886,-78.60460780231706,99.39512707031075,99.43916038536413,66.28500000000076,56.17650000000094,3108.0,3870.0,4.0,13.0,38.0,45.0,1.0,1.0,5.0,5.0,284.0,361.0,-1041.4,-2364.7,-99.93371499999999,-99.9438235,1,1
0.1,100.0,1440,1,30,30,0,0,100,5.3,5,10,99,0.0,1,flat,66.28500000000736,56.17650000000094,-63.354167107329886,-78.60460780231706,99.39512707031075,99.43916038536413,66.28500000000076,56.17650000000094,3108.0,3870.0,4.0,13.0,38.0,45.0,1.0,1.0,5.0,5.0,284.0,361.0,-1041.4,-2364.7,-99.93371499999999,-99.9438235,1,1
0.1,100.0,1440,1,30,30,0,0,75,5.3,18,10,5,0.1,3,inc_every3,66.26450000000554,54.48900000000211,-63.35643542801195,-78.7979135679541,99.35263286440016,99.45594240811558,66.26450000000085,54.48900000000211,1139.0,802.0,0.0,0.0,23.0,18.0,3.0,3.0,13.0,13.0,0.0,0.0,-83.80000000000001,-255.89999999999986,-99.9337355,-99.945511,1,1
0.1,100.0,1440,1,30,30,0,0,150,15.0,5,10,5,0.1,3,inc_every3,66.26399999999273,2403.400000007641,-63.35649075991985,-34.57430329510001,99.36786072024817,79.21572540403507,66.26399999999273,2083.0000000076066,1614.0,1811.0,0.0,2.0,60.0,62.0,1.0,0.0,5.0,5.0,267.0,287.0,-1615.2000000000016,-3642.799999999994,-99.93373600000001,-143.00575410317015,1,0
0.1,100.0,1440,1,30,30,0,0,150,15.0,5,10,99,0.0,1,flat,66.26399999999273,2403.400000007641,-63.35649075991985,-34.57430329510001,99.36786072024817,79.21572540403507,66.26399999999273,2083.0000000076066,1614.0,1811.0,0.0,2.0,60.0,62.0,1.0,0.0,5.0,5.0,267.0,287.0,-1615.2000000000016,-3642.799999999994,-99.93373600000001,-143.00575410317015,1,0
0.1,100.0,1440,1,30,30,0,0,75,5.3,12,0,99,0.0,1,flat,68.85899999999907,48.22080000000054,-63.07371222892962,-79.55510445428025,99.35152215196034,99.54497518259198,66.24720000003592,48.22080000000054,1110.0,945.0,4.0,2.0,0.0,0.0,2.0,2.0,12.0,12.0,31.0,25.0,-6036.999999999931,-2678.7000000000016,-99.93375279999997,-99.9517792,1,1
0.1,100.0,1440,1,30,30,0,0,75,10.0,5,2,99,0.0,1,flat,66.24199999999706,47.12400000000417,-63.35892569448964,-79.69460544625532,99.37150013757514,99.54708929618346,66.24199999999706,47.124000000002496,2210.0,1543.0,0.0,0.0,297.0,218.0,1.0,1.0,5.0,5.0,533.0,402.0,-422.79999999999995,-578.8999999999997,-99.933758,-99.952876,1,1
0.1,100.0,1440,1,30,30,0,0,75,10.0,5,2,5,0.1,3,inc_every3,66.24199999999706,47.12400000000417,-63.35892569448964,-79.69460544625532,99.37150013757514,99.54708929618346,66.24199999999706,47.124000000002496,2210.0,1543.0,0.0,0.0,297.0,218.0,1.0,1.0,5.0,5.0,533.0,402.0,-422.79999999999995,-578.8999999999997,-99.933758,-99.952876,1,1
0.1,100.0,1440,1,30,30,0,0,75,10.0,5,6,99,0.0,1,flat,66.15049999998394,58.09100000000251,-63.36905975377009,-78.39017583742299,99.35767482958865,99.42170965526168,66.15049999998394,58.09099999999802,2723.0,1878.0,0.0,1.0,126.0,90.0,1.0,1.0,5.0,5.0,619.0,414.0,-1372.4999999999998,-1500.2999999999993,-99.93384950000002,-99.941909,1,1
0.1,100.0,1440,1,30,30,0,0,75,10.0,5,6,5,0.1,3,inc_every3,66.15049999998394,58.09100000000251,-63.36905975377009,-78.39017583742299,99.35767482958865,99.42170965526168,66.15049999998394,58.09099999999802,2723.0,1878.0,0.0,1.0,126.0,90.0,1.0,1.0,5.0,5.0,619.0,414.0,-1372.4999999999998,-1500.2999999999993,-99.93384950000002,-99.941909,1,1
0.1,100.0,1440,1,30,30,0,0,300,5.3,12,6,99,0.0,1,flat,66.1414999999887,66.82439999999974,-63.37005715203373,-77.47049301061475,99.34698924837355,99.34055953027095,66.1414999999887,66.82439999999451,4511.0,4971.0,0.0,1.0,66.0,70.0,1.0,1.0,6.0,6.0,0.0,0.0,-921.0000000000035,-1915.499999999995,-99.93385850000001,-99.9331756,1,1
0.1,100.0,1440,1,30,30,0,0,300,5.3,18,6,99,0.0,1,flat,66.1414999999887,66.82439999999974,-63.37005715203373,-77.47049301061475,99.34698924837355,99.34055953027095,66.1414999999887,66.82439999999451,4511.0,4971.0,0.0,1.0,66.0,70.0,1.0,1.0,6.0,6.0,0.0,0.0,-921.0000000000035,-1915.499999999995,-99.93385850000001,-99.9331756,1,1
0.1,100.0,1440,1,30,30,0,0,300,5.3,8,6,99,0.0,1,flat,66.1414999999887,66.82439999999974,-63.37005715203373,-77.47049301061475,99.34698924837355,99.34055953027095,66.1414999999887,66.82439999999451,4511.0,4971.0,0.0,1.0,66.0,70.0,1.0,1.0,6.0,6.0,0.0,0.0,-921.0000000000035,-1915.499999999995,-99.93385850000001,-99.9331756,1,1
0.1,100.0,1440,1,30,30,0,0,75,5.3,18,25,99,0.0,1,flat,66.13400000000652,70.97220000001397,-63.3708884001817,-77.06312398221347,99.35279495811473,99.5129549821578,66.13400000000652,70.97219999999913,779.0,4429.0,0.0,0.0,7.0,26.0,3.0,2.0,18.0,18.0,13.0,56.0,-243.69999999999996,-2764.5999999999963,-99.933866,-99.9290278,1,1
0.1,100.0,1440,1,30,30,0,0,75,25.0,18,4,5,0.1,3,inc_every3,66.12699999999825,44.314399999996795,-63.37166429982292,-80.06267216634461,99.36952853124858,99.58835889385345,66.12699999999825,44.314399999996795,556.0,413.0,0.0,0.0,163.0,118.0,1.0,3.0,10.0,10.0,0.0,0.0,-527.7,-802.4000000000001,-99.933873,-99.95568560000001,1,1
0.1,100.0,1440,1,30,30,0,0,75,25.0,12,4,5,0.1,3,inc_every3,66.12699999999825,44.314399999996795,-63.37166429982292,-80.06267216634461,99.36952853124858,99.58835889385345,66.12699999999825,44.314399999996795,556.0,413.0,0.0,0.0,163.0,118.0,1.0,3.0,10.0,10.0,0.0,0.0,-527.7,-802.4000000000001,-99.933873,-99.95568560000001,1,1
0.1,100.0,1440,1,30,30,0,0,200,5.3,5,15,5,0.1,3,inc_every3,66.078999999997,55.981000000002496,-63.37698652504936,-78.6267919413825,99.34712932133229,99.47079898661428,66.078999999997,55.98099999999852,2806.0,3670.0,6.0,17.0,20.0,24.0,1.0,1.0,5.0,5.0,135.0,167.0,-1105.2000000000014,-3411.1999999999916,-99.933921,-99.944019,1,1
0.1,100.0,1440,1,30,30,0,0,200,5.3,5,15,99,0.0,1,flat,66.078999999997,55.981000000002496,-63.37698652504936,-78.6267919413825,99.34712932133229,99.47079898661428,66.078999999997,55.98099999999852,2806.0,3670.0,6.0,17.0,20.0,24.0,1.0,1.0,5.0,5.0,135.0,167.0,-1105.2000000000014,-3411.1999999999916,-99.933921,-99.944019,1,1
0.1,100.0,1440,1,30,30,0,0,400,15.0,12,25,5,0.1,3,inc_every3,65.95750000000123,8032.900000004309,-63.39047224161064,-6.310214308185147,99.38037239189475,52.423258884348975,65.95749999999794,6900.300000002826,1919.0,1670.0,0.0,1.0,21.0,16.0,2.0,0.0,10.0,10.0,0.0,0.0,-2951.7999999999897,-3759.1999999999907,-99.9340425,-61.156732076883095,1,0
0.1,100.0,1440,1,30,30,0,0,400,15.0,18,25,5,0.1,3,inc_every3,65.95750000000123,8032.900000004309,-63.39047224161064,-6.310214308185147,99.38037239189475,52.423258884348975,65.95749999999794,6900.300000002826,1919.0,1670.0,0.0,1.0,21.0,16.0,2.0,0.0,10.0,10.0,0.0,0.0,-2951.7999999999897,-3759.1999999999907,-99.9340425,-61.156732076883095,1,0
0.1,100.0,1440,1,30,30,0,0,150,5.3,18,25,5,0.1,3,inc_every3,65.95300000000543,56.803000000001134,-63.39097209407245,-78.53387975371025,99.35967961165045,99.63172806369232,65.95300000000543,56.802999999996075,1007.0,6109.0,0.0,0.0,7.0,27.0,2.0,2.0,14.0,14.0,0.0,0.0,-260.6,-3248.8999999999946,-99.93404699999999,-99.943197,1,1
0.1,100.0,1440,1,30,30,0,0,100,5.3,12,25,5,0.1,3,inc_every3,65.88000000000312,59.51050000000231,-63.399084625063765,-78.23436972248344,99.48526022174127,99.49935642898004,65.88000000000312,59.51050000000214,1633.0,2775.0,0.0,0.0,11.0,17.0,3.0,2.0,12.0,12.0,27.0,46.0,-414.80000000000007,-1372.3000000000022,-99.93412,-99.9404895,1,1
0.1,100.0,1440,1,30,30,0,0,75,15.0,18,25,5,0.1,3,inc_every3,65.87850000000685,53.48700000000383,-63.39925139628158,-78.91469168796242,99.37058357059595,99.46944868768223,65.87850000000685,53.48700000000383,149.0,255.0,0.0,0.0,7.0,8.0,3.0,7.0,18.0,18.0,7.0,8.0,-167.79999999999987,-354.8,-99.93412149999999,-99.946513,1,1
0.1,100.0,1440,1,30,30,0,0,200,25.0,8,25,5,0.1,3,inc_every3,65.79749999999893,5659.800000007686,-63.40826155583458,-15.581156072788104,99.37313624801133,79.06879381446727,65.79749999999893,2349.800000006558,1233.0,1098.0,0.0,0.0,38.0,32.0,2.0,0.0,8.0,8.0,115.0,106.0,-4663.799999999969,-6132.599999999993,-99.9342025,-123.71874370172264,1,0
0.1,100.0,1440,1,30,30,0,0,75,5.3,5,2,5,0.1,3,inc_every3,65.66400000001303,47.27200000000897,-63.42313101408571,-79.67564924774697,99.35554661353795,99.53183987957294,65.66400000000698,47.272000000003345,2735.0,3012.0,0.0,0.0,185.0,198.0,1.0,1.0,5.0,5.0,372.0,433.0,-257.6,-521.1999999999998,-99.93433599999999,-99.952728,1,1
0.1,100.0,1440,1,30,30,0,0,75,5.3,5,2,99,0.0,1,flat,65.66400000001303,47.27200000000897,-63.42313101408571,-79.67564924774697,99.35554661353795,99.53183987957294,65.66400000000698,47.272000000003345,2735.0,3012.0,0.0,0.0,185.0,198.0,1.0,1.0,5.0,5.0,372.0,433.0,-257.6,-521.1999999999998,-99.93433599999999,-99.952728,1,1
0.1,100.0,1440,1,30,30,0,0,100,10.0,12,15,5,0.1,3,inc_every3,65.65199999999376,32.086199999999366,-63.424468778729846,-81.88915113122832,99.36259575335689,99.71395535427736,65.65199999999376,32.086199999999366,624.0,895.0,0.0,0.0,18.0,23.0,2.0,2.0,12.0,12.0,22.0,33.0,-258.2,-805.7999999999996,-99.934348,-99.9679138,1,1
0.1,100.0,1440,1,30,30,0,0,300,15.0,5,15,99,0.0,1,flat,65.58400000000574,4741.3000000009415,-63.43205314160457,-19.914354932095435,99.3571267533842,67.9447794229813,65.58400000000506,3359.9000000008464,1832.0,1395.0,1.0,3.0,35.0,25.0,1.0,0.0,5.0,5.0,122.0,117.0,-2494.2999999999997,-3498.199999999994,-99.934416,-105.80391377805803,1,0
0.1,100.0,1440,1,30,30,0,0,300,15.0,5,15,5,0.1,3,inc_every3,65.58400000000574,4741.3000000009415,-63.43205314160457,-19.914354932095435,99.3571267533842,67.9447794229813,65.58400000000506,3359.9000000008464,1832.0,1395.0,1.0,3.0,35.0,25.0,1.0,0.0,5.0,5.0,122.0,117.0,-2494.2999999999997,-3498.199999999994,-99.934416,-105.80391377805803,1,0
0.1,100.0,1440,1,30,30,0,0,75,15.0,5,4,5,0.1,3,inc_every3,65.57050000000052,59.089999999992585,-63.43355960898334,-78.28024969131158,99.36201192873892,99.41553496008952,65.57050000000032,59.089999999991676,1559.0,1056.0,0.0,0.0,184.0,126.0,1.0,1.0,5.0,5.0,556.0,343.0,-920.3999999999997,-1019.9000000000002,-99.9344295,-99.94091,1,1
0.1,100.0,1440,1,30,30,0,0,75,15.0,5,4,99,0.0,1,flat,65.57050000000052,59.089999999992585,-63.43355960898334,-78.28024969131158,99.36201192873892,99.41553496008952,65.57050000000032,59.089999999991676,1559.0,1056.0,0.0,0.0,184.0,126.0,1.0,1.0,5.0,5.0,556.0,343.0,-920.3999999999997,-1019.9000000000002,-99.9344295,-99.94091,1,1
0.1,100.0,1440,1,30,30,0,0,100,25.0,18,6,5,0.1,3,inc_every3,65.5395000000068,82.00779999998173,-63.4370198436047,-76.0551443903728,99.47508769962677,99.18367708540731,65.53950000000049,82.00779999998173,1041.0,351.0,0.0,0.0,180.0,66.0,1.0,1.0,10.0,10.0,0.0,0.0,-1125.0000000000002,-728.8000000000002,-99.9344605,-99.91799220000001,1,1
0.1,100.0,1440,1,30,30,0,0,100,25.0,12,6,5,0.1,3,inc_every3,65.5395000000068,82.00779999998173,-63.4370198436047,-76.0551443903728,99.47508769962677,99.18367708540731,65.53950000000049,82.00779999998173,1041.0,351.0,0.0,0.0,180.0,66.0,1.0,1.0,10.0,10.0,0.0,0.0,-1125.0000000000002,-728.8000000000002,-99.9344605,-99.91799220000001,1,1
0.1,100.0,1440,1,30,30,0,0,75,25.0,18,25,5,0.1,3,inc_every3,65.47749999999851,53.750400000007545,-63.44394424216111,-78.8838458557373,99.3723579651659,99.7393167551908,65.47749999999851,43.190000000003465,85.0,367.0,0.0,0.0,8.0,29.0,3.0,5.0,18.0,18.0,7.0,33.0,-225.29999999999995,-1781.3000000000031,-99.9345225,-99.95680999999999,1,1
0.1,100.0,1440,1,30,30,0,0,75,10.0,12,15,5,0.1,3,inc_every3,65.4360000000041,44.79320000000804,-63.44858205249753,-79.99881144313177,99.37417750573836,99.55483249023564,65.4359999999991,44.79320000000061,825.0,627.0,0.0,0.0,26.0,20.0,3.0,3.0,12.0,12.0,51.0,37.0,-239.59999999999994,-709.0,-99.934564,-99.9552068,1,1
0.1,100.0,1440,1,30,30,0,0,200,5.3,5,25,99,0.0,1,flat,65.38050000000896,1536.6000000048216,-63.45478810388838,-42.72836516890208,99.3540306087162,85.2979999999519,65.38050000000612,1470.2000000048092,2806.0,2954.0,9.0,18.0,12.0,11.0,1.0,0.0,5.0,5.0,117.0,142.0,-1743.6000000000017,-4092.1999999999944,-99.9346195,-98.52979999999519,1,1
0.1,100.0,1440,1,30,30,0,0,200,5.3,5,25,5,0.1,3,inc_every3,65.38050000000896,1536.6000000048216,-63.45478810388838,-42.72836516890208,99.3540306087162,85.2979999999519,65.38050000000612,1470.2000000048092,2806.0,2954.0,9.0,18.0,12.0,11.0,1.0,0.0,5.0,5.0,117.0,142.0,-1743.6000000000017,-4092.1999999999944,-99.9346195,-98.52979999999519,1,1
0.1,100.0,1440,1,30,30,0,0,300,25.0,5,10,5,0.1,3,inc_every3,65.34300000000798,5821.100000000602,-63.458983767796674,-14.872276960125186,99.4085214620634,47.614034061546796,65.34300000000798,5373.700000000632,1121.0,963.0,0.0,0.0,61.0,47.0,1.0,0.0,5.0,5.0,138.0,136.0,-2273.899999999999,-3264.9999999999964,-99.93465699999999,-60.10034508321878,1,0
0.1,100.0,1440,1,30,30,0,0,300,25.0,5,10,99,0.0,1,flat,65.34300000000798,5821.100000000602,-63.458983767796674,-14.872276960125186,99.4085214620634,47.614034061546796,65.34300000000798,5373.700000000632,1121.0,963.0,0.0,0.0,61.0,47.0,1.0,0.0,5.0,5.0,138.0,136.0,-2273.899999999999,-3264.9999999999964,-99.93465699999999,-60.10034508321878,1,0
0.1,100.0,1440,1,30,30,0,0,100,15.0,5,4,5,0.1,3,inc_every3,65.34299999999286,58.17699999999962,-63.45898376779837,-78.38066072656298,99.36472612728234,99.42128561196881,65.34299999999286,58.17699999999962,2391.0,1112.0,0.0,0.0,242.0,119.0,1.0,1.0,5.0,5.0,681.0,273.0,-1784.6999999999998,-987.3000000000003,-99.934657,-99.941823,1,1
0.1,100.0,1440,1,30,30,0,0,100,15.0,5,4,99,0.0,1,flat,65.34299999999286,58.17699999999962,-63.45898376779837,-78.38066072656298,99.36472612728234,99.42128561196881,65.34299999999286,58.17699999999962,2391.0,1112.0,0.0,0.0,242.0,119.0,1.0,1.0,5.0,5.0,681.0,273.0,-1784.6999999999998,-987.3000000000003,-99.934657,-99.941823,1,1
0.1,100.0,1440,1,30,30,0,0,100,25.0,18,25,99,0.0,1,flat,65.1414999999991,8734.799999998111,-63.48156150498977,-3.9453795415665516,99.56873071779462,76.28712192683686,65.14149999999273,2940.7999999993226,856.0,1326.0,0.0,0.0,40.0,57.0,2.0,0.0,18.0,18.0,58.0,97.0,-2509.3999999999996,-8163.900000000039,-99.9348585,-106.51962339524027,1,0
0.1,100.0,1440,1,30,30,0,0,100,10.0,5,4,5,0.1,3,inc_every3,65.11299999999852,58.359500000003266,-63.48475938997795,-78.36050145805896,99.36493709158296,99.41891528596463,65.11299999999852,58.35950000000122,2767.0,2000.0,0.0,0.0,170.0,127.0,1.0,1.0,5.0,5.0,510.0,343.0,-844.6000000000001,-1047.5000000000002,-99.934887,-99.9416405,1,1
0.1,100.0,1440,1,30,30,0,0,100,10.0,5,4,99,0.0,1,flat,65.11299999999852,58.359500000003266,-63.48475938997795,-78.36050145805896,99.36493709158296,99.41891528596463,65.11299999999852,58.35950000000122,2767.0,2000.0,0.0,0.0,170.0,127.0,1.0,1.0,5.0,5.0,510.0,343.0,-844.6000000000001,-1047.5000000000002,-99.934887,-99.9416405,1,1
0.1,100.0,1440,1,30,30,0,0,100,5.3,5,15,99,0.0,1,flat,65.090000000001,55.7219999999993,-63.48734095572639,-78.65626563031891,99.36353502561897,99.44740521832266,65.08999999999747,55.72199999999907,4030.0,3105.0,10.0,14.0,32.0,25.0,1.0,1.0,5.0,5.0,360.0,283.0,-1647.000000000001,-2747.8,-99.93491,-99.944278,1,1
0.1,100.0,1440,1,30,30,0,0,100,5.3,5,15,5,0.1,3,inc_every3,65.090000000001,55.7219999999993,-63.48734095572639,-78.65626563031891,99.36353502561897,99.44740521832266,65.08999999999747,55.72199999999907,4030.0,3105.0,10.0,14.0,32.0,25.0,1.0,1.0,5.0,5.0,360.0,283.0,-1647.000000000001,-2747.8,-99.93491,-99.944278,1,1
0.1,100.0,1440,1,30,30,0,0,75,5.3,5,6,5,0.1,3,inc_every3,65.08200000000079,60.08900000000244,-63.488239062675866,-78.17162133131777,99.36125859987635,99.40672175982154,65.08200000000079,60.08900000000176,2930.0,3042.0,0.0,1.0,66.0,68.0,1.0,1.0,5.0,5.0,351.0,381.0,-596.3,-1140.9000000000003,-99.934918,-99.939911,1,1
0.1,100.0,1440,1,30,30,0,0,75,5.3,5,6,99,0.0,1,flat,65.08200000000079,60.08900000000244,-63.488239062675866,-78.17162133131777,99.36125859987635,99.40672175982154,65.08200000000079,60.08900000000176,2930.0,3042.0,0.0,1.0,66.0,68.0,1.0,1.0,5.0,5.0,351.0,381.0,-596.3,-1140.9000000000003,-99.934918,-99.939911,1,1
0.1,100.0,1440,1,30,30,0,0,100,5.3,5,4,5,0.1,3,inc_every3,65.01550000000404,60.34300000000022,-63.495707996537185,-78.14420462793818,99.36426350373527,99.39756401936803,65.01550000000123,60.34300000000019,2959.0,2220.0,0.0,0.0,92.0,75.0,1.0,1.0,5.0,5.0,291.0,194.0,-374.4999999999999,-637.6999999999998,-99.9349845,-99.939657,1,1
0.1,100.0,1440,1,30,30,0,0,100,5.3,5,4,99,0.0,1,flat,65.01550000000404,60.34300000000022,-63.495707996537185,-78.14420462793818,99.36426350373527,99.39756401936803,65.01550000000123,60.34300000000019,2959.0,2220.0,0.0,0.0,92.0,75.0,1.0,1.0,5.0,5.0,291.0,194.0,-374.4999999999999,-637.6999999999998,-99.9349845,-99.939657,1,1
0.1,100.0,1440,1,30,30,0,0,100,5.3,5,6,5,0.1,3,inc_every3,64.99700000000081,58.26499999999692,-63.497786906648116,-78.37093455594733,99.36444440098563,99.41830978884845,64.99700000000081,58.26499999999652,2720.0,3706.0,0.0,1.0,58.0,73.0,1.0,1.0,5.0,5.0,245.0,344.0,-477.4999999999997,-1252.6000000000006,-99.935003,-99.94173500000001,1,1
0.1,100.0,1440,1,30,30,0,0,100,5.3,5,6,99,0.0,1,flat,64.99700000000081,58.26499999999692,-63.497786906648116,-78.37093455594733,99.36444440098563,99.41830978884845,64.99700000000081,58.26499999999652,2720.0,3706.0,0.0,1.0,58.0,73.0,1.0,1.0,5.0,5.0,245.0,344.0,-477.4999999999997,-1252.6000000000006,-99.935003,-99.94173500000001,1,1
0.1,100.0,1440,1,30,30,0,0,200,10.0,12,10,99,0.0,1,flat,64.96899999999664,89.10400000001835,-63.500934265655026,-75.45644387135519,99.36779674211323,99.20263449905168,64.9689999999938,89.10400000000243,1816.0,3202.0,0.0,1.0,41.0,63.0,1.0,1.0,10.0,10.0,0.0,0.0,-901.4000000000012,-3308.499999999986,-99.93503100000001,-99.910896,1,1
0.1,100.0,1440,1,30,30,0,0,200,10.0,18,10,99,0.0,1,flat,64.96899999999664,89.10400000001835,-63.500934265655026,-75.45644387135519,99.36779674211323,99.20263449905168,64.9689999999938,89.10400000000243,1816.0,3202.0,0.0,1.0,41.0,63.0,1.0,1.0,10.0,10.0,0.0,0.0,-901.4000000000012,-3308.499999999986,-99.93503100000001,-99.910896,1,1
0.1,100.0,1440,1,30,30,0,0,75,5.3,12,4,5,0.1,3,inc_every3,64.96300000000306,59.0259999999968,-63.50160884088153,-78.287252701946,99.4235195981862,99.41486577580405,64.96300000000306,59.025999999994156,3070.0,2123.0,0.0,0.0,117.0,85.0,1.0,1.0,9.0,9.0,0.0,0.0,-318.79999999999995,-431.5999999999995,-99.935037,-99.94097400000001,1,1
0.1,100.0,1440,1,30,30,0,0,75,5.3,18,4,5,0.1,3,inc_every3,64.96300000000306,59.0259999999968,-63.50160884088153,-78.287252701946,99.4235195981862,99.41486577580405,64.96300000000306,59.025999999994156,3070.0,2123.0,0.0,0.0,117.0,85.0,1.0,1.0,9.0,9.0,0.0,0.0,-318.79999999999995,-431.5999999999995,-99.935037,-99.94097400000001,1,1
0.1,100.0,1440,1,30,30,0,0,200,15.0,18,15,5,0.1,3,inc_every3,64.9459999999986,6973.600000013263,-63.50352040803256,-10.171016670999656,99.4119394065611,79.40781049929895,64.94599999999673,3216.5000000114155,1282.0,2514.0,0.0,0.0,34.0,58.0,2.0,0.0,11.0,11.0,0.0,0.0,-1118.100000000002,-4455.899999999985,-99.93505400000001,-118.98663766959754,1,0
0.1,100.0,1440,1,30,30,0,0,200,15.0,12,15,5,0.1,3,inc_every3,64.9459999999986,6973.600000013263,-63.50352040803256,-10.171016670999656,99.4119394065611,79.40781049929895,64.94599999999673,3216.5000000114155,1282.0,2514.0,0.0,0.0,34.0,58.0,2.0,0.0,11.0,11.0,0.0,0.0,-1118.100000000002,-4455.899999999985,-99.93505400000001,-118.98663766959754,1,0
0.1,100.0,1440,1,30,30,0,0,200,15.0,8,15,5,0.1,3,inc_every3,64.94300000000408,8254.300000010902,-63.50385778495698,-5.549122687721231,99.44800768367739,62.35135228724194,64.94300000000408,5435.900000009468,1238.0,2324.0,0.0,1.0,32.0,51.0,2.0,0.0,8.0,8.0,69.0,131.0,-1135.0000000000023,-4595.499999999967,-99.935057,-80.25182726220511,1,0
0.1,100.0,1440,1,30,30,0,0,100,15.0,12,0,5,0.1,3,inc_every3,91.63280000000287,56.119000000003155,-60.90075057637806,-78.61112691224616,99.39588050870314,99.46829818278285,64.93620000000732,56.119000000003155,533.0,189.0,1.0,1.0,0.0,0.0,5.0,3.0,12.0,12.0,25.0,7.0,-3835.200000000013,-1698.4000000000024,-99.9350638,-99.94388099999999,1,1
0.1,100.0,1440,1,30,30,0,0,200,15.0,12,15,99,0.0,1,flat,64.89399999999313,2022.3000000095708,-63.50937004015946,-37.85074525519961,99.38350607525935,86.97455279261442,64.89399999999313,1523.3000000094548,1159.0,2208.0,0.0,1.0,30.0,50.0,1.0,0.0,12.0,12.0,33.0,52.0,-1089.9000000000012,-4413.59999999998,-99.935106,-98.47669999999054,1,1
0.1,100.0,1440,1,30,30,0,0,200,15.0,18,15,99,0.0,1,flat,64.89399999999313,2022.3000000095708,-63.50937004015946,-37.85074525519961,99.38350607525935,86.97455279261442,64.89399999999313,1523.3000000094548,1159.0,2208.0,0.0,1.0,30.0,50.0,1.0,0.0,12.0,12.0,0.0,0.0,-1089.9000000000012,-4413.59999999998,-99.935106,-98.47669999999054,1,1
0.1,100.0,1440,1,30,30,0,0,75,15.0,5,25,99,0.0,1,flat,64.89199999999983,2893.5000000050436,-63.50959510087466,-30.859540590881828,99.37481213148872,73.65735662797043,64.89199999999983,2689.9000000048027,1012.0,772.0,3.0,7.0,20.0,14.0,1.0,0.0,5.0,5.0,310.0,224.0,-3591.8,-4637.399999999999,-99.935108,-128.1742538468227,1,0
0.1,100.0,1440,1,30,30,0,0,75,15.0,5,25,5,0.1,3,inc_every3,64.89199999999983,2893.5000000050436,-63.50959510087466,-30.859540590881828,99.37481213148872,73.65735662797043,64.89199999999983,2689.9000000048027,1012.0,772.0,3.0,7.0,20.0,14.0,1.0,0.0,5.0,5.0,310.0,224.0,-3591.8,-4637.399999999999,-99.935108,-128.1742538468227,1,0
0.1,100.0,1440,1,30,30,0,0,300,15.0,5,10,99,0.0,1,flat,64.89199999999846,2465.800000000927,-63.50959510087482,-34.07336395745152,99.38559133472835,78.48385717551831,64.89199999999846,2163.900000000951,2036.0,1710.0,0.0,2.0,58.0,47.0,1.0,0.0,5.0,5.0,146.0,138.0,-2193.1,-3087.3999999999937,-99.935108,-141.04107830848812,1,0
0.1,100.0,1440,1,30,30,0,0,300,15.0,5,10,5,0.1,3,inc_every3,64.89199999999846,2465.800000000927,-63.50959510087482,-34.07336395745152,99.38559133472835,78.48385717551831,64.89199999999846,2163.900000000951,2036.0,1710.0,0.0,2.0,58.0,47.0,1.0,0.0,5.0,5.0,146.0,138.0,-2193.1,-3087.3999999999937,-99.935108,-141.04107830848812,1,0
0.1,100.0,1440,1,30,30,0,0,100,5.3,12,4,99,0.0,1,flat,64.88700000000375,59.224000000002974,-63.5101577769391,-78.26560437524826,99.36552000625802,99.40873558628259,64.88700000000375,59.224000000002974,2887.0,2406.0,0.0,0.0,93.0,82.0,1.0,1.0,9.0,9.0,0.0,0.0,-295.8999999999999,-589.6999999999992,-99.935113,-99.940776,1,1
0.1,100.0,1440,1,30,30,0,0,100,5.3,18,4,99,0.0,1,flat,64.88700000000375,59.224000000002974,-63.5101577769391,-78.26560437524826,99.36552000625802,99.40873558628259,64.88700000000375,59.224000000002974,2887.0,2406.0,0.0,0.0,93.0,82.0,1.0,1.0,9.0,9.0,0.0,0.0,-295.8999999999999,-589.6999999999992,-99.935113,-99.940776,1,1
0.1,100.0,1440,1,30,30,0,0,75,5.3,5,10,99,0.0,1,flat,64.88300000000879,55.72800000000319,-63.510607942761574,-78.65558175451439,99.36321166737,99.44357133585612,64.88300000000606,55.72800000000262,3358.0,3938.0,4.0,15.0,45.0,51.0,1.0,1.0,5.0,5.0,423.0,513.0,-1230.4999999999993,-2584.0999999999995,-99.93511699999999,-99.944272,1,1
0.1,100.0,1440,1,30,30,0,0,75,5.3,5,10,5,0.1,3,inc_every3,64.88300000000879,55.72800000000319,-63.510607942761574,-78.65558175451439,99.36321166737,99.44357133585612,64.88300000000606,55.72800000000262,3358.0,3938.0,4.0,15.0,45.0,51.0,1.0,1.0,5.0,5.0,423.0,513.0,-1230.4999999999993,-2584.0999999999995,-99.93511699999999,-99.944272,1,1
0.1,100.0,1440,1,30,30,0,0,150,10.0,8,10,5,0.1,3,inc_every3,64.8810000000068,56.69800000000879,-63.51083303399787,-78.54569526277,99.39976686741976,99.50374176156004,64.88100000000009,56.69800000000862,2017.0,2639.0,0.0,0.0,52.0,63.0,1.0,2.0,8.0,8.0,97.0,135.0,-975.1000000000016,-2043.0000000000023,-99.935119,-99.94330199999999,1,1
0.1,100.0,1440,1,30,30,0,0,75,15.0,8,15,5,0.1,3,inc_every3,64.87350000000083,32.273700000003586,-63.51167717556705,-81.85772208505058,99.45252120342644,99.71324246759134,64.87350000000083,32.2737000000014,1001.0,589.0,0.0,0.0,44.0,26.0,2.0,4.0,8.0,8.0,180.0,90.0,-1178.7000000000023,-1198.600000000002,-99.9351265,-99.9677263,1,1
0.1,100.0,1440,1,30,30,0,0,75,5.3,5,4,5,0.1,3,inc_every3,64.87000000000808,61.68400000000048,-63.51207113501272,-78.00078562775127,99.36333925469368,99.38410232344512,64.87000000000688,61.68400000000048,2634.0,2615.0,0.0,0.0,92.0,92.0,1.0,1.0,5.0,5.0,344.0,339.0,-373.5,-743.7000000000003,-99.93512999999999,-99.938316,1,1
0.1,100.0,1440,1,30,30,0,0,75,5.3,5,4,99,0.0,1,flat,64.87000000000808,61.68400000000048,-63.51207113501272,-78.00078562775127,99.36333925469368,99.38410232344512,64.87000000000688,61.68400000000048,2634.0,2615.0,0.0,0.0,92.0,92.0,1.0,1.0,5.0,5.0,344.0,339.0,-373.5,-743.7000000000003,-99.93512999999999,-99.938316,1,1
0.1,100.0,1440,1,30,30,0,0,150,15.0,8,15,5,0.1,3,inc_every3,64.86900000000134,56.16449999999486,-63.51218369797813,-78.60596792506873,99.41796990659749,99.51981378885833,64.86899999999997,56.164499999991165,1307.0,1840.0,0.0,0.0,39.0,51.0,2.0,2.0,8.0,8.0,103.0,147.0,-1268.4000000000015,-3342.299999999981,-99.935131,-99.9438355,1,1
0.1,100.0,1440,1,30,30,0,0,75,25.0,18,6,5,0.1,3,inc_every3,64.85600000000218,83.02280000000087,-63.513647142839915,-75.96733457596473,99.37506263249179,99.51652262510183,64.85600000000113,54.095799999988515,556.0,395.0,0.0,0.0,123.0,87.0,2.0,2.0,11.0,11.0,0.0,0.0,-577.1999999999997,-1000.8000000000006,-99.935144,-99.94590420000002,1,1
0.1,100.0,1440,1,30,30,0,0,75,25.0,12,6,5,0.1,3,inc_every3,64.85600000000218,83.02280000000087,-63.513647142839915,-75.96733457596473,99.37506263249179,99.51652262510183,64.85600000000113,54.095799999988515,556.0,395.0,0.0,0.0,123.0,87.0,2.0,2.0,11.0,11.0,0.0,0.0,-577.1999999999997,-1000.8000000000006,-99.935144,-99.94590420000002,1,1
0.1,100.0,1440,1,30,30,0,0,300,15.0,5,25,99,0.0,1,flat,64.83399999999983,5178.500000000538,-63.51612427645097,-17.784480106346333,99.39969074360425,62.80616398716544,64.83399999999983,3791.800000000517,1225.0,1025.0,6.0,3.0,15.0,11.0,1.0,0.0,5.0,5.0,83.0,83.0,-2969.3999999999965,-4009.3999999999965,-99.935166,-93.39680808067722,1,0
0.1,100.0,1440,1,30,30,0,0,300,15.0,5,25,5,0.1,3,inc_every3,64.83399999999983,5178.500000000538,-63.51612427645097,-17.784480106346333,99.39969074360425,62.80616398716544,64.83399999999983,3791.800000000517,1225.0,1025.0,6.0,3.0,15.0,11.0,1.0,0.0,5.0,5.0,83.0,83.0,-2969.3999999999965,-4009.3999999999965,-99.935166,-93.39680808067722,1,0
0.1,100.0,1440,1,30,30,0,0,100,15.0,12,4,99,0.0,1,flat,64.83200000000409,101.30000000064348,-63.51634950375309,-74.5014111919776,99.36969414143769,99.06989982829774,64.83200000000215,101.30000000061051,1062.0,821.0,0.0,0.0,127.0,99.0,1.0,0.0,9.0,9.0,0.0,0.0,-435.99999999999994,-710.2000000000002,-99.935168,-99.8986999999994,1,1
0.1,100.0,1440,1,30,30,0,0,100,15.0,18,4,99,0.0,1,flat,64.83200000000409,101.30000000064348,-63.51634950375309,-74.5014111919776,99.36969414143769,99.06989982829774,64.83200000000215,101.30000000061051,1062.0,821.0,0.0,0.0,127.0,99.0,1.0,0.0,9.0,9.0,0.0,0.0,-435.99999999999994,-710.2000000000002,-99.935168,-99.8986999999994,1,1
0.1,100.0,1440,1,30,30,0,0,400,15.0,5,6,5,0.1,3,inc_every3,64.80000000417806,6763.800000003019,-63.51995389617713,-10.983861256327588,99.4356973665514,48.09278305240605,64.8000000041767,5910.0000000026685,2939.0,1871.0,0.0,1.0,120.0,70.0,0.0,0.0,5.0,5.0,169.0,108.0,-2067.3999999999996,-2179.19999999999,-99.93519999999582,-57.16942736113968,1,0
0.1,100.0,1440,1,30,30,0,0,400,15.0,5,6,99,0.0,1,flat,64.80000000417806,6763.800000003019,-63.51995389617713,-10.983861256327588,99.4356973665514,48.09278305240605,64.8000000041767,5910.0000000026685,2939.0,1871.0,0.0,1.0,120.0,70.0,0.0,0.0,5.0,5.0,169.0,108.0,-2067.3999999999996,-2179.19999999999,-99.93519999999582,-57.16942736113968,1,0
0.1,100.0,1440,1,30,30,0,0,200,5.3,8,10,99,0.0,1,flat,64.79500000000502,79.54940000001477,-63.52051721164016,-76.2710358364386,99.36448075640473,99.21153125650444,64.79500000000093,79.54940000001113,2814.0,4703.0,0.0,1.0,31.0,45.0,1.0,1.0,8.0,8.0,55.0,82.0,-671.9000000000011,-2059.7999999999965,-99.935205,-99.9204506,1,1
0.1,100.0,1440,1,30,30,0,0,200,5.3,8,10,5,0.1,3,inc_every3,91.02590000000481,49.105600000003705,-60.95271134699758,-79.4441830233011,99.36697215437225,99.51404651162791,64.79040000000197,49.10560000000061,3190.0,2795.0,0.0,0.0,34.0,31.0,2.0,2.0,8.0,8.0,52.0,48.0,-727.0000000000007,-998.600000000002,-99.9352096,-99.9508944,1,1
0.1,100.0,1440,1,30,30,0,0,150,15.0,8,15,99,0.0,1,flat,64.67699999999786,89.85920000003148,-63.533821549411215,-75.39472578084397,99.36960759469,99.12241732914045,64.67699999999786,89.85920000000169,945.0,1672.0,0.0,0.0,28.0,44.0,1.0,1.0,8.0,8.0,73.0,138.0,-870.8000000000004,-3582.0999999999963,-99.935323,-99.9101408,1,1
0.1,100.0,1440,1,30,30,0,0,200,25.0,5,6,5,0.1,3,inc_every3,81.40000000633256,54.13099999999946,-61.81638794091406,-78.83946215099895,99.37876252566376,99.47758572435028,64.60000000633039,54.13099999999906,1687.0,1046.0,0.0,0.0,165.0,105.0,0.0,1.0,5.0,5.0,353.0,219.0,-2499.4,-2529.3999999999933,-99.93539999999366,-99.945869,1,1
0.1,100.0,1440,1,30,30,0,0,200,25.0,5,6,99,0.0,1,flat,81.40000000633256,54.13099999999946,-61.81638794091406,-78.83946215099895,99.37876252566376,99.47758572435028,64.60000000633039,54.13099999999906,1687.0,1046.0,0.0,0.0,165.0,105.0,0.0,1.0,5.0,5.0,353.0,219.0,-2499.4,-2529.3999999999933,-99.93539999999366,-99.945869,1,1
0.1,100.0,1440,1,30,30,0,0,75,10.0,5,4,99,0.0,1,flat,64.5789999999979,47.26520000000369,-63.54488568103631,-79.67651929383682,99.37293418522908,99.52947945805498,64.5789999999979,47.26520000000369,1412.0,1736.0,0.0,0.0,105.0,126.0,1.0,1.0,5.0,5.0,320.0,400.0,-437.60000000000014,-1063.5,-99.935421,-99.9527348,1,1
0.1,100.0,1440,1,30,30,0,0,75,10.0,5,4,5,0.1,3,inc_every3,64.5789999999979,47.26520000000369,-63.54488568103631,-79.67651929383682,99.37293418522908,99.52947945805498,64.5789999999979,47.26520000000369,1412.0,1736.0,0.0,0.0,105.0,126.0,1.0,1.0,5.0,5.0,320.0,400.0,-437.60000000000014,-1063.5,-99.935421,-99.9527348,1,1
0.1,100.0,1440,1,30,30,0,0,300,10.0,12,25,5,0.1,3,inc_every3,64.52999999999417,8674.700000001227,-63.55042278388382,-4.142526821432946,99.3632515319263,71.29070776538255,64.52999999999417,4399.900000000964,1267.0,3121.0,0.0,1.0,11.0,20.0,2.0,0.0,11.0,11.0,0.0,0.0,-863.3000000000009,-4043.6999999999903,-99.93547000000001,-96.72394235219805,1,0
0.1,100.0,1440,1,30,30,0,0,300,10.0,18,25,5,0.1,3,inc_every3,64.52999999999417,8674.700000001227,-63.55042278388382,-4.142526821432946,99.3632515319263,71.29070776538255,64.52999999999417,4399.900000000964,1267.0,3121.0,0.0,1.0,11.0,20.0,2.0,0.0,11.0,11.0,0.0,0.0,-863.3000000000009,-4043.6999999999903,-99.93547000000001,-96.72394235219805,1,0
0.1,100.0,1440,1,30,30,0,0,100,25.0,5,10,99,0.0,1,flat,64.50000000084162,3596.900000000684,-63.553814506816344,-26.234261287244788,99.37024633619235,66.35464810155585,64.50000000084162,3450.600000000685,1062.0,878.0,0.0,1.0,86.0,67.0,0.0,0.0,5.0,5.0,405.0,327.0,-3101.0000000000005,-3976.099999999999,-99.93549999999915,-108.9435574903565,1,0
0.1,100.0,1440,1,30,30,0,0,100,25.0,5,10,5,0.1,3,inc_every3,64.50000000084162,3596.900000000684,-63.553814506816344,-26.234261287244788,99.37024633619235,66.35464810155585,64.50000000084162,3450.600000000685,1062.0,878.0,0.0,1.0,86.0,67.0,0.0,0.0,5.0,5.0,405.0,327.0,-3101.0000000000005,-3976.099999999999,-99.93549999999915,-108.9435574903565,1,0
0.1,100.0,1440,1,30,30,0,0,150,5.3,5,4,5,0.1,3,inc_every3,64.4895000000048,59.890000000000356,-63.555001908084186,-78.19315827514382,99.36215320706192,99.62925210852201,64.4895000000048,37.10000000442051,2764.0,2172.0,0.0,0.0,79.0,66.0,1.0,1.0,5.0,5.0,187.0,125.0,-300.39999999999986,-596.5000000000005,-99.93551049999999,-99.96289999999559,1,1
0.1,100.0,1440,1,30,30,0,0,150,5.3,5,4,99,0.0,1,flat,64.4895000000048,59.890000000000356,-63.555001908084186,-78.19315827514382,99.36215320706192,99.62925210852201,64.4895000000048,37.10000000442051,2764.0,2172.0,0.0,0.0,79.0,66.0,1.0,1.0,5.0,5.0,187.0,125.0,-300.39999999999986,-596.5000000000005,-99.93551049999999,-99.96289999999559,1,1
0.1,100.0,1440,1,30,30,0,0,75,10.0,5,25,5,0.1,3,inc_every3,64.46299999999889,2175.4000000064107,-63.557999370263495,-36.48633411286043,99.37406055191968,81.58955451969668,64.46299999999889,1927.5000000059981,1652.0,1181.0,6.0,11.0,20.0,13.0,1.0,0.0,5.0,5.0,370.0,256.0,-3536.2999999999984,-4616.700000000001,-99.935537,-98.07249999999401,1,1
0.1,100.0,1440,1,30,30,0,0,75,10.0,5,25,99,0.0,1,flat,64.46299999999889,2175.4000000064107,-63.557999370263495,-36.48633411286043,99.37406055191968,81.58955451969668,64.46299999999889,1927.5000000059981,1652.0,1181.0,6.0,11.0,20.0,13.0,1.0,0.0,5.0,5.0,370.0,256.0,-3536.2999999999984,-4616.700000000001,-99.935537,-98.07249999999401,1,1
0.1,100.0,1440,1,30,30,0,0,75,15.0,12,15,99,0.0,1,flat,64.4325000000031,45.21600000000589,-63.561450499830904,-79.94281725193035,99.42783628742944,99.61951884482374,64.4324999999987,45.21599999999705,1267.0,1646.0,0.0,0.0,53.0,65.0,1.0,2.0,12.0,12.0,143.0,172.0,-1535.8000000000027,-3364.5999999999963,-99.9355675,-99.954784,1,1
0.1,100.0,1440,1,30,30,0,0,150,5.3,5,6,5,0.1,3,inc_every3,64.42099999999607,57.098999999996295,-63.56275208464452,-78.50065364476869,99.36283072053808,99.48989601200694,64.42099999999607,57.098999999994135,2776.0,4144.0,0.0,0.0,53.0,71.0,1.0,1.0,5.0,5.0,167.0,245.0,-494.90000000000003,-1407.9000000000012,-99.935579,-99.942901,1,1
0.1,100.0,1440,1,30,30,0,0,150,5.3,5,6,99,0.0,1,flat,64.42099999999607,57.098999999996295,-63.56275208464452,-78.50065364476869,99.36283072053808,99.48989601200694,64.42099999999607,57.098999999994135,2776.0,4144.0,0.0,0.0,53.0,71.0,1.0,1.0,5.0,5.0,167.0,245.0,-494.90000000000003,-1407.9000000000012,-99.935579,-99.942901,1,1
0.1,100.0,1440,1,30,30,0,0,150,10.0,18,0,5,0.1,3,inc_every3,64.33200000000198,46.58199999999874,-63.57283150917843,-79.76438522017833,99.38473603672534,99.80375040550058,64.33200000000045,46.58199999999249,106.0,664.0,0.0,1.0,0.0,0.0,3.0,3.0,18.0,18.0,1.0,3.0,-130.29999999999998,-1854.4000000000003,-99.93566799999999,-99.95341800000001,1,1
0.1,100.0,1440,1,30,30,0,0,150,15.0,8,25,99,0.0,1,flat,64.32500000000721,87.96159999999827,-63.57362474593864,-75.55050770055777,99.3672037933341,99.1588900151086,64.32500000000334,87.96159999997849,874.0,1344.0,0.0,2.0,16.0,22.0,1.0,1.0,8.0,8.0,62.0,116.0,-1325.6999999999969,-5319.700000000054,-99.935675,-99.91203840000003,1,1
0.1,100.0,1440,1,30,30,0,0,300,25.0,5,15,99,0.0,1,flat,64.26499999999692,7612.200000000514,-63.58042675204778,-7.798027617805181,99.36580383488112,44.830955794597706,64.2649999999926,6887.800000000563,1019.0,790.0,0.0,1.0,37.0,26.0,1.0,0.0,5.0,5.0,119.0,120.0,-2745.0999999999995,-3626.999999999992,-99.93573500000001,-47.459939207000595,1,0
0.1,100.0,1440,1,30,30,0,0,300,25.0,5,15,5,0.1,3,inc_every3,64.26499999999692,7612.200000000514,-63.58042675204778,-7.798027617805181,99.36580383488112,44.830955794597706,64.2649999999926,6887.800000000563,1019.0,790.0,0.0,1.0,37.0,26.0,1.0,0.0,5.0,5.0,119.0,120.0,-2745.0999999999995,-3626.999999999992,-99.93573500000001,-47.459939207000595,1,0
0.1,100.0,1440,1,30,30,0,0,400,10.0,8,4,99,0.0,1,flat,64.20000000498948,1935.5000000035288,-63.587801326158555,-38.65680726928501,99.37707399424639,85.29020736180759,64.20000000498322,1482.6000000034353,3773.0,2931.0,0.0,0.0,144.0,111.0,0.0,0.0,5.0,5.0,0.0,0.0,-1528.399999999999,-1711.2999999999954,-99.93579999999501,-98.51739999999657,1,1
0.1,100.0,1440,1,30,30,0,0,400,10.0,5,4,5,0.1,3,inc_every3,64.20000000498948,1935.5000000035288,-63.587801326158555,-38.65680726928501,99.37707399424639,85.29020736180759,64.20000000498322,1482.6000000034353,3773.0,2931.0,0.0,0.0,144.0,111.0,0.0,0.0,5.0,5.0,23.0,21.0,-1528.399999999999,-1711.2999999999954,-99.93579999999501,-98.51739999999657,1,1
0.1,100.0,1440,1,30,30,0,0,400,10.0,18,4,99,0.0,1,flat,64.20000000498948,1935.5000000035288,-63.587801326158555,-38.65680726928501,99.37707399424639,85.29020736180759,64.20000000498322,1482.6000000034353,3773.0,2931.0,0.0,0.0,144.0,111.0,0.0,0.0,5.0,5.0,0.0,0.0,-1528.399999999999,-1711.2999999999954,-99.93579999999501,-98.51739999999657,1,1
0.1,100.0,1440,1,30,30,0,0,400,10.0,8,4,5,0.1,3,inc_every3,64.20000000498948,1935.5000000035288,-63.587801326158555,-38.65680726928501,99.37707399424639,85.29020736180759,64.20000000498322,1482.6000000034353,3773.0,2931.0,0.0,0.0,144.0,111.0,0.0,0.0,5.0,5.0,0.0,0.0,-1528.399999999999,-1711.2999999999954,-99.93579999999501,-98.51739999999657,1,1
0.1,100.0,1440,1,30,30,0,0,400,10.0,5,4,99,0.0,1,flat,64.20000000498948,1935.5000000035288,-63.587801326158555,-38.65680726928501,99.37707399424639,85.29020736180759,64.20000000498322,1482.6000000034353,3773.0,2931.0,0.0,0.0,144.0,111.0,0.0,0.0,5.0,5.0,23.0,21.0,-1528.399999999999,-1711.2999999999954,-99.93579999999501,-98.51739999999657,1,1
0.1,100.0,1440,1,30,30,0,0,400,10.0,12,4,5,0.1,3,inc_every3,64.20000000498948,1935.5000000035288,-63.587801326158555,-38.65680726928501,99.37707399424639,85.29020736180759,64.20000000498322,1482.6000000034353,3773.0,2931.0,0.0,0.0,144.0,111.0,0.0,0.0,5.0,5.0,0.0,0.0,-1528.399999999999,-1711.2999999999954,-99.93579999999501,-98.51739999999657,1,1
0.1,100.0,1440,1,30,30,0,0,400,10.0,12,4,99,0.0,1,flat,64.20000000498948,1935.5000000035288,-63.587801326158555,-38.65680726928501,99.37707399424639,85.29020736180759,64.20000000498322,1482.6000000034353,3773.0,2931.0,0.0,0.0,144.0,111.0,0.0,0.0,5.0,5.0,0.0,0.0,-1528.399999999999,-1711.2999999999954,-99.93579999999501,-98.51739999999657,1,1
0.1,100.0,1440,1,30,30,0,0,400,10.0,18,4,5,0.1,3,inc_every3,64.20000000498948,1935.5000000035288,-63.587801326158555,-38.65680726928501,99.37707399424639,85.29020736180759,64.20000000498322,1482.6000000034353,3773.0,2931.0,0.0,0.0,144.0,111.0,0.0,0.0,5.0,5.0,0.0,0.0,-1528.399999999999,-1711.2999999999954,-99.93579999999501,-98.51739999999657,1,1
0.1,100.0,1440,1,30,30,0,0,150,10.0,12,10,99,0.0,1,flat,64.16880000001078,66.54479999999876,-63.59134324411537,-77.49858559758661,99.40151094032717,99.40280001435912,64.1688000000085,66.54479999999876,2235.0,3531.0,0.0,0.0,54.0,79.0,2.0,1.0,12.0,12.0,40.0,47.0,-1137.2000000000012,-3440.3999999999824,-99.9358312,-99.9334552,1,1
0.1,100.0,1440,1,30,30,0,0,150,10.0,18,10,99,0.0,1,flat,64.16880000001078,66.54479999999876,-63.59134324411537,-77.49858559758661,99.40151094032717,99.40280001435912,64.1688000000085,66.54479999999876,2235.0,3531.0,0.0,0.0,54.0,79.0,2.0,1.0,12.0,12.0,0.0,0.0,-1137.2000000000012,-3440.3999999999824,-99.9358312,-99.9334552,1,1
0.1,100.0,1440,1,30,30,0,0,75,5.3,12,15,99,0.0,1,flat,64.00000000000492,68.27520000002028,-63.61052984762776,-77.32603581284465,99.38064915710227,99.4932781154679,63.99999999999923,68.27520000000493,1903.0,4786.0,0.0,0.0,21.0,45.0,2.0,2.0,12.0,12.0,59.0,148.0,-457.7999999999999,-2616.6999999999994,-99.936,-99.9317248,1,1
0.1,100.0,1440,1,30,30,0,0,200,10.0,5,4,5,0.1,3,inc_every3,63.939000000001215,45.42960000000238,-63.617473352383726,-79.91466854025099,99.36807305719452,99.55438895918547,63.939000000001215,45.42960000000113,2189.0,2316.0,0.0,0.0,111.0,115.0,1.0,1.0,5.0,5.0,196.0,201.0,-613.6000000000007,-1132.8000000000022,-99.936061,-99.9545704,1,1
0.1,100.0,1440,1,30,30,0,0,200,10.0,5,4,99,0.0,1,flat,63.939000000001215,45.42960000000238,-63.617473352383726,-79.91466854025099,99.36807305719452,99.55438895918547,63.939000000001215,45.42960000000113,2189.0,2316.0,0.0,0.0,111.0,115.0,1.0,1.0,5.0,5.0,196.0,201.0,-613.6000000000007,-1132.8000000000022,-99.936061,-99.9545704,1,1
0.1,100.0,1440,1,30,30,0,0,100,10.0,8,6,99,0.0,1,flat,63.78249999999528,95.47200000001101,-63.63531169259329,-74.947072487659,99.3768562663645,99.04938664967345,63.78249999999528,95.47199999999577,1493.0,1298.0,0.0,0.0,74.0,64.0,1.0,1.0,8.0,8.0,136.0,103.0,-469.80000000000007,-892.3,-99.9362175,-99.904528,1,1
0.1,100.0,1440,1,30,30,0,0,400,25.0,5,15,5,0.1,3,inc_every3,63.7759999999854,6551.4000000016895,-63.636053339041666,-11.825025942442968,99.36652230919002,50.187553704797196,63.7759999999854,6028.900000001684,938.0,762.0,1.0,1.0,32.0,23.0,1.0,0.0,5.0,5.0,79.0,80.0,-2506.9999999999955,-3317.599999999992,-99.93622400000001,-62.20013335203736,1,0
0.1,100.0,1440,1,30,30,0,0,400,25.0,5,15,99,0.0,1,flat,63.7759999999854,6551.4000000016895,-63.636053339041666,-11.825025942442968,99.36652230919002,50.187553704797196,63.7759999999854,6028.900000001684,938.0,762.0,1.0,1.0,32.0,23.0,1.0,0.0,5.0,5.0,79.0,80.0,-2506.9999999999955,-3317.599999999992,-99.93622400000001,-62.20013335203736,1,0
0.1,100.0,1440,1,30,30,0,0,150,10.0,5,6,99,0.0,1,flat,63.76800000000537,57.24399999999082,-63.636966217671656,-78.48442147782934,99.38740573514578,99.47210874316448,63.76800000000219,57.24399999999042,3889.0,2191.0,1.0,0.0,136.0,80.0,1.0,1.0,5.0,5.0,447.0,229.0,-2121.500000000001,-1436.6000000000004,-99.936232,-99.942756,1,1
0.1,100.0,1440,1,30,30,0,0,150,10.0,5,6,5,0.1,3,inc_every3,63.76800000000537,57.24399999999082,-63.636966217671656,-78.48442147782934,99.38740573514578,99.47210874316448,63.76800000000219,57.24399999999042,3889.0,2191.0,1.0,0.0,136.0,80.0,1.0,1.0,5.0,5.0,447.0,229.0,-2121.500000000001,-1436.6000000000004,-99.936232,-99.942756,1,1
0.1,100.0,1440,1,30,30,0,0,200,10.0,5,6,5,0.1,3,inc_every3,63.69500000000153,55.26299999999998,-63.64530046978035,-78.70873617889849,99.38707069929467,99.4948121874743,63.69499999999863,55.26299999999998,3721.0,2775.0,0.0,1.0,118.0,90.0,1.0,1.0,5.0,5.0,314.0,223.0,-1985.9000000000005,-2042.1000000000008,-99.936305,-99.944737,1,1
0.1,100.0,1440,1,30,30,0,0,200,10.0,5,6,99,0.0,1,flat,63.69500000000153,55.26299999999998,-63.64530046978035,-78.70873617889849,99.38707069929467,99.4948121874743,63.69499999999863,55.26299999999998,3721.0,2775.0,0.0,1.0,118.0,90.0,1.0,1.0,5.0,5.0,314.0,223.0,-1985.9000000000005,-2042.1000000000008,-99.936305,-99.944737,1,1
0.1,100.0,1440,1,30,30,0,0,100,10.0,12,10,99,0.0,1,flat,63.69299999999629,58.1470000000042,-63.64552891296146,-78.38397882846564,99.37773066552037,99.4948658697616,63.69299999999629,58.1470000000042,1166.0,2124.0,0.0,0.0,37.0,62.0,3.0,1.0,12.0,12.0,45.0,94.0,-475.6000000000003,-1717.5000000000043,-99.936307,-99.941853,1,1
0.1,100.0,1440,1,30,30,0,0,150,15.0,5,6,99,0.0,1,flat,63.677000000003375,56.22999999999735,-63.64735666499375,-78.59854640366184,99.3725105686891,99.4665085388995,63.676999999999964,56.229999999993595,2477.0,1665.0,0.0,0.0,144.0,99.0,1.0,1.0,5.0,5.0,421.0,266.0,-2188.399999999997,-1868.1999999999994,-99.936323,-99.94377,1,1
0.1,100.0,1440,1,30,30,0,0,150,15.0,5,6,5,0.1,3,inc_every3,63.677000000003375,56.22999999999735,-63.64735666499375,-78.59854640366184,99.3725105686891,99.4665085388995,63.676999999999964,56.229999999993595,2477.0,1665.0,0.0,0.0,144.0,99.0,1.0,1.0,5.0,5.0,421.0,266.0,-2188.399999999997,-1868.1999999999994,-99.936323,-99.94377,1,1
0.1,100.0,1440,1,30,30,0,0,100,25.0,12,25,5,0.1,3,inc_every3,63.66849999999991,78.41190000001183,-63.64832780768156,-76.37251698203804,99.48484934299955,99.53624927549943,63.66849999999991,78.41190000000324,759.0,1109.0,0.0,0.0,43.0,63.0,3.0,1.0,12.0,12.0,87.0,141.0,-2249.5000000000023,-6098.499999999993,-99.9363315,-99.9215881,1,1
0.1,100.0,1440,1,30,30,0,0,100,5.3,18,0,5,0.1,3,inc_every3,63.655000000003895,34.7687999999942,-63.649870423947355,-81.45120412516123,99.39669797461875,99.88382673313644,63.655000000000854,34.7687999999942,153.0,1498.0,0.0,0.0,0.0,0.0,3.0,3.0,18.0,18.0,1.0,6.0,-161.59999999999997,-2069.399999999999,-99.936345,-99.9652312,1,1
0.1,100.0,1440,1,30,30,0,0,100,25.0,5,6,5,0.1,3,inc_every3,63.62499999999295,53.2630000000039,-63.65329939723071,-78.9410075904054,99.3787895060584,99.49597827321249,63.62499999999295,53.26299999999753,1246.0,1052.0,0.0,0.0,162.0,138.0,1.0,1.0,5.0,5.0,501.0,408.0,-2467.7999999999984,-3176.499999999999,-99.93637500000001,-99.946737,1,1
0.1,100.0,1440,1,30,30,0,0,100,25.0,5,6,99,0.0,1,flat,63.62499999999295,53.2630000000039,-63.65329939723071,-78.9410075904054,99.3787895060584,99.49597827321249,63.62499999999295,53.26299999999753,1246.0,1052.0,0.0,0.0,162.0,138.0,1.0,1.0,5.0,5.0,501.0,408.0,-2467.7999999999984,-3176.499999999999,-99.93637500000001,-99.946737,1,1
0.1,100.0,1440,1,30,30,0,0,400,15.0,5,15,99,0.0,1,flat,63.56400000000144,8348.800000002666,-63.66027563306791,-5.228630243845522,99.37594863386904,36.185923555474425,63.56400000000144,6421.100000001073,1730.0,1427.0,1.0,5.0,31.0,21.0,1.0,0.0,5.0,5.0,79.0,85.0,-2320.199999999999,-3248.999999999993,-99.936436,-27.60047735479437,1,0
0.1,100.0,1440,1,30,30,0,0,400,15.0,5,15,5,0.1,3,inc_every3,63.56400000000144,8348.800000002666,-63.66027563306791,-5.228630243845522,99.37594863386904,36.185923555474425,63.56400000000144,6421.100000001073,1730.0,1427.0,1.0,5.0,31.0,21.0,1.0,0.0,5.0,5.0,79.0,85.0,-2320.199999999999,-3248.999999999993,-99.936436,-27.60047735479437,1,0
0.1,100.0,1440,1,30,30,0,0,400,25.0,8,25,99,0.0,1,flat,63.52380000001733,15097.40000000241,-63.66487601479845,13.041285464324881,99.36902737494528,24.98043052837094,63.523800000010056,9468.90000000008,686.0,797.0,0.0,2.0,15.0,12.0,2.0,0.0,8.0,8.0,29.0,28.0,-1801.9999999999973,-4217.199999999988,-99.93647619999999,13.041285464324881,1,0
0.1,100.0,1440,1,30,30,0,0,150,5.3,5,10,99,0.0,1,flat,63.483999999996286,43.16080000001068,-63.66943291619762,-80.218551239681,99.37209831363437,99.59874680425796,63.483999999996286,43.16079999999562,2809.0,4637.0,2.0,18.0,32.0,47.0,1.0,1.0,5.0,5.0,163.0,284.0,-739.900000000001,-3175.7999999999915,-99.936516,-99.9568392,1,1
0.1,100.0,1440,1,30,30,0,0,150,5.3,5,10,5,0.1,3,inc_every3,63.483999999996286,43.16080000001068,-63.66943291619762,-80.218551239681,99.37209831363437,99.59874680425796,63.483999999996286,43.16079999999562,2809.0,4637.0,2.0,18.0,32.0,47.0,1.0,1.0,5.0,5.0,163.0,284.0,-739.900000000001,-3175.7999999999915,-99.936516,-99.9568392,1,1
0.1,100.0,1440,1,30,30,0,0,150,15.0,12,10,5,0.1,3,inc_every3,63.444000000001836,33.37740000000554,-63.6740150195775,-81.67527154875872,99.37504678973185,99.73439382485181,63.444000000001836,33.37740000000332,733.0,1044.0,0.0,0.0,36.0,47.0,1.0,3.0,10.0,10.0,0.0,0.0,-454.59999999999974,-1292.1000000000022,-99.936556,-99.9666226,1,1
0.1,100.0,1440,1,30,30,0,0,150,15.0,18,10,5,0.1,3,inc_every3,63.444000000001836,33.37740000000554,-63.6740150195775,-81.67527154875872,99.37504678973185,99.73439382485181,63.444000000001836,33.37740000000332,733.0,1044.0,0.0,0.0,36.0,47.0,1.0,3.0,10.0,10.0,0.0,0.0,-454.59999999999974,-1292.1000000000022,-99.936556,-99.9666226,1,1
0.1,100.0,1440,1,30,30,0,0,150,5.3,8,6,99,0.0,1,flat,63.41899999999697,61.38350000000415,-63.676880007766854,-78.03273205564648,99.37274120963359,99.40496224275147,63.41899999999657,61.38350000000389,1975.0,2480.0,0.0,0.0,43.0,50.0,1.0,1.0,8.0,8.0,49.0,67.0,-290.40000000000003,-788.9000000000009,-99.936581,-99.9386165,1,1
0.1,100.0,1440,1,30,30,0,0,200,10.0,5,25,99,0.0,1,flat,63.39499999999521,3358.600000003463,-63.67963124645139,-27.72371557788542,99.40040102526285,68.15356312932457,63.39499999998952,3289.1000000034574,2039.0,1451.0,9.0,9.0,17.0,11.0,1.0,0.0,5.0,5.0,161.0,125.0,-3213.8999999999965,-4224.199999999995,-99.93660500000001,-114.03084183653456,1,0
0.1,100.0,1440,1,30,30,0,0,200,10.0,5,25,5,0.1,3,inc_every3,63.39499999999521,3358.600000003463,-63.67963124645139,-27.72371557788542,99.40040102526285,68.15356312932457,63.39499999998952,3289.1000000034574,2039.0,1451.0,9.0,9.0,17.0,11.0,1.0,0.0,5.0,5.0,161.0,125.0,-3213.8999999999965,-4224.199999999995,-99.93660500000001,-114.03084183653456,1,0
0.1,100.0,1440,1,30,30,0,0,300,10.0,5,25,99,0.0,1,flat,63.360500000002844,6029.500000000997,-63.68358761202111,-13.976547679881312,99.39866846356071,55.086411583814666,63.36049999999955,4615.500000000932,1984.0,1767.0,8.0,6.0,15.0,11.0,1.0,0.0,5.0,5.0,92.0,87.0,-3001.799999999993,-3855.399999999998,-99.9366395,-74.14937084751064,1,0
0.1,100.0,1440,1,30,30,0,0,300,10.0,5,25,5,0.1,3,inc_every3,63.360500000002844,6029.500000000997,-63.68358761202111,-13.976547679881312,99.39866846356071,55.086411583814666,63.36049999999955,4615.500000000932,1984.0,1767.0,8.0,6.0,15.0,11.0,1.0,0.0,5.0,5.0,92.0,87.0,-3001.799999999993,-3855.399999999998,-99.9366395,-74.14937084751064,1,0
0.1,100.0,1440,1,30,30,0,0,150,5.3,12,6,5,0.1,3,inc_every3,63.33999999999821,47.232400000009136,-63.68593931213263,-79.6807172220795,99.37352257554029,99.52799696206577,63.339999999997644,47.232400000002514,2915.0,2141.0,0.0,0.0,58.0,46.0,1.0,1.0,8.0,8.0,0.0,0.0,-414.2,-625.9000000000005,-99.93666,-99.9527676,1,1
0.1,100.0,1440,1,30,30,0,0,150,5.3,8,6,5,0.1,3,inc_every3,63.33999999999821,47.232400000009136,-63.68593931213263,-79.6807172220795,99.37352257554029,99.52799696206577,63.339999999997644,47.232400000002514,2915.0,2141.0,0.0,0.0,58.0,46.0,1.0,1.0,8.0,8.0,72.0,56.0,-414.2,-625.9000000000005,-99.93666,-99.9527676,1,1
0.1,100.0,1440,1,30,30,0,0,150,5.3,18,6,5,0.1,3,inc_every3,63.33999999999821,47.232400000009136,-63.68593931213263,-79.6807172220795,99.37352257554029,99.52799696206577,63.339999999997644,47.232400000002514,2915.0,2141.0,0.0,0.0,58.0,46.0,1.0,1.0,8.0,8.0,0.0,0.0,-414.2,-625.9000000000005,-99.93666,-99.9527676,1,1
0.1,100.0,1440,1,30,30,0,0,300,15.0,8,6,99,0.0,1,flat,63.30300000000375,55.66050000000041,-63.6901853855246,-78.66327834138195,99.39412530388007,99.4525322369651,63.30300000000193,55.66049999999689,2327.0,1746.0,0.0,0.0,106.0,81.0,1.0,1.0,6.0,6.0,0.0,0.0,-1829.2000000000016,-2041.0999999999985,-99.936697,-99.9443395,1,1
0.1,100.0,1440,1,30,30,0,0,300,15.0,18,6,99,0.0,1,flat,63.30300000000375,55.66050000000041,-63.6901853855246,-78.66327834138195,99.39412530388007,99.4525322369651,63.30300000000193,55.66049999999689,2327.0,1746.0,0.0,0.0,106.0,81.0,1.0,1.0,6.0,6.0,0.0,0.0,-1829.2000000000016,-2041.0999999999985,-99.936697,-99.9443395,1,1
0.1,100.0,1440,1,30,30,0,0,300,15.0,12,6,99,0.0,1,flat,63.30300000000375,55.66050000000041,-63.6901853855246,-78.66327834138195,99.39412530388007,99.4525322369651,63.30300000000193,55.66049999999689,2327.0,1746.0,0.0,0.0,106.0,81.0,1.0,1.0,6.0,6.0,0.0,0.0,-1829.2000000000016,-2041.0999999999985,-99.936697,-99.9443395,1,1
0.1,100.0,1440,1,30,30,0,0,200,10.0,18,15,5,0.1,3,inc_every3,63.264999999997485,4751.20000001396,-63.69454828450182,-19.864630147411898,99.38756643207716,81.51312512256771,63.264999999997485,2449.400000012245,1157.0,3950.0,0.0,0.0,20.0,53.0,2.0,0.0,11.0,11.0,0.0,0.0,-572.8999999999999,-4116.299999999986,-99.936735,-132.89088039254733,1,0
0.1,100.0,1440,1,30,30,0,0,200,10.0,12,15,5,0.1,3,inc_every3,63.264999999997485,4751.20000001396,-63.69454828450182,-19.864630147411898,99.38756643207716,81.51312512256771,63.264999999997485,2449.400000012245,1157.0,3950.0,0.0,0.0,20.0,53.0,2.0,0.0,11.0,11.0,0.0,0.0,-572.8999999999999,-4116.299999999986,-99.936735,-132.89088039254733,1,0
0.1,100.0,1440,1,30,30,0,0,150,10.0,8,25,99,0.0,1,flat,63.07560000000922,91.2864000000236,-63.716325204372026,-75.27907686273913,99.38365416560806,99.12415784777454,63.07560000000325,91.28640000001224,1518.0,2441.0,0.0,8.0,15.0,22.0,2.0,1.0,8.0,8.0,71.0,128.0,-1431.599999999997,-5182.900000000033,-99.9369244,-99.90871359999998,1,1
0.1,100.0,1440,1,30,30,0,0,75,10.0,5,15,99,0.0,1,flat,62.99000000000058,56.541000000002214,-63.72618452560091,-78.56339096815856,99.388363466879,99.44863330960442,62.99000000000058,56.54099999999721,2575.0,1657.0,6.0,10.0,49.0,32.0,1.0,1.0,5.0,5.0,583.0,363.0,-3363.7000000000003,-4114.999999999999,-99.93701,-99.943459,1,1
0.1,100.0,1440,1,30,30,0,0,75,10.0,5,15,5,0.1,3,inc_every3,62.99000000000058,56.541000000002214,-63.72618452560091,-78.56339096815856,99.388363466879,99.44863330960442,62.99000000000058,56.54099999999721,2575.0,1657.0,6.0,10.0,49.0,32.0,1.0,1.0,5.0,5.0,583.0,363.0,-3363.7000000000003,-4114.999999999999,-99.93701,-99.943459,1,1
0.1,100.0,1440,1,30,30,0,0,75,15.0,5,10,5,0.1,3,inc_every3,62.95800000000236,1040.400000009991,-63.72987300529237,-49.003323704403776,99.38743104001865,91.4446950352211,62.95800000000236,861.1000000099639,1820.0,1615.0,0.0,0.0,86.0,73.0,1.0,0.0,5.0,5.0,591.0,492.0,-3179.600000000002,-4059.4999999999977,-99.93704199999999,-99.13889999999003,1,1
0.1,100.0,1440,1,30,30,0,0,75,15.0,5,10,99,0.0,1,flat,62.95800000000236,1040.400000009991,-63.72987300529237,-49.003323704403776,99.38743104001865,91.4446950352211,62.95800000000236,861.1000000099639,1820.0,1615.0,0.0,0.0,86.0,73.0,1.0,0.0,5.0,5.0,591.0,492.0,-3179.600000000002,-4059.4999999999977,-99.93704199999999,-99.13889999999003,1,1
0.1,100.0,1440,1,30,30,0,0,75,10.0,12,6,5,0.1,3,inc_every3,62.76250000000661,58.630500000005554,-63.75243993482977,-78.33064786445559,99.48079961615782,99.46502089530458,62.76250000000661,58.63050000000203,1544.0,890.0,0.0,0.0,97.0,59.0,2.0,2.0,11.0,11.0,0.0,0.0,-394.5999999999998,-524.6999999999998,-99.9372375,-99.9413695,1,1
0.1,100.0,1440,1,30,30,0,0,75,10.0,18,6,5,0.1,3,inc_every3,62.76250000000661,58.630500000005554,-63.75243993482977,-78.33064786445559,99.48079961615782,99.46502089530458,62.76250000000661,58.63050000000203,1544.0,890.0,0.0,0.0,97.0,59.0,2.0,2.0,11.0,11.0,0.0,0.0,-394.5999999999998,-524.6999999999998,-99.9372375,-99.9413695,1,1
0.1,100.0,1440,1,30,30,0,0,300,15.0,18,25,5,0.1,3,inc_every3,62.69599999999605,9395.300000000847,-63.76012896975182,-1.8390290823960265,99.45260400750865,70.26947056958296,62.69599999999605,4220.100000000694,2345.0,1936.0,0.0,0.0,30.0,21.0,1.0,0.0,11.0,11.0,0.0,0.0,-3597.2999999999865,-4504.899999999983,-99.937304,-92.37797022156195,1,0
0.1,100.0,1440,1,30,30,0,0,300,15.0,12,25,5,0.1,3,inc_every3,62.69599999999605,9395.300000000847,-63.76012896975182,-1.8390290823960265,99.45260400750865,70.26947056958296,62.69599999999605,4220.100000000694,2345.0,1936.0,0.0,0.0,30.0,21.0,1.0,0.0,11.0,11.0,0.0,0.0,-3597.2999999999865,-4504.899999999983,-99.937304,-92.37797022156195,1,0
0.1,100.0,1440,1,30,30,0,0,75,10.0,18,10,99,0.0,1,flat,62.686500000005,71.32560000001928,-63.76122793577523,-77.0291963762522,99.39188323971943,99.53160896697013,62.68650000000213,47.137000000006964,1246.0,953.0,0.0,0.0,46.0,38.0,3.0,2.0,17.0,16.0,0.0,0.0,-496.8000000000002,-961.4000000000008,-99.9373135,-99.952863,1,1
0.1,100.0,1440,1,30,30,0,0,150,15.0,5,15,99,0.0,1,flat,62.64150000000075,54.563000000002376,-63.76643537509039,-78.78934924280965,99.38271465032177,99.46048273066165,62.64149999999569,54.56299999999726,1808.0,1369.0,2.0,4.0,45.0,34.0,1.0,1.0,5.0,5.0,301.0,212.0,-3121.3999999999983,-3883.7999999999943,-99.9373585,-99.945437,1,1
0.1,100.0,1440,1,30,30,0,0,150,15.0,5,15,5,0.1,3,inc_every3,62.64150000000075,54.563000000002376,-63.76643537509039,-78.78934924280965,99.38271465032177,99.46048273066165,62.64149999999569,54.56299999999726,1808.0,1369.0,2.0,4.0,45.0,34.0,1.0,1.0,5.0,5.0,301.0,212.0,-3121.3999999999983,-3883.7999999999943,-99.9373585,-99.945437,1,1
0.1,100.0,1440,1,30,30,0,0,300,5.3,18,25,5,0.1,3,inc_every3,62.628999999999735,8930.100000001708,-63.76788241703336,-3.311239229471108,99.38200351285748,69.59138381200228,62.628999999997575,4658.600000001602,1455.0,5527.0,0.0,14.0,7.0,16.0,2.0,0.0,11.0,11.0,0.0,0.0,-547.3999999999999,-3836.09999999999,-99.937371,-92.49400685347567,1,0
0.1,100.0,1440,1,30,30,0,0,300,5.3,12,25,5,0.1,3,inc_every3,62.628999999999735,8930.100000001708,-63.76788241703336,-3.311239229471108,99.38200351285748,69.59138381200228,62.628999999997575,4658.600000001602,1455.0,5527.0,0.0,14.0,7.0,16.0,2.0,0.0,11.0,11.0,0.0,0.0,-547.3999999999999,-3836.09999999999,-99.937371,-92.49400685347567,1,0
0.1,100.0,1440,1,30,30,0,0,75,10.0,8,4,5,0.1,3,inc_every3,62.61749999999773,32.89800000001205,-63.7692138996683,-81.75399153103751,99.39314131203786,99.71349943828545,62.61749999999773,32.89800000000028,1247.0,1507.0,0.0,0.0,111.0,127.0,1.0,2.0,8.0,8.0,160.0,167.0,-305.1999999999998,-649.6000000000007,-99.9373825,-99.967102,1,1
0.1,100.0,1440,1,30,30,0,0,150,5.3,8,4,5,0.1,3,inc_every3,62.58449999999607,48.782800000007285,-63.773035762182296,-79.48448637866646,99.38099500519269,99.51250349762161,62.584499999993284,48.78280000000143,2540.0,2420.0,0.0,0.0,76.0,75.0,1.0,1.0,7.0,7.0,0.0,0.0,-248.9999999999998,-544.4,-99.9374155,-99.9512172,1,1
0.1,100.0,1440,1,30,30,0,0,150,5.3,18,4,5,0.1,3,inc_every3,62.58449999999607,48.782800000007285,-63.773035762182296,-79.48448637866646,99.38099500519269,99.51250349762161,62.584499999993284,48.78280000000143,2540.0,2420.0,0.0,0.0,76.0,75.0,1.0,1.0,7.0,7.0,0.0,0.0,-248.9999999999998,-544.4,-99.9374155,-99.9512172,1,1
0.1,100.0,1440,1,30,30,0,0,150,5.3,12,4,5,0.1,3,inc_every3,62.58449999999607,48.782800000007285,-63.773035762182296,-79.48448637866646,99.38099500519269,99.51250349762161,62.584499999993284,48.78280000000143,2540.0,2420.0,0.0,0.0,76.0,75.0,1.0,1.0,7.0,7.0,0.0,0.0,-248.9999999999998,-544.4,-99.9374155,-99.9512172,1,1
0.1,100.0,1440,1,30,30,0,0,100,10.0,5,25,99,0.0,1,flat,62.58299999999372,2137.3000000009934,-63.77320952150256,-36.81940881960182,99.38857516901804,81.87560413057066,62.58299999999008,1893.8000000008478,1918.0,1322.0,6.0,10.0,20.0,13.0,1.0,0.0,5.0,5.0,334.0,207.0,-3503.1000000000013,-4507.400000000003,-99.93741700000001,-98.10619999999915,1,1
0.1,100.0,1440,1,30,30,0,0,100,10.0,5,25,5,0.1,3,inc_every3,62.58299999999372,2137.3000000009934,-63.77320952150256,-36.81940881960182,99.38857516901804,81.87560413057066,62.58299999999008,1893.8000000008478,1918.0,1322.0,6.0,10.0,20.0,13.0,1.0,0.0,5.0,5.0,334.0,207.0,-3503.1000000000013,-4507.400000000003,-99.93741700000001,-98.10619999999915,1,1
0.1,100.0,1440,1,30,30,0,0,75,15.0,18,4,5,0.1,3,inc_every3,62.57349999999525,86.69780000000222,-63.774310074561654,-75.65557261288312,99.3993078555041,99.28752855710614,62.57349999999525,86.69779999999264,744.0,987.0,0.0,0.0,117.0,143.0,1.0,1.0,9.0,10.0,0.0,0.0,-341.6999999999999,-714.8000000000001,-99.9374265,-99.9133022,1,1
0.1,100.0,1440,1,30,30,0,0,75,15.0,12,4,5,0.1,3,inc_every3,62.57349999999525,86.69780000000222,-63.774310074561654,-75.65557261288312,99.3993078555041,99.28752855710614,62.57349999999525,86.69779999999264,744.0,987.0,0.0,0.0,117.0,143.0,1.0,1.0,9.0,10.0,0.0,0.0,-341.6999999999999,-714.8000000000001,-99.9374265,-99.9133022,1,1
0.1,100.0,1440,1,30,30,0,0,100,25.0,8,10,5,0.1,3,inc_every3,62.55099999999567,61.520999999995695,-63.776917180815616,-78.01810070463861,99.38927563683238,99.39750859358936,62.55099999999078,61.520999999995695,386.0,498.0,0.0,0.0,43.0,57.0,2.0,1.0,8.0,8.0,88.0,112.0,-431.1,-1569.699999999999,-99.93744900000002,-99.938479,1,1
0.1,100.0,1440,1,30,30,0,0,100,5.3,8,6,99,0.0,1,flat,62.53949999999176,71.5428000000083,-63.77824999147864,-77.00840298388204,99.38847440059462,99.28575051165583,62.53949999998957,71.54279999999443,2210.0,2392.0,0.0,0.0,52.0,56.0,1.0,1.0,8.0,8.0,90.0,100.0,-262.8999999999998,-798.2000000000002,-99.93746050000001,-99.92845720000001,1,1
0.1,100.0,1440,1,30,30,0,0,150,5.3,18,15,99,0.0,1,flat,62.44099999999463,56.19599999999622,-63.789673842310975,-78.60239803804927,99.38512668511395,99.57492965417096,62.44099999999463,56.19599999999622,2159.0,5546.0,0.0,1.0,18.0,39.0,2.0,1.0,14.0,14.0,0.0,0.0,-524.5,-2780.5999999999894,-99.93755900000001,-99.943804,1,1
0.1,100.0,1440,1,30,30,0,0,75,25.0,8,25,99,0.0,1,flat,62.34999999999451,86.48960000000454,-63.80024067405729,-75.67298416742716,99.39761946167377,99.17143650907701,62.34999999999451,86.48960000000181,957.0,559.0,1.0,3.0,43.0,25.0,1.0,1.0,8.0,8.0,271.0,160.0,-5497.60000000007,-6413.6000000001095,-99.93765,-99.91351039999999,1,1
0.1,100.0,1440,1,30,30,0,0,150,15.0,8,10,5,0.1,3,inc_every3,62.25099999999526,56.52199999999135,-63.811750477738926,-78.56553482689651,99.45098644465422,99.51080992193326,62.25099999999526,56.52199999999135,3123.0,1649.0,0.0,0.0,126.0,69.0,1.0,1.0,8.0,8.0,240.0,141.0,-3231.699999999992,-2224.0999999999995,-99.93774900000001,-99.94347800000001,1,1
0.1,100.0,1440,1,30,30,0,0,100,15.0,18,25,99,0.0,1,flat,62.21040000001278,8161.399999999354,-63.81647489360388,-5.866710961994038,99.41312604360245,96.24023574535407,62.21040000001,401.9000000003841,1097.0,2589.0,0.0,1.0,25.0,51.0,3.0,0.0,18.0,18.0,41.0,89.0,-1366.3999999999996,-7760.400000000025,-99.93778959999999,-99.59809999999962,1,1
0.1,100.0,1440,1,30,30,0,0,200,25.0,18,10,5,0.1,3,inc_every3,61.97700000000572,6414.80000000877,-63.843682409944414,-12.376172675893404,99.51807502783025,70.6659083742184,61.907599999965385,4440.400000000886,1645.0,1377.0,0.0,0.0,114.0,92.0,2.0,0.0,9.0,9.0,0.0,0.0,-3062.700000000005,-3809.99999999999,-99.93809240000003,-103.70798942433021,1,0
0.1,100.0,1440,1,30,30,0,0,200,25.0,12,10,5,0.1,3,inc_every3,61.97700000000572,6414.80000000877,-63.843682409944414,-12.376172675893404,99.51807502783025,70.6659083742184,61.907599999965385,4440.400000000886,1645.0,1377.0,0.0,0.0,114.0,92.0,2.0,0.0,9.0,9.0,0.0,0.0,-3062.700000000005,-3809.99999999999,-99.93809240000003,-103.70798942433021,1,0
0.1,100.0,1440,1,30,30,0,0,100,10.0,5,15,5,0.1,3,inc_every3,61.90200000000448,55.04399999999612,-63.852442583842574,-78.73387906877772,99.39522841846103,99.47151333602174,61.90200000000232,55.04399999999259,2823.0,1903.0,4.0,10.0,48.0,33.0,1.0,1.0,5.0,5.0,492.0,311.0,-3327.700000000002,-3993.7000000000007,-99.938098,-99.944956,1,1
0.1,100.0,1440,1,30,30,0,0,100,10.0,5,15,99,0.0,1,flat,61.90200000000448,55.04399999999612,-63.852442583842574,-78.73387906877772,99.39522841846103,99.47151333602174,61.90200000000232,55.04399999999259,2823.0,1903.0,4.0,10.0,48.0,33.0,1.0,1.0,5.0,5.0,492.0,311.0,-3327.700000000002,-3993.7000000000007,-99.938098,-99.944956,1,1
0.1,100.0,1440,1,30,30,0,0,150,10.0,18,25,99,0.0,1,flat,61.62699999999438,58.57199999999932,-63.88463603253201,-78.33708405872954,99.4546138393056,99.64590514585629,61.62699999999438,49.00000001126517,1165.0,1820.0,0.0,0.0,13.0,19.0,2.0,1.0,18.0,18.0,12.0,18.0,-904.1,-2305.799999999999,-99.938373,-99.95099999998874,1,1
0.1,100.0,1440,1,30,30,0,0,150,15.0,18,25,5,0.1,3,inc_every3,61.6094999999998,78.72200000001249,-63.886688592606035,-76.34474968124718,99.5454783545314,99.55536100583483,61.6094999999998,78.72200000000203,883.0,2043.0,0.0,0.0,19.0,39.0,2.0,2.0,14.0,14.0,0.0,0.0,-858.4999999999997,-4418.999999999995,-99.9383905,-99.921278,1,1
0.1,100.0,1440,1,30,30,0,0,150,15.0,12,25,99,0.0,1,flat,61.604499999999604,6826.100000020044,-63.887275123997064,-10.740660529402879,99.41078772691637,79.82087501912122,61.60449999999889,2232.8000000094817,744.0,2171.0,0.0,1.0,14.0,33.0,2.0,0.0,12.0,12.0,30.0,87.0,-867.6999999999998,-6290.79999999997,-99.9383955,-120.38241056764531,1,0
0.1,100.0,1440,1,30,30,0,0,100,15.0,3,10,5,0.1,3,inc_every3,61.60000000140576,5088.700000001051,-63.88780303464162,-18.2113426209048,99.39886017642472,50.12194279055514,61.60000000140576,5051.500000001046,1820.0,959.0,2.0,7.0,64.0,32.0,0.0,0.0,3.0,3.0,787.0,435.0,-2829.299999999991,-2703.6999999999884,-99.9383999999986,-68.45522820201508,1,0
0.1,100.0,1440,1,30,30,0,0,100,15.0,3,10,99,0.0,1,flat,61.60000000140576,5088.700000001051,-63.88780303464162,-18.2113426209048,99.39886017642472,50.12194279055514,61.60000000140576,5051.500000001046,1820.0,959.0,2.0,7.0,64.0,32.0,0.0,0.0,3.0,3.0,787.0,435.0,-2829.299999999991,-2703.6999999999884,-99.9383999999986,-68.45522820201508,1,0
0.1,100.0,1440,1,30,30,0,0,150,15.0,18,15,5,0.1,3,inc_every3,61.58149999999927,81.52060000002461,-63.889973658942644,-76.09756445429842,99.44416513976773,99.36296350192357,61.58149999999614,70.04280000000949,846.0,1588.0,0.0,0.0,28.0,48.0,2.0,2.0,12.0,12.0,0.0,0.0,-647.4999999999995,-2328.900000000002,-99.9384185,-99.92995719999999,1,1
0.1,100.0,1440,1,30,30,0,0,150,15.0,12,15,5,0.1,3,inc_every3,61.58149999999927,81.52060000002461,-63.889973658942644,-76.09756445429842,99.44416513976773,99.36296350192357,61.58149999999614,70.04280000000949,846.0,1588.0,0.0,0.0,28.0,48.0,2.0,2.0,12.0,12.0,29.0,48.0,-647.4999999999995,-2328.900000000002,-99.9384185,-99.92995719999999,1,1
0.1,100.0,1440,1,30,30,0,0,300,10.0,8,15,99,0.0,1,flat,61.53599999999932,5352.600000001708,-63.89531444081822,-16.97148940306975,99.39279476628877,64.6148287443308,61.535999999996704,4309.100000001696,1094.0,2908.0,0.0,3.0,17.0,31.0,1.0,0.0,8.0,8.0,25.0,56.0,-596.6000000000003,-3504.7999999999884,-99.93846400000001,-96.20114689173134,1,0
0.1,100.0,1440,1,30,30,0,0,75,10.0,18,0,99,0.0,1,flat,61.49750000000145,81.88670000001414,-63.899836031679,-76.06567189092566,99.41347722005514,99.24980577899116,61.49749999999932,81.88670000000633,643.0,448.0,3.0,1.0,0.0,0.0,4.0,3.0,18.0,18.0,19.0,7.0,-5224.700000000024,-1877.6999999999982,-99.9385025,-99.91811329999999,1,1
0.1,100.0,1440,1,30,30,0,0,300,5.3,8,15,99,0.0,1,flat,61.46400000000119,1870.3000000032298,-63.90377224555826,-39.279145997457036,99.39316990334397,90.98250102241354,61.46399999999721,1036.3000000032312,1901.0,5235.0,0.0,16.0,15.0,29.0,1.0,0.0,8.0,8.0,25.0,52.0,-546.7000000000002,-3303.0999999999817,-99.938536,-98.96369999999676,1,1
0.1,100.0,1440,1,30,30,0,0,100,15.0,8,6,5,0.1,3,inc_every3,61.00249999999488,47.6375999999957,-63.95817342655947,-79.6290003384196,99.40692508117993,99.53095978890161,61.00249999999488,47.6375999999957,762.0,808.0,0.0,0.0,70.0,73.0,2.0,1.0,8.0,8.0,111.0,103.0,-353.19999999999976,-814.8000000000006,-99.9389975,-99.9523624,1,1
0.1,100.0,1440,1,30,30,0,0,300,10.0,18,0,99,0.0,1,flat,60.9954999999984,70.27560000000824,-63.959001110753164,-77.13034901958994,99.4852135677332,99.5650748929073,60.9954999999984,60.51200000002234,535.0,469.0,4.0,1.0,0.0,0.0,2.0,2.0,18.0,18.0,2.0,1.0,-1775.3999999999949,-766.699999999999,-99.9390045,-99.93948799999998,1,1
0.1,100.0,1440,1,30,30,0,0,200,15.0,18,0,5,0.1,3,inc_every3,60.746999999996376,82.33399999999915,-63.9884332437177,-76.02684129400905,99.80752693963815,99.60747351659569,60.746999999996376,82.33399999999915,799.0,387.0,0.0,0.0,0.0,0.0,4.0,3.0,18.0,18.0,5.0,1.0,-2547.099999999997,-1573.3,-99.93925300000001,-99.917666,1,1
0.1,100.0,1440,1,30,30,0,0,150,15.0,5,4,5,0.1,3,inc_every3,60.34699999999941,81.10000000623432,-64.03601181923541,-76.1343291783521,99.40532523970481,99.2003628439255,60.34699999999697,81.10000000623432,2794.0,1651.0,0.0,0.0,235.0,146.0,1.0,0.0,5.0,5.0,514.0,284.0,-1831.7999999999988,-1370.5000000000005,-99.939653,-99.91889999999377,1,1
0.1,100.0,1440,1,30,30,0,0,150,15.0,5,4,99,0.0,1,flat,60.34699999999941,81.10000000623432,-64.03601181923541,-76.1343291783521,99.40532523970481,99.2003628439255,60.34699999999697,81.10000000623432,2794.0,1651.0,0.0,0.0,235.0,146.0,1.0,0.0,5.0,5.0,514.0,284.0,-1831.7999999999988,-1370.5000000000005,-99.939653,-99.91889999999377,1,1
0.1,100.0,1440,1,30,30,0,0,150,5.3,18,25,99,0.0,1,flat,61.81850000000463,76.37560000000332,-63.86220557064786,-76.5567968707138,99.42820646803993,99.56176703067317,60.18469999999738,57.10570000001883,1847.0,6401.0,0.0,14.0,9.0,26.0,3.0,2.0,18.0,18.0,9.0,30.0,-642.1,-5281.2999999999965,-99.9398153,-99.94289429999998,1,1
0.1,100.0,1440,1,30,30,0,0,300,10.0,8,6,5,0.1,3,inc_every3,65.61249999999427,5032.900000001606,-63.42887363595656,-18.479258786097187,99.41939324152612,61.57524764934218,59.500000001644764,4274.600000001604,1884.0,3336.0,0.0,0.0,60.0,87.0,1.0,0.0,6.0,6.0,0.0,0.0,-704.8000000000013,-2287.399999999996,-99.94049999999835,-91.62975408478155,1,0
0.1,100.0,1440,1,30,30,0,0,300,10.0,12,6,5,0.1,3,inc_every3,65.61249999999427,5032.900000001606,-63.42887363595656,-18.479258786097187,99.41939324152612,61.57524764934218,59.500000001644764,4274.600000001604,1884.0,3336.0,0.0,0.0,60.0,87.0,1.0,0.0,6.0,6.0,0.0,0.0,-704.8000000000013,-2287.399999999996,-99.94049999999835,-91.62975408478155,1,0
0.1,100.0,1440,1,30,30,0,0,300,10.0,18,6,5,0.1,3,inc_every3,65.61249999999427,5032.900000001606,-63.42887363595656,-18.479258786097187,99.41939324152612,61.57524764934218,59.500000001644764,4274.600000001604,1884.0,3336.0,0.0,0.0,60.0,87.0,1.0,0.0,6.0,6.0,0.0,0.0,-704.8000000000013,-2287.399999999996,-99.94049999999835,-91.62975408478155,1,0
0.1,100.0,1440,1,30,30,0,0,200,10.0,18,2,99,0.0,1,flat,59.400000006868254,33.98249999999808,-64.14966788285608,-81.57703680187666,99.41293325815265,99.67880434782612,59.40000000685734,33.98249999999808,3541.0,2571.0,0.0,0.0,313.0,235.0,0.0,1.0,5.0,5.0,0.0,0.0,-896.3000000000029,-846.7000000000038,-99.94059999999314,-99.9660175,1,1
0.1,100.0,1440,1,30,30,0,0,200,10.0,5,2,99,0.0,1,flat,59.400000006868254,33.98249999999808,-64.14966788285608,-81.57703680187666,99.41293325815265,99.67880434782612,59.40000000685734,33.98249999999808,3541.0,2571.0,0.0,0.0,313.0,235.0,0.0,1.0,5.0,5.0,61.0,63.0,-896.3000000000029,-846.7000000000038,-99.94059999999314,-99.9660175,1,1
0.1,100.0,1440,1,30,30,0,0,200,10.0,5,2,5,0.1,3,inc_every3,59.400000006868254,33.98249999999808,-64.14966788285608,-81.57703680187666,99.41293325815265,99.67880434782612,59.40000000685734,33.98249999999808,3541.0,2571.0,0.0,0.0,313.0,235.0,0.0,1.0,5.0,5.0,61.0,63.0,-896.3000000000029,-846.7000000000038,-99.94059999999314,-99.9660175,1,1
0.1,100.0,1440,1,30,30,0,0,200,10.0,12,2,5,0.1,3,inc_every3,59.400000006868254,33.98249999999808,-64.14966788285608,-81.57703680187666,99.41293325815265,99.67880434782612,59.40000000685734,33.98249999999808,3541.0,2571.0,0.0,0.0,313.0,235.0,0.0,1.0,5.0,5.0,0.0,0.0,-896.3000000000029,-846.7000000000038,-99.94059999999314,-99.9660175,1,1
0.1,100.0,1440,1,30,30,0,0,200,10.0,12,2,99,0.0,1,flat,59.400000006868254,33.98249999999808,-64.14966788285608,-81.57703680187666,99.41293325815265,99.67880434782612,59.40000000685734,33.98249999999808,3541.0,2571.0,0.0,0.0,313.0,235.0,0.0,1.0,5.0,5.0,0.0,0.0,-896.3000000000029,-846.7000000000038,-99.94059999999314,-99.9660175,1,1
0.1,100.0,1440,1,30,30,0,0,200,10.0,8,2,5,0.1,3,inc_every3,59.400000006868254,33.98249999999808,-64.14966788285608,-81.57703680187666,99.41293325815265,99.67880434782612,59.40000000685734,33.98249999999808,3541.0,2571.0,0.0,0.0,313.0,235.0,0.0,1.0,5.0,5.0,0.0,0.0,-896.3000000000029,-846.7000000000038,-99.94059999999314,-99.9660175,1,1
0.1,100.0,1440,1,30,30,0,0,200,10.0,8,2,99,0.0,1,flat,59.400000006868254,33.98249999999808,-64.14966788285608,-81.57703680187666,99.41293325815265,99.67880434782612,59.40000000685734,33.98249999999808,3541.0,2571.0,0.0,0.0,313.0,235.0,0.0,1.0,5.0,5.0,0.0,0.0,-896.3000000000029,-846.7000000000038,-99.94059999999314,-99.9660175,1,1
0.1,100.0,1440,1,30,30,0,0,200,10.0,18,2,5,0.1,3,inc_every3,59.400000006868254,33.98249999999808,-64.14966788285608,-81.57703680187666,99.41293325815265,99.67880434782612,59.40000000685734,33.98249999999808,3541.0,2571.0,0.0,0.0,313.0,235.0,0.0,1.0,5.0,5.0,0.0,0.0,-896.3000000000029,-846.7000000000038,-99.94059999999314,-99.9660175,1,1
0.1,100.0,1440,1,30,30,0,0,200,10.0,5,15,5,0.1,3,inc_every3,59.32999999999623,2373.600000004772,-64.15812645652072,-34.81676197978156,99.41362508771418,80.09463930543214,59.32999999999117,2111.7000000046983,3183.0,2286.0,3.0,10.0,42.0,29.0,1.0,0.0,5.0,5.0,255.0,183.0,-3086.499999999996,-3729.69999999999,-99.94067000000001,-145.00604059064585,1,0
0.1,100.0,1440,1,30,30,0,0,200,10.0,5,15,99,0.0,1,flat,59.32999999999623,2373.600000004772,-64.15812645652072,-34.81676197978156,99.41362508771418,80.09463930543214,59.32999999999117,2111.7000000046983,3183.0,2286.0,3.0,10.0,42.0,29.0,1.0,0.0,5.0,5.0,255.0,183.0,-3086.499999999996,-3729.69999999999,-99.94067000000001,-145.00604059064585,1,0
0.1,100.0,1440,1,30,30,0,0,200,5.3,12,25,99,0.0,1,flat,59.23549999999568,34.12379999999956,-64.16955820142815,-81.5542747278532,99.50856590562168,99.73910071639924,59.23549999999568,34.123799999997516,2367.0,3740.0,0.0,6.0,11.0,15.0,2.0,2.0,12.0,12.0,22.0,28.0,-1030.6000000000015,-2609.8999999999946,-99.9407645,-99.9658762,1,1
0.1,100.0,1440,1,30,30,0,0,100,25.0,8,2,5,0.1,3,inc_every3,68.52200000000002,54.04049999999509,-63.10994854991072,-78.84999590344025,99.42764881612979,99.5315084525358,59.200000001247986,54.04049999999509,920.0,1064.0,0.0,0.0,347.0,396.0,1.0,1.0,7.0,7.0,0.0,0.0,-700.7000000000003,-1606.8000000000009,-99.94079999999875,-99.9459595,1,1
0.1,100.0,1440,1,30,30,0,0,100,25.0,18,2,5,0.1,3,inc_every3,68.52200000000002,54.04049999999509,-63.10994854991072,-78.84999590344025,99.42764881612979,99.5315084525358,59.200000001247986,54.04049999999509,920.0,1064.0,0.0,0.0,347.0,396.0,1.0,1.0,7.0,7.0,0.0,0.0,-700.7000000000003,-1606.8000000000009,-99.94079999999875,-99.9459595,1,1
0.1,100.0,1440,1,30,30,0,0,100,25.0,12,2,5,0.1,3,inc_every3,68.52200000000002,54.04049999999509,-63.10994854991072,-78.84999590344025,99.42764881612979,99.5315084525358,59.200000001247986,54.04049999999509,920.0,1064.0,0.0,0.0,347.0,396.0,1.0,1.0,7.0,7.0,0.0,0.0,-700.7000000000003,-1606.8000000000009,-99.94079999999875,-99.9459595,1,1
0.1,100.0,1440,1,30,30,0,0,75,10.0,12,25,5,0.1,3,inc_every3,59.05800000000218,102.28049999999428,-64.19107001810538,-74.42821605812185,99.4547972268125,99.15186078909433,59.05799999999948,102.28049999999428,815.0,743.0,0.0,0.0,16.0,14.0,4.0,2.0,12.0,12.0,51.0,45.0,-514.5000000000002,-1140.8999999999996,-99.940942,-99.89771950000001,1,1
0.1,100.0,1440,1,30,30,0,0,300,5.3,12,0,99,0.0,1,flat,59.03199999999805,87.04720000011002,-64.19422538574905,-75.62641853236369,99.54929491437431,99.50070164135347,59.03199999999805,63.54720000002095,2564.0,1238.0,13.0,5.0,0.0,0.0,2.0,2.0,12.0,12.0,12.0,2.0,-6712.399999999883,-1356.2000000000064,-99.940968,-99.93645279999998,1,1
0.1,100.0,1440,1,30,30,0,0,100,5.3,8,15,5,0.1,3,inc_every3,58.95499999999399,44.178800000008366,-64.20357665389467,-80.08084605066075,99.42352446513088,99.58789201693999,58.95499999999399,44.178800000001104,1515.0,3094.0,0.0,0.0,17.0,27.0,2.0,3.0,8.0,8.0,56.0,125.0,-351.1999999999999,-1614.300000000003,-99.941045,-99.9558212,1,1
0.1,100.0,1440,1,30,30,0,0,400,25.0,12,0,99,0.0,1,flat,58.83000000000516,37.42919999999776,-64.218778107587,-81.03973627507206,99.58564294719645,99.71199224370766,58.83000000000072,37.42919999999776,379.0,211.0,3.0,0.0,0.0,0.0,2.0,2.0,12.0,12.0,9.0,1.0,-7709.5999999998985,-1383.9000000000092,-99.94117,-99.96257080000001,1,1
0.1,100.0,1440,1,30,30,0,0,150,10.0,5,25,5,0.1,3,inc_every3,58.25049999999965,2233.7000000054613,-64.28959143618145,-35.98451193008378,99.43564466749348,80.07363092494214,58.25049999999965,2078.40000000496,2235.0,1550.0,8.0,8.0,20.0,13.0,1.0,0.0,5.0,5.0,249.0,146.0,-3790.2999999999993,-4303.199999999993,-99.9417495,-146.13177377996806,1,0
0.1,100.0,1440,1,30,30,0,0,150,10.0,5,25,99,0.0,1,flat,58.25049999999965,2233.7000000054613,-64.28959143618145,-35.98451193008378,99.43564466749348,80.07363092494214,58.25049999999965,2078.40000000496,2235.0,1550.0,8.0,8.0,20.0,13.0,1.0,0.0,5.0,5.0,249.0,146.0,-3790.2999999999993,-4303.199999999993,-99.9417495,-146.13177377996806,1,0
0.1,100.0,1440,1,30,30,0,0,75,10.0,8,0,5,0.1,3,inc_every3,57.89599999999845,75.58739999999577,-64.33318863301733,-76.62905354356162,99.53188874514896,99.2586926886678,57.89599999999845,75.58739999999577,707.0,569.0,8.0,3.0,0.0,0.0,3.0,2.0,8.0,8.0,74.0,52.0,-9405.500000000136,-4446.59999999997,-99.942104,-99.92441260000001,1,1
0.1,100.0,1440,1,30,30,0,0,75,5.3,18,15,5,0.1,3,inc_every3,66.31900000000115,54.48899999999321,-63.35040625129265,-78.79791356795512,99.43707112153157,99.45594240811565,57.62140000002941,54.48899999999321,943.0,860.0,0.0,0.0,14.0,13.0,3.0,3.0,15.0,15.0,0.0,0.0,-88.19999999999997,-359.7,-99.94237859999997,-99.94551100000001,1,1
0.1,100.0,1440,1,30,30,0,0,150,10.0,5,15,99,0.0,1,flat,57.618000000002326,2175.9000000072583,-64.36752731942926,-36.48199039402256,99.43195441280857,81.10288429654183,57.61800000000221,2052.000000007236,3174.0,2300.0,5.0,10.0,46.0,32.0,1.0,0.0,5.0,5.0,365.0,232.0,-3323.899999999999,-3944.5999999999894,-99.942382,-148.68775898710624,1,0
0.1,100.0,1440,1,30,30,0,0,150,10.0,5,15,5,0.1,3,inc_every3,57.618000000002326,2175.9000000072583,-64.36752731942926,-36.48199039402256,99.43195441280857,81.10288429654183,57.61800000000221,2052.000000007236,3174.0,2300.0,5.0,10.0,46.0,32.0,1.0,0.0,5.0,5.0,365.0,232.0,-3323.899999999999,-3944.5999999999894,-99.942382,-148.68775898710624,1,0
0.1,100.0,1440,1,30,30,0,0,100,25.0,18,0,5,0.1,3,inc_every3,57.01099999999292,52.74350000000703,-64.44296730391254,-79.00233994341423,99.50630423110901,99.61196044819486,57.01099999999113,52.74350000000703,48.0,90.0,0.0,0.0,0.0,0.0,5.0,5.0,18.0,18.0,1.0,1.0,-175.89999999999998,-273.6,-99.94298900000001,-99.9472565,1,1
0.1,100.0,1440,1,30,30,0,0,400,25.0,18,10,5,0.1,3,inc_every3,56.71200000000965,6538.100000002609,-64.48036444766659,-11.878331373726613,99.48368065987486,44.040139444171515,56.712000000007606,5682.500000002609,1624.0,1014.0,0.0,0.0,79.0,46.0,1.0,0.0,7.0,7.0,0.0,0.0,-2680.999999999997,-2905.4999999999936,-99.943288,-49.95861026206964,1,0
0.1,100.0,1440,1,30,30,0,0,400,25.0,8,10,5,0.1,3,inc_every3,56.71200000000965,6538.100000002609,-64.48036444766659,-11.878331373726613,99.48368065987486,44.040139444171515,56.712000000007606,5682.500000002609,1624.0,1014.0,0.0,0.0,79.0,46.0,1.0,0.0,7.0,7.0,0.0,0.0,-2680.999999999997,-2905.4999999999936,-99.943288,-49.95861026206964,1,0
0.1,100.0,1440,1,30,30,0,0,400,25.0,12,10,5,0.1,3,inc_every3,56.71200000000965,6538.100000002609,-64.48036444766659,-11.878331373726613,99.48368065987486,44.040139444171515,56.712000000007606,5682.500000002609,1624.0,1014.0,0.0,0.0,79.0,46.0,1.0,0.0,7.0,7.0,0.0,0.0,-2680.999999999997,-2905.4999999999936,-99.943288,-49.95861026206964,1,0
0.1,100.0,1440,1,30,30,0,0,150,25.0,5,25,99,0.0,1,flat,56.71199999999271,3425.8000000028937,-64.48036444766872,-27.296371877066548,99.4433505756717,67.26521869177856,56.71199999999271,3392.6000000028735,978.0,433.0,2.0,4.0,27.0,12.0,1.0,0.0,5.0,5.0,238.0,115.0,-4318.599999999997,-4470.899999999999,-99.94328800000001,-111.82680926062366,1,0
0.1,100.0,1440,1,30,30,0,0,150,25.0,5,25,5,0.1,3,inc_every3,56.71199999999271,3425.8000000028937,-64.48036444766872,-27.296371877066548,99.4433505756717,67.26521869177856,56.71199999999271,3392.6000000028735,978.0,433.0,2.0,4.0,27.0,12.0,1.0,0.0,5.0,5.0,238.0,115.0,-4318.599999999997,-4470.899999999999,-99.94328800000001,-111.82680926062366,1,0
0.1,100.0,1440,1,30,30,0,0,100,15.0,8,0,5,0.1,3,inc_every3,56.70950000000329,34.61520000001026,-64.48067779697115,-81.47562667149101,99.53617172675521,99.67799514414088,56.70950000000329,34.61520000000036,487.0,367.0,6.0,2.0,0.0,0.0,2.0,2.0,8.0,8.0,56.0,40.0,-9286.500000000131,-5065.399999999984,-99.9432905,-99.9653848,1,1
0.1,100.0,1440,1,30,30,0,0,75,5.3,12,6,99,0.0,1,flat,57.771000000005245,82.69099999998565,-64.34861233417743,-75.99595593060646,99.44549521329697,99.17435323954365,56.64710000000959,82.69099999998565,1653.0,2241.0,0.0,0.0,47.0,61.0,2.0,1.0,12.0,12.0,54.0,69.0,-194.7,-673.4000000000005,-99.9433529,-99.91730900000002,1,1
0.1,100.0,1440,1,30,30,0,0,75,5.3,18,6,99,0.0,1,flat,57.77100000000047,70.87800000001036,-64.34861233417803,-77.07218752849188,99.445495213297,99.29230277675155,56.64710000000481,70.87800000000328,1654.0,2239.0,0.0,0.0,47.0,61.0,2.0,1.0,13.0,13.0,0.0,0.0,-194.7,-671.3000000000005,-99.9433529,-99.92912199999999,1,1
0.1,100.0,1440,1,30,30,0,0,100,15.0,5,15,5,0.1,3,inc_every3,56.63450000000216,845.1000000009037,-64.49008341808833,-52.062760818479944,99.44939139396061,92.76847076919165,56.6345000000008,733.4000000009064,1871.0,1323.0,2.0,3.0,53.0,37.0,1.0,0.0,5.0,5.0,462.0,305.0,-3680.6,-4246.100000000004,-99.9433655,-99.26659999999909,1,1
0.1,100.0,1440,1,30,30,0,0,100,15.0,5,15,99,0.0,1,flat,56.63450000000216,845.1000000009037,-64.49008341808833,-52.062760818479944,99.44939139396061,92.76847076919165,56.6345000000008,733.4000000009064,1871.0,1323.0,2.0,3.0,53.0,37.0,1.0,0.0,5.0,5.0,462.0,305.0,-3680.6,-4246.100000000004,-99.9433655,-99.26659999999909,1,1
0.1,100.0,1440,1,30,30,0,0,150,5.3,8,15,5,0.1,3,inc_every3,88.81180000001274,100.8378000000265,-61.144656531155064,-74.53608747449734,99.44749754661436,99.5590261899412,56.30000000000189,56.89399999999526,1759.0,5682.0,0.0,2.0,16.0,40.0,2.0,2.0,8.0,8.0,41.0,134.0,-427.39999999999975,-2803.999999999988,-99.94369999999999,-99.943106,1,1
0.1,100.0,1440,1,30,30,0,0,400,10.0,12,15,5,0.1,3,inc_every3,56.290999999993005,5882.1000000042295,-64.5332889042852,-14.607790987460344,99.4746670648513,90.25817280790747,56.290999999993005,1218.8000000027373,4071.0,2609.0,0.0,5.0,44.0,26.0,1.0,0.0,8.0,8.0,0.0,0.0,-2995.799999999994,-3210.2999999999874,-99.94370900000001,-98.78119999999726,1,1
0.1,100.0,1440,1,30,30,0,0,400,10.0,18,15,5,0.1,3,inc_every3,56.290999999993005,5882.1000000042295,-64.5332889042852,-14.607790987460344,99.4746670648513,90.25817280790747,56.290999999993005,1218.8000000027373,4071.0,2609.0,0.0,5.0,44.0,26.0,1.0,0.0,8.0,8.0,0.0,0.0,-2995.799999999994,-3210.2999999999874,-99.94370900000001,-98.78119999999726,1,1
0.1,100.0,1440,1,30,30,0,0,400,10.0,8,15,5,0.1,3,inc_every3,56.290999999993005,5882.1000000042295,-64.5332889042852,-14.607790987460344,99.4746670648513,90.25817280790747,56.290999999993005,1218.8000000027373,4071.0,2609.0,0.0,5.0,44.0,26.0,1.0,0.0,8.0,8.0,53.0,30.0,-2995.799999999994,-3210.2999999999874,-99.94370900000001,-98.78119999999726,1,1
0.1,100.0,1440,1,30,30,0,0,400,15.0,8,6,99,0.0,1,flat,56.19800000000339,6783.600000003084,-64.54502272867349,-10.90639797500782,99.51054286386164,48.04260798722571,56.19800000000339,5931.300000002745,2934.0,1871.0,0.0,1.0,119.0,70.0,1.0,0.0,6.0,6.0,0.0,0.0,-2067.4999999999995,-2179.5999999999894,-99.94380199999999,-56.991613949459236,1,0
0.1,100.0,1440,1,30,30,0,0,400,15.0,12,6,99,0.0,1,flat,56.19800000000339,6783.600000003084,-64.54502272867349,-10.90639797500782,99.51054286386164,48.04260798722571,56.19800000000339,5931.300000002745,2934.0,1871.0,0.0,1.0,119.0,70.0,1.0,0.0,6.0,6.0,0.0,0.0,-2067.4999999999995,-2179.5999999999894,-99.94380199999999,-56.991613949459236,1,0
0.1,100.0,1440,1,30,30,0,0,400,15.0,18,6,99,0.0,1,flat,56.19800000000339,6783.600000003084,-64.54502272867349,-10.90639797500782,99.51054286386164,48.04260798722571,56.19800000000339,5931.300000002745,2934.0,1871.0,0.0,1.0,119.0,70.0,1.0,0.0,6.0,6.0,0.0,0.0,-2067.4999999999995,-2179.5999999999894,-99.94380199999999,-56.991613949459236,1,0
0.1,100.0,1440,1,30,30,0,0,400,15.0,12,6,5,0.1,3,inc_every3,56.15900000000124,6803.300000003062,-64.54994798752912,-10.829483379438553,99.51078453577718,47.8423127463665,56.15900000000124,5953.8000000027405,2932.0,1871.0,0.0,1.0,119.0,70.0,1.0,0.0,6.0,6.0,0.0,0.0,-2067.5999999999995,-2180.09999999999,-99.94384099999999,-56.51410887217156,1,0
0.1,100.0,1440,1,30,30,0,0,400,15.0,18,6,5,0.1,3,inc_every3,56.15900000000124,6803.300000003062,-64.54994798752912,-10.829483379438553,99.51078453577718,47.8423127463665,56.15900000000124,5953.8000000027405,2932.0,1871.0,0.0,1.0,119.0,70.0,1.0,0.0,6.0,6.0,0.0,0.0,-2067.5999999999995,-2180.09999999999,-99.94384099999999,-56.51410887217156,1,0
0.1,100.0,1440,1,30,30,0,0,400,15.0,8,6,5,0.1,3,inc_every3,56.15900000000124,6803.300000003062,-64.54994798752912,-10.829483379438553,99.51078453577718,47.8423127463665,56.15900000000124,5953.8000000027405,2932.0,1871.0,0.0,1.0,119.0,70.0,1.0,0.0,6.0,6.0,0.0,0.0,-2067.5999999999995,-2180.09999999999,-99.94384099999999,-56.51410887217156,1,0
0.1,100.0,1440,1,30,30,0,0,75,25.0,5,25,99,0.0,1,flat,55.97750000000616,3270.0000000033087,-64.57290544309748,-28.29642710335233,99.4880465699052,69.33562592536605,55.97750000000275,3210.100000003167,792.0,412.0,2.0,4.0,29.0,15.0,1.0,0.0,5.0,5.0,357.0,169.0,-4461.399999999999,-4682.4,-99.9440225,-116.96767895408442,1,0
0.1,100.0,1440,1,30,30,0,0,75,25.0,5,25,5,0.1,3,inc_every3,55.97750000000616,3270.0000000033087,-64.57290544309748,-28.29642710335233,99.4880465699052,69.33562592536605,55.97750000000275,3210.100000003167,792.0,412.0,2.0,4.0,29.0,15.0,1.0,0.0,5.0,5.0,357.0,169.0,-4461.399999999999,-4682.4,-99.9440225,-116.96767895408442,1,0
0.1,100.0,1440,1,30,30,0,0,200,15.0,5,15,5,0.1,3,inc_every3,55.95249999999436,976.100000003593,-64.57607229069427,-49.96231521255419,99.51878338049261,92.80195041383827,55.952499999991915,732.2000000035739,2578.0,1384.0,2.0,4.0,55.0,30.0,1.0,0.0,5.0,5.0,298.0,171.0,-3564.2999999999956,-3884.999999999994,-99.94404750000001,-99.26779999999643,1,1
0.1,100.0,1440,1,30,30,0,0,200,15.0,5,15,99,0.0,1,flat,55.95249999999436,976.100000003593,-64.57607229069427,-49.96231521255419,99.51878338049261,92.80195041383827,55.952499999991915,732.2000000035739,2578.0,1384.0,2.0,4.0,55.0,30.0,1.0,0.0,5.0,5.0,298.0,171.0,-3564.2999999999956,-3884.999999999994,-99.94404750000001,-99.26779999999643,1,1
0.1,100.0,1440,1,30,30,0,0,75,15.0,18,10,5,0.1,3,inc_every3,55.92300000000566,54.48899999999139,-64.57981062691891,-78.79791356795533,99.46570041847397,99.45950959192189,55.92300000000566,54.48899999998923,695.0,248.0,0.0,0.0,53.0,22.0,4.0,2.0,13.0,13.0,0.0,0.0,-369.79999999999995,-272.2,-99.944077,-99.94551100000001,1,1
0.1,100.0,1440,1,30,30,0,0,75,10.0,12,6,99,0.0,1,flat,55.92300000000458,94.98560000001169,-64.57981062691904,-74.98512237477442,99.45749541631501,99.24443052697514,55.92300000000142,76.00499999999974,1002.0,1288.0,0.0,0.0,60.0,75.0,2.0,2.0,12.0,12.0,70.0,87.0,-253.29999999999987,-864.2000000000011,-99.944077,-99.923995,1,1
0.1,100.0,1440,1,30,30,0,0,150,25.0,8,4,5,0.1,3,inc_every3,55.915000000001555,33.8124000000044,-64.5808246848927,-81.60452663874007,99.45220040755545,99.66468260658291,55.915000000001555,33.812400000001475,1995.0,946.0,0.0,0.0,340.0,169.0,1.0,1.0,7.0,7.0,0.0,0.0,-2058.0000000000045,-1390.6000000000024,-99.944085,-99.9661876,1,1
0.1,100.0,1440,1,30,30,0,0,150,25.0,18,4,5,0.1,3,inc_every3,55.915000000001555,33.8124000000044,-64.5808246848927,-81.60452663874007,99.45220040755545,99.66468260658291,55.915000000001555,33.812400000001475,1995.0,946.0,0.0,0.0,340.0,169.0,1.0,1.0,7.0,7.0,0.0,0.0,-2058.0000000000045,-1390.6000000000024,-99.944085,-99.9661876,1,1
0.1,100.0,1440,1,30,30,0,0,150,25.0,12,4,5,0.1,3,inc_every3,55.915000000001555,33.8124000000044,-64.5808246848927,-81.60452663874007,99.45220040755545,99.66468260658291,55.915000000001555,33.812400000001475,1995.0,946.0,0.0,0.0,340.0,169.0,1.0,1.0,7.0,7.0,0.0,0.0,-2058.0000000000045,-1390.6000000000024,-99.944085,-99.9661876,1,1
0.1,100.0,1440,1,30,30,0,0,400,25.0,5,25,5,0.1,3,inc_every3,55.79999999999859,6116.60000000125,-64.59541460831441,-13.60862089137841,99.48653299347589,42.55033026142831,55.79999999999745,5810.000000001239,807.0,549.0,4.0,4.0,17.0,10.0,1.0,0.0,5.0,5.0,73.0,57.0,-3395.099999999994,-3927.6000000000017,-99.94420000000001,-48.70928141423502,1,0
0.1,100.0,1440,1,30,30,0,0,400,25.0,5,25,99,0.0,1,flat,55.79999999999859,6116.60000000125,-64.59541460831441,-13.60862089137841,99.48653299347589,42.55033026142831,55.79999999999745,5810.000000001239,807.0,549.0,4.0,4.0,17.0,10.0,1.0,0.0,5.0,5.0,73.0,57.0,-3395.099999999994,-3927.6000000000017,-99.94420000000001,-48.70928141423502,1,0
0.1,100.0,1440,1,30,30,0,0,200,10.0,12,0,99,0.0,1,flat,67.53960000001234,33.28439999999682,-63.21640199946656,-81.69048025083254,99.60993401118255,99.77177298253558,55.74159999999506,33.28439999999682,1358.0,826.0,12.0,4.0,0.0,0.0,2.0,2.0,12.0,12.0,25.0,13.0,-8282.999999999873,-8156.799999999868,-99.94425840000001,-99.9667156,1,1
0.1,100.0,1440,1,30,30,0,0,200,25.0,5,0,99,0.0,1,flat,55.60000000075706,4352.200000000907,-64.62084577504905,-21.929272643294507,99.46459695512864,58.04787393647655,55.60000000075706,4334.200000000905,223.0,162.0,6.0,2.0,0.0,0.0,1.0,0.0,5.0,5.0,37.0,31.0,-6103.399999999999,-4677.900000000001,-99.94439999999925,-88.02502051624761,1,0
0.1,100.0,1440,1,30,30,0,0,200,25.0,5,0,5,0.1,3,inc_every3,55.60000000075706,4352.200000000907,-64.62084577504905,-21.929272643294507,99.46459695512864,58.04787393647655,55.60000000075706,4334.200000000905,223.0,162.0,6.0,2.0,0.0,0.0,1.0,0.0,5.0,5.0,37.0,31.0,-6103.399999999999,-4677.900000000001,-99.94439999999925,-88.02502051624761,1,0
0.1,100.0,1440,1,30,30,0,0,300,5.3,3,4,5,0.1,3,inc_every3,103.10000000427544,35.600000002313664,-59.967193532230944,-81.32034093182014,99.45276526090522,99.644266799877,55.500000004252,35.60000000230838,5801.0,4164.0,3.0,5.0,118.0,90.0,0.0,0.0,3.0,3.0,460.0,303.0,-1346.9999999999957,-1351.6999999999957,-99.94449999999574,-99.9643999999977,1,1
0.1,100.0,1440,1,30,30,0,0,300,5.3,3,4,99,0.0,1,flat,103.10000000427544,35.600000002313664,-59.967193532230944,-81.32034093182014,99.45276526090522,99.644266799877,55.500000004252,35.60000000230838,5801.0,4164.0,3.0,5.0,118.0,90.0,0.0,0.0,3.0,3.0,460.0,303.0,-1346.9999999999957,-1351.6999999999957,-99.94449999999574,-99.9643999999977,1,1
0.1,100.0,1440,1,30,30,0,0,100,25.0,5,4,5,0.1,3,inc_every3,55.28160000000602,56.08649999999619,-64.66148357609562,-78.61481370219452,99.46025131564814,99.46840464049446,55.28160000000133,56.08649999999278,1175.0,977.0,0.0,0.0,227.0,186.0,1.0,1.0,5.0,5.0,522.0,400.0,-1443.7999999999993,-1876.499999999999,-99.9447184,-99.94391350000001,1,1
0.1,100.0,1440,1,30,30,0,0,100,25.0,5,4,99,0.0,1,flat,55.28160000000602,56.08649999999619,-64.66148357609562,-78.61481370219452,99.46025131564814,99.46840464049446,55.28160000000133,56.08649999999278,1175.0,977.0,0.0,0.0,227.0,186.0,1.0,1.0,5.0,5.0,522.0,400.0,-1443.7999999999993,-1876.499999999999,-99.9447184,-99.94391350000001,1,1
0.1,100.0,1440,1,30,30,0,0,300,5.3,5,25,99,0.0,1,flat,55.16240000001011,1821.8000000016764,-64.67674539651003,-39.752039316495704,99.45482002727756,90.98056580564197,55.1624000000034,916.6000000016413,3040.0,3183.0,9.0,12.0,12.0,11.0,1.0,0.0,5.0,5.0,82.0,86.0,-1848.1000000000015,-3785.4999999999923,-99.9448376,-99.08339999999836,1,1
0.1,100.0,1440,1,30,30,0,0,300,5.3,5,25,5,0.1,3,inc_every3,55.16240000001011,1821.8000000016764,-64.67674539651003,-39.752039316495704,99.45482002727756,90.98056580564197,55.1624000000034,916.6000000016413,3040.0,3183.0,9.0,12.0,12.0,11.0,1.0,0.0,5.0,5.0,82.0,86.0,-1848.1000000000015,-3785.4999999999923,-99.9448376,-99.08339999999836,1,1
0.1,100.0,1440,1,30,30,0,0,75,25.0,8,25,5,0.1,3,inc_every3,55.10599999999931,49.179200000004926,-64.6839757887008,-79.43501972644759,99.56350300207542,99.51256083177223,55.10599999999698,49.179200000004926,1060.0,384.0,0.0,0.0,56.0,20.0,2.0,3.0,8.0,8.0,305.0,104.0,-4418.399999999978,-2627.9999999999886,-99.944894,-99.95082079999999,1,1
0.1,100.0,1440,1,30,30,0,0,150,25.0,5,15,99,0.0,1,flat,55.10500000000104,1600.400000004503,-64.68410404053948,-42.03083061479208,99.46479735045311,87.20672192397674,55.105000000000814,1349.0000000044092,1256.0,712.0,1.0,1.0,58.0,33.0,1.0,0.0,5.0,5.0,324.0,188.0,-3869.799999999996,-4145.200000000001,-99.944895,-98.65099999999559,1,1
0.1,100.0,1440,1,30,30,0,0,150,25.0,5,15,5,0.1,3,inc_every3,55.10500000000104,1600.400000004503,-64.68410404053948,-42.03083061479208,99.46479735045311,87.20672192397674,55.105000000000814,1349.0000000044092,1256.0,712.0,1.0,1.0,58.0,33.0,1.0,0.0,5.0,5.0,324.0,188.0,-3869.799999999996,-4145.200000000001,-99.944895,-98.65099999999559,1,1
0.1,100.0,1440,1,30,30,0,0,100,15.0,5,0,5,0.1,3,inc_every3,55.10000000003129,3886.9000000006636,-64.6847453276562,-24.51240533735566,99.46492386575483,62.910307538915866,55.10000000003129,3868.9000000006617,352.0,247.0,6.0,3.0,0.0,0.0,1.0,0.0,5.0,5.0,80.0,55.0,-6625.1,-4782.3,-99.94489999999998,-100.33302041518739,1,0
0.1,100.0,1440,1,30,30,0,0,100,15.0,5,0,99,0.0,1,flat,55.10000000003129,3886.9000000006636,-64.6847453276562,-24.51240533735566,99.46492386575483,62.910307538915866,55.10000000003129,3868.9000000006617,352.0,247.0,6.0,3.0,0.0,0.0,1.0,0.0,5.0,5.0,80.0,55.0,-6625.1,-4782.3,-99.94489999999998,-100.33302041518739,1,0
0.1,100.0,1440,1,30,30,0,0,400,10.0,5,15,99,0.0,1,flat,55.07520000000602,4587.600000002894,-64.68792679996054,-20.695871883908247,99.45528884669028,58.71135452630373,55.07519999999158,4161.400000002905,2303.0,2185.0,2.0,9.0,27.0,22.0,1.0,0.0,5.0,5.0,74.0,81.0,-1863.7000000000028,-3136.7999999999915,-99.94492480000001,-88.11858093651571,1,0
0.1,100.0,1440,1,30,30,0,0,400,10.0,5,15,5,0.1,3,inc_every3,55.07520000000602,4587.600000002894,-64.68792679996054,-20.695871883908247,99.45528884669028,58.71135452630373,55.07519999999158,4161.400000002905,2303.0,2185.0,2.0,9.0,27.0,22.0,1.0,0.0,5.0,5.0,74.0,81.0,-1863.7000000000028,-3136.7999999999915,-99.94492480000001,-88.11858093651571,1,0
0.1,100.0,1440,1,30,30,0,0,75,25.0,5,10,5,0.1,3,inc_every3,55.06499999999869,4332.600000006844,-64.68923564130834,-22.034063231607693,99.4664554386373,59.11873777234976,55.06499999999869,4200.100000006806,1476.0,814.0,0.0,0.0,127.0,68.0,1.0,0.0,5.0,5.0,692.0,388.0,-4039.300000000001,-4129.699999999999,-99.944935,-90.27153877630721,1,0
0.1,100.0,1440,1,30,30,0,0,75,25.0,5,10,99,0.0,1,flat,55.06499999999869,4332.600000006844,-64.68923564130834,-22.034063231607693,99.4664554386373,59.11873777234976,55.06499999999869,4200.100000006806,1476.0,814.0,0.0,0.0,127.0,68.0,1.0,0.0,5.0,5.0,692.0,388.0,-4039.300000000001,-4129.699999999999,-99.944935,-90.27153877630721,1,0
0.1,100.0,1440,1,30,30,0,0,75,25.0,5,15,5,0.1,3,inc_every3,55.05800000000022,2451.1000000050144,-64.69013397797671,-34.1905647492477,99.48170461926594,78.07156623527537,55.05800000000022,2309.7000000047738,1029.0,623.0,1.0,1.0,61.0,36.0,1.0,0.0,5.0,5.0,481.0,273.0,-4061.599999999999,-4423.699999999998,-99.944942,-140.33369721979844,1,0
0.1,100.0,1440,1,30,30,0,0,75,25.0,5,15,99,0.0,1,flat,55.05800000000022,2451.1000000050144,-64.69013397797671,-34.1905647492477,99.48170461926594,78.07156623527537,55.05800000000022,2309.7000000047738,1029.0,623.0,1.0,1.0,61.0,36.0,1.0,0.0,5.0,5.0,481.0,273.0,-4061.599999999999,-4423.699999999998,-99.944942,-140.33369721979844,1,0
0.1,100.0,1440,1,30,30,0,0,400,25.0,8,6,5,0.1,3,inc_every3,54.99149999999872,8311.700000002324,-64.69867273595233,-5.354147863787784,99.48440796197158,34.40345349442048,54.99149999999872,7932.000000002308,1762.0,1031.0,0.0,0.0,132.0,71.0,1.0,0.0,6.0,6.0,0.0,0.0,-2204.499999999994,-2377.3999999999924,-99.9450085,-24.161054852628748,1,0
0.1,100.0,1440,1,30,30,0,0,400,25.0,12,6,5,0.1,3,inc_every3,54.99149999999872,8311.700000002324,-64.69867273595233,-5.354147863787784,99.48440796197158,34.40345349442048,54.99149999999872,7932.000000002308,1762.0,1031.0,0.0,0.0,132.0,71.0,1.0,0.0,6.0,6.0,0.0,0.0,-2204.499999999994,-2377.3999999999924,-99.9450085,-24.161054852628748,1,0
0.1,100.0,1440,1,30,30,0,0,400,25.0,18,6,5,0.1,3,inc_every3,54.99149999999872,8311.700000002324,-64.69867273595233,-5.354147863787784,99.48440796197158,34.40345349442048,54.99149999999872,7932.000000002308,1762.0,1031.0,0.0,0.0,132.0,71.0,1.0,0.0,6.0,6.0,0.0,0.0,-2204.499999999994,-2377.3999999999924,-99.9450085,-24.161054852628748,1,0
0.1,100.0,1440,1,30,30,0,0,100,15.0,12,2,99,0.0,1,flat,88.20000000292532,105.5000000021032,-61.19836922180297,-74.19129029036584,99.46789917269089,98.99079760467878,54.800000002909314,105.50000000209229,1625.0,1067.0,0.0,0.0,326.0,222.0,0.0,0.0,7.0,7.0,0.0,0.0,-563.8,-582.6999999999997,-99.94519999999709,-99.8944999999979,1,1
0.1,100.0,1440,1,30,30,0,0,100,15.0,8,2,99,0.0,1,flat,88.20000000292532,105.5000000021032,-61.19836922180297,-74.19129029036584,99.46789917269089,98.99079760467878,54.800000002909314,105.50000000209229,1625.0,1067.0,0.0,0.0,326.0,222.0,0.0,0.0,7.0,7.0,0.0,0.0,-563.8,-582.6999999999997,-99.94519999999709,-99.8944999999979,1,1
0.1,100.0,1440,1,30,30,0,0,100,15.0,18,2,99,0.0,1,flat,88.20000000292532,105.5000000021032,-61.19836922180297,-74.19129029036584,99.46789917269089,98.99079760467878,54.800000002909314,105.50000000209229,1625.0,1067.0,0.0,0.0,326.0,222.0,0.0,0.0,7.0,7.0,0.0,0.0,-563.8,-582.6999999999997,-99.94519999999709,-99.8944999999979,1,1
0.1,100.0,1440,1,30,30,0,0,150,10.0,5,0,99,0.0,1,flat,54.80000000239488,4086.20000000236,-64.72330801430542,-23.380760938683707,99.4844099881227,61.46954083950171,54.80000000239488,4068.2000000023563,653.0,496.0,8.0,3.0,0.0,0.0,1.0,0.0,5.0,5.0,64.0,44.0,-5883.400000000003,-4669.6,-99.9451999999976,-96.31984261768713,1,0
0.1,100.0,1440,1,30,30,0,0,150,10.0,5,0,5,0.1,3,inc_every3,54.80000000239488,4086.20000000236,-64.72330801430542,-23.380760938683707,99.4844099881227,61.46954083950171,54.80000000239488,4068.2000000023563,653.0,496.0,8.0,3.0,0.0,0.0,1.0,0.0,5.0,5.0,64.0,44.0,-5883.400000000003,-4669.6,-99.9451999999976,-96.31984261768713,1,0
0.1,100.0,1440,1,30,30,0,0,100,25.0,5,15,5,0.1,3,inc_every3,54.710999999994556,842.400000000159,-64.7347807534264,-52.108387124204356,99.46929411878838,93.97543015933749,54.7109999999891,643.9000000001713,1048.0,663.0,1.0,1.0,56.0,36.0,1.0,0.0,5.0,5.0,385.0,236.0,-3923.0999999999995,-4344.500000000001,-99.94528900000002,-99.35609999999983,1,1
0.1,100.0,1440,1,30,30,0,0,100,25.0,5,15,99,0.0,1,flat,54.710999999994556,842.400000000159,-64.7347807534264,-52.108387124204356,99.46929411878838,93.97543015933749,54.7109999999891,643.9000000001713,1048.0,663.0,1.0,1.0,56.0,36.0,1.0,0.0,5.0,5.0,385.0,236.0,-3923.0999999999995,-4344.500000000001,-99.94528900000002,-99.35609999999983,1,1
0.1,100.0,1440,1,30,30,0,0,400,25.0,18,0,99,0.0,1,flat,54.70280000000719,46.926400000007106,-64.73583854317098,-79.71997983351878,99.63726857991624,99.63891381127894,54.702799999996785,46.92640000000216,338.0,134.0,2.0,0.0,0.0,0.0,2.0,2.0,18.0,18.0,4.0,1.0,-5484.200000000034,-755.5000000000003,-99.9452972,-99.9530736,1,1
0.1,100.0,1440,1,30,30,0,0,400,15.0,18,0,99,0.0,1,flat,54.68960000000885,58.520000000001346,-64.73754159311062,-78.34280891208387,99.61707860133596,99.53545969803297,54.68960000000067,58.5199999999968,628.0,245.0,3.0,1.0,0.0,0.0,2.0,2.0,18.0,18.0,4.0,1.0,-5411.800000000034,-730.0999999999998,-99.9453104,-99.94148,1,1
0.1,100.0,1440,1,30,30,0,0,400,5.3,18,25,5,0.1,3,inc_every3,54.68960000000072,5458.200000005112,-64.73754159311167,-16.487385181095636,99.520737521032,76.2715676283211,54.68960000000072,3376.2000000048465,4073.0,4439.0,3.0,19.0,14.0,13.0,2.0,0.0,10.0,10.0,0.0,0.0,-1841.1000000000015,-3457.999999999985,-99.9453104,-119.03052043773782,1,0
0.1,100.0,1440,1,30,30,0,0,400,5.3,12,25,5,0.1,3,inc_every3,54.68960000000072,5458.200000005112,-64.73754159311167,-16.487385181095636,99.520737521032,76.2715676283211,54.68960000000072,3376.2000000048465,4073.0,4439.0,3.0,19.0,14.0,13.0,2.0,0.0,10.0,10.0,0.0,0.0,-1841.1000000000015,-3457.999999999985,-99.9453104,-119.03052043773782,1,0
0.1,100.0,1440,1,30,30,0,0,400,10.0,5,6,5,0.1,3,inc_every3,54.653600000007884,751.3000000033062,-64.74218794648081,-53.71199852362164,99.45945860408074,94.48056425711451,54.65360000000106,560.3000000032886,2694.0,2844.0,0.0,0.0,75.0,75.0,1.0,0.0,5.0,5.0,101.0,106.0,-1136.8000000000047,-2088.9999999999936,-99.9453464,-99.4396999999967,1,1
0.1,100.0,1440,1,30,30,0,0,400,10.0,12,6,99,0.0,1,flat,54.65360000000868,775.1000000033018,-64.74218794648073,-53.28042208908822,99.45945860408081,94.24611383648292,54.653599999993446,584.1000000032842,2695.0,2844.0,0.0,0.0,75.0,75.0,1.0,0.0,6.0,6.0,0.0,0.0,-1136.1000000000047,-2088.9999999999936,-99.9453464,-99.41589999999671,1,1
0.1,100.0,1440,1,30,30,0,0,400,10.0,18,6,99,0.0,1,flat,54.65360000000868,775.1000000033018,-64.74218794648073,-53.28042208908822,99.45945860408081,94.24611383648292,54.653599999993446,584.1000000032842,2695.0,2844.0,0.0,0.0,75.0,75.0,1.0,0.0,6.0,6.0,0.0,0.0,-1136.1000000000047,-2088.9999999999936,-99.9453464,-99.41589999999671,1,1
0.1,100.0,1440,1,30,30,0,0,400,10.0,8,6,99,0.0,1,flat,54.65360000000868,775.1000000033018,-64.74218794648073,-53.28042208908822,99.45945860408081,94.24611383648292,54.653599999993446,584.1000000032842,2695.0,2844.0,0.0,0.0,75.0,75.0,1.0,0.0,6.0,6.0,0.0,0.0,-1136.1000000000047,-2088.9999999999936,-99.9453464,-99.41589999999671,1,1
0.1,100.0,1440,1,30,30,0,0,400,10.0,5,6,99,0.0,1,flat,54.653600000007884,751.3000000033062,-64.74218794648081,-53.71199852362164,99.45945860408074,94.48056425711451,54.65360000000106,560.3000000032886,2694.0,2844.0,0.0,0.0,75.0,75.0,1.0,0.0,5.0,5.0,101.0,106.0,-1136.8000000000047,-2088.9999999999936,-99.9453464,-99.4396999999967,1,1
0.1,100.0,1440,1,30,30,0,0,300,5.3,12,10,99,0.0,1,flat,54.64879999999596,1076.5000000033651,-64.74280764521474,-48.4830576399225,99.46045593215324,92.36803213456992,54.64879999999596,805.6000000033534,3151.0,5563.0,0.0,10.0,31.0,46.0,1.0,0.0,8.0,8.0,0.0,0.0,-779.5000000000014,-2768.9999999999886,-99.9453512,-99.19439999999665,1,1
0.1,100.0,1440,1,30,30,0,0,300,5.3,18,10,99,0.0,1,flat,54.64879999999596,1076.5000000033651,-64.74280764521474,-48.4830576399225,99.46045593215324,92.36803213456992,54.64879999999596,805.6000000033534,3151.0,5563.0,0.0,10.0,31.0,46.0,1.0,0.0,8.0,8.0,0.0,0.0,-779.5000000000014,-2768.9999999999886,-99.9453512,-99.19439999999665,1,1
0.1,100.0,1440,1,30,30,0,0,300,5.3,8,10,99,0.0,1,flat,54.64879999999596,1076.5000000033651,-64.74280764521474,-48.4830576399225,99.46045593215324,92.36803213456992,54.64879999999596,805.6000000033534,3151.0,5563.0,0.0,10.0,31.0,46.0,1.0,0.0,8.0,8.0,38.0,50.0,-779.5000000000014,-2768.9999999999886,-99.9453512,-99.19439999999665,1,1
0.1,100.0,1440,1,30,30,0,0,75,15.0,5,2,5,0.1,3,inc_every3,54.61520000000648,65.20000000521665,-64.74714675582773,-77.63487410859446,99.47823029816666,99.3522170668427,54.6152000000032,65.20000000521611,1839.0,890.0,0.0,0.0,396.0,207.0,1.0,0.0,5.0,5.0,700.0,345.0,-849.4000000000002,-555.8000000000002,-99.9453848,-99.93479999999478,1,1
0.1,100.0,1440,1,30,30,0,0,75,15.0,5,2,99,0.0,1,flat,54.61520000000648,65.20000000521665,-64.74714675582773,-77.63487410859446,99.47823029816666,99.3522170668427,54.6152000000032,65.20000000521611,1839.0,890.0,0.0,0.0,396.0,207.0,1.0,0.0,5.0,5.0,700.0,345.0,-849.4000000000002,-555.8000000000002,-99.9453848,-99.93479999999478,1,1
0.1,100.0,1440,1,30,30,0,0,400,5.3,5,25,99,0.0,1,flat,54.58999999999651,3124.3000000027096,-64.75040249027388,-29.26240964160167,99.58375905451777,75.62880395259722,54.58999999999651,2446.6000000027175,3949.0,2878.0,16.0,17.0,13.0,9.0,1.0,0.0,5.0,5.0,78.0,61.0,-3257.1999999999853,-3526.0999999999904,-99.94541000000001,-130.5200175467961,1,0
0.1,100.0,1440,1,30,30,0,0,400,5.3,5,25,5,0.1,3,inc_every3,54.58999999999651,3124.3000000027096,-64.75040249027388,-29.26240964160167,99.58375905451777,75.62880395259722,54.58999999999651,2446.6000000027175,3949.0,2878.0,16.0,17.0,13.0,9.0,1.0,0.0,5.0,5.0,78.0,61.0,-3257.1999999999853,-3526.0999999999904,-99.94541000000001,-130.5200175467961,1,0
0.1,100.0,1440,1,30,30,0,0,150,15.0,5,0,99,0.0,1,flat,54.50000000191949,3462.9000000016913,-64.76203993539809,-27.062960604934595,99.50710849037807,66.50396227330883,54.50000000191949,3444.9000000016877,408.0,277.0,6.0,2.0,0.0,0.0,1.0,0.0,5.0,5.0,61.0,44.0,-6868.300000000002,-4719.300000000001,-99.94549999999808,-110.07088515155226,1,0
0.1,100.0,1440,1,30,30,0,0,150,15.0,5,0,5,0.1,3,inc_every3,54.50000000191949,3462.9000000016913,-64.76203993539809,-27.062960604934595,99.50710849037807,66.50396227330883,54.50000000191949,3444.9000000016877,408.0,277.0,6.0,2.0,0.0,0.0,1.0,0.0,5.0,5.0,61.0,44.0,-6868.300000000002,-4719.300000000001,-99.94549999999808,-110.07088515155226,1,0
0.1,100.0,1440,1,30,30,0,0,150,25.0,5,6,5,0.1,3,inc_every3,54.451000000005706,54.852499999999225,-64.76838234234559,-78.75592239617053,99.46554313365591,99.47918249145464,54.45100000000207,54.852499999999225,1667.0,1122.0,0.0,0.0,181.0,125.0,1.0,1.0,5.0,5.0,464.0,309.0,-2624.0999999999967,-2874.8999999999974,-99.945549,-99.9451475,1,1
0.1,100.0,1440,1,30,30,0,0,150,25.0,5,6,99,0.0,1,flat,54.451000000005706,54.852499999999225,-64.76838234234559,-78.75592239617053,99.46554313365591,99.47918249145464,54.45100000000207,54.852499999999225,1667.0,1122.0,0.0,0.0,181.0,125.0,1.0,1.0,5.0,5.0,464.0,309.0,-2624.0999999999967,-2874.8999999999974,-99.945549,-99.9451475,1,1
0.1,100.0,1440,1,30,30,0,0,200,15.0,8,25,5,0.1,3,inc_every3,54.3392000000014,33.6683999999981,-64.78287049389412,-81.62787448577097,99.47928014259156,99.68688713637384,54.33920000000046,33.668399999997064,1225.0,1343.0,0.0,0.0,20.0,21.0,1.0,2.0,8.0,8.0,66.0,70.0,-1710.0000000000016,-2951.0999999999894,-99.9456608,-99.9663316,1,1
0.1,100.0,1440,1,30,30,0,0,200,10.0,8,0,5,0.1,3,inc_every3,54.33600000000615,35.533800000002046,-64.78328553245778,-81.3306842407174,99.47400315582624,99.66579071123569,54.335999999994556,35.53379999999953,533.0,348.0,3.0,1.0,0.0,0.0,2.0,2.0,8.0,8.0,18.0,6.0,-3194.8999999999805,-1093.2000000000016,-99.94566400000001,-99.9644662,1,1
0.1,100.0,1440,1,30,30,0,0,400,5.3,18,0,99,0.0,1,flat,54.31920000001111,47.335999999998194,-64.7854648057393,-79.66746488286577,99.65698047437425,99.60763900401187,54.31919999999798,47.33599999999444,1686.0,655.0,6.0,3.0,0.0,0.0,2.0,2.0,18.0,18.0,2.0,1.0,-2603.3000000000075,-670.6999999999997,-99.9456808,-99.952664,1,1
0.1,100.0,1440,1,30,30,0,0,300,25.0,8,25,5,0.1,3,inc_every3,54.30520000000854,76.72980000003042,-64.78728127868143,-76.52449679922788,99.52165809315761,99.42235890177889,54.30520000000354,76.72980000000621,607.0,993.0,0.0,0.0,16.0,25.0,2.0,1.0,8.0,8.0,36.0,54.0,-1483.4000000000017,-4878.799999999981,-99.9456948,-99.92327019999999,1,1
0.1,100.0,1440,1,30,30,0,0,100,5.3,18,0,99,0.0,1,flat,54.301199999999255,67.89600000000667,-64.78780033975107,-77.36358326740546,99.74648589596347,99.35397438581133,54.30119999999806,67.89600000000235,2366.0,625.0,8.0,1.0,0.0,0.0,3.0,2.0,18.0,18.0,28.0,4.0,-7917.50000000008,-1423.2999999999988,-99.9456988,-99.932104,1,1
0.1,100.0,1440,1,30,30,0,0,100,5.3,8,0,5,0.1,3,inc_every3,54.301200000004854,33.65850000000063,-64.78780033975036,-81.62948222524716,99.48660086226462,99.6663643392411,54.301199999999085,33.65850000000063,1288.0,1293.0,4.0,4.0,0.0,0.0,3.0,3.0,8.0,8.0,40.0,41.0,-5544.099999999998,-2379.699999999992,-99.9456988,-99.9663415,1,1
0.1,100.0,1440,1,30,30,0,0,400,5.3,5,4,99,0.0,1,flat,54.16080000000301,43.69680000000767,-64.80603878973935,-80.14576537597195,99.46718347270041,99.57325260022456,54.16080000000301,43.69680000000767,4866.0,4851.0,1.0,5.0,99.0,97.0,1.0,1.0,5.0,5.0,1.0,1.0,-925.6000000000048,-1598.299999999998,-99.9458392,-99.9563032,1,1
0.1,100.0,1440,1,30,30,0,0,400,5.3,5,4,5,0.1,3,inc_every3,54.16080000000301,43.69680000000767,-64.80603878973935,-80.14576537597195,99.46718347270041,99.57325260022456,54.16080000000301,43.69680000000767,4866.0,4851.0,1.0,5.0,99.0,97.0,1.0,1.0,5.0,5.0,1.0,1.0,-925.6000000000048,-1598.299999999998,-99.9458392,-99.9563032,1,1
0.1,100.0,1440,1,30,30,0,0,400,5.3,18,4,99,0.0,1,flat,54.16080000000301,43.69680000000767,-64.80603878973935,-80.14576537597195,99.46718347270041,99.57325260022456,54.16080000000301,43.69680000000767,4866.0,4851.0,1.0,5.0,99.0,97.0,1.0,1.0,5.0,5.0,0.0,0.0,-925.6000000000048,-1598.299999999998,-99.9458392,-99.9563032,1,1
0.1,100.0,1440,1,30,30,0,0,400,5.3,12,4,99,0.0,1,flat,54.16080000000301,43.69680000000767,-64.80603878973935,-80.14576537597195,99.46718347270041,99.57325260022456,54.16080000000301,43.69680000000767,4866.0,4851.0,1.0,5.0,99.0,97.0,1.0,1.0,5.0,5.0,0.0,0.0,-925.6000000000048,-1598.299999999998,-99.9458392,-99.9563032,1,1
0.1,100.0,1440,1,30,30,0,0,400,5.3,18,4,5,0.1,3,inc_every3,54.16080000000301,43.69680000000767,-64.80603878973935,-80.14576537597195,99.46718347270041,99.57325260022456,54.16080000000301,43.69680000000767,4866.0,4851.0,1.0,5.0,99.0,97.0,1.0,1.0,5.0,5.0,0.0,0.0,-925.6000000000048,-1598.299999999998,-99.9458392,-99.9563032,1,1
0.1,100.0,1440,1,30,30,0,0,400,5.3,12,4,5,0.1,3,inc_every3,54.16080000000301,43.69680000000767,-64.80603878973935,-80.14576537597195,99.46718347270041,99.57325260022456,54.16080000000301,43.69680000000767,4866.0,4851.0,1.0,5.0,99.0,97.0,1.0,1.0,5.0,5.0,0.0,0.0,-925.6000000000048,-1598.299999999998,-99.9458392,-99.9563032,1,1
0.1,100.0,1440,1,30,30,0,0,400,5.3,8,4,99,0.0,1,flat,54.16080000000301,43.69680000000767,-64.80603878973935,-80.14576537597195,99.46718347270041,99.57325260022456,54.16080000000301,43.69680000000767,4866.0,4851.0,1.0,5.0,99.0,97.0,1.0,1.0,5.0,5.0,0.0,0.0,-925.6000000000048,-1598.299999999998,-99.9458392,-99.9563032,1,1
0.1,100.0,1440,1,30,30,0,0,400,5.3,8,4,5,0.1,3,inc_every3,54.16080000000301,43.69680000000767,-64.80603878973935,-80.14576537597195,99.46718347270041,99.57325260022456,54.16080000000301,43.69680000000767,4866.0,4851.0,1.0,5.0,99.0,97.0,1.0,1.0,5.0,5.0,0.0,0.0,-925.6000000000048,-1598.299999999998,-99.9458392,-99.9563032,1,1
0.1,100.0,1440,1,30,30,0,0,200,25.0,5,4,5,0.1,3,inc_every3,54.09199999999993,32.840400000002944,-64.81498995965387,-81.7635038586887,99.46443034089447,99.67591284095846,54.09199999999993,32.84039999999766,2237.0,1218.0,0.0,0.0,311.0,175.0,1.0,1.0,5.0,5.0,507.0,272.0,-2332.0999999999995,-2207.299999999995,-99.945908,-99.9671596,1,1
0.1,100.0,1440,1,30,30,0,0,200,25.0,5,4,99,0.0,1,flat,54.09199999999993,32.840400000002944,-64.81498995965387,-81.7635038586887,99.46443034089447,99.67591284095846,54.09199999999993,32.84039999999766,2237.0,1218.0,0.0,0.0,311.0,175.0,1.0,1.0,5.0,5.0,507.0,272.0,-2332.0999999999995,-2207.299999999995,-99.945908,-99.9671596,1,1
0.1,100.0,1440,1,30,30,0,0,100,10.0,18,0,99,0.0,1,flat,54.0548000000077,104.75640000000146,-64.81983363018313,-74.24555656089447,99.70183077848075,99.28180735487965,54.054800000006566,78.997600000013,957.0,403.0,8.0,1.0,0.0,0.0,3.0,2.0,18.0,18.0,20.0,4.0,-8173.000000000081,-1606.7999999999995,-99.9459452,-99.92100239999999,1,1
0.1,100.0,1440,1,30,30,0,0,300,5.3,5,0,5,0.1,3,inc_every3,54.04649999999674,1306.9000000014858,-64.82091470542008,-45.42239767313083,99.46584866873557,87.31709717095718,54.04649999999674,1288.900000001484,1312.0,853.0,8.0,4.0,0.0,0.0,1.0,0.0,5.0,5.0,32.0,19.0,-4238.899999999995,-4481.800000000001,-99.9459535,-98.71109999999851,1,1
0.1,100.0,1440,1,30,30,0,0,300,5.3,5,0,99,0.0,1,flat,54.04649999999674,1306.9000000014858,-64.82091470542008,-45.42239767313083,99.46584866873557,87.31709717095718,54.04649999999674,1288.900000001484,1312.0,853.0,8.0,4.0,0.0,0.0,1.0,0.0,5.0,5.0,32.0,19.0,-4238.899999999995,-4481.800000000001,-99.9459535,-98.71109999999851,1,1
0.1,100.0,1440,1,30,30,0,0,75,25.0,8,15,5,0.1,3,inc_every3,88.67529999999942,48.18520000000835,-61.15661477441826,-79.55959719983497,99.57366613506852,99.55121033464658,54.00029999997963,48.18520000000291,1440.0,265.0,0.0,0.0,120.0,25.0,2.0,2.0,8.0,8.0,433.0,70.0,-5261.799999999982,-1177.7000000000007,-99.94599970000002,-99.9518148,1,1
0.1,100.0,1440,1,30,30,0,0,200,15.0,5,4,5,0.1,3,inc_every3,53.944000000007065,56.59600000000165,-64.83427629181556,-78.55718791253335,99.46958240331946,99.44717511916856,53.944000000007065,56.5960000000008,3078.0,1633.0,0.0,0.0,230.0,130.0,1.0,1.0,5.0,5.0,392.0,220.0,-1796.1000000000006,-1354.4000000000015,-99.946056,-99.943404,1,1
0.1,100.0,1440,1,30,30,0,0,200,15.0,5,4,99,0.0,1,flat,53.944000000007065,56.59600000000165,-64.83427629181556,-78.55718791253335,99.46958240331946,99.44717511916856,53.944000000007065,56.5960000000008,3078.0,1633.0,0.0,0.0,230.0,130.0,1.0,1.0,5.0,5.0,392.0,220.0,-1796.1000000000006,-1354.4000000000015,-99.946056,-99.943404,1,1
0.1,100.0,1440,1,30,30,0,0,200,25.0,5,15,5,0.1,3,inc_every3,53.925000000006776,3658.5000000024966,-64.83675530439528,-25.86057177546457,99.46608382261203,67.76013133027293,53.925000000006776,3377.9000000024635,1245.0,741.0,1.0,3.0,52.0,30.0,1.0,0.0,5.0,5.0,243.0,151.0,-3558.3,-3952.5999999999976,-99.946075,-111.38083443601042,1,0
0.1,100.0,1440,1,30,30,0,0,200,25.0,5,15,99,0.0,1,flat,53.925000000006776,3658.5000000024966,-64.83675530439528,-25.86057177546457,99.46608382261203,67.76013133027293,53.925000000006776,3377.9000000024635,1245.0,741.0,1.0,3.0,52.0,30.0,1.0,0.0,5.0,5.0,243.0,151.0,-3558.3,-3952.5999999999976,-99.946075,-111.38083443601042,1,0
0.1,100.0,1440,1,30,30,0,0,200,25.0,5,25,5,0.1,3,inc_every3,53.92499999999427,4372.200000001956,-64.8367553043969,-21.82268462060174,99.48588017695073,62.01632008421578,53.92499999999427,3896.1000000018084,821.0,488.0,4.0,3.0,22.0,12.0,1.0,0.0,5.0,5.0,163.0,100.0,-4028.0,-4311.7,-99.94607500000001,-95.85532478903329,1,0
0.1,100.0,1440,1,30,30,0,0,200,25.0,5,25,99,0.0,1,flat,53.92499999999427,4372.200000001956,-64.8367553043969,-21.82268462060174,99.48588017695073,62.01632008421578,53.92499999999427,3896.1000000018084,821.0,488.0,4.0,3.0,22.0,12.0,1.0,0.0,5.0,5.0,163.0,100.0,-4028.0,-4311.7,-99.94607500000001,-95.85532478903329,1,0
0.1,100.0,1440,1,30,30,0,0,300,15.0,18,0,99,0.0,1,flat,53.82100000000082,58.65999999999275,-64.85033702840802,-78.32740397299256,99.59411928840224,99.5635091896719,53.82099999999974,58.65999999999275,579.0,259.0,3.0,1.0,0.0,0.0,3.0,2.0,18.0,18.0,4.0,1.0,-6651.300000000065,-876.0999999999997,-99.946179,-99.94134000000001,1,1
0.1,100.0,1440,1,30,30,0,0,150,25.0,12,15,5,0.1,3,inc_every3,53.798400000000896,7897.900000029265,-64.85329121770076,-6.781552672329738,99.66472600818905,79.43611379735322,53.79839999999925,3870.000000024923,854.0,1493.0,0.0,0.0,55.0,89.0,2.0,0.0,12.0,12.0,55.0,90.0,-1753.7000000000012,-5307.2,-99.9462016,-115.65378026703617,1,0
0.1,100.0,1440,1,30,30,0,0,150,25.0,18,15,5,0.1,3,inc_every3,53.798400000000896,7897.900000029265,-64.85329121770076,-6.781552672329738,99.66472600818905,79.43611379735322,53.79839999999925,3870.000000024923,854.0,1493.0,0.0,0.0,55.0,89.0,2.0,0.0,12.0,12.0,0.0,0.0,-1753.7000000000012,-5307.2,-99.9462016,-115.65378026703617,1,0
0.1,100.0,1440,1,30,30,0,0,400,5.3,8,6,99,0.0,1,flat,53.69640000000112,56.35099999999812,-64.86663664765739,-78.58485237253235,99.46906739439966,99.43867355985219,53.69639999999663,56.35099999999812,2898.0,4396.0,0.0,7.0,46.0,60.0,1.0,1.0,5.0,5.0,0.0,0.0,-596.2000000000011,-1955.3999999999944,-99.94630360000001,-99.94364900000001,1,1
0.1,100.0,1440,1,30,30,0,0,400,5.3,5,6,5,0.1,3,inc_every3,53.69640000000112,56.35099999999812,-64.86663664765739,-78.58485237253235,99.46906739439966,99.43867355985219,53.69639999999663,56.35099999999812,2898.0,4396.0,0.0,7.0,46.0,60.0,1.0,1.0,5.0,5.0,61.0,89.0,-596.2000000000011,-1955.3999999999944,-99.94630360000001,-99.94364900000001,1,1
0.1,100.0,1440,1,30,30,0,0,400,5.3,12,6,5,0.1,3,inc_every3,53.69640000000112,56.35099999999812,-64.86663664765739,-78.58485237253235,99.46906739439966,99.43867355985219,53.69639999999663,56.35099999999812,2898.0,4396.0,0.0,7.0,46.0,60.0,1.0,1.0,5.0,5.0,0.0,0.0,-596.2000000000011,-1955.3999999999944,-99.94630360000001,-99.94364900000001,1,1
0.1,100.0,1440,1,30,30,0,0,400,5.3,5,6,99,0.0,1,flat,53.69640000000112,56.35099999999812,-64.86663664765739,-78.58485237253235,99.46906739439966,99.43867355985219,53.69639999999663,56.35099999999812,2898.0,4396.0,0.0,7.0,46.0,60.0,1.0,1.0,5.0,5.0,61.0,89.0,-596.2000000000011,-1955.3999999999944,-99.94630360000001,-99.94364900000001,1,1
0.1,100.0,1440,1,30,30,0,0,400,5.3,12,6,99,0.0,1,flat,53.69640000000112,56.35099999999812,-64.86663664765739,-78.58485237253235,99.46906739439966,99.43867355985219,53.69639999999663,56.35099999999812,2898.0,4396.0,0.0,7.0,46.0,60.0,1.0,1.0,5.0,5.0,0.0,0.0,-596.2000000000011,-1955.3999999999944,-99.94630360000001,-99.94364900000001,1,1
0.1,100.0,1440,1,30,30,0,0,400,5.3,18,6,99,0.0,1,flat,53.69640000000112,56.35099999999812,-64.86663664765739,-78.58485237253235,99.46906739439966,99.43867355985219,53.69639999999663,56.35099999999812,2898.0,4396.0,0.0,7.0,46.0,60.0,1.0,1.0,5.0,5.0,0.0,0.0,-596.2000000000011,-1955.3999999999944,-99.94630360000001,-99.94364900000001,1,1
0.1,100.0,1440,1,30,30,0,0,400,5.3,18,6,5,0.1,3,inc_every3,53.69640000000112,56.35099999999812,-64.86663664765739,-78.58485237253235,99.46906739439966,99.43867355985219,53.69639999999663,56.35099999999812,2898.0,4396.0,0.0,7.0,46.0,60.0,1.0,1.0,5.0,5.0,0.0,0.0,-596.2000000000011,-1955.3999999999944,-99.94630360000001,-99.94364900000001,1,1
0.1,100.0,1440,1,30,30,0,0,400,5.3,8,6,5,0.1,3,inc_every3,53.69640000000112,56.35099999999812,-64.86663664765739,-78.58485237253235,99.46906739439966,99.43867355985219,53.69639999999663,56.35099999999812,2898.0,4396.0,0.0,7.0,46.0,60.0,1.0,1.0,5.0,5.0,0.0,0.0,-596.2000000000011,-1955.3999999999944,-99.94630360000001,-99.94364900000001,1,1
0.1,100.0,1440,1,30,30,0,0,200,5.3,5,0,99,0.0,1,flat,53.68899999999485,1534.000000002312,-64.86760563420151,-42.75721937024098,99.46954442611138,84.8399999999769,53.68899999998757,1516.0000000023101,1267.0,850.0,9.0,7.0,0.0,0.0,1.0,0.0,5.0,5.0,46.0,33.0,-4403.1,-4589.000000000001,-99.94631100000001,-98.48399999999769,1,1
0.1,100.0,1440,1,30,30,0,0,200,5.3,5,0,5,0.1,3,inc_every3,53.68899999999485,1534.000000002312,-64.86760563420151,-42.75721937024098,99.46954442611138,84.8399999999769,53.68899999998757,1516.0000000023101,1267.0,850.0,9.0,7.0,0.0,0.0,1.0,0.0,5.0,5.0,46.0,33.0,-4403.1,-4589.000000000001,-99.94631100000001,-98.48399999999769,1,1
0.1,100.0,1440,1,30,30,0,0,100,25.0,5,25,5,0.1,3,inc_every3,53.67199999999423,3375.9000000002743,-64.86983208904293,-27.61313006232061,99.49817209428446,68.11335181114185,53.67199999999423,3336.3000000002376,764.0,412.0,3.0,4.0,26.0,13.0,1.0,0.0,5.0,5.0,282.0,148.0,-4225.899999999999,-4611.500000000002,-99.94632800000001,-113.83983368460432,1,0
0.1,100.0,1440,1,30,30,0,0,100,25.0,5,25,99,0.0,1,flat,53.67199999999423,3375.9000000002743,-64.86983208904293,-27.61313006232061,99.49817209428446,68.11335181114185,53.67199999999423,3336.3000000002376,764.0,412.0,3.0,4.0,26.0,13.0,1.0,0.0,5.0,5.0,282.0,148.0,-4225.899999999999,-4611.500000000002,-99.94632800000001,-113.83983368460432,1,0
0.1,100.0,1440,1,30,30,0,0,300,25.0,5,6,5,0.1,3,inc_every3,53.661000000007164,3074.900000000791,-64.87127303689178,-29.597105228291564,99.49437948157428,76.37758867517866,53.66100000000347,2656.6000000007784,1591.0,1125.0,0.0,0.0,134.0,93.0,1.0,0.0,5.0,5.0,211.0,168.0,-2238.7999999999956,-2557.2999999999947,-99.946339,-132.35228257864887,1,0
0.1,100.0,1440,1,30,30,0,0,300,25.0,5,6,99,0.0,1,flat,53.661000000007164,3074.900000000791,-64.87127303689178,-29.597105228291564,99.49437948157428,76.37758867517866,53.66100000000347,2656.6000000007784,1591.0,1125.0,0.0,0.0,134.0,93.0,1.0,0.0,5.0,5.0,211.0,168.0,-2238.7999999999956,-2557.2999999999947,-99.946339,-132.35228257864887,1,0
0.1,100.0,1440,1,30,30,0,0,300,10.0,18,0,5,0.1,3,inc_every3,53.63080000001412,36.12719999999942,-64.87523030885444,-81.23844784528086,99.52359091433993,99.78926836097226,53.63080000000912,36.12719999999942,330.0,578.0,0.0,1.0,0.0,0.0,3.0,3.0,18.0,18.0,1.0,1.0,-310.9999999999999,-915.5000000000013,-99.94636919999999,-99.9638728,1,1
0.1,100.0,1440,1,30,30,0,0,100,10.0,5,10,5,0.1,3,inc_every3,53.50080000000057,3014.200000001715,-64.89228530116729,-30.013573070469633,99.47730665520348,73.89062183119476,53.50079999999255,2703.600000001703,2533.0,2813.0,1.0,5.0,65.0,66.0,1.0,0.0,5.0,5.0,435.0,474.0,-1727.700000000002,-3745.2999999999993,-99.9464992,-127.79481673285916,1,0
0.1,100.0,1440,1,30,30,0,0,100,10.0,5,10,99,0.0,1,flat,53.50080000000057,3014.200000001715,-64.89228530116729,-30.013573070469633,99.47730665520348,73.89062183119476,53.50079999999255,2703.600000001703,2533.0,2813.0,1.0,5.0,65.0,66.0,1.0,0.0,5.0,5.0,435.0,474.0,-1727.700000000002,-3745.2999999999993,-99.9464992,-127.79481673285916,1,0
0.1,100.0,1440,1,30,30,0,0,200,15.0,12,25,99,0.0,1,flat,53.41400000000306,5694.700000009048,-64.90369125271188,-15.426586443150814,99.56623003272735,73.57090679916806,53.41400000000067,3690.400000005211,1214.0,1977.0,0.0,4.0,19.0,26.0,2.0,0.0,12.0,12.0,38.0,53.0,-1693.000000000004,-5845.799999999996,-99.946586,-112.56840004148692,1,0
0.1,100.0,1440,1,30,30,0,0,100,10.0,12,2,5,0.1,3,inc_every3,53.404000000002256,58.53900000000371,-64.90500625464486,-78.34071672461907,99.50481700928168,99.433272341785,53.403999999997836,58.53900000000286,1476.0,1610.0,0.0,0.0,194.0,205.0,1.0,1.0,6.0,6.0,0.0,0.0,-272.1999999999999,-465.89999999999884,-99.946596,-99.941461,1,1
0.1,100.0,1440,1,30,30,0,0,100,10.0,18,2,5,0.1,3,inc_every3,53.404000000002256,58.53900000000371,-64.90500625464486,-78.34071672461907,99.50481700928168,99.433272341785,53.403999999997836,58.53900000000286,1476.0,1610.0,0.0,0.0,194.0,205.0,1.0,1.0,6.0,6.0,0.0,0.0,-272.1999999999999,-465.89999999999884,-99.946596,-99.941461,1,1
0.1,100.0,1440,1,30,30,0,0,100,10.0,8,2,5,0.1,3,inc_every3,53.404000000002256,58.53900000000371,-64.90500625464486,-78.34071672461907,99.50481700928168,99.433272341785,53.403999999997836,58.53900000000286,1476.0,1610.0,0.0,0.0,194.0,205.0,1.0,1.0,6.0,6.0,0.0,0.0,-272.1999999999999,-465.89999999999884,-99.946596,-99.941461,1,1
0.1,100.0,1440,1,30,30,0,0,75,5.3,5,0,99,0.0,1,flat,53.3179999999993,3326.3000000043867,-64.91632340933872,-27.931260066844878,99.47671531342318,68.09924208817357,53.3179999999993,3308.300000004385,964.0,803.0,11.0,9.0,0.0,0.0,1.0,0.0,5.0,5.0,115.0,99.0,-4579.100000000001,-4743.1,-99.946682,-114.12974424319202,1,0
0.1,100.0,1440,1,30,30,0,0,75,5.3,5,0,5,0.1,3,inc_every3,53.3179999999993,3326.3000000043867,-64.91632340933872,-27.931260066844878,99.47671531342318,68.09924208817357,53.3179999999993,3308.300000004385,964.0,803.0,11.0,9.0,0.0,0.0,1.0,0.0,5.0,5.0,115.0,99.0,-4579.100000000001,-4743.1,-99.946682,-114.12974424319202,1,0
0.1,100.0,1440,1,30,30,0,0,75,5.3,12,10,5,0.1,3,inc_every3,53.28960000000775,54.4889999999979,-64.92006390931768,-78.79791356795458,99.47939038686991,99.4559424081156,53.28959999999677,54.4889999999979,1496.0,804.0,0.0,0.0,29.0,18.0,2.0,3.0,12.0,12.0,36.0,20.0,-119.7,-255.89999999999986,-99.9467104,-99.945511,1,1
0.1,100.0,1440,1,30,30,0,0,100,10.0,8,25,99,0.0,1,flat,53.28750000000764,88.28080000001114,-64.92034055889022,-75.52413919079694,99.479390558443,99.16570618532361,53.28750000000764,88.28079999998249,1617.0,2089.0,1.0,8.0,19.0,23.0,2.0,1.0,8.0,8.0,135.0,174.0,-1880.699999999993,-5779.400000000079,-99.94671249999999,-99.91171920000002,1,1
0.1,100.0,1440,1,30,30,0,0,300,5.3,12,4,99,0.0,1,flat,53.17720000000662,33.78720000000351,-64.93488352157952,-81.60860746327914,99.47221803168051,99.66864573832711,53.177199999997754,33.78719999999959,4512.0,3707.0,0.0,0.0,98.0,84.0,1.0,1.0,5.0,5.0,0.0,0.0,-746.4000000000021,-933.9000000000025,-99.9468228,-99.9662128,1,1
0.1,100.0,1440,1,30,30,0,0,300,5.3,5,4,5,0.1,3,inc_every3,53.17720000000662,33.78720000000351,-64.93488352157952,-81.60860746327914,99.47221803168051,99.66864573832711,53.177199999997754,33.78719999999959,4512.0,3707.0,0.0,0.0,98.0,84.0,1.0,1.0,5.0,5.0,122.0,105.0,-746.4000000000021,-933.9000000000025,-99.9468228,-99.9662128,1,1
0.1,100.0,1440,1,30,30,0,0,300,5.3,8,4,99,0.0,1,flat,53.17720000000662,33.78720000000351,-64.93488352157952,-81.60860746327914,99.47221803168051,99.66864573832711,53.177199999997754,33.78719999999959,4512.0,3707.0,0.0,0.0,98.0,84.0,1.0,1.0,5.0,5.0,0.0,0.0,-746.4000000000021,-933.9000000000025,-99.9468228,-99.9662128,1,1
0.1,100.0,1440,1,30,30,0,0,300,5.3,18,4,5,0.1,3,inc_every3,53.17720000000662,33.78720000000351,-64.93488352157952,-81.60860746327914,99.47221803168051,99.66864573832711,53.177199999997754,33.78719999999959,4512.0,3707.0,0.0,0.0,98.0,84.0,1.0,1.0,5.0,5.0,0.0,0.0,-746.4000000000021,-933.9000000000025,-99.9468228,-99.9662128,1,1
0.1,100.0,1440,1,30,30,0,0,300,5.3,5,4,99,0.0,1,flat,53.17720000000662,33.78720000000351,-64.93488352157952,-81.60860746327914,99.47221803168051,99.66864573832711,53.177199999997754,33.78719999999959,4512.0,3707.0,0.0,0.0,98.0,84.0,1.0,1.0,5.0,5.0,122.0,105.0,-746.4000000000021,-933.9000000000025,-99.9468228,-99.9662128,1,1
0.1,100.0,1440,1,30,30,0,0,300,5.3,8,4,5,0.1,3,inc_every3,53.17720000000662,33.78720000000351,-64.93488352157952,-81.60860746327914,99.47221803168051,99.66864573832711,53.177199999997754,33.78719999999959,4512.0,3707.0,0.0,0.0,98.0,84.0,1.0,1.0,5.0,5.0,0.0,0.0,-746.4000000000021,-933.9000000000025,-99.9468228,-99.9662128,1,1
0.1,100.0,1440,1,30,30,0,0,300,5.3,12,4,5,0.1,3,inc_every3,53.17720000000662,33.78720000000351,-64.93488352157952,-81.60860746327914,99.47221803168051,99.66864573832711,53.177199999997754,33.78719999999959,4512.0,3707.0,0.0,0.0,98.0,84.0,1.0,1.0,5.0,5.0,0.0,0.0,-746.4000000000021,-933.9000000000025,-99.9468228,-99.9662128,1,1
0.1,100.0,1440,1,30,30,0,0,300,5.3,18,4,99,0.0,1,flat,53.17720000000662,33.78720000000351,-64.93488352157952,-81.60860746327914,99.47221803168051,99.66864573832711,53.177199999997754,33.78719999999959,4512.0,3707.0,0.0,0.0,98.0,84.0,1.0,1.0,5.0,5.0,0.0,0.0,-746.4000000000021,-933.9000000000025,-99.9468228,-99.9662128,1,1
0.1,100.0,1440,1,30,30,0,0,300,5.3,5,6,5,0.1,3,inc_every3,53.1043999999884,56.22799999999745,-64.94449536408196,-78.59877292509941,99.47515961337008,99.44570735698586,53.1043999999884,56.22799999999745,3254.0,4562.0,0.0,2.0,52.0,65.0,1.0,1.0,5.0,5.0,94.0,123.0,-685.7000000000015,-1612.199999999998,-99.9468956,-99.943772,1,1
0.1,100.0,1440,1,30,30,0,0,300,5.3,5,6,99,0.0,1,flat,53.1043999999884,56.22799999999745,-64.94449536408196,-78.59877292509941,99.47515961337008,99.44570735698586,53.1043999999884,56.22799999999745,3254.0,4562.0,0.0,2.0,52.0,65.0,1.0,1.0,5.0,5.0,94.0,123.0,-685.7000000000015,-1612.199999999998,-99.9468956,-99.943772,1,1
0.1,100.0,1440,1,30,30,0,0,75,25.0,12,15,99,0.0,1,flat,53.05760000000987,93.15600000001018,-64.9506799727736,-75.12948537134363,99.55635603495156,99.18611904699516,53.05760000000231,93.15600000000029,795.0,732.0,0.0,0.0,65.0,61.0,2.0,1.0,12.0,12.0,147.0,139.0,-1922.9000000000046,-3255.3999999999996,-99.9469424,-99.906844,1,1
0.1,100.0,1440,1,30,30,0,0,100,25.0,8,25,5,0.1,3,inc_every3,53.0508000000066,86.4038000000221,-64.9515789541633,-75.68016810101636,99.53763530826755,99.17579578949369,53.050799999997,86.40380000000681,631.0,418.0,0.0,0.0,29.0,19.0,2.0,2.0,8.0,8.0,127.0,90.0,-1979.5999999999972,-2455.7999999999915,-99.9469492,-99.91359619999999,1,1
0.1,100.0,1440,1,30,30,0,0,100,15.0,5,25,99,0.0,1,flat,53.037999999999556,2961.1000000006347,-64.95327140449733,-30.382755282137943,99.48435707480222,73.78920929518658,53.037999999993644,2734.100000000535,1325.0,863.0,6.0,6.0,23.0,14.0,1.0,0.0,5.0,5.0,323.0,195.0,-4183.400000000001,-4557.900000000002,-99.94696200000001,-127.9611738725111,1,0
0.1,100.0,1440,1,30,30,0,0,100,15.0,5,25,5,0.1,3,inc_every3,53.037999999999556,2961.1000000006347,-64.95327140449733,-30.382755282137943,99.48435707480222,73.78920929518658,53.037999999993644,2734.100000000535,1325.0,863.0,6.0,6.0,23.0,14.0,1.0,0.0,5.0,5.0,323.0,195.0,-4183.400000000001,-4557.900000000002,-99.94696200000001,-127.9611738725111,1,0
0.1,100.0,1440,1,30,30,0,0,150,5.3,5,0,99,0.0,1,flat,53.01900000000387,2394.200000003466,-64.95578423797447,-34.64892988091326,99.47560456950698,76.25414717988308,53.018999999996595,2376.200000003464,1381.0,903.0,11.0,6.0,0.0,0.0,1.0,0.0,5.0,5.0,72.0,48.0,-5473.9000000000015,-4636.000000000001,-99.94698100000001,-137.1572242406794,1,0
0.1,100.0,1440,1,30,30,0,0,150,5.3,5,0,5,0.1,3,inc_every3,53.01900000000387,2394.200000003466,-64.95578423797447,-34.64892988091326,99.47560456950698,76.25414717988308,53.018999999996595,2376.200000003464,1381.0,903.0,11.0,6.0,0.0,0.0,1.0,0.0,5.0,5.0,72.0,48.0,-5473.9000000000015,-4636.000000000001,-99.94698100000001,-137.1572242406794,1,0
0.1,100.0,1440,1,30,30,0,0,300,10.0,5,0,99,0.0,1,flat,53.01799999999275,2741.900000000949,-64.95591651232111,-31.95795794755224,99.47684595877374,73.493635903615,53.01799999999275,2723.9000000009455,678.0,504.0,8.0,2.0,0.0,0.0,1.0,0.0,5.0,5.0,28.0,19.0,-4361.200000000002,-4514.000000000001,-99.946982,-128.94522975478225,1,0
0.1,100.0,1440,1,30,30,0,0,300,10.0,5,0,5,0.1,3,inc_every3,53.01799999999275,2741.900000000949,-64.95591651232111,-31.95795794755224,99.47684595877374,73.493635903615,53.01799999999275,2723.9000000009455,678.0,504.0,8.0,2.0,0.0,0.0,1.0,0.0,5.0,5.0,28.0,19.0,-4361.200000000002,-4514.000000000001,-99.946982,-128.94522975478225,1,0
0.1,100.0,1440,1,30,30,0,0,400,25.0,8,25,5,0.1,3,inc_every3,53.011200000002304,13781.90000000324,-64.95681603079476,10.015814719535122,99.54331004419484,45.715179695398604,53.01120000000191,7460.200000000723,845.0,885.0,0.0,0.0,19.0,15.0,2.0,0.0,8.0,8.0,35.0,33.0,-1957.0999999999988,-4090.299999999982,-99.9469888,-31.414544671262085,1,0
0.1,100.0,1440,1,30,30,0,0,300,15.0,5,0,99,0.0,1,flat,52.9159999999938,2862.400000000629,-64.96941899059748,-31.081520787236126,99.49167130972745,72.09922803024541,52.9159999999938,2844.4000000006254,421.0,309.0,6.0,2.0,0.0,0.0,1.0,0.0,5.0,5.0,24.0,19.0,-4394.899999999998,-4533.600000000001,-99.947084,-125.27997684772696,1,0
0.1,100.0,1440,1,30,30,0,0,200,15.0,5,25,5,0.1,3,inc_every3,52.915999999995165,2560.200000002785,-64.96941899059729,-33.33219009254,99.54886012924796,76.17312339229113,52.915999999995165,2445.4000000024516,1540.0,930.0,8.0,6.0,21.0,12.0,1.0,0.0,5.0,5.0,173.0,115.0,-3872.8000000000006,-4244.899999999998,-99.947084,-135.67843687712227,1,0
0.1,100.0,1440,1,30,30,0,0,200,15.0,5,25,99,0.0,1,flat,52.915999999995165,2560.200000002785,-64.96941899059729,-33.33219009254,99.54886012924796,76.17312339229113,52.915999999995165,2445.4000000024516,1540.0,930.0,8.0,6.0,21.0,12.0,1.0,0.0,5.0,5.0,173.0,115.0,-3872.8000000000006,-4244.899999999998,-99.947084,-135.67843687712227,1,0
0.1,100.0,1440,1,30,30,0,0,300,15.0,5,0,5,0.1,3,inc_every3,52.9159999999938,2862.400000000629,-64.96941899059748,-31.081520787236126,99.49167130972745,72.09922803024541,52.9159999999938,2844.4000000006254,421.0,309.0,6.0,2.0,0.0,0.0,1.0,0.0,5.0,5.0,24.0,19.0,-4394.899999999998,-4533.600000000001,-99.947084,-125.27997684772696,1,0
0.1,100.0,1440,1,30,30,0,0,400,15.0,8,25,99,0.0,1,flat,52.90599999999574,10742.400000003232,-64.97074388324502,2.1539168501711226,99.48058552676797,43.80430240766168,52.90599999999574,7800.300000003039,1211.0,1412.0,0.0,6.0,14.0,12.0,2.0,0.0,8.0,8.0,30.0,27.0,-1754.8999999999971,-4077.6999999999766,-99.947094,-35.45468796515224,1,0
0.1,100.0,1440,1,30,30,0,0,75,5.3,18,2,99,0.0,1,flat,52.90160000000158,49.15640000000407,-64.97132689946805,-79.43785732602949,99.48463097186509,99.5238812909225,52.90159999999784,49.15640000000019,2689.0,2720.0,0.0,0.0,187.0,186.0,1.0,1.0,7.0,7.0,0.0,0.0,-233.4999999999999,-413.00000000000006,-99.9470984,-99.9508436,1,1
0.1,100.0,1440,1,30,30,0,0,75,5.3,12,2,99,0.0,1,flat,52.90160000000158,49.15640000000407,-64.97132689946805,-79.43785732602949,99.48463097186509,99.5238812909225,52.90159999999784,49.15640000000019,2689.0,2720.0,0.0,0.0,187.0,186.0,1.0,1.0,7.0,7.0,0.0,0.0,-233.4999999999999,-413.00000000000006,-99.9470984,-99.9508436,1,1
0.1,100.0,1440,1,30,30,0,0,75,5.3,8,2,99,0.0,1,flat,52.90160000000158,49.15640000000407,-64.97132689946805,-79.43785732602949,99.48463097186509,99.5238812909225,52.90159999999784,49.15640000000019,2689.0,2720.0,0.0,0.0,187.0,186.0,1.0,1.0,7.0,7.0,0.0,0.0,-233.4999999999999,-413.00000000000006,-99.9470984,-99.9508436,1,1
0.1,100.0,1440,1,30,30,0,0,150,15.0,12,6,5,0.1,3,inc_every3,89.33960000000388,86.42130000000822,-61.098555864368386,-75.67870243984164,99.47891014393659,99.17115386459766,52.90000000784437,86.42130000000452,1178.0,880.0,0.0,0.0,83.0,64.0,1.0,1.0,8.0,8.0,0.0,0.0,-613.6000000000003,-924.9000000000007,-99.94709999999216,-99.9135787,1,1
0.1,100.0,1440,1,30,30,0,0,150,15.0,8,6,5,0.1,3,inc_every3,89.33960000000388,86.42130000000822,-61.098555864368386,-75.67870243984164,99.47891014393659,99.17115386459766,52.90000000784437,86.42130000000452,1178.0,880.0,0.0,0.0,83.0,64.0,1.0,1.0,8.0,8.0,101.0,74.0,-613.6000000000003,-924.9000000000007,-99.94709999999216,-99.9135787,1,1
0.1,100.0,1440,1,30,30,0,0,150,15.0,18,6,5,0.1,3,inc_every3,89.33960000000388,86.42130000000822,-61.098555864368386,-75.67870243984164,99.47891014393659,99.17115386459766,52.90000000784437,86.42130000000452,1178.0,880.0,0.0,0.0,83.0,64.0,1.0,1.0,8.0,8.0,0.0,0.0,-613.6000000000003,-924.9000000000007,-99.94709999999216,-99.9135787,1,1
0.1,100.0,1440,1,30,30,0,0,200,5.3,5,10,99,0.0,1,flat,52.881599999988964,56.15549999999996,-64.97397746216595,-78.6069881510945,99.47752166223717,99.438445,52.881599999988964,56.15549999999996,2747.0,4007.0,4.0,9.0,30.0,39.0,1.0,1.0,5.0,5.0,125.0,180.0,-845.7000000000008,-1997.8000000000013,-99.94711840000001,-99.9438445,1,1
0.1,100.0,1440,1,30,30,0,0,200,5.3,5,10,5,0.1,3,inc_every3,52.881599999988964,56.15549999999996,-64.97397746216595,-78.6069881510945,99.47752166223717,99.438445,52.881599999988964,56.15549999999996,2747.0,4007.0,4.0,9.0,30.0,39.0,1.0,1.0,5.0,5.0,125.0,180.0,-845.7000000000008,-1997.8000000000013,-99.94711840000001,-99.9438445,1,1
0.1,100.0,1440,1,30,30,0,0,150,25.0,18,10,5,0.1,3,inc_every3,52.87759999999909,44.19760000001625,-64.97450767092204,-80.07832403008601,99.57004138783432,99.65296020603671,52.87759999999193,44.19760000000352,824.0,1162.0,0.0,0.0,73.0,99.0,2.0,3.0,10.0,10.0,0.0,0.0,-1341.100000000001,-3420.2999999999943,-99.94712240000001,-99.9558024,1,1
0.1,100.0,1440,1,30,30,0,0,150,25.0,12,10,5,0.1,3,inc_every3,52.87759999999909,44.19760000001625,-64.97450767092204,-80.07832403008601,99.57004138783432,99.65296020603671,52.87759999999193,44.19760000000352,824.0,1162.0,0.0,0.0,73.0,99.0,2.0,3.0,10.0,10.0,0.0,0.0,-1341.100000000001,-3420.2999999999943,-99.94712240000001,-99.9558024,1,1
0.1,100.0,1440,1,30,30,0,0,400,10.0,5,0,99,0.0,1,flat,52.84499999999389,2433.700000001296,-64.97883006893588,-34.32993205037385,99.49181636342662,76.03186887326578,52.84499999999389,2415.700000001292,732.0,497.0,7.0,3.0,0.0,0.0,1.0,0.0,5.0,5.0,20.0,14.0,-4240.999999999999,-4396.700000000001,-99.94715500000001,-136.3936697969054,1,0
0.1,100.0,1440,1,30,30,0,0,400,10.0,5,0,5,0.1,3,inc_every3,52.84499999999389,2433.700000001296,-64.97883006893588,-34.32993205037385,99.49181636342662,76.03186887326578,52.84499999999389,2415.700000001292,732.0,497.0,7.0,3.0,0.0,0.0,1.0,0.0,5.0,5.0,20.0,14.0,-4240.999999999999,-4396.700000000001,-99.94715500000001,-136.3936697969054,1,0
0.1,100.0,1440,1,30,30,0,0,100,5.3,12,15,99,0.0,1,flat,52.81960000000066,59.93799999999561,-64.98219930543323,-78.18795883974734,99.48520915363925,99.4511725009386,52.81959999999819,59.93799999999561,1171.0,2626.0,0.0,0.0,14.0,24.0,2.0,2.0,12.0,12.0,24.0,57.0,-307.2,-1365.8000000000038,-99.94718040000001,-99.940062,1,1
0.1,100.0,1440,1,30,30,0,0,200,25.0,5,10,5,0.1,3,inc_every3,52.75680000000733,6326.600000003527,-64.99053511036298,-12.7364317827376,99.49690265486727,46.727069493524894,52.756800000001874,5862.100000003216,1116.0,981.0,0.0,1.0,70.0,57.0,1.0,0.0,5.0,5.0,226.0,205.0,-2521.100000000003,-3540.8999999999955,-99.9472432,-56.190570769787385,1,0
0.1,100.0,1440,1,30,30,0,0,200,25.0,5,10,99,0.0,1,flat,52.75680000000733,6326.600000003527,-64.99053511036298,-12.7364317827376,99.49690265486727,46.727069493524894,52.756800000001874,5862.100000003216,1116.0,981.0,0.0,1.0,70.0,57.0,1.0,0.0,5.0,5.0,226.0,205.0,-2521.100000000003,-3540.8999999999955,-99.9472432,-56.190570769787385,1,0
0.1,100.0,1440,1,30,30,0,0,150,5.3,12,25,5,0.1,3,inc_every3,52.752000000009076,104.74380000000781,-64.99117256839727,-74.246478408635,99.48784466019418,99.30681446676184,52.75200000000035,104.7438000000003,1197.0,4722.0,0.0,0.0,8.0,21.0,2.0,2.0,12.0,12.0,13.0,39.0,-307.4999999999999,-2270.2000000000016,-99.947248,-99.8952562,1,1
0.1,100.0,1440,1,30,30,0,0,150,5.3,3,2,5,0.1,3,inc_every3,52.7000000086955,45.100000006239895,-64.99808133817018,-79.95814315800048,99.4787597051709,99.55056403708855,52.7000000086955,45.100000006239895,4990.0,4010.0,0.0,0.0,236.0,195.0,0.0,0.0,3.0,3.0,824.0,636.0,-547.900000000001,-689.2000000000015,-99.9472999999913,-99.95489999999376,1,1
0.1,100.0,1440,1,30,30,0,0,150,5.3,3,2,99,0.0,1,flat,52.7000000086955,45.100000006239895,-64.99808133817018,-79.95814315800048,99.4787597051709,99.55056403708855,52.7000000086955,45.100000006239895,4990.0,4010.0,0.0,0.0,236.0,195.0,0.0,0.0,3.0,3.0,824.0,636.0,-547.900000000001,-689.2000000000015,-99.9472999999913,-99.95489999999376,1,1
0.1,100.0,1440,1,30,30,0,0,75,15.0,3,6,5,0.1,3,inc_every3,52.7000000083309,5706.8000000048505,-64.99808133821864,-15.373151757630888,99.4800761633337,47.15283851184309,52.7000000083309,5498.800000004389,2425.0,1372.0,0.0,1.0,147.0,78.0,0.0,0.0,3.0,3.0,1337.0,754.0,-2631.899999999986,-2537.399999999982,-99.94729999999167,-59.67882878131707,1,0
0.1,100.0,1440,1,30,30,0,0,75,15.0,3,6,99,0.0,1,flat,52.7000000083309,5706.8000000048505,-64.99808133821864,-15.373151757630888,99.4800761633337,47.15283851184309,52.7000000083309,5498.800000004389,2425.0,1372.0,0.0,1.0,147.0,78.0,0.0,0.0,3.0,3.0,1337.0,754.0,-2631.899999999986,-2537.399999999982,-99.94729999999167,-59.67882878131707,1,0
0.1,100.0,1440,1,30,30,0,0,150,25.0,5,0,5,0.1,3,inc_every3,52.70000000111895,4354.100000001248,-64.99808133917719,-21.919132009372067,99.48272985148242,59.02187780559398,52.70000000111895,4336.100000001246,204.0,150.0,6.0,2.0,0.0,0.0,1.0,0.0,5.0,5.0,44.0,37.0,-6106.500000000001,-4751.5,-99.94729999999888,-89.96288762056002,1,0
0.1,100.0,1440,1,30,30,0,0,150,25.0,5,0,99,0.0,1,flat,52.70000000111895,4354.100000001248,-64.99808133917719,-21.919132009372067,99.48272985148242,59.02187780559398,52.70000000111895,4336.100000001246,204.0,150.0,6.0,2.0,0.0,0.0,1.0,0.0,5.0,5.0,44.0,37.0,-6106.500000000001,-4751.5,-99.94729999999888,-89.96288762056002,1,0
0.1,100.0,1440,1,30,30,0,0,200,15.0,12,25,5,0.1,3,inc_every3,52.66399999999928,46.50920000000343,-65.00286752950308,-79.7738012294126,99.66045570012002,99.60412985376988,52.66399999999928,46.50919999999695,1051.0,1189.0,0.0,0.0,16.0,19.0,5.0,3.0,12.0,12.0,20.0,20.0,-1027.3000000000002,-2064.800000000004,-99.947336,-99.9534908,1,1
0.1,100.0,1440,1,30,30,0,0,200,15.0,18,25,5,0.1,3,inc_every3,52.66400000000107,61.38350000000355,-65.00286752950284,-78.03273205564655,99.66740346844183,99.47752498169996,52.663999999997316,61.38350000000355,1058.0,807.0,0.0,0.0,16.0,14.0,5.0,2.0,13.0,13.0,0.0,0.0,-983.8000000000004,-1345.600000000002,-99.947336,-99.9386165,1,1
0.1,100.0,1440,1,30,30,0,0,200,15.0,18,6,99,0.0,1,flat,52.62699999999421,57.61949999999973,-65.00778939723926,-78.4425195773276,99.48253212849436,99.46276025398369,52.62699999999421,57.61949999999746,2544.0,1363.0,0.0,0.0,137.0,78.0,1.0,1.0,8.0,8.0,0.0,0.0,-1998.000000000004,-1379.700000000002,-99.947373,-99.9423805,1,1
0.1,100.0,1440,1,30,30,0,0,200,15.0,12,6,99,0.0,1,flat,52.62699999999421,57.61949999999973,-65.00778939723926,-78.4425195773276,99.48253212849436,99.46276025398369,52.62699999999421,57.61949999999746,2544.0,1363.0,0.0,0.0,137.0,78.0,1.0,1.0,8.0,8.0,0.0,0.0,-1998.000000000004,-1379.700000000002,-99.947373,-99.9423805,1,1
0.1,100.0,1440,1,30,30,0,0,200,15.0,8,6,99,0.0,1,flat,52.62699999999421,57.61949999999973,-65.00778939723926,-78.4425195773276,99.48253212849436,99.46276025398369,52.62699999999421,57.61949999999746,2544.0,1363.0,0.0,0.0,137.0,78.0,1.0,1.0,8.0,8.0,139.0,77.0,-1998.000000000004,-1379.700000000002,-99.947373,-99.9423805,1,1
0.1,100.0,1440,1,30,30,0,0,100,15.0,18,15,5,0.1,3,inc_every3,52.556400000004714,82.59159999999895,-65.01718853756294,-76.00454596083948,99.49240977004281,99.17866703792843,52.556399999996984,82.59159999999315,405.0,549.0,0.0,0.0,20.0,25.0,2.0,3.0,14.0,14.0,0.0,0.0,-216.69999999999996,-934.6,-99.9474436,-99.91740840000001,1,1
0.1,100.0,1440,1,30,30,0,0,150,5.3,12,2,5,0.1,3,inc_every3,52.524000000006055,32.32560000000609,-65.02150540532608,-81.84904519719517,99.48179719410406,99.68363444185634,52.52400000000236,32.325600000004584,3907.0,3321.0,0.0,0.0,199.0,174.0,1.0,1.0,5.0,5.0,0.0,0.0,-350.99999999999943,-482.4999999999996,-99.947476,-99.96767439999999,1,1
0.1,100.0,1440,1,30,30,0,0,150,5.3,5,2,5,0.1,3,inc_every3,52.524000000006055,32.32560000000609,-65.02150540532608,-81.84904519719517,99.48179719410406,99.68363444185634,52.52400000000236,32.325600000004584,3907.0,3321.0,0.0,0.0,199.0,174.0,1.0,1.0,5.0,5.0,252.0,201.0,-350.99999999999943,-482.4999999999996,-99.947476,-99.96767439999999,1,1
0.1,100.0,1440,1,30,30,0,0,150,5.3,5,2,99,0.0,1,flat,52.524000000006055,32.32560000000609,-65.02150540532608,-81.84904519719517,99.48179719410406,99.68363444185634,52.52400000000236,32.325600000004584,3907.0,3321.0,0.0,0.0,199.0,174.0,1.0,1.0,5.0,5.0,252.0,201.0,-350.99999999999943,-482.4999999999996,-99.947476,-99.96767439999999,1,1
0.1,100.0,1440,1,30,30,0,0,150,5.3,18,2,5,0.1,3,inc_every3,52.524000000006055,32.32560000000609,-65.02150540532608,-81.84904519719517,99.48179719410406,99.68363444185634,52.52400000000236,32.325600000004584,3907.0,3321.0,0.0,0.0,199.0,174.0,1.0,1.0,5.0,5.0,0.0,0.0,-350.99999999999943,-482.4999999999996,-99.947476,-99.96767439999999,1,1
0.1,100.0,1440,1,30,30,0,0,150,5.3,12,2,99,0.0,1,flat,52.524000000006055,32.32560000000609,-65.02150540532608,-81.84904519719517,99.48179719410406,99.68363444185634,52.52400000000236,32.325600000004584,3907.0,3321.0,0.0,0.0,199.0,174.0,1.0,1.0,5.0,5.0,0.0,0.0,-350.99999999999943,-482.4999999999996,-99.947476,-99.96767439999999,1,1
0.1,100.0,1440,1,30,30,0,0,150,5.3,8,2,5,0.1,3,inc_every3,52.524000000006055,32.32560000000609,-65.02150540532608,-81.84904519719517,99.48179719410406,99.68363444185634,52.52400000000236,32.325600000004584,3907.0,3321.0,0.0,0.0,199.0,174.0,1.0,1.0,5.0,5.0,0.0,0.0,-350.99999999999943,-482.4999999999996,-99.947476,-99.96767439999999,1,1
0.1,100.0,1440,1,30,30,0,0,150,5.3,8,2,99,0.0,1,flat,52.524000000006055,32.32560000000609,-65.02150540532608,-81.84904519719517,99.48179719410406,99.68363444185634,52.52400000000236,32.325600000004584,3907.0,3321.0,0.0,0.0,199.0,174.0,1.0,1.0,5.0,5.0,0.0,0.0,-350.99999999999943,-482.4999999999996,-99.947476,-99.96767439999999,1,1
0.1,100.0,1440,1,30,30,0,0,150,5.3,18,2,99,0.0,1,flat,52.524000000006055,32.32560000000609,-65.02150540532608,-81.84904519719517,99.48179719410406,99.68363444185634,52.52400000000236,32.325600000004584,3907.0,3321.0,0.0,0.0,199.0,174.0,1.0,1.0,5.0,5.0,0.0,0.0,-350.99999999999943,-482.4999999999996,-99.947476,-99.96767439999999,1,1
0.1,100.0,1440,1,30,30,0,0,100,5.3,5,0,5,0.1,3,inc_every3,52.522000000000844,2902.300000001882,-65.0217719484376,-30.797033856414725,99.49486905758013,71.20451255426671,52.52199999999357,2884.3000000018783,1163.0,858.0,10.0,8.0,0.0,0.0,1.0,0.0,5.0,5.0,103.0,70.0,-4564.000000000001,-4704.6,-99.947478,-123.20605896494816,1,0
0.1,100.0,1440,1,30,30,0,0,100,5.3,5,0,99,0.0,1,flat,52.522000000000844,2902.300000001882,-65.0217719484376,-30.797033856414725,99.49486905758013,71.20451255426671,52.52199999999357,2884.3000000018783,1163.0,858.0,10.0,8.0,0.0,0.0,1.0,0.0,5.0,5.0,103.0,70.0,-4564.000000000001,-4704.6,-99.947478,-123.20605896494816,1,0
0.1,100.0,1440,1,30,30,0,0,150,15.0,5,25,99,0.0,1,flat,52.521999999994705,3720.300000004023,-65.02177194843843,-25.4900841653418,99.52154862218188,67.4646312411544,52.52199999998902,3346.1000000036065,1460.0,876.0,6.0,7.0,22.0,12.0,1.0,0.0,5.0,5.0,252.0,140.0,-4057.3999999999996,-4421.799999999997,-99.94747800000002,-110.41934664765058,1,0
0.1,100.0,1440,1,30,30,0,0,150,15.0,5,25,5,0.1,3,inc_every3,52.521999999994705,3720.300000004023,-65.02177194843843,-25.4900841653418,99.52154862218188,67.4646312411544,52.52199999998902,3346.1000000036065,1460.0,876.0,6.0,7.0,22.0,12.0,1.0,0.0,5.0,5.0,252.0,140.0,-4057.3999999999996,-4421.799999999997,-99.94747800000002,-110.41934664765058,1,0
0.1,100.0,1440,1,30,30,0,0,300,10.0,5,4,99,0.0,1,flat,52.50900000000075,414.10000000177024,-65.02350467657708,-61.23114723161021,99.47905670859957,99.32046956209571,52.50899999999791,72.30000000170327,4280.0,3313.0,0.0,0.0,172.0,136.0,1.0,0.0,5.0,5.0,212.0,174.0,-1654.6000000000008,-1815.0999999999967,-99.947491,-99.9276999999983,1,1
0.1,100.0,1440,1,30,30,0,0,300,10.0,8,4,5,0.1,3,inc_every3,52.50900000000075,414.10000000177024,-65.02350467657708,-61.23114723161021,99.47905670859957,99.32046956209571,52.50899999999791,72.30000000170327,4280.0,3313.0,0.0,0.0,172.0,136.0,1.0,0.0,5.0,5.0,0.0,0.0,-1654.6000000000008,-1815.0999999999967,-99.947491,-99.9276999999983,1,1
0.1,100.0,1440,1,30,30,0,0,300,10.0,18,4,5,0.1,3,inc_every3,52.50900000000075,414.10000000177024,-65.02350467657708,-61.23114723161021,99.47905670859957,99.32046956209571,52.50899999999791,72.30000000170327,4280.0,3313.0,0.0,0.0,172.0,136.0,1.0,0.0,5.0,5.0,0.0,0.0,-1654.6000000000008,-1815.0999999999967,-99.947491,-99.9276999999983,1,1
0.1,100.0,1440,1,30,30,0,0,300,10.0,5,4,5,0.1,3,inc_every3,52.50900000000075,414.10000000177024,-65.02350467657708,-61.23114723161021,99.47905670859957,99.32046956209571,52.50899999999791,72.30000000170327,4280.0,3313.0,0.0,0.0,172.0,136.0,1.0,0.0,5.0,5.0,212.0,174.0,-1654.6000000000008,-1815.0999999999967,-99.947491,-99.9276999999983,1,1
0.1,100.0,1440,1,30,30,0,0,300,10.0,18,4,99,0.0,1,flat,52.50900000000075,414.10000000177024,-65.02350467657708,-61.23114723161021,99.47905670859957,99.32046956209571,52.50899999999791,72.30000000170327,4280.0,3313.0,0.0,0.0,172.0,136.0,1.0,0.0,5.0,5.0,0.0,0.0,-1654.6000000000008,-1815.0999999999967,-99.947491,-99.9276999999983,1,1
0.1,100.0,1440,1,30,30,0,0,300,10.0,12,4,99,0.0,1,flat,52.50900000000075,414.10000000177024,-65.02350467657708,-61.23114723161021,99.47905670859957,99.32046956209571,52.50899999999791,72.30000000170327,4280.0,3313.0,0.0,0.0,172.0,136.0,1.0,0.0,5.0,5.0,0.0,0.0,-1654.6000000000008,-1815.0999999999967,-99.947491,-99.9276999999983,1,1
0.1,100.0,1440,1,30,30,0,0,300,10.0,12,4,5,0.1,3,inc_every3,52.50900000000075,414.10000000177024,-65.02350467657708,-61.23114723161021,99.47905670859957,99.32046956209571,52.50899999999791,72.30000000170327,4280.0,3313.0,0.0,0.0,172.0,136.0,1.0,0.0,5.0,5.0,0.0,0.0,-1654.6000000000008,-1815.0999999999967,-99.947491,-99.9276999999983,1,1
0.1,100.0,1440,1,30,30,0,0,300,10.0,8,4,99,0.0,1,flat,52.50900000000075,414.10000000177024,-65.02350467657708,-61.23114723161021,99.47905670859957,99.32046956209571,52.50899999999791,72.30000000170327,4280.0,3313.0,0.0,0.0,172.0,136.0,1.0,0.0,5.0,5.0,0.0,0.0,-1654.6000000000008,-1815.0999999999967,-99.947491,-99.9276999999983,1,1
0.1,100.0,1440,1,30,30,0,0,300,5.3,5,10,99,0.0,1,flat,52.50600000000077,522.1000000031854,-65.02390458564548,-58.46314870390571,99.48107370876251,97.4108650312523,52.50599999999184,260.70000000320533,2749.0,5000.0,0.0,11.0,28.0,42.0,1.0,0.0,5.0,5.0,79.0,137.0,-726.2000000000011,-2739.899999999992,-99.947494,-99.73929999999679,1,1
0.1,100.0,1440,1,30,30,0,0,300,5.3,5,10,5,0.1,3,inc_every3,52.50600000000077,522.1000000031854,-65.02390458564548,-58.46314870390571,99.48107370876251,97.4108650312523,52.50599999999184,260.70000000320533,2749.0,5000.0,0.0,11.0,28.0,42.0,1.0,0.0,5.0,5.0,79.0,137.0,-726.2000000000011,-2739.899999999992,-99.947494,-99.73929999999679,1,1
0.1,100.0,1440,1,30,30,0,0,100,5.3,12,0,99,0.0,1,flat,52.412799999997844,35.56080000001049,-65.03633754066813,-81.32646403765466,99.4891739113485,99.644977786652,52.412799999997844,35.560800000001166,1098.0,784.0,3.0,1.0,0.0,0.0,2.0,2.0,12.0,12.0,21.0,11.0,-4463.699999999976,-1229.2000000000037,-99.9475872,-99.9644392,1,1
0.1,100.0,1440,1,30,30,0,0,100,5.3,18,25,5,0.1,3,inc_every3,52.40880000000482,59.12099999999862,-65.03687153953457,-78.27685952325002,99.48753471271559,99.56337331245756,52.40880000000291,59.12099999999714,508.0,2887.0,0.0,0.0,5.0,17.0,3.0,3.0,16.0,16.0,0.0,0.0,-60.60000000000002,-1371.3000000000018,-99.94759119999999,-99.94087900000001,1,1
0.1,100.0,1440,1,30,30,0,0,75,5.3,8,10,5,0.1,3,inc_every3,52.395200000000386,83.22160000000844,-65.03868737956876,-75.95022438914378,99.48812817506838,99.23735268781732,52.395200000000386,83.22160000000576,1089.0,2522.0,0.0,0.0,22.0,40.0,2.0,2.0,8.0,8.0,56.0,135.0,-139.79999999999995,-1214.2000000000028,-99.9476048,-99.9167784,1,1
0.1,100.0,1440,1,30,30,0,0,100,5.3,8,25,99,0.0,1,flat,52.38159999999172,79.34499999999088,-65.04050359665065,-76.28919575006779,99.4878006805649,99.3135236150646,52.38159999998936,79.34499999999088,2727.0,4328.0,5.0,17.0,15.0,21.0,1.0,1.0,8.0,8.0,112.0,203.0,-1469.0999999999958,-5559.600000000061,-99.94761840000001,-99.92065500000001,1,1
0.1,100.0,1440,1,30,30,0,0,100,25.0,8,6,99,0.0,1,flat,52.313000000006014,79.85459999999381,-65.04967056315203,-76.24398125722074,99.48923560597919,99.20511049173807,52.313000000006014,79.85459999999381,646.0,966.0,0.0,0.0,99.0,145.0,2.0,1.0,8.0,8.0,169.0,237.0,-756.7000000000004,-2189.699999999995,-99.94768699999999,-99.92014540000001,1,1
0.1,100.0,1440,1,30,30,0,0,100,5.3,12,2,99,0.0,1,flat,52.31040000000627,59.50000000277038,-65.05001818827776,-78.23551258094238,99.50810663406831,99.41857624465952,52.31040000000627,59.500000002769355,3870.0,2827.0,0.0,0.0,226.0,175.0,1.0,0.0,6.0,6.0,0.0,0.0,-358.8999999999999,-442.0999999999997,-99.94768959999999,-99.94049999999723,1,1
0.1,100.0,1440,1,30,30,0,0,100,5.3,8,2,99,0.0,1,flat,52.31040000000627,59.50000000277038,-65.05001818827776,-78.23551258094238,99.50810663406831,99.41857624465952,52.31040000000627,59.500000002769355,3870.0,2827.0,0.0,0.0,226.0,175.0,1.0,0.0,6.0,6.0,0.0,0.0,-358.8999999999999,-442.0999999999997,-99.94768959999999,-99.94049999999723,1,1
0.1,100.0,1440,1,30,30,0,0,100,5.3,18,2,99,0.0,1,flat,52.31040000000627,59.50000000277038,-65.05001818827776,-78.23551258094238,99.50810663406831,99.41857624465952,52.31040000000627,59.500000002769355,3870.0,2827.0,0.0,0.0,226.0,175.0,1.0,0.0,6.0,6.0,0.0,0.0,-358.8999999999999,-442.0999999999997,-99.94768959999999,-99.94049999999723,1,1
0.1,100.0,1440,1,30,30,0,0,100,15.0,12,15,99,0.0,1,flat,52.23280000001142,83.32940000000593,-65.06039982868694,-75.94095833248102,99.52587616981492,99.62068641599976,52.232800000000566,44.41800000001214,1295.0,1154.0,0.0,0.0,46.0,40.0,2.0,2.0,12.0,12.0,92.0,84.0,-1486.8000000000013,-2222.6000000000067,-99.9477672,-99.95558199999999,1,1
0.1,100.0,1440,1,30,30,0,0,200,10.0,12,6,5,0.1,3,inc_every3,52.21600000000328,58.41300000000035,-65.06264902472188,-78.35460014935292,99.48393473082892,99.55736924178558,52.21599999999876,47.40000000490983,1566.0,2060.0,0.0,0.0,60.0,73.0,1.0,1.0,7.0,7.0,0.0,0.0,-582.4,-1069.300000000001,-99.947784,-99.95259999999509,1,1
0.1,100.0,1440,1,30,30,0,0,200,10.0,8,6,5,0.1,3,inc_every3,52.21600000000328,58.41300000000035,-65.06264902472188,-78.35460014935292,99.48393473082892,99.55736924178558,52.21599999999876,47.40000000490983,1566.0,2060.0,0.0,0.0,60.0,73.0,1.0,1.0,7.0,7.0,0.0,0.0,-582.4,-1069.300000000001,-99.947784,-99.95259999999509,1,1
0.1,100.0,1440,1,30,30,0,0,200,10.0,18,6,5,0.1,3,inc_every3,52.21600000000328,58.41300000000035,-65.06264902472188,-78.35460014935292,99.48393473082892,99.55736924178558,52.21599999999876,47.40000000490983,1566.0,2060.0,0.0,0.0,60.0,73.0,1.0,1.0,7.0,7.0,0.0,0.0,-582.4,-1069.300000000001,-99.947784,-99.95259999999509,1,1
0.1,100.0,1440,1,30,30,0,0,100,15.0,12,25,99,0.0,1,flat,52.20479999999958,70.4597999999929,-65.06414881034344,-77.11252753356506,99.52586349393762,99.30788770578765,52.204799999997505,70.4597999999929,957.0,1059.0,0.0,0.0,21.0,23.0,2.0,2.0,12.0,12.0,64.0,77.0,-1370.2000000000014,-2799.400000000005,-99.9477952,-99.9295402,1,1
0.1,100.0,1440,1,30,30,0,0,75,15.0,5,0,5,0.1,3,inc_every3,52.200000001663284,3458.400000001806,-65.0647916541753,-27.0911780511057,99.50418875019794,66.30758382950437,52.200000001663284,3440.4000000018023,318.0,213.0,6.0,3.0,0.0,0.0,1.0,0.0,5.0,5.0,92.0,58.0,-6816.0,-4820.1,-99.94779999999834,-109.70634571011443,1,0
0.1,100.0,1440,1,30,30,0,0,75,15.0,5,0,99,0.0,1,flat,52.200000001663284,3458.400000001806,-65.0647916541753,-27.0911780511057,99.50418875019794,66.30758382950437,52.200000001663284,3440.4000000018023,318.0,213.0,6.0,3.0,0.0,0.0,1.0,0.0,5.0,5.0,92.0,58.0,-6816.0,-4820.1,-99.94779999999834,-109.70634571011443,1,0
0.1,100.0,1440,1,30,30,0,0,100,25.0,18,25,5,0.1,3,inc_every3,52.187999999998254,77.06229999998732,-65.06639897142136,-76.49427075284811,99.7611762713881,99.71582916333251,52.187999999998254,77.06229999998732,1267.0,1329.0,0.0,0.0,74.0,79.0,6.0,2.0,16.0,16.0,0.0,0.0,-3528.300000000001,-7182.0999999999785,-99.947812,-99.9229377,1,1
0.1,100.0,1440,1,30,30,0,0,100,10.0,8,25,5,0.1,3,inc_every3,52.17680000000763,80.70159999997935,-65.06789940071438,-76.169277117278,99.49024190081673,99.68686690121216,52.17680000000311,35.95770000000542,1411.0,2172.0,0.0,1.0,19.0,26.0,2.0,2.0,8.0,8.0,110.0,155.0,-1382.5000000000002,-3406.499999999976,-99.9478232,-99.96404229999999,1,1
0.1,100.0,1440,1,30,30,0,0,300,25.0,8,15,5,0.1,3,inc_every3,52.16440000000517,1566.70000000039,-65.06956089082382,-42.39679246103248,99.50746947909089,90.75819711958518,52.16440000000517,951.0000000004457,497.0,1139.0,0.0,0.0,23.0,44.0,1.0,0.0,8.0,8.0,29.0,62.0,-659.1000000000009,-3958.0999999999876,-99.94783559999999,-99.04899999999955,1,1
0.1,100.0,1440,1,30,30,0,0,75,15.0,8,25,5,0.1,3,inc_every3,52.16040000000943,78.16340000000986,-65.0700969227654,-76.39482415665066,99.53759740432444,99.22342152586654,52.160400000000465,78.16340000000667,914.0,1607.0,0.0,5.0,24.0,40.0,2.0,1.0,8.0,8.0,149.0,270.0,-1440.4000000000003,-7235.600000000022,-99.9478396,-99.92183659999999,1,1
0.1,100.0,1440,1,30,30,0,0,75,10.0,12,15,99,0.0,1,flat,52.02360000001279,97.67250000000877,-65.08844903737045,-74.77661413803148,99.51818846955307,99.6971489603611,52.023600000010646,35.16040000000322,1639.0,874.0,0.0,0.0,40.0,23.0,2.0,2.0,12.0,12.0,120.0,54.0,-1089.9000000000015,-1063.000000000001,-99.94797639999999,-99.96483959999999,1,1
0.1,100.0,1440,1,30,30,0,0,75,10.0,8,15,5,0.1,3,inc_every3,52.0164000000168,79.11329999999691,-65.08941600694259,-76.30982091236741,99.52539781021899,99.26538804390232,52.01640000000296,79.11329999999691,1642.0,2655.0,0.0,0.0,41.0,60.0,2.0,2.0,8.0,8.0,191.0,282.0,-1116.0000000000027,-3338.6999999999803,-99.9479836,-99.9208867,1,1
0.1,100.0,1440,1,30,30,0,0,300,25.0,5,0,5,0.1,3,inc_every3,52.000000000177806,3743.400000000418,-65.09161894845063,-25.35271096844195,99.51904845586643,64.00092766170907,52.000000000177806,3725.400000000416,253.0,172.0,6.0,2.0,0.0,0.0,1.0,0.0,5.0,5.0,28.0,20.0,-5814.1,-4565.800000000001,-99.94799999999982,-103.3545662918601,1,0
0.1,100.0,1440,1,30,30,0,0,300,25.0,5,0,99,0.0,1,flat,52.000000000177806,3743.400000000418,-65.09161894845063,-25.35271096844195,99.51904845586643,64.00092766170907,52.000000000177806,3725.400000000416,253.0,172.0,6.0,2.0,0.0,0.0,1.0,0.0,5.0,5.0,28.0,20.0,-5814.1,-4565.800000000001,-99.94799999999982,-103.3545662918601,1,0
0.1,100.0,1440,1,30,30,0,0,400,10.0,12,10,99,0.0,1,flat,51.964,2607.7000000036223,-65.09645662335066,-32.96649001698416,99.49060395447555,81.8117963633137,51.96399999999687,1838.500000003542,1709.0,2692.0,0.0,3.0,32.0,42.0,1.0,0.0,7.0,7.0,0.0,0.0,-848.5000000000025,-2627.099999999985,-99.948036,-98.16149999999645,1,1
0.1,100.0,1440,1,30,30,0,0,400,10.0,18,10,99,0.0,1,flat,51.964,2607.7000000036223,-65.09645662335066,-32.96649001698416,99.49060395447555,81.8117963633137,51.96399999999687,1838.500000003542,1709.0,2692.0,0.0,3.0,32.0,42.0,1.0,0.0,7.0,7.0,0.0,0.0,-848.5000000000025,-2627.099999999985,-99.948036,-98.16149999999645,1,1
0.1,100.0,1440,1,30,30,0,0,400,10.0,8,10,99,0.0,1,flat,51.964,2607.7000000036223,-65.09645662335066,-32.96649001698416,99.49060395447555,81.8117963633137,51.96399999999687,1838.500000003542,1709.0,2692.0,0.0,3.0,32.0,42.0,1.0,0.0,7.0,7.0,0.0,0.0,-848.5000000000025,-2627.099999999985,-99.948036,-98.16149999999645,1,1
0.1,100.0,1440,1,30,30,0,0,150,5.3,8,4,99,0.0,1,flat,51.94320000000005,60.94850000000605,-65.0992529464234,-78.0791724911771,99.48624499282924,99.39092916816558,51.94320000000005,60.94850000000605,2670.0,2375.0,0.0,0.0,78.0,71.0,1.0,1.0,7.0,7.0,0.0,0.0,-293.7999999999998,-590.4000000000005,-99.9480568,-99.93905149999999,1,1
0.1,100.0,1440,1,30,30,0,0,150,5.3,18,4,99,0.0,1,flat,51.94320000000005,60.94850000000605,-65.0992529464234,-78.0791724911771,99.48624499282924,99.39092916816558,51.94320000000005,60.94850000000605,2670.0,2375.0,0.0,0.0,78.0,71.0,1.0,1.0,7.0,7.0,0.0,0.0,-293.7999999999998,-590.4000000000005,-99.9480568,-99.93905149999999,1,1
0.1,100.0,1440,1,30,30,0,0,150,5.3,12,4,99,0.0,1,flat,51.94320000000005,60.94850000000605,-65.0992529464234,-78.0791724911771,99.48624499282924,99.39092916816558,51.94320000000005,60.94850000000605,2670.0,2375.0,0.0,0.0,78.0,71.0,1.0,1.0,7.0,7.0,0.0,0.0,-293.7999999999998,-590.4000000000005,-99.9480568,-99.93905149999999,1,1
0.1,100.0,1440,1,30,30,0,0,200,15.0,5,0,5,0.1,3,inc_every3,51.934000000004744,3193.7000000012667,-65.10049006732874,-28.79843238300318,99.54294313851464,69.0574089952338,51.934000000001106,3175.700000001263,474.0,292.0,7.0,2.0,0.0,0.0,1.0,0.0,5.0,5.0,50.0,33.0,-7029.500000000001,-4656.9000000000015,-99.948066,-116.91325037347079,1,0
0.1,100.0,1440,1,30,30,0,0,200,15.0,5,0,99,0.0,1,flat,51.934000000004744,3193.7000000012667,-65.10049006732874,-28.79843238300318,99.54294313851464,69.0574089952338,51.934000000001106,3175.700000001263,474.0,292.0,7.0,2.0,0.0,0.0,1.0,0.0,5.0,5.0,50.0,33.0,-7029.500000000001,-4656.9000000000015,-99.948066,-116.91325037347079,1,0
0.1,100.0,1440,1,30,30,0,0,75,25.0,8,6,5,0.1,3,inc_every3,51.9304000000034,42.78160000000328,-65.10097420583634,-80.27042889743652,99.49961071497397,99.59257947164923,51.9304000000007,42.78160000000328,626.0,412.0,0.0,0.0,124.0,83.0,2.0,3.0,8.0,8.0,209.0,125.0,-759.3000000000002,-1014.9000000000012,-99.9480696,-99.9572184,1,1
0.1,100.0,1440,1,30,30,0,0,75,10.0,8,25,5,0.1,3,inc_every3,51.915200000005115,83.3714000000129,-65.10301864221505,-75.93735045985433,99.52604007851387,99.19286930206127,51.91519999999704,81.07870000004073,1540.0,1636.0,0.0,2.0,23.0,23.0,2.0,4.0,8.0,8.0,170.0,166.0,-1426.1000000000004,-2849.3999999999855,-99.9480848,-99.91892129999997,1,1
0.1,100.0,1440,1,30,30,0,0,100,25.0,12,6,99,0.0,1,flat,51.914800000004135,66.7212000000153,-65.10307244963786,-77.48085231795824,99.49312348053623,99.35382112246378,51.91479999999814,66.72120000000143,590.0,504.0,0.0,0.0,96.0,82.0,1.0,2.0,12.0,11.0,1.0,0.0,-638.9000000000004,-1174.9000000000017,-99.94808520000001,-99.9332788,1,1
0.1,100.0,1440,1,30,30,0,0,100,25.0,18,6,99,0.0,1,flat,51.914800000004135,66.7212000000153,-65.10307244963786,-77.48085231795824,99.49312348053623,99.35382112246378,51.91479999999814,66.72120000000143,590.0,504.0,0.0,0.0,96.0,82.0,1.0,2.0,12.0,11.0,0.0,0.0,-638.9000000000004,-1174.9000000000017,-99.94808520000001,-99.9332788,1,1
0.1,100.0,1440,1,30,30,0,0,100,10.0,12,2,99,0.0,1,flat,88.5000000027814,70.60000000259168,-61.171993752740896,-77.09898500108507,99.51759970997671,99.33810224724046,51.90000000273764,70.60000000259168,1999.0,1902.0,0.0,0.0,250.0,236.0,0.0,0.0,7.0,7.0,0.0,0.0,-362.29999999999995,-552.9,-99.94809999999727,-99.92939999999741,1,1
0.1,100.0,1440,1,30,30,0,0,100,10.0,18,2,99,0.0,1,flat,88.5000000027814,70.60000000259168,-61.171993752740896,-77.09898500108507,99.51759970997671,99.33810224724046,51.90000000273764,70.60000000259168,1999.0,1902.0,0.0,0.0,250.0,236.0,0.0,0.0,7.0,7.0,0.0,0.0,-362.29999999999995,-552.9,-99.94809999999727,-99.92939999999741,1,1
0.1,100.0,1440,1,30,30,0,0,100,10.0,8,2,99,0.0,1,flat,88.5000000027814,70.60000000259168,-61.171993752740896,-77.09898500108507,99.51759970997671,99.33810224724046,51.90000000273764,70.60000000259168,1999.0,1902.0,0.0,0.0,250.0,236.0,0.0,0.0,7.0,7.0,0.0,0.0,-362.29999999999995,-552.9,-99.94809999999727,-99.92939999999741,1,1
0.1,100.0,1440,1,30,30,0,0,75,25.0,18,10,5,0.1,3,inc_every3,51.87480000000494,96.7859999999971,-65.10845486734414,-74.84495773990683,99.60572171256162,99.0407064910351,51.87479999999687,96.7859999999971,648.0,118.0,0.0,0.0,101.0,21.0,2.0,1.0,14.0,13.0,0.0,0.0,-916.9000000000003,-237.39999999999998,-99.9481252,-99.903214,1,1
0.1,100.0,1440,1,30,30,0,0,150,25.0,18,6,99,0.0,1,flat,51.86240000001595,54.28100000000339,-65.1101240909014,-78.82203010344213,99.49095120778159,99.48217505366085,51.86240000000288,54.281000000001995,557.0,1172.0,0.0,0.0,73.0,142.0,1.0,1.0,9.0,9.0,0.0,0.0,-580.1999999999998,-2986.8999999999937,-99.9481376,-99.945719,1,1
0.1,100.0,1440,1,30,30,0,0,150,25.0,12,6,99,0.0,1,flat,51.86240000001595,54.28100000000339,-65.1101240909014,-78.82203010344213,99.49095120778159,99.48217505366085,51.86240000000288,54.281000000001995,557.0,1172.0,0.0,0.0,73.0,142.0,1.0,1.0,9.0,9.0,0.0,0.0,-580.1999999999998,-2986.8999999999937,-99.9481376,-99.945719,1,1
0.1,100.0,1440,1,30,30,0,0,75,15.0,8,4,5,0.1,3,inc_every3,51.826800000003075,48.13520000001198,-65.11491815243178,-79.56591117437726,99.49959640822641,99.59683398524204,51.826799999997434,48.13520000000176,879.0,780.0,0.0,0.0,131.0,114.0,2.0,2.0,8.0,8.0,185.0,150.0,-386.7999999999998,-675.8000000000002,-99.9481732,-99.9518648,1,1
0.1,100.0,1440,1,30,30,0,0,200,5.3,12,4,5,0.1,3,inc_every3,51.818400000004374,85.89350000000019,-65.116049719558,-75.72299877639318,99.48802624168842,99.141065,51.8183999999913,85.89350000000019,2598.0,2423.0,0.0,0.0,72.0,69.0,1.0,1.0,6.0,6.0,0.0,0.0,-320.6999999999998,-600.8000000000005,-99.94818160000001,-99.9141065,1,1
0.1,100.0,1440,1,30,30,0,0,200,5.3,18,4,5,0.1,3,inc_every3,51.818400000004374,85.89350000000019,-65.116049719558,-75.72299877639318,99.48802624168842,99.141065,51.8183999999913,85.89350000000019,2598.0,2423.0,0.0,0.0,72.0,69.0,1.0,1.0,6.0,6.0,0.0,0.0,-320.6999999999998,-600.8000000000005,-99.94818160000001,-99.9141065,1,1
0.1,100.0,1440,1,30,30,0,0,200,5.3,8,4,5,0.1,3,inc_every3,51.818400000004374,85.89350000000019,-65.116049719558,-75.72299877639318,99.48802624168842,99.141065,51.8183999999913,85.89350000000019,2598.0,2423.0,0.0,0.0,72.0,69.0,1.0,1.0,6.0,6.0,0.0,0.0,-320.6999999999998,-600.8000000000005,-99.94818160000001,-99.9141065,1,1
0.1,100.0,1440,1,30,30,0,0,100,15.0,8,4,99,0.0,1,flat,51.8067999999987,87.08979999998962,-65.11761260111368,-75.62286959602312,99.49632697505302,99.29336424863607,51.80679999999745,76.80000000123891,1069.0,880.0,0.0,0.0,127.0,104.0,1.0,1.0,8.0,8.0,169.0,124.0,-444.50000000000006,-766.6999999999998,-99.9481932,-99.92319999999876,1,1
0.1,100.0,1440,1,30,30,0,0,200,5.3,5,4,99,0.0,1,flat,51.783600000011944,58.586999999995385,-65.12073920414842,-78.33543332220158,99.48837007103826,99.41413000000004,51.78360000000356,58.586999999995385,2569.0,3166.0,0.0,0.0,71.0,82.0,1.0,1.0,5.0,5.0,125.0,144.0,-325.69999999999993,-758.4000000000017,-99.94821639999999,-99.94141300000001,1,1
0.1,100.0,1440,1,30,30,0,0,200,5.3,5,4,5,0.1,3,inc_every3,51.783600000011944,58.586999999995385,-65.12073920414842,-78.33543332220158,99.48837007103826,99.41413000000004,51.78360000000356,58.586999999995385,2569.0,3166.0,0.0,0.0,71.0,82.0,1.0,1.0,5.0,5.0,125.0,144.0,-325.69999999999993,-758.4000000000017,-99.94821639999999,-99.94141300000001,1,1
0.1,100.0,1440,1,30,30,0,0,75,15.0,18,25,99,0.0,1,flat,51.68160000000344,54.88100000000395,-65.13449878272681,-78.75263837628073,99.53962996944642,99.69120617576463,51.681599999994546,54.88100000000259,1129.0,2294.0,0.0,0.0,30.0,57.0,4.0,2.0,18.0,18.0,57.0,127.0,-1763.1999999999982,-8367.40000000004,-99.9483184,-99.94511899999999,1,1
0.1,100.0,1440,1,30,30,0,0,75,25.0,18,10,99,0.0,1,flat,51.520399999996854,48.96440000000899,-65.15628866934439,-79.46178965178052,99.502247212722,99.57599605129852,51.520399999996854,48.96440000000169,583.0,461.0,0.0,0.0,74.0,60.0,2.0,2.0,17.0,17.0,0.0,0.0,-871.9000000000007,-1579.2999999999997,-99.9484796,-99.9510356,1,1
0.1,100.0,1440,1,30,30,0,0,200,10.0,12,4,99,0.0,1,flat,51.5184000000047,49.344800000001726,-65.15655935762183,-79.41443747224119,99.49082930589738,99.51893931269802,51.51839999999646,49.3448000000011,1560.0,1430.0,0.0,0.0,86.0,80.0,1.0,1.0,6.0,6.0,0.0,0.0,-388.1000000000002,-711.2000000000013,-99.94848160000001,-99.9506552,1,1
0.1,100.0,1440,1,30,30,0,0,200,10.0,18,4,99,0.0,1,flat,51.5184000000047,49.344800000001726,-65.15655935762183,-79.41443747224119,99.49082930589738,99.51893931269802,51.51839999999646,49.3448000000011,1560.0,1430.0,0.0,0.0,86.0,80.0,1.0,1.0,6.0,6.0,0.0,0.0,-388.1000000000002,-711.2000000000013,-99.94848160000001,-99.9506552,1,1
0.1,100.0,1440,1,30,30,0,0,200,10.0,8,4,99,0.0,1,flat,51.5184000000047,49.344800000001726,-65.15655935762183,-79.41443747224119,99.49082930589738,99.51893931269802,51.51839999999646,49.3448000000011,1560.0,1430.0,0.0,0.0,86.0,80.0,1.0,1.0,6.0,6.0,0.0,0.0,-388.1000000000002,-711.2000000000013,-99.94848160000001,-99.9506552,1,1
0.1,100.0,1440,1,30,30,0,0,75,25.0,12,10,5,0.1,3,inc_every3,51.44000000001169,74.85519999998803,-65.1671769669876,-76.69665226453345,99.5837480478076,99.25807340449796,51.44000000000162,74.85519999998803,623.0,133.0,0.0,0.0,94.0,22.0,4.0,2.0,12.0,12.0,119.0,23.0,-840.6000000000004,-328.89999999999986,-99.94856,-99.92514480000001,1,1
0.1,100.0,1440,1,30,30,0,0,75,10.0,5,0,5,0.1,3,inc_every3,51.30000000219343,3856.400000002661,-65.18616922107437,-24.689160185089598,99.50187404111051,63.33766332999981,51.30000000219343,3838.400000002657,528.0,382.0,8.0,4.0,0.0,0.0,1.0,0.0,5.0,5.0,106.0,78.0,-6370.700000000001,-4804.0,-99.9486999999978,-101.36448684508923,1,0
0.1,100.0,1440,1,30,30,0,0,75,10.0,5,0,99,0.0,1,flat,51.30000000219343,3856.400000002661,-65.18616922107437,-24.689160185089598,99.50187404111051,63.33766332999981,51.30000000219343,3838.400000002657,528.0,382.0,8.0,4.0,0.0,0.0,1.0,0.0,5.0,5.0,106.0,78.0,-6370.700000000001,-4804.0,-99.9486999999978,-101.36448684508923,1,0
0.1,100.0,1440,1,30,30,0,0,300,5.3,8,25,5,0.1,3,inc_every3,51.04159999999939,11028.100000001272,-65.22133264477921,2.954944830381123,99.49634307592116,44.38074641471683,51.04159999999905,9207.10000000121,1134.0,5262.0,0.0,17.0,7.0,14.0,1.0,0.0,8.0,8.0,12.0,47.0,-441.4999999999999,-4137.199999999976,-99.9489584,-35.80654799905254,1,0
0.1,100.0,1440,1,30,30,0,0,75,5.3,8,25,5,0.1,3,inc_every3,51.00800000000629,62.51150000000638,-65.22591543348734,-77.91337468245332,99.50168034388433,99.4095001039089,51.008000000001545,62.511500000001064,1704.0,2699.0,0.0,5.0,12.0,17.0,2.0,2.0,8.0,8.0,89.0,137.0,-595.3000000000008,-2136.799999999997,-99.948992,-99.9374885,1,1
0.1,100.0,1440,1,30,30,0,0,100,5.3,12,25,99,0.0,1,flat,50.98400000000473,47.2344000000098,-65.22919033258137,-79.68046119223187,99.50309929437452,99.52843408376177,50.98399999999742,47.23440000000221,1674.0,3502.0,0.0,2.0,10.0,19.0,2.0,1.0,12.0,12.0,32.0,72.0,-617.1000000000001,-2355.4000000000074,-99.949016,-99.95276559999999,1,1
0.1,100.0,1440,1,30,30,0,0,150,10.0,12,25,5,0.1,3,inc_every3,50.938400000020664,77.50190000001749,-65.23541603957183,-76.4544490355222,99.51283091048194,99.54859397751785,50.93840000000944,77.50190000000441,1000.0,3519.0,0.0,0.0,12.0,37.0,3.0,1.0,12.0,12.0,20.0,67.0,-592.7999999999993,-4832.699999999996,-99.9490616,-99.9224981,1,1
0.1,100.0,1440,1,30,30,0,0,75,15.0,12,10,5,0.1,3,inc_every3,50.80440000000752,81.9679000000074,-65.25373671441388,-76.05861178188805,99.51460455162135,99.18693931398417,50.804400000003,81.96790000000146,594.0,590.0,0.0,0.0,47.0,46.0,2.0,3.0,12.0,12.0,65.0,58.0,-367.80000000000007,-770.8999999999997,-99.9491956,-99.9180321,1,1
0.1,100.0,1440,1,30,30,0,0,75,25.0,5,2,5,0.1,3,inc_every3,50.763200000013754,2117.1000000097038,-65.25937740695346,-36.99769398918137,99.51577079736343,82.5236191533903,50.76320000000189,1949.7000000095652,1079.0,1090.0,0.0,0.0,424.0,426.0,1.0,0.0,5.0,5.0,687.0,718.0,-1129.5000000000002,-1701.9,-99.9492368,-98.05029999999043,1,1
0.1,100.0,1440,1,30,30,0,0,75,25.0,5,2,99,0.0,1,flat,50.763200000013754,2117.1000000097038,-65.25937740695346,-36.99769398918137,99.51577079736343,82.5236191533903,50.76320000000189,1949.7000000095652,1079.0,1090.0,0.0,0.0,424.0,426.0,1.0,0.0,5.0,5.0,687.0,718.0,-1129.5000000000002,-1701.9,-99.9492368,-98.05029999999043,1,1
0.1,100.0,1440,1,30,30,0,0,100,25.0,5,2,99,0.0,1,flat,50.710399999996895,32.49420000000573,-65.26661161169326,-81.8209252029226,99.50849632659396,99.69469520444977,50.710399999996895,32.494200000000944,1131.0,1088.0,0.0,0.0,399.0,382.0,1.0,1.0,5.0,5.0,564.0,540.0,-1085.1000000000004,-1553.5000000000011,-99.9492896,-99.9675058,1,1
0.1,100.0,1440,1,30,30,0,0,100,25.0,5,2,5,0.1,3,inc_every3,50.710399999996895,32.49420000000573,-65.26661161169326,-81.8209252029226,99.50849632659396,99.69469520444977,50.710399999996895,32.494200000000944,1131.0,1088.0,0.0,0.0,399.0,382.0,1.0,1.0,5.0,5.0,564.0,540.0,-1085.1000000000004,-1553.5000000000011,-99.9492896,-99.9675058,1,1
0.1,100.0,1440,1,30,30,0,0,75,15.0,12,25,5,0.1,3,inc_every3,50.697599999997294,81.02780000002286,-65.26836626558303,-76.14065365458296,99.56409784618039,99.42614872521256,50.697599999996896,81.02780000000627,925.0,498.0,0.0,0.0,30.0,17.0,4.0,2.0,12.0,12.0,91.0,46.0,-1167.0999999999997,-1369.8000000000015,-99.94930240000001,-99.9189722,1,1
0.1,100.0,1440,1,30,30,0,0,75,15.0,8,10,5,0.1,3,inc_every3,50.61760000000815,59.5705000000049,-65.27934088797083,-78.22784181672988,99.5094956150976,99.45115535572798,50.61760000000345,59.5705000000049,671.0,754.0,0.0,0.0,45.0,49.0,2.0,2.0,8.0,8.0,126.0,130.0,-534.6000000000001,-1367.0000000000011,-99.94938239999999,-99.9404295,1,1
0.1,100.0,1440,1,30,30,0,0,100,25.0,12,25,99,0.0,1,flat,50.48960000000966,75.50549999998884,-65.29692917656412,-76.63659186813932,99.59414809813187,99.39003691825484,50.48960000000258,75.50549999998884,394.0,1099.0,0.0,1.0,18.0,47.0,2.0,2.0,12.0,12.0,43.0,153.0,-948.0000000000009,-7767.999999999926,-99.9495104,-99.92449450000001,1,1
0.1,100.0,1440,1,30,30,0,0,75,5.3,8,6,5,0.1,3,inc_every3,50.44000000000149,82.91080000002478,-65.30375422727576,-75.97698679484546,99.50722938647908,99.172158597346,50.44000000000149,82.91080000000704,2247.0,1637.0,0.0,0.0,61.0,48.0,1.0,1.0,8.0,8.0,135.0,85.0,-283.30000000000007,-493.19999999999993,-99.94956,-99.91708919999999,1,1
0.1,100.0,1440,1,30,30,0,0,200,5.3,18,15,5,0.1,3,inc_every3,50.33640000000324,34.13580000000533,-65.31802711132661,-81.55234469517126,99.50819345383488,99.71051238996596,50.33640000000065,34.13580000000289,1944.0,5136.0,0.0,0.0,15.0,34.0,3.0,2.0,11.0,11.0,0.0,0.0,-431.8999999999998,-2408.4999999999977,-99.9496636,-99.9658642,1,1
0.1,100.0,1440,1,30,30,0,0,200,5.3,12,15,5,0.1,3,inc_every3,50.33640000000324,34.13580000000533,-65.31802711132661,-81.55234469517126,99.50819345383488,99.71051238996596,50.33640000000065,34.13580000000289,1944.0,5136.0,0.0,0.0,15.0,34.0,3.0,2.0,11.0,11.0,0.0,0.0,-431.8999999999998,-2408.4999999999977,-99.9496636,-99.9658642,1,1
0.1,100.0,1440,1,30,30,0,0,400,5.3,8,15,99,0.0,1,flat,50.29120000000364,3256.8000000043976,-65.3242616400796,-28.38268172328563,99.56559009752185,78.34238504885964,50.29119999999796,2540.2000000043813,5034.0,4324.0,9.0,19.0,28.0,22.0,1.0,0.0,8.0,8.0,41.0,32.0,-2398.4999999999895,-3152.5999999999844,-99.9497088,-135.0674518210049,1,0
0.1,100.0,1440,1,30,30,0,0,75,25.0,12,10,99,0.0,1,flat,50.16040000000919,47.8576000000121,-65.34232843903172,-79.60105040940017,99.51538654763975,99.54486785670139,50.16039999999978,47.85759999999698,535.0,433.0,0.0,0.0,65.0,55.0,2.0,2.0,12.0,12.0,105.0,84.0,-859.3000000000006,-1529.9000000000024,-99.9498396,-99.9521424,1,1
0.1,100.0,1440,1,30,30,0,0,400,5.3,18,15,99,0.0,1,flat,50.15680000000492,3269.500000004293,-65.34282622298096,-28.29968986291499,99.56655259428261,78.23410550005373,50.156799999999635,2552.9000000042784,5035.0,4326.0,9.0,19.0,28.0,22.0,1.0,0.0,9.0,9.0,0.0,0.0,-2402.09999999999,-3152.4999999999845,-99.9498432,-134.76790086302245,1,0
0.1,100.0,1440,1,30,30,0,0,400,5.3,12,15,99,0.0,1,flat,50.15680000000492,3269.500000004293,-65.34282622298096,-28.29968986291499,99.56655259428261,78.23410550005373,50.156799999999635,2552.9000000042784,5035.0,4326.0,9.0,19.0,28.0,22.0,1.0,0.0,9.0,9.0,0.0,0.0,-2402.09999999999,-3152.4999999999845,-99.9498432,-134.76790086302245,1,0
0.1,100.0,1440,1,30,30,0,0,100,10.0,8,6,5,0.1,3,inc_every3,50.05880000000582,35.91810000000278,-65.3563879989963,-81.27082748597032,99.5109343858689,99.64236398757369,50.05880000000499,35.91809999999944,1507.0,1438.0,0.0,0.0,79.0,74.0,1.0,2.0,8.0,8.0,132.0,110.0,-450.9999999999997,-889.1000000000008,-99.9499412,-99.9640819,1,1
0.1,100.0,1440,1,30,30,0,0,100,15.0,18,10,99,0.0,1,flat,50.046000000007524,35.84789999999964,-65.3581609006669,-81.28172780943459,99.51344572128563,99.66108647764554,50.04600000000275,35.84789999999816,699.0,625.0,0.0,0.0,39.0,34.0,2.0,3.0,14.0,14.0,0.0,0.0,-465.7000000000002,-885.7000000000005,-99.94995399999999,-99.9641521,1,1
0.1,100.0,1440,1,30,30,0,0,100,10.0,18,6,99,0.0,1,flat,50.03080000000651,47.94160000000599,-65.36026669255145,-79.59040242665718,99.5112079409121,99.52264616855186,50.03080000000165,47.941600000000165,1457.0,1392.0,0.0,0.0,74.0,70.0,1.0,1.0,11.0,11.0,0.0,0.0,-431.09999999999985,-893.5999999999997,-99.9499692,-99.9520584,1,1
0.1,100.0,1440,1,30,30,0,0,100,10.0,12,6,99,0.0,1,flat,50.03080000000651,47.94160000000599,-65.36026669255145,-79.59040242665718,99.5112079409121,99.52264616855186,50.03080000000165,47.941600000000165,1457.0,1392.0,0.0,0.0,74.0,70.0,1.0,1.0,11.0,11.0,0.0,0.0,-431.09999999999985,-893.5999999999997,-99.9499692,-99.9520584,1,1
0.1,100.0,1440,1,30,30,0,0,100,5.3,5,2,99,0.0,1,flat,49.997599999997306,96.3000000018564,-65.3648679655168,-74.88261206756803,99.52720945626481,99.05609519420273,49.997599999997306,96.3000000018564,3059.0,2696.0,0.0,0.0,185.0,167.0,1.0,0.0,5.0,5.0,316.0,275.0,-286.4,-411.99999999999955,-99.9500024,-99.90369999999814,1,1
0.1,100.0,1440,1,30,30,0,0,100,5.3,5,2,5,0.1,3,inc_every3,49.997599999997306,96.3000000018564,-65.3648679655168,-74.88261206756803,99.52720945626481,99.05609519420273,49.997599999997306,96.3000000018564,3059.0,2696.0,0.0,0.0,185.0,167.0,1.0,0.0,5.0,5.0,316.0,275.0,-286.4,-411.99999999999955,-99.9500024,-99.90369999999814,1,1
0.1,100.0,1440,1,30,30,0,0,150,10.0,18,10,5,0.1,3,inc_every3,49.98480000001024,35.11380000000409,-65.36664260304674,-81.39662379406754,99.50720877040776,99.67644804010105,49.98480000000001,35.11379999999804,1174.0,726.0,0.0,0.0,34.0,23.0,1.0,2.0,10.0,10.0,0.0,0.0,-468.3999999999998,-565.7999999999998,-99.9500152,-99.9648862,1,1
0.1,100.0,1440,1,30,30,0,0,150,10.0,12,10,5,0.1,3,inc_every3,49.98480000001024,35.11380000000409,-65.36664260304674,-81.39662379406754,99.50720877040776,99.67644804010105,49.98480000000001,35.11379999999804,1174.0,726.0,0.0,0.0,34.0,23.0,1.0,2.0,10.0,10.0,0.0,0.0,-468.3999999999998,-565.7999999999998,-99.9500152,-99.9648862,1,1
0.1,100.0,1440,1,30,30,0,0,100,25.0,12,15,99,0.0,1,flat,49.89679999999801,46.36400000000273,-65.37885308610373,-79.7926124723588,99.56818000865431,99.57244164922217,49.89679999999703,46.363999999998015,1591.0,772.0,0.0,0.0,111.0,54.0,2.0,2.0,12.0,12.0,205.0,112.0,-4966.499999999977,-3003.699999999998,-99.9501032,-99.953636,1,1
0.1,100.0,1440,1,30,30,0,0,75,15.0,18,10,99,0.0,1,flat,49.854400000009434,83.3028000000055,-65.384742468985,-75.94324397918587,99.51618807317192,99.48339238303275,49.85439999999937,58.17880000001409,699.0,578.0,0.0,0.0,46.0,39.0,2.0,2.0,17.0,17.0,0.0,0.0,-526.2,-993.2,-99.9501456,-99.94182119999999,1,1
0.1,100.0,1440,1,30,30,0,0,75,5.3,12,10,99,0.0,1,flat,49.81640000000411,97.51760000001644,-65.39002409483383,-74.78852445298293,99.51235928659527,99.2334666991568,49.81640000000061,97.51759999998688,2232.0,2967.0,0.0,0.0,36.0,45.0,2.0,1.0,12.0,12.0,72.0,101.0,-438.19999999999976,-1377.6000000000024,-99.9501836,-99.90248240000001,1,1
0.1,100.0,1440,1,30,30,0,0,75,15.0,12,10,99,0.0,1,flat,49.80920000000489,71.53080000000645,-65.39102518706133,-77.00955063196928,99.51662671648312,99.32379043693649,49.809199999997446,71.53079999999687,759.0,611.0,0.0,0.0,49.0,40.0,2.0,2.0,12.0,12.0,83.0,68.0,-586.6,-1033.5000000000007,-99.9501908,-99.92846920000001,1,1
0.1,100.0,1440,1,30,30,0,0,200,15.0,5,2,5,0.1,3,inc_every3,49.72559999999672,100.20000000317876,-65.40265746305832,-74.58412184831982,99.5110608548589,99.01686633499965,49.72559999999672,100.20000000317333,2325.0,1489.0,0.0,0.0,330.0,222.0,1.0,0.0,5.0,5.0,141.0,96.0,-941.7000000000032,-760.1000000000021,-99.9502744,-99.89979999999683,1,1
0.1,100.0,1440,1,30,30,0,0,200,15.0,8,2,5,0.1,3,inc_every3,49.72559999999672,100.20000000317876,-65.40265746305832,-74.58412184831982,99.5110608548589,99.01686633499965,49.72559999999672,100.20000000317333,2325.0,1489.0,0.0,0.0,330.0,222.0,1.0,0.0,5.0,5.0,0.0,0.0,-941.7000000000032,-760.1000000000021,-99.9502744,-99.89979999999683,1,1
0.1,100.0,1440,1,30,30,0,0,200,15.0,18,2,5,0.1,3,inc_every3,49.72559999999672,100.20000000317876,-65.40265746305832,-74.58412184831982,99.5110608548589,99.01686633499965,49.72559999999672,100.20000000317333,2325.0,1489.0,0.0,0.0,330.0,222.0,1.0,0.0,5.0,5.0,0.0,0.0,-941.7000000000032,-760.1000000000021,-99.9502744,-99.89979999999683,1,1
0.1,100.0,1440,1,30,30,0,0,200,15.0,12,2,99,0.0,1,flat,49.72559999999672,100.20000000317876,-65.40265746305832,-74.58412184831982,99.5110608548589,99.01686633499965,49.72559999999672,100.20000000317333,2325.0,1489.0,0.0,0.0,330.0,222.0,1.0,0.0,5.0,5.0,0.0,0.0,-941.7000000000032,-760.1000000000021,-99.9502744,-99.89979999999683,1,1
0.1,100.0,1440,1,30,30,0,0,200,15.0,12,2,5,0.1,3,inc_every3,49.72559999999672,100.20000000317876,-65.40265746305832,-74.58412184831982,99.5110608548589,99.01686633499965,49.72559999999672,100.20000000317333,2325.0,1489.0,0.0,0.0,330.0,222.0,1.0,0.0,5.0,5.0,0.0,0.0,-941.7000000000032,-760.1000000000021,-99.9502744,-99.89979999999683,1,1
0.1,100.0,1440,1,30,30,0,0,200,15.0,8,2,99,0.0,1,flat,49.72559999999672,100.20000000317876,-65.40265746305832,-74.58412184831982,99.5110608548589,99.01686633499965,49.72559999999672,100.20000000317333,2325.0,1489.0,0.0,0.0,330.0,222.0,1.0,0.0,5.0,5.0,0.0,0.0,-941.7000000000032,-760.1000000000021,-99.9502744,-99.89979999999683,1,1
0.1,100.0,1440,1,30,30,0,0,200,15.0,18,2,99,0.0,1,flat,49.72559999999672,100.20000000317876,-65.40265746305832,-74.58412184831982,99.5110608548589,99.01686633499965,49.72559999999672,100.20000000317333,2325.0,1489.0,0.0,0.0,330.0,222.0,1.0,0.0,5.0,5.0,0.0,0.0,-941.7000000000032,-760.1000000000021,-99.9502744,-99.89979999999683,1,1
0.1,100.0,1440,1,30,30,0,0,200,15.0,5,2,99,0.0,1,flat,49.72559999999672,100.20000000317876,-65.40265746305832,-74.58412184831982,99.5110608548589,99.01686633499965,49.72559999999672,100.20000000317333,2325.0,1489.0,0.0,0.0,330.0,222.0,1.0,0.0,5.0,5.0,141.0,96.0,-941.7000000000032,-760.1000000000021,-99.9502744,-99.89979999999683,1,1
0.1,100.0,1440,1,30,30,0,0,75,15.0,18,6,5,0.1,3,inc_every3,49.511200000003385,83.43580000001279,-65.43256118303876,-75.93182086727624,99.52295374179815,99.32159397664813,49.511200000002106,83.43580000001279,566.0,812.0,0.0,0.0,66.0,89.0,2.0,1.0,11.0,11.0,0.0,0.0,-246.89999999999998,-887.7000000000008,-99.9504888,-99.91656419999998,1,1
0.1,100.0,1440,1,30,30,0,0,75,15.0,12,6,5,0.1,3,inc_every3,49.511200000003385,83.43580000001279,-65.43256118303876,-75.93182086727624,99.52295374179815,99.32159397664813,49.511200000002106,83.43580000001279,566.0,812.0,0.0,0.0,66.0,89.0,2.0,1.0,11.0,11.0,0.0,0.0,-246.89999999999998,-887.7000000000008,-99.9504888,-99.91656419999998,1,1
0.1,100.0,1440,1,30,30,0,0,200,5.3,8,15,5,0.1,3,inc_every3,49.4848000000018,48.826799999994904,-65.43625051592092,-79.47898173107902,99.51651392281393,99.51680554181104,49.484799999994436,48.826799999994904,2295.0,2171.0,0.0,1.0,18.0,17.0,2.0,2.0,8.0,8.0,43.0,39.0,-580.9000000000004,-1025.7000000000035,-99.95051520000001,-99.9511732,1,1
0.1,100.0,1440,1,30,30,0,0,100,10.0,12,25,99,0.0,1,flat,49.45320000001831,33.93119999999766,-65.44066860621197,-81.58531718856811,99.52494980835918,99.6647247144382,49.453200000002624,33.93119999999766,958.0,3194.0,0.0,4.0,13.0,36.0,2.0,2.0,12.0,12.0,35.0,146.0,-714.8000000000006,-6677.199999999943,-99.9505468,-99.9660688,1,1
0.1,100.0,1440,1,30,30,0,0,300,10.0,18,25,99,0.0,1,flat,49.355200000009745,6443.7000000013795,-65.45438465473893,-12.258885730749824,99.51298856359098,61.315872696423554,49.35520000000048,5382.200000001296,708.0,2833.0,0.0,4.0,7.0,18.0,2.0,0.0,13.0,13.0,0.0,0.0,-539.1000000000001,-4188.899999999988,-99.9506448,-84.89063112359693,1,0
0.1,100.0,1440,1,30,30,0,0,150,15.0,8,25,5,0.1,3,inc_every3,49.33120000000747,81.27980000002304,-65.45774700743605,-76.11859647703704,99.52706216205854,99.2845339952819,49.33119999999815,81.2798000000027,711.0,1042.0,0.0,0.0,14.0,19.0,2.0,2.0,8.0,8.0,50.0,82.0,-885.300000000001,-2481.6999999999953,-99.9506688,-99.9187202,1,1
0.1,100.0,1440,1,30,30,0,0,150,25.0,18,25,99,0.0,1,flat,49.26520000001025,75.44600000001083,-65.46700022883044,-76.64207203152735,99.56324790113398,99.38908637456805,49.265199999998856,75.44600000000548,414.0,1154.0,0.0,0.0,16.0,39.0,2.0,2.0,18.0,18.0,15.0,39.0,-914.4000000000007,-6449.000000000002,-99.9507348,-99.924554,1,1
0.1,100.0,1440,1,30,30,0,0,150,5.3,8,10,5,0.1,3,inc_every3,49.26000000001193,103.03380000000851,-65.46772969182304,-74.37231568646128,99.51278373967656,99.1927338540975,49.2600000000009,103.03379999999981,2457.0,4916.0,0.0,0.0,30.0,54.0,2.0,1.0,8.0,8.0,51.0,121.0,-442.5999999999999,-1793.2000000000023,-99.95074,-99.8969662,1,1
0.1,100.0,1440,1,30,30,0,0,100,15.0,18,6,5,0.1,3,inc_every3,49.259600000004525,83.61500000001132,-65.46778580691318,-75.91644993584737,99.55799183453722,99.17584150608647,49.25960000000134,83.61499999999796,853.0,637.0,0.0,0.0,79.0,62.0,2.0,1.0,10.0,10.0,0.0,0.0,-330.6999999999997,-545.2999999999996,-99.9507404,-99.916385,1,1
0.1,100.0,1440,1,30,30,0,0,100,15.0,12,6,5,0.1,3,inc_every3,49.259600000004525,83.61500000001132,-65.46778580691318,-75.91644993584737,99.55799183453722,99.17584150608647,49.25960000000134,83.61499999999796,853.0,637.0,0.0,0.0,79.0,62.0,2.0,1.0,10.0,10.0,0.0,0.0,-330.6999999999997,-545.2999999999996,-99.9507404,-99.916385,1,1
0.1,100.0,1440,1,30,30,0,0,200,5.3,3,4,5,0.1,3,inc_every3,49.200000006541984,33.85440000000423,-65.47615103029314,-81.59773000936381,99.51389643616392,99.66548357772419,49.200000006541586,33.85440000000261,4957.0,4087.0,1.0,2.0,112.0,95.0,0.0,1.0,3.0,3.0,580.0,464.0,-981.9000000000021,-1360.099999999995,-99.95079999999346,-99.9661456,1,1
0.1,100.0,1440,1,30,30,0,0,200,5.3,3,4,99,0.0,1,flat,49.200000006541984,33.85440000000423,-65.47615103029314,-81.59773000936381,99.51389643616392,99.66548357772419,49.200000006541586,33.85440000000261,4957.0,4087.0,1.0,2.0,112.0,95.0,0.0,1.0,3.0,3.0,580.0,464.0,-981.9000000000021,-1360.099999999995,-99.95079999999346,-99.9661456,1,1
0.1,100.0,1440,1,30,30,0,0,100,5.3,12,0,5,0.1,3,inc_every3,49.179999999999694,58.54199999999912,-65.4789599698349,-78.34038642283507,99.71591795239117,99.6698455308854,49.179999999996824,58.54199999999534,2161.0,1218.0,9.0,0.0,0.0,0.0,3.0,3.0,12.0,12.0,38.0,19.0,-5518.699999999983,-1534.300000000004,-99.95082000000001,-99.94145800000001,1,1
0.1,100.0,1440,1,30,30,0,0,150,5.3,12,25,99,0.0,1,flat,49.09360000000882,69.18359999999791,-65.49110509455716,-77.23668028957802,99.59433482069086,99.57275950440307,49.093600000001175,44.34499999999113,2282.0,4075.0,0.0,5.0,12.0,18.0,1.0,2.0,12.0,12.0,32.0,44.0,-893.9000000000004,-2713.7999999999997,-99.9509064,-99.95565500000001,1,1
0.1,100.0,1440,1,30,30,0,0,150,5.3,12,10,5,0.1,3,inc_every3,62.56000000000219,34.58820000000196,-63.775874248312725,-81.47992755969489,99.51494387023422,99.69566839414713,49.04159999996878,34.58819999999906,2077.0,3910.0,0.0,0.0,27.0,45.0,2.0,2.0,10.0,10.0,0.0,0.0,-403.2000000000001,-1290.700000000003,-99.95095840000003,-99.9654118,1,1
0.1,100.0,1440,1,30,30,0,0,150,5.3,18,10,5,0.1,3,inc_every3,62.56000000000219,34.58820000000196,-63.775874248312725,-81.47992755969489,99.51494387023422,99.69566839414713,49.04159999996878,34.58819999999906,2077.0,3910.0,0.0,0.0,27.0,45.0,2.0,2.0,10.0,10.0,0.0,0.0,-403.2000000000001,-1290.700000000003,-99.95095840000003,-99.9654118,1,1
0.1,100.0,1440,1,30,30,0,0,75,15.0,8,6,5,0.1,3,inc_every3,48.91480000000526,106.40700000002181,-65.5162931552542,-74.12546195138796,99.52599641455498,99.07610356683925,48.91479999999933,106.40700000000481,760.0,802.0,0.0,0.0,81.0,82.0,2.0,1.0,8.0,8.0,152.0,141.0,-340.7000000000001,-952.1000000000014,-99.9510852,-99.893593,1,1
0.1,100.0,1440,1,30,30,0,0,400,5.3,12,0,5,0.1,3,inc_every3,48.72040000000629,45.27680000000254,-65.54376253481597,-79.93479539191799,99.69788421470386,99.79003232283888,48.7204000000018,45.276799999999355,1309.0,2485.0,1.0,7.0,0.0,0.0,2.0,2.0,12.0,12.0,2.0,4.0,-1472.8999999999985,-6849.600000000028,-99.95127959999999,-99.9547232,1,1
0.1,100.0,1440,1,30,30,0,0,400,5.3,18,0,5,0.1,3,inc_every3,48.69280000000367,46.01600000000184,-65.54766961242437,-79.83786631444228,99.6992470800418,99.79197953067013,48.69279999999719,46.01599999999911,1449.0,2414.0,1.0,7.0,0.0,0.0,3.0,3.0,18.0,18.0,1.0,1.0,-1076.1000000000004,-2448.199999999998,-99.9513072,-99.953984,1,1
0.1,100.0,1440,1,30,30,0,0,75,5.3,8,0,5,0.1,3,inc_every3,48.17240000000608,57.20299999999577,-65.62167153057574,-78.48900833153382,99.52938257131692,99.45964557631648,48.17240000000123,57.20299999999003,1380.0,1388.0,10.0,7.0,0.0,0.0,2.0,2.0,8.0,8.0,71.0,68.0,-9089.800000000118,-4809.899999999977,-99.9518276,-99.94279700000001,1,1
0.1,100.0,1440,1,30,30,0,0,200,10.0,5,0,5,0.1,3,inc_every3,47.600000001476474,2788.2000000015505,-65.70381014453459,-31.61806146308378,99.54185395149547,73.17776917117097,47.600000001476474,2770.200000001547,713.0,461.0,8.0,3.0,0.0,0.0,1.0,0.0,5.0,5.0,51.0,34.0,-5787.000000000002,-4635.9000000000015,-99.95239999999852,-127.9735998054257,1,0
0.1,100.0,1440,1,30,30,0,0,200,10.0,5,0,99,0.0,1,flat,47.600000001476474,2788.2000000015505,-65.70381014453459,-31.61806146308378,99.54185395149547,73.17776917117097,47.600000001476474,2770.200000001547,713.0,461.0,8.0,3.0,0.0,0.0,1.0,0.0,5.0,5.0,51.0,34.0,-5787.000000000002,-4635.9000000000015,-99.95239999999852,-127.9735998054257,1,0
0.1,100.0,1440,1,30,30,0,0,300,25.0,18,0,5,0.1,3,inc_every3,47.37599999999787,58.75449999999739,-65.73616901779123,-78.31702023265784,99.62738605529123,99.65851525084857,47.37599999999708,58.75449999999739,163.0,166.0,0.0,0.0,0.0,0.0,4.0,3.0,18.0,18.0,1.0,1.0,-383.4999999999998,-982.2999999999997,-99.952624,-99.94124550000001,1,1
0.1,100.0,1440,1,30,30,0,0,150,5.3,18,0,99,0.0,1,flat,47.27360000000584,49.642400000001174,-65.75100241973075,-79.37757069027454,99.76487229862487,99.72639016727761,47.27360000000141,49.642399999996485,3821.0,1651.0,11.0,4.0,0.0,0.0,2.0,2.0,18.0,18.0,20.0,7.0,-10493.500000000042,-2263.800000000003,-99.9527264,-99.9503576,1,1
0.1,100.0,1440,1,30,30,0,0,150,5.3,8,25,5,0.1,3,inc_every3,47.11120000001034,45.48520000000531,-65.77458005547076,-79.90735669494119,99.53664456989986,99.56256239120624,47.11120000000267,45.48519999999695,1074.0,4166.0,0.0,6.0,7.0,19.0,3.0,2.0,8.0,8.0,21.0,108.0,-297.9999999999999,-2833.6999999999875,-99.9528888,-99.9545148,1,1
0.1,100.0,1440,1,30,30,0,0,75,10.0,3,2,99,0.0,1,flat,47.00000000961131,48.40000000842602,-65.79076187171349,-79.53252459667243,99.53995086274277,99.5260338630353,47.00000000961131,48.40000000842602,3047.0,2505.0,0.0,0.0,346.0,288.0,0.0,0.0,3.0,3.0,1445.0,1184.0,-1097.9999999999975,-1159.0999999999954,-99.95299999999038,-99.95159999999157,1,1
0.1,100.0,1440,1,30,30,0,0,75,10.0,3,2,5,0.1,3,inc_every3,47.00000000961131,48.40000000842602,-65.79076187171349,-79.53252459667243,99.53995086274277,99.5260338630353,47.00000000961131,48.40000000842602,3047.0,2505.0,0.0,0.0,346.0,288.0,0.0,0.0,3.0,3.0,1445.0,1184.0,-1097.9999999999975,-1159.0999999999954,-99.95299999999038,-99.95159999999157,1,1
0.1,100.0,1440,1,30,30,0,0,100,25.0,12,0,99,0.0,1,flat,46.87119999999982,57.34300000000496,-65.80954316449896,-78.47335540973972,99.62782912498018,99.46650726606254,46.871199999995554,57.34300000000184,233.0,199.0,6.0,2.0,0.0,0.0,2.0,2.0,12.0,12.0,30.0,22.0,-10217.499999999938,-5762.799999999937,-99.9531288,-99.942657,1,1
0.1,100.0,1440,1,30,30,0,0,75,15.0,12,0,99,0.0,1,flat,46.83760000000156,45.81840000000034,-65.81444942029975,-79.86366926414243,99.62176497189753,99.58754861011097,46.83760000000156,45.818399999999315,424.0,362.0,6.0,2.0,0.0,0.0,2.0,2.0,12.0,12.0,43.0,34.0,-10205.199999999944,-5775.299999999936,-99.9531624,-99.9541816,1,1
0.1,100.0,1440,1,30,30,0,0,75,15.0,8,0,5,0.1,3,inc_every3,46.83119999999542,78.22849999998843,-65.8153842643874,-76.38897549510212,99.62408129846372,99.25943824904883,46.83119999999542,78.22849999998843,368.0,339.0,6.0,2.0,0.0,0.0,2.0,2.0,8.0,8.0,61.0,55.0,-9450.900000000138,-6817.000000000017,-99.9531688,-99.9217715,1,1
0.1,100.0,1440,1,30,30,0,0,200,5.3,8,0,5,0.1,3,inc_every3,46.605600000005865,35.149200000008435,-65.84840299597828,-81.39104471922221,99.71143830103402,99.65961147372704,46.605600000001914,35.14920000000032,2535.0,597.0,11.0,2.0,0.0,0.0,2.0,2.0,8.0,8.0,45.0,7.0,-7979.600000000061,-1027.9000000000028,-99.9533944,-99.9648508,1,1
0.1,100.0,1440,1,30,30,0,0,100,15.0,18,0,5,0.1,3,inc_every3,46.47960000000563,106.27740000001035,-65.86689998680116,-74.13484387670277,99.58244980460854,99.73268389121966,46.47959999999998,106.27740000001035,164.0,466.0,0.0,0.0,0.0,0.0,6.0,3.0,18.0,18.0,1.0,11.0,-236.19999999999993,-3005.1000000000076,-99.9535204,-99.89372259999999,1,1
0.1,100.0,1440,1,30,30,0,0,75,25.0,12,25,5,0.1,3,inc_every3,46.385600000002455,43.07240000000145,-65.88072546920336,-80.2306163758893,99.66399663892373,99.70069696822313,46.385599999991285,43.0724000000009,704.0,359.0,0.0,0.0,49.0,26.0,3.0,4.0,12.0,12.0,122.0,64.0,-2111.9000000000037,-2154.900000000004,-99.9536144,-99.9569276,1,1
0.1,100.0,1440,1,30,30,0,0,200,5.3,12,0,99,0.0,1,flat,46.3071999999994,62.019499999999994,-65.89227366058581,-77.96524721544355,99.72043467761415,99.54860767416815,46.3071999999994,62.01949999999903,2929.0,1405.0,13.0,4.0,0.0,0.0,2.0,2.0,12.0,12.0,27.0,9.0,-7877.399999999875,-1824.8000000000097,-99.9536928,-99.9379805,1,1
0.1,100.0,1440,1,30,30,0,0,75,10.0,18,0,5,0.1,3,inc_every3,46.084000000001,59.71750000000364,-65.92523651258976,-78.21186794316549,99.57530572937311,99.8508431014545,46.08400000000026,59.71750000000242,149.0,975.0,0.0,0.0,0.0,0.0,6.0,4.0,18.0,18.0,2.0,22.0,-155.10000000000002,-3572.100000000009,-99.953916,-99.9402825,1,1
0.1,100.0,1440,1,30,30,0,0,400,10.0,5,25,99,0.0,1,flat,46.01120000000594,3108.5000000019572,-65.93601545499068,-29.369051133916134,99.56486887772957,77.74834305669543,46.01119999999963,2242.7000000017824,2085.0,1540.0,7.0,8.0,15.0,10.0,1.0,0.0,5.0,5.0,70.0,59.0,-3159.99999999999,-3728.7999999999915,-99.9539888,-134.865737247307,1,0
0.1,100.0,1440,1,30,30,0,0,400,10.0,5,25,5,0.1,3,inc_every3,46.01120000000594,3108.5000000019572,-65.93601545499068,-29.369051133916134,99.56486887772957,77.74834305669543,46.01119999999963,2242.7000000017824,2085.0,1540.0,7.0,8.0,15.0,10.0,1.0,0.0,5.0,5.0,70.0,59.0,-3159.99999999999,-3728.7999999999915,-99.9539888,-134.865737247307,1,0
0.1,100.0,1440,1,30,30,0,0,100,25.0,8,6,5,0.1,3,inc_every3,46.01040000000744,47.24720000000741,-65.93613398066205,-79.67882278150154,99.55077181437402,99.52969141947044,46.01039999999938,47.24720000000062,569.0,390.0,0.0,0.0,98.0,70.0,3.0,1.0,8.0,8.0,148.0,91.0,-560.8000000000002,-874.1000000000004,-99.9539896,-99.9527528,1,1
0.1,100.0,1440,1,30,30,0,0,200,5.3,18,25,99,0.0,1,flat,57.6509999999991,46.460399999998174,-64.36344422151099,-79.78011885714609,99.62254402167216,99.65862038561022,45.979800000013256,46.460399999996866,2986.0,3012.0,0.0,5.0,13.0,13.0,2.0,2.0,16.0,16.0,0.0,0.0,-1337.5000000000014,-1971.6000000000008,-99.95402019999999,-99.9535396,1,1
0.1,100.0,1440,1,30,30,0,0,100,15.0,18,10,5,0.1,3,inc_every3,45.94800000000183,75.16040000001783,-65.9453840659952,-76.66841915792784,99.5562337624709,99.68701448136501,45.948000000000775,33.4569000000066,1096.0,605.0,0.0,0.0,67.0,40.0,2.0,2.0,12.0,12.0,0.0,0.0,-682.1000000000003,-923.0000000000006,-99.954052,-99.9665431,1,1
0.1,100.0,1440,1,30,30,0,0,100,15.0,5,6,5,0.1,3,inc_every3,45.948000000003105,34.09710000000476,-65.945384065995,-81.55857076167446,99.55328705594117,99.66081987108069,45.94800000000157,34.097100000001376,1952.0,1306.0,0.0,0.0,136.0,94.0,1.0,1.0,5.0,5.0,507.0,323.0,-1589.9000000000008,-1656.599999999999,-99.954052,-99.9659029,1,1
0.1,100.0,1440,1,30,30,0,0,100,15.0,12,10,5,0.1,3,inc_every3,45.94800000000183,75.16040000001783,-65.9453840659952,-76.66841915792784,99.5562337624709,99.68701448136501,45.948000000000775,33.4569000000066,1096.0,605.0,0.0,0.0,67.0,40.0,2.0,2.0,12.0,12.0,68.0,38.0,-682.1000000000003,-923.0000000000006,-99.954052,-99.9665431,1,1
0.1,100.0,1440,1,30,30,0,0,100,15.0,5,6,99,0.0,1,flat,45.948000000003105,34.09710000000476,-65.945384065995,-81.55857076167446,99.55328705594117,99.66081987108069,45.94800000000157,34.097100000001376,1952.0,1306.0,0.0,0.0,136.0,94.0,1.0,1.0,5.0,5.0,507.0,323.0,-1589.9000000000008,-1656.599999999999,-99.954052,-99.9659029,1,1
0.1,100.0,1440,1,30,30,0,0,100,10.0,5,0,5,0.1,3,inc_every3,45.89999999996144,4114.400000000938,-65.95250635623626,-23.223791100105085,99.55156512564034,61.00597799184382,45.8999999999578,4096.400000000935,553.0,438.0,8.0,4.0,0.0,0.0,1.0,0.0,5.0,5.0,88.0,66.0,-5453.8,-4752.200000000001,-99.95410000000004,-95.23574708379273,1,0
0.1,100.0,1440,1,30,30,0,0,100,10.0,5,0,99,0.0,1,flat,45.89999999996144,4114.400000000938,-65.95250635623626,-23.223791100105085,99.55156512564034,61.00597799184382,45.8999999999578,4096.400000000935,553.0,438.0,8.0,4.0,0.0,0.0,1.0,0.0,5.0,5.0,88.0,66.0,-5453.8,-4752.200000000001,-99.95410000000004,-95.23574708379273,1,0
0.1,100.0,1440,1,30,30,0,0,400,15.0,5,25,5,0.1,3,inc_every3,45.8720000000032,4766.900000001755,-65.95666377723407,-19.78592268427638,99.5834854221714,64.9142334678145,45.871999999996945,3530.400000001581,1395.0,1003.0,5.0,5.0,16.0,10.0,1.0,0.0,5.0,5.0,69.0,61.0,-3225.099999999991,-3766.5999999999935,-99.954128,-99.61438961990538,1,0
0.1,100.0,1440,1,30,30,0,0,400,15.0,5,25,99,0.0,1,flat,45.8720000000032,4766.900000001755,-65.95666377723407,-19.78592268427638,99.5834854221714,64.9142334678145,45.871999999996945,3530.400000001581,1395.0,1003.0,5.0,5.0,16.0,10.0,1.0,0.0,5.0,5.0,69.0,61.0,-3225.099999999991,-3766.5999999999935,-99.954128,-99.61438961990538,1,0
0.1,100.0,1440,1,30,30,0,0,100,10.0,18,0,5,0.1,3,inc_every3,45.451200000004576,58.37849999999753,-66.01938967940049,-78.35840523121347,99.58057306325844,99.83150926896003,45.451199999999176,58.37849999999679,185.0,724.0,0.0,0.0,0.0,0.0,5.0,3.0,18.0,18.0,1.0,9.0,-234.60000000000002,-2413.7000000000053,-99.9545488,-99.9416215,1,1
0.1,100.0,1440,1,30,30,0,0,100,5.3,18,2,5,0.1,3,inc_every3,45.36000000001171,83.00000000173748,-66.03304547449156,-75.96929875002228,99.57495455312123,99.18264448972657,45.36000000000956,83.00000000173748,3816.0,2358.0,0.0,0.0,224.0,153.0,1.0,0.0,6.0,6.0,0.0,0.0,-340.6999999999998,-393.5999999999995,-99.95463999999998,-99.91699999999827,1,1
0.1,100.0,1440,1,30,30,0,0,100,5.3,12,2,5,0.1,3,inc_every3,45.36000000001171,83.00000000173748,-66.03304547449156,-75.96929875002228,99.57495455312123,99.18264448972657,45.36000000000956,83.00000000173748,3816.0,2358.0,0.0,0.0,224.0,153.0,1.0,0.0,6.0,6.0,0.0,0.0,-340.6999999999998,-393.5999999999995,-99.95463999999998,-99.91699999999827,1,1
0.1,100.0,1440,1,30,30,0,0,100,5.3,8,2,5,0.1,3,inc_every3,45.36000000001171,83.00000000173748,-66.03304547449156,-75.96929875002228,99.57495455312123,99.18264448972657,45.36000000000956,83.00000000173748,3816.0,2358.0,0.0,0.0,224.0,153.0,1.0,0.0,6.0,6.0,0.0,0.0,-340.6999999999998,-393.5999999999995,-99.95463999999998,-99.91699999999827,1,1
0.1,100.0,1440,1,30,30,0,0,400,25.0,18,4,5,0.1,3,inc_every3,45.024800000003154,1835.9000000019932,-66.08342597287002,-39.613656388655905,99.59804669017548,85.96569005395173,45.02479999999582,1456.2000000019777,1839.0,1069.0,0.0,0.0,196.0,117.0,1.0,0.0,5.0,5.0,0.0,0.0,-1851.9999999999957,-1817.0999999999963,-99.9549752,-98.54379999999801,1,1
0.1,100.0,1440,1,30,30,0,0,400,25.0,18,4,99,0.0,1,flat,45.024800000003154,1835.9000000019932,-66.08342597287002,-39.613656388655905,99.59804669017548,85.96569005395173,45.02479999999582,1456.2000000019777,1839.0,1069.0,0.0,0.0,196.0,117.0,1.0,0.0,5.0,5.0,0.0,0.0,-1851.9999999999957,-1817.0999999999963,-99.9549752,-98.54379999999801,1,1
0.1,100.0,1440,1,30,30,0,0,400,25.0,8,4,99,0.0,1,flat,45.024800000003154,1835.9000000019932,-66.08342597287002,-39.613656388655905,99.59804669017548,85.96569005395173,45.02479999999582,1456.2000000019777,1839.0,1069.0,0.0,0.0,196.0,117.0,1.0,0.0,5.0,5.0,0.0,0.0,-1851.9999999999957,-1817.0999999999963,-99.9549752,-98.54379999999801,1,1
0.1,100.0,1440,1,30,30,0,0,400,25.0,12,4,99,0.0,1,flat,45.024800000003154,1835.9000000019932,-66.08342597287002,-39.613656388655905,99.59804669017548,85.96569005395173,45.02479999999582,1456.2000000019777,1839.0,1069.0,0.0,0.0,196.0,117.0,1.0,0.0,5.0,5.0,0.0,0.0,-1851.9999999999957,-1817.0999999999963,-99.9549752,-98.54379999999801,1,1
0.1,100.0,1440,1,30,30,0,0,400,25.0,8,4,5,0.1,3,inc_every3,45.024800000003154,1835.9000000019932,-66.08342597287002,-39.613656388655905,99.59804669017548,85.96569005395173,45.02479999999582,1456.2000000019777,1839.0,1069.0,0.0,0.0,196.0,117.0,1.0,0.0,5.0,5.0,0.0,0.0,-1851.9999999999957,-1817.0999999999963,-99.9549752,-98.54379999999801,1,1
0.1,100.0,1440,1,30,30,0,0,400,25.0,12,4,5,0.1,3,inc_every3,45.024800000003154,1835.9000000019932,-66.08342597287002,-39.613656388655905,99.59804669017548,85.96569005395173,45.02479999999582,1456.2000000019777,1839.0,1069.0,0.0,0.0,196.0,117.0,1.0,0.0,5.0,5.0,0.0,0.0,-1851.9999999999957,-1817.0999999999963,-99.9549752,-98.54379999999801,1,1
0.1,100.0,1440,1,30,30,0,0,400,25.0,5,4,5,0.1,3,inc_every3,45.024800000003154,1835.9000000019932,-66.08342597287002,-39.613656388655905,99.59804669017548,85.96569005395173,45.02479999999582,1456.2000000019777,1839.0,1069.0,0.0,0.0,196.0,117.0,1.0,0.0,5.0,5.0,95.0,51.0,-1851.9999999999957,-1817.0999999999963,-99.9549752,-98.54379999999801,1,1
0.1,100.0,1440,1,30,30,0,0,400,25.0,5,4,99,0.0,1,flat,45.024800000003154,1835.9000000019932,-66.08342597287002,-39.613656388655905,99.59804669017548,85.96569005395173,45.02479999999582,1456.2000000019777,1839.0,1069.0,0.0,0.0,196.0,117.0,1.0,0.0,5.0,5.0,95.0,51.0,-1851.9999999999957,-1817.0999999999963,-99.9549752,-98.54379999999801,1,1
0.1,100.0,1440,1,30,30,0,0,400,25.0,5,10,99,0.0,1,flat,44.95840000001107,4821.400000001893,-66.09344146045612,-19.5141075422275,99.57457181248692,58.24738924562307,44.95840000000874,4505.900000001896,1557.0,919.0,0.0,0.0,74.0,42.0,1.0,0.0,5.0,5.0,147.0,97.0,-2702.7999999999943,-2848.2999999999943,-99.95504159999999,-86.00888603347363,1,0
0.1,100.0,1440,1,30,30,0,0,400,25.0,5,10,5,0.1,3,inc_every3,44.95840000001107,4821.400000001893,-66.09344146045612,-19.5141075422275,99.57457181248692,58.24738924562307,44.95840000000874,4505.900000001896,1557.0,919.0,0.0,0.0,74.0,42.0,1.0,0.0,5.0,5.0,147.0,97.0,-2702.7999999999943,-2848.2999999999943,-99.95504159999999,-86.00888603347363,1,0
0.1,100.0,1440,1,30,30,0,0,150,10.0,18,0,99,0.0,1,flat,44.86920000000379,59.94800000000495,-66.10691464128476,-78.18687599220475,99.82066379958121,99.64754093541468,44.86920000000379,59.94800000000495,1928.0,599.0,11.0,1.0,0.0,0.0,2.0,2.0,18.0,18.0,24.0,5.0,-11364.500000000031,-1509.2000000000016,-99.95513079999999,-99.940052,1,1
0.1,100.0,1440,1,30,30,0,0,75,5.3,8,15,99,0.0,1,flat,44.59400000000542,91.82719999999574,-66.14861758214232,-75.23558655694865,99.56348009945376,99.13371383288889,44.59400000000187,91.82719999999085,2886.0,4148.0,1.0,7.0,29.0,38.0,1.0,1.0,8.0,8.0,169.0,236.0,-985.1999999999995,-2615.3999999999933,-99.955406,-99.9081728,1,1
0.1,100.0,1440,1,30,30,0,0,100,25.0,12,0,5,0.1,3,inc_every3,44.536000000008684,79.99810000000548,-66.15743297211765,-76.23128573947535,99.59886873344982,99.25195571472649,44.53600000000077,79.99810000000525,143.0,125.0,0.0,1.0,0.0,0.0,3.0,2.0,12.0,12.0,13.0,10.0,-2475.8000000000047,-2330.5000000000064,-99.955464,-99.92000189999999,1,1
0.1,100.0,1440,1,30,30,0,0,150,25.0,5,4,99,0.0,1,flat,44.216800000001626,616.000000006833,-66.20611301795473,-56.36775009893835,99.5659956223438,97.34500763409967,44.21679999999037,281.7000000067655,1707.0,1247.0,0.0,0.0,271.0,200.0,1.0,0.0,5.0,5.0,536.0,371.0,-2121.999999999998,-2457.699999999995,-99.95578320000001,-99.71829999999323,1,1
0.1,100.0,1440,1,30,30,0,0,150,25.0,5,4,5,0.1,3,inc_every3,44.216800000001626,616.000000006833,-66.20611301795473,-56.36775009893835,99.5659956223438,97.34500763409967,44.21679999999037,281.7000000067655,1707.0,1247.0,0.0,0.0,271.0,200.0,1.0,0.0,5.0,5.0,536.0,371.0,-2121.999999999998,-2457.699999999995,-99.95578320000001,-99.71829999999323,1,1
0.1,100.0,1440,1,30,30,0,0,200,5.3,18,15,99,0.0,1,flat,43.831600000001515,94.62879999999132,-66.2652341969369,-75.01312108062301,99.60008394007413,99.12023131060529,43.83159999999964,94.62879999999132,2304.0,3080.0,0.0,1.0,18.0,22.0,2.0,1.0,12.0,12.0,0.0,0.0,-683.8000000000009,-1399.1000000000038,-99.9561684,-99.9053712,1,1
0.1,100.0,1440,1,30,30,0,0,200,5.3,12,15,99,0.0,1,flat,43.831600000001515,94.62879999999132,-66.2652341969369,-75.01312108062301,99.60008394007413,99.12023131060529,43.83159999999964,94.62879999999132,2304.0,3080.0,0.0,1.0,18.0,22.0,2.0,1.0,12.0,12.0,20.0,21.0,-683.8000000000009,-1399.1000000000038,-99.9561684,-99.9053712,1,1
0.1,100.0,1440,1,30,30,0,0,150,10.0,18,25,5,0.1,3,inc_every3,66.00599999999449,56.37800000000141,-63.38508667343539,-78.58179949881371,99.5867559296096,99.68898156882886,43.208800000021625,56.37800000000141,651.0,3450.0,0.0,0.0,9.0,36.0,3.0,2.0,14.0,14.0,0.0,0.0,-428.7999999999999,-4325.199999999991,-99.95679119999998,-99.943622,1,1
0.1,100.0,1440,1,30,30,0,0,300,15.0,5,6,99,0.0,1,flat,43.17680000001312,55.42700000000309,-66.36669469795599,-78.68995350547911,99.58497414306858,99.47606579071746,43.17680000000263,55.427000000002124,2814.0,1750.0,0.0,0.0,126.0,81.0,1.0,1.0,5.0,5.0,217.0,143.0,-2123.5,-2245.599999999998,-99.9568232,-99.94457299999999,1,1
0.1,100.0,1440,1,30,30,0,0,300,15.0,5,6,5,0.1,3,inc_every3,43.17680000001312,55.42700000000309,-66.36669469795599,-78.68995350547911,99.58497414306858,99.47606579071746,43.17680000000263,55.427000000002124,2814.0,1750.0,0.0,0.0,126.0,81.0,1.0,1.0,5.0,5.0,217.0,143.0,-2123.5,-2245.599999999998,-99.9568232,-99.94457299999999,1,1
0.1,100.0,1440,1,30,30,0,0,200,15.0,8,25,99,0.0,1,flat,43.10080000000892,5740.300000006406,-66.37855036979536,-15.225626732312191,99.5842460137553,65.02729681891137,43.10080000000272,3734.700000005537,1668.0,1653.0,1.0,3.0,24.0,21.0,2.0,0.0,8.0,8.0,84.0,97.0,-2632.0999999999954,-5373.8000000000475,-99.9568992,-95.28022037013493,1,0
0.1,100.0,1440,1,30,30,0,0,150,25.0,12,2,5,0.1,3,inc_every3,43.06160000000028,85.6000000050638,-66.38467193854083,-75.7477139368152,99.58380917402822,99.18061817376386,43.06159999999642,85.6000000050638,1814.0,1018.0,0.0,0.0,524.0,304.0,1.0,0.0,6.0,6.0,0.0,0.0,-1278.2000000000012,-1335.4000000000012,-99.9569384,-99.91439999999494,1,1
0.1,100.0,1440,1,30,30,0,0,150,25.0,8,2,5,0.1,3,inc_every3,43.06160000000028,85.6000000050638,-66.38467193854083,-75.7477139368152,99.58380917402822,99.18061817376386,43.06159999999642,85.6000000050638,1814.0,1018.0,0.0,0.0,524.0,304.0,1.0,0.0,6.0,6.0,0.0,0.0,-1278.2000000000012,-1335.4000000000012,-99.9569384,-99.91439999999494,1,1
0.1,100.0,1440,1,30,30,0,0,150,25.0,18,2,5,0.1,3,inc_every3,43.06160000000028,85.6000000050638,-66.38467193854083,-75.7477139368152,99.58380917402822,99.18061817376386,43.06159999999642,85.6000000050638,1814.0,1018.0,0.0,0.0,524.0,304.0,1.0,0.0,6.0,6.0,0.0,0.0,-1278.2000000000012,-1335.4000000000012,-99.9569384,-99.91439999999494,1,1
0.1,100.0,1440,1,30,30,0,0,300,25.0,18,6,99,0.0,1,flat,42.983199999997225,1882.9000000011838,-66.39692846049745,-39.157703421207245,99.59721878631137,85.83394591247378,42.983199999997225,1464.600000001171,1546.0,1153.0,0.0,0.0,133.0,98.0,1.0,0.0,6.0,7.0,0.0,0.0,-2256.9999999999955,-2521.799999999994,-99.9570168,-98.53539999999883,1,1
0.1,100.0,1440,1,30,30,0,0,300,25.0,8,6,99,0.0,1,flat,42.983199999997225,1882.9000000011838,-66.39692846049745,-39.157703421207245,99.59721878631137,85.83394591247378,42.983199999997225,1464.600000001171,1546.0,1153.0,0.0,0.0,133.0,98.0,1.0,0.0,6.0,7.0,0.0,0.0,-2256.9999999999955,-2521.799999999994,-99.9570168,-98.53539999999883,1,1
0.1,100.0,1440,1,30,30,0,0,300,25.0,12,6,99,0.0,1,flat,42.983199999997225,1882.9000000011838,-66.39692846049745,-39.157703421207245,99.59721878631137,85.83394591247378,42.983199999997225,1464.600000001171,1546.0,1153.0,0.0,0.0,133.0,98.0,1.0,0.0,6.0,7.0,0.0,0.0,-2256.9999999999955,-2521.799999999994,-99.9570168,-98.53539999999883,1,1
0.1,100.0,1440,1,30,30,0,0,100,15.0,8,6,99,0.0,1,flat,42.70519999999186,60.03200000000024,-66.44053371784634,-78.17778507826165,99.58481401543885,99.41147405984078,42.70519999999186,60.03200000000024,1082.0,797.0,0.0,0.0,89.0,68.0,1.0,1.0,8.0,8.0,158.0,106.0,-580.9000000000003,-947.7000000000002,-99.95729480000001,-99.939968,1,1
0.1,100.0,1440,1,30,30,0,0,400,25.0,8,15,99,0.0,1,flat,42.580000000006294,2425.600000002385,-66.46024595705359,-34.39504876245546,99.65700844993279,88.50449443433176,42.57999999999879,1234.1000000023325,1322.0,895.0,0.0,0.0,45.0,30.0,1.0,0.0,8.0,8.0,58.0,36.0,-3036.9999999999836,-3452.1999999999853,-99.95742,-98.76589999999767,1,1
0.1,100.0,1440,1,30,30,0,0,75,5.3,12,15,5,0.1,3,inc_every3,42.5312000000002,-22.79999999139193,-66.46794188025441,-99.98646354667797,99.58449394294647,100.22765169282397,42.53119999999868,-22.799999991398636,893.0,1007.0,0.0,0.0,14.0,15.0,3.0,1.0,12.0,12.0,20.0,27.0,-84.6,-622.1999999999999,-99.9574688,-100.02279999999139,1,1
0.1,100.0,1440,1,30,30,0,0,300,10.0,3,2,5,0.1,3,inc_every3,42.50000000407894,47.90000000212882,-66.47286592619493,-79.59567407368992,99.57835628393906,99.52445719616266,42.50000000407894,47.90000000212345,4119.0,2845.0,0.0,0.0,315.0,228.0,0.0,0.0,3.0,3.0,601.0,400.0,-1014.1000000000065,-1221.0000000000023,-99.95749999999592,-99.95209999999787,1,1
0.1,100.0,1440,1,30,30,0,0,300,10.0,3,2,99,0.0,1,flat,42.50000000407894,47.90000000212882,-66.47286592619493,-79.59567407368992,99.57835628393906,99.52445719616266,42.50000000407894,47.90000000212345,4119.0,2845.0,0.0,0.0,315.0,228.0,0.0,0.0,3.0,3.0,601.0,400.0,-1014.1000000000065,-1221.0000000000023,-99.95749999999592,-99.95209999999787,1,1
0.1,100.0,1440,1,30,30,0,0,100,10.0,18,25,99,0.0,1,flat,42.428000000007955,35.036100000005774,-66.48424015622807,-81.40888325762246,99.64224159738262,99.66639910877514,42.42800000000358,35.03609999999881,1801.0,2093.0,0.0,0.0,23.0,26.0,3.0,2.0,18.0,18.0,41.0,36.0,-1416.700000000002,-2521.000000000001,-99.957572,-99.9649639,1,1
0.1,100.0,1440,1,30,30,0,0,100,5.3,8,15,99,0.0,1,flat,42.300000001520345,88.4032000000102,-66.50449918613968,-75.5140457214694,99.59191942577836,99.23024572035602,42.300000001520345,88.40319999999701,2204.0,5294.0,0.0,8.0,21.0,42.0,1.0,1.0,8.0,8.0,80.0,225.0,-624.1000000000008,-3654.3000000000025,-99.95769999999848,-99.9115968,1,1
0.1,100.0,1440,1,30,30,0,0,300,15.0,8,4,5,0.1,3,inc_every3,42.14720000000938,34.22640000000152,-66.52874771148944,-81.53778830865126,99.58259353893082,99.67906832822304,42.14719999999852,34.22639999999859,2753.0,1858.0,0.0,0.0,179.0,126.0,1.0,1.0,5.0,5.0,0.0,0.0,-1688.7999999999981,-1863.0999999999983,-99.9578528,-99.9657736,1,1
0.1,100.0,1440,1,30,30,0,0,300,15.0,8,4,99,0.0,1,flat,42.14720000000938,34.22640000000152,-66.52874771148944,-81.53778830865126,99.58259353893082,99.67906832822304,42.14719999999852,34.22639999999859,2753.0,1858.0,0.0,0.0,179.0,126.0,1.0,1.0,5.0,5.0,0.0,0.0,-1688.7999999999981,-1863.0999999999983,-99.9578528,-99.9657736,1,1
0.1,100.0,1440,1,30,30,0,0,300,15.0,5,4,5,0.1,3,inc_every3,42.14720000000938,34.22640000000152,-66.52874771148944,-81.53778830865126,99.58259353893082,99.67906832822304,42.14719999999852,34.22639999999859,2753.0,1858.0,0.0,0.0,179.0,126.0,1.0,1.0,5.0,5.0,217.0,153.0,-1688.7999999999981,-1863.0999999999983,-99.9578528,-99.9657736,1,1
0.1,100.0,1440,1,30,30,0,0,300,15.0,12,4,99,0.0,1,flat,42.14720000000938,34.22640000000152,-66.52874771148944,-81.53778830865126,99.58259353893082,99.67906832822304,42.14719999999852,34.22639999999859,2753.0,1858.0,0.0,0.0,179.0,126.0,1.0,1.0,5.0,5.0,0.0,0.0,-1688.7999999999981,-1863.0999999999983,-99.9578528,-99.9657736,1,1
0.1,100.0,1440,1,30,30,0,0,300,15.0,18,4,5,0.1,3,inc_every3,42.14720000000938,34.22640000000152,-66.52874771148944,-81.53778830865126,99.58259353893082,99.67906832822304,42.14719999999852,34.22639999999859,2753.0,1858.0,0.0,0.0,179.0,126.0,1.0,1.0,5.0,5.0,0.0,0.0,-1688.7999999999981,-1863.0999999999983,-99.9578528,-99.9657736,1,1
0.1,100.0,1440,1,30,30,0,0,300,15.0,18,4,99,0.0,1,flat,42.14720000000938,34.22640000000152,-66.52874771148944,-81.53778830865126,99.58259353893082,99.67906832822304,42.14719999999852,34.22639999999859,2753.0,1858.0,0.0,0.0,179.0,126.0,1.0,1.0,5.0,5.0,0.0,0.0,-1688.7999999999981,-1863.0999999999983,-99.9578528,-99.9657736,1,1
0.1,100.0,1440,1,30,30,0,0,300,15.0,12,4,5,0.1,3,inc_every3,42.14720000000938,34.22640000000152,-66.52874771148944,-81.53778830865126,99.58259353893082,99.67906832822304,42.14719999999852,34.22639999999859,2753.0,1858.0,0.0,0.0,179.0,126.0,1.0,1.0,5.0,5.0,0.0,0.0,-1688.7999999999981,-1863.0999999999983,-99.9578528,-99.9657736,1,1
0.1,100.0,1440,1,30,30,0,0,300,15.0,5,4,99,0.0,1,flat,42.14720000000938,34.22640000000152,-66.52874771148944,-81.53778830865126,99.58259353893082,99.67906832822304,42.14719999999852,34.22639999999859,2753.0,1858.0,0.0,0.0,179.0,126.0,1.0,1.0,5.0,5.0,217.0,153.0,-1688.7999999999981,-1863.0999999999983,-99.9578528,-99.9657736,1,1
0.1,100.0,1440,1,30,30,0,0,75,25.0,18,25,99,0.0,1,flat,42.04480000000531,91.26240000001019,-66.54503741313526,-75.28101109512734,99.71245717099494,99.40928573740264,42.04479999999924,91.26240000000064,735.0,1156.0,0.0,0.0,40.0,63.0,3.0,1.0,18.0,18.0,73.0,130.0,-2382.299999999996,-8921.300000000065,-99.9579552,-99.9087376,1,1
0.1,100.0,1440,1,30,30,0,0,75,5.3,18,2,5,0.1,3,inc_every3,41.92240000000393,60.628499999998326,-66.56455038618978,-78.11348441616505,99.59044157874168,99.44184211814476,41.92240000000325,56.600000009531016,2528.0,2395.0,0.0,0.0,181.0,170.0,1.0,1.0,7.0,7.0,0.0,0.0,-179.59999999999994,-338.2999999999999,-99.9580776,-99.94339999999048,1,1
0.1,100.0,1440,1,30,30,0,0,75,5.3,8,2,5,0.1,3,inc_every3,41.92240000000393,60.628499999998326,-66.56455038618978,-78.11348441616505,99.59044157874168,99.44184211814476,41.92240000000325,56.600000009531016,2528.0,2395.0,0.0,0.0,181.0,170.0,1.0,1.0,7.0,7.0,0.0,0.0,-179.59999999999994,-338.2999999999999,-99.9580776,-99.94339999999048,1,1
0.1,100.0,1440,1,30,30,0,0,75,5.3,12,2,5,0.1,3,inc_every3,41.92240000000393,60.628499999998326,-66.56455038618978,-78.11348441616505,99.59044157874168,99.44184211814476,41.92240000000325,56.600000009531016,2528.0,2395.0,0.0,0.0,181.0,170.0,1.0,1.0,7.0,7.0,0.0,0.0,-179.59999999999994,-338.2999999999999,-99.9580776,-99.94339999999048,1,1
0.1,100.0,1440,1,30,30,0,0,75,10.0,8,25,99,0.0,1,flat,41.70000000000006,78.23269999998413,-66.60012226043872,-76.38859827951516,99.59547161025584,99.26603401851997,41.69999999999757,78.23269999998413,1396.0,1958.0,1.0,8.0,19.0,25.0,2.0,1.0,8.0,8.0,154.0,210.0,-1667.6999999999944,-5760.100000000075,-99.95830000000001,-99.92176730000001,1,1
0.1,100.0,1440,1,30,30,0,0,150,15.0,8,0,5,0.1,3,inc_every3,41.45220000001146,49.14080000000365,-66.63993593592946,-79.43979937424882,99.60259807493192,99.51842102684216,41.45220000000171,49.1407999999991,372.0,315.0,3.0,2.0,0.0,0.0,2.0,2.0,8.0,8.0,28.0,17.0,-6023.400000000011,-2484.2999999999893,-99.9585478,-99.9508592,1,1
0.1,100.0,1440,1,30,30,0,0,200,15.0,8,0,5,0.1,3,inc_every3,41.3609999999983,37.17930000000098,-66.65463684329853,-81.07749521889082,99.61083354503631,99.6380378908836,41.360999999998285,37.17930000000041,368.0,397.0,2.0,2.0,0.0,0.0,2.0,3.0,8.0,8.0,21.0,15.0,-5415.099999999996,-2186.999999999993,-99.958639,-99.9628207,1,1
0.1,100.0,1440,1,30,30,0,0,150,5.3,3,4,5,0.1,3,inc_every3,41.235900000003795,33.15060000000409,-66.67484446696754,-81.71241361021818,99.59214776717272,99.6718054826798,41.235900000000925,33.1505999999967,4995.0,4422.0,1.0,0.0,118.0,105.0,1.0,1.0,3.0,3.0,742.0,664.0,-993.4000000000001,-1471.1999999999905,-99.9587641,-99.9668494,1,1
0.1,100.0,1440,1,30,30,0,0,150,5.3,3,4,99,0.0,1,flat,41.235900000003795,33.15060000000409,-66.67484446696754,-81.71241361021818,99.59214776717272,99.6718054826798,41.235900000000925,33.1505999999967,4995.0,4422.0,1.0,0.0,118.0,105.0,1.0,1.0,3.0,3.0,742.0,664.0,-993.4000000000001,-1471.1999999999905,-99.9587641,-99.9668494,1,1
0.1,100.0,1440,1,30,30,0,0,400,5.3,18,25,99,0.0,1,flat,41.1918000000031,14093.300000004063,-66.68197970824106,10.749731943849739,99.66844176855525,39.885799187183615,41.19180000000165,8253.800000002639,3849.0,4038.0,9.0,24.0,13.0,8.0,2.0,0.0,11.0,11.0,0.0,0.0,-2089.6000000000004,-3698.799999999991,-99.95880819999999,-19.02186643051749,1,0
0.1,100.0,1440,1,30,30,0,0,400,5.3,12,25,99,0.0,1,flat,41.1918000000031,14093.300000004063,-66.68197970824106,10.749731943849739,99.66844176855525,39.885799187183615,41.19180000000165,8253.800000002639,3849.0,4038.0,9.0,24.0,13.0,8.0,2.0,0.0,11.0,11.0,0.0,0.0,-2089.6000000000004,-3698.799999999991,-99.95880819999999,-19.02186643051749,1,0
0.1,100.0,1440,1,30,30,0,0,100,25.0,18,10,99,0.0,1,flat,41.10000000068942,46.138400000015324,-66.69685227963204,-79.82192212498704,99.59871510724666,99.61835341996638,41.10000000068942,46.13840000000266,391.0,674.0,0.0,0.0,42.0,70.0,1.0,2.0,15.0,15.0,0.0,0.0,-459.8000000000002,-1957.4000000000003,-99.9588999999993,-99.9538616,1,1
0.1,100.0,1440,1,30,30,0,0,400,25.0,18,25,5,0.1,3,inc_every3,41.08260000000598,10645.800000003816,-66.6996742588056,1.8796925140882381,99.72975885069268,56.17154126176095,41.082600000002515,6704.200000002489,881.0,926.0,0.0,0.0,20.0,17.0,2.0,0.0,10.0,10.0,0.0,0.0,-2127.700000000001,-4056.199999999994,-99.9589174,-60.46339000943366,1,0
0.1,100.0,1440,1,30,30,0,0,400,25.0,12,25,5,0.1,3,inc_every3,41.08260000000598,10645.800000003816,-66.6996742588056,1.8796925140882381,99.72975885069268,56.17154126176095,41.082600000002515,6704.200000002489,881.0,926.0,0.0,0.0,20.0,17.0,2.0,0.0,10.0,10.0,0.0,0.0,-2127.700000000001,-4056.199999999994,-99.9589174,-60.46339000943366,1,0
0.1,100.0,1440,1,30,30,0,0,400,10.0,8,25,5,0.1,3,inc_every3,41.019299999997116,3836.400000004187,-66.70994849607766,-24.80559872997268,99.5943061448536,89.90856651936144,41.019299999997116,1315.600000003948,2416.0,2506.0,1.0,6.0,17.0,16.0,2.0,0.0,8.0,8.0,34.0,27.0,-2106.800000000001,-3643.399999999981,-99.9589807,-98.68439999999605,1,1
0.1,100.0,1440,1,30,30,0,0,150,5.3,8,0,5,0.1,3,inc_every3,40.90739999999988,105.6312000000222,-66.72814207698903,-74.18174351359195,99.59766115231034,99.2578911291508,40.90739999999988,75.78489999999388,1150.0,744.0,3.0,2.0,0.0,0.0,2.0,2.0,8.0,8.0,21.0,12.0,-3171.999999999982,-1104.300000000002,-99.9590926,-99.92421510000001,1,1
0.1,100.0,1440,1,30,30,0,0,150,10.0,8,0,5,0.1,3,inc_every3,40.8714000000015,32.43120000000846,-66.73400370314026,-81.83142065443515,99.60264247797937,99.68220595584556,40.87139999999832,32.43120000000516,624.0,500.0,4.0,2.0,0.0,0.0,3.0,3.0,8.0,8.0,27.0,16.0,-5449.999999999997,-2377.399999999991,-99.9591286,-99.9675688,1,1
0.1,100.0,1440,1,30,30,0,0,75,15.0,18,0,99,0.0,1,flat,40.739400000009084,69.89520000000834,-66.75553172728155,-77.16725711008158,99.62150767401255,99.3221100410254,40.739400000000614,69.89519999999709,365.0,245.0,1.0,1.0,0.0,0.0,3.0,2.0,18.0,18.0,19.0,8.0,-5316.000000000028,-1953.599999999997,-99.9592606,-99.93010480000001,1,1
0.1,100.0,1440,1,30,30,0,0,100,5.3,3,6,5,0.1,3,inc_every3,40.731000000003746,32.72579999999573,-66.75690357970848,-81.78246433637602,99.59971893549276,99.6728957390027,40.73100000000056,32.72579999999573,4286.0,4341.0,6.0,20.0,76.0,76.0,1.0,1.0,3.0,3.0,955.0,1001.0,-1333.099999999992,-2423.599999999979,-99.959269,-99.9672742,1,1
0.1,100.0,1440,1,30,30,0,0,100,5.3,3,6,99,0.0,1,flat,40.731000000003746,32.72579999999573,-66.75690357970848,-81.78246433637602,99.59971893549276,99.6728957390027,40.73100000000056,32.72579999999573,4286.0,4341.0,6.0,20.0,76.0,76.0,1.0,1.0,3.0,3.0,955.0,1001.0,-1333.099999999992,-2423.599999999979,-99.959269,-99.9672742,1,1
0.1,100.0,1440,1,30,30,0,0,300,10.0,5,6,5,0.1,3,inc_every3,40.71149999999605,2718.5000000020445,-66.7600891097858,-32.13127702933106,99.6019641966739,82.03381673806386,40.71149999999605,1941.3000000020106,2814.0,3231.0,0.0,0.0,83.0,86.0,1.0,0.0,5.0,5.0,139.0,172.0,-1151.500000000003,-2224.6999999999944,-99.9592885,-98.05869999999798,1,1
0.1,100.0,1440,1,30,30,0,0,300,10.0,5,6,99,0.0,1,flat,40.71149999999605,2718.5000000020445,-66.7600891097858,-32.13127702933106,99.6019641966739,82.03381673806386,40.71149999999605,1941.3000000020106,2814.0,3231.0,0.0,0.0,83.0,86.0,1.0,0.0,5.0,5.0,139.0,172.0,-1151.500000000003,-2224.6999999999944,-99.9592885,-98.05869999999798,1,1
0.1,100.0,1440,1,30,30,0,0,300,10.0,5,10,5,0.1,3,inc_every3,40.66020000000165,3968.8000000015163,-66.76847533690456,-24.042546791037122,99.59878629999112,65.48947940332509,40.660199999999804,3493.5000000013965,2935.0,2801.0,0.0,3.0,52.0,45.0,1.0,0.0,5.0,5.0,140.0,145.0,-1926.0000000000014,-2838.6999999999925,-99.9593398,-105.02150559768731,1,0
0.1,100.0,1440,1,30,30,0,0,300,10.0,5,10,99,0.0,1,flat,40.66020000000165,3968.8000000015163,-66.76847533690456,-24.042546791037122,99.59878629999112,65.48947940332509,40.660199999999804,3493.5000000013965,2935.0,2801.0,0.0,3.0,52.0,45.0,1.0,0.0,5.0,5.0,140.0,145.0,-1926.0000000000014,-2838.6999999999925,-99.9593398,-105.02150559768731,1,0
0.1,100.0,1440,1,30,30,0,0,200,5.3,3,6,5,0.1,3,inc_every3,40.62420000000634,378.10000000520085,-66.77436546347496,-62.266324814472284,99.59862665863078,97.5589999999479,40.62420000000168,244.10000000520984,4157.0,4389.0,5.0,19.0,64.0,65.0,1.0,0.0,3.0,3.0,479.0,493.0,-1012.0000000000008,-2224.399999999978,-99.9593758,-99.7558999999948,1,1
0.1,100.0,1440,1,30,30,0,0,200,5.3,3,6,99,0.0,1,flat,40.62420000000634,378.10000000520085,-66.77436546347496,-62.266324814472284,99.59862665863078,97.5589999999479,40.62420000000168,244.10000000520984,4157.0,4389.0,5.0,19.0,64.0,65.0,1.0,0.0,3.0,3.0,479.0,493.0,-1012.0000000000008,-2224.399999999978,-99.9593758,-99.7558999999948,1,1
0.1,100.0,1440,1,30,30,0,0,300,5.3,5,2,5,0.1,3,inc_every3,40.60200000000265,33.86880000000568,-66.77799978968434,-81.59540109992322,99.59702647981264,99.66156582563076,40.60199999999773,33.868800000001954,4743.0,3784.0,0.0,0.0,198.0,166.0,1.0,1.0,4.0,4.0,0.0,0.0,-494.0000000000001,-633.5000000000018,-99.95939800000001,-99.96613119999999,1,1
0.1,100.0,1440,1,30,30,0,0,300,5.3,12,2,99,0.0,1,flat,40.60200000000265,33.86880000000568,-66.77799978968434,-81.59540109992322,99.59702647981264,99.66156582563076,40.60199999999773,33.868800000001954,4743.0,3784.0,0.0,0.0,198.0,166.0,1.0,1.0,4.0,4.0,0.0,0.0,-494.0000000000001,-633.5000000000018,-99.95939800000001,-99.96613119999999,1,1
0.1,100.0,1440,1,30,30,0,0,300,5.3,8,2,99,0.0,1,flat,40.60200000000265,33.86880000000568,-66.77799978968434,-81.59540109992322,99.59702647981264,99.66156582563076,40.60199999999773,33.868800000001954,4743.0,3784.0,0.0,0.0,198.0,166.0,1.0,1.0,4.0,4.0,0.0,0.0,-494.0000000000001,-633.5000000000018,-99.95939800000001,-99.96613119999999,1,1
0.1,100.0,1440,1,30,30,0,0,300,5.3,18,2,99,0.0,1,flat,40.60200000000265,33.86880000000568,-66.77799978968434,-81.59540109992322,99.59702647981264,99.66156582563076,40.60199999999773,33.868800000001954,4743.0,3784.0,0.0,0.0,198.0,166.0,1.0,1.0,4.0,4.0,0.0,0.0,-494.0000000000001,-633.5000000000018,-99.95939800000001,-99.96613119999999,1,1
0.1,100.0,1440,1,30,30,0,0,300,5.3,18,2,5,0.1,3,inc_every3,40.60200000000265,33.86880000000568,-66.77799978968434,-81.59540109992322,99.59702647981264,99.66156582563076,40.60199999999773,33.868800000001954,4743.0,3784.0,0.0,0.0,198.0,166.0,1.0,1.0,4.0,4.0,0.0,0.0,-494.0000000000001,-633.5000000000018,-99.95939800000001,-99.96613119999999,1,1
0.1,100.0,1440,1,30,30,0,0,300,5.3,8,2,5,0.1,3,inc_every3,40.60200000000265,33.86880000000568,-66.77799978968434,-81.59540109992322,99.59702647981264,99.66156582563076,40.60199999999773,33.868800000001954,4743.0,3784.0,0.0,0.0,198.0,166.0,1.0,1.0,4.0,4.0,0.0,0.0,-494.0000000000001,-633.5000000000018,-99.95939800000001,-99.96613119999999,1,1
0.1,100.0,1440,1,30,30,0,0,300,5.3,5,2,99,0.0,1,flat,40.60200000000265,33.86880000000568,-66.77799978968434,-81.59540109992322,99.59702647981264,99.66156582563076,40.60199999999773,33.868800000001954,4743.0,3784.0,0.0,0.0,198.0,166.0,1.0,1.0,4.0,4.0,0.0,0.0,-494.0000000000001,-633.5000000000018,-99.95939800000001,-99.96613119999999,1,1
0.1,100.0,1440,1,30,30,0,0,300,5.3,12,2,5,0.1,3,inc_every3,40.60200000000265,33.86880000000568,-66.77799978968434,-81.59540109992322,99.59702647981264,99.66156582563076,40.60199999999773,33.868800000001954,4743.0,3784.0,0.0,0.0,198.0,166.0,1.0,1.0,4.0,4.0,0.0,0.0,-494.0000000000001,-633.5000000000018,-99.95939800000001,-99.96613119999999,1,1
0.1,100.0,1440,1,30,30,0,0,150,15.0,12,0,99,0.0,1,flat,40.57980000000279,36.03150000000528,-66.7816357057207,-81.25325083936197,99.61016571401127,99.64557902088274,40.579799999997874,36.03149999999846,348.0,279.0,1.0,1.0,0.0,0.0,2.0,2.0,12.0,12.0,14.0,7.0,-5758.999999999937,-1335.0000000000045,-99.9594202,-99.96396850000001,1,1
0.1,100.0,1440,1,30,30,0,0,75,5.3,3,6,5,0.1,3,inc_every3,40.572000000001026,33.18839999999693,-66.78291356744943,-81.70621089769836,99.59971980781187,99.66829843586031,40.571999999998866,33.18839999999693,4280.0,4037.0,8.0,14.0,81.0,76.0,1.0,1.0,3.0,3.0,1219.0,1151.0,-1446.8999999999874,-2392.1999999999766,-99.959428,-99.9668116,1,1
0.1,100.0,1440,1,30,30,0,0,75,5.3,3,6,99,0.0,1,flat,40.572000000001026,33.18839999999693,-66.78291356744943,-81.70621089769836,99.59971980781187,99.66829843586031,40.571999999998866,33.18839999999693,4280.0,4037.0,8.0,14.0,81.0,76.0,1.0,1.0,3.0,3.0,1219.0,1151.0,-1446.8999999999874,-2392.1999999999766,-99.959428,-99.9668116,1,1
0.1,100.0,1440,1,30,30,0,0,400,5.3,5,10,99,0.0,1,flat,40.48560000000356,1355.000000004351,-66.79708150369423,-44.83222190118453,99.60959296438797,88.84581829713757,40.48560000000322,1125.1000000043584,2754.0,4346.0,2.0,15.0,27.0,35.0,1.0,0.0,5.0,5.0,54.0,89.0,-771.3000000000017,-2610.199999999992,-99.9595144,-98.87489999999565,1,1
0.1,100.0,1440,1,30,30,0,0,400,5.3,5,10,5,0.1,3,inc_every3,40.48560000000356,1355.000000004351,-66.79708150369423,-44.83222190118453,99.60959296438797,88.84581829713757,40.48560000000322,1125.1000000043584,2754.0,4346.0,2.0,15.0,27.0,35.0,1.0,0.0,5.0,5.0,54.0,89.0,-771.3000000000017,-2610.199999999992,-99.9595144,-98.87489999999565,1,1
0.1,100.0,1440,1,30,30,0,0,400,5.3,3,6,99,0.0,1,flat,40.481400000005806,32.3399999999973,-66.79777083899626,-81.84663947133022,99.59777632049598,99.67660000000004,40.48140000000285,32.3399999999973,4010.0,4044.0,8.0,18.0,57.0,56.0,1.0,1.0,3.0,3.0,231.0,247.0,-988.5000000000043,-1997.2999999999784,-99.9595186,-99.96766000000001,1,1
0.1,100.0,1440,1,30,30,0,0,400,5.3,3,6,5,0.1,3,inc_every3,40.481400000005806,32.3399999999973,-66.79777083899626,-81.84663947133022,99.59777632049598,99.67660000000004,40.48140000000285,32.3399999999973,4010.0,4044.0,8.0,18.0,57.0,56.0,1.0,1.0,3.0,3.0,231.0,247.0,-988.5000000000043,-1997.2999999999784,-99.9595186,-99.96766000000001,1,1
0.1,100.0,1440,1,30,30,0,0,200,5.3,3,2,5,0.1,3,inc_every3,40.4058000000021,80.2000000037325,-66.81018866762408,-76.21345060166679,99.60078448420657,99.19799999996276,40.405800000000966,80.20000000372346,4925.0,3679.0,0.0,0.0,221.0,173.0,1.0,0.0,3.0,3.0,623.0,417.0,-530.5000000000009,-585.200000000002,-99.9595942,-99.91979999999627,1,1
0.1,100.0,1440,1,30,30,0,0,200,5.3,3,2,99,0.0,1,flat,40.4058000000021,80.2000000037325,-66.81018866762408,-76.21345060166679,99.60078448420657,99.19799999996276,40.405800000000966,80.20000000372346,4925.0,3679.0,0.0,0.0,221.0,173.0,1.0,0.0,3.0,3.0,623.0,417.0,-530.5000000000009,-585.200000000002,-99.9595942,-99.91979999999627,1,1
0.1,100.0,1440,1,30,30,0,0,400,15.0,8,10,5,0.1,3,inc_every3,40.26059999999967,5058.500000003485,-66.83409100047801,-18.356086165761244,99.61559922089828,55.64381662511011,40.26059999999967,4735.200000003497,1698.0,1780.0,0.0,1.0,47.0,43.0,1.0,0.0,7.0,7.0,0.0,0.0,-1350.2000000000046,-2836.899999999998,-99.9597394,-79.64371941598147,1,0
0.1,100.0,1440,1,30,30,0,0,400,15.0,12,10,5,0.1,3,inc_every3,40.26059999999967,5058.500000003485,-66.83409100047801,-18.356086165761244,99.61559922089828,55.64381662511011,40.26059999999967,4735.200000003497,1698.0,1780.0,0.0,1.0,47.0,43.0,1.0,0.0,7.0,7.0,0.0,0.0,-1350.2000000000046,-2836.899999999998,-99.9597394,-79.64371941598147,1,0
0.1,100.0,1440,1,30,30,0,0,400,15.0,18,10,5,0.1,3,inc_every3,40.26059999999967,5058.500000003485,-66.83409100047801,-18.356086165761244,99.61559922089828,55.64381662511011,40.26059999999967,4735.200000003497,1698.0,1780.0,0.0,1.0,47.0,43.0,1.0,0.0,7.0,7.0,0.0,0.0,-1350.2000000000046,-2836.899999999998,-99.9597394,-79.64371941598147,1,0
0.1,100.0,1440,1,30,30,0,0,200,5.3,5,2,5,0.1,3,inc_every3,40.23420000000627,45.80639999999326,-66.83844428491359,-79.8652387605094,99.60247991858753,99.54193600000006,40.234200000000726,45.80639999999326,4602.0,3914.0,0.0,0.0,212.0,183.0,1.0,1.0,5.0,5.0,10.0,10.0,-448.6999999999996,-614.7000000000011,-99.9597658,-99.95419360000001,1,1
0.1,100.0,1440,1,30,30,0,0,200,5.3,18,2,99,0.0,1,flat,40.23420000000627,45.80639999999326,-66.83844428491359,-79.8652387605094,99.60247991858753,99.54193600000006,40.234200000000726,45.80639999999326,4602.0,3914.0,0.0,0.0,212.0,183.0,1.0,1.0,5.0,5.0,0.0,0.0,-448.6999999999996,-614.7000000000011,-99.9597658,-99.95419360000001,1,1
0.1,100.0,1440,1,30,30,0,0,200,5.3,12,2,5,0.1,3,inc_every3,40.23420000000627,45.80639999999326,-66.83844428491359,-79.8652387605094,99.60247991858753,99.54193600000006,40.234200000000726,45.80639999999326,4602.0,3914.0,0.0,0.0,212.0,183.0,1.0,1.0,5.0,5.0,0.0,0.0,-448.6999999999996,-614.7000000000011,-99.9597658,-99.95419360000001,1,1
0.1,100.0,1440,1,30,30,0,0,200,5.3,12,2,99,0.0,1,flat,40.23420000000627,45.80639999999326,-66.83844428491359,-79.8652387605094,99.60247991858753,99.54193600000006,40.234200000000726,45.80639999999326,4602.0,3914.0,0.0,0.0,212.0,183.0,1.0,1.0,5.0,5.0,0.0,0.0,-448.6999999999996,-614.7000000000011,-99.9597658,-99.95419360000001,1,1
0.1,100.0,1440,1,30,30,0,0,200,5.3,8,2,5,0.1,3,inc_every3,40.23420000000627,45.80639999999326,-66.83844428491359,-79.8652387605094,99.60247991858753,99.54193600000006,40.234200000000726,45.80639999999326,4602.0,3914.0,0.0,0.0,212.0,183.0,1.0,1.0,5.0,5.0,0.0,0.0,-448.6999999999996,-614.7000000000011,-99.9597658,-99.95419360000001,1,1
0.1,100.0,1440,1,30,30,0,0,200,5.3,18,2,5,0.1,3,inc_every3,40.23420000000627,45.80639999999326,-66.83844428491359,-79.8652387605094,99.60247991858753,99.54193600000006,40.234200000000726,45.80639999999326,4602.0,3914.0,0.0,0.0,212.0,183.0,1.0,1.0,5.0,5.0,0.0,0.0,-448.6999999999996,-614.7000000000011,-99.9597658,-99.95419360000001,1,1
0.1,100.0,1440,1,30,30,0,0,200,5.3,5,2,99,0.0,1,flat,40.23420000000627,45.80639999999326,-66.83844428491359,-79.8652387605094,99.60247991858753,99.54193600000006,40.234200000000726,45.80639999999326,4602.0,3914.0,0.0,0.0,212.0,183.0,1.0,1.0,5.0,5.0,10.0,10.0,-448.6999999999996,-614.7000000000011,-99.9597658,-99.95419360000001,1,1
0.1,100.0,1440,1,30,30,0,0,200,5.3,8,2,99,0.0,1,flat,40.23420000000627,45.80639999999326,-66.83844428491359,-79.8652387605094,99.60247991858753,99.54193600000006,40.234200000000726,45.80639999999326,4602.0,3914.0,0.0,0.0,212.0,183.0,1.0,1.0,5.0,5.0,0.0,0.0,-448.6999999999996,-614.7000000000011,-99.9597658,-99.95419360000001,1,1
0.1,100.0,1440,1,30,30,0,0,100,15.0,8,10,5,0.1,3,inc_every3,39.99510000000002,36.08730000000115,-66.87797560304493,-81.24461627453655,99.61116199031679,99.6411294974045,39.9950999999966,36.087299999997526,414.0,1243.0,0.0,0.0,26.0,66.0,3.0,2.0,8.0,8.0,50.0,155.0,-212.29999999999984,-1749.1000000000013,-99.9600049,-99.96391270000001,1,1
0.1,100.0,1440,1,30,30,0,0,400,5.3,12,10,99,0.0,1,flat,39.901200000008714,2684.7000000049575,-66.89355215701615,-32.38348655985005,99.61607620513807,80.28929567026452,39.90120000000144,2022.2000000049493,2888.0,4629.0,0.0,14.0,28.0,36.0,1.0,0.0,7.0,7.0,0.0,0.0,-818.1000000000026,-2571.3999999999883,-99.9600988,-142.9620779003791,1,0
0.1,100.0,1440,1,30,30,0,0,400,5.3,18,10,99,0.0,1,flat,39.901200000008714,2684.7000000049575,-66.89355215701615,-32.38348655985005,99.61607620513807,80.28929567026452,39.90120000000144,2022.2000000049493,2888.0,4629.0,0.0,14.0,28.0,36.0,1.0,0.0,7.0,7.0,0.0,0.0,-818.1000000000026,-2571.3999999999883,-99.9600988,-142.9620779003791,1,0
0.1,100.0,1440,1,30,30,0,0,400,5.3,8,10,99,0.0,1,flat,39.901200000008714,2684.7000000049575,-66.89355215701615,-32.38348655985005,99.61607620513807,80.28929567026452,39.90120000000144,2022.2000000049493,2888.0,4629.0,0.0,14.0,28.0,36.0,1.0,0.0,7.0,7.0,0.0,0.0,-818.1000000000026,-2571.3999999999883,-99.9600988,-142.9620779003791,1,0
0.1,100.0,1440,1,30,30,0,0,75,5.3,3,4,99,0.0,1,flat,39.90000000000521,87.60000000923174,-66.89375140807155,-75.58046011790186,99.60634970747542,99.1244815350634,39.90000000000035,87.60000000923128,3659.0,4089.0,0.0,4.0,107.0,116.0,1.0,0.0,3.0,3.0,1047.0,1178.0,-793.299999999999,-1681.1999999999784,-99.9601,-99.91239999999077,1,1
0.1,100.0,1440,1,30,30,0,0,75,5.3,3,4,5,0.1,3,inc_every3,39.90000000000521,87.60000000923174,-66.89375140807155,-75.58046011790186,99.60634970747542,99.1244815350634,39.90000000000035,87.60000000923128,3659.0,4089.0,0.0,4.0,107.0,116.0,1.0,0.0,3.0,3.0,1047.0,1178.0,-793.299999999999,-1681.1999999999784,-99.9601,-99.91239999999077,1,1
0.1,100.0,1440,1,30,30,0,0,100,5.3,3,4,5,0.1,3,inc_every3,39.87839999999915,33.15060000000386,-66.89733874697492,-81.71241361021822,99.60809780258658,99.66864973462474,39.87839999999915,33.15059999999875,4120.0,4068.0,0.0,5.0,110.0,108.0,1.0,1.0,3.0,3.0,918.0,923.0,-829.7999999999988,-1617.1999999999832,-99.96012160000001,-99.9668494,1,1
0.1,100.0,1440,1,30,30,0,0,100,5.3,3,4,99,0.0,1,flat,39.87839999999915,33.15060000000386,-66.89733874697492,-81.71241361021822,99.60809780258658,99.66864973462474,39.87839999999915,33.15059999999875,4120.0,4068.0,0.0,5.0,110.0,108.0,1.0,1.0,3.0,3.0,918.0,923.0,-829.7999999999988,-1617.1999999999832,-99.96012160000001,-99.9668494,1,1
0.1,100.0,1440,1,30,30,0,0,150,25.0,18,15,99,0.0,1,flat,39.86879999999516,6397.900000017711,-66.89893361872628,-12.44493123411755,99.63215234721004,75.38852452956873,39.86879999999516,4000.300000015456,732.0,1299.0,0.0,0.0,42.0,68.0,2.0,0.0,14.0,14.0,0.0,0.0,-1456.0000000000007,-5274.200000000009,-99.9601312,-113.221980293255,1,0
0.1,100.0,1440,1,30,30,0,0,150,25.0,8,10,5,0.1,3,inc_every3,39.79979999999759,102.01409999998066,-66.91040580673247,-74.44805409935782,99.67229207321606,99.13429255170216,39.79979999999759,102.01409999998066,697.0,869.0,0.0,0.0,60.0,74.0,2.0,1.0,8.0,8.0,102.0,131.0,-1063.4000000000012,-2354.1999999999966,-99.9602002,-99.89798590000002,1,1
0.1,100.0,1440,1,30,30,0,0,200,15.0,18,10,5,0.1,3,inc_every3,39.789299999996175,101.3355000000281,-66.91215296887012,-74.49875242485416,99.63016284646706,99.07722463029104,39.789299999996175,101.33550000000218,1331.0,1929.0,0.0,0.0,49.0,69.0,3.0,1.0,9.0,9.0,0.0,0.0,-1038.7000000000012,-2607.499999999995,-99.9602107,-99.8986645,1,1
0.1,100.0,1440,1,30,30,0,0,200,15.0,12,10,5,0.1,3,inc_every3,39.789299999996175,101.3355000000281,-66.91215296887012,-74.49875242485416,99.63016284646706,99.07722463029104,39.789299999996175,101.33550000000218,1331.0,1929.0,0.0,0.0,49.0,69.0,3.0,1.0,9.0,9.0,0.0,0.0,-1038.7000000000012,-2607.499999999995,-99.9602107,-99.8986645,1,1
0.1,100.0,1440,1,30,30,0,0,100,10.0,12,25,5,0.1,3,inc_every3,39.70139999999533,47.2256000000028,-66.92679369663465,-79.68158778052748,99.65027571748212,99.66867830808842,39.70139999999533,47.22560000000095,618.0,1353.0,0.0,0.0,11.0,20.0,3.0,2.0,12.0,12.0,21.0,48.0,-318.00000000000006,-1553.400000000002,-99.9602986,-99.9527744,1,1
0.1,100.0,1440,1,30,30,0,0,300,5.3,18,0,5,0.1,3,inc_every3,39.667200000007,82.00500000001307,-66.9324970960944,-76.05538767742455,99.63339340671527,99.69969128681765,39.66720000000129,82.00499999999613,431.0,2565.0,0.0,5.0,0.0,0.0,3.0,2.0,18.0,18.0,1.0,1.0,-260.69999999999993,-2684.299999999999,-99.9603328,-99.917995,1,1
0.1,100.0,1440,1,30,30,0,0,200,15.0,8,10,5,0.1,3,inc_every3,39.58440000000539,56.24300000000312,-66.94632163274225,-78.59707415224763,99.63157424470879,99.45456573179726,39.58439999999956,56.24299999999528,1463.0,1819.0,0.0,0.0,54.0,65.0,2.0,1.0,8.0,8.0,80.0,101.0,-1177.2000000000028,-2424.499999999994,-99.9604156,-99.943757,1,1
0.1,100.0,1440,1,30,30,0,0,200,10.0,18,25,5,0.1,3,inc_every3,39.43860000000302,42.96719999999871,-66.9707211640571,-80.24499712110264,99.68757298012419,99.61187660900596,39.438599999999354,42.96719999999743,1536.0,1075.0,0.0,0.0,15.0,11.0,3.0,3.0,13.0,13.0,0.0,0.0,-984.6000000000003,-1116.0000000000016,-99.9605614,-99.95703280000001,1,1
0.1,100.0,1440,1,30,30,0,0,300,5.3,3,6,5,0.1,3,inc_every3,39.39300000000708,1353.6000000026033,-66.97836710422852,-44.849189898725925,99.60902576521495,88.50562078438585,39.39300000000094,1150.3000000025868,5246.0,4279.0,10.0,18.0,72.0,59.0,1.0,0.0,3.0,3.0,406.0,330.0,-1512.899999999991,-2094.899999999975,-99.960607,-98.84969999999741,1,1
0.1,100.0,1440,1,30,30,0,0,300,5.3,3,6,99,0.0,1,flat,39.39300000000708,1353.6000000026033,-66.97836710422852,-44.849189898725925,99.60902576521495,88.50562078438585,39.39300000000094,1150.3000000025868,5246.0,4279.0,10.0,18.0,72.0,59.0,1.0,0.0,3.0,3.0,406.0,330.0,-1512.899999999991,-2094.899999999975,-99.960607,-98.84969999999741,1,1
0.1,100.0,1440,1,30,30,0,0,100,15.0,8,10,99,0.0,1,flat,39.32760000000741,33.66330000000245,-66.9893453594274,-81.62870267372098,99.63424351772626,99.67548441205389,39.327600000003144,33.663300000001925,1169.0,1660.0,0.0,0.0,59.0,79.0,1.0,1.0,8.0,8.0,159.0,214.0,-1075.3999999999996,-2617.0999999999945,-99.96067239999999,-99.9663367,1,1
0.1,100.0,1440,1,30,30,0,0,300,25.0,18,25,99,0.0,1,flat,39.322199999997196,6736.700000000448,-66.99025247335499,-11.09014285408777,99.64439721827839,71.8800343679513,39.32219999999646,3141.900000000096,810.0,921.0,0.0,1.0,20.0,20.0,2.0,0.0,13.0,13.0,0.0,0.0,-2122.3000000000006,-4979.299999999988,-99.9606778,-104.85021158999037,1,0
0.1,100.0,1440,1,30,30,0,0,200,10.0,18,25,99,0.0,1,flat,39.30990000001083,58.057000000006326,-66.99231904932138,-78.39394035467261,99.63101075712926,99.602537157097,39.30989999999841,58.057000000003086,1322.0,1601.0,0.0,1.0,13.0,15.0,2.0,2.0,16.0,16.0,0.0,0.0,-1053.1999999999998,-2001.9000000000012,-99.96069010000001,-99.941943,1,1
0.1,100.0,1440,1,30,30,0,0,200,15.0,18,25,99,0.0,1,flat,39.25140000000181,6078.000000010463,-67.00215497206253,-13.77121742629226,99.69312547397725,93.61792538728835,39.25140000000181,946.2000000060871,1148.0,2050.0,0.0,1.0,18.0,27.0,2.0,0.0,16.0,16.0,0.0,0.0,-1583.0000000000002,-5666.600000000006,-99.9607486,-99.05379999999391,1,1
0.1,100.0,1440,1,30,30,0,0,200,5.3,8,4,99,0.0,1,flat,38.99430000001169,60.163000000008026,-67.04552210628447,-78.16362539784693,99.61473032120377,99.39836999999999,38.99430000000342,60.16300000000268,2699.0,3040.0,0.0,0.0,74.0,80.0,1.0,1.0,6.0,6.0,0.0,0.0,-338.9999999999999,-733.4000000000016,-99.9610057,-99.939837,1,1
0.1,100.0,1440,1,30,30,0,0,200,5.3,18,4,99,0.0,1,flat,38.99430000001169,60.163000000008026,-67.04552210628447,-78.16362539784693,99.61473032120377,99.39836999999999,38.99430000000342,60.16300000000268,2699.0,3040.0,0.0,0.0,74.0,80.0,1.0,1.0,6.0,6.0,0.0,0.0,-338.9999999999999,-733.4000000000016,-99.9610057,-99.939837,1,1
0.1,100.0,1440,1,30,30,0,0,200,5.3,12,4,99,0.0,1,flat,38.99430000001169,60.163000000008026,-67.04552210628447,-78.16362539784693,99.61473032120377,99.39836999999999,38.99430000000342,60.16300000000268,2699.0,3040.0,0.0,0.0,74.0,80.0,1.0,1.0,6.0,6.0,0.0,0.0,-338.9999999999999,-733.4000000000016,-99.9610057,-99.939837,1,1
0.1,100.0,1440,1,30,30,0,0,200,25.0,18,25,99,0.0,1,flat,38.97540000000632,65.46720000000431,-67.04871913726187,-77.60763864270871,99.63847060023934,99.42284051838143,38.97540000000143,65.46719999999505,524.0,1075.0,0.0,0.0,17.0,31.0,2.0,2.0,16.0,16.0,0.0,0.0,-1091.3999999999996,-5753.500000000003,-99.9610246,-99.9345328,1,1
0.1,100.0,1440,1,30,30,0,0,150,10.0,12,4,5,0.1,3,inc_every3,38.936400000006486,46.82400000000408,-67.0553201068058,-79.73315884772884,99.61757697785204,99.53304878535246,38.93639999999894,46.823999999997284,1657.0,2012.0,0.0,0.0,101.0,116.0,1.0,1.0,7.0,7.0,0.0,0.0,-374.19999999999976,-888.1000000000003,-99.9610636,-99.953176,1,1
0.1,100.0,1440,1,30,30,0,0,150,10.0,18,4,5,0.1,3,inc_every3,38.936400000006486,46.82400000000408,-67.0553201068058,-79.73315884772884,99.61757697785204,99.53304878535246,38.93639999999894,46.823999999997284,1657.0,2012.0,0.0,0.0,101.0,116.0,1.0,1.0,7.0,7.0,0.0,0.0,-374.19999999999976,-888.1000000000003,-99.9610636,-99.953176,1,1
0.1,100.0,1440,1,30,30,0,0,150,10.0,8,4,5,0.1,3,inc_every3,38.936400000006486,46.82400000000408,-67.0553201068058,-79.73315884772884,99.61757697785204,99.53304878535246,38.93639999999894,46.823999999997284,1657.0,2012.0,0.0,0.0,101.0,116.0,1.0,1.0,7.0,7.0,0.0,0.0,-374.19999999999976,-888.1000000000003,-99.9610636,-99.953176,1,1
0.1,100.0,1440,1,30,30,0,0,100,5.3,18,10,99,0.0,1,flat,38.84640000000161,71.55179999999973,-67.07057332179986,-77.0075423365489,99.62015097586733,99.31275524905394,38.8464000000011,71.55179999999973,1772.0,2476.0,0.0,0.0,27.0,35.0,2.0,1.0,14.0,14.0,0.0,0.0,-312.3,-995.4000000000008,-99.9611536,-99.9284482,1,1
0.1,100.0,1440,1,30,30,0,0,200,10.0,8,10,99,0.0,1,flat,38.80710000000232,78.72550000000524,-67.07724276017642,-76.34443671940399,99.62237413152208,99.25155914285179,38.80710000000232,78.72549999999569,1582.0,3143.0,0.0,0.0,37.0,62.0,1.0,1.0,8.0,8.0,61.0,109.0,-754.2000000000011,-3321.799999999982,-99.9611929,-99.92127450000001,1,1
0.1,100.0,1440,1,30,30,0,0,100,15.0,12,15,5,0.1,3,inc_every3,47.258000000010014,106.07759999998746,-65.7532644512004,-74.14932343558307,99.62538028413894,99.38203278807495,38.788499999970156,68.11420000001544,408.0,557.0,0.0,0.0,19.0,26.0,3.0,2.0,12.0,12.0,23.0,35.0,-257.0,-1017.0999999999997,-99.96121150000003,-99.93188579999999,1,1
0.1,100.0,1440,1,30,30,0,0,150,10.0,12,15,99,0.0,1,flat,38.691000000004664,100.54529999999602,-67.09697720991802,-74.55808983556278,99.65429462379049,99.06592004905215,38.69099999999824,100.54529999999488,1655.0,3386.0,0.0,3.0,29.0,51.0,2.0,1.0,12.0,12.0,40.0,81.0,-934.0000000000006,-4708.8999999999805,-99.961309,-99.8994547,1,1
0.1,100.0,1440,1,30,30,0,0,150,10.0,8,15,5,0.1,3,inc_every3,38.681100000005884,45.47880000000464,-67.09866218319213,-79.90819802635038,99.62446627768128,99.55801626869597,38.68109999999754,45.47879999999469,1741.0,2897.0,0.0,0.0,30.0,46.0,3.0,2.0,8.0,8.0,79.0,145.0,-926.4000000000015,-3027.099999999986,-99.96131890000001,-99.9545212,1,1
0.1,100.0,1440,1,30,30,0,0,200,5.3,5,6,99,0.0,1,flat,38.664300000001205,45.559600000007094,-67.10152232130501,-79.89758231381148,99.61919099397238,99.55864220254594,38.66429999999667,45.5595999999955,2951.0,4402.0,0.0,0.0,53.0,70.0,1.0,1.0,5.0,5.0,152.0,208.0,-607.5000000000005,-1524.8999999999999,-99.9613357,-99.95444040000001,1,1
0.1,100.0,1440,1,30,30,0,0,200,5.3,5,6,5,0.1,3,inc_every3,38.664300000001205,45.559600000007094,-67.10152232130501,-79.89758231381148,99.61919099397238,99.55864220254594,38.66429999999667,45.5595999999955,2951.0,4402.0,0.0,0.0,53.0,70.0,1.0,1.0,5.0,5.0,152.0,208.0,-607.5000000000005,-1524.8999999999999,-99.9613357,-99.95444040000001,1,1
0.1,100.0,1440,1,30,30,0,0,75,15.0,3,2,5,0.1,3,inc_every3,38.600000007903276,101.20000000708546,-67.11247834968307,-74.50890419663014,99.62192816627426,99.01660690506104,38.600000007897904,101.20000000707455,2039.0,1792.0,0.0,0.0,368.0,321.0,0.0,0.0,3.0,3.0,1261.0,1091.0,-1150.1999999999966,-1484.8999999999864,-99.9613999999921,-99.89879999999293,1,1
0.1,100.0,1440,1,30,30,0,0,75,15.0,3,2,99,0.0,1,flat,38.600000007903276,101.20000000708546,-67.11247834968307,-74.50890419663014,99.62192816627426,99.01660690506104,38.600000007897904,101.20000000707455,2039.0,1792.0,0.0,0.0,368.0,321.0,0.0,0.0,3.0,3.0,1261.0,1091.0,-1150.1999999999966,-1484.8999999999864,-99.9613999999921,-99.89879999999293,1,1
0.1,100.0,1440,1,30,30,0,0,200,25.0,8,10,99,0.0,1,flat,38.47920000000383,6012.000000006476,-67.1331009104741,-14.05092071783226,99.69777805703698,69.73910427229656,38.47920000000289,4224.300000005595,1442.0,1210.0,0.0,0.0,96.0,76.0,1.0,0.0,8.0,8.0,141.0,132.0,-2842.6999999999975,-3688.999999999985,-99.9615208,-103.52912926242537,1,0
0.1,100.0,1440,1,30,30,0,0,150,15.0,12,15,99,0.0,1,flat,38.412900000011405,8064.500000021209,-67.14444143744065,-6.200690996443536,99.64853284290857,67.31737170111543,38.41290000000072,5233.600000018332,1151.0,2429.0,0.0,1.0,34.0,60.0,2.0,0.0,12.0,12.0,48.0,101.0,-1111.9000000000005,-5066.299999999984,-99.9615871,-90.83543439867441,1,0
0.1,100.0,1440,1,30,30,0,0,100,10.0,18,10,5,0.1,3,inc_every3,38.14560000000269,59.93449999999939,-67.1903221632838,-78.18833786636668,99.62965077330848,99.4088017124031,38.145599999999064,59.93449999999939,982.0,1592.0,0.0,0.0,37.0,53.0,2.0,3.0,12.0,12.0,0.0,0.0,-246.09999999999985,-1179.0000000000007,-99.9618544,-99.9400655,1,1
0.1,100.0,1440,1,30,30,0,0,100,10.0,12,10,5,0.1,3,inc_every3,38.14560000000269,59.93449999999939,-67.1903221632838,-78.18833786636668,99.62965077330848,99.4088017124031,38.145599999999064,59.93449999999939,982.0,1592.0,0.0,0.0,37.0,53.0,2.0,3.0,12.0,12.0,41.0,57.0,-246.09999999999985,-1179.0000000000007,-99.9618544,-99.9400655,1,1
0.1,100.0,1440,1,30,30,0,0,150,10.0,8,25,5,0.1,3,inc_every3,38.078400000006155,33.900600000007785,-67.20189715059199,-81.59026055442013,99.62979641836314,99.69051005596286,38.07840000000314,33.900599999999855,800.0,3012.0,0.0,4.0,10.0,29.0,2.0,2.0,8.0,8.0,29.0,157.0,-539.9,-5817.699999999986,-99.9619216,-99.9660994,1,1
0.1,100.0,1440,1,30,30,0,0,100,5.3,8,6,5,0.1,3,inc_every3,38.023200000003655,23.794099999981057,-67.21141740551167,-83.43090498746182,99.62820041459696,99.76245095592297,38.023199999998724,23.794099999975373,2405.0,1938.0,0.0,0.0,57.0,48.0,2.0,2.0,8.0,8.0,101.0,80.0,-287.8999999999998,-600.1,-99.9619768,-99.97620590000002,1,1
0.1,100.0,1440,1,30,30,0,0,400,5.3,3,4,5,0.1,3,inc_every3,37.94580000000087,22.879800000002803,-67.22478509430148,-83.62297881639911,99.62325830760219,99.77554299841074,37.94580000000087,22.87979999999854,5327.0,4292.0,2.0,8.0,106.0,88.0,1.0,1.0,3.0,3.0,326.0,263.0,-1262.3000000000004,-1575.8999999999924,-99.9620542,-99.9771202,1,1
0.1,100.0,1440,1,30,30,0,0,400,5.3,3,4,99,0.0,1,flat,37.94580000000087,22.879800000002803,-67.22478509430148,-83.62297881639911,99.62325830760219,99.77554299841074,37.94580000000087,22.87979999999854,5327.0,4292.0,2.0,8.0,106.0,88.0,1.0,1.0,3.0,3.0,326.0,263.0,-1262.3000000000004,-1575.8999999999924,-99.9620542,-99.9771202,1,1
0.1,100.0,1440,1,30,30,0,0,400,5.3,3,10,5,0.1,3,inc_every3,37.900200000012205,3119.3000000027555,-67.2326708448813,-29.296115895815955,99.62342315488254,70.90759713896517,37.900200000001405,3009.900000002746,4180.0,3035.0,12.0,24.0,35.0,24.0,1.0,0.0,3.0,3.0,232.0,197.0,-1753.7999999999845,-2303.999999999981,-99.9620998,-121.1113101737463,1,0
0.1,100.0,1440,1,30,30,0,0,400,5.3,3,10,99,0.0,1,flat,37.900200000012205,3119.3000000027555,-67.2326708448813,-29.296115895815955,99.62342315488254,70.90759713896517,37.900200000001405,3009.900000002746,4180.0,3035.0,12.0,24.0,35.0,24.0,1.0,0.0,3.0,3.0,232.0,197.0,-1753.7999999999845,-2303.999999999981,-99.9620998,-121.1113101737463,1,0
0.1,100.0,1440,1,30,30,0,0,400,15.0,5,10,99,0.0,1,flat,37.87350000000225,5476.800000002753,-67.23729168276034,-16.402799822100743,99.6341042807872,50.01149271167989,37.87349999999884,5219.50000000275,2008.0,1601.0,0.0,2.0,53.0,38.0,1.0,0.0,5.0,5.0,98.0,97.0,-2024.6000000000017,-2878.799999999997,-99.9621265,-66.42578524546053,1,0
0.1,100.0,1440,1,30,30,0,0,400,15.0,5,10,5,0.1,3,inc_every3,37.87350000000225,5476.800000002753,-67.23729168276034,-16.402799822100743,99.6341042807872,50.01149271167989,37.87349999999884,5219.50000000275,2008.0,1601.0,0.0,2.0,53.0,38.0,1.0,0.0,5.0,5.0,98.0,97.0,-2024.6000000000017,-2878.799999999997,-99.9621265,-66.42578524546053,1,0
0.1,100.0,1440,1,30,30,0,0,400,10.0,3,6,99,0.0,1,flat,37.844400000005265,4667.500000002423,-67.24233084534245,-20.287348282003702,99.6233788463835,56.82550916094522,37.84440000000032,4392.400000002149,2766.0,2324.0,0.0,8.0,74.0,56.0,1.0,0.0,3.0,3.0,273.0,234.0,-1522.5999999999926,-2064.5999999999754,-99.9621556,-83.93836660389414,1,0
0.1,100.0,1440,1,30,30,0,0,400,10.0,3,6,5,0.1,3,inc_every3,37.844400000005265,4667.500000002423,-67.24233084534245,-20.287348282003702,99.6233788463835,56.82550916094522,37.84440000000032,4392.400000002149,2766.0,2324.0,0.0,8.0,74.0,56.0,1.0,0.0,3.0,3.0,273.0,234.0,-1522.5999999999926,-2064.5999999999754,-99.9621556,-83.93836660389414,1,0
0.1,100.0,1440,1,30,30,0,0,100,15.0,18,2,5,0.1,3,inc_every3,37.73820000000441,86.00000000126488,-67.26074752708206,-75.7140452519653,99.63423470574553,99.14900354250763,37.73820000000035,86.00000000126488,1463.0,1066.0,0.0,0.0,298.0,225.0,1.0,0.0,7.0,7.0,0.0,0.0,-451.1999999999999,-571.0999999999992,-99.9622618,-99.91399999999874,1,1
0.1,100.0,1440,1,30,30,0,0,100,15.0,8,2,5,0.1,3,inc_every3,37.73820000000441,86.00000000126488,-67.26074752708206,-75.7140452519653,99.63423470574553,99.14900354250763,37.73820000000035,86.00000000126488,1463.0,1066.0,0.0,0.0,298.0,225.0,1.0,0.0,7.0,7.0,0.0,0.0,-451.1999999999999,-571.0999999999992,-99.9622618,-99.91399999999874,1,1
0.1,100.0,1440,1,30,30,0,0,100,15.0,12,2,5,0.1,3,inc_every3,37.73820000000441,86.00000000126488,-67.26074752708206,-75.7140452519653,99.63423470574553,99.14900354250763,37.73820000000035,86.00000000126488,1463.0,1066.0,0.0,0.0,298.0,225.0,1.0,0.0,7.0,7.0,0.0,0.0,-451.1999999999999,-571.0999999999992,-99.9622618,-99.91399999999874,1,1
0.1,100.0,1440,1,30,30,0,0,75,5.3,3,10,99,0.0,1,flat,37.735800000000694,1136.9000000065894,-67.26116420203677,-47.63934234118747,99.62770153612409,88.80115936228499,37.73579999999893,1120.5000000065763,3631.0,2832.0,19.0,22.0,43.0,33.0,1.0,0.0,3.0,3.0,1039.0,818.0,-2159.3999999999737,-2718.099999999988,-99.9622642,-98.87949999999343,1,1
0.1,100.0,1440,1,30,30,0,0,75,5.3,3,10,5,0.1,3,inc_every3,37.735800000000694,1136.9000000065894,-67.26116420203677,-47.63934234118747,99.62770153612409,88.80115936228499,37.73579999999893,1120.5000000065763,3631.0,2832.0,19.0,22.0,43.0,33.0,1.0,0.0,3.0,3.0,1039.0,818.0,-2159.3999999999737,-2718.099999999988,-99.9622642,-98.87949999999343,1,1
0.1,100.0,1440,1,30,30,0,0,100,15.0,5,2,99,0.0,1,flat,37.68059999999886,86.00000000137211,-67.27075358150158,-75.71404525195629,99.64357104344619,99.44589840191203,37.68059999999886,57.800000001350355,2139.0,1418.0,0.0,0.0,408.0,278.0,1.0,0.0,5.0,5.0,633.0,433.0,-995.0000000000005,-769.5999999999999,-99.9623194,-99.94219999999865,1,1
0.1,100.0,1440,1,30,30,0,0,100,15.0,5,2,5,0.1,3,inc_every3,37.68059999999886,86.00000000137211,-67.27075358150158,-75.71404525195629,99.64357104344619,99.44589840191203,37.68059999999886,57.800000001350355,2139.0,1418.0,0.0,0.0,408.0,278.0,1.0,0.0,5.0,5.0,633.0,433.0,-995.0000000000005,-769.5999999999999,-99.9623194,-99.94219999999865,1,1
0.1,100.0,1440,1,30,30,0,0,100,15.0,3,2,5,0.1,3,inc_every3,37.647599999995805,471.70000000251815,-67.27649173070714,-59.699162500778925,99.63226865146812,97.99657833852619,37.647599999995805,206.10000000245873,2045.0,2023.0,0.0,0.0,344.0,333.0,1.0,0.0,3.0,3.0,1061.0,1043.0,-1077.6999999999982,-1475.79999999999,-99.9623524,-99.79389999999754,1,1
0.1,100.0,1440,1,30,30,0,0,100,15.0,3,2,99,0.0,1,flat,37.647599999995805,471.70000000251815,-67.27649173070714,-59.699162500778925,99.63226865146812,97.99657833852619,37.647599999995805,206.10000000245873,2045.0,2023.0,0.0,0.0,344.0,333.0,1.0,0.0,3.0,3.0,1061.0,1043.0,-1077.6999999999982,-1475.79999999999,-99.9623524,-99.79389999999754,1,1
0.1,100.0,1440,1,30,30,0,0,100,10.0,18,15,99,0.0,1,flat,37.621499999999074,100.3212000000068,-67.2810329351032,-74.57497746763957,99.6619932796665,99.14594088401563,37.621499999999074,100.32119999999315,1562.0,3601.0,0.0,0.0,34.0,68.0,2.0,2.0,17.0,17.0,0.0,0.0,-952.5000000000008,-4234.1999999999925,-99.9623785,-99.8996788,1,1
0.1,100.0,1440,1,30,30,0,0,200,5.3,3,10,99,0.0,1,flat,37.61759999999907,753.1000000037559,-67.28171172226783,-53.6790253194226,99.62833232885107,92.99627143918742,37.61759999999646,704.4000000037458,4204.0,3069.0,17.0,22.0,39.0,29.0,1.0,0.0,3.0,3.0,489.0,328.0,-1937.5999999999742,-2524.799999999985,-99.96238240000001,-99.29559999999626,1,1
0.1,100.0,1440,1,30,30,0,0,200,5.3,3,10,5,0.1,3,inc_every3,37.61759999999907,753.1000000037559,-67.28171172226783,-53.6790253194226,99.62833232885107,92.99627143918742,37.61759999999646,704.4000000037458,4204.0,3069.0,17.0,22.0,39.0,29.0,1.0,0.0,3.0,3.0,489.0,328.0,-1937.5999999999742,-2524.799999999985,-99.96238240000001,-99.29559999999626,1,1
0.1,100.0,1440,1,30,30,0,0,75,10.0,12,10,5,0.1,3,inc_every3,37.604400000005896,99.58680000000237,-67.2840095735061,-74.63050646114272,99.6562763361153,99.01027817254855,37.604400000002244,99.58679999999367,1259.0,583.0,0.0,0.0,52.0,28.0,3.0,1.0,12.0,12.0,74.0,33.0,-379.19999999999993,-421.49999999999983,-99.9623956,-99.9004132,1,1
0.1,100.0,1440,1,30,30,0,0,100,10.0,18,25,5,0.1,3,inc_every3,37.604400000010784,81.84679999999497,-67.28400957350524,-76.06914288443859,99.67828140239206,99.36091139082363,37.60440000000247,81.84679999999497,1359.0,855.0,0.0,0.0,21.0,14.0,3.0,2.0,16.0,16.0,0.0,0.0,-817.3000000000004,-907.5999999999999,-99.9623956,-99.9181532,1,1
0.1,100.0,1440,1,30,30,0,0,150,5.3,3,6,99,0.0,1,flat,37.50180000000583,745.8000000070822,-67.30189217589854,-53.81309505613325,99.62908065872115,93.98209217724876,37.501799999998184,602.2000000070716,4742.0,4519.0,8.0,21.0,76.0,70.0,1.0,0.0,3.0,3.0,715.0,676.0,-1297.4999999999934,-2332.799999999976,-99.9624982,-99.39779999999293,1,1
0.1,100.0,1440,1,30,30,0,0,150,5.3,3,6,5,0.1,3,inc_every3,37.50180000000583,745.8000000070822,-67.30189217589854,-53.81309505613325,99.62908065872115,93.98209217724876,37.501799999998184,602.2000000070716,4742.0,4519.0,8.0,21.0,76.0,70.0,1.0,0.0,3.0,3.0,715.0,676.0,-1297.4999999999934,-2332.799999999976,-99.9624982,-99.39779999999293,1,1
0.1,100.0,1440,1,30,30,0,0,75,25.0,8,0,5,0.1,3,inc_every3,37.46970000000351,45.21160000001176,-67.30749506202143,-79.94339807520429,99.6560109063869,99.58876114244133,37.46969999999834,45.21160000000353,151.0,160.0,5.0,2.0,0.0,0.0,2.0,2.0,8.0,8.0,37.0,41.0,-9271.200000000119,-6368.000000000009,-99.9625303,-99.9547884,1,1
0.1,100.0,1440,1,30,30,0,0,150,5.3,3,10,99,0.0,1,flat,37.41000000000318,1284.4000000052015,-67.31792560127559,-45.70371546426254,99.62998862568618,87.50512003351596,37.40999999999721,1250.700000005188,4157.0,3038.0,18.0,26.0,41.0,30.0,1.0,0.0,3.0,3.0,623.0,452.0,-2081.6999999999725,-2593.499999999983,-99.96259,-98.74929999999482,1,1
0.1,100.0,1440,1,30,30,0,0,150,5.3,3,10,5,0.1,3,inc_every3,37.41000000000318,1284.4000000052015,-67.31792560127559,-45.70371546426254,99.62998862568618,87.50512003351596,37.40999999999721,1250.700000005188,4157.0,3038.0,18.0,26.0,41.0,30.0,1.0,0.0,3.0,3.0,623.0,452.0,-2081.6999999999725,-2593.499999999983,-99.96259,-98.74929999999482,1,1
0.1,100.0,1440,1,30,30,0,0,75,10.0,3,4,99,0.0,1,flat,37.399800000003324,107.00000000775373,-67.31970903498723,-74.08263594097829,99.6323910436612,99.0870730340804,37.39979999999804,91.30000000768584,3010.0,2505.0,1.0,2.0,172.0,145.0,1.0,0.0,3.0,3.0,1328.0,1094.0,-1771.799999999977,-2166.899999999973,-99.9626002,-99.90869999999231,1,1
0.1,100.0,1440,1,30,30,0,0,75,10.0,3,4,5,0.1,3,inc_every3,37.399800000003324,107.00000000775373,-67.31970903498723,-74.08263594097829,99.6323910436612,99.0870730340804,37.39979999999804,91.30000000768584,3010.0,2505.0,1.0,2.0,172.0,145.0,1.0,0.0,3.0,3.0,1328.0,1094.0,-1771.799999999977,-2166.899999999973,-99.9626002,-99.90869999999231,1,1
0.1,100.0,1440,1,30,30,0,0,200,5.3,8,25,5,0.1,3,inc_every3,37.27140000000344,35.53920000000808,-67.34219265954961,-81.32984001995361,99.65217302039107,99.65583467296779,37.27139999999946,35.53920000000045,1576.0,1113.0,1.0,1.0,8.0,7.0,2.0,2.0,8.0,8.0,28.0,22.0,-629.9999999999999,-710.9000000000018,-99.9627286,-99.9644608,1,1
0.1,100.0,1440,1,30,30,0,0,150,15.0,3,2,99,0.0,1,flat,37.25040000000183,60.30000000465665,-67.34587578090108,-78.148840330346,99.63292503867798,99.40548960834626,37.250399999997455,60.30000000465665,2269.0,1896.0,0.0,0.0,336.0,281.0,1.0,0.0,3.0,3.0,881.0,686.0,-1093.2999999999988,-1274.5999999999947,-99.96274960000001,-99.93969999999534,1,1
0.1,100.0,1440,1,30,30,0,0,150,15.0,3,2,5,0.1,3,inc_every3,37.25040000000183,60.30000000465665,-67.34587578090108,-78.148840330346,99.63292503867798,99.40548960834626,37.250399999997455,60.30000000465665,2269.0,1896.0,0.0,0.0,336.0,281.0,1.0,0.0,3.0,3.0,881.0,686.0,-1093.2999999999988,-1274.5999999999947,-99.96274960000001,-99.93969999999534,1,1
0.1,100.0,1440,1,30,30,0,0,150,25.0,12,0,5,0.1,3,inc_every3,37.19489999999729,33.48090000000275,-67.3556177456753,-81.65838069159237,99.74107815360634,99.69064760831202,37.19489999999729,33.480900000000645,163.0,102.0,0.0,0.0,0.0,0.0,3.0,3.0,12.0,12.0,6.0,4.0,-2311.8000000000034,-1587.300000000002,-99.9628051,-99.9665191,1,1
0.1,100.0,1440,1,30,30,0,0,100,10.0,12,15,99,0.0,1,flat,37.18440000000393,101.8755000000017,-67.35746212789577,-74.4583896364323,99.64776158990585,99.10109588557611,37.18439999999762,101.8755000000017,1384.0,2745.0,0.0,0.0,30.0,52.0,2.0,1.0,12.0,12.0,60.0,122.0,-905.9000000000005,-2944.4999999999986,-99.9628156,-99.8981245,1,1
0.1,100.0,1440,1,30,30,0,0,100,10.0,12,0,5,0.1,3,inc_every3,37.13399999999879,56.971000000002306,-67.36632096583457,-78.51500680893979,99.64862844544535,99.61166550788653,37.13399999999879,56.97099999999966,462.0,462.0,2.0,0.0,0.0,0.0,4.0,3.0,12.0,12.0,12.0,12.0,-2317.8000000000034,-1555.8000000000036,-99.962866,-99.943029,1,1
0.1,100.0,1440,1,30,30,0,0,400,5.3,8,15,5,0.1,3,inc_every3,37.00000000681689,2711.700000005105,-67.38992109039461,-32.181839683227246,99.67281827259711,94.87499174313987,37.00000000681234,620.7000000048677,5837.0,4570.0,6.0,15.0,31.0,24.0,1.0,0.0,8.0,8.0,37.0,28.0,-2614.999999999992,-3028.3999999999896,-99.96299999999319,-99.37929999999513,1,1
0.1,100.0,1440,1,30,30,0,0,400,5.3,12,15,5,0.1,3,inc_every3,37.00000000681689,2711.700000005105,-67.38992109039461,-32.181839683227246,99.67281827259711,94.87499174313987,37.00000000681234,620.7000000048677,5837.0,4570.0,6.0,15.0,31.0,24.0,1.0,0.0,8.0,8.0,0.0,0.0,-2614.999999999992,-3028.3999999999896,-99.96299999999319,-99.37929999999513,1,1
0.1,100.0,1440,1,30,30,0,0,400,5.3,18,15,5,0.1,3,inc_every3,37.00000000681689,2711.700000005105,-67.38992109039461,-32.181839683227246,99.67281827259711,94.87499174313987,37.00000000681234,620.7000000048677,5837.0,4570.0,6.0,15.0,31.0,24.0,1.0,0.0,8.0,8.0,0.0,0.0,-2614.999999999992,-3028.3999999999896,-99.96299999999319,-99.37929999999513,1,1
0.1,100.0,1440,1,30,30,0,0,200,5.3,12,25,5,0.1,3,inc_every3,36.976800000008524,47.32399999999987,-67.39401402405622,-79.66899885896078,99.65000993838206,99.63338885230668,36.976800000002896,47.323999999997426,2202.0,1965.0,0.0,0.0,11.0,10.0,2.0,2.0,12.0,12.0,14.0,10.0,-728.3,-985.0000000000025,-99.9630232,-99.952676,1,1
0.1,100.0,1440,1,30,30,0,0,150,25.0,8,6,99,0.0,1,flat,36.97620000000177,66.96539999999959,-67.39411990300424,-77.4563574557521,99.63706481090684,99.36168716042326,36.976200000001455,66.96539999999959,556.0,1226.0,0.0,0.0,73.0,147.0,1.0,1.0,8.0,8.0,88.0,197.0,-571.3999999999999,-2995.299999999993,-99.9630238,-99.9330346,1,1
0.1,100.0,1440,1,30,30,0,0,300,5.3,18,15,5,0.1,3,inc_every3,36.92039999999545,32.44200000000188,-67.40397265730945,-81.82962041770242,99.63568510587915,99.74919017541689,36.92039999999545,32.44200000000049,1796.0,5110.0,0.0,11.0,14.0,29.0,2.0,2.0,9.0,9.0,0.0,0.0,-497.29999999999984,-3115.699999999993,-99.9630796,-99.967558,1,1
0.1,100.0,1440,1,30,30,0,0,300,5.3,12,15,5,0.1,3,inc_every3,36.92039999999545,32.44200000000188,-67.40397265730945,-81.82962041770242,99.63568510587915,99.74919017541689,36.92039999999545,32.44200000000049,1796.0,5110.0,0.0,11.0,14.0,29.0,2.0,2.0,9.0,9.0,0.0,0.0,-497.29999999999984,-3115.699999999993,-99.9630796,-99.967558,1,1
0.1,100.0,1440,1,30,30,0,0,300,5.3,18,25,99,0.0,1,flat,36.88320000000161,5825.900000001871,-67.41054777944507,-14.851394572086651,99.63585455191686,64.34587391822714,36.88319999999658,4923.300000001889,1738.0,5048.0,0.0,20.0,8.0,15.0,2.0,0.0,13.0,13.0,0.0,0.0,-706.1000000000008,-3833.5999999999904,-99.96311680000001,-93.54314240854093,1,0
0.1,100.0,1440,1,30,30,0,0,200,25.0,18,25,5,0.1,3,inc_every3,36.8682000000057,105.0489000000091,-67.41320053911932,-74.22417837996834,99.69516557112743,99.10879386920874,36.868200000003554,93.50000000583668,500.0,637.0,0.0,0.0,18.0,22.0,3.0,1.0,13.0,13.0,0.0,0.0,-879.9999999999998,-2162.4000000000037,-99.9631318,-99.90649999999417,1,1
0.1,100.0,1440,1,30,30,0,0,75,10.0,8,6,5,0.1,3,inc_every3,36.83250000001162,83.477100000017,-67.4195175812544,-75.92827629312299,99.64700554900665,99.21230184192653,36.83250000000157,83.47710000000558,1204.0,1034.0,0.0,0.0,75.0,65.0,2.0,1.0,8.0,8.0,152.0,114.0,-344.99999999999994,-645.9000000000004,-99.9631675,-99.91652289999999,1,1
0.1,100.0,1440,1,30,30,0,0,150,10.0,12,15,5,0.1,3,inc_every3,36.775500000008634,86.13499999999408,-67.42961377468608,-75.70270690073377,99.65249744869035,99.20135186507328,36.7754999999992,86.13499999999408,1519.0,1792.0,0.0,0.0,29.0,32.0,2.0,2.0,12.0,12.0,27.0,32.0,-763.0000000000002,-1531.700000000001,-99.9632245,-99.913865,1,1
0.1,100.0,1440,1,30,30,0,0,150,10.0,18,15,5,0.1,3,inc_every3,36.775500000008634,86.13499999999408,-67.42961377468608,-75.70270690073377,99.65249744869035,99.20135186507328,36.7754999999992,86.13499999999408,1519.0,1792.0,0.0,0.0,29.0,32.0,2.0,2.0,12.0,12.0,0.0,0.0,-763.0000000000002,-1531.700000000001,-99.9632245,-99.913865,1,1
0.1,100.0,1440,1,30,30,0,0,200,10.0,12,25,5,0.1,3,inc_every3,36.75000000000628,42.96720000000593,-67.43413454564615,-80.24499712110168,99.70170938783471,99.61187660900593,36.75000000000131,42.967200000001185,1190.0,1075.0,0.0,0.0,13.0,11.0,2.0,3.0,12.0,12.0,17.0,12.0,-802.9999999999995,-1116.0000000000016,-99.96325,-99.9570328,1,1
0.1,100.0,1440,1,30,30,0,0,200,10.0,8,15,5,0.1,3,inc_every3,36.43440000000197,4605.400000011665,-67.49029447856529,-20.604431501525568,99.64729867087445,82.14404801595173,36.434399999998334,1820.7000000054768,1246.0,3680.0,0.0,3.0,21.0,48.0,2.0,0.0,8.0,8.0,46.0,123.0,-633.2000000000004,-4462.999999999965,-99.9635656,-98.17929999999453,1,1
0.1,100.0,1440,1,30,30,0,0,100,10.0,3,2,5,0.1,3,inc_every3,36.189600000001505,102.60000000257855,-67.53412438366671,-74.40447162166015,99.64454135604211,98.99168583050714,36.18959999999842,102.60000000257855,3146.0,2423.0,0.0,0.0,331.0,260.0,1.0,0.0,3.0,3.0,1215.0,916.0,-1033.5999999999988,-953.0000000000007,-99.9638104,-99.89739999999742,1,1
0.1,100.0,1440,1,30,30,0,0,100,10.0,3,2,99,0.0,1,flat,36.189600000001505,102.60000000257855,-67.53412438366671,-74.40447162166015,99.64454135604211,98.99168583050714,36.18959999999842,102.60000000257855,3146.0,2423.0,0.0,0.0,331.0,260.0,1.0,0.0,3.0,3.0,1215.0,916.0,-1033.5999999999988,-953.0000000000007,-99.9638104,-99.89739999999742,1,1
0.1,100.0,1440,1,30,30,0,0,300,10.0,12,0,99,0.0,1,flat,36.15330000001302,37.221599999996954,-67.54064384606824,-81.07109134129347,99.72386462581915,99.73247275968149,36.15330000000267,37.22159999999678,1034.0,715.0,11.0,2.0,0.0,0.0,2.0,2.0,12.0,12.0,12.0,2.0,-7944.599999999872,-1428.4000000000065,-99.96384669999999,-99.9627784,1,1
0.1,100.0,1440,1,30,30,0,0,100,25.0,18,10,5,0.1,3,inc_every3,35.813400000001025,82.31019999998381,-67.60194516445927,-76.02890366028659,99.65322966391355,99.22457865830127,35.813400000001025,82.31019999998074,202.0,390.0,0.0,0.0,28.0,51.0,2.0,1.0,12.0,12.0,0.0,0.0,-175.0999999999999,-1193.5000000000014,-99.9641866,-99.91768980000002,1,1
0.1,100.0,1440,1,30,30,0,0,100,25.0,12,10,5,0.1,3,inc_every3,35.813400000001025,82.31019999998381,-67.60194516445927,-76.02890366028659,99.65322966391355,99.22457865830127,35.813400000001025,82.31019999998074,202.0,390.0,0.0,0.0,28.0,51.0,2.0,1.0,12.0,12.0,28.0,50.0,-175.0999999999999,-1193.5000000000014,-99.9641866,-99.91768980000002,1,1
0.1,100.0,1440,1,30,30,0,0,200,5.3,18,0,99,0.0,1,flat,35.77079999999478,82.36200000001634,-67.60966089793774,-76.02441551679695,99.80337071240112,99.41999000007044,35.77079999999478,82.36200000000667,3501.0,973.0,16.0,3.0,0.0,0.0,2.0,2.0,18.0,18.0,12.0,1.0,-9560.300000000065,-966.7999999999984,-99.9642292,-99.917638,1,1
0.1,100.0,1440,1,30,30,0,0,200,25.0,12,15,99,0.0,1,flat,35.770799999999525,4421.8000000082975,-67.60966089793688,-21.559816210964577,99.68302629130454,64.11620976247596,35.77079999999876,3877.1000000037575,755.0,1204.0,0.0,0.0,37.0,54.0,2.0,0.0,12.0,12.0,39.0,59.0,-1320.6000000000015,-4649.899999999986,-99.9642292,-99.7922357359165,1,0
0.1,100.0,1440,1,30,30,0,0,200,10.0,18,0,99,0.0,1,flat,35.77080000000262,58.90049999999508,-67.60966089793632,-78.30100066719548,99.77880755389018,99.61534367346945,35.770800000001145,58.90049999999508,1530.0,496.0,11.0,1.0,0.0,0.0,2.0,2.0,18.0,18.0,13.0,1.0,-10431.00000000004,-1020.3999999999982,-99.9642292,-99.9410995,1,1
0.1,100.0,1440,1,30,30,0,0,200,25.0,18,15,99,0.0,1,flat,35.770799999999525,4421.8000000082975,-67.60966089793688,-21.559816210964577,99.68302629130454,64.11620976247596,35.77079999999876,3877.1000000037575,755.0,1204.0,0.0,0.0,37.0,54.0,2.0,0.0,12.0,12.0,0.0,0.0,-1320.6000000000015,-4649.899999999986,-99.9642292,-99.7922357359165,1,0
0.1,100.0,1440,1,30,30,0,0,75,10.0,12,0,99,0.0,1,flat,35.74380000001065,49.17520000000566,-67.61455495782836,-79.43551748408801,99.6715720415684,99.53220829131874,35.74380000000272,49.17520000000317,670.0,505.0,8.0,3.0,0.0,0.0,2.0,2.0,12.0,12.0,42.0,23.0,-9963.199999999937,-2948.399999999999,-99.9642562,-99.95082479999999,1,1
0.1,100.0,1440,1,30,30,0,0,100,25.0,8,0,5,0.1,3,inc_every3,35.74140000000597,56.91700000000344,-67.6149901284658,-78.52106884431318,99.67131624686178,99.66069581525271,35.74140000000264,35.09999999955292,175.0,180.0,6.0,2.0,0.0,0.0,2.0,2.0,8.0,8.0,38.0,35.0,-9364.300000000128,-5682.999999999995,-99.9642586,-99.96490000000044,1,1
0.1,100.0,1440,1,30,30,0,0,75,10.0,8,10,99,0.0,1,flat,35.66279999999743,99.64960000001042,-67.62925490125528,-74.62574684201229,99.66959309220285,99.06404177781124,35.662799999996594,99.64960000000383,1617.0,1399.0,0.0,0.0,55.0,47.0,1.0,1.0,8.0,8.0,195.0,160.0,-889.1000000000003,-1504.4999999999957,-99.9643372,-99.9003504,1,1
0.1,100.0,1440,1,30,30,0,0,100,5.3,3,10,99,0.0,1,flat,35.621400000006076,1321.1000000023641,-67.63677852135342,-45.24660172594673,99.64993317347377,86.98211840432636,35.62140000000318,1302.4000000023607,4092.0,3085.0,20.0,26.0,44.0,33.0,1.0,0.0,3.0,3.0,890.0,699.0,-2314.2999999999774,-2660.5999999999854,-99.9643786,-98.69759999999764,1,1
0.1,100.0,1440,1,30,30,0,0,100,5.3,3,10,5,0.1,3,inc_every3,35.621400000006076,1321.1000000023641,-67.63677852135342,-45.24660172594673,99.64993317347377,86.98211840432636,35.62140000000318,1302.4000000023607,4092.0,3085.0,20.0,26.0,44.0,33.0,1.0,0.0,3.0,3.0,890.0,699.0,-2314.2999999999774,-2660.5999999999854,-99.9643786,-98.69759999999764,1,1
0.1,100.0,1440,1,30,30,0,0,200,10.0,3,6,5,0.1,3,inc_every3,35.489400000002064,4188.000000003511,-67.66081367036398,-22.817640504451052,99.64924837667154,59.126572170058765,35.48939999999686,4094.7000000035123,2845.0,2459.0,4.0,5.0,87.0,68.0,1.0,0.0,3.0,3.0,574.0,464.0,-1773.6999999999812,-2276.2999999999747,-99.9645106,-91.07078484456858,1,0
0.1,100.0,1440,1,30,30,0,0,200,10.0,3,6,99,0.0,1,flat,35.489400000002064,4188.000000003511,-67.66081367036398,-22.817640504451052,99.64924837667154,59.126572170058765,35.48939999999686,4094.7000000035123,2845.0,2459.0,4.0,5.0,87.0,68.0,1.0,0.0,3.0,3.0,574.0,464.0,-1773.6999999999812,-2276.2999999999747,-99.9645106,-91.07078484456858,1,0
0.1,100.0,1440,1,30,30,0,0,150,5.3,12,0,99,0.0,1,flat,35.42400000000248,46.74080000000623,-67.67274849459153,-79.7438817115815,99.80808425569268,99.54967724531286,35.42399999999867,46.74079999999955,2467.0,673.0,12.0,2.0,0.0,0.0,2.0,2.0,12.0,12.0,32.0,5.0,-8685.699999999872,-1119.9000000000037,-99.96457600000001,-99.9532592,1,1
0.1,100.0,1440,1,30,30,0,0,150,15.0,18,10,99,0.0,1,flat,35.16900000000831,79.03630000001186,-67.71945236075115,-76.31668458845596,99.67887763767015,99.22256573187883,35.16900000000268,79.03630000000373,1232.0,1824.0,0.0,0.0,52.0,72.0,2.0,1.0,12.0,12.0,0.0,0.0,-967.6000000000005,-2459.4999999999945,-99.964831,-99.9209637,1,1
0.1,100.0,1440,1,30,30,0,0,150,15.0,12,10,99,0.0,1,flat,35.16900000000831,79.03630000001186,-67.71945236075115,-76.31668458845596,99.67887763767015,99.22256573187883,35.16900000000268,79.03630000000373,1232.0,1824.0,0.0,0.0,52.0,72.0,2.0,1.0,12.0,12.0,38.0,51.0,-967.6000000000005,-2459.4999999999945,-99.964831,-99.9209637,1,1
0.1,100.0,1440,1,30,30,0,0,150,25.0,12,6,5,0.1,3,inc_every3,35.16900000000669,78.54979999999404,-67.71945236075143,-76.36015948868386,99.66210295728375,99.2828532561559,35.16900000000277,78.54979999999404,667.0,1244.0,0.0,0.0,91.0,159.0,2.0,1.0,9.0,9.0,0.0,0.0,-701.7000000000006,-3016.399999999997,-99.964831,-99.92145020000001,1,1
0.1,100.0,1440,1,30,30,0,0,150,25.0,18,0,99,0.0,1,flat,35.16900000000393,75.05820000000978,-67.71945236075194,-76.67786438041209,99.82258308614327,99.54624308557266,35.169000000000835,75.0582000000054,422.0,258.0,6.0,0.0,0.0,0.0,3.0,2.0,18.0,18.0,18.0,8.0,-13246.499999999942,-2810.1000000000117,-99.964831,-99.9249418,1,1
0.1,100.0,1440,1,30,30,0,0,150,25.0,18,6,5,0.1,3,inc_every3,35.16900000000669,78.54979999999404,-67.71945236075143,-76.36015948868386,99.66210295728375,99.2828532561559,35.16900000000277,78.54979999999404,667.0,1244.0,0.0,0.0,91.0,159.0,2.0,1.0,9.0,9.0,0.0,0.0,-701.7000000000006,-3016.399999999997,-99.964831,-99.92145020000001,1,1
0.1,100.0,1440,1,30,30,0,0,150,25.0,8,6,5,0.1,3,inc_every3,35.169000000005994,78.54979999999773,-67.71945236075156,-76.36015948868354,99.6622749315793,99.28285325615587,35.16899999999913,78.54979999999625,668.0,1244.0,0.0,0.0,91.0,159.0,2.0,1.0,8.0,8.0,105.0,195.0,-701.7000000000006,-3016.399999999997,-99.964831,-99.92145020000001,1,1
0.1,100.0,1440,1,30,30,0,0,300,25.0,12,0,99,0.0,1,flat,35.156999999994724,22.33060000000154,-67.7216568547708,-83.7409587388067,99.76919895487313,99.83852456052816,35.156999999994724,22.330599999999635,394.0,270.0,4.0,0.0,0.0,0.0,2.0,2.0,12.0,12.0,13.0,5.0,-8383.399999999885,-7914.999999999875,-99.964843,-99.9776694,1,1
0.1,100.0,1440,1,30,30,0,0,200,10.0,12,0,5,0.1,3,inc_every3,35.15460000000364,105.74819999998692,-67.72209782579523,-74.17323702377298,99.88981545328038,99.42257011182964,35.15460000000138,105.74819999997976,2212.0,553.0,8.0,1.0,0.0,0.0,3.0,2.0,12.0,12.0,30.0,5.0,-12614.69999999977,-1255.6000000000029,-99.9648454,-99.89425180000002,1,1
0.1,100.0,1440,1,30,30,0,0,100,15.0,8,15,99,0.0,1,flat,35.12820000000417,86.3375999999962,-67.72695009708673,-75.68571437492366,99.67558596996732,99.14115868215825,35.128199999998486,86.3375999999962,1331.0,2028.0,0.0,2.0,45.0,62.0,1.0,1.0,8.0,8.0,177.0,266.0,-1632.2999999999952,-5433.800000000051,-99.9648718,-99.9136624,1,1
0.1,100.0,1440,1,30,30,0,0,75,5.3,3,15,99,0.0,1,flat,35.068800000006604,2059.4000000045885,-67.73787838156518,-37.51362515985698,99.65401395041386,80.93348658233383,35.068800000002284,1907.7000000045905,2817.0,1767.0,18.0,24.0,23.0,15.0,1.0,0.0,3.0,3.0,820.0,510.0,-2476.099999999979,-2813.799999999994,-99.9649312,-98.0922999999954,1,1
0.1,100.0,1440,1,30,30,0,0,75,5.3,3,15,5,0.1,3,inc_every3,35.068800000006604,2059.4000000045885,-67.73787838156518,-37.51362515985698,99.65401395041386,80.93348658233383,35.068800000002284,1907.7000000045905,2817.0,1767.0,18.0,24.0,23.0,15.0,1.0,0.0,3.0,3.0,820.0,510.0,-2476.099999999979,-2813.799999999994,-99.9649312,-98.0922999999954,1,1
0.1,100.0,1440,1,30,30,0,0,200,25.0,3,10,99,0.0,1,flat,34.94280000000526,4568.300000001389,-67.76110869438266,-20.79529995400754,99.66258400926999,55.15832685676509,34.94280000000151,4500.400000001384,1205.0,596.0,1.0,3.0,63.0,31.0,1.0,0.0,3.0,3.0,436.0,217.0,-2723.499999999986,-2622.799999999984,-99.9650572,-81.11195366753773,1,0
0.1,100.0,1440,1,30,30,0,0,200,25.0,3,10,5,0.1,3,inc_every3,34.94280000000526,4568.300000001389,-67.76110869438266,-20.79529995400754,99.66258400926999,55.15832685676509,34.94280000000151,4500.400000001384,1205.0,596.0,1.0,3.0,63.0,31.0,1.0,0.0,3.0,3.0,436.0,217.0,-2723.499999999986,-2622.799999999984,-99.9650572,-81.11195366753773,1,0
0.1,100.0,1440,1,30,30,0,0,300,5.3,8,0,5,0.1,3,inc_every3,34.92780000000141,54.73399999999822,-67.76387866880978,-78.76958987147093,99.77552539235727,99.6345194612678,34.92779999999746,54.73399999999617,2656.0,1702.0,11.0,6.0,0.0,0.0,2.0,2.0,8.0,8.0,27.0,14.0,-6471.500000000016,-7501.000000000006,-99.96507220000001,-99.945266,1,1
0.1,100.0,1440,1,30,30,0,0,150,5.3,3,25,99,0.0,1,flat,34.8360000000057,4971.900000002389,-67.78085167438529,-18.774540048333186,99.65544730725482,52.70101693560011,34.83600000000115,4739.500000002252,2782.0,1486.0,26.0,20.0,11.0,5.0,1.0,0.0,3.0,3.0,426.0,223.0,-3012.7999999999965,-2807.299999999994,-99.965164,-74.17657391953341,1,0
0.1,100.0,1440,1,30,30,0,0,150,5.3,3,25,5,0.1,3,inc_every3,34.8360000000057,4971.900000002389,-67.78085167438529,-18.774540048333186,99.65544730725482,52.70101693560011,34.83600000000115,4739.500000002252,2782.0,1486.0,26.0,20.0,11.0,5.0,1.0,0.0,3.0,3.0,426.0,223.0,-3012.7999999999965,-2807.299999999994,-99.965164,-74.17657391953341,1,0
0.1,100.0,1440,1,30,30,0,0,75,10.0,18,25,99,0.0,1,flat,34.83060000000623,94.1423999999958,-67.78185120014429,-75.05140942108903,99.66780860459127,99.08398622219656,34.830600000000715,94.1423999999958,607.0,2190.0,0.0,0.0,11.0,31.0,4.0,2.0,18.0,18.0,21.0,66.0,-429.5000000000001,-3207.4999999999955,-99.9651694,-99.9058576,1,1
0.1,100.0,1440,1,30,30,0,0,75,5.3,3,25,5,0.1,3,inc_every3,34.818900000003396,4367.80000000331,-67.78401726458515,-21.846104554701128,99.6564794443513,56.45395032728692,34.81889999999703,4357.000000003311,2306.0,1363.0,25.0,20.0,11.0,6.0,1.0,0.0,3.0,3.0,638.0,384.0,-3089.2000000000003,-2860.5999999999954,-99.96518110000001,-84.75400520927496,1,0
0.1,100.0,1440,1,30,30,0,0,75,5.3,3,25,99,0.0,1,flat,34.818900000003396,4367.80000000331,-67.78401726458515,-21.846104554701128,99.6564794443513,56.45395032728692,34.81889999999703,4357.000000003311,2306.0,1363.0,25.0,20.0,11.0,6.0,1.0,0.0,3.0,3.0,638.0,384.0,-3089.2000000000003,-2860.5999999999954,-99.96518110000001,-84.75400520927496,1,0
0.1,100.0,1440,1,30,30,0,0,200,15.0,5,6,99,0.0,1,flat,34.809000000005156,55.3329999999994,-67.78585054312049,-78.7007144013304,99.66991920801092,99.46116991751963,34.80900000000295,55.33299999999247,2725.0,1739.0,0.0,0.0,143.0,92.0,1.0,1.0,5.0,5.0,353.0,221.0,-2202.2000000000003,-2134.499999999999,-99.96519099999999,-99.94466700000001,1,1
0.1,100.0,1440,1,30,30,0,0,200,15.0,5,6,5,0.1,3,inc_every3,34.809000000005156,55.3329999999994,-67.78585054312049,-78.7007144013304,99.66991920801092,99.46116991751963,34.80900000000295,55.33299999999247,2725.0,1739.0,0.0,0.0,143.0,92.0,1.0,1.0,5.0,5.0,353.0,221.0,-2202.2000000000003,-2134.499999999999,-99.96519099999999,-99.94466700000001,1,1
0.1,100.0,1440,1,30,30,0,0,150,25.0,12,25,5,0.1,3,inc_every3,34.79190000000628,17853.7000000372,-67.78901809769965,18.825162892269496,99.74844622147677,63.107519601195136,34.79190000000122,7096.700000011445,654.0,1468.0,0.0,0.0,28.0,55.0,3.0,0.0,12.0,12.0,43.0,99.0,-1473.0000000000011,-7229.4999999999945,-99.9652081,-57.389876310120776,1,0
0.1,100.0,1440,1,30,30,0,0,300,5.3,3,25,99,0.0,1,flat,34.7813999999953,5679.4000000007545,-67.7909637044901,-15.494266914520837,99.6547957441741,45.87259555332801,34.7813999999953,5416.800000000701,3159.0,1766.0,22.0,15.0,11.0,5.0,1.0,0.0,3.0,3.0,244.0,142.0,-2830.599999999986,-2704.3999999999864,-99.9652186,-57.23945802117686,1,0
0.1,100.0,1440,1,30,30,0,0,300,5.3,3,25,5,0.1,3,inc_every3,34.7813999999953,5679.4000000007545,-67.7909637044901,-15.494266914520837,99.6547957441741,45.87259555332801,34.7813999999953,5416.800000000701,3159.0,1766.0,22.0,15.0,11.0,5.0,1.0,0.0,3.0,3.0,244.0,142.0,-2830.599999999986,-2704.3999999999864,-99.9652186,-57.23945802117686,1,0
0.1,100.0,1440,1,30,30,0,0,150,10.0,3,15,5,0.1,3,inc_every3,34.7789999999992,5483.600000002447,-67.79140848057644,-16.37192651345115,99.65712004101273,48.51045079217092,34.77899999999738,5375.200000002317,2307.0,1171.0,8.0,10.0,31.0,14.0,1.0,0.0,3.0,3.0,554.0,270.0,-2890.7999999999906,-2759.7999999999897,-99.965221,-63.39282809779299,1,0
0.1,100.0,1440,1,30,30,0,0,150,10.0,3,15,99,0.0,1,flat,34.7789999999992,5483.600000002447,-67.79140848057644,-16.37192651345115,99.65712004101273,48.51045079217092,34.77899999999738,5375.200000002317,2307.0,1171.0,8.0,10.0,31.0,14.0,1.0,0.0,3.0,3.0,554.0,270.0,-2890.7999999999906,-2759.7999999999897,-99.965221,-63.39282809779299,1,0
0.1,100.0,1440,1,30,30,0,0,100,5.3,3,25,5,0.1,3,inc_every3,34.71360000000095,4406.200000001151,-67.8035380891519,-21.64226830136705,99.6588545147215,56.13767226495593,34.71359999999913,4395.400000001151,2508.0,1423.0,25.0,23.0,11.0,6.0,1.0,0.0,3.0,3.0,513.0,326.0,-3073.599999999999,-2838.7999999999943,-99.9652864,-83.91761283127892,1,0
0.1,100.0,1440,1,30,30,0,0,100,5.3,3,25,99,0.0,1,flat,34.71360000000095,4406.200000001151,-67.8035380891519,-21.64226830136705,99.6588545147215,56.13767226495593,34.71359999999913,4395.400000001151,2508.0,1423.0,25.0,23.0,11.0,6.0,1.0,0.0,3.0,3.0,513.0,326.0,-3073.599999999999,-2838.7999999999943,-99.9652864,-83.91761283127892,1,0
0.1,100.0,1440,1,30,30,0,0,400,10.0,3,10,99,0.0,1,flat,34.713599999995495,5062.800000001887,-67.80353808915291,-18.335439990880786,99.65453604553963,51.66888141950906,34.713599999995495,4946.400000001859,3427.0,1779.0,5.0,9.0,53.0,26.0,1.0,0.0,3.0,3.0,330.0,181.0,-2312.7999999999774,-2335.6999999999775,-99.96528640000001,-71.67320282989891,1,0
0.1,100.0,1440,1,30,30,0,0,400,10.0,3,10,5,0.1,3,inc_every3,34.713599999995495,5062.800000001887,-67.80353808915291,-18.335439990880786,99.65453604553963,51.66888141950906,34.713599999995495,4946.400000001859,3427.0,1779.0,5.0,9.0,53.0,26.0,1.0,0.0,3.0,3.0,330.0,181.0,-2312.7999999999774,-2335.6999999999775,-99.96528640000001,-71.67320282989891,1,0
0.1,100.0,1440,1,30,30,0,0,300,10.0,8,0,5,0.1,3,inc_every3,34.70220000000259,4001.2000000009575,-67.80565429507139,-23.858548556589533,99.75928664576456,95.04911923018862,34.70219999999915,762.5000000009713,1307.0,1046.0,12.0,5.0,0.0,0.0,2.0,0.0,8.0,8.0,29.0,18.0,-7162.900000000036,-8471.100000000026,-99.9652978,-99.23749999999903,1,1
0.1,100.0,1440,1,30,30,0,0,75,5.3,18,0,5,0.1,3,inc_every3,34.56300000000557,105.44669999999593,-67.83153923774503,-74.1951710508047,99.66752919448243,99.68608551720878,34.563000000000784,105.44669999999445,286.0,1716.0,0.0,0.0,0.0,0.0,6.0,3.0,18.0,18.0,2.0,13.0,-141.89999999999995,-2583.4000000000037,-99.965437,-99.89455330000001,1,1
0.1,100.0,1440,1,30,30,0,0,400,10.0,3,15,5,0.1,3,inc_every3,34.494600000006386,5644.30000000168,-67.84428912927243,-15.65001922228747,99.67899757116669,45.010516018571124,34.49460000000062,5621.300000001681,2428.0,1237.0,11.0,9.0,27.0,12.0,1.0,0.0,3.0,3.0,235.0,130.0,-2634.399999999987,-2505.599999999986,-99.9655054,-55.67105125942972,1,0
0.1,100.0,1440,1,30,30,0,0,400,10.0,3,15,99,0.0,1,flat,34.494600000006386,5644.30000000168,-67.84428912927243,-15.65001922228747,99.67899757116669,45.010516018571124,34.49460000000062,5621.300000001681,2428.0,1237.0,11.0,9.0,27.0,12.0,1.0,0.0,3.0,3.0,235.0,130.0,-2634.399999999987,-2505.599999999986,-99.9655054,-55.67105125942972,1,0
0.1,100.0,1440,1,30,30,0,0,75,10.0,3,15,5,0.1,3,inc_every3,34.44900000000723,4350.400000002733,-67.85280029619865,-21.93888242847398,99.66139495567042,57.9392846169592,34.449000000002854,4243.800000002738,2114.0,931.0,9.0,11.0,34.0,15.0,1.0,0.0,3.0,3.0,880.0,406.0,-2991.2999999999975,-2847.699999999997,-99.96555099999999,-87.81745166239239,1,0
0.1,100.0,1440,1,30,30,0,0,75,10.0,3,15,99,0.0,1,flat,34.44900000000723,4350.400000002733,-67.85280029619865,-21.93888242847398,99.66139495567042,57.9392846169592,34.449000000002854,4243.800000002738,2114.0,931.0,9.0,11.0,34.0,15.0,1.0,0.0,3.0,3.0,880.0,406.0,-2991.2999999999975,-2847.699999999997,-99.96555099999999,-87.81745166239239,1,0
0.1,100.0,1440,1,30,30,0,0,100,5.3,8,25,5,0.1,3,inc_every3,34.426800000002544,61.231000000000904,-67.85694715258627,-78.04898650470166,99.66336684006728,99.45417673224523,34.426799999998565,61.230999999999256,1772.0,2976.0,0.0,1.0,11.0,16.0,3.0,2.0,8.0,8.0,59.0,112.0,-593.7000000000008,-1949.1000000000004,-99.9655732,-99.93876900000001,1,1
0.1,100.0,1440,1,30,30,0,0,100,5.3,8,10,5,0.1,3,inc_every3,34.426800000001904,59.365999999996916,-67.8569471525864,-78.25011009156326,99.66336684006728,99.43031245201908,34.426799999999645,59.365999999996916,1943.0,2595.0,0.0,0.0,29.0,36.0,3.0,2.0,8.0,8.0,70.0,94.0,-379.59999999999997,-1044.5000000000018,-99.9655732,-99.940634,1,1
0.1,100.0,1440,1,30,30,0,0,200,5.3,3,25,99,0.0,1,flat,34.25760000000122,5221.300000001782,-67.8886233977537,-17.582859129963712,99.66315706672435,50.58569452321734,34.25760000000122,4965.100000001775,2979.0,1591.0,20.0,17.0,12.0,5.0,1.0,0.0,3.0,3.0,365.0,180.0,-2928.999999999989,-2770.5999999999894,-99.9657424,-68.75424817639839,1,0
0.1,100.0,1440,1,30,30,0,0,200,5.3,3,25,5,0.1,3,inc_every3,34.25760000000122,5221.300000001782,-67.8886233977537,-17.582859129963712,99.66315706672435,50.58569452321734,34.25760000000122,4965.100000001775,2979.0,1591.0,20.0,17.0,12.0,5.0,1.0,0.0,3.0,3.0,365.0,180.0,-2928.999999999989,-2770.5999999999894,-99.9657424,-68.75424817639839,1,0
0.1,100.0,1440,1,30,30,0,0,150,5.3,18,0,5,0.1,3,inc_every3,34.224900000005064,57.51949999999886,-67.89475964897191,-78.45365975489828,99.66771941747577,99.70847862225567,34.22489999999746,57.51949999999715,286.0,1271.0,0.0,1.0,0.0,0.0,4.0,3.0,18.0,18.0,1.0,2.0,-104.80000000000003,-1637.2,-99.9657751,-99.9424805,1,1
0.1,100.0,1440,1,30,30,0,0,75,25.0,3,4,99,0.0,1,flat,34.217400000004375,4333.700000004048,-67.89616770714528,-22.02817331740894,99.66228718626935,60.03734559030992,34.217400000003465,4173.300000004008,1504.0,926.0,0.0,0.0,237.0,144.0,1.0,0.0,3.0,3.0,1107.0,682.0,-2294.5999999999763,-2295.199999999975,-99.9657826,-92.10286449802878,1,0
0.1,100.0,1440,1,30,30,0,0,75,25.0,3,4,5,0.1,3,inc_every3,34.217400000004375,4333.700000004048,-67.89616770714528,-22.02817331740894,99.66228718626935,60.03734559030992,34.217400000003465,4173.300000004008,1504.0,926.0,0.0,0.0,237.0,144.0,1.0,0.0,3.0,3.0,1107.0,682.0,-2294.5999999999763,-2295.199999999975,-99.9657826,-92.10286449802878,1,0
0.1,100.0,1440,1,30,30,0,0,150,5.3,3,15,99,0.0,1,flat,34.14660000000731,3238.000000003566,-67.90947195563172,-28.505954163797142,99.6622659611295,70.10468748437592,34.146600000001854,2995.6000000032,3182.0,2006.0,19.0,24.0,22.0,13.0,1.0,0.0,3.0,3.0,488.0,286.0,-2418.999999999977,-2737.6999999999903,-99.9658534,-118.71532913254897,1,0
0.1,100.0,1440,1,30,30,0,0,150,5.3,3,15,5,0.1,3,inc_every3,34.14660000000731,3238.000000003566,-67.90947195563172,-28.505954163797142,99.6622659611295,70.10468748437592,34.146600000001854,2995.6000000032,3182.0,2006.0,19.0,24.0,22.0,13.0,1.0,0.0,3.0,3.0,488.0,286.0,-2418.999999999977,-2737.6999999999903,-99.9658534,-118.71532913254897,1,0
0.1,100.0,1440,1,30,30,0,0,75,15.0,3,15,99,0.0,1,flat,34.07879999999909,6117.000000002513,-67.92223316313239,-13.606939731392453,99.6649942001062,40.58904470530746,34.078799999997955,6087.900000002523,1639.0,626.0,6.0,9.0,41.0,15.0,1.0,0.0,3.0,3.0,858.0,347.0,-3652.900000000023,-2839.1999999999957,-99.9659212,-44.78502914200737,1,0
0.1,100.0,1440,1,30,30,0,0,75,15.0,3,15,5,0.1,3,inc_every3,34.07879999999909,6117.000000002513,-67.92223316313239,-13.606939731392453,99.6649942001062,40.58904470530746,34.078799999997955,6087.900000002523,1639.0,626.0,6.0,9.0,41.0,15.0,1.0,0.0,3.0,3.0,858.0,347.0,-3652.900000000023,-2839.1999999999957,-99.9659212,-44.78502914200737,1,0
0.1,100.0,1440,1,30,30,0,0,75,25.0,3,2,5,0.1,3,inc_every3,34.063200000008905,2834.8000000054185,-67.92517224366176,-31.279942621200906,99.6638090820264,73.55197037815809,34.06320000000164,2700.0000000050004,1823.0,1063.0,0.0,0.0,545.0,319.0,1.0,0.0,3.0,3.0,1536.0,900.0,-1651.5999999999842,-1692.9999999999834,-99.9659368,-128.3838833775171,1,0
0.1,100.0,1440,1,30,30,0,0,75,25.0,3,2,99,0.0,1,flat,34.063200000008905,2834.8000000054185,-67.92517224366176,-31.279942621200906,99.6638090820264,73.55197037815809,34.06320000000164,2700.0000000050004,1823.0,1063.0,0.0,0.0,545.0,319.0,1.0,0.0,3.0,3.0,1536.0,900.0,-1651.5999999999842,-1692.9999999999834,-99.9659368,-128.3838833775171,1,0
0.1,100.0,1440,1,30,30,0,0,100,25.0,3,4,99,0.0,1,flat,34.00710000000919,3963.900000001244,-67.93575053513048,-24.07046543813921,99.66469039637151,61.18491813726216,34.007100000001344,3897.5000000012333,1562.0,979.0,0.0,0.0,233.0,144.0,1.0,0.0,3.0,3.0,987.0,627.0,-2203.1999999999753,-2227.4999999999745,-99.9659929,-96.44030171266353,1,0
0.1,100.0,1440,1,30,30,0,0,100,25.0,3,4,5,0.1,3,inc_every3,34.00710000000919,3963.900000001244,-67.93575053513048,-24.07046543813921,99.66469039637151,61.18491813726216,34.007100000001344,3897.5000000012333,1562.0,979.0,0.0,0.0,233.0,144.0,1.0,0.0,3.0,3.0,987.0,627.0,-2203.1999999999753,-2227.4999999999745,-99.9659929,-96.44030171266353,1,0
0.1,100.0,1440,1,30,30,0,0,300,15.0,3,6,5,0.1,3,inc_every3,33.98970000000634,4492.8000000010215,-67.93903433853275,-21.187113380208455,99.67074134707596,56.985786538182104,33.989700000001676,4303.400000001034,2556.0,1520.0,0.0,2.0,108.0,62.0,1.0,0.0,3.0,3.0,469.0,293.0,-2038.5999999999763,-2210.8999999999774,-99.9660103,-85.15868645657267,1,0
0.1,100.0,1440,1,30,30,0,0,300,15.0,3,6,99,0.0,1,flat,33.98970000000634,4492.8000000010215,-67.93903433853275,-21.187113380208455,99.67074134707596,56.985786538182104,33.989700000001676,4303.400000001034,2556.0,1520.0,0.0,2.0,108.0,62.0,1.0,0.0,3.0,3.0,469.0,293.0,-2038.5999999999763,-2210.8999999999774,-99.9660103,-85.15868645657267,1,0
0.1,100.0,1440,1,30,30,0,0,100,10.0,18,6,5,0.1,3,inc_every3,33.850200000008186,43.07439999999923,-67.96541010222217,-80.23034321679107,99.67135409081641,99.5711088099411,33.85020000000097,43.074399999996416,1052.0,1323.0,0.0,0.0,58.0,70.0,3.0,3.0,10.0,10.0,0.0,0.0,-255.8999999999999,-730.4000000000001,-99.9661498,-99.9569256,1,1
0.1,100.0,1440,1,30,30,0,0,100,10.0,12,6,5,0.1,3,inc_every3,33.850200000008186,43.07439999999923,-67.96541010222217,-80.23034321679107,99.67135409081641,99.5711088099411,33.85020000000097,43.074399999996416,1052.0,1323.0,0.0,0.0,58.0,70.0,3.0,3.0,10.0,10.0,0.0,0.0,-255.8999999999999,-730.4000000000001,-99.9661498,-99.9569256,1,1
0.1,100.0,1440,1,30,30,0,0,200,15.0,3,6,5,0.1,3,inc_every3,33.76680000000289,4883.300000002535,-67.98122039364652,-19.207990528903608,99.66772809572547,51.947727817241706,33.76679999999658,4813.300000002535,2559.0,1514.0,0.0,3.0,119.0,68.0,1.0,0.0,3.0,3.0,686.0,410.0,-2188.699999999973,-2355.2999999999793,-99.9662332,-73.10344616338702,1,0
0.1,100.0,1440,1,30,30,0,0,200,15.0,3,6,99,0.0,1,flat,33.76680000000289,4883.300000002535,-67.98122039364652,-19.207990528903608,99.66772809572547,51.947727817241706,33.76679999999658,4813.300000002535,2559.0,1514.0,0.0,3.0,119.0,68.0,1.0,0.0,3.0,3.0,686.0,410.0,-2188.699999999973,-2355.2999999999793,-99.9662332,-73.10344616338702,1,0
0.1,100.0,1440,1,30,30,0,0,300,15.0,8,0,5,0.1,3,inc_every3,33.747900000009,5385.600000000777,-67.98480764200069,-16.819491714622337,99.78442320836554,87.64239264312178,33.747900000001835,1936.40000000078,863.0,643.0,10.0,1.0,0.0,0.0,2.0,0.0,8.0,8.0,28.0,21.0,-7449.900000000048,-8445.600000000024,-99.96625209999999,-98.06359999999923,1,1
0.1,100.0,1440,1,30,30,0,0,150,5.3,12,15,99,0.0,1,flat,33.68670000000844,100.70460000001356,-67.99643453095922,-74.54610144440284,99.66827800809442,99.22787349051193,33.68670000000361,100.7046000000048,2263.0,5811.0,0.0,2.0,19.0,40.0,2.0,1.0,12.0,12.0,29.0,62.0,-573.6999999999998,-3227.2999999999874,-99.9663133,-99.8992954,1,1
0.1,100.0,1440,1,30,30,0,0,100,15.0,12,6,99,0.0,1,flat,33.68670000000202,94.8640000000147,-67.99643453096044,-74.99465622340244,99.67249314589046,99.05634251153893,33.68669999999912,94.8640000000147,936.0,609.0,0.0,0.0,79.0,55.0,2.0,1.0,11.0,11.0,0.0,0.0,-452.9000000000001,-685.9000000000004,-99.9663133,-99.90513599999998,1,1
0.1,100.0,1440,1,30,30,0,0,100,15.0,18,6,99,0.0,1,flat,33.68670000000202,94.8640000000147,-67.99643453096044,-74.99465622340244,99.67249314589046,99.05634251153893,33.68669999999912,94.8640000000147,936.0,609.0,0.0,0.0,79.0,55.0,2.0,1.0,11.0,11.0,0.0,0.0,-452.9000000000001,-685.9000000000004,-99.9663133,-99.90513599999998,1,1
0.1,100.0,1440,1,30,30,0,0,75,25.0,8,10,5,0.1,3,inc_every3,33.68670000000142,59.29000000000701,-67.99643453096056,-78.25839956477787,99.6754027751012,99.4402326305951,33.686699999996506,59.290000000003516,393.0,293.0,0.0,0.0,51.0,41.0,2.0,2.0,8.0,8.0,120.0,85.0,-636.6000000000008,-1095.6000000000015,-99.96631330000001,-99.94071,1,1
0.1,100.0,1440,1,30,30,0,0,300,15.0,3,4,99,0.0,1,flat,33.681000000003905,33.082200000005116,-67.9975182873582,-81.72365020629049,99.67176353642847,99.67422105802181,33.68100000000254,33.08220000000131,3132.0,1787.0,0.0,0.0,192.0,115.0,1.0,1.0,3.0,3.0,609.0,324.0,-1847.3999999999837,-1716.8999999999874,-99.966319,-99.9669178,1,1
0.1,100.0,1440,1,30,30,0,0,300,15.0,3,4,5,0.1,3,inc_every3,33.681000000003905,33.082200000005116,-67.9975182873582,-81.72365020629049,99.67176353642847,99.67422105802181,33.68100000000254,33.08220000000131,3132.0,1787.0,0.0,0.0,192.0,115.0,1.0,1.0,3.0,3.0,609.0,324.0,-1847.3999999999837,-1716.8999999999874,-99.966319,-99.9669178,1,1
0.1,100.0,1440,1,30,30,0,0,100,10.0,3,10,5,0.1,3,inc_every3,33.667200000006574,4020.9000000011856,-68.00014272631489,-23.747184182506565,99.66931667501548,61.6638627352503,33.667199999997706,3896.600000000999,2135.0,1570.0,7.0,13.0,48.0,33.0,1.0,0.0,3.0,3.0,731.0,546.0,-2493.8999999999814,-2704.3999999999883,-99.9663328,-97.07490965300715,1,0
0.1,100.0,1440,1,30,30,0,0,100,10.0,3,10,99,0.0,1,flat,33.667200000006574,4020.9000000011856,-68.00014272631489,-23.747184182506565,99.66931667501548,61.6638627352503,33.667199999997706,3896.600000000999,2135.0,1570.0,7.0,13.0,48.0,33.0,1.0,0.0,3.0,3.0,731.0,546.0,-2493.8999999999814,-2704.3999999999883,-99.9663328,-97.07490965300715,1,0
0.1,100.0,1440,1,30,30,0,0,200,15.0,3,15,5,0.1,3,inc_every3,33.666300000003275,5222.200000001451,-68.0003139152646,-17.578631920029586,99.67465258315778,49.625971740074164,33.666299999999865,5151.5000000014215,2036.0,711.0,8.0,7.0,39.0,13.0,1.0,0.0,3.0,3.0,529.0,176.0,-3793.100000000012,-2752.5999999999904,-99.9663337,-66.8305754001779,1,0
0.1,100.0,1440,1,30,30,0,0,200,15.0,3,15,99,0.0,1,flat,33.666300000003275,5222.200000001451,-68.0003139152646,-17.578631920029586,99.67465258315778,49.625971740074164,33.666299999999865,5151.5000000014215,2036.0,711.0,8.0,7.0,39.0,13.0,1.0,0.0,3.0,3.0,529.0,176.0,-3793.100000000012,-2752.5999999999904,-99.9663337,-66.8305754001779,1,0
0.1,100.0,1440,1,30,30,0,0,150,25.0,3,4,5,0.1,3,inc_every3,33.648599999997714,3954.1000000033523,-68.00368137540352,-24.126375540778298,99.67411188161007,64.49133029459831,33.648599999997714,3778.300000003323,1499.0,1023.0,0.0,0.0,204.0,138.0,1.0,0.0,3.0,3.0,751.0,524.0,-1996.699999999975,-2120.499999999974,-99.96635140000001,-103.10903612997492,1,0
0.1,100.0,1440,1,30,30,0,0,150,25.0,3,4,99,0.0,1,flat,33.648599999997714,3954.1000000033523,-68.00368137540352,-24.126375540778298,99.67411188161007,64.49133029459831,33.648599999997714,3778.300000003323,1499.0,1023.0,0.0,0.0,204.0,138.0,1.0,0.0,3.0,3.0,751.0,524.0,-1996.699999999975,-2120.499999999974,-99.96635140000001,-103.10903612997492,1,0
0.1,100.0,1440,1,30,30,0,0,400,25.0,5,6,99,0.0,1,flat,33.560999999997705,8345.100000002209,-68.02036833859135,-5.24113056392469,99.68537840650227,34.09999089937928,33.560999999997705,7965.400000002194,1871.0,1034.0,0.0,0.0,140.0,71.0,1.0,0.0,5.0,5.0,187.0,109.0,-2289.3999999999924,-2357.9999999999923,-99.96643900000001,-23.44111236268325,1,0
0.1,100.0,1440,1,30,30,0,0,400,25.0,5,6,5,0.1,3,inc_every3,33.560999999997705,8345.100000002209,-68.02036833859135,-5.24113056392469,99.68537840650227,34.09999089937928,33.560999999997705,7965.400000002194,1871.0,1034.0,0.0,0.0,140.0,71.0,1.0,0.0,5.0,5.0,187.0,109.0,-2289.3999999999924,-2357.9999999999923,-99.96643900000001,-23.44111236268325,1,0
0.1,100.0,1440,1,30,30,0,0,200,15.0,3,10,99,0.0,1,flat,33.53130000001315,4127.900000001951,-68.02603381334443,-23.148913349389677,99.67004546170195,60.05195214103932,33.53130000000172,4060.0000000019454,2067.0,1067.0,4.0,6.0,60.0,30.0,1.0,0.0,3.0,3.0,530.0,261.0,-2659.7999999999806,-2612.799999999988,-99.9664687,-93.25281763146832,1,0
0.1,100.0,1440,1,30,30,0,0,200,15.0,3,10,5,0.1,3,inc_every3,33.53130000001315,4127.900000001951,-68.02603381334443,-23.148913349389677,99.67004546170195,60.05195214103932,33.53130000000172,4060.0000000019454,2067.0,1067.0,4.0,6.0,60.0,30.0,1.0,0.0,3.0,3.0,530.0,261.0,-2659.7999999999806,-2612.799999999988,-99.9664687,-93.25281763146832,1,0
0.1,100.0,1440,1,30,30,0,0,300,10.0,3,10,99,0.0,1,flat,33.517500000007715,4918.000000000944,-68.02866762207654,-19.037577680916982,99.66747192348899,53.993002738050976,33.51750000000271,4839.200000000939,3636.0,1756.0,5.0,9.0,59.0,27.0,1.0,0.0,3.0,3.0,480.0,220.0,-2442.8999999999764,-2465.2999999999834,-99.9664825,-77.02358315701893,1,0
0.1,100.0,1440,1,30,30,0,0,300,10.0,3,10,5,0.1,3,inc_every3,33.517500000007715,4918.000000000944,-68.02866762207654,-19.037577680916982,99.66747192348899,53.993002738050976,33.51750000000271,4839.200000000939,3636.0,1756.0,5.0,9.0,59.0,27.0,1.0,0.0,3.0,3.0,480.0,220.0,-2442.8999999999764,-2465.2999999999834,-99.9664825,-77.02358315701893,1,0
0.1,100.0,1440,1,30,30,0,0,150,5.3,8,0,99,0.0,1,flat,33.44670000000009,100.06880000003366,-68.04219386276664,-74.59402947799194,99.66918846743485,99.00188713120146,33.44670000000009,100.06880000000456,1079.0,968.0,7.0,4.0,0.0,0.0,2.0,1.0,8.0,8.0,23.0,21.0,-4803.500000000046,-1853.69999999999,-99.9665533,-99.8999312,1,1
0.1,100.0,1440,1,30,30,0,0,75,10.0,12,0,5,0.1,3,inc_every3,33.43800000000053,103.62780000000885,-68.04385756519747,-74.32843863587125,99.68020275439939,99.29573408181186,33.43800000000053,103.62779999999344,406.0,457.0,2.0,0.0,0.0,0.0,3.0,2.0,12.0,12.0,17.0,22.0,-2454.9000000000037,-2183.300000000004,-99.966562,-99.8963722,1,1
0.1,100.0,1440,1,30,30,0,0,75,15.0,3,10,5,0.1,3,inc_every3,33.42660000000171,5435.600000003627,-68.04603811325028,-16.590433843684394,99.67801142438813,47.802926829238345,33.42659999999796,5350.2000000033295,1510.0,928.0,2.0,7.0,57.0,33.0,1.0,0.0,3.0,3.0,787.0,511.0,-2668.299999999988,-2755.0999999999913,-99.9665734,-62.196287502161084,1,0
0.1,100.0,1440,1,30,30,0,0,75,15.0,3,10,99,0.0,1,flat,33.42660000000171,5435.600000003627,-68.04603811325028,-16.590433843684394,99.67801142438813,47.802926829238345,33.42659999999796,5350.2000000033295,1510.0,928.0,2.0,7.0,57.0,33.0,1.0,0.0,3.0,3.0,787.0,511.0,-2668.299999999988,-2755.0999999999913,-99.9665734,-62.196287502161084,1,0
0.1,100.0,1440,1,30,30,0,0,200,15.0,3,2,5,0.1,3,inc_every3,33.40679999999949,34.00440000000566,-68.04982679511488,-81.57350457410101,99.67127056600805,99.66495157206055,33.406799999998555,34.004400000003244,2825.0,1653.0,0.0,0.0,377.0,232.0,1.0,1.0,3.0,3.0,865.0,452.0,-1138.900000000001,-881.5000000000041,-99.9665932,-99.9659956,1,1
0.1,100.0,1440,1,30,30,0,0,200,15.0,3,2,99,0.0,1,flat,33.40679999999949,34.00440000000566,-68.04982679511488,-81.57350457410101,99.67127056600805,99.66495157206055,33.406799999998555,34.004400000003244,2825.0,1653.0,0.0,0.0,377.0,232.0,1.0,1.0,3.0,3.0,865.0,452.0,-1138.900000000001,-881.5000000000041,-99.9665932,-99.9659956,1,1
0.1,100.0,1440,1,30,30,0,0,400,15.0,3,6,99,0.0,1,flat,33.34500000000719,6516.700000002122,-68.06166363847397,-11.964261117187336,99.67657300264794,39.198519744834606,33.3450000000019,6243.400000001892,2342.0,1517.0,0.0,4.0,94.0,55.0,1.0,0.0,3.0,3.0,326.0,233.0,-1887.3999999999837,-2119.7999999999793,-99.966655,-40.361300606856545,1,0
0.1,100.0,1440,1,30,30,0,0,400,15.0,3,6,5,0.1,3,inc_every3,33.34500000000719,6516.700000002122,-68.06166363847397,-11.964261117187336,99.67657300264794,39.198519744834606,33.3450000000019,6243.400000001892,2342.0,1517.0,0.0,4.0,94.0,55.0,1.0,0.0,3.0,3.0,326.0,233.0,-1887.3999999999837,-2119.7999999999793,-99.966655,-40.361300606856545,1,0
0.1,100.0,1440,1,30,30,0,0,100,15.0,3,15,99,0.0,1,flat,33.32040000000711,6465.300000000645,-68.06638027472135,-12.171465960888462,99.67453554474592,38.52484869989771,33.32040000000268,6236.900000000663,1451.0,671.0,3.0,7.0,35.0,15.0,1.0,0.0,3.0,3.0,637.0,295.0,-2992.499999999999,-2817.3999999999937,-99.96667959999999,-39.22116336068388,1,0
0.1,100.0,1440,1,30,30,0,0,100,15.0,3,15,5,0.1,3,inc_every3,33.32040000000711,6465.300000000645,-68.06638027472135,-12.171465960888462,99.67453554474592,38.52484869989771,33.32040000000268,6236.900000000663,1451.0,671.0,3.0,7.0,35.0,15.0,1.0,0.0,3.0,3.0,637.0,295.0,-2992.499999999999,-2817.3999999999937,-99.96667959999999,-39.22116336068388,1,0
0.1,100.0,1440,1,30,30,0,0,200,10.0,12,15,99,0.0,1,flat,33.31259999999705,58.241999999997915,-68.06787637512639,-78.37347562671312,99.67584025845126,99.49179340854957,33.31259999999705,58.241999999997915,1206.0,1684.0,0.0,0.0,20.0,26.0,2.0,1.0,12.0,12.0,21.0,26.0,-572.4000000000003,-1583.4000000000024,-99.9666874,-99.94175800000001,1,1
0.1,100.0,1440,1,30,30,0,0,200,10.0,18,15,99,0.0,1,flat,33.31259999999705,58.241999999997915,-68.06787637512639,-78.37347562671312,99.67584025845126,99.49179340854957,33.31259999999705,58.241999999997915,1206.0,1684.0,0.0,0.0,20.0,26.0,2.0,1.0,12.0,12.0,0.0,0.0,-572.4000000000003,-1583.4000000000024,-99.9666874,-99.94175800000001,1,1
0.1,100.0,1440,1,30,30,0,0,200,5.3,18,0,5,0.1,3,inc_every3,33.30000000000075,34.54260000001068,-68.07029374471416,-81.4871966398178,99.93968920925856,99.79779428551362,33.29999999999643,34.542600000001016,6289.0,1090.0,7.0,1.0,0.0,0.0,3.0,3.0,18.0,18.0,13.0,1.0,-13671.199999999975,-1351.6,-99.9667,-99.9654574,1,1
0.1,100.0,1440,1,30,30,0,0,300,10.0,3,4,99,0.0,1,flat,33.243000000009204,756.3000000018073,-68.0812386142855,-53.62054271792553,99.67491052044828,95.00686242290132,33.24300000000005,516.6000000017871,4121.0,2886.0,1.0,1.0,161.0,115.0,1.0,0.0,3.0,3.0,557.0,360.0,-1657.39999999999,-1786.799999999986,-99.966757,-99.48339999999821,1,1
0.1,100.0,1440,1,30,30,0,0,300,10.0,3,4,5,0.1,3,inc_every3,33.243000000009204,756.3000000018073,-68.0812386142855,-53.62054271792553,99.67491052044828,95.00686242290132,33.24300000000005,516.6000000017871,4121.0,2886.0,1.0,1.0,161.0,115.0,1.0,0.0,3.0,3.0,557.0,360.0,-1657.39999999999,-1786.799999999986,-99.966757,-99.48339999999821,1,1
0.1,100.0,1440,1,30,30,0,0,100,15.0,12,10,99,0.0,1,flat,33.20340000000539,-55.44599999999076,-68.08885125867099,-99.98646354667797,99.67719185673454,100.481670025714,33.203399999998865,-55.44599999999076,818.0,589.0,0.0,0.0,45.0,34.0,2.0,2.0,12.0,12.0,56.0,49.0,-639.6000000000004,-889.200000000001,-99.9667966,-100.05544599999999,1,1
0.1,100.0,1440,1,30,30,0,0,400,15.0,3,15,5,0.1,3,inc_every3,33.19440000000213,6782.800000001301,-68.09058241786565,-10.909524723599272,99.70734494159134,34.765590337677494,33.19440000000213,6616.400000001146,2020.0,749.0,11.0,5.0,33.0,11.0,1.0,0.0,3.0,3.0,268.0,114.0,-3282.799999999991,-2617.499999999985,-99.9668056,-30.44070539895426,1,0
0.1,100.0,1440,1,30,30,0,0,400,15.0,3,15,99,0.0,1,flat,33.19440000000213,6782.800000001301,-68.09058241786565,-10.909524723599272,99.70734494159134,34.765590337677494,33.19440000000213,6616.400000001146,2020.0,749.0,11.0,5.0,33.0,11.0,1.0,0.0,3.0,3.0,268.0,114.0,-3282.799999999991,-2617.499999999985,-99.9668056,-30.44070539895426,1,0
0.1,100.0,1440,1,30,30,0,0,300,25.0,3,2,5,0.1,3,inc_every3,33.13860000000719,2995.3000000012944,-68.1013239926896,-30.144449375879155,99.67218391714229,72.5882273119262,33.13860000000338,2828.100000001278,2146.0,1125.0,0.0,0.0,448.0,237.0,1.0,0.0,3.0,3.0,732.0,381.0,-1447.3000000000031,-1331.600000000001,-99.9668614,-125.32090399973157,1,0
0.1,100.0,1440,1,30,30,0,0,300,25.0,3,2,99,0.0,1,flat,33.13860000000719,2995.3000000012944,-68.1013239926896,-30.144449375879155,99.67218391714229,72.5882273119262,33.13860000000338,2828.100000001278,2146.0,1125.0,0.0,0.0,448.0,237.0,1.0,0.0,3.0,3.0,732.0,381.0,-1447.3000000000031,-1331.600000000001,-99.9668614,-125.32090399973157,1,0
0.1,100.0,1440,1,30,30,0,0,300,10.0,18,2,99,0.0,1,flat,33.138000000006656,102.0000000024412,-68.10143957208732,-74.44910509906927,99.67123695384737,98.98791450851904,33.138000000000886,102.00000000243483,4175.0,2624.0,0.0,0.0,320.0,214.0,1.0,0.0,4.0,4.0,0.0,0.0,-1025.4000000000065,-1037.9000000000058,-99.966862,-99.89799999999757,1,1
0.1,100.0,1440,1,30,30,0,0,300,10.0,12,2,5,0.1,3,inc_every3,33.138000000006656,102.0000000024412,-68.10143957208732,-74.44910509906927,99.67123695384737,98.98791450851904,33.138000000000886,102.00000000243483,4175.0,2624.0,0.0,0.0,320.0,214.0,1.0,0.0,4.0,4.0,0.0,0.0,-1025.4000000000065,-1037.9000000000058,-99.966862,-99.89799999999757,1,1
0.1,100.0,1440,1,30,30,0,0,300,10.0,18,2,5,0.1,3,inc_every3,33.138000000006656,102.0000000024412,-68.10143957208732,-74.44910509906927,99.67123695384737,98.98791450851904,33.138000000000886,102.00000000243483,4175.0,2624.0,0.0,0.0,320.0,214.0,1.0,0.0,4.0,4.0,0.0,0.0,-1025.4000000000065,-1037.9000000000058,-99.966862,-99.89799999999757,1,1
0.1,100.0,1440,1,30,30,0,0,300,10.0,8,2,99,0.0,1,flat,33.138000000006656,102.0000000024412,-68.10143957208732,-74.44910509906927,99.67123695384737,98.98791450851904,33.138000000000886,102.00000000243483,4175.0,2624.0,0.0,0.0,320.0,214.0,1.0,0.0,4.0,4.0,0.0,0.0,-1025.4000000000065,-1037.9000000000058,-99.966862,-99.89799999999757,1,1
0.1,100.0,1440,1,30,30,0,0,300,10.0,8,2,5,0.1,3,inc_every3,33.138000000006656,102.0000000024412,-68.10143957208732,-74.44910509906927,99.67123695384737,98.98791450851904,33.138000000000886,102.00000000243483,4175.0,2624.0,0.0,0.0,320.0,214.0,1.0,0.0,4.0,4.0,0.0,0.0,-1025.4000000000065,-1037.9000000000058,-99.966862,-99.89799999999757,1,1
0.1,100.0,1440,1,30,30,0,0,300,10.0,12,2,99,0.0,1,flat,33.138000000006656,102.0000000024412,-68.10143957208732,-74.44910509906927,99.67123695384737,98.98791450851904,33.138000000000886,102.00000000243483,4175.0,2624.0,0.0,0.0,320.0,214.0,1.0,0.0,4.0,4.0,0.0,0.0,-1025.4000000000065,-1037.9000000000058,-99.966862,-99.89799999999757,1,1
0.1,100.0,1440,1,30,30,0,0,300,10.0,5,2,99,0.0,1,flat,33.138000000006656,102.0000000024412,-68.10143957208732,-74.44910509906927,99.67123695384737,98.98791450851904,33.138000000000886,102.00000000243483,4175.0,2624.0,0.0,0.0,320.0,214.0,1.0,0.0,4.0,4.0,0.0,0.0,-1025.4000000000065,-1037.9000000000058,-99.966862,-99.89799999999757,1,1
0.1,100.0,1440,1,30,30,0,0,300,10.0,5,2,5,0.1,3,inc_every3,33.138000000006656,102.0000000024412,-68.10143957208732,-74.44910509906927,99.67123695384737,98.98791450851904,33.138000000000886,102.00000000243483,4175.0,2624.0,0.0,0.0,320.0,214.0,1.0,0.0,4.0,4.0,0.0,0.0,-1025.4000000000065,-1037.9000000000058,-99.966862,-99.89799999999757,1,1
0.1,100.0,1440,1,30,30,0,0,400,25.0,18,6,99,0.0,1,flat,33.10000000347921,8298.500000002425,-68.1087630123863,-5.398901336786144,99.68970010590064,34.42150505576473,33.100000003475316,7918.800000002409,1767.0,1032.0,0.0,0.0,133.0,71.0,1.0,0.0,6.0,6.0,0.0,0.0,-2203.1999999999935,-2376.899999999992,-99.96689999999653,-24.241911448315612,1,0
0.1,100.0,1440,1,30,30,0,0,400,25.0,8,6,99,0.0,1,flat,33.10000000347921,8298.500000002425,-68.1087630123863,-5.398901336786144,99.68970010590064,34.42150505576473,33.100000003475316,7918.800000002409,1767.0,1032.0,0.0,0.0,133.0,71.0,1.0,0.0,6.0,6.0,0.0,0.0,-2203.1999999999935,-2376.899999999992,-99.96689999999653,-24.241911448315612,1,0
0.1,100.0,1440,1,30,30,0,0,400,25.0,12,6,99,0.0,1,flat,33.10000000347921,8298.500000002425,-68.1087630123863,-5.398901336786144,99.68970010590064,34.42150505576473,33.100000003475316,7918.800000002409,1767.0,1032.0,0.0,0.0,133.0,71.0,1.0,0.0,6.0,6.0,0.0,0.0,-2203.1999999999935,-2376.899999999992,-99.96689999999653,-24.241911448315612,1,0
0.1,100.0,1440,1,30,30,0,0,150,25.0,12,2,99,0.0,1,flat,33.03540000000339,43.693600000012935,-68.12122831127137,-80.14619805252747,99.68071250459086,99.58175535326268,33.0354000000016,43.693600000002164,1809.0,1028.0,0.0,0.0,523.0,306.0,1.0,1.0,6.0,6.0,0.0,0.0,-1277.2000000000012,-1377.5000000000007,-99.9669646,-99.9563064,1,1
0.1,100.0,1440,1,30,30,0,0,150,25.0,8,2,99,0.0,1,flat,33.03540000000339,43.693600000012935,-68.12122831127137,-80.14619805252747,99.68071250459086,99.58175535326268,33.0354000000016,43.693600000002164,1809.0,1028.0,0.0,0.0,523.0,306.0,1.0,1.0,6.0,6.0,0.0,0.0,-1277.2000000000012,-1377.5000000000007,-99.9669646,-99.9563064,1,1
0.1,100.0,1440,1,30,30,0,0,150,25.0,18,2,99,0.0,1,flat,33.03540000000339,43.693600000012935,-68.12122831127137,-80.14619805252747,99.68071250459086,99.58175535326268,33.0354000000016,43.693600000002164,1809.0,1028.0,0.0,0.0,523.0,306.0,1.0,1.0,6.0,6.0,0.0,0.0,-1277.2000000000012,-1377.5000000000007,-99.9669646,-99.9563064,1,1
0.1,100.0,1440,1,30,30,0,0,300,25.0,3,4,5,0.1,3,inc_every3,33.68640000001011,4320.500000000781,-67.99649156711233,-22.09892172023088,99.69252271136791,59.07028915733672,33.000000002440004,4123.300000000765,2086.0,1036.0,0.0,0.0,230.0,113.0,1.0,0.0,3.0,3.0,635.0,311.0,-2245.399999999977,-1901.1999999999844,-99.96699999999755,-90.23950003490431,1,0
0.1,100.0,1440,1,30,30,0,0,300,25.0,3,4,99,0.0,1,flat,33.68640000001011,4320.500000000781,-67.99649156711233,-22.09892172023088,99.69252271136791,59.07028915733672,33.000000002440004,4123.300000000765,2086.0,1036.0,0.0,0.0,230.0,113.0,1.0,0.0,3.0,3.0,635.0,311.0,-2245.399999999977,-1901.1999999999844,-99.96699999999755,-90.23950003490431,1,0
0.1,100.0,1440,1,30,30,0,0,300,5.3,3,15,5,0.1,3,inc_every3,32.75400000000195,3695.3000000015318,-68.1757561434299,-25.639433230579133,99.67491762277184,63.21858606043942,32.75400000000036,3680.9000000015267,3605.0,2156.0,21.0,20.0,21.0,12.0,1.0,0.0,3.0,3.0,282.0,168.0,-2393.099999999977,-2635.1999999999844,-99.967246,-102.07660535145797,1,0
0.1,100.0,1440,1,30,30,0,0,100,10.0,3,15,5,0.1,3,inc_every3,32.75399999999945,4362.900000001116,-68.17575614343038,-21.872205356900164,99.67828623626131,57.997331092759765,32.75399999999945,4249.200000000985,1767.0,993.0,6.0,12.0,27.0,15.0,1.0,0.0,3.0,3.0,601.0,340.0,-2605.5999999999844,-2808.0999999999945,-99.967246,-87.8668675424197,1,0
0.1,100.0,1440,1,30,30,0,0,100,10.0,3,15,99,0.0,1,flat,32.75399999999945,4362.900000001116,-68.17575614343038,-21.872205356900164,99.67828623626131,57.997331092759765,32.75399999999945,4249.200000000985,1767.0,993.0,6.0,12.0,27.0,15.0,1.0,0.0,3.0,3.0,601.0,340.0,-2605.5999999999844,-2808.0999999999945,-99.967246,-87.8668675424197,1,0
0.1,100.0,1440,1,30,30,0,0,300,5.3,3,15,99,0.0,1,flat,32.75400000000195,3695.3000000015318,-68.1757561434299,-25.639433230579133,99.67491762277184,63.21858606043942,32.75400000000036,3680.9000000015267,3605.0,2156.0,21.0,20.0,21.0,12.0,1.0,0.0,3.0,3.0,282.0,168.0,-2393.099999999977,-2635.1999999999844,-99.967246,-102.07660535145797,1,0
0.1,100.0,1440,1,30,30,0,0,200,10.0,3,15,5,0.1,3,inc_every3,32.71830000000591,5104.900000001695,-68.18270061001938,-18.133947252973382,99.67663592967058,51.430964135807756,32.718300000001136,4987.7000000015905,2001.0,1147.0,7.0,11.0,26.0,13.0,1.0,0.0,3.0,3.0,387.0,204.0,-2476.4999999999823,-2718.2999999999897,-99.9672817,-70.9958755245889,1,0
0.1,100.0,1440,1,30,30,0,0,200,10.0,3,15,99,0.0,1,flat,32.71830000000591,5104.900000001695,-68.18270061001938,-18.133947252973382,99.67663592967058,51.430964135807756,32.718300000001136,4987.7000000015905,2001.0,1147.0,7.0,11.0,26.0,13.0,1.0,0.0,3.0,3.0,387.0,204.0,-2476.4999999999823,-2718.2999999999897,-99.9672817,-70.9958755245889,1,0
0.1,100.0,1440,1,30,30,0,0,300,10.0,3,6,99,0.0,1,flat,32.6570999999974,5049.500000001364,-68.19461952368098,-18.399339026592408,99.67600797650704,53.03501497349609,32.6570999999974,4893.000000001369,3472.0,2415.0,3.0,6.0,94.0,60.0,1.0,0.0,3.0,3.0,470.0,315.0,-1912.0999999999797,-2156.599999999977,-99.9673429,-74.46936897358458,1,0
0.1,100.0,1440,1,30,30,0,0,300,10.0,3,6,5,0.1,3,inc_every3,32.6570999999974,5049.500000001364,-68.19461952368098,-18.399339026592408,99.67600797650704,53.03501497349609,32.6570999999974,4893.000000001369,3472.0,2415.0,3.0,6.0,94.0,60.0,1.0,0.0,3.0,3.0,470.0,315.0,-1912.0999999999797,-2156.599999999977,-99.9673429,-74.46936897358458,1,0
0.1,100.0,1440,1,30,30,0,0,200,25.0,5,2,99,0.0,1,flat,32.59260000000542,43.2228000000118,-68.20720047695731,-80.21009961864158,99.6772977950277,99.57907386667962,32.59259999999779,43.22280000000234,2088.0,1164.0,0.0,0.0,522.0,302.0,1.0,1.0,5.0,5.0,284.0,169.0,-1520.100000000001,-1438.5,-99.9674074,-99.9567772,1,1
0.1,100.0,1440,1,30,30,0,0,200,25.0,5,2,5,0.1,3,inc_every3,32.59260000000542,43.2228000000118,-68.20720047695731,-80.21009961864158,99.6772977950277,99.57907386667962,32.59259999999779,43.22280000000234,2088.0,1164.0,0.0,0.0,522.0,302.0,1.0,1.0,5.0,5.0,284.0,169.0,-1520.100000000001,-1438.5,-99.9674074,-99.9567772,1,1
0.1,100.0,1440,1,30,30,0,0,200,25.0,18,2,99,0.0,1,flat,32.59260000000542,43.2228000000118,-68.20720047695731,-80.21009961864158,99.6772977950277,99.57907386667962,32.59259999999779,43.22280000000234,2088.0,1164.0,0.0,0.0,522.0,302.0,1.0,1.0,5.0,5.0,0.0,0.0,-1520.100000000001,-1438.5,-99.9674074,-99.9567772,1,1
0.1,100.0,1440,1,30,30,0,0,200,25.0,18,2,5,0.1,3,inc_every3,32.59260000000542,43.2228000000118,-68.20720047695731,-80.21009961864158,99.6772977950277,99.57907386667962,32.59259999999779,43.22280000000234,2088.0,1164.0,0.0,0.0,522.0,302.0,1.0,1.0,5.0,5.0,0.0,0.0,-1520.100000000001,-1438.5,-99.9674074,-99.9567772,1,1
0.1,100.0,1440,1,30,30,0,0,200,25.0,8,2,5,0.1,3,inc_every3,32.59260000000542,43.2228000000118,-68.20720047695731,-80.21009961864158,99.6772977950277,99.57907386667962,32.59259999999779,43.22280000000234,2088.0,1164.0,0.0,0.0,522.0,302.0,1.0,1.0,5.0,5.0,0.0,0.0,-1520.100000000001,-1438.5,-99.9674074,-99.9567772,1,1
0.1,100.0,1440,1,30,30,0,0,200,25.0,12,2,99,0.0,1,flat,32.59260000000542,43.2228000000118,-68.20720047695731,-80.21009961864158,99.6772977950277,99.57907386667962,32.59259999999779,43.22280000000234,2088.0,1164.0,0.0,0.0,522.0,302.0,1.0,1.0,5.0,5.0,0.0,0.0,-1520.100000000001,-1438.5,-99.9674074,-99.9567772,1,1
0.1,100.0,1440,1,30,30,0,0,200,25.0,12,2,5,0.1,3,inc_every3,32.59260000000542,43.2228000000118,-68.20720047695731,-80.21009961864158,99.6772977950277,99.57907386667962,32.59259999999779,43.22280000000234,2088.0,1164.0,0.0,0.0,522.0,302.0,1.0,1.0,5.0,5.0,0.0,0.0,-1520.100000000001,-1438.5,-99.9674074,-99.9567772,1,1
0.1,100.0,1440,1,30,30,0,0,200,25.0,8,2,99,0.0,1,flat,32.59260000000542,43.2228000000118,-68.20720047695731,-80.21009961864158,99.6772977950277,99.57907386667962,32.59259999999779,43.22280000000234,2088.0,1164.0,0.0,0.0,522.0,302.0,1.0,1.0,5.0,5.0,0.0,0.0,-1520.100000000001,-1438.5,-99.9674074,-99.9567772,1,1
0.1,100.0,1440,1,30,30,0,0,150,15.0,3,10,99,0.0,1,flat,32.58479999999793,3853.300000002663,-68.20872324400543,-24.70718033753928,99.67890105341995,62.1110025716929,32.58479999999611,3801.1000000026534,1564.0,1005.0,3.0,6.0,51.0,31.0,1.0,0.0,3.0,3.0,520.0,321.0,-2463.8999999999796,-2658.299999999986,-99.9674152,-98.92918548092509,1,0
0.1,100.0,1440,1,30,30,0,0,150,15.0,3,10,5,0.1,3,inc_every3,32.58479999999793,3853.300000002663,-68.20872324400543,-24.70718033753928,99.67890105341995,62.1110025716929,32.58479999999611,3801.1000000026534,1564.0,1005.0,3.0,6.0,51.0,31.0,1.0,0.0,3.0,3.0,520.0,321.0,-2463.8999999999796,-2658.299999999986,-99.9674152,-98.92918548092509,1,0
0.1,100.0,1440,1,30,30,0,0,150,25.0,3,10,5,0.1,3,inc_every3,32.55270000000428,4345.200000001921,-68.21499308675196,-21.966659727915715,99.68416901135151,58.29995897394049,32.55269999999973,4269.000000001899,1204.0,554.0,1.0,2.0,68.0,31.0,1.0,0.0,3.0,3.0,553.0,250.0,-2950.8999999999933,-2691.6999999999857,-99.9674473,-88.5665776757967,1,0
0.1,100.0,1440,1,30,30,0,0,300,10.0,3,15,5,0.1,3,inc_every3,32.552700000011896,5241.4000000010965,-68.21499308675047,-17.488573097945835,99.67704373189412,50.131361945298494,32.55270000000064,5200.900000000995,2650.0,1277.0,10.0,8.0,30.0,13.0,1.0,0.0,3.0,3.0,353.0,152.0,-2885.3999999999905,-2614.899999999984,-99.9674473,-67.75129698854282,1,0
0.1,100.0,1440,1,30,30,0,0,150,25.0,3,10,99,0.0,1,flat,32.55270000000428,4345.200000001921,-68.21499308675196,-21.966659727915715,99.68416901135151,58.29995897394049,32.55269999999973,4269.000000001899,1204.0,554.0,1.0,2.0,68.0,31.0,1.0,0.0,3.0,3.0,553.0,250.0,-2950.8999999999933,-2691.6999999999857,-99.9674473,-88.5665776757967,1,0
0.1,100.0,1440,1,30,30,0,0,300,10.0,3,15,99,0.0,1,flat,32.552700000011896,5241.4000000010965,-68.21499308675047,-17.488573097945835,99.67704373189412,50.131361945298494,32.55270000000064,5200.900000000995,2650.0,1277.0,10.0,8.0,30.0,13.0,1.0,0.0,3.0,3.0,353.0,152.0,-2885.3999999999905,-2614.899999999984,-99.9674473,-67.75129698854282,1,0
0.1,100.0,1440,1,30,30,0,0,150,10.0,3,6,99,0.0,1,flat,32.551199999998516,3849.7000000046455,-68.21528619098434,-24.72811975012813,99.67908352393724,63.10183892452197,32.551199999998175,3700.000000004633,3484.0,2417.0,2.0,5.0,110.0,73.0,1.0,0.0,3.0,3.0,875.0,588.0,-2185.4999999999773,-2381.699999999977,-99.9674488,-100.93179759917207,1,0
0.1,100.0,1440,1,30,30,0,0,150,10.0,3,6,5,0.1,3,inc_every3,32.551199999998516,3849.7000000046455,-68.21528619098434,-24.72811975012813,99.67908352393724,63.10183892452197,32.551199999998175,3700.000000004633,3484.0,2417.0,2.0,5.0,110.0,73.0,1.0,0.0,3.0,3.0,875.0,588.0,-2185.4999999999773,-2381.699999999977,-99.9674488,-100.93179759917207,1,0
0.1,100.0,1440,1,30,30,0,0,150,10.0,3,10,5,0.1,3,inc_every3,32.53140000000508,5193.200000003427,-68.21915617971727,-17.715100255222403,99.67927872860635,51.25635260997118,32.53140000000235,5160.1000000034155,2567.0,1596.0,7.0,14.0,51.0,29.0,1.0,0.0,3.0,3.0,632.0,393.0,-2421.4999999999795,-2648.699999999987,-99.9674686,-70.22780547516476,1,0
0.1,100.0,1440,1,30,30,0,0,150,10.0,3,10,99,0.0,1,flat,32.53140000000508,5193.200000003427,-68.21915617971727,-17.715100255222403,99.67927872860635,51.25635260997118,32.53140000000235,5160.1000000034155,2567.0,1596.0,7.0,14.0,51.0,29.0,1.0,0.0,3.0,3.0,632.0,393.0,-2421.4999999999795,-2648.699999999987,-99.9674686,-70.22780547516476,1,0
0.1,100.0,1440,1,30,30,0,0,400,10.0,12,2,99,0.0,1,flat,32.469000000002694,32.52900000000446,-68.2313648457438,-81.81513384259398,99.67687393017796,99.67474577796443,32.46899999999815,32.52899999999889,4429.0,2763.0,0.0,0.0,315.0,210.0,1.0,1.0,3.0,3.0,0.0,0.0,-1035.7000000000073,-1128.1000000000085,-99.96753100000001,-99.967471,1,1
0.1,100.0,1440,1,30,30,0,0,400,10.0,12,2,5,0.1,3,inc_every3,32.469000000002694,32.52900000000446,-68.2313648457438,-81.81513384259398,99.67687393017796,99.67474577796443,32.46899999999815,32.52899999999889,4429.0,2763.0,0.0,0.0,315.0,210.0,1.0,1.0,3.0,3.0,0.0,0.0,-1035.7000000000073,-1128.1000000000085,-99.96753100000001,-99.967471,1,1
0.1,100.0,1440,1,30,30,0,0,400,10.0,18,2,5,0.1,3,inc_every3,32.469000000002694,32.52900000000446,-68.2313648457438,-81.81513384259398,99.67687393017796,99.67474577796443,32.46899999999815,32.52899999999889,4429.0,2763.0,0.0,0.0,315.0,210.0,1.0,1.0,3.0,3.0,0.0,0.0,-1035.7000000000073,-1128.1000000000085,-99.96753100000001,-99.967471,1,1
0.1,100.0,1440,1,30,30,0,0,400,10.0,18,2,99,0.0,1,flat,32.469000000002694,32.52900000000446,-68.2313648457438,-81.81513384259398,99.67687393017796,99.67474577796443,32.46899999999815,32.52899999999889,4429.0,2763.0,0.0,0.0,315.0,210.0,1.0,1.0,3.0,3.0,0.0,0.0,-1035.7000000000073,-1128.1000000000085,-99.96753100000001,-99.967471,1,1
0.1,100.0,1440,1,30,30,0,0,400,10.0,5,2,99,0.0,1,flat,32.469000000002694,32.52900000000446,-68.2313648457438,-81.81513384259398,99.67687393017796,99.67474577796443,32.46899999999815,32.52899999999889,4429.0,2763.0,0.0,0.0,315.0,210.0,1.0,1.0,3.0,3.0,0.0,0.0,-1035.7000000000073,-1128.1000000000085,-99.96753100000001,-99.967471,1,1
0.1,100.0,1440,1,30,30,0,0,400,10.0,3,2,99,0.0,1,flat,32.469000000002694,32.52900000000446,-68.2313648457438,-81.81513384259398,99.67687393017796,99.67474577796443,32.46899999999815,32.52899999999889,4429.0,2763.0,0.0,0.0,315.0,210.0,1.0,1.0,3.0,3.0,477.0,295.0,-1035.7000000000073,-1128.1000000000085,-99.96753100000001,-99.967471,1,1
0.1,100.0,1440,1,30,30,0,0,400,10.0,3,2,5,0.1,3,inc_every3,32.469000000002694,32.52900000000446,-68.2313648457438,-81.81513384259398,99.67687393017796,99.67474577796443,32.46899999999815,32.52899999999889,4429.0,2763.0,0.0,0.0,315.0,210.0,1.0,1.0,3.0,3.0,477.0,295.0,-1035.7000000000073,-1128.1000000000085,-99.96753100000001,-99.967471,1,1
0.1,100.0,1440,1,30,30,0,0,400,10.0,8,2,5,0.1,3,inc_every3,32.469000000002694,32.52900000000446,-68.2313648457438,-81.81513384259398,99.67687393017796,99.67474577796443,32.46899999999815,32.52899999999889,4429.0,2763.0,0.0,0.0,315.0,210.0,1.0,1.0,3.0,3.0,0.0,0.0,-1035.7000000000073,-1128.1000000000085,-99.96753100000001,-99.967471,1,1
0.1,100.0,1440,1,30,30,0,0,400,10.0,8,2,99,0.0,1,flat,32.469000000002694,32.52900000000446,-68.2313648457438,-81.81513384259398,99.67687393017796,99.67474577796443,32.46899999999815,32.52899999999889,4429.0,2763.0,0.0,0.0,315.0,210.0,1.0,1.0,3.0,3.0,0.0,0.0,-1035.7000000000073,-1128.1000000000085,-99.96753100000001,-99.967471,1,1
0.1,100.0,1440,1,30,30,0,0,400,10.0,5,2,5,0.1,3,inc_every3,32.469000000002694,32.52900000000446,-68.2313648457438,-81.81513384259398,99.67687393017796,99.67474577796443,32.46899999999815,32.52899999999889,4429.0,2763.0,0.0,0.0,315.0,210.0,1.0,1.0,3.0,3.0,0.0,0.0,-1035.7000000000073,-1128.1000000000085,-99.96753100000001,-99.967471,1,1
0.1,100.0,1440,1,30,30,0,0,400,25.0,3,6,5,0.1,3,inc_every3,32.40120000000124,6575.100000001597,-68.24465132354042,-11.730226175717029,99.68799399121797,37.7841219946351,32.40119999999615,6254.500000001337,1516.0,868.0,0.0,1.0,109.0,58.0,1.0,0.0,3.0,3.0,334.0,205.0,-2081.2999999999797,-2120.599999999977,-99.9675988,-37.29847016498723,1,0
0.1,100.0,1440,1,30,30,0,0,400,25.0,3,6,99,0.0,1,flat,32.40120000000124,6575.100000001597,-68.24465132354042,-11.730226175717029,99.68799399121797,37.7841219946351,32.40119999999615,6254.500000001337,1516.0,868.0,0.0,1.0,109.0,58.0,1.0,0.0,3.0,3.0,334.0,205.0,-2081.2999999999797,-2120.599999999977,-99.9675988,-37.29847016498723,1,0
0.1,100.0,1440,1,30,30,0,0,100,15.0,3,6,5,0.1,3,inc_every3,32.365800000002025,5590.600000001274,-68.25159735001354,-15.88962897569095,99.68611633725781,46.236654279466606,32.36579999999935,5468.700000001287,3042.0,1433.0,0.0,2.0,168.0,77.0,1.0,0.0,3.0,3.0,1392.0,667.0,-3053.6999999999975,-2507.3999999999796,-99.9676342,-58.362937534624166,1,0
0.1,100.0,1440,1,30,30,0,0,100,15.0,3,6,99,0.0,1,flat,32.365800000002025,5590.600000001274,-68.25159735001354,-15.88962897569095,99.68611633725781,46.236654279466606,32.36579999999935,5468.700000001287,3042.0,1433.0,0.0,2.0,168.0,77.0,1.0,0.0,3.0,3.0,1392.0,667.0,-3053.6999999999975,-2507.3999999999796,-99.9676342,-58.362937534624166,1,0
0.1,100.0,1440,1,30,30,0,0,75,10.0,3,10,5,0.1,3,inc_every3,32.35260000000926,4120.300000004846,-68.25418894925994,-23.191045552194268,99.68200082565014,61.19408902143483,32.352600000005054,3915.4000000043543,2207.0,1449.0,7.0,11.0,53.0,33.0,1.0,0.0,3.0,3.0,943.0,639.0,-2562.099999999981,-2732.4999999999895,-99.96764739999999,-95.57922359506392,1,0
0.1,100.0,1440,1,30,30,0,0,75,10.0,3,10,99,0.0,1,flat,32.35260000000926,4120.300000004846,-68.25418894925994,-23.191045552194268,99.68200082565014,61.19408902143483,32.352600000005054,3915.4000000043543,2207.0,1449.0,7.0,11.0,53.0,33.0,1.0,0.0,3.0,3.0,943.0,639.0,-2562.099999999981,-2732.4999999999895,-99.96764739999999,-95.57922359506392,1,0
0.1,100.0,1440,1,30,30,0,0,400,15.0,12,0,5,0.1,3,inc_every3,32.32560000000905,32.11440000000269,-68.25949258315585,-81.88441597492391,99.77446101893588,99.84833969289262,32.32559999999995,22.973200000012326,428.0,311.0,0.0,0.0,0.0,0.0,3.0,3.0,12.0,12.0,2.0,1.0,-1809.8999999999974,-764.7000000000005,-99.9676744,-99.97702679999999,1,1
0.1,100.0,1440,1,30,30,0,0,400,10.0,8,15,99,0.0,1,flat,32.28180000000762,2482.5000000040454,-68.26810379723076,-33.940811451580174,99.68947565867312,87.42652486531726,32.281800000002676,1379.700000003906,2441.0,2450.0,1.0,8.0,28.0,26.0,2.0,0.0,8.0,8.0,40.0,34.0,-1721.8999999999987,-3248.29999999998,-99.9677182,-98.62029999999609,1,1
0.1,100.0,1440,1,30,30,0,0,200,10.0,3,10,5,0.1,3,inc_every3,32.227199999996856,3779.4000000024757,-68.278851420377,-25.13980509658381,99.68148960773271,63.51163700369272,32.22719999999589,3731.3000000024676,2625.0,1705.0,5.0,12.0,49.0,30.0,1.0,0.0,3.0,3.0,525.0,310.0,-2322.5999999999763,-2555.2999999999865,-99.9677728,-102.16307910396925,1,0
0.1,100.0,1440,1,30,30,0,0,200,10.0,3,10,99,0.0,1,flat,32.227199999996856,3779.4000000024757,-68.278851420377,-25.13980509658381,99.68148960773271,63.51163700369272,32.22719999999589,3731.3000000024676,2625.0,1705.0,5.0,12.0,49.0,30.0,1.0,0.0,3.0,3.0,525.0,310.0,-2322.5999999999763,-2555.2999999999865,-99.9677728,-102.16307910396925,1,0
0.1,100.0,1440,1,30,30,0,0,150,25.0,3,2,99,0.0,1,flat,32.21580000000671,1983.4000000040323,-68.28109726735399,-38.20892002413677,99.6837899117598,82.0107974994914,32.21580000000063,1899.3000000037373,1873.0,1161.0,0.0,0.0,480.0,300.0,1.0,0.0,3.0,3.0,1088.0,647.0,-1483.199999999992,-1476.2999999999918,-99.9677842,-98.10069999999627,1,1
0.1,100.0,1440,1,30,30,0,0,150,25.0,3,2,5,0.1,3,inc_every3,32.21580000000671,1983.4000000040323,-68.28109726735399,-38.20892002413677,99.6837899117598,82.0107974994914,32.21580000000063,1899.3000000037373,1873.0,1161.0,0.0,0.0,480.0,300.0,1.0,0.0,3.0,3.0,1088.0,647.0,-1483.199999999992,-1476.2999999999918,-99.9677842,-98.10069999999627,1,1
0.1,100.0,1440,1,30,30,0,0,400,5.3,3,15,99,0.0,1,flat,32.176200000004144,4703.500000002322,-68.2889035731623,-20.10488678820568,99.680296888041,53.09299999997678,32.176200000001245,4690.700000002321,3616.0,2165.0,17.0,19.0,21.0,11.0,1.0,0.0,3.0,3.0,196.0,143.0,-2257.9999999999754,-2516.199999999983,-99.9678238,-76.29088678815924,1,0
0.1,100.0,1440,1,30,30,0,0,400,5.3,3,15,5,0.1,3,inc_every3,32.176200000004144,4703.500000002322,-68.2889035731623,-20.10488678820568,99.680296888041,53.09299999997678,32.176200000001245,4690.700000002321,3616.0,2165.0,17.0,19.0,21.0,11.0,1.0,0.0,3.0,3.0,196.0,143.0,-2257.9999999999754,-2516.199999999983,-99.9678238,-76.29088678815924,1,0
0.1,100.0,1440,1,30,30,0,0,200,15.0,3,4,5,0.1,3,inc_every3,32.110799999999074,2997.000000003343,-68.30181264778088,-30.132653731631564,99.69531743697281,72.72656447808627,32.11079999999879,2800.6000000032855,2624.0,1926.0,0.0,0.0,182.0,131.0,1.0,0.0,3.0,3.0,729.0,528.0,-1765.3999999999835,-1993.499999999979,-99.9678892,-125.58578268780411,1,0
0.1,100.0,1440,1,30,30,0,0,200,15.0,3,4,99,0.0,1,flat,32.110799999999074,2997.000000003343,-68.30181264778088,-30.132653731631564,99.69531743697281,72.72656447808627,32.11079999999879,2800.6000000032855,2624.0,1926.0,0.0,0.0,182.0,131.0,1.0,0.0,3.0,3.0,729.0,528.0,-1765.3999999999835,-1993.499999999979,-99.9678892,-125.58578268780411,1,0
0.1,100.0,1440,1,30,30,0,0,75,15.0,8,10,99,0.0,1,flat,32.08740000000414,93.46000000001015,-68.30643659961355,-75.10536138338247,99.71460108511961,99.12408622305546,32.08740000000414,93.45999999999049,2441.0,1132.0,1.0,0.0,131.0,63.0,2.0,1.0,8.0,8.0,466.0,198.0,-3419.9000000000015,-1890.299999999991,-99.96791259999999,-99.90654,1,1
0.1,100.0,1440,1,30,30,0,0,200,5.3,3,15,99,0.0,1,flat,32.05229999999881,2981.0000000028353,-68.31337758728078,-30.243858190325803,99.68331834843354,70.43959434306912,32.05229999999597,2970.2000000028356,3421.0,2313.0,18.0,20.0,22.0,14.0,1.0,0.0,3.0,3.0,410.0,240.0,-2459.5999999999785,-2659.7999999999874,-99.96794770000001,-121.12304687646403,1,0
0.1,100.0,1440,1,30,30,0,0,200,5.3,3,15,5,0.1,3,inc_every3,32.05229999999881,2981.0000000028353,-68.31337758728078,-30.243858190325803,99.68331834843354,70.43959434306912,32.05229999999597,2970.2000000028356,3421.0,2313.0,18.0,20.0,22.0,14.0,1.0,0.0,3.0,3.0,410.0,240.0,-2459.5999999999785,-2659.7999999999874,-99.96794770000001,-121.12304687646403,1,0
0.1,100.0,1440,1,30,30,0,0,150,15.0,3,15,99,0.0,1,flat,32.00670000000224,5309.0000000018235,-68.32240402460987,-17.173323283611342,99.68459779855931,48.16550496809921,32.00669999999917,5242.800000001724,1212.0,704.0,5.0,7.0,28.0,14.0,1.0,0.0,3.0,3.0,409.0,219.0,-2643.799999999982,-2789.2999999999915,-99.9679933,-63.50433321980975,1,0
0.1,100.0,1440,1,30,30,0,0,150,15.0,3,15,5,0.1,3,inc_every3,32.00670000000224,5309.0000000018235,-68.32240402460987,-17.173323283611342,99.68459779855931,48.16550496809921,32.00669999999917,5242.800000001724,1212.0,704.0,5.0,7.0,28.0,14.0,1.0,0.0,3.0,3.0,409.0,219.0,-2643.799999999982,-2789.2999999999915,-99.9679933,-63.50433321980975,1,0
0.1,100.0,1440,1,30,30,0,0,150,10.0,8,10,99,0.0,1,flat,31.82699999999977,90.36159999998824,-68.35807576563691,-75.35386910132362,99.6930799051091,99.18429276835462,31.82699999999724,90.36159999998824,1879.0,2558.0,0.0,0.0,46.0,58.0,2.0,1.0,8.0,8.0,96.0,128.0,-1024.0000000000002,-2028.099999999995,-99.96817300000001,-99.9096384,1,1
0.1,100.0,1440,1,30,30,0,0,300,10.0,8,25,99,0.0,1,flat,31.813500000007565,10244.800000000847,-68.36076211299455,0.7222898621558338,99.68608093306884,35.374924700764545,31.813500000005178,9248.300000000005,1650.0,2466.0,2.0,9.0,13.0,14.0,2.0,0.0,8.0,8.0,37.0,45.0,-1676.5999999999935,-4556.700000000009,-99.9681865,-20.027559539373257,1,0
0.1,100.0,1440,1,30,30,0,0,300,5.3,3,10,5,0.1,3,inc_every3,31.81350000000188,2979.100000001819,-68.36076211299569,-30.257091547024807,99.6842520544682,71.02473145139334,31.813500000001113,2899.700000001812,5154.0,2866.0,18.0,25.0,43.0,24.0,1.0,0.0,3.0,3.0,400.0,229.0,-2085.899999999974,-2459.499999999981,-99.9681865,-122.30655444981147,1,0
0.1,100.0,1440,1,30,30,0,0,300,5.3,3,10,99,0.0,1,flat,31.81350000000188,2979.100000001819,-68.36076211299569,-30.257091547024807,99.6842520544682,71.02473145139334,31.813500000001113,2899.700000001812,5154.0,2866.0,18.0,25.0,43.0,24.0,1.0,0.0,3.0,3.0,400.0,229.0,-2085.899999999974,-2459.499999999981,-99.9681865,-122.30655444981147,1,0
0.1,100.0,1440,1,30,30,0,0,100,10.0,3,6,99,0.0,1,flat,31.79520000000315,3437.2000000017406,-68.36440506222456,-27.22446164000012,99.68770368624219,66.78674064019985,31.795199999996555,3328.5000000017344,3122.0,2251.0,2.0,7.0,111.0,77.0,1.0,0.0,3.0,3.0,1097.0,786.0,-2235.399999999978,-2473.699999999979,-99.96820480000001,-110.79794292039982,1,0
0.1,100.0,1440,1,30,30,0,0,100,10.0,3,6,5,0.1,3,inc_every3,31.79520000000315,3437.2000000017406,-68.36440506222456,-27.22446164000012,99.68770368624219,66.78674064019985,31.795199999996555,3328.5000000017344,3122.0,2251.0,2.0,7.0,111.0,77.0,1.0,0.0,3.0,3.0,1097.0,786.0,-2235.399999999978,-2473.699999999979,-99.96820480000001,-110.79794292039982,1,0
0.1,100.0,1440,1,30,30,0,0,75,10.0,3,6,99,0.0,1,flat,31.78920000000261,4217.200000006615,-68.36559983689196,-22.657893639788284,99.6875385794885,60.32533168028398,31.789199999999482,3968.300000006374,3045.0,2172.0,1.0,6.0,116.0,79.0,1.0,0.0,3.0,3.0,1336.0,944.0,-2302.899999999977,-2533.599999999984,-99.9682108,-93.30855700035625,1,0
0.1,100.0,1440,1,30,30,0,0,75,10.0,3,6,5,0.1,3,inc_every3,31.78920000000261,4217.200000006615,-68.36559983689196,-22.657893639788284,99.6875385794885,60.32533168028398,31.789199999999482,3968.300000006374,3045.0,2172.0,1.0,6.0,116.0,79.0,1.0,0.0,3.0,3.0,1336.0,944.0,-2302.899999999977,-2533.599999999984,-99.9682108,-93.30855700035625,1,0
0.1,100.0,1440,1,30,30,0,0,200,15.0,12,0,5,0.1,3,inc_every3,468.9684000000416,59.7960000000046,-45.79104094624815,-78.20334898790841,99.90270759227849,99.70280022664242,31.78290000002545,59.796000000001925,1373.0,396.0,6.0,1.0,0.0,0.0,3.0,2.0,12.0,12.0,32.0,5.0,-14009.499999999764,-1414.1000000000051,-99.96821709999998,-99.940204,1,1
0.1,100.0,1440,1,30,30,0,0,200,25.0,3,6,99,0.0,1,flat,31.760400000002733,6292.100000001916,-68.37133726742553,-12.87830941629089,99.68553748056914,38.00410661242435,31.760399999997674,6219.800000001911,1989.0,820.0,0.0,1.0,165.0,66.0,1.0,0.0,3.0,3.0,771.0,324.0,-3222.29999999999,-2405.8999999999787,-99.9682396,-38.88652264113959,1,0
0.1,100.0,1440,1,30,30,0,0,200,25.0,3,6,5,0.1,3,inc_every3,31.760400000002733,6292.100000001916,-68.37133726742553,-12.87830941629089,99.68553748056914,38.00410661242435,31.760399999997674,6219.800000001911,1989.0,820.0,0.0,1.0,165.0,66.0,1.0,0.0,3.0,3.0,771.0,324.0,-3222.29999999999,-2405.8999999999787,-99.9682396,-38.88652264113959,1,0
0.1,100.0,1440,1,30,30,0,0,100,5.3,3,2,5,0.1,3,inc_every3,31.74960000000648,49.90000000273017,-68.3734898767851,-79.34578426203804,99.68798301820038,99.50267102532766,31.749600000000754,49.900000002724795,3613.0,3287.0,0.0,0.0,200.0,183.0,1.0,0.0,3.0,3.0,857.0,744.0,-389.7000000000007,-570.3000000000011,-99.9682504,-99.95009999999728,1,1
0.1,100.0,1440,1,30,30,0,0,100,5.3,3,2,99,0.0,1,flat,31.74960000000648,49.90000000273017,-68.3734898767851,-79.34578426203804,99.68798301820038,99.50267102532766,31.749600000000754,49.900000002724795,3613.0,3287.0,0.0,0.0,200.0,183.0,1.0,0.0,3.0,3.0,857.0,744.0,-389.7000000000007,-570.3000000000011,-99.9682504,-99.95009999999728,1,1
0.1,100.0,1440,1,30,30,0,0,200,25.0,12,25,99,0.0,1,flat,31.630800000000363,54.394000000002166,-68.39720732041525,-78.80892029459132,99.69415791611073,99.54540592040384,31.63079999999701,54.394000000002166,698.0,1042.0,0.0,0.0,22.0,30.0,2.0,2.0,12.0,12.0,38.0,52.0,-1852.5000000000043,-5728.799999999991,-99.9683692,-99.945606,1,1
0.1,100.0,1440,1,30,30,0,0,200,25.0,18,6,5,0.1,3,inc_every3,31.595400000001632,1060.100000006125,-68.40428841760807,-48.717867486173404,99.68782333761492,98.44458846398547,31.59539999999484,182.40000000539578,1728.0,1317.0,0.0,0.0,182.0,139.0,1.0,0.0,8.0,8.0,0.0,0.0,-2503.4000000000037,-3000.5999999999985,-99.9684046,-99.8175999999946,1,1
0.1,100.0,1440,1,30,30,0,0,200,25.0,8,6,5,0.1,3,inc_every3,31.595400000001632,1060.100000006125,-68.40428841760807,-48.717867486173404,99.68782333761492,98.44458846398547,31.59539999999484,182.40000000539578,1728.0,1317.0,0.0,0.0,182.0,139.0,1.0,0.0,8.0,8.0,9.0,7.0,-2503.4000000000037,-3000.5999999999985,-99.9684046,-99.8175999999946,1,1
0.1,100.0,1440,1,30,30,0,0,200,25.0,12,6,5,0.1,3,inc_every3,31.595400000001632,1060.100000006125,-68.40428841760807,-48.717867486173404,99.68782333761492,98.44458846398547,31.59539999999484,182.40000000539578,1728.0,1317.0,0.0,0.0,182.0,139.0,1.0,0.0,8.0,8.0,0.0,0.0,-2503.4000000000037,-3000.5999999999985,-99.9684046,-99.8175999999946,1,1
0.1,100.0,1440,1,30,30,0,0,75,5.3,8,25,99,0.0,1,flat,31.535999999998282,99.81120000001556,-68.41618452973653,-74.61350883865379,99.69130170911727,99.0041287104017,31.535999999998282,99.81119999999373,2619.0,1981.0,6.0,5.0,16.0,12.0,2.0,1.0,8.0,8.0,157.0,103.0,-1573.0999999999945,-1746.5999999999926,-99.968464,-99.90018880000001,1,1
0.1,100.0,1440,1,30,30,0,0,150,10.0,3,4,99,0.0,1,flat,31.505399999999838,422.3000000059446,-68.42231982610198,-61.00426887716903,99.68939387964355,98.03690539942693,31.505399999996087,201.6000000058583,3867.0,2988.0,1.0,2.0,180.0,141.0,1.0,0.0,3.0,3.0,990.0,740.0,-1784.3999999999805,-2044.299999999974,-99.9684946,-99.79839999999415,1,1
0.1,100.0,1440,1,30,30,0,0,150,10.0,3,4,5,0.1,3,inc_every3,31.505399999999838,422.3000000059446,-68.42231982610198,-61.00426887716903,99.68939387964355,98.03690539942693,31.505399999996087,201.6000000058583,3867.0,2988.0,1.0,2.0,180.0,141.0,1.0,0.0,3.0,3.0,990.0,740.0,-1784.3999999999805,-2044.299999999974,-99.9684946,-99.79839999999415,1,1
0.1,100.0,1440,1,30,30,0,0,150,5.3,12,10,99,0.0,1,flat,31.24740000000412,101.26080000000252,-68.47423920861723,-74.50434783060706,99.70273129429674,99.21020809284646,31.247400000001306,101.26079999999456,3195.0,5580.0,0.0,0.0,37.0,58.0,2.0,1.0,12.0,12.0,27.0,35.0,-749.3000000000013,-2290.5999999999926,-99.9687526,-99.89873920000001,1,1
0.1,100.0,1440,1,30,30,0,0,150,5.3,18,10,99,0.0,1,flat,31.24740000000412,101.26080000000252,-68.47423920861723,-74.50434783060706,99.70273129429674,99.21020809284646,31.247400000001306,101.26079999999456,3195.0,5580.0,0.0,0.0,37.0,58.0,2.0,1.0,12.0,12.0,0.0,0.0,-749.3000000000013,-2290.5999999999926,-99.9687526,-99.89873920000001,1,1
0.1,100.0,1440,1,30,30,0,0,100,25.0,8,15,99,0.0,1,flat,31.23929999999679,1483.7000000006394,-68.47587477911614,-43.322324177233185,99.71023207925204,90.56838542702941,31.23929999999524,947.5000000006253,921.0,1051.0,0.0,1.0,59.0,65.0,2.0,0.0,8.0,8.0,213.0,239.0,-2290.1999999999957,-5634.300000000064,-99.9687607,-99.05249999999937,1,1
0.1,100.0,1440,1,30,30,0,0,150,10.0,8,15,99,0.0,1,flat,31.239299999998266,3040.9000000163796,-68.47587477911584,-29.82966310266556,99.69474388790093,80.69358331588735,31.239299999996376,1952.4000000142723,1455.0,3479.0,0.0,5.0,25.0,50.0,2.0,0.0,8.0,8.0,71.0,177.0,-882.1000000000006,-4681.600000000013,-99.9687607,-98.04759999998572,1,1
0.1,100.0,1440,1,30,30,0,0,100,10.0,8,15,99,0.0,1,flat,31.224000000004594,89.40719999999715,-68.4789651157982,-75.43162112362288,99.69494704755948,99.20135062707696,31.224000000001553,89.40719999999305,1633.0,3007.0,0.0,5.0,32.0,53.0,2.0,1.0,8.0,8.0,136.0,246.0,-1042.3999999999999,-4936.100000000039,-99.968776,-99.9105928,1,1
0.1,100.0,1440,1,30,30,0,0,75,5.3,12,4,99,0.0,1,flat,31.21800000000053,93.92800000001131,-68.48017734318105,-75.06833065044485,99.7009598252774,99.17675640044864,31.217999999995527,83.70000000999812,3101.0,2322.0,0.0,0.0,111.0,87.0,2.0,1.0,10.0,10.0,0.0,0.0,-391.09999999999985,-559.5,-99.968782,-99.91629999999,1,1
0.1,100.0,1440,1,30,30,0,0,75,5.3,18,4,99,0.0,1,flat,31.21800000000053,93.92800000001131,-68.48017734318105,-75.06833065044485,99.7009598252774,99.17675640044864,31.217999999995527,83.70000000999812,3101.0,2322.0,0.0,0.0,111.0,87.0,2.0,1.0,10.0,10.0,0.0,0.0,-391.09999999999985,-559.5,-99.968782,-99.91629999999,1,1
0.1,100.0,1440,1,30,30,0,0,100,10.0,8,10,99,0.0,1,flat,31.21800000000026,56.6354999999989,-68.4801773431811,-78.55273560277436,99.7072827687086,99.49183953630266,31.21799999999763,56.63549999999748,1599.0,2535.0,0.0,0.0,48.0,70.0,2.0,1.0,8.0,8.0,142.0,209.0,-849.5999999999997,-2432.7999999999956,-99.968782,-99.9433645,1,1
0.1,100.0,1440,1,30,30,0,0,150,15.0,18,6,99,0.0,1,flat,31.214100000001608,92.92160000001343,-68.48096539091908,-75.14812401999122,99.69240828151638,99.07282378766715,31.21409999999942,92.9215999999991,1048.0,1329.0,0.0,0.0,72.0,87.0,2.0,1.0,9.0,9.0,0.0,0.0,-621.4000000000005,-1279.200000000001,-99.9687859,-99.9070784,1,1
0.1,100.0,1440,1,30,30,0,0,150,15.0,12,6,99,0.0,1,flat,31.214100000001608,92.92160000001343,-68.48096539091908,-75.14812401999122,99.69240828151638,99.07282378766715,31.21409999999942,92.9215999999991,1048.0,1329.0,0.0,0.0,72.0,87.0,2.0,1.0,9.0,9.0,0.0,0.0,-621.4000000000005,-1279.200000000001,-99.9687859,-99.9070784,1,1
0.1,100.0,1440,1,30,30,0,0,75,10.0,8,15,99,0.0,1,flat,31.19280000000977,88.5792000000041,-68.48527073415747,-75.49954942756537,99.69740112336655,99.1729763038488,31.192800000005462,88.5792000000041,1514.0,2905.0,0.0,3.0,34.0,59.0,2.0,1.0,8.0,8.0,178.0,309.0,-1149.4999999999993,-4881.500000000037,-99.9688072,-99.9114208,1,1
0.1,100.0,1440,1,30,30,0,0,200,10.0,12,25,99,0.0,1,flat,31.129200000005994,69.98039999998917,-68.49814013422282,-77.15897839017548,99.69708658505729,99.49203431906287,31.12920000000335,69.98039999998917,1289.0,1835.0,0.0,3.0,13.0,16.0,2.0,2.0,12.0,12.0,25.0,28.0,-1034.7000000000012,-2414.9999999999986,-99.96887079999999,-99.93001960000001,1,1
0.1,100.0,1440,1,30,30,0,0,200,10.0,8,25,99,0.0,1,flat,31.12920000000088,2856.2000000078406,-68.49814013422386,-31.125976380744337,99.69708658505732,82.78881969909867,31.129199999998576,1815.9000000072292,1117.0,2680.0,0.0,7.0,11.0,21.0,2.0,0.0,8.0,8.0,37.0,92.0,-995.9000000000004,-5116.800000000018,-99.9688708,-98.18409999999277,1,1
0.1,100.0,1440,1,30,30,0,0,300,25.0,5,25,99,0.0,1,flat,29.100000000915827,7690.5000000002765,-68.92023487767428,-7.516819511731255,99.74197095177331,31.906291108873567,29.100000000910768,7039.800000000287,812.0,525.0,4.0,4.0,19.0,10.0,1.0,0.0,5.0,5.0,96.0,75.0,-3566.0999999999954,-4181.499999999999,-99.97089999999909,-21.32940172947839,1,0
0.1,100.0,1440,1,30,30,0,0,300,25.0,5,25,5,0.1,3,inc_every3,29.100000000915827,7690.5000000002765,-68.92023487767428,-7.516819511731255,99.74197095177331,31.906291108873567,29.100000000910768,7039.800000000287,812.0,525.0,4.0,4.0,19.0,10.0,1.0,0.0,5.0,5.0,96.0,75.0,-3566.0999999999954,-4181.499999999999,-99.97089999999909,-21.32940172947839,1,0
0.1,100.0,1440,1,30,30,0,0,300,10.0,12,15,5,0.1,3,inc_every3,27.586800000002512,6560.500000001328,-69.25060012662199,-11.788597586959016,99.74611115712747,57.06088520826732,27.586800000000068,5537.600000001313,3006.0,3155.0,0.0,0.0,37.0,34.0,2.0,0.0,9.0,9.0,0.0,0.0,-1856.7000000000016,-3432.1999999999907,-99.9724132,-75.91036800349366,1,0
0.1,100.0,1440,1,30,30,0,0,300,10.0,18,15,5,0.1,3,inc_every3,27.586800000002512,6560.500000001328,-69.25060012662199,-11.788597586959016,99.74611115712747,57.06088520826732,27.586800000000068,5537.600000001313,3006.0,3155.0,0.0,0.0,37.0,34.0,2.0,0.0,9.0,9.0,0.0,0.0,-1856.7000000000016,-3432.1999999999907,-99.9724132,-75.91036800349366,1,0
0.1,100.0,1440,1,30,30,0,0,400,15.0,12,25,99,0.0,1,flat,26.856799999997463,17265.30000000353,-69.41518554239917,17.646079292435957,99.73632838194726,31.850212567695813,26.856799999997463,9400.600000000075,1420.0,1449.0,0.0,5.0,16.0,10.0,2.0,0.0,11.0,11.0,0.0,0.0,-2142.4999999999977,-3990.1999999999884,-99.9731432,3.9456541570443306,1,0
0.1,100.0,1440,1,30,30,0,0,400,15.0,18,25,99,0.0,1,flat,26.856799999997463,17265.30000000353,-69.41518554239917,17.646079292435957,99.73632838194726,31.850212567695813,26.856799999997463,9400.600000000075,1420.0,1449.0,0.0,5.0,16.0,10.0,2.0,0.0,11.0,11.0,0.0,0.0,-2142.4999999999977,-3990.1999999999884,-99.9731432,3.9456541570443306,1,0
0.1,100.0,1440,1,30,30,0,0,300,15.0,18,25,99,0.0,1,flat,26.580799999997453,7292.200000000768,-69.47834531609459,-8.96887138022835,99.73944734701081,63.91785093133716,26.580799999997453,4004.0000000005057,965.0,1699.0,0.0,4.0,13.0,18.0,2.0,0.0,13.0,13.0,0.0,0.0,-1241.0000000000018,-4687.599999999997,-99.97341920000001,-86.80457324290268,1,0
0.1,100.0,1440,1,30,30,0,0,400,10.0,18,15,99,0.0,1,flat,26.378400000004632,2463.7000000039116,-69.52499671736227,-34.090076826369156,99.74626150694024,87.59785293122515,26.37840000000159,1360.9000000037663,2448.0,2450.0,1.0,8.0,29.0,26.0,1.0,0.0,9.0,9.0,0.0,0.0,-1744.8999999999987,-3249.49999999998,-99.9736216,-98.63909999999623,1,1
0.1,100.0,1440,1,30,30,0,0,400,10.0,12,15,99,0.0,1,flat,26.378400000004632,2463.7000000039116,-69.52499671736227,-34.090076826369156,99.74626150694024,87.59785293122515,26.37840000000159,1360.9000000037663,2448.0,2450.0,1.0,8.0,29.0,26.0,1.0,0.0,9.0,9.0,0.0,0.0,-1744.8999999999987,-3249.49999999998,-99.9736216,-98.63909999999623,1,1
0.1,100.0,1440,1,30,30,0,0,300,15.0,12,15,5,0.1,3,inc_every3,26.17079999999885,5105.8000000010215,-69.57314507568259,-18.12965257176805,99.78115498469722,74.34911540007617,26.17079999999885,3062.1000000006206,907.0,1985.0,0.0,0.0,21.0,37.0,2.0,0.0,9.0,9.0,0.0,0.0,-672.0000000000003,-3810.5999999999867,-99.9738292,-116.8278833719204,1,0
0.1,100.0,1440,1,30,30,0,0,300,15.0,18,15,5,0.1,3,inc_every3,26.17079999999885,5105.8000000010215,-69.57314507568259,-18.12965257176805,99.78115498469722,74.34911540007617,26.17079999999885,3062.1000000006206,907.0,1985.0,0.0,0.0,21.0,37.0,2.0,0.0,9.0,9.0,0.0,0.0,-672.0000000000003,-3810.5999999999867,-99.9738292,-116.8278833719204,1,0
0.1,100.0,1440,1,30,30,0,0,300,25.0,12,15,5,0.1,3,inc_every3,26.151199999997743,2182.0000000007567,-69.57770663985488,-36.429053391611575,99.75494124482263,84.77872150200373,26.151199999997743,1566.300000000812,482.0,1137.0,0.0,0.0,22.0,44.0,2.0,0.0,9.0,9.0,0.0,0.0,-682.4000000000008,-4011.1000000000013,-99.9738488,-98.43369999999919,1,1
0.1,100.0,1440,1,30,30,0,0,300,25.0,18,15,5,0.1,3,inc_every3,26.151199999997743,2182.0000000007567,-69.57770663985488,-36.429053391611575,99.75494124482263,84.77872150200373,26.151199999997743,1566.300000000812,482.0,1137.0,0.0,0.0,22.0,44.0,2.0,0.0,9.0,9.0,0.0,0.0,-682.4000000000008,-4011.1000000000013,-99.9738488,-98.43369999999919,1,1
0.1,100.0,1440,1,30,30,0,0,300,5.3,12,25,99,0.0,1,flat,32.873700000004305,5825.900000001871,-68.15251585060484,-14.851394572086651,99.74463948976671,64.34587391822727,25.864699999999402,4923.300000001886,1696.0,5048.0,1.0,20.0,8.0,15.0,2.0,0.0,12.0,12.0,9.0,18.0,-757.000000000001,-3830.49999999999,-99.9741353,-93.54314240854119,1,0
0.1,100.0,1440,1,30,30,0,0,300,15.0,8,25,5,0.1,3,inc_every3,25.818999999996805,10501.000000000815,-69.65543959886764,1.4653472554767566,99.75986346472223,49.15656221279877,25.81899999999567,6860.000000000538,887.0,1825.0,0.0,0.0,12.0,19.0,3.0,0.0,8.0,8.0,26.0,57.0,-993.9000000000017,-4823.8999999999805,-99.974181,-46.84777717012078,1,0
0.1,100.0,1440,1,30,30,0,0,200,15.0,8,10,99,0.0,1,flat,32.16360000000245,65.43960000001414,-68.29138900930138,-77.61044826683631,99.78291780271627,99.39179136383073,25.39840000000612,65.43960000000521,1962.0,1940.0,0.0,0.0,68.0,65.0,2.0,1.0,8.0,8.0,111.0,116.0,-1629.4000000000024,-3394.4999999999827,-99.9746016,-99.9345604,1,1
0.1,100.0,1440,1,30,30,0,0,400,15.0,12,15,99,0.0,1,flat,25.20340000000735,5225.500000003216,-69.80162666541574,-17.563136526994928,99.77544881903795,70.75478604632347,25.2034000000005,3195.800000002012,1969.0,1600.0,0.0,2.0,36.0,26.0,1.0,0.0,9.0,9.0,0.0,0.0,-2436.299999999993,-3363.999999999984,-99.9747966,-109.07270861964187,1,0
0.1,100.0,1440,1,30,30,0,0,400,15.0,18,15,99,0.0,1,flat,25.20340000000735,5225.500000003216,-69.80162666541574,-17.563136526994928,99.77544881903795,70.75478604632347,25.2034000000005,3195.800000002012,1969.0,1600.0,0.0,2.0,36.0,26.0,1.0,0.0,9.0,9.0,0.0,0.0,-2436.299999999993,-3363.999999999984,-99.9747966,-109.07270861964187,1,0
0.1,100.0,1440,1,30,30,0,0,300,15.0,8,10,5,0.1,3,inc_every3,24.649199999999055,5489.3000000007705,-69.93569673382133,-16.346068128537173,99.80132507979495,65.52309381068542,24.649199999999055,4083.1000000007407,2045.0,2066.0,0.0,0.0,61.0,56.0,2.0,0.0,8.0,8.0,66.0,58.0,-1601.400000000003,-3072.299999999998,-99.9753508,-97.39225574990802,1,0
0.1,100.0,1440,1,30,30,0,0,300,15.0,18,10,5,0.1,3,inc_every3,24.649199999999055,5489.3000000007705,-69.93569673382133,-16.346068128537173,99.80132507979495,65.52309381068542,24.649199999999055,4083.1000000007407,2045.0,2066.0,0.0,0.0,61.0,56.0,2.0,0.0,8.0,8.0,0.0,0.0,-1601.400000000003,-3072.299999999998,-99.9753508,-97.39225574990802,1,0
0.1,100.0,1440,1,30,30,0,0,300,15.0,12,10,5,0.1,3,inc_every3,24.649199999999055,5489.3000000007705,-69.93569673382133,-16.346068128537173,99.80132507979495,65.52309381068542,24.649199999999055,4083.1000000007407,2045.0,2066.0,0.0,0.0,61.0,56.0,2.0,0.0,8.0,8.0,0.0,0.0,-1601.400000000003,-3072.299999999998,-99.9753508,-97.39225574990802,1,0
0.1,100.0,1440,1,30,30,0,0,400,25.0,18,0,5,0.1,3,inc_every3,24.569200000004656,47.335999999997625,-69.955248693396,-79.66746488286584,99.88179985663497,99.78958552136747,24.56920000000062,31.053600000024545,327.0,154.0,0.0,0.0,0.0,0.0,4.0,3.0,18.0,18.0,2.0,1.0,-1425.9000000000003,-749.8000000000014,-99.9754308,-99.96894639999998,1,1
0.1,100.0,1440,1,30,30,0,0,400,25.0,12,0,5,0.1,3,inc_every3,24.532200000006895,83.1445999999952,-69.96430870141457,-75.95684816412056,99.83469090713065,99.43662481451122,24.532200000000188,83.14459999999337,239.0,150.0,0.0,0.0,0.0,0.0,3.0,2.0,12.0,12.0,2.0,1.0,-1870.9999999999986,-730.9000000000005,-99.9754678,-99.9168554,1,1
0.1,100.0,1440,1,30,30,0,0,400,5.3,12,0,99,0.0,1,flat,24.074399999999088,74.67780000002517,-70.07732217276406,-76.71310016513601,99.84435393149465,99.46884387122418,24.074399999999088,64.08080000003216,2277.0,1094.0,12.0,6.0,0.0,0.0,2.0,2.0,12.0,12.0,7.0,1.0,-7050.099999999918,-1250.1000000000063,-99.9759256,-99.93591919999997,1,1
0.1,100.0,1440,1,30,30,0,0,400,10.0,12,0,99,0.0,1,flat,24.003200000000277,61.76749999999288,-70.09505291072749,-77.99192808100271,99.82784149184151,99.6431307366678,24.003200000000277,43.58480000002572,1086.0,589.0,8.0,4.0,0.0,0.0,2.0,2.0,12.0,12.0,8.0,1.0,-7302.399999999908,-1280.8000000000081,-99.9759968,-99.95641519999998,1,1
0.1,100.0,1440,1,30,30,0,0,200,10.0,3,2,5,0.1,3,inc_every3,23.807200000002126,34.17720000000233,-70.1440804896068,-81.54568973852328,99.76470681254385,99.66043179763334,23.80720000000167,34.17720000000233,3729.0,2317.0,0.0,0.0,319.0,209.0,1.0,1.0,3.0,3.0,799.0,464.0,-998.4000000000046,-737.3000000000029,-99.97619279999999,-99.9658228,1,1
0.1,100.0,1440,1,30,30,0,0,200,10.0,3,2,99,0.0,1,flat,23.807200000002126,34.17720000000233,-70.1440804896068,-81.54568973852328,99.76470681254385,99.66043179763334,23.80720000000167,34.17720000000233,3729.0,2317.0,0.0,0.0,319.0,209.0,1.0,1.0,3.0,3.0,799.0,464.0,-998.4000000000046,-737.3000000000029,-99.97619279999999,-99.9658228,1,1
0.1,100.0,1440,1,30,30,0,0,300,15.0,12,0,5,0.1,3,inc_every3,23.767200000001694,81.98820000001058,-70.15412576113408,-76.05684752229844,99.79196106578901,99.49573341369958,23.76720000000006,81.98820000000023,217.0,314.0,0.0,0.0,0.0,0.0,3.0,2.0,12.0,12.0,2.0,2.0,-343.7999999999997,-926.1000000000006,-99.9762328,-99.9180118,1,1
0.1,100.0,1440,1,30,30,0,0,300,15.0,18,0,5,0.1,3,inc_every3,23.767200000000514,23.65920000000247,-70.1541257611344,-83.45891458339136,99.79587931671203,99.86046297661525,23.767200000000514,23.65920000000162,281.0,310.0,0.0,0.0,0.0,0.0,4.0,3.0,18.0,18.0,1.0,1.0,-338.2999999999999,-994.5000000000014,-99.9762328,-99.9763408,1,1
0.1,100.0,1440,1,30,30,0,0,400,25.0,8,0,5,0.1,3,inc_every3,23.516399999996395,44.02640000000616,-70.21741968080309,-80.10131839230355,99.84669582847127,99.67963791685771,23.516399999994576,44.0263999999965,393.0,268.0,4.0,0.0,0.0,0.0,2.0,2.0,8.0,8.0,17.0,9.0,-7506.9000000000515,-7246.8000000000275,-99.97648360000001,-99.95597360000001,1,1
0.1,100.0,1440,1,30,30,0,0,300,10.0,12,25,99,0.0,1,flat,23.476399999997426,6461.000000001353,-70.22756427423018,-12.188852597599187,99.7683470984676,61.19153034527481,23.476399999997426,5399.500000001323,1435.0,2835.0,3.0,4.0,12.0,18.0,2.0,0.0,12.0,12.0,15.0,20.0,-1372.5000000000016,-4185.399999999988,-99.97652360000001,-84.5719132881488,1,0
0.1,100.0,1440,1,30,30,0,0,400,15.0,18,0,5,0.1,3,inc_every3,23.437999999998695,35.87760000000941,-70.23731609952983,-81.27711430589001,99.81162646777528,99.76314976432222,23.437999999998254,35.87760000000054,175.0,314.0,0.0,0.0,0.0,0.0,3.0,3.0,17.0,18.0,0.0,1.0,-246.89999999999978,-792.9000000000013,-99.976562,-99.9641224,1,1
0.1,100.0,1440,1,30,30,0,0,400,5.3,8,0,5,0.1,3,inc_every3,23.17580000000055,24.474800000003356,-70.30424652688197,-83.291246113265,99.85173845455073,99.80507331214808,23.17579999999691,24.474800000000442,2891.0,1084.0,14.0,5.0,0.0,0.0,2.0,2.0,8.0,8.0,18.0,5.0,-5968.99999999999,-1211.8999999999994,-99.97682420000001,-99.97552519999999,1,1
0.1,100.0,1440,1,30,30,0,0,400,10.0,8,0,5,0.1,3,inc_every3,22.798400000000996,37.49160000000879,-70.40165485336397,-81.03033551441253,99.85565699669509,99.7124171575847,22.798400000000996,37.49159999999935,1390.0,635.0,9.0,2.0,0.0,0.0,2.0,2.0,8.0,8.0,19.0,4.0,-6357.200000000008,-1274.8999999999987,-99.9772016,-99.9625084,1,1
0.1,100.0,1440,1,30,30,0,0,300,5.3,18,15,99,0.0,1,flat,22.43040000000441,64.74960000000226,-70.49788703497855,-77.68096099522037,99.77854611154443,99.4779521083609,22.430399999998656,64.74959999999896,2022.0,5270.0,0.0,15.0,15.0,30.0,2.0,1.0,10.0,10.0,0.0,0.0,-595.3000000000002,-3207.299999999985,-99.9775696,-99.9352504,1,1
0.1,100.0,1440,1,30,30,0,0,300,5.3,12,15,99,0.0,1,flat,22.43040000000441,64.74960000000226,-70.49788703497855,-77.68096099522037,99.77854611154443,99.4779521083609,22.430399999998656,64.74959999999896,2022.0,5270.0,0.0,15.0,15.0,30.0,2.0,1.0,10.0,10.0,0.0,0.0,-595.3000000000002,-3207.299999999985,-99.9775696,-99.9352504,1,1
0.1,100.0,1440,1,30,30,0,0,300,5.3,8,15,5,0.1,3,inc_every3,22.35780000000173,1682.200000002369,-70.51702092041168,-41.16451499985894,99.77938268437569,94.67487185828783,22.357799999998704,688.8000000023426,1760.0,5547.0,0.0,11.0,14.0,31.0,2.0,0.0,8.0,8.0,21.0,49.0,-472.8999999999998,-3242.79999999999,-99.9776422,-99.31119999999765,1,1
0.1,100.0,1440,1,30,30,0,0,300,5.3,3,2,99,0.0,1,flat,22.357800000003607,22.72040000000142,-70.51702092041118,-83.6570145616717,99.77809956727143,99.77296627529353,22.35779999999926,22.72040000000007,4703.0,4057.0,0.0,0.0,197.0,175.0,1.0,1.0,3.0,3.0,399.0,314.0,-485.80000000000024,-744.0000000000033,-99.9776422,-99.9772796,1,1
0.1,100.0,1440,1,30,30,0,0,300,5.3,3,2,5,0.1,3,inc_every3,22.357800000003607,22.72040000000142,-70.51702092041118,-83.6570145616717,99.77809956727143,99.77296627529353,22.35779999999926,22.72040000000007,4703.0,4057.0,0.0,0.0,197.0,175.0,1.0,1.0,3.0,3.0,399.0,314.0,-485.80000000000024,-744.0000000000033,-99.9776422,-99.9772796,1,1
0.1,100.0,1440,1,30,30,0,0,75,5.3,8,15,5,0.1,3,inc_every3,22.226300000400897,33.647699999998096,-70.55180492512218,-81.63123650173719,99.78351920210777,99.67282459671547,22.22630000039726,33.647699999998096,2346.0,3345.0,0.0,1.0,25.0,34.0,2.0,3.0,8.0,8.0,126.0,182.0,-583.4000000000008,-1876.3000000000002,-99.9777736999996,-99.9663523,1,1
0.1,100.0,1440,1,30,30,0,0,400,10.0,12,25,99,0.0,1,flat,22.16900000000031,14391.30000000367,-70.5670132685279,11.441477141891276,99.78074157592302,37.49212593363247,22.16900000000031,8911.80000000106,2062.0,2246.0,3.0,11.0,15.0,10.0,2.0,0.0,11.0,11.0,0.0,0.0,-2021.8999999999983,-3833.799999999988,-99.977831,-13.542774725373668,1,0
0.1,100.0,1440,1,30,30,0,0,400,10.0,18,25,99,0.0,1,flat,22.16900000000031,14391.30000000367,-70.5670132685279,11.441477141891276,99.78074157592302,37.49212593363247,22.16900000000031,8911.80000000106,2062.0,2246.0,3.0,11.0,15.0,10.0,2.0,0.0,11.0,11.0,0.0,0.0,-2021.8999999999983,-3833.799999999988,-99.977831,-13.542774725373668,1,0
0.1,100.0,1440,1,30,30,0,0,200,10.0,3,4,5,0.1,3,inc_every3,22.16640000000048,293.40000000420275,-70.56770409581215,-65.00934507020106,99.78363267218494,99.0633603416956,22.16639999999893,95.60000000415653,4783.0,2965.0,1.0,1.0,204.0,131.0,1.0,0.0,3.0,3.0,968.0,572.0,-1872.499999999982,-1930.3999999999824,-99.9778336,-99.90439999999585,1,1
0.1,100.0,1440,1,30,30,0,0,200,10.0,3,4,99,0.0,1,flat,22.16640000000048,293.40000000420275,-70.56770409581215,-65.00934507020106,99.78363267218494,99.0633603416956,22.16639999999893,95.60000000415653,4783.0,2965.0,1.0,1.0,204.0,131.0,1.0,0.0,3.0,3.0,968.0,572.0,-1872.499999999982,-1930.3999999999824,-99.9778336,-99.90439999999585,1,1
0.1,100.0,1440,1,30,30,0,0,300,25.0,8,0,5,0.1,3,inc_every3,21.84500000000105,5270.900000000387,-70.65360456645034,-17.35065193175317,99.85693422052235,89.54479891396247,21.845000000000425,1478.70000000047,452.0,310.0,7.0,1.0,0.0,0.0,2.0,0.0,8.0,8.0,27.0,18.0,-8124.80000000006,-8697.900000000078,-99.978155,-98.52129999999953,1,1
0.1,100.0,1440,1,30,30,0,0,300,25.0,3,6,5,0.1,3,inc_every3,21.627600000007092,7822.900000000685,-70.71228391442412,-7.045856873035639,99.78605387331953,29.949659401900703,21.62760000000165,7013.300000000553,1659.0,866.0,0.0,2.0,127.0,61.0,1.0,0.0,3.0,3.0,485.0,265.0,-2340.599999999979,-2252.099999999978,-99.9783724,-16.945175676837046,1,0
0.1,100.0,1440,1,30,30,0,0,300,25.0,3,6,99,0.0,1,flat,21.627600000007092,7822.900000000685,-70.71228391442412,-7.045856873035639,99.78605387331953,29.949659401900703,21.62760000000165,7013.300000000553,1659.0,866.0,0.0,2.0,127.0,61.0,1.0,0.0,3.0,3.0,485.0,265.0,-2340.599999999979,-2252.099999999978,-99.9783724,-16.945175676837046,1,0
0.1,100.0,1440,1,30,30,0,0,300,15.0,18,10,99,0.0,1,flat,21.18400000000419,3676.600000001319,-70.83349668981262,-25.75161097484341,99.79234833410115,69.77048616418904,21.18400000000345,3163.700000000695,1864.0,1928.0,0.0,1.0,55.0,53.0,2.0,0.0,8.0,8.0,0.0,0.0,-1448.3999999999987,-3173.6999999999884,-99.978816,-115.29258330322148,1,0
0.1,100.0,1440,1,30,30,0,0,300,15.0,8,10,99,0.0,1,flat,21.18400000000419,3676.600000001319,-70.83349668981262,-25.75161097484341,99.79234833410115,69.77048616418904,21.18400000000345,3163.700000000695,1864.0,1928.0,0.0,1.0,55.0,53.0,2.0,0.0,8.0,8.0,62.0,61.0,-1448.3999999999987,-3173.6999999999884,-99.978816,-115.29258330322148,1,0
0.1,100.0,1440,1,30,30,0,0,300,15.0,12,10,99,0.0,1,flat,21.18400000000419,3676.600000001319,-70.83349668981262,-25.75161097484341,99.79234833410115,69.77048616418904,21.18400000000345,3163.700000000695,1864.0,1928.0,0.0,1.0,55.0,53.0,2.0,0.0,8.0,8.0,0.0,0.0,-1448.3999999999987,-3173.6999999999884,-99.978816,-115.29258330322148,1,0
0.1,100.0,1440,1,30,30,0,0,400,10.0,3,4,99,0.0,1,flat,21.00560000000118,542.4000000029955,-70.88281707609065,-57.98898047661042,99.79095577405363,97.32844421159967,21.0055999999951,270.3000000029822,3574.0,2793.0,0.0,1.0,136.0,107.0,1.0,0.0,3.0,3.0,380.0,273.0,-1506.1999999999941,-1677.3999999999883,-99.9789944,-99.72969999999702,1,1
0.1,100.0,1440,1,30,30,0,0,400,10.0,3,4,5,0.1,3,inc_every3,21.00560000000118,542.4000000029955,-70.88281707609065,-57.98898047661042,99.79095577405363,97.32844421159967,21.0055999999951,270.3000000029822,3574.0,2793.0,0.0,1.0,136.0,107.0,1.0,0.0,3.0,3.0,380.0,273.0,-1506.1999999999941,-1677.3999999999883,-99.9789944,-99.72969999999702,1,1
0.1,100.0,1440,1,30,30,0,0,300,5.3,8,25,99,0.0,1,flat,20.87180000000278,7091.400000001275,-70.9200277134286,-9.722122706764447,99.79393406853791,54.30950594631734,20.871800000001116,6150.900000001143,2804.0,4545.0,2.0,16.0,11.0,13.0,2.0,0.0,8.0,8.0,34.0,42.0,-1338.4999999999975,-4269.799999999989,-99.9791282,-68.34113459939913,1,0
0.1,100.0,1440,1,30,30,0,0,200,15.0,12,0,99,0.0,1,flat,15.400000003450259,32.35139999999636,-72.6365730246042,-81.84473547192373,99.85145028886697,99.78157032995973,15.400000003450259,32.351399999995664,600.0,506.0,5.0,3.0,0.0,0.0,1.0,2.0,12.0,12.0,16.0,14.0,-9108.599999999888,-9355.699999999908,-99.98459999999655,-99.9676486,1,1
0.1,100.0,1440,1,30,30,0,0,100,15.0,12,0,99,0.0,1,flat,-75.66239999999729,49.05840000000347,-99.74970178538594,-79.45006456369909,100.68719029281405,99.5181093080822,-75.66239999999908,49.05839999999972,410.0,336.0,6.0,2.0,0.0,0.0,2.0,3.0,12.0,12.0,26.0,19.0,-9940.799999999936,-2823.3000000000015,-100.0756624,-99.95094160000001,1,1
0.1,100.0,1440,1,30,30,0,0,400,15.0,12,0,99,0.0,1,flat,-79.79999999767097,37.5666000000075,-99.74970178538594,-81.01905105522913,100.60669646928262,99.70179084573006,-79.79999999768916,37.566600000003575,712.0,388.0,6.0,1.0,0.0,0.0,1.0,2.0,12.0,12.0,9.0,1.0,-7563.699999999899,-1323.700000000007,-100.07979999999769,-99.9624334,1,1
0.1,100.0,1440,1,30,30,0,0,150,25.0,12,0,99,0.0,1,flat,-99.44439999998446,37.21050000000514,-99.74970178538594,-81.07277129652263,100.9247373021627,99.63810056409258,-99.44439999998565,37.210500000001076,239.0,206.0,5.0,2.0,0.0,0.0,2.0,2.0,12.0,12.0,17.0,9.0,-9783.19999999993,-2523.5,-100.09944439999998,-99.9627895,1,1
0.1,100.0,1440,1,30,30,0,0,200,15.0,18,10,99,0.0,1,flat,-119.03789999999034,826.0000000084256,-99.74970178538594,-52.38775472157434,101.06262966203036,97.35903117012931,-119.03789999999034,296.80000000742484,2127.0,2320.0,0.0,0.0,74.0,77.0,2.0,0.0,10.0,10.0,0.0,0.0,-1766.0000000000043,-3624.4999999999873,-100.1190379,-99.70319999999258,1,1
0.1,100.0,1440,1,30,30,0,0,200,15.0,12,10,99,0.0,1,flat,-119.03789999999034,826.0000000084256,-99.74970178538594,-52.38775472157434,101.06262966203036,97.35903117012931,-119.03789999999034,296.80000000742484,2127.0,2320.0,0.0,0.0,74.0,77.0,2.0,0.0,10.0,10.0,0.0,0.0,-1766.0000000000043,-3624.4999999999873,-100.1190379,-99.70319999999258,1,1
0.1,100.0,1440,1,30,30,0,0,150,15.0,3,4,5,0.1,3,inc_every3,-126.79999999355095,2136.8000000045963,-99.74970178538594,-36.82380750181006,101.2495196049779,80.75870160339866,-126.79999999355289,2017.2000000045405,2182.0,1866.0,1.0,0.0,167.0,140.0,1.0,0.0,3.0,3.0,748.0,656.0,-1736.8999999999824,-2098.2999999999743,-100.12679999999355,-148.34121070860738,1,0
0.1,100.0,1440,1,30,30,0,0,150,15.0,3,4,99,0.0,1,flat,-126.79999999355095,2136.8000000045963,-99.74970178538594,-36.82380750181006,101.2495196049779,80.75870160339866,-126.79999999355289,2017.2000000045405,2182.0,1866.0,1.0,0.0,167.0,140.0,1.0,0.0,3.0,3.0,748.0,656.0,-1736.8999999999824,-2098.2999999999743,-100.12679999999355,-148.34121070860738,1,0
0.1,100.0,1440,1,30,30,0,0,200,25.0,12,0,99,0.0,1,flat,-129.78680000001634,49.77359999999487,-99.74970178538594,-79.36136688984274,101.25492448415245,99.53389832095674,-129.78680000001634,49.77359999999487,269.0,221.0,5.0,1.0,0.0,0.0,2.0,2.0,12.0,12.0,13.0,6.0,-9400.699999999919,-2212.5000000000036,-100.12978680000002,-99.9502264,1,1
0.1,100.0,1440,1,30,30,0,0,75,25.0,12,0,99,0.0,1,flat,-155.59439999997414,45.41400000000388,-99.74970178538594,-79.91672119435668,101.34976707872447,99.58385793220995,-155.59439999997767,45.414000000000016,173.0,183.0,6.0,2.0,0.0,0.0,2.0,2.0,12.0,12.0,31.0,28.0,-10235.499999999947,-6626.599999999912,-100.15559439999998,-99.954586,1,1
0.1,100.0,1440,1,30,30,0,0,100,5.3,18,15,99,0.0,1,flat,-171.43119999995287,85.9292000000064,-99.74970178538594,-75.71999658572332,101.60014187707051,99.1644379618826,-171.43119999995287,85.92919999999526,2334.0,2783.0,0.0,0.0,22.0,26.0,2.0,1.0,17.0,17.0,0.0,0.0,-642.7000000000005,-1372.400000000002,-100.17143119999996,-99.9140708,1,1
0.1,100.0,1440,1,30,30,0,0,75,15.0,5,15,99,0.0,1,flat,-214.59999998992748,55.55099999999902,-99.74970178538594,-78.67577787208451,102.06668079113541,99.45038734380111,-214.59999998992885,55.55099999999197,1657.0,1024.0,2.0,5.0,53.0,33.0,1.0,1.0,5.0,5.0,540.0,311.0,-3773.200000000002,-4174.999999999998,-100.21459999998993,-99.944449,1,1
0.1,100.0,1440,1,30,30,0,0,75,15.0,5,15,5,0.1,3,inc_every3,-214.59999998992748,55.55099999999902,-99.74970178538594,-78.67577787208451,102.06668079113541,99.45038734380111,-214.59999998992885,55.55099999999197,1657.0,1024.0,2.0,5.0,53.0,33.0,1.0,1.0,5.0,5.0,540.0,311.0,-3773.200000000002,-4174.999999999998,-100.21459999998993,-99.944449,1,1
0.1,100.0,1440,1,30,30,0,0,200,25.0,18,0,99,0.0,1,flat,-279.0999999942578,58.86399999999486,-99.74970178538594,-78.3050029413382,101.56803038301408,99.61633621420107,-279.0999999942578,58.86399999999139,417.0,160.0,4.0,0.0,0.0,0.0,1.0,2.0,18.0,18.0,13.0,3.0,-12205.899999999985,-1225.3999999999992,-100.27909999999426,-99.94113600000001,1,1
0.1,100.0,1440,1,30,30,0,0,200,25.0,8,0,5,0.1,3,inc_every3,-479.9999999979336,44.95360000000062,-99.74970178538594,-79.97752508566104,104.60272711579623,99.5648921754618,-479.9999999979336,44.95359999999053,235.0,243.0,5.0,2.0,0.0,0.0,1.0,2.0,8.0,8.0,24.0,17.0,-8858.50000000011,-5596.9999999999945,-100.47999999999793,-99.95504640000001,1,1
0.1,100.0,1440,1,30,30,0,0,75,10.0,3,0,5,0.1,3,inc_every3,3499.200000000623,5627.3000000014235,-18.95249458528999,-15.72569945603519,65.82692799150173,44.334321139366565,3476.7000000006155,5616.500000001424,411.0,255.0,9.0,4.0,0.0,0.0,0.0,0.0,3.0,3.0,160.0,98.0,-4368.000000000076,-2920.2,-100.60635056829346,-54.39434173476832,0,0
0.1,100.0,1440,1,30,30,0,0,75,10.0,3,0,99,0.0,1,flat,3499.200000000623,5627.3000000014235,-18.95249458528999,-15.72569945603519,65.82692799150173,44.334321139366565,3476.7000000006155,5616.500000001424,411.0,255.0,9.0,4.0,0.0,0.0,0.0,0.0,3.0,3.0,160.0,98.0,-4368.000000000076,-2920.2,-100.60635056829346,-54.39434173476832,0,0
0.1,100.0,1440,1,30,30,0,0,200,15.0,3,0,99,0.0,1,flat,3497.1000000003332,6290.900000000862,-18.962230616918486,-12.883254113656017,66.22289470322697,38.58993790641243,3437.8000000003285,6280.100000000863,322.0,222.0,7.0,2.0,0.0,0.0,0.0,0.0,3.0,3.0,81.0,55.0,-4335.70000000007,-2870.4999999999977,-101.40802002337243,-40.063129926480876,0,0
0.1,100.0,1440,1,30,30,0,0,200,15.0,3,0,5,0.1,3,inc_every3,3497.1000000003332,6290.900000000862,-18.962230616918486,-12.883254113656017,66.22289470322697,38.58993790641243,3437.8000000003285,6280.100000000863,322.0,222.0,7.0,2.0,0.0,0.0,0.0,0.0,3.0,3.0,81.0,55.0,-4335.70000000007,-2870.4999999999977,-101.40802002337243,-40.063129926480876,0,0
0.1,100.0,1440,1,30,30,0,0,200,10.0,18,0,5,0.1,3,inc_every3,-1708.699999972101,34.339799999999684,-99.74970178538594,-81.51960681539758,102.47187012659751,99.81746770849949,-1708.6999999721156,34.339799999999684,3261.0,505.0,4.0,1.0,0.0,0.0,1.0,3.0,18.0,18.0,14.0,1.0,-16315.49999999993,-1403.7999999999993,-101.70869999997211,-99.9656602,1,1
0.1,100.0,1440,1,30,30,0,0,100,10.0,3,0,99,0.0,1,flat,3447.999999999891,5757.1000000008335,-19.191212398672832,-15.1518716271978,66.30619481195662,43.198734740267895,3430.3999999998887,5746.300000000834,441.0,278.0,9.0,4.0,0.0,0.0,0.0,0.0,3.0,3.0,141.0,87.0,-4358.100000000074,-2909.6999999999994,-101.80360202258606,-51.54934110773359,0,0
0.1,100.0,1440,1,30,30,0,0,100,10.0,3,0,5,0.1,3,inc_every3,3447.999999999891,5757.1000000008335,-19.191212398672832,-15.1518716271978,66.30619481195662,43.198734740267895,3430.3999999998887,5746.300000000834,441.0,278.0,9.0,4.0,0.0,0.0,0.0,0.0,3.0,3.0,141.0,87.0,-4358.100000000074,-2909.6999999999994,-101.80360202258606,-51.54934110773359,0,0
0.1,100.0,1440,1,30,30,0,0,150,10.0,3,0,99,0.0,1,flat,3245.0000000006403,6774.400000001451,-20.166539753772426,-10.94237123409697,68.32952125561339,35.210835871782024,3212.4000000006326,6763.60000000145,474.0,365.0,9.0,4.0,0.0,0.0,0.0,0.0,3.0,3.0,110.0,80.0,-4345.800000000073,-2880.9999999999977,-106.8255822649992,-31.36404297766102,0,0
0.1,100.0,1440,1,30,30,0,0,150,10.0,3,0,5,0.1,3,inc_every3,3245.0000000006403,6774.400000001451,-20.166539753772426,-10.94237123409697,68.32952125561339,35.210835871782024,3212.4000000006326,6763.60000000145,474.0,365.0,9.0,4.0,0.0,0.0,0.0,0.0,3.0,3.0,110.0,80.0,-4345.800000000073,-2880.9999999999977,-106.8255822649992,-31.36404297766102,0,0
0.1,100.0,1440,1,30,30,0,0,200,10.0,3,0,99,0.0,1,flat,3090.800000000365,6184.000000001059,-20.940568782934587,-13.326428444765314,69.92320692619806,39.88684720476624,3043.200000000361,6173.200000001059,501.0,359.0,9.0,4.0,0.0,0.0,0.0,0.0,3.0,3.0,93.0,64.0,-4330.30000000007,-2858.599999999997,-110.78698263533072,-43.100122854297794,0,0
0.1,100.0,1440,1,30,30,0,0,200,10.0,3,0,5,0.1,3,inc_every3,3090.800000000365,6184.000000001059,-20.940568782934587,-13.326428444765314,69.92320692619806,39.88684720476624,3043.200000000361,6173.200000001059,501.0,359.0,9.0,4.0,0.0,0.0,0.0,0.0,3.0,3.0,93.0,64.0,-4330.30000000007,-2858.599999999997,-110.78698263533072,-43.100122854297794,0,0
0.1,100.0,1440,1,30,30,0,0,300,10.0,3,0,99,0.0,1,flat,3168.0000000001746,6385.400000000838,-20.549284892051965,-12.495870278609278,70.40236125644007,38.877382733088275,2998.3000000001775,6374.600000000837,546.0,404.0,9.0,3.0,0.0,0.0,0.0,0.0,3.0,3.0,65.0,47.0,-4301.000000000066,-2822.8999999999955,-111.3540074049321,-40.250635744785825,0,0
0.1,100.0,1440,1,30,30,0,0,300,10.0,3,0,5,0.1,3,inc_every3,3168.0000000001746,6385.400000000838,-20.549284892051965,-12.495870278609278,70.40236125644007,38.877382733088275,2998.3000000001775,6374.600000000837,546.0,404.0,9.0,3.0,0.0,0.0,0.0,0.0,3.0,3.0,65.0,47.0,-4301.000000000066,-2822.8999999999955,-111.3540074049321,-40.250635744785825,0,0
0.1,100.0,1440,1,30,30,0,0,400,10.0,3,25,99,0.0,1,flat,5820.200000002267,7269.700000001074,-10.265448761453811,-9.052544077939185,75.57263465373204,33.613108339438526,2742.900000001854,6786.400000001035,2287.0,1021.0,22.0,9.0,13.0,5.0,0.0,0.0,3.0,3.0,237.0,104.0,-3910.200000000008,-2644.299999999985,-111.41071806891789,-26.278760756816236,0,0
0.1,100.0,1440,1,30,30,0,0,400,10.0,3,25,5,0.1,3,inc_every3,5820.200000002267,7269.700000001074,-10.265448761453811,-9.052544077939185,75.57263465373204,33.613108339438526,2742.900000001854,6786.400000001035,2287.0,1021.0,22.0,9.0,13.0,5.0,0.0,0.0,3.0,3.0,237.0,104.0,-3910.200000000008,-2644.299999999985,-111.41071806891789,-26.278760756816236,0,0
0.1,100.0,1440,1,30,30,0,0,75,25.0,3,10,5,0.1,3,inc_every3,4569.400000005351,5574.700000002224,-14.506817703636877,-15.960884942905917,75.49569339264123,46.362617263535306,2543.4000000042565,5454.6000000021195,1297.0,489.0,1.0,2.0,80.0,31.0,0.0,0.0,3.0,3.0,893.0,338.0,-3983.8000000000316,-2765.7999999999915,-115.49820448891933,-58.68611946997653,0,0
0.1,100.0,1440,1,30,30,0,0,75,25.0,3,10,99,0.0,1,flat,4569.400000005351,5574.700000002224,-14.506817703636877,-15.960884942905917,75.49569339264123,46.362617263535306,2543.4000000042565,5454.6000000021195,1297.0,489.0,1.0,2.0,80.0,31.0,0.0,0.0,3.0,3.0,893.0,338.0,-3983.8000000000316,-2765.7999999999915,-115.49820448891933,-58.68611946997653,0,0
0.1,100.0,1440,1,30,30,0,0,300,25.0,3,10,99,0.0,1,flat,4139.700000001219,6663.500000000428,-16.17986939941781,-11.3787299769755,76.75019042624798,37.12910752478711,2350.3000000010175,6466.900000000433,1664.0,585.0,2.0,4.0,73.0,26.0,0.0,0.0,3.0,3.0,469.0,174.0,-3588.399999999992,-2555.1999999999853,-119.68025025191378,-35.63694502654972,0,0
0.1,100.0,1440,1,30,30,0,0,300,25.0,3,10,5,0.1,3,inc_every3,4139.700000001219,6663.500000000428,-16.17986939941781,-11.3787299769755,76.75019042624798,37.12910752478711,2350.3000000010175,6466.900000000433,1664.0,585.0,2.0,4.0,73.0,26.0,0.0,0.0,3.0,3.0,469.0,174.0,-3588.399999999992,-2555.1999999999853,-119.68025025191378,-35.63694502654972,0,0
0.1,100.0,1440,1,30,30,0,0,400,5.3,3,25,5,0.1,3,inc_every3,3118.200000003244,5356.600000001634,-20.80080761398635,-16.953030444415173,74.7528531443257,49.8369999999845,2679.000000002613,5016.30000000155,3964.0,1804.0,32.0,17.0,12.0,5.0,0.0,0.0,3.0,3.0,235.0,111.0,-3837.20000000001,-2620.5999999999863,-120.30651390263775,-66.62703044438418,0,0
0.1,100.0,1440,1,30,30,0,0,400,5.3,3,25,99,0.0,1,flat,3118.200000003244,5356.600000001634,-20.80080761398635,-16.953030444415173,74.7528531443257,49.8369999999845,2679.000000002613,5016.30000000155,3964.0,1804.0,32.0,17.0,12.0,5.0,0.0,0.0,3.0,3.0,235.0,111.0,-3837.20000000001,-2620.5999999999863,-120.30651390263775,-66.62703044438418,0,0
0.1,100.0,1440,1,30,30,0,0,200,15.0,3,25,99,0.0,1,flat,3567.3000000018105,7096.500000000975,-18.639273330586636,-9.702807090599796,76.241660853401,33.703613161875595,2418.100000001746,6779.800000000932,1327.0,543.0,14.0,4.0,15.0,5.0,0.0,0.0,3.0,3.0,362.0,146.0,-4159.5000000000355,-2828.299999999993,-121.12259503738863,-27.110033414350987,0,0
0.1,100.0,1440,1,30,30,0,0,200,15.0,3,25,5,0.1,3,inc_every3,3567.3000000018105,7096.500000000975,-18.639273330586636,-9.702807090599796,76.241660853401,33.703613161875595,2418.100000001746,6779.800000000932,1327.0,543.0,14.0,4.0,15.0,5.0,0.0,0.0,3.0,3.0,362.0,146.0,-4159.5000000000355,-2828.299999999993,-121.12259503738863,-27.110033414350987,0,0
0.1,100.0,1440,1,30,30,0,0,400,15.0,3,25,5,0.1,3,inc_every3,3785.4000000020287,7569.500000001,-17.66730999674563,-7.952238166891378,77.22455640167762,30.369238353454804,2428.5000000019772,7062.300000000938,1578.0,648.0,13.0,5.0,15.0,5.0,0.0,0.0,3.0,3.0,208.0,97.0,-3935.000000000006,-2677.199999999986,-122.11642280010086,-18.690714873800985,0,0
0.1,100.0,1440,1,30,30,0,0,400,15.0,3,25,99,0.0,1,flat,3785.4000000020287,7569.500000001,-17.66730999674563,-7.952238166891378,77.22455640167762,30.369238353454804,2428.5000000019772,7062.300000000938,1578.0,648.0,13.0,5.0,15.0,5.0,0.0,0.0,3.0,3.0,208.0,97.0,-3935.000000000006,-2677.199999999986,-122.11642280010086,-18.690714873800985,0,0
0.1,100.0,1440,1,30,30,0,0,100,5.3,3,0,5,0.1,3,inc_every3,2611.299999999992,5596.900000001502,-23.563257081142453,-15.861434854008005,74.44376744368898,44.25550599246225,2600.499999999989,5586.100000001503,852.0,562.0,11.0,11.0,0.0,0.0,0.0,0.0,3.0,3.0,172.0,124.0,-4359.2000000000735,-2888.699999999998,-122.45079196852042,-54.3724468389325,0,0
0.1,100.0,1440,1,30,30,0,0,100,5.3,3,0,99,0.0,1,flat,2611.299999999992,5596.900000001502,-23.563257081142453,-15.861434854008005,74.44376744368898,44.25550599246225,2600.499999999989,5586.100000001503,852.0,562.0,11.0,11.0,0.0,0.0,0.0,0.0,3.0,3.0,172.0,124.0,-4359.2000000000735,-2888.699999999998,-122.45079196852042,-54.3724468389325,0,0
0.1,100.0,1440,1,30,30,0,0,100,15.0,3,25,5,0.1,3,inc_every3,3271.2000000002913,6825.9000000005535,-20.03796337216832,-10.741438770622258,76.79188888237523,32.82571411673802,2376.0000000001914,6815.100000000553,1101.0,479.0,14.0,6.0,15.0,6.0,0.0,0.0,3.0,3.0,471.0,209.0,-4264.000000000056,-2866.8999999999955,-123.62174113691879,-26.3928670040983,0,0
0.1,100.0,1440,1,30,30,0,0,100,15.0,3,25,99,0.0,1,flat,3271.2000000002913,6825.9000000005535,-20.03796337216832,-10.741438770622258,76.79188888237523,32.82571411673802,2376.0000000001914,6815.100000000553,1101.0,479.0,14.0,6.0,15.0,6.0,0.0,0.0,3.0,3.0,471.0,209.0,-4264.000000000056,-2866.8999999999955,-123.62174113691879,-26.3928670040983,0,0
0.1,100.0,1440,1,30,30,0,0,400,15.0,3,10,5,0.1,3,inc_every3,3730.0000000040754,5608.300000001514,-17.90986757368369,-15.810473533259895,78.2644911104793,46.91867728584563,2348.50000000399,5438.5000000014925,2949.0,1093.0,6.0,4.0,66.0,25.0,0.0,0.0,3.0,3.0,414.0,165.0,-3317.099999999986,-2437.6999999999803,-124.4388497946423,-59.64782810495116,0,0
0.1,100.0,1440,1,30,30,0,0,400,15.0,3,10,99,0.0,1,flat,3730.0000000040754,5608.300000001514,-17.90986757368369,-15.810473533259895,78.2644911104793,46.91867728584563,2348.50000000399,5438.5000000014925,2949.0,1093.0,6.0,4.0,66.0,25.0,0.0,0.0,3.0,3.0,414.0,165.0,-3317.099999999986,-2437.6999999999803,-124.4388497946423,-59.64782810495116,0,0
0.1,100.0,1440,1,30,30,0,0,400,25.0,3,10,5,0.1,3,inc_every3,3996.100000002735,5722.600000000868,-16.76997791632916,-15.303497212317696,79.26200290736026,47.24970009242244,2082.8000000021793,5364.6000000008735,1664.0,557.0,2.0,3.0,68.0,24.0,0.0,0.0,3.0,3.0,358.0,133.0,-3447.899999999981,-2486.699999999983,-125.29398373104968,-59.80289739716257,0,0
0.1,100.0,1440,1,30,30,0,0,400,25.0,3,10,99,0.0,1,flat,3996.100000002735,5722.600000000868,-16.76997791632916,-15.303497212317696,79.26200290736026,47.24970009242244,2082.8000000021793,5364.6000000008735,1664.0,557.0,2.0,3.0,68.0,24.0,0.0,0.0,3.0,3.0,358.0,133.0,-3447.899999999981,-2486.699999999983,-125.29398373104968,-59.80289739716257,0,0
0.1,100.0,1440,1,30,30,0,0,75,10.0,3,25,5,0.1,3,inc_every3,2936.800000003398,5818.400000002127,-21.74506305256102,-14.8840286191402,77.35359452708596,42.440310415552176,2304.0000000033415,5807.600000002128,1655.0,699.0,19.0,10.0,15.0,6.0,0.0,0.0,3.0,3.0,689.0,299.0,-4275.800000000058,-2882.3999999999983,-126.45225210673294,-49.76464945024455,0,0
0.1,100.0,1440,1,30,30,0,0,75,10.0,3,25,99,0.0,1,flat,2936.800000003398,5818.400000002127,-21.74506305256102,-14.8840286191402,77.35359452708596,42.440310415552176,2304.0000000033415,5807.600000002128,1655.0,699.0,19.0,10.0,15.0,6.0,0.0,0.0,3.0,3.0,689.0,299.0,-4275.800000000058,-2882.3999999999983,-126.45225210673294,-49.76464945024455,0,0
0.1,100.0,1440,1,30,30,0,0,75,5.3,3,0,5,0.1,3,inc_every3,2259.400000000791,5200.400000002197,-25.74563539238197,-17.681168608555666,77.8154875245338,48.13252711006753,2248.60000000079,5189.600000002198,758.0,498.0,11.0,9.0,0.0,0.0,0.0,0.0,3.0,3.0,197.0,124.0,-4365.300000000076,-2904.099999999999,-131.37661044144954,-63.94622282869072,0,0
0.1,100.0,1440,1,30,30,0,0,75,5.3,3,0,99,0.0,1,flat,2259.400000000791,5200.400000002197,-25.74563539238197,-17.681168608555666,77.8154875245338,48.13252711006753,2248.60000000079,5189.600000002198,758.0,498.0,11.0,9.0,0.0,0.0,0.0,0.0,3.0,3.0,197.0,124.0,-4365.300000000076,-2904.099999999999,-131.37661044144954,-63.94622282869072,0,0
0.1,100.0,1440,1,30,30,0,0,150,25.0,3,15,5,0.1,3,inc_every3,2957.600000003948,6119.700000001298,-21.634461421847252,-13.595593920835435,80.05560151602599,40.25702214223131,2073.3000000031375,6108.600000001226,1150.0,367.0,3.0,4.0,42.0,13.0,0.0,0.0,3.0,3.0,534.0,161.0,-4029.800000000026,-2797.0999999999935,-131.74566445389922,-44.10963820529805,0,0
0.1,100.0,1440,1,30,30,0,0,150,25.0,3,15,99,0.0,1,flat,2957.600000003948,6119.700000001298,-21.634461421847252,-13.595593920835435,80.05560151602599,40.25702214223131,2073.3000000031375,6108.600000001226,1150.0,367.0,3.0,4.0,42.0,13.0,0.0,0.0,3.0,3.0,534.0,161.0,-4029.800000000026,-2797.0999999999935,-131.74566445389922,-44.10963820529805,0,0
0.1,100.0,1440,1,30,30,0,0,100,25.0,3,15,5,0.1,3,inc_every3,3264.9000000012074,6389.100000000429,-20.068805163955304,-12.480785028908393,80.87946158498833,36.920322291849025,2022.800000000926,6341.400000000428,1083.0,375.0,3.0,4.0,43.0,15.0,0.0,0.0,3.0,3.0,615.0,220.0,-4108.900000000038,-2828.899999999994,-131.827728333932,-36.321429612606444,0,0
0.1,100.0,1440,1,30,30,0,0,100,25.0,3,15,99,0.0,1,flat,3264.9000000012074,6389.100000000429,-20.068805163955304,-12.480785028908393,80.87946158498833,36.920322291849025,2022.800000000926,6341.400000000428,1083.0,375.0,3.0,4.0,43.0,15.0,0.0,0.0,3.0,3.0,615.0,220.0,-4108.900000000038,-2828.899999999994,-131.827728333932,-36.321429612606444,0,0
0.1,100.0,1440,1,30,30,0,0,200,5.3,3,0,5,0.1,3,inc_every3,2259.200000000699,5928.800000001835,-25.746950804274704,-14.406606637765783,78.18725295470472,41.10212084115407,2218.4000000006927,5918.000000001835,956.0,715.0,11.0,8.0,0.0,0.0,0.0,0.0,3.0,3.0,107.0,71.0,-4321.200000000068,-2833.3999999999965,-132.12145671368415,-46.61084832007392,0,0
0.1,100.0,1440,1,30,30,0,0,200,5.3,3,0,99,0.0,1,flat,2259.200000000699,5928.800000001835,-25.746950804274704,-14.406606637765783,78.18725295470472,41.10212084115407,2218.4000000006927,5918.000000001835,956.0,715.0,11.0,8.0,0.0,0.0,0.0,0.0,3.0,3.0,107.0,71.0,-4321.200000000068,-2833.3999999999965,-132.12145671368415,-46.61084832007392,0,0
0.1,100.0,1440,1,30,30,0,0,400,5.3,3,0,99,0.0,1,flat,2313.9000000005544,5242.400000001373,-25.390607024778046,-17.483888887539422,79.04296331623792,47.68399999998626,2109.200000000552,5231.600000001374,1060.0,674.0,10.0,7.0,0.0,0.0,0.0,0.0,3.0,3.0,54.0,36.0,-4255.4000000000615,-2780.099999999994,-133.47653365725387,-62.85188888751195,0,0
0.1,100.0,1440,1,30,30,0,0,400,5.3,3,0,5,0.1,3,inc_every3,2313.9000000005544,5242.400000001373,-25.390607024778046,-17.483888887539422,79.04296331623792,47.68399999998626,2109.200000000552,5231.600000001374,1060.0,674.0,10.0,7.0,0.0,0.0,0.0,0.0,3.0,3.0,54.0,36.0,-4255.4000000000615,-2780.099999999994,-133.47653365725387,-62.85188888751195,0,0
0.1,100.0,1440,1,30,30,0,0,150,5.3,3,0,99,0.0,1,flat,2104.2000000009502,5741.10000000211,-26.795614727413575,-15.222111148743112,79.44315315759917,42.813089428441465,2078.400000000942,5730.300000002109,880.0,653.0,12.0,9.0,0.0,0.0,0.0,0.0,3.0,3.0,124.0,86.0,-4336.000000000072,-2859.299999999997,-135.68192104261192,-50.84829000562604,0,0
0.1,100.0,1440,1,30,30,0,0,150,5.3,3,0,5,0.1,3,inc_every3,2104.2000000009502,5741.10000000211,-26.795614727413575,-15.222111148743112,79.44315315759917,42.813089428441465,2078.400000000942,5730.300000002109,880.0,653.0,12.0,9.0,0.0,0.0,0.0,0.0,3.0,3.0,124.0,86.0,-4336.000000000072,-2859.299999999997,-135.68192104261192,-50.84829000562604,0,0
