value,cagr_pct,max_dd_pct,ruined,killed,final_equity,trades_per_day,avg_hold_sec,time_stops,side_stops,wins,params
-1.445173645716491,-1.445173645716491,16.773218958216994,0.0,0.0,92.98399999999948,0.25168766720930313,560.43035991178,296.0,2.0,29.0,"{""EntryMode"": 1, ""EntryTFMin"": 1, ""GridSpacingPts"": 115, ""TP_Pips"": 10.0, ""MaxLayers"": 1, ""Ladder"": ""step1"", ""MaxHoldSec"": 600, ""StopPips"": 27.0, ""MaxBasketRiskPct"": 3.0, ""AddMinSec"": 30, ""Session"": ""lateny_1923"", ""ZEntry"": 2.0, ""ZEmaBars"": 120, ""NewsBeforeMin"": 60, ""NewsAfterMin"": 60, ""NewsCloseMode"": 0, ""DailyLossPct"": 8.0, ""MaxSpreadPts"": 0}"
-1.445173645716491,-1.445173645716491,16.773218958216994,0.0,0.0,92.98399999999948,0.25168766720930313,560.43035991178,296.0,2.0,29.0,"{""EntryMode"": 1, ""EntryTFMin"": 1, ""GridSpacingPts"": 110, ""TP_Pips"": 10.0, ""MaxLayers"": 6, ""Ladder"": ""step1"", ""MaxHoldSec"": 600, ""StopPips"": 27.0, ""MaxBasketRiskPct"": 3.0, ""AddMinSec"": 60, ""Session"": ""lateny_1923"", ""ZEntry"": 2.0, ""ZEmaBars"": 120, ""NewsBeforeMin"": 60, ""NewsAfterMin"": 60, ""NewsCloseMode"": 0, ""DailyLossPct"": 8.0, ""MaxSpreadPts"": 0}"
-1.445173645716491,-1.445173645716491,16.773218958216994,0.0,0.0,92.98399999999948,0.25168766720930313,560.43035991178,296.0,2.0,29.0,"{""EntryMode"": 1, ""EntryTFMin"": 1, ""GridSpacingPts"": 100, ""TP_Pips"": 10.0, ""MaxLayers"": 3, ""Ladder"": ""step1"", ""MaxHoldSec"": 600, ""StopPips"": 27.0, ""MaxBasketRiskPct"": 3.0, ""AddMinSec"": 30, ""Session"": ""lateny_1923"", ""ZEntry"": 2.0, ""ZEmaBars"": 120, ""NewsBeforeMin"": 15, ""NewsAfterMin"": 60, ""NewsCloseMode"": 0, ""DailyLossPct"": 8.0, ""MaxSpreadPts"": 0}"
-1.451113387207681,-1.451113387207681,15.164200980168335,0.0,0.0,92.95600000000076,0.20550644386814662,512.0933890435057,203.0,2.0,62.0,"{""EntryMode"": 1, ""EntryTFMin"": 1, ""GridSpacingPts"": 115, ""TP_Pips"": 7.0, ""MaxLayers"": 4, ""Ladder"": ""step1"", ""MaxHoldSec"": 600, ""StopPips"": 27.0, ""MaxBasketRiskPct"": 3.0, ""AddMinSec"": 60, ""Session"": ""lateny_1923"", ""ZEntry"": 2.0, ""ZEmaBars"": 120, ""NewsBeforeMin"": 30, ""NewsAfterMin"": 60, ""NewsCloseMode"": 0, ""DailyLossPct"": 8.0, ""MaxSpreadPts"": 0}"
-1.4517498729590628,-1.4517498729590628,14.855611242679108,0.0,0.0,92.95300000000198,0.20550644386814662,523.4248917962132,211.0,2.0,54.0,"{""EntryMode"": 1, ""EntryTFMin"": 1, ""GridSpacingPts"": 115, ""TP_Pips"": 7.5, ""MaxLayers"": 6, ""Ladder"": ""step1"", ""MaxHoldSec"": 600, ""StopPips"": 27.0, ""MaxBasketRiskPct"": 3.0, ""AddMinSec"": 60, ""Session"": ""lateny_1923"", ""ZEntry"": 2.0, ""ZEmaBars"": 120, ""NewsBeforeMin"": 30, ""NewsAfterMin"": 30, ""NewsCloseMode"": 0, ""DailyLossPct"": 8.0, ""MaxSpreadPts"": 10}"
-1.4517498729590628,-1.4517498729590628,14.855611242679108,0.0,0.0,92.95300000000198,0.20550644386814662,523.4248917962132,211.0,2.0,54.0,"{""EntryMode"": 1, ""EntryTFMin"": 1, ""GridSpacingPts"": 110, ""TP_Pips"": 7.5, ""MaxLayers"": 1, ""Ladder"": ""step1"", ""MaxHoldSec"": 600, ""StopPips"": 27.0, ""MaxBasketRiskPct"": 3.0, ""AddMinSec"": 30, ""Session"": ""lateny_1923"", ""ZEntry"": 2.0, ""ZEmaBars"": 120, ""NewsBeforeMin"": 60, ""NewsAfterMin"": 30, ""NewsCloseMode"": 0, ""DailyLossPct"": 8.0, ""MaxSpreadPts"": 0}"
-1.4517498729590628,-1.4517498729590628,14.855611242679108,0.0,0.0,92.95300000000198,0.20550644386814662,523.4248917962132,211.0,2.0,54.0,"{""EntryMode"": 1, ""EntryTFMin"": 1, ""GridSpacingPts"": 120, ""TP_Pips"": 7.5, ""MaxLayers"": 6, ""Ladder"": ""step1"", ""MaxHoldSec"": 600, ""StopPips"": 27.0, ""MaxBasketRiskPct"": 3.0, ""AddMinSec"": 60, ""Session"": ""lateny_1923"", ""ZEntry"": 2.0, ""ZEmaBars"": 120, ""NewsBeforeMin"": 30, ""NewsAfterMin"": 30, ""NewsCloseMode"": 0, ""DailyLossPct"": 8.0, ""MaxSpreadPts"": 0}"
-1.4517498729590628,-1.4517498729590628,14.855611242679108,0.0,0.0,92.95300000000198,0.20550644386814662,523.4248917962132,211.0,2.0,54.0,"{""EntryMode"": 1, ""EntryTFMin"": 1, ""GridSpacingPts"": 120, ""TP_Pips"": 7.5, ""MaxLayers"": 2, ""Ladder"": ""step1"", ""MaxHoldSec"": 600, ""StopPips"": 27.0, ""MaxBasketRiskPct"": 3.0, ""AddMinSec"": 30, ""Session"": ""lateny_1923"", ""ZEntry"": 2.0, ""ZEmaBars"": 120, ""NewsBeforeMin"": 60, ""NewsAfterMin"": 30, ""NewsCloseMode"": 0, ""DailyLossPct"": 8.0, ""MaxSpreadPts"": 0}"
-1.4517498729590628,-1.4517498729590628,14.855611242679108,0.0,0.0,92.95300000000198,0.20550644386814662,523.4248917962132,211.0,2.0,54.0,"{""EntryMode"": 1, ""EntryTFMin"": 1, ""GridSpacingPts"": 120, ""TP_Pips"": 7.5, ""MaxLayers"": 6, ""Ladder"": ""step1"", ""MaxHoldSec"": 600, ""StopPips"": 27.0, ""MaxBasketRiskPct"": 3.0, ""AddMinSec"": 60, ""Session"": ""lateny_1923"", ""ZEntry"": 2.0, ""ZEmaBars"": 120, ""NewsBeforeMin"": 30, ""NewsAfterMin"": 30, ""NewsCloseMode"": 0, ""DailyLossPct"": 8.0, ""MaxSpreadPts"": 10}"
-1.4517498729590628,-1.4517498729590628,14.855611242679108,0.0,0.0,92.95300000000198,0.20550644386814662,523.4248917962132,211.0,2.0,54.0,"{""EntryMode"": 1, ""EntryTFMin"": 1, ""GridSpacingPts"": 115, ""TP_Pips"": 7.5, ""MaxLayers"": 6, ""Ladder"": ""step1"", ""MaxHoldSec"": 600, ""StopPips"": 27.0, ""MaxBasketRiskPct"": 3.0, ""AddMinSec"": 60, ""Session"": ""lateny_1923"", ""ZEntry"": 2.0, ""ZEmaBars"": 120, ""NewsBeforeMin"": 30, ""NewsAfterMin"": 30, ""NewsCloseMode"": 0, ""DailyLossPct"": 8.0, ""MaxSpreadPts"": 0}"
-1.455144741168135,-1.455144741168135,15.218247606834609,0.0,0.0,92.93700000000074,0.20704581797951851,511.8997788320887,204.0,2.0,63.0,"{""EntryMode"": 1, ""EntryTFMin"": 1, ""GridSpacingPts"": 115, ""TP_Pips"": 7.0, ""MaxLayers"": 3, ""Ladder"": ""step1"", ""MaxHoldSec"": 600, ""StopPips"": 27.0, ""MaxBasketRiskPct"": 3.0, ""AddMinSec"": 60, ""Session"": ""lateny_1923"", ""ZEntry"": 2.0, ""ZEmaBars"": 120, ""NewsBeforeMin"": 30, ""NewsAfterMin"": 15, ""NewsCloseMode"": 0, ""DailyLossPct"": 8.0, ""MaxSpreadPts"": 0}"
-1.482108103097901,-1.482108103097901,15.621213363581719,0.0,0.0,92.80999999999996,0.20165800858971691,577.8848157229183,254.0,2.0,6.0,"{""EntryMode"": 1, ""EntryTFMin"": 1, ""GridSpacingPts"": 115, ""TP_Pips"": 15.0, ""MaxLayers"": 5, ""Ladder"": ""step1"", ""MaxHoldSec"": 600, ""StopPips"": 27.0, ""MaxBasketRiskPct"": 3.0, ""AddMinSec"": 30, ""Session"": ""lateny_1923"", ""ZEntry"": 2.0, ""ZEmaBars"": 120, ""NewsBeforeMin"": 30, ""NewsAfterMin"": 60, ""NewsCloseMode"": 2, ""DailyLossPct"": 8.0, ""MaxSpreadPts"": 0}"
-1.482108103097901,-1.482108103097901,15.621213363581719,0.0,0.0,92.80999999999996,0.20165800858971691,577.8848157229183,254.0,2.0,6.0,"{""EntryMode"": 1, ""EntryTFMin"": 1, ""GridSpacingPts"": 125, ""TP_Pips"": 15.0, ""MaxLayers"": 3, ""Ladder"": ""step1"", ""MaxHoldSec"": 600, ""StopPips"": 27.0, ""MaxBasketRiskPct"": 3.0, ""AddMinSec"": 30, ""Session"": ""lateny_1923"", ""ZEntry"": 2.0, ""ZEmaBars"": 120, ""NewsBeforeMin"": 30, ""NewsAfterMin"": 60, ""NewsCloseMode"": 2, ""DailyLossPct"": 8.0, ""MaxSpreadPts"": 0}"
-1.482108103097901,-1.482108103097901,15.621213363581719,0.0,0.0,92.80999999999996,0.20165800858971691,577.8848157229183,254.0,2.0,6.0,"{""EntryMode"": 1, ""EntryTFMin"": 1, ""GridSpacingPts"": 120, ""TP_Pips"": 15.0, ""MaxLayers"": 3, ""Ladder"": ""step1"", ""MaxHoldSec"": 600, ""StopPips"": 27.0, ""MaxBasketRiskPct"": 3.0, ""AddMinSec"": 30, ""Session"": ""lateny_1923"", ""ZEntry"": 2.0, ""ZEmaBars"": 120, ""NewsBeforeMin"": 30, ""NewsAfterMin"": 60, ""NewsCloseMode"": 2, ""DailyLossPct"": 8.0, ""MaxSpreadPts"": 0}"
-1.482108103097901,-1.482108103097901,15.621213363581719,0.0,0.0,92.80999999999996,0.20165800858971691,577.8848157229183,254.0,2.0,6.0,"{""EntryMode"": 1, ""EntryTFMin"": 1, ""GridSpacingPts"": 115, ""TP_Pips"": 15.0, ""MaxLayers"": 4, ""Ladder"": ""step1"", ""MaxHoldSec"": 600, ""StopPips"": 27.0, ""MaxBasketRiskPct"": 3.0, ""AddMinSec"": 30, ""Session"": ""lateny_1923"", ""ZEntry"": 2.0, ""ZEmaBars"": 120, ""NewsBeforeMin"": 30, ""NewsAfterMin"": 60, ""NewsCloseMode"": 2, ""DailyLossPct"": 8.0, ""MaxSpreadPts"": 0}"
-1.482108103097901,-1.482108103097901,15.621213363581719,0.0,0.0,92.80999999999996,0.20165800858971691,577.8848157229183,254.0,2.0,6.0,"{""EntryMode"": 1, ""EntryTFMin"": 1, ""GridSpacingPts"": 110, ""TP_Pips"": 15.0, ""MaxLayers"": 5, ""Ladder"": ""step1"", ""MaxHoldSec"": 600, ""StopPips"": 27.0, ""MaxBasketRiskPct"": 3.0, ""AddMinSec"": 30, ""Session"": ""lateny_1923"", ""ZEntry"": 2.0, ""ZEmaBars"": 120, ""NewsBeforeMin"": 30, ""NewsAfterMin"": 60, ""NewsCloseMode"": 2, ""DailyLossPct"": 8.0, ""MaxSpreadPts"": 0}"
-1.4827453896253506,-1.4827453896253506,15.300691613613065,0.0,0.0,92.80700000000081,0.20704581797951851,511.8997788320887,204.0,2.0,63.0,"{""EntryMode"": 1, ""EntryTFMin"": 1, ""GridSpacingPts"": 130, ""TP_Pips"": 7.0, ""MaxLayers"": 4, ""Ladder"": ""step1"", ""MaxHoldSec"": 600, ""StopPips"": 27.0, ""MaxBasketRiskPct"": 3.0, ""AddMinSec"": 30, ""Session"": ""lateny_1923"", ""ZEntry"": 2.0, ""ZEmaBars"": 120, ""NewsBeforeMin"": 60, ""NewsAfterMin"": 30, ""NewsCloseMode"": 0, ""DailyLossPct"": 8.0, ""MaxSpreadPts"": 0}"
-1.4827453896253506,-1.4827453896253506,15.300691613613065,0.0,0.0,92.80700000000081,0.20704581797951851,511.8997788320887,204.0,2.0,63.0,"{""EntryMode"": 1, ""EntryTFMin"": 1, ""GridSpacingPts"": 120, ""TP_Pips"": 7.0, ""MaxLayers"": 3, ""Ladder"": ""step1"", ""MaxHoldSec"": 600, ""StopPips"": 27.0, ""MaxBasketRiskPct"": 3.0, ""AddMinSec"": 30, ""Session"": ""lateny_1923"", ""ZEntry"": 2.0, ""ZEmaBars"": 120, ""NewsBeforeMin"": 60, ""NewsAfterMin"": 30, ""NewsCloseMode"": 0, ""DailyLossPct"": 8.0, ""MaxSpreadPts"": 0}"
-1.4827453896253506,-1.4827453896253506,15.300691613613065,0.0,0.0,92.80700000000081,0.20704581797951851,511.8997788320887,204.0,2.0,63.0,"{""EntryMode"": 1, ""EntryTFMin"": 1, ""GridSpacingPts"": 115, ""TP_Pips"": 7.0, ""MaxLayers"": 4, ""Ladder"": ""flat"", ""MaxHoldSec"": 600, ""StopPips"": 27.0, ""MaxBasketRiskPct"": 3.0, ""AddMinSec"": 30, ""Session"": ""lateny_1923"", ""ZEntry"": 2.0, ""ZEmaBars"": 120, ""NewsBeforeMin"": 60, ""NewsAfterMin"": 30, ""NewsCloseMode"": 0, ""DailyLossPct"": 8.0, ""MaxSpreadPts"": 0}"
-1.491244118275603,-1.491244118275603,16.411933645597482,0.0,0.0,92.76699999999984,0.25168766720930313,543.9722701338834,276.0,2.0,49.0,"{""EntryMode"": 1, ""EntryTFMin"": 1, ""GridSpacingPts"": 105, ""TP_Pips"": 8.5, ""MaxLayers"": 6, ""Ladder"": ""step1"", ""MaxHoldSec"": 600, ""StopPips"": 27.0, ""MaxBasketRiskPct"": 3.0, ""AddMinSec"": 60, ""Session"": ""lateny_1923"", ""ZEntry"": 2.0, ""ZEmaBars"": 120, ""NewsBeforeMin"": 60, ""NewsAfterMin"": 60, ""NewsCloseMode"": 0, ""DailyLossPct"": 8.0, ""MaxSpreadPts"": 0}"
-1.491244118275603,-1.491244118275603,16.411933645597482,0.0,0.0,92.76699999999984,0.25168766720930313,543.9722701338834,276.0,2.0,49.0,"{""EntryMode"": 1, ""EntryTFMin"": 1, ""GridSpacingPts"": 115, ""TP_Pips"": 8.5, ""MaxLayers"": 2, ""Ladder"": ""step1"", ""MaxHoldSec"": 600, ""StopPips"": 27.0, ""MaxBasketRiskPct"": 3.0, ""AddMinSec"": 30, ""Session"": ""lateny_1923"", ""ZEntry"": 2.0, ""ZEmaBars"": 120, ""NewsBeforeMin"": 60, ""NewsAfterMin"": 60, ""NewsCloseMode"": 0, ""DailyLossPct"": 8.0, ""MaxSpreadPts"": 0}"
-1.491244118275603,-1.491244118275603,16.411933645597482,0.0,0.0,92.76699999999984,0.25168766720930313,543.9722701338834,276.0,2.0,49.0,"{""EntryMode"": 1, ""EntryTFMin"": 1, ""GridSpacingPts"": 105, ""TP_Pips"": 8.5, ""MaxLayers"": 6, ""Ladder"": ""step1"", ""MaxHoldSec"": 600, ""StopPips"": 27.0, ""MaxBasketRiskPct"": 3.0, ""AddMinSec"": 60, ""Session"": ""lateny_1923"", ""ZEntry"": 2.0, ""ZEmaBars"": 120, ""NewsBeforeMin"": 60, ""NewsAfterMin"": 60, ""NewsCloseMode"": 0, ""DailyLossPct"": 8.0, ""MaxSpreadPts"": 0}"
-1.4914566240449845,-1.4914566240449845,16.649264613226098,0.0,0.0,92.76599999999945,0.2547664154320469,554.7741397160222,293.0,2.0,36.0,"{""EntryMode"": 1, ""EntryTFMin"": 1, ""GridSpacingPts"": 125, ""TP_Pips"": 9.5, ""MaxLayers"": 6, ""Ladder"": ""step1"", ""MaxHoldSec"": 600, ""StopPips"": 27.0, ""MaxBasketRiskPct"": 3.0, ""AddMinSec"": 60, ""Session"": ""lateny_1923"", ""ZEntry"": 2.0, ""ZEmaBars"": 120, ""NewsBeforeMin"": 30, ""NewsAfterMin"": 30, ""NewsCloseMode"": 2, ""DailyLossPct"": 8.0, ""MaxSpreadPts"": 0}"
-1.4914566240449845,-1.4914566240449845,16.649264613226098,0.0,0.0,92.76599999999945,0.2547664154320469,554.7741397160222,293.0,2.0,36.0,"{""EntryMode"": 1, ""EntryTFMin"": 1, ""GridSpacingPts"": 125, ""TP_Pips"": 9.5, ""MaxLayers"": 5, ""Ladder"": ""step2"", ""MaxHoldSec"": 600, ""StopPips"": 27.0, ""MaxBasketRiskPct"": 3.0, ""AddMinSec"": 60, ""Session"": ""lateny_1923"", ""ZEntry"": 2.0, ""ZEmaBars"": 120, ""NewsBeforeMin"": 30, ""NewsAfterMin"": 30, ""NewsCloseMode"": 2, ""DailyLossPct"": 8.0, ""MaxSpreadPts"": 0}"
-1.4976200885729596,-1.4976200885729596,15.456646659541617,0.0,0.0,92.73700000000022,0.20165800858971691,575.5553296615751,252.0,2.0,8.0,"{""EntryMode"": 1, ""EntryTFMin"": 1, ""GridSpacingPts"": 115, ""TP_Pips"": 13.5, ""MaxLayers"": 4, ""Ladder"": ""step1"", ""MaxHoldSec"": 600, ""StopPips"": 27.0, ""MaxBasketRiskPct"": 3.0, ""AddMinSec"": 30, ""Session"": ""lateny_1923"", ""ZEntry"": 2.0, ""ZEmaBars"": 120, ""NewsBeforeMin"": 30, ""NewsAfterMin"": 60, ""NewsCloseMode"": 2, ""DailyLossPct"": 8.0, ""MaxSpreadPts"": 0}"
-1.4976200885729596,-1.4976200885729596,15.456646659541617,0.0,0.0,92.73700000000022,0.20165800858971691,575.5553296615751,252.0,2.0,8.0,"{""EntryMode"": 1, ""EntryTFMin"": 1, ""GridSpacingPts"": 105, ""TP_Pips"": 13.5, ""MaxLayers"": 3, ""Ladder"": ""step1"", ""MaxHoldSec"": 600, ""StopPips"": 27.0, ""MaxBasketRiskPct"": 3.0, ""AddMinSec"": 60, ""Session"": ""lateny_1923"", ""ZEntry"": 2.0, ""ZEmaBars"": 120, ""NewsBeforeMin"": 30, ""NewsAfterMin"": 60, ""NewsCloseMode"": 2, ""DailyLossPct"": 8.0, ""MaxSpreadPts"": 0}"
-1.4976200885729596,-1.4976200885729596,15.456646659541617,0.0,0.0,92.73700000000022,0.20165800858971691,575.5553296615751,252.0,2.0,8.0,"{""EntryMode"": 1, ""EntryTFMin"": 1, ""GridSpacingPts"": 120, ""TP_Pips"": 13.5, ""MaxLayers"": 6, ""Ladder"": ""step1"", ""MaxHoldSec"": 600, ""StopPips"": 27.0, ""MaxBasketRiskPct"": 3.0, ""AddMinSec"": 30, ""Session"": ""lateny_1923"", ""ZEntry"": 2.0, ""ZEmaBars"": 120, ""NewsBeforeMin"": 30, ""NewsAfterMin"": 60, ""NewsCloseMode"": 2, ""DailyLossPct"": 8.0, ""MaxSpreadPts"": 0}"
-1.4976200885729596,-1.4976200885729596,15.456646659541617,0.0,0.0,92.73700000000022,0.20165800858971691,575.5553296615751,252.0,2.0,8.0,"{""EntryMode"": 1, ""EntryTFMin"": 1, ""GridSpacingPts"": 115, ""TP_Pips"": 13.5, ""MaxLayers"": 3, ""Ladder"": ""step1"", ""MaxHoldSec"": 600, ""StopPips"": 27.0, ""MaxBasketRiskPct"": 3.0, ""AddMinSec"": 60, ""Session"": ""lateny_1923"", ""ZEntry"": 2.0, ""ZEmaBars"": 120, ""NewsBeforeMin"": 30, ""NewsAfterMin"": 60, ""NewsCloseMode"": 2, ""DailyLossPct"": 8.0, ""MaxSpreadPts"": 0}"
-1.4976200885729596,-1.4976200885729596,15.456646659541617,0.0,0.0,92.73700000000022,0.20165800858971691,575.5553296615751,252.0,2.0,8.0,"{""EntryMode"": 1, ""EntryTFMin"": 1, ""GridSpacingPts"": 105, ""TP_Pips"": 13.5, ""MaxLayers"": 2, ""Ladder"": ""step1"", ""MaxHoldSec"": 600, ""StopPips"": 27.0, ""MaxBasketRiskPct"": 3.0, ""AddMinSec"": 60, ""Session"": ""lateny_1923"", ""ZEntry"": 2.0, ""ZEmaBars"": 120, ""NewsBeforeMin"": 30, ""NewsAfterMin"": 60, ""NewsCloseMode"": 2, ""DailyLossPct"": 8.0, ""MaxSpreadPts"": 0}"
-1.5129291513084508,-1.5129291513084508,16.740175340692065,0.0,0.0,92.66499999999931,0.25322704132067503,555.1554107107867,292.0,2.0,35.0,"{""EntryMode"": 1, ""EntryTFMin"": 1, ""GridSpacingPts"": 115, ""TP_Pips"": 9.5, ""MaxLayers"": 2, ""Ladder"": ""step1"", ""MaxHoldSec"": 600, ""StopPips"": 27.0, ""MaxBasketRiskPct"": 3.0, ""AddMinSec"": 15, ""Session"": ""lateny_1923"", ""ZEntry"": 2.0, ""ZEmaBars"": 120, ""NewsBeforeMin"": 60, ""NewsAfterMin"": 60, ""NewsCloseMode"": 0, ""DailyLossPct"": 8.0, ""MaxSpreadPts"": 0}"
-1.5129291513084508,-1.5129291513084508,16.740175340692065,0.0,0.0,92.66499999999931,0.25322704132067503,555.1554107107867,292.0,2.0,35.0,"{""EntryMode"": 1, ""EntryTFMin"": 1, ""GridSpacingPts"": 100, ""TP_Pips"": 9.5, ""MaxLayers"": 3, ""Ladder"": ""step1"", ""MaxHoldSec"": 600, ""StopPips"": 27.0, ""MaxBasketRiskPct"": 3.0, ""AddMinSec"": 30, ""Session"": ""lateny_1923"", ""ZEntry"": 2.0, ""ZEmaBars"": 120, ""NewsBeforeMin"": 60, ""NewsAfterMin"": 60, ""NewsCloseMode"": 0, ""DailyLossPct"": 8.0, ""MaxSpreadPts"": 0}"
-1.5167579035919032,-1.5167579035919032,16.011974631252553,0.0,0.0,92.64700000000082,0.20473675681246067,530.5806940261355,214.0,2.0,50.0,"{""EntryMode"": 1, ""EntryTFMin"": 1, ""GridSpacingPts"": 110, ""TP_Pips"": 8.0, ""MaxLayers"": 6, ""Ladder"": ""step1"", ""MaxHoldSec"": 600, ""StopPips"": 27.0, ""MaxBasketRiskPct"": 3.0, ""AddMinSec"": 60, ""Session"": ""lateny_1923"", ""ZEntry"": 2.0, ""ZEmaBars"": 120, ""NewsBeforeMin"": 60, ""NewsAfterMin"": 60, ""NewsCloseMode"": 0, ""DailyLossPct"": 8.0, ""MaxSpreadPts"": 0}"
-1.5242044033262458,-1.5242044033262458,15.416296757306903,0.0,0.0,92.61199999999995,0.20165800858971691,573.7608071214004,251.0,2.0,9.0,"{""EntryMode"": 1, ""EntryTFMin"": 1, ""GridSpacingPts"": 130, ""TP_Pips"": 12.5, ""MaxLayers"": 2, ""Ladder"": ""step1"", ""MaxHoldSec"": 600, ""StopPips"": 27.0, ""MaxBasketRiskPct"": 3.0, ""AddMinSec"": 15, ""Session"": ""lateny_1923"", ""ZEntry"": 2.0, ""ZEmaBars"": 120, ""NewsBeforeMin"": 30, ""NewsAfterMin"": 60, ""NewsCloseMode"": 2, ""DailyLossPct"": 8.0, ""MaxSpreadPts"": 0}"
-1.5242044033262458,-1.5242044033262458,15.416296757306903,0.0,0.0,92.61199999999995,0.20165800858971691,573.7608071214004,251.0,2.0,9.0,"{""EntryMode"": 1, ""EntryTFMin"": 1, ""GridSpacingPts"": 110, ""TP_Pips"": 12.5, ""MaxLayers"": 4, ""Ladder"": ""step1"", ""MaxHoldSec"": 600, ""StopPips"": 27.0, ""MaxBasketRiskPct"": 3.0, ""AddMinSec"": 60, ""Session"": ""lateny_1923"", ""ZEntry"": 2.0, ""ZEmaBars"": 120, ""NewsBeforeMin"": 30, ""NewsAfterMin"": 60, ""NewsCloseMode"": 2, ""DailyLossPct"": 8.0, ""MaxSpreadPts"": 0}"
-1.5242044033262458,-1.5242044033262458,15.416296757306903,0.0,0.0,92.61199999999995,0.20165800858971691,573.7608071214004,251.0,2.0,9.0,"{""EntryMode"": 1, ""EntryTFMin"": 1, ""GridSpacingPts"": 125, ""TP_Pips"": 12.5, ""MaxLayers"": 3, ""Ladder"": ""step1"", ""MaxHoldSec"": 600, ""StopPips"": 27.0, ""MaxBasketRiskPct"": 3.0, ""AddMinSec"": 30, ""Session"": ""lateny_1923"", ""ZEntry"": 2.0, ""ZEmaBars"": 120, ""NewsBeforeMin"": 30, ""NewsAfterMin"": 60, ""NewsCloseMode"": 2, ""DailyLossPct"": 8.0, ""MaxSpreadPts"": 0}"
-1.5242044033262458,-1.5242044033262458,15.416296757306903,0.0,0.0,92.61199999999995,0.20165800858971691,573.7608071214004,251.0,2.0,9.0,"{""EntryMode"": 1, ""EntryTFMin"": 1, ""GridSpacingPts"": 115, ""TP_Pips"": 12.5, ""MaxLayers"": 6, ""Ladder"": ""step1"", ""MaxHoldSec"": 600, ""StopPips"": 27.0, ""MaxBasketRiskPct"": 3.0, ""AddMinSec"": 60, ""Session"": ""lateny_1923"", ""ZEntry"": 2.0, ""ZEmaBars"": 120, ""NewsBeforeMin"": 30, ""NewsAfterMin"": 60, ""NewsCloseMode"": 2, ""DailyLossPct"": 8.0, ""MaxSpreadPts"": 0}"
-1.5271836335136846,-1.5271836335136846,16.05656102421338,0.0,0.0,92.5980000000008,0.20627613092383257,530.2555280739153,215.0,2.0,51.0,"{""EntryMode"": 1, ""EntryTFMin"": 1, ""GridSpacingPts"": 115, ""TP_Pips"": 8.0, ""MaxLayers"": 5, ""Ladder"": ""step1"", ""MaxHoldSec"": 600, ""StopPips"": 27.0, ""MaxBasketRiskPct"": 3.0, ""AddMinSec"": 60, ""Session"": ""lateny_1923"", ""ZEntry"": 2.0, ""ZEmaBars"": 120, ""NewsBeforeMin"": 30, ""NewsAfterMin"": 30, ""NewsCloseMode"": 0, ""DailyLossPct"": 8.0, ""MaxSpreadPts"": 0}"
-1.5410204951736062,-1.5410204951736062,17.18597682059576,0.0,0.0,92.53299999999989,0.24553017076381561,568.7394719251565,298.0,3.0,18.0,"{""EntryMode"": 1, ""EntryTFMin"": 1, ""GridSpacingPts"": 125, ""TP_Pips"": 11.5, ""MaxLayers"": 6, ""Ladder"": ""step1"", ""MaxHoldSec"": 600, ""StopPips"": 27.0, ""MaxBasketRiskPct"": 3.0, ""AddMinSec"": 60, ""Session"": ""lateny_1923"", ""ZEntry"": 2.0, ""ZEmaBars"": 120, ""NewsBeforeMin"": 30, ""NewsAfterMin"": 60, ""NewsCloseMode"": 2, ""DailyLossPct"": 8.0, ""MaxSpreadPts"": 0}"
-1.5410204951736062,-1.5410204951736062,17.18597682059576,0.0,0.0,92.53299999999989,0.24553017076381561,568.7394719251565,298.0,3.0,18.0,"{""EntryMode"": 1, ""EntryTFMin"": 1, ""GridSpacingPts"": 125, ""TP_Pips"": 11.5, ""MaxLayers"": 6, ""Ladder"": ""step1"", ""MaxHoldSec"": 600, ""StopPips"": 27.0, ""MaxBasketRiskPct"": 3.0, ""AddMinSec"": 60, ""Session"": ""lateny_1923"", ""ZEntry"": 2.0, ""ZEmaBars"": 120, ""NewsBeforeMin"": 30, ""NewsAfterMin"": 60, ""NewsCloseMode"": 2, ""DailyLossPct"": 8.0, ""MaxSpreadPts"": 0}"
-1.5410204951736062,-1.5410204951736062,17.18597682059576,0.0,0.0,92.53299999999989,0.24553017076381561,568.7394719251565,298.0,3.0,18.0,"{""EntryMode"": 1, ""EntryTFMin"": 1, ""GridSpacingPts"": 125, ""TP_Pips"": 11.5, ""MaxLayers"": 6, ""Ladder"": ""step1"", ""MaxHoldSec"": 600, ""StopPips"": 27.0, ""MaxBasketRiskPct"": 3.0, ""AddMinSec"": 60, ""Session"": ""lateny_1923"", ""ZEntry"": 2.0, ""ZEmaBars"": 120, ""NewsBeforeMin"": 30, ""NewsAfterMin"": 60, ""NewsCloseMode"": 2, ""DailyLossPct"": 8.0, ""MaxSpreadPts"": 0}"
-1.5410204951736062,-1.5410204951736062,17.18597682059576,0.0,0.0,92.53299999999989,0.24553017076381561,568.7394719251565,298.0,3.0,18.0,"{""EntryMode"": 1, ""EntryTFMin"": 1, ""GridSpacingPts"": 110, ""TP_Pips"": 11.5, ""MaxLayers"": 5, ""Ladder"": ""step1"", ""MaxHoldSec"": 600, ""StopPips"": 27.0, ""MaxBasketRiskPct"": 3.0, ""AddMinSec"": 60, ""Session"": ""lateny_1923"", ""ZEntry"": 2.0, ""ZEmaBars"": 120, ""NewsBeforeMin"": 60, ""NewsAfterMin"": 60, ""NewsCloseMode"": 2, ""DailyLossPct"": 8.0, ""MaxSpreadPts"": 0}"
-1.5410204951736062,-1.5410204951736062,17.18597682059576,0.0,0.0,92.53299999999989,0.24553017076381561,568.7394719251565,298.0,3.0,18.0,"{""EntryMode"": 1, ""EntryTFMin"": 1, ""GridSpacingPts"": 110, ""TP_Pips"": 11.5, ""MaxLayers"": 5, ""Ladder"": ""step1"", ""MaxHoldSec"": 600, ""StopPips"": 27.0, ""MaxBasketRiskPct"": 3.0, ""AddMinSec"": 60, ""Session"": ""lateny_1923"", ""ZEntry"": 2.0, ""ZEmaBars"": 120, ""NewsBeforeMin"": 60, ""NewsAfterMin"": 60, ""NewsCloseMode"": 0, ""DailyLossPct"": 8.0, ""MaxSpreadPts"": 0}"
-1.5410204951736062,-1.5410204951736062,17.18597682059576,0.0,0.0,92.53299999999989,0.24553017076381561,568.7394719251565,298.0,3.0,18.0,"{""EntryMode"": 1, ""EntryTFMin"": 1, ""GridSpacingPts"": 120, ""TP_Pips"": 11.5, ""MaxLayers"": 5, ""Ladder"": ""step1"", ""MaxHoldSec"": 600, ""StopPips"": 27.0, ""MaxBasketRiskPct"": 3.0, ""AddMinSec"": 60, ""Session"": ""lateny_1923"", ""ZEntry"": 2.0, ""ZEmaBars"": 120, ""NewsBeforeMin"": 30, ""NewsAfterMin"": 60, ""NewsCloseMode"": 0, ""DailyLossPct"": 8.0, ""MaxSpreadPts"": 0}"
-1.5469833854007686,-1.5469833854007686,16.673434581338814,0.0,0.0,92.50499999999872,0.25322704132067503,549.5107755881513,286.0,2.0,41.0,"{""EntryMode"": 1, ""EntryTFMin"": 1, ""GridSpacingPts"": 95, ""TP_Pips"": 9.0, ""MaxLayers"": 4, ""Ladder"": ""step1"", ""MaxHoldSec"": 600, ""StopPips"": 27.0, ""MaxBasketRiskPct"": 3.0, ""AddMinSec"": 30, ""Session"": ""lateny_1923"", ""ZEntry"": 2.0, ""ZEmaBars"": 120, ""NewsBeforeMin"": 60, ""NewsAfterMin"": 60, ""NewsCloseMode"": 0, ""DailyLossPct"": 8.0, ""MaxSpreadPts"": 0}"
-1.5469833854007686,-1.5469833854007686,16.673434581338814,0.0,0.0,92.50499999999872,0.25322704132067503,549.5107755881513,286.0,2.0,41.0,"{""EntryMode"": 1, ""EntryTFMin"": 1, ""GridSpacingPts"": 100, ""TP_Pips"": 9.0, ""MaxLayers"": 4, ""Ladder"": ""step1"", ""MaxHoldSec"": 600, ""StopPips"": 27.0, ""MaxBasketRiskPct"": 3.0, ""AddMinSec"": 30, ""Session"": ""lateny_1923"", ""ZEntry"": 2.0, ""ZEmaBars"": 120, ""NewsBeforeMin"": 60, ""NewsAfterMin"": 60, ""NewsCloseMode"": 0, ""DailyLossPct"": 8.0, ""MaxSpreadPts"": 0}"
-1.5469833854007686,-1.5469833854007686,16.673434581338814,0.0,0.0,92.50499999999872,0.25322704132067503,549.5107755881513,286.0,2.0,41.0,"{""EntryMode"": 1, ""EntryTFMin"": 1, ""GridSpacingPts"": 110, ""TP_Pips"": 9.0, ""MaxLayers"": 3, ""Ladder"": ""step1"", ""MaxHoldSec"": 600, ""StopPips"": 27.0, ""MaxBasketRiskPct"": 3.0, ""AddMinSec"": 30, ""Session"": ""lateny_1923"", ""ZEntry"": 2.0, ""ZEmaBars"": 120, ""NewsBeforeMin"": 60, ""NewsAfterMin"": 60, ""NewsCloseMode"": 0, ""DailyLossPct"": 8.0, ""MaxSpreadPts"": 0}"
-1.559552774546391,-1.559552774546391,16.86619527280198,0.0,0.0,92.44599999999845,0.2501482930979313,573.8118678686911,311.0,2.0,12.0,"{""EntryMode"": 1, ""EntryTFMin"": 1, ""GridSpacingPts"": 135, ""TP_Pips"": 12.0, ""MaxLayers"": 3, ""Ladder"": ""step1"", ""MaxHoldSec"": 600, ""StopPips"": 27.0, ""MaxBasketRiskPct"": 3.0, ""AddMinSec"": 30, ""Session"": ""lateny_1923"", ""ZEntry"": 2.0, ""ZEmaBars"": 120, ""NewsBeforeMin"": 30, ""NewsAfterMin"": 60, ""NewsCloseMode"": 2, ""DailyLossPct"": 8.0, ""MaxSpreadPts"": 0}"
-1.559552774546391,-1.559552774546391,16.86619527280198,0.0,0.0,92.44599999999845,0.2501482930979313,573.8118678686911,311.0,2.0,12.0,"{""EntryMode"": 1, ""EntryTFMin"": 1, ""GridSpacingPts"": 130, ""TP_Pips"": 12.0, ""MaxLayers"": 2, ""Ladder"": ""step1"", ""MaxHoldSec"": 600, ""StopPips"": 27.0, ""MaxBasketRiskPct"": 3.0, ""AddMinSec"": 15, ""Session"": ""lateny_1923"", ""ZEntry"": 2.0, ""ZEmaBars"": 120, ""NewsBeforeMin"": 30, ""NewsAfterMin"": 60, ""NewsCloseMode"": 2, ""DailyLossPct"": 8.0, ""MaxSpreadPts"": 0}"
-1.559552774546391,-1.559552774546391,16.86619527280198,0.0,0.0,92.44599999999845,0.2501482930979313,573.8118678686911,311.0,2.0,12.0,"{""EntryMode"": 1, ""EntryTFMin"": 1, ""GridSpacingPts"": 140, ""TP_Pips"": 12.0, ""MaxLayers"": 5, ""Ladder"": ""step1"", ""MaxHoldSec"": 600, ""StopPips"": 27.0, ""MaxBasketRiskPct"": 3.0, ""AddMinSec"": 15, ""Session"": ""lateny_1923"", ""ZEntry"": 2.0, ""ZEmaBars"": 120, ""NewsBeforeMin"": 30, ""NewsAfterMin"": 60, ""NewsCloseMode"": 2, ""DailyLossPct"": 8.0, ""MaxSpreadPts"": 0}"
-1.559552774546391,-1.559552774546391,16.86619527280198,0.0,0.0,92.44599999999845,0.2501482930979313,573.8118678686911,311.0,2.0,12.0,"{""EntryMode"": 1, ""EntryTFMin"": 1, ""GridSpacingPts"": 120, ""TP_Pips"": 12.0, ""MaxLayers"": 5, ""Ladder"": ""step1"", ""MaxHoldSec"": 600, ""StopPips"": 27.0, ""MaxBasketRiskPct"": 3.0, ""AddMinSec"": 60, ""Session"": ""lateny_1923"", ""ZEntry"": 2.0, ""ZEmaBars"": 120, ""NewsBeforeMin"": 30, ""NewsAfterMin"": 60, ""NewsCloseMode"": 2, ""DailyLossPct"": 8.0, ""MaxSpreadPts"": 10}"
-1.5601451600895433,-1.5601451600895433,16.563507820344622,0.0,0.0,92.44322011875033,0.19550051214422937,555.8861211429149,232.0,2.0,20.0,"{""EntryMode"": 1, ""EntryTFMin"": 1, ""GridSpacingPts"": 150, ""TP_Pips"": 11.0, ""MaxLayers"": 6, ""Ladder"": ""step1"", ""MaxHoldSec"": 600, ""StopPips"": 27.0, ""MaxBasketRiskPct"": 3.0, ""AddMinSec"": 60, ""Session"": ""lateny_1923"", ""ZEntry"": 2.0, ""ZEmaBars"": 120, ""NewsBeforeMin"": 15, ""NewsAfterMin"": 60, ""NewsCloseMode"": 2, ""DailyLossPct"": 3.0, ""MaxSpreadPts"": 0}"
-1.580658207447827,-1.580658207447827,15.73595705964743,0.0,0.0,92.34700000000011,0.20165800858971691,575.3790245682216,252.0,2.0,8.0,"{""EntryMode"": 1, ""EntryTFMin"": 1, ""GridSpacingPts"": 150, ""TP_Pips"": 13.0, ""MaxLayers"": 5, ""Ladder"": ""step1"", ""MaxHoldSec"": 600, ""StopPips"": 27.0, ""MaxBasketRiskPct"": 3.0, ""AddMinSec"": 15, ""Session"": ""lateny_1923"", ""ZEntry"": 2.0, ""ZEmaBars"": 120, ""NewsBeforeMin"": 30, ""NewsAfterMin"": 60, ""NewsCloseMode"": 2, ""DailyLossPct"": 8.0, ""MaxSpreadPts"": 0}"
-1.580658207447827,-1.580658207447827,15.73595705964743,0.0,0.0,92.34700000000011,0.20165800858971691,575.3790245682216,252.0,2.0,8.0,"{""EntryMode"": 1, ""EntryTFMin"": 1, ""GridSpacingPts"": 150, ""TP_Pips"": 13.0, ""MaxLayers"": 5, ""Ladder"": ""step1"", ""MaxHoldSec"": 600, ""StopPips"": 27.0, ""MaxBasketRiskPct"": 3.0, ""AddMinSec"": 0, ""Session"": ""lateny_1923"", ""ZEntry"": 2.0, ""ZEmaBars"": 120, ""NewsBeforeMin"": 30, ""NewsAfterMin"": 60, ""NewsCloseMode"": 2, ""DailyLossPct"": 8.0, ""MaxSpreadPts"": 0}"
-1.624632637552681,-1.624632637552681,17.17647912096031,0.0,0.0,92.14100000000026,0.24629985781950156,563.7435303427699,292.0,3.0,25.0,"{""EntryMode"": 1, ""EntryTFMin"": 1, ""GridSpacingPts"": 125, ""TP_Pips"": 10.5, ""MaxLayers"": 5, ""Ladder"": ""step1"", ""MaxHoldSec"": 600, ""StopPips"": 27.0, ""MaxBasketRiskPct"": 3.0, ""AddMinSec"": 60, ""Session"": ""lateny_1923"", ""ZEntry"": 2.0, ""ZEmaBars"": 120, ""NewsBeforeMin"": 30, ""NewsAfterMin"": 60, ""NewsCloseMode"": 0, ""DailyLossPct"": 8.0, ""MaxSpreadPts"": 0}"
-1.6259146243062128,-1.6259146243062128,17.37592822062213,0.0,0.0,92.13499999999989,0.24629985781950156,565.6947834788868,296.0,3.0,21.0,"{""EntryMode"": 1, ""EntryTFMin"": 1, ""GridSpacingPts"": 115, ""TP_Pips"": 11.0, ""MaxLayers"": 5, ""Ladder"": ""step1"", ""MaxHoldSec"": 600, ""StopPips"": 27.0, ""MaxBasketRiskPct"": 3.0, ""AddMinSec"": 60, ""Session"": ""lateny_1923"", ""ZEntry"": 2.0, ""ZEmaBars"": 120, ""NewsBeforeMin"": 60, ""NewsAfterMin"": 60, ""NewsCloseMode"": 0, ""DailyLossPct"": 8.0, ""MaxSpreadPts"": 0}"
-1.6259146243062128,-1.6259146243062128,17.37592822062213,0.0,0.0,92.13499999999989,0.24629985781950156,565.6947834788868,296.0,3.0,21.0,"{""EntryMode"": 1, ""EntryTFMin"": 1, ""GridSpacingPts"": 110, ""TP_Pips"": 11.0, ""MaxLayers"": 5, ""Ladder"": ""step1"", ""MaxHoldSec"": 600, ""StopPips"": 27.0, ""MaxBasketRiskPct"": 3.0, ""AddMinSec"": 60, ""Session"": ""lateny_1923"", ""ZEntry"": 2.0, ""ZEmaBars"": 120, ""NewsBeforeMin"": 60, ""NewsAfterMin"": 60, ""NewsCloseMode"": 0, ""DailyLossPct"": 8.0, ""MaxSpreadPts"": 0}"
-1.6259146243062128,-1.6259146243062128,17.37592822062213,0.0,0.0,92.13499999999989,0.24629985781950156,565.6947834788868,296.0,3.0,21.0,"{""EntryMode"": 1, ""EntryTFMin"": 1, ""GridSpacingPts"": 100, ""TP_Pips"": 11.0, ""MaxLayers"": 3, ""Ladder"": ""step2"", ""MaxHoldSec"": 600, ""StopPips"": 27.0, ""MaxBasketRiskPct"": 3.0, ""AddMinSec"": 30, ""Session"": ""lateny_1923"", ""ZEntry"": 2.0, ""ZEmaBars"": 120, ""NewsBeforeMin"": 15, ""NewsAfterMin"": 60, ""NewsCloseMode"": 0, ""DailyLossPct"": 8.0, ""MaxSpreadPts"": 0}"
-1.6259146243062128,-1.6259146243062128,17.37592822062213,0.0,0.0,92.13499999999989,0.24629985781950156,565.6947834788868,296.0,3.0,21.0,"{""EntryMode"": 1, ""EntryTFMin"": 1, ""GridSpacingPts"": 110, ""TP_Pips"": 11.0, ""MaxLayers"": 5, ""Ladder"": ""step1"", ""MaxHoldSec"": 600, ""StopPips"": 27.0, ""MaxBasketRiskPct"": 3.0, ""AddMinSec"": 60, ""Session"": ""lateny_1923"", ""ZEntry"": 2.0, ""ZEmaBars"": 120, ""NewsBeforeMin"": 60, ""NewsAfterMin"": 60, ""NewsCloseMode"": 0, ""DailyLossPct"": 8.0, ""MaxSpreadPts"": 0}"
-1.6259146243062128,-1.6259146243062128,17.37592822062213,0.0,0.0,92.13499999999989,0.24629985781950156,565.6947834788868,296.0,3.0,21.0,"{""EntryMode"": 1, ""EntryTFMin"": 1, ""GridSpacingPts"": 100, ""TP_Pips"": 11.0, ""MaxLayers"": 5, ""Ladder"": ""step1"", ""MaxHoldSec"": 600, ""StopPips"": 27.0, ""MaxBasketRiskPct"": 3.0, ""AddMinSec"": 60, ""Session"": ""lateny_1923"", ""ZEntry"": 2.0, ""ZEmaBars"": 120, ""NewsBeforeMin"": 60, ""NewsAfterMin"": 60, ""NewsCloseMode"": 2, ""DailyLossPct"": 8.0, ""MaxSpreadPts"": 0}"
-1.6259146243062128,-1.6259146243062128,17.37592822062213,0.0,0.0,92.13499999999989,0.24629985781950156,565.6947834788868,296.0,3.0,21.0,"{""EntryMode"": 1, ""EntryTFMin"": 1, ""GridSpacingPts"": 130, ""TP_Pips"": 11.0, ""MaxLayers"": 4, ""Ladder"": ""step1"", ""MaxHoldSec"": 600, ""StopPips"": 27.0, ""MaxBasketRiskPct"": 3.0, ""AddMinSec"": 60, ""Session"": ""lateny_1923"", ""ZEntry"": 2.0, ""ZEmaBars"": 120, ""NewsBeforeMin"": 30, ""NewsAfterMin"": 60, ""NewsCloseMode"": 2, ""DailyLossPct"": 8.0, ""MaxSpreadPts"": 0}"
-1.6759642736381863,-1.6759642736381863,17.61216702533828,0.0,0.0,91.9009999999987,0.2486089189865594,573.3351663315998,308.0,2.0,13.0,"{""EntryMode"": 1, ""EntryTFMin"": 1, ""GridSpacingPts"": 105, ""TP_Pips"": 12.0, ""MaxLayers"": 2, ""Ladder"": ""step1"", ""MaxHoldSec"": 600, ""StopPips"": 27.0, ""MaxBasketRiskPct"": 3.0, ""AddMinSec"": 15, ""Session"": ""lateny_1923"", ""ZEntry"": 2.0, ""ZEmaBars"": 120, ""NewsBeforeMin"": 30, ""NewsAfterMin"": 15, ""NewsCloseMode"": 2, ""DailyLossPct"": 8.0, ""MaxSpreadPts"": 0}"
-2.1605227827889095,-2.1605227827889095,18.507947219160453,0.0,0.0,89.65999999999775,0.2524573542649891,580.1614021460214,319.0,2.0,7.0,"{""EntryMode"": 1, ""EntryTFMin"": 1, ""GridSpacingPts"": 115, ""TP_Pips"": 14.5, ""MaxLayers"": 2, ""Ladder"": ""step1"", ""MaxHoldSec"": 600, ""StopPips"": 26.0, ""MaxBasketRiskPct"": 3.0, ""AddMinSec"": 30, ""Session"": ""lateny_1923"", ""ZEntry"": 2.0, ""ZEmaBars"": 120, ""NewsBeforeMin"": 30, ""NewsAfterMin"": 60, ""NewsCloseMode"": 2, ""DailyLossPct"": 8.0, ""MaxSpreadPts"": 0}"
-2.1605227827889095,-2.1605227827889095,18.507947219160453,0.0,0.0,89.65999999999775,0.2524573542649891,580.1614021460214,319.0,2.0,7.0,"{""EntryMode"": 1, ""EntryTFMin"": 1, ""GridSpacingPts"": 115, ""TP_Pips"": 14.5, ""MaxLayers"": 5, ""Ladder"": ""step2"", ""MaxHoldSec"": 600, ""StopPips"": 26.0, ""MaxBasketRiskPct"": 3.0, ""AddMinSec"": 30, ""Session"": ""lateny_1923"", ""ZEntry"": 2.0, ""ZEmaBars"": 120, ""NewsBeforeMin"": 30, ""NewsAfterMin"": 60, ""NewsCloseMode"": 2, ""DailyLossPct"": 5.0, ""MaxSpreadPts"": 0}"
-2.1605227827889095,-2.1605227827889095,18.507947219160453,0.0,0.0,89.65999999999775,0.2524573542649891,580.1614021460214,319.0,2.0,7.0,"{""EntryMode"": 1, ""EntryTFMin"": 1, ""GridSpacingPts"": 115, ""TP_Pips"": 14.5, ""MaxLayers"": 3, ""Ladder"": ""step1"", ""MaxHoldSec"": 600, ""StopPips"": 26.0, ""MaxBasketRiskPct"": 3.0, ""AddMinSec"": 30, ""Session"": ""lateny_1923"", ""ZEntry"": 2.0, ""ZEmaBars"": 120, ""NewsBeforeMin"": 30, ""NewsAfterMin"": 60, ""NewsCloseMode"": 2, ""DailyLossPct"": 8.0, ""MaxSpreadPts"": 0}"
-2.1618330678628728,-2.1618330678628728,18.587658640139388,0.0,0.0,89.65399999999785,0.253996728376361,580.8990742679289,322.0,2.0,6.0,"{""EntryMode"": 1, ""EntryTFMin"": 1, ""GridSpacingPts"": 130, ""TP_Pips"": 15.0, ""MaxLayers"": 3, ""Ladder"": ""step1"", ""MaxHoldSec"": 600, ""StopPips"": 26.0, ""MaxBasketRiskPct"": 3.0, ""AddMinSec"": 30, ""Session"": ""lateny_1923"", ""ZEntry"": 2.0, ""ZEmaBars"": 120, ""NewsBeforeMin"": 30, ""NewsAfterMin"": 30, ""NewsCloseMode"": 2, ""DailyLossPct"": 8.0, ""MaxSpreadPts"": 0}"
-2.162021045496043,-2.162021045496043,18.24977273474834,0.0,0.0,89.65313924739982,0.20319738270108878,1088.478464684519,109.0,11.0,144.0,"{""EntryMode"": 1, ""EntryTFMin"": 1, ""GridSpacingPts"": 130, ""TP_Pips"": 6.0, ""MaxLayers"": 3, ""Ladder"": ""step1"", ""MaxHoldSec"": 1800, ""StopPips"": 26.0, ""MaxBasketRiskPct"": 3.0, ""AddMinSec"": 60, ""Session"": ""lateny_1923"", ""ZEntry"": 2.0, ""ZEmaBars"": 120, ""NewsBeforeMin"": 30, ""NewsAfterMin"": 15, ""NewsCloseMode"": 0, ""DailyLossPct"": 5.0, ""MaxSpreadPts"": 0}"
-2.162706630213418,-2.162706630213418,18.324038663396415,0.0,0.0,89.64999999999755,0.25168766720930313,579.8948010143845,318.0,2.0,7.0,"{""EntryMode"": 1, ""EntryTFMin"": 1, ""GridSpacingPts"": 110, ""TP_Pips"": 14.0, ""MaxLayers"": 4, ""Ladder"": ""step1"", ""MaxHoldSec"": 600, ""StopPips"": 26.0, ""MaxBasketRiskPct"": 3.0, ""AddMinSec"": 30, ""Session"": ""lateny_1923"", ""ZEntry"": 2.0, ""ZEmaBars"": 120, ""NewsBeforeMin"": 30, ""NewsAfterMin"": 60, ""NewsCloseMode"": 2, ""DailyLossPct"": 8.0, ""MaxSpreadPts"": 0}"
-2.1640170321971297,-2.1640170321971297,19.139391623221076,0.0,0.0,89.64399999999766,0.28478421060379866,541.0723782593443,307.0,3.0,60.0,"{""EntryMode"": 1, ""EntryTFMin"": 1, ""GridSpacingPts"": 100, ""TP_Pips"": 8.0, ""MaxLayers"": 1, ""Ladder"": ""step2"", ""MaxHoldSec"": 600, ""StopPips"": 26.0, ""MaxBasketRiskPct"": 3.0, ""AddMinSec"": 30, ""Session"": ""lateny_1923"", ""ZEntry"": 2.0, ""ZEmaBars"": 120, ""NewsBeforeMin"": 60, ""NewsAfterMin"": 30, ""NewsCloseMode"": 0, ""DailyLossPct"": 8.0, ""MaxSpreadPts"": 0}"
-2.16489067249519,-2.16489067249519,18.553886877081062,0.0,0.0,89.63999999999807,0.20704581797951851,1090.3877628957384,111.0,12.0,146.0,"{""EntryMode"": 1, ""EntryTFMin"": 1, ""GridSpacingPts"": 120, ""TP_Pips"": 6.0, ""MaxLayers"": 3, ""Ladder"": ""step1"", ""MaxHoldSec"": 1800, ""StopPips"": 26.0, ""MaxBasketRiskPct"": 3.0, ""AddMinSec"": 60, ""Session"": ""lateny_1923"", ""ZEntry"": 2.0, ""ZEmaBars"": 120, ""NewsBeforeMin"": 30, ""NewsAfterMin"": 15, ""NewsCloseMode"": 0, ""DailyLossPct"": 8.0, ""MaxSpreadPts"": 0}"
-2.16489067249519,-2.16489067249519,18.553886877081062,0.0,0.0,89.63999999999807,0.20704581797951851,1090.3877628957384,111.0,12.0,146.0,"{""EntryMode"": 1, ""EntryTFMin"": 1, ""GridSpacingPts"": 115, ""TP_Pips"": 6.0, ""MaxLayers"": 2, ""Ladder"": ""step1"", ""MaxHoldSec"": 1800, ""StopPips"": 26.0, ""MaxBasketRiskPct"": 3.0, ""AddMinSec"": 60, ""Session"": ""lateny_1923"", ""ZEntry"": 2.0, ""ZEmaBars"": 120, ""NewsBeforeMin"": 30, ""NewsAfterMin"": 15, ""NewsCloseMode"": 0, ""DailyLossPct"": 8.0, ""MaxSpreadPts"": 0}"
-2.1655459231823992,-2.1655459231823992,14.609518901328137,0.0,0.0,89.6369999999999,0.21397300148069198,1144.6765304515561,128.0,14.0,136.0,"{""EntryMode"": 1, ""EntryTFMin"": 1, ""GridSpacingPts"": 150, ""TP_Pips"": 6.5, ""MaxLayers"": 5, ""Ladder"": ""step1"", ""MaxHoldSec"": 1800, ""StopPips"": 26.0, ""MaxBasketRiskPct"": 3.0, ""AddMinSec"": 60, ""Session"": ""lateny_1923"", ""ZEntry"": 2.25, ""ZEmaBars"": 120, ""NewsBeforeMin"": 30, ""NewsAfterMin"": 60, ""NewsCloseMode"": 0, ""DailyLossPct"": 8.0, ""MaxSpreadPts"": 0}"
-2.1655459231823992,-2.1655459231823992,14.609518901328137,0.0,0.0,89.6369999999999,0.21397300148069198,1144.6765304515561,128.0,14.0,136.0,"{""EntryMode"": 1, ""EntryTFMin"": 1, ""GridSpacingPts"": 150, ""TP_Pips"": 6.5, ""MaxLayers"": 3, ""Ladder"": ""step1"", ""MaxHoldSec"": 1800, ""StopPips"": 26.0, ""MaxBasketRiskPct"": 3.0, ""AddMinSec"": 60, ""Session"": ""lateny_1923"", ""ZEntry"": 2.25, ""ZEmaBars"": 120, ""NewsBeforeMin"": 30, ""NewsAfterMin"": 60, ""NewsCloseMode"": 0, ""DailyLossPct"": 8.0, ""MaxSpreadPts"": 0}"
-2.165982766719876,-2.165982766719876,18.381889440077583,0.0,0.0,89.6349999999981,0.2524573542649891,578.9112511475881,318.0,2.0,8.0,"{""EntryMode"": 1, ""EntryTFMin"": 1, ""GridSpacingPts"": 115, ""TP_Pips"": 13.5, ""MaxLayers"": 5, ""Ladder"": ""step1"", ""MaxHoldSec"": 600, ""StopPips"": 26.0, ""MaxBasketRiskPct"": 3.0, ""AddMinSec"": 60, ""Session"": ""lateny_1923"", ""ZEntry"": 2.0, ""ZEmaBars"": 120, ""NewsBeforeMin"": 30, ""NewsAfterMin"": 60, ""NewsCloseMode"": 2, ""DailyLossPct"": 8.0, ""MaxSpreadPts"": 0}"
-2.165982766719876,-2.165982766719876,18.381889440077583,0.0,0.0,89.6349999999981,0.2524573542649891,578.9112511475881,318.0,2.0,8.0,"{""EntryMode"": 1, ""EntryTFMin"": 1, ""GridSpacingPts"": 140, ""TP_Pips"": 13.5, ""MaxLayers"": 5, ""Ladder"": ""flat"", ""MaxHoldSec"": 600, ""StopPips"": 26.0, ""MaxBasketRiskPct"": 3.0, ""AddMinSec"": 0, ""Session"": ""lateny_1923"", ""ZEntry"": 2.0, ""ZEmaBars"": 120, ""NewsBeforeMin"": 30, ""NewsAfterMin"": 60, ""NewsCloseMode"": 2, ""DailyLossPct"": 8.0, ""MaxSpreadPts"": 0}"
-2.165982766719876,-2.165982766719876,18.381889440077583,0.0,0.0,89.6349999999981,0.2524573542649891,578.9112511475881,318.0,2.0,8.0,"{""EntryMode"": 1, ""EntryTFMin"": 1, ""GridSpacingPts"": 125, ""TP_Pips"": 13.5, ""MaxLayers"": 4, ""Ladder"": ""step1"", ""MaxHoldSec"": 600, ""StopPips"": 26.0, ""MaxBasketRiskPct"": 3.0, ""AddMinSec"": 60, ""Session"": ""lateny_1923"", ""ZEntry"": 2.0, ""ZEmaBars"": 120, ""NewsBeforeMin"": 30, ""NewsAfterMin"": 60, ""NewsCloseMode"": 2, ""DailyLossPct"": 8.0, ""MaxSpreadPts"": 0}"
-2.1659827667199316,-2.1659827667199316,12.716295039117453,0.0,0.0,89.63499999999785,0.20858519209089038,478.9475211460821,180.0,5.0,86.0,"{""EntryMode"": 1, ""EntryTFMin"": 1, ""GridSpacingPts"": 120, ""TP_Pips"": 6.0, ""MaxLayers"": 5, ""Ladder"": ""step1"", ""MaxHoldSec"": 600, ""StopPips"": 26.0, ""MaxBasketRiskPct"": 3.0, ""AddMinSec"": 60, ""Session"": ""lateny_1923"", ""ZEntry"": 2.0, ""ZEmaBars"": 90, ""NewsBeforeMin"": 30, ""NewsAfterMin"": 60, ""NewsCloseMode"": 0, ""DailyLossPct"": 8.0, ""MaxSpreadPts"": 0}"
-2.1769063898710694,-2.1769063898710694,18.23410539406489,0.0,0.0,89.58499999999812,0.25168766720930313,578.7074675289698,317.0,2.0,8.0,"{""EntryMode"": 1, ""EntryTFMin"": 1, ""GridSpacingPts"": 150, ""TP_Pips"": 13.0, ""MaxLayers"": 3, ""Ladder"": ""step1"", ""MaxHoldSec"": 600, ""StopPips"": 26.0, ""MaxBasketRiskPct"": 3.0, ""AddMinSec"": 15, ""Session"": ""lateny_1923"", ""ZEntry"": 2.0, ""ZEmaBars"": 120, ""NewsBeforeMin"": 30, ""NewsAfterMin"": 60, ""NewsCloseMode"": 2, ""DailyLossPct"": 8.0, ""MaxSpreadPts"": 0}"
-2.1769063898710694,-2.1769063898710694,18.23410539406489,0.0,0.0,89.58499999999812,0.25168766720930313,578.7074675289698,317.0,2.0,8.0,"{""EntryMode"": 1, ""EntryTFMin"": 1, ""GridSpacingPts"": 100, ""TP_Pips"": 13.0, ""MaxLayers"": 2, ""Ladder"": ""step1"", ""MaxHoldSec"": 600, ""StopPips"": 26.0, ""MaxBasketRiskPct"": 3.0, ""AddMinSec"": 60, ""Session"": ""lateny_1923"", ""ZEntry"": 2.0, ""ZEmaBars"": 120, ""NewsBeforeMin"": 30, ""NewsAfterMin"": 60, ""NewsCloseMode"": 2, ""DailyLossPct"": 8.0, ""MaxSpreadPts"": 0}"
-2.1777804903791997,-2.1777804903791997,18.431222079099687,0.0,0.0,89.58099999999811,0.253996728376361,579.0328001323282,320.0,2.0,8.0,"{""EntryMode"": 1, ""EntryTFMin"": 1, ""GridSpacingPts"": 110, ""TP_Pips"": 13.5, ""MaxLayers"": 6, ""Ladder"": ""step1"", ""MaxHoldSec"": 600, ""StopPips"": 26.0, ""MaxBasketRiskPct"": 3.0, ""AddMinSec"": 60, ""Session"": ""lateny_1923"", ""ZEntry"": 2.0, ""ZEmaBars"": 120, ""NewsBeforeMin"": 30, ""NewsAfterMin"": 30, ""NewsCloseMode"": 0, ""DailyLossPct"": 8.0, ""MaxSpreadPts"": 0}"
-2.1791271143283164,-2.1791271143283164,19.603352394158964,0.0,0.0,89.57483794956039,0.24091204842969996,566.6912378477261,293.0,2.0,18.0,"{""EntryMode"": 1, ""EntryTFMin"": 1, ""GridSpacingPts"": 135, ""TP_Pips"": 11.5, ""MaxLayers"": 6, ""Ladder"": ""step1"", ""MaxHoldSec"": 600, ""StopPips"": 26.0, ""MaxBasketRiskPct"": 3.0, ""AddMinSec"": 60, ""Session"": ""lateny_1923"", ""ZEntry"": 2.0, ""ZEmaBars"": 120, ""NewsBeforeMin"": 15, ""NewsAfterMin"": 60, ""NewsCloseMode"": 2, ""DailyLossPct"": 3.0, ""MaxSpreadPts"": 0}"
-2.18258860130659,-2.18258860130659,19.864967324985365,0.0,0.0,89.55899999999666,0.28093577532536895,571.7923304617561,344.0,3.0,18.0,"{""EntryMode"": 1, ""EntryTFMin"": 1, ""GridSpacingPts"": 95, ""TP_Pips"": 11.5, ""MaxLayers"": 1, ""Ladder"": ""step1"", ""MaxHoldSec"": 600, ""StopPips"": 26.0, ""MaxBasketRiskPct"": 3.0, ""AddMinSec"": 15, ""Session"": ""lateny_1923"", ""ZEntry"": 2.0, ""ZEmaBars"": 120, ""NewsBeforeMin"": 30, ""NewsAfterMin"": 60, ""NewsCloseMode"": 2, ""DailyLossPct"": 8.0, ""MaxSpreadPts"": 0}"
-2.18258860130659,-2.18258860130659,19.864967324985365,0.0,0.0,89.55899999999666,0.28093577532536895,571.7923304617561,344.0,3.0,18.0,"{""EntryMode"": 1, ""EntryTFMin"": 1, ""GridSpacingPts"": 135, ""TP_Pips"": 11.5, ""MaxLayers"": 6, ""Ladder"": ""step1"", ""MaxHoldSec"": 600, ""StopPips"": 26.0, ""MaxBasketRiskPct"": 3.0, ""AddMinSec"": 60, ""Session"": ""lateny_1923"", ""ZEntry"": 2.0, ""ZEmaBars"": 120, ""NewsBeforeMin"": 30, ""NewsAfterMin"": 60, ""NewsCloseMode"": 2, ""DailyLossPct"": 8.0, ""MaxSpreadPts"": 0}"
-2.185867400449726,-2.185867400449726,19.12354929016214,0.0,0.0,89.5439999999985,0.2601542248218485,544.9502807469436,285.0,3.0,50.0,"{""EntryMode"": 1, ""EntryTFMin"": 1, ""GridSpacingPts"": 115, ""TP_Pips"": 8.5, ""MaxLayers"": 6, ""Ladder"": ""step1"", ""MaxHoldSec"": 600, ""StopPips"": 26.0, ""MaxBasketRiskPct"": 3.0, ""AddMinSec"": 60, ""Session"": ""lateny_1923"", ""ZEntry"": 2.0, ""ZEmaBars"": 120, ""NewsBeforeMin"": 60, ""NewsAfterMin"": 15, ""NewsCloseMode"": 0, ""DailyLossPct"": 8.0, ""MaxSpreadPts"": 0}"
-2.1908957458574685,-2.1908957458574685,14.815628792295588,0.0,0.0,89.52099999999945,0.20627613092383257,1166.6659501807223,129.0,15.0,124.0,"{""EntryMode"": 1, ""EntryTFMin"": 1, ""GridSpacingPts"": 145, ""TP_Pips"": 7.0, ""MaxLayers"": 2, ""Ladder"": ""step1"", ""MaxHoldSec"": 1800, ""StopPips"": 26.0, ""MaxBasketRiskPct"": 3.0, ""AddMinSec"": 60, ""Session"": ""lateny_1923"", ""ZEntry"": 2.25, ""ZEmaBars"": 120, ""NewsBeforeMin"": 30, ""NewsAfterMin"": 60, ""NewsCloseMode"": 0, ""DailyLossPct"": 8.0, ""MaxSpreadPts"": 0}"
-2.1933009720047303,-2.1933009720047303,18.34689413423231,0.0,0.0,89.50999999999783,0.2524573542649891,577.4652300862299,317.0,2.0,9.0,"{""EntryMode"": 1, ""EntryTFMin"": 1, ""GridSpacingPts"": 115, ""TP_Pips"": 12.5, ""MaxLayers"": 3, ""Ladder"": ""step1"", ""MaxHoldSec"": 600, ""StopPips"": 26.0, ""MaxBasketRiskPct"": 3.0, ""AddMinSec"": 15, ""Session"": ""lateny_1923"", ""ZEntry"": 2.0, ""ZEmaBars"": 120, ""NewsBeforeMin"": 30, ""NewsAfterMin"": 60, ""NewsCloseMode"": 2, ""DailyLossPct"": 8.0, ""MaxSpreadPts"": 0}"
-2.1933009720047303,-2.1933009720047303,18.34689413423231,0.0,0.0,89.50999999999783,0.2524573542649891,577.4652300862299,317.0,2.0,9.0,"{""EntryMode"": 1, ""EntryTFMin"": 1, ""GridSpacingPts"": 150, ""TP_Pips"": 12.5, ""MaxLayers"": 6, ""Ladder"": ""step1"", ""MaxHoldSec"": 600, ""StopPips"": 26.0, ""MaxBasketRiskPct"": 3.0, ""AddMinSec"": 0, ""Session"": ""lateny_1923"", ""ZEntry"": 2.0, ""ZEmaBars"": 120, ""NewsBeforeMin"": 30, ""NewsAfterMin"": 60, ""NewsCloseMode"": 2, ""DailyLossPct"": 8.0, ""MaxSpreadPts"": 0}"
-2.1933009720047303,-2.1933009720047303,18.34689413423231,0.0,0.0,89.50999999999783,0.2524573542649891,577.4652300862299,317.0,2.0,9.0,"{""EntryMode"": 1, ""EntryTFMin"": 1, ""GridSpacingPts"": 115, ""TP_Pips"": 12.5, ""MaxLayers"": 4, ""Ladder"": ""step1"", ""MaxHoldSec"": 600, ""StopPips"": 26.0, ""MaxBasketRiskPct"": 3.0, ""AddMinSec"": 60, ""Session"": ""lateny_1923"", ""ZEntry"": 2.0, ""ZEmaBars"": 120, ""NewsBeforeMin"": 30, ""NewsAfterMin"": 60, ""NewsCloseMode"": 2, ""DailyLossPct"": 8.0, ""MaxSpreadPts"": 0}"
-2.2044555652522058,-2.2044555652522058,19.602545738069082,0.0,0.0,89.45899999999686,0.2817054623810549,566.6445837852856,337.0,3.0,26.0,"{""EntryMode"": 1, ""EntryTFMin"": 1, ""GridSpacingPts"": 140, ""TP_Pips"": 10.5, ""MaxLayers"": 4, ""Ladder"": ""step1"", ""MaxHoldSec"": 600, ""StopPips"": 26.0, ""MaxBasketRiskPct"": 3.0, ""AddMinSec"": 60, ""Session"": ""lateny_1923"", ""ZEntry"": 2.0, ""ZEmaBars"": 120, ""NewsBeforeMin"": 30, ""NewsAfterMin"": 60, ""NewsCloseMode"": 0, ""DailyLossPct"": 8.0, ""MaxSpreadPts"": 0}"
-2.2044555652522058,-2.2044555652522058,19.602545738069082,0.0,0.0,89.45899999999686,0.2817054623810549,566.6445837852856,337.0,3.0,26.0,"{""EntryMode"": 1, ""EntryTFMin"": 1, ""GridSpacingPts"": 120, ""TP_Pips"": 10.5, ""MaxLayers"": 4, ""Ladder"": ""step1"", ""MaxHoldSec"": 600, ""StopPips"": 26.0, ""MaxBasketRiskPct"": 3.0, ""AddMinSec"": 60, ""Session"": ""lateny_1923"", ""ZEntry"": 2.0, ""ZEmaBars"": 120, ""NewsBeforeMin"": 30, ""NewsAfterMin"": 60, ""NewsCloseMode"": 2, ""DailyLossPct"": 8.0, ""MaxSpreadPts"": 0}"
-2.21036299755627,-2.21036299755627,19.188228681259154,0.0,0.0,89.43199999999939,0.2563057895434188,564.6855448899951,304.0,3.0,26.0,"{""EntryMode"": 1, ""EntryTFMin"": 1, ""GridSpacingPts"": 130, ""TP_Pips"": 10.5, ""MaxLayers"": 5, ""Ladder"": ""step1"", ""MaxHoldSec"": 600, ""StopPips"": 26.0, ""MaxBasketRiskPct"": 3.0, ""AddMinSec"": 60, ""Session"": ""lateny_1923"", ""ZEntry"": 2.0, ""ZEmaBars"": 120, ""NewsBeforeMin"": 30, ""NewsAfterMin"": 15, ""NewsCloseMode"": 0, ""DailyLossPct"": 8.0, ""MaxSpreadPts"": 0}"
-2.2138643713854322,-2.2138643713854322,18.78627199096575,0.0,0.0,89.4159999999969,0.2555361024877329,581.0085351603763,324.0,2.0,6.0,"{""EntryMode"": 1, ""EntryTFMin"": 1, ""GridSpacingPts"": 95, ""TP_Pips"": 15.0, ""MaxLayers"": 2, ""Ladder"": ""step1"", ""MaxHoldSec"": 600, ""StopPips"": 26.0, ""MaxBasketRiskPct"": 3.0, ""AddMinSec"": 60, ""Session"": ""lateny_1923"", ""ZEntry"": 2.0, ""ZEmaBars"": 120, ""NewsBeforeMin"": 30, ""NewsAfterMin"": 60, ""NewsCloseMode"": 2, ""DailyLossPct"": 8.0, ""MaxSpreadPts"": 0}"
-2.214739793146836,-2.214739793146836,19.833395139339604,0.0,0.0,89.41199999999658,0.2832448364924268,568.905474140854,343.0,3.0,22.0,"{""EntryMode"": 1, ""EntryTFMin"": 1, ""GridSpacingPts"": 110, ""TP_Pips"": 11.0, ""MaxLayers"": 5, ""Ladder"": ""step1"", ""MaxHoldSec"": 600, ""StopPips"": 26.0, ""MaxBasketRiskPct"": 3.0, ""AddMinSec"": 60, ""Session"": ""lateny_1923"", ""ZEntry"": 2.0, ""ZEmaBars"": 120, ""NewsBeforeMin"": 60, ""NewsAfterMin"": 30, ""NewsCloseMode"": 0, ""DailyLossPct"": 8.0, ""MaxSpreadPts"": 0}"
-2.2191173719036117,-2.2191173719036117,17.92140479023246,0.0,0.0,89.39200000000152,0.23475455198421244,1430.200272256678,210.0,15.0,80.0,"{""EntryMode"": 1, ""EntryTFMin"": 1, ""GridSpacingPts"": 115, ""TP_Pips"": 10.0, ""MaxLayers"": 6, ""Ladder"": ""step1"", ""MaxHoldSec"": 1800, ""StopPips"": 26.0, ""MaxBasketRiskPct"": 3.0, ""AddMinSec"": 60, ""Session"": ""lateny_1923"", ""ZEntry"": 1.75, ""ZEmaBars"": 120, ""NewsBeforeMin"": 60, ""NewsAfterMin"": 60, ""NewsCloseMode"": 0, ""DailyLossPct"": 8.0, ""MaxSpreadPts"": 0}"
-2.22656105405592,-2.22656105405592,18.515091833466272,0.0,0.0,89.35799999999819,0.28555389765948463,523.2091205486884,289.0,3.0,79.0,"{""EntryMode"": 1, ""EntryTFMin"": 1, ""GridSpacingPts"": 100, ""TP_Pips"": 7.0, ""MaxLayers"": 6, ""Ladder"": ""step1"", ""MaxHoldSec"": 600, ""StopPips"": 26.0, ""MaxBasketRiskPct"": 3.0, ""AddMinSec"": 60, ""Session"": ""lateny_1923"", ""ZEntry"": 2.0, ""ZEmaBars"": 120, ""NewsBeforeMin"": 60, ""NewsAfterMin"": 60, ""NewsCloseMode"": 0, ""DailyLossPct"": 8.0, ""MaxSpreadPts"": 0}"
-2.2364164705616196,-2.2364164705616196,18.3584796236826,0.0,0.0,89.3129999999982,0.2632329730445923,507.7349459336863,253.0,3.0,86.0,"{""EntryMode"": 1, ""EntryTFMin"": 1, ""GridSpacingPts"": 120, ""TP_Pips"": 6.5, ""MaxLayers"": 2, ""Ladder"": ""step1"", ""MaxHoldSec"": 600, ""StopPips"": 26.0, ""MaxBasketRiskPct"": 3.0, ""AddMinSec"": 30, ""Session"": ""lateny_1923"", ""ZEntry"": 2.0, ""ZEmaBars"": 120, ""NewsBeforeMin"": 60, ""NewsAfterMin"": 60, ""NewsCloseMode"": 0, ""DailyLossPct"": 8.0, ""MaxSpreadPts"": 0}"
-2.2364164705616196,-2.2364164705616196,18.3584796236826,0.0,0.0,89.3129999999982,0.2632329730445923,507.7349459336863,253.0,3.0,86.0,"{""EntryMode"": 1, ""EntryTFMin"": 1, ""GridSpacingPts"": 95, ""TP_Pips"": 6.5, ""MaxLayers"": 3, ""Ladder"": ""step1"", ""MaxHoldSec"": 600, ""StopPips"": 26.0, ""MaxBasketRiskPct"": 3.0, ""AddMinSec"": 30, ""Session"": ""lateny_1923"", ""ZEntry"": 2.0, ""ZEmaBars"": 120, ""NewsBeforeMin"": 15, ""NewsAfterMin"": 60, ""NewsCloseMode"": 0, ""DailyLossPct"": 8.0, ""MaxSpreadPts"": 0}"
-2.2370736395397883,-2.2370736395397883,18.92077252277124,0.0,0.0,89.31000000000108,0.2416817354853859,1434.9790524102314,217.0,15.0,82.0,"{""EntryMode"": 1, ""EntryTFMin"": 1, ""GridSpacingPts"": 145, ""TP_Pips"": 10.0, ""MaxLayers"": 1, ""Ladder"": ""step1"", ""MaxHoldSec"": 1800, ""StopPips"": 26.0, ""MaxBasketRiskPct"": 3.0, ""AddMinSec"": 15, ""Session"": ""lateny_1923"", ""ZEntry"": 1.75, ""ZEmaBars"": 120, ""NewsBeforeMin"": 30, ""NewsAfterMin"": 15, ""NewsCloseMode"": 0, ""DailyLossPct"": 8.0, ""MaxSpreadPts"": 0}"
-2.2386071024940057,-2.2386071024940057,18.767004076400053,0.0,0.0,89.30299999999937,0.2655420342116501,519.2059051248323,266.0,3.0,76.0,"{""EntryMode"": 1, ""EntryTFMin"": 1, ""GridSpacingPts"": 115, ""TP_Pips"": 7.0, ""MaxLayers"": 4, ""Ladder"": ""step1"", ""MaxHoldSec"": 600, ""StopPips"": 26.0, ""MaxBasketRiskPct"": 3.0, ""AddMinSec"": 60, ""Session"": ""lateny_1923"", ""ZEntry"": 2.0, ""ZEmaBars"": 120, ""NewsBeforeMin"": 30, ""NewsAfterMin"": 15, ""NewsCloseMode"": 0, ""DailyLossPct"": 8.0, ""MaxSpreadPts"": 0}"
-2.2386071024940057,-2.2386071024940057,18.767004076400053,0.0,0.0,89.30299999999937,0.2655420342116501,519.2059051248323,266.0,3.0,76.0,"{""EntryMode"": 1, ""EntryTFMin"": 1, ""GridSpacingPts"": 120, ""TP_Pips"": 7.0, ""MaxLayers"": 3, ""Ladder"": ""step1"", ""MaxHoldSec"": 600, ""StopPips"": 26.0, ""MaxBasketRiskPct"": 3.0, ""AddMinSec"": 60, ""Session"": ""lateny_1923"", ""ZEntry"": 2.0, ""ZEmaBars"": 120, ""NewsBeforeMin"": 30, ""NewsAfterMin"": 15, ""NewsCloseMode"": 2, ""DailyLossPct"": 8.0, ""MaxSpreadPts"": 0}"
-2.259208639424648,-2.259208639424648,18.651582466911,0.0,0.0,89.20899999999824,0.28709327177085653,523.0111512030874,290.0,3.0,80.0,"{""EntryMode"": 1, ""EntryTFMin"": 1, ""GridSpacingPts"": 135, ""TP_Pips"": 7.0, ""MaxLayers"": 4, ""Ladder"": ""step1"", ""MaxHoldSec"": 600, ""StopPips"": 26.0, ""MaxBasketRiskPct"": 3.0, ""AddMinSec"": 15, ""Session"": ""lateny_1923"", ""ZEntry"": 2.0, ""ZEmaBars"": 120, ""NewsBeforeMin"": 60, ""NewsAfterMin"": 30, ""NewsCloseMode"": 0, ""DailyLossPct"": 8.0, ""MaxSpreadPts"": 0}"
-2.259208639424648,-2.259208639424648,18.651582466911,0.0,0.0,89.20899999999824,0.28709327177085653,523.0111512030874,290.0,3.0,80.0,"{""EntryMode"": 1, ""EntryTFMin"": 1, ""GridSpacingPts"": 115, ""TP_Pips"": 7.0, ""MaxLayers"": 3, ""Ladder"": ""step1"", ""MaxHoldSec"": 600, ""StopPips"": 26.0, ""MaxBasketRiskPct"": 3.0, ""AddMinSec"": 30, ""Session"": ""lateny_1923"", ""ZEntry"": 2.0, ""ZEmaBars"": 120, ""NewsBeforeMin"": 60, ""NewsAfterMin"": 30, ""NewsCloseMode"": 0, ""DailyLossPct"": 8.0, ""MaxSpreadPts"": 0}"
-2.275000286812723,-2.275000286812723,19.91555883129371,0.0,0.0,89.13699999999778,0.28401452354811274,541.5174896821804,307.0,3.0,59.0,"{""EntryMode"": 1, ""EntryTFMin"": 1, ""GridSpacingPts"": 110, ""TP_Pips"": 8.0, ""MaxLayers"": 4, ""Ladder"": ""step1"", ""MaxHoldSec"": 600, ""StopPips"": 26.0, ""MaxBasketRiskPct"": 3.0, ""AddMinSec"": 60, ""Session"": ""lateny_1923"", ""ZEntry"": 2.0, ""ZEmaBars"": 120, ""NewsBeforeMin"": 30, ""NewsAfterMin"": 60, ""NewsCloseMode"": 0, ""DailyLossPct"": 8.0, ""MaxSpreadPts"": 0}"
-2.2782914975042257,-2.2782914975042257,18.76686677314647,0.0,0.0,89.12200000000017,0.2647723471559642,529.9243363224568,275.0,3.0,66.0,"{""EntryMode"": 1, ""EntryTFMin"": 1, ""GridSpacingPts"": 105, ""TP_Pips"": 7.5, ""MaxLayers"": 3, ""Ladder"": ""step1"", ""MaxHoldSec"": 600, ""StopPips"": 26.0, ""MaxBasketRiskPct"": 3.0, ""AddMinSec"": 60, ""Session"": ""lateny_1923"", ""ZEntry"": 2.0, ""ZEmaBars"": 120, ""NewsBeforeMin"": 30, ""NewsAfterMin"": 15, ""NewsCloseMode"": 0, ""DailyLossPct"": 5.0, ""MaxSpreadPts"": 0}"
-2.280046991050122,-2.280046991050122,18.541668584476305,0.0,0.0,89.11399999999838,0.2647723471559642,507.6060629661569,254.0,3.0,87.0,"{""EntryMode"": 1, ""EntryTFMin"": 1, ""GridSpacingPts"": 125, ""TP_Pips"": 6.5, ""MaxLayers"": 6, ""Ladder"": ""step1"", ""MaxHoldSec"": 600, ""StopPips"": 26.0, ""MaxBasketRiskPct"": 3.0, ""AddMinSec"": 60, ""Session"": ""lateny_1923"", ""ZEntry"": 2.0, ""ZEmaBars"": 120, ""NewsBeforeMin"": 30, ""NewsAfterMin"": 30, ""NewsCloseMode"": 0, ""DailyLossPct"": 8.0, ""MaxSpreadPts"": 10}"
-2.2837778334254377,-2.2837778334254377,17.746781911937024,0.0,0.0,89.09699999999718,0.29479014232771594,482.7558902522868,254.0,3.0,126.0,"{""EntryMode"": 1, ""EntryTFMin"": 1, ""GridSpacingPts"": 135, ""TP_Pips"": 5.5, ""MaxLayers"": 4, ""Ladder"": ""step1"", ""MaxHoldSec"": 600, ""StopPips"": 26.0, ""MaxBasketRiskPct"": 3.0, ""AddMinSec"": 30, ""Session"": ""lateny_1923"", ""ZEntry"": 2.0, ""ZEmaBars"": 120, ""NewsBeforeMin"": 60, ""NewsAfterMin"": 30, ""NewsCloseMode"": 0, ""DailyLossPct"": 8.0, ""MaxSpreadPts"": 0}"
-2.2886068277093496,-2.2886068277093496,14.73057446177176,0.0,0.0,89.07499999999993,0.22013049792617953,952.2454805795779,96.0,13.0,177.0,"{""EntryMode"": 1, ""EntryTFMin"": 1, ""GridSpacingPts"": 145, ""TP_Pips"": 5.0, ""MaxLayers"": 3, ""Ladder"": ""flat"", ""MaxHoldSec"": 1800, ""StopPips"": 26.0, ""MaxBasketRiskPct"": 3.0, ""AddMinSec"": 60, ""Session"": ""lateny_1923"", ""ZEntry"": 2.25, ""ZEmaBars"": 120, ""NewsBeforeMin"": 30, ""NewsAfterMin"": 60, ""NewsCloseMode"": 0, ""DailyLossPct"": 8.0, ""MaxSpreadPts"": 0}"
-2.3547722565280704,-2.3547722565280704,18.88436048539846,0.0,0.0,88.77399999999875,0.28478421060379866,534.0494963231774,299.0,3.0,68.0,"{""EntryMode"": 1, ""EntryTFMin"": 1, ""GridSpacingPts"": 100, ""TP_Pips"": 7.5, ""MaxLayers"": 4, ""Ladder"": ""step1"", ""MaxHoldSec"": 600, ""StopPips"": 26.0, ""MaxBasketRiskPct"": 3.0, ""AddMinSec"": 30, ""Session"": ""lateny_1923"", ""ZEntry"": 2.0, ""ZEmaBars"": 120, ""NewsBeforeMin"": 60, ""NewsAfterMin"": 60, ""NewsCloseMode"": 0, ""DailyLossPct"": 8.0, ""MaxSpreadPts"": 0}"
-2.3547722565280704,-2.3547722565280704,18.88436048539846,0.0,0.0,88.77399999999875,0.28478421060379866,534.0494963231774,299.0,3.0,68.0,"{""EntryMode"": 1, ""EntryTFMin"": 1, ""GridSpacingPts"": 120, ""TP_Pips"": 7.5, ""MaxLayers"": 5, ""Ladder"": ""step1"", ""MaxHoldSec"": 600, ""StopPips"": 26.0, ""MaxBasketRiskPct"": 3.0, ""AddMinSec"": 60, ""Session"": ""lateny_1923"", ""ZEntry"": 2.0, ""ZEmaBars"": 120, ""NewsBeforeMin"": 30, ""NewsAfterMin"": 60, ""NewsCloseMode"": 0, ""DailyLossPct"": 8.0, ""MaxSpreadPts"": 0}"
-2.3604743005554645,-2.193738311251392,20.083367994652036,0.0,0.0,89.50799999999566,0.2817054623810549,575.8949448205531,352.0,2.0,12.0,"{""EntryMode"": 1, ""EntryTFMin"": 1, ""GridSpacingPts"": 125, ""TP_Pips"": 12.0, ""MaxLayers"": 5, ""Ladder"": ""step1"", ""MaxHoldSec"": 600, ""StopPips"": 26.0, ""MaxBasketRiskPct"": 3.0, ""AddMinSec"": 60, ""Session"": ""lateny_1923"", ""ZEntry"": 2.0, ""ZEmaBars"": 120, ""NewsBeforeMin"": 30, ""NewsAfterMin"": 60, ""NewsCloseMode"": 2, ""DailyLossPct"": 8.0, ""MaxSpreadPts"": 0}"
-2.3604743005554645,-2.193738311251392,20.083367994652036,0.0,0.0,89.50799999999566,0.2817054623810549,575.8949448205531,352.0,2.0,12.0,"{""EntryMode"": 1, ""EntryTFMin"": 1, ""GridSpacingPts"": 120, ""TP_Pips"": 12.0, ""MaxLayers"": 5, ""Ladder"": ""step1"", ""MaxHoldSec"": 600, ""StopPips"": 26.0, ""MaxBasketRiskPct"": 3.0, ""AddMinSec"": 60, ""Session"": ""lateny_1923"", ""ZEntry"": 2.0, ""ZEmaBars"": 120, ""NewsBeforeMin"": 30, ""NewsAfterMin"": 60, ""NewsCloseMode"": 0, ""DailyLossPct"": 8.0, ""MaxSpreadPts"": 0}"
-2.3672674429119356,-2.3672674429119356,18.876703490432693,0.0,0.0,88.71724829582915,0.23860298726264215,572.6428791965242,300.0,2.0,8.0,"{""EntryMode"": 1, ""EntryTFMin"": 1, ""GridSpacingPts"": 135, ""TP_Pips"": 13.0, ""MaxLayers"": 6, ""Ladder"": ""step1"", ""MaxHoldSec"": 600, ""StopPips"": 26.0, ""MaxBasketRiskPct"": 3.0, ""AddMinSec"": 60, ""Session"": ""lateny_1923"", ""ZEntry"": 2.0, ""ZEmaBars"": 120, ""NewsBeforeMin"": 15, ""NewsAfterMin"": 60, ""NewsCloseMode"": 2, ""DailyLossPct"": 3.0, ""MaxSpreadPts"": 0}"
-2.390573541336284,-2.269735271050788,20.060419135142748,0.0,0.0,89.16099999999666,0.2817054623810549,569.1123490426689,342.0,3.0,21.0,"{""EntryMode"": 1, ""EntryTFMin"": 1, ""GridSpacingPts"": 110, ""TP_Pips"": 11.0, ""MaxLayers"": 3, ""Ladder"": ""step1"", ""MaxHoldSec"": 600, ""StopPips"": 26.0, ""MaxBasketRiskPct"": 3.0, ""AddMinSec"": 60, ""Session"": ""lateny_1923"", ""ZEntry"": 2.0, ""ZEmaBars"": 120, ""NewsBeforeMin"": 30, ""NewsAfterMin"": 60, ""NewsCloseMode"": 2, ""DailyLossPct"": 8.0, ""MaxSpreadPts"": 0}"
-2.390573541336284,-2.269735271050788,20.060419135142748,0.0,0.0,89.16099999999666,0.2817054623810549,569.1123490426689,342.0,3.0,21.0,"{""EntryMode"": 1, ""EntryTFMin"": 1, ""GridSpacingPts"": 110, ""TP_Pips"": 11.0, ""MaxLayers"": 6, ""Ladder"": ""step1"", ""MaxHoldSec"": 600, ""StopPips"": 26.0, ""MaxBasketRiskPct"": 3.0, ""AddMinSec"": 60, ""Session"": ""lateny_1923"", ""ZEntry"": 2.0, ""ZEmaBars"": 120, ""NewsBeforeMin"": 30, ""NewsAfterMin"": 60, ""NewsCloseMode"": 0, ""DailyLossPct"": 8.0, ""MaxSpreadPts"": 0}"
-2.390573541336284,-2.269735271050788,20.060419135142748,0.0,0.0,89.16099999999666,0.2817054623810549,569.1123490426689,342.0,3.0,21.0,"{""EntryMode"": 1, ""EntryTFMin"": 1, ""GridSpacingPts"": 145, ""TP_Pips"": 11.0, ""MaxLayers"": 5, ""Ladder"": ""step1"", ""MaxHoldSec"": 600, ""StopPips"": 26.0, ""MaxBasketRiskPct"": 3.0, ""AddMinSec"": 15, ""Session"": ""lateny_1923"", ""ZEntry"": 2.0, ""ZEmaBars"": 120, ""NewsBeforeMin"": 30, ""NewsAfterMin"": 60, ""NewsCloseMode"": 2, ""DailyLossPct"": 8.0, ""MaxSpreadPts"": 0}"
-2.427960513026828,-2.427960513026828,17.44037339556397,0.0,0.0,88.44200000000082,0.24629985781950156,1027.7526935892072,125.0,15.0,180.0,"{""EntryMode"": 1, ""EntryTFMin"": 1, ""GridSpacingPts"": 145, ""TP_Pips"": 5.5, ""MaxLayers"": 5, ""Ladder"": ""flat"", ""MaxHoldSec"": 1800, ""StopPips"": 26.0, ""MaxBasketRiskPct"": 3.0, ""AddMinSec"": 60, ""Session"": ""lateny_1923"", ""ZEntry"": 2.25, ""ZEmaBars"": 120, ""NewsBeforeMin"": 15, ""NewsAfterMin"": 60, ""NewsCloseMode"": 0, ""DailyLossPct"": 8.0, ""MaxSpreadPts"": 0}"
-2.427960513026828,-2.427960513026828,17.44037339556397,0.0,0.0,88.44200000000082,0.24629985781950156,1027.7526935892072,125.0,15.0,180.0,"{""EntryMode"": 1, ""EntryTFMin"": 1, ""GridSpacingPts"": 145, ""TP_Pips"": 5.5, ""MaxLayers"": 2, ""Ladder"": ""step1"", ""MaxHoldSec"": 1800, ""StopPips"": 26.0, ""MaxBasketRiskPct"": 3.0, ""AddMinSec"": 60, ""Session"": ""lateny_1923"", ""ZEntry"": 2.25, ""ZEmaBars"": 120, ""NewsBeforeMin"": 30, ""NewsAfterMin"": 60, ""NewsCloseMode"": 0, ""DailyLossPct"": 8.0, ""MaxSpreadPts"": 0}"
-2.5295923480427622,-2.245837580284793,20.141877383878985,0.0,0.0,89.26999999999693,0.2832448364924268,548.3128882232725,314.0,3.0,51.0,"{""EntryMode"": 1, ""EntryTFMin"": 1, ""GridSpacingPts"": 100, ""TP_Pips"": 8.5, ""MaxLayers"": 3, ""Ladder"": ""step1"", ""MaxHoldSec"": 600, ""StopPips"": 26.0, ""MaxBasketRiskPct"": 3.0, ""AddMinSec"": 30, ""Session"": ""lateny_1923"", ""ZEntry"": 2.0, ""ZEmaBars"": 120, ""NewsBeforeMin"": 30, ""NewsAfterMin"": 60, ""NewsCloseMode"": 0, ""DailyLossPct"": 8.0, ""MaxSpreadPts"": 0}"
-2.5295923480427622,-2.245837580284793,20.141877383878985,0.0,0.0,89.26999999999693,0.2832448364924268,548.3128882232725,314.0,3.0,51.0,"{""EntryMode"": 1, ""EntryTFMin"": 1, ""GridSpacingPts"": 110, ""TP_Pips"": 8.5, ""MaxLayers"": 2, ""Ladder"": ""step1"", ""MaxHoldSec"": 600, ""StopPips"": 26.0, ""MaxBasketRiskPct"": 3.0, ""AddMinSec"": 15, ""Session"": ""lateny_1923"", ""ZEntry"": 2.0, ""ZEmaBars"": 120, ""NewsBeforeMin"": 60, ""NewsAfterMin"": 60, ""NewsCloseMode"": 0, ""DailyLossPct"": 8.0, ""MaxSpreadPts"": 0}"
-2.5295923480427622,-2.245837580284793,20.141877383878985,0.0,0.0,89.26999999999693,0.2832448364924268,548.3128882232725,314.0,3.0,51.0,"{""EntryMode"": 1, ""EntryTFMin"": 1, ""GridSpacingPts"": 120, ""TP_Pips"": 8.5, ""MaxLayers"": 5, ""Ladder"": ""step1"", ""MaxHoldSec"": 600, ""StopPips"": 26.0, ""MaxBasketRiskPct"": 3.0, ""AddMinSec"": 60, ""Session"": ""lateny_1923"", ""ZEntry"": 2.0, ""ZEmaBars"": 120, ""NewsBeforeMin"": 30, ""NewsAfterMin"": 60, ""NewsCloseMode"": 0, ""DailyLossPct"": 8.0, ""MaxSpreadPts"": 0}"
-2.5295923480427622,-2.245837580284793,20.141877383878985,0.0,0.0,89.26999999999693,0.2832448364924268,548.3128882232725,314.0,3.0,51.0,"{""EntryMode"": 1, ""EntryTFMin"": 1, ""GridSpacingPts"": 120, ""TP_Pips"": 8.5, ""MaxLayers"": 5, ""Ladder"": ""step1"", ""MaxHoldSec"": 600, ""StopPips"": 26.0, ""MaxBasketRiskPct"": 3.0, ""AddMinSec"": 60, ""Session"": ""lateny_1923"", ""ZEntry"": 2.0, ""ZEmaBars"": 120, ""NewsBeforeMin"": 30, ""NewsAfterMin"": 60, ""NewsCloseMode"": 0, ""DailyLossPct"": 8.0, ""MaxSpreadPts"": 0}"
-2.5295923480427622,-2.245837580284793,20.141877383878985,0.0,0.0,89.26999999999693,0.2832448364924268,548.3128882232725,314.0,3.0,51.0,"{""EntryMode"": 1, ""EntryTFMin"": 1, ""GridSpacingPts"": 100, ""TP_Pips"": 8.5, ""MaxLayers"": 2, ""Ladder"": ""step1"", ""MaxHoldSec"": 600, ""StopPips"": 26.0, ""MaxBasketRiskPct"": 3.0, ""AddMinSec"": 30, ""Session"": ""lateny_1923"", ""ZEntry"": 2.0, ""ZEmaBars"": 120, ""NewsBeforeMin"": 60, ""NewsAfterMin"": 60, ""NewsCloseMode"": 0, ""DailyLossPct"": 8.0, ""MaxSpreadPts"": 0}"
-2.599888053069377,-2.599888053069377,16.079377387208847,0.0,0.0,87.66600000000058,0.2232092461489233,942.2695215671774,96.0,14.0,180.0,"{""EntryMode"": 1, ""EntryTFMin"": 1, ""GridSpacingPts"": 135, ""TP_Pips"": 5.0, ""MaxLayers"": 5, ""Ladder"": ""flat"", ""MaxHoldSec"": 1800, ""StopPips"": 26.0, ""MaxBasketRiskPct"": 3.0, ""AddMinSec"": 60, ""Session"": ""lateny_1923"", ""ZEntry"": 2.25, ""ZEmaBars"": 120, ""NewsBeforeMin"": 15, ""NewsAfterMin"": 30, ""NewsCloseMode"": 0, ""DailyLossPct"": 8.0, ""MaxSpreadPts"": 0}"
-2.89676056856507,-2.3578540830900385,20.269453242737516,0.0,0.0,88.75999999999632,0.28555389765948463,552.8661540069434,325.0,3.0,43.0,"{""EntryMode"": 1, ""EntryTFMin"": 1, ""GridSpacingPts"": 125, ""TP_Pips"": 9.0, ""MaxLayers"": 4, ""Ladder"": ""step2"", ""MaxHoldSec"": 600, ""StopPips"": 26.0, ""MaxBasketRiskPct"": 3.0, ""AddMinSec"": 60, ""Session"": ""lateny_1923"", ""ZEntry"": 2.0, ""ZEmaBars"": 120, ""NewsBeforeMin"": 30, ""NewsAfterMin"": 30, ""NewsCloseMode"": 2, ""DailyLossPct"": 8.0, ""MaxSpreadPts"": 0}"
-2.8985351816067206,-2.8985351816067206,17.566028163081484,0.0,0.0,86.33100000000078,0.22397893320460924,933.3936919569965,93.0,17.0,181.0,"{""EntryMode"": 1, ""EntryTFMin"": 1, ""GridSpacingPts"": 140, ""TP_Pips"": 5.0, ""MaxLayers"": 3, ""Ladder"": ""flat"", ""MaxHoldSec"": 1800, ""StopPips"": 25.0, ""MaxBasketRiskPct"": 3.0, ""AddMinSec"": 60, ""Session"": ""lateny_1923"", ""ZEntry"": 2.25, ""ZEmaBars"": 120, ""NewsBeforeMin"": 30, ""NewsAfterMin"": 15, ""NewsCloseMode"": 0, ""DailyLossPct"": 8.0, ""MaxSpreadPts"": 0}"
-2.9078939344839583,-2.899660632642842,20.004116650920558,0.0,0.0,86.32599999999672,0.2763176529912533,1025.6337452711748,132.0,17.0,210.0,"{""EntryMode"": 1, ""EntryTFMin"": 1, ""GridSpacingPts"": 100, ""TP_Pips"": 5.5, ""MaxLayers"": 2, ""Ladder"": ""step1"", ""MaxHoldSec"": 1800, ""StopPips"": 25.0, ""MaxBasketRiskPct"": 3.0, ""AddMinSec"": 60, ""Session"": ""lateny_1923"", ""ZEntry"": 1.75, ""ZEmaBars"": 120, ""NewsBeforeMin"": 30, ""NewsAfterMin"": 15, ""NewsCloseMode"": 0, ""DailyLossPct"": 8.0, ""MaxSpreadPts"": 0}"
-2.9078939344839583,-2.899660632642842,20.004116650920558,0.0,0.0,86.32599999999672,0.2763176529912533,1025.6337452711748,132.0,17.0,210.0,"{""EntryMode"": 1, ""EntryTFMin"": 1, ""GridSpacingPts"": 115, ""TP_Pips"": 5.5, ""MaxLayers"": 3, ""Ladder"": ""step1"", ""MaxHoldSec"": 1800, ""StopPips"": 25.0, ""MaxBasketRiskPct"": 3.0, ""AddMinSec"": 60, ""Session"": ""lateny_1923"", ""ZEntry"": 1.75, ""ZEmaBars"": 120, ""NewsBeforeMin"": 30, ""NewsAfterMin"": 15, ""NewsCloseMode"": 0, ""DailyLossPct"": 8.0, ""MaxSpreadPts"": 0}"
-2.9078939344839583,-2.899660632642842,20.004116650920558,0.0,0.0,86.32599999999672,0.2763176529912533,1025.6337452711748,132.0,17.0,210.0,"{""EntryMode"": 1, ""EntryTFMin"": 1, ""GridSpacingPts"": 90, ""TP_Pips"": 5.5, ""MaxLayers"": 2, ""Ladder"": ""step1"", ""MaxHoldSec"": 1800, ""StopPips"": 25.0, ""MaxBasketRiskPct"": 3.0, ""AddMinSec"": 15, ""Session"": ""lateny_1923"", ""ZEntry"": 1.75, ""ZEmaBars"": 120, ""NewsBeforeMin"": 30, ""NewsAfterMin"": 15, ""NewsCloseMode"": 0, ""DailyLossPct"": 8.0, ""MaxSpreadPts"": 0}"
-2.9138457850452215,-2.9138457850452215,17.395480171729794,0.0,0.0,86.26299999999641,0.2416817354853859,568.9619066642329,293.0,6.0,15.0,"{""EntryMode"": 1, ""EntryTFMin"": 1, ""GridSpacingPts"": 125, ""TP_Pips"": 12.0, ""MaxLayers"": 2, ""Ladder"": ""step1"", ""MaxHoldSec"": 600, ""StopPips"": 25.0, ""MaxBasketRiskPct"": 3.0, ""AddMinSec"": 15, ""Session"": ""lateny_1923"", ""ZEntry"": 2.25, ""ZEmaBars"": 120, ""NewsBeforeMin"": 30, ""NewsAfterMin"": 60, ""NewsCloseMode"": 2, ""DailyLossPct"": 8.0, ""MaxSpreadPts"": 0}"
-2.9138457850452215,-2.9138457850452215,17.395480171729794,0.0,0.0,86.26299999999641,0.2416817354853859,568.9619066642329,293.0,6.0,15.0,"{""EntryMode"": 1, ""EntryTFMin"": 1, ""GridSpacingPts"": 110, ""TP_Pips"": 12.0, ""MaxLayers"": 3, ""Ladder"": ""step1"", ""MaxHoldSec"": 600, ""StopPips"": 25.0, ""MaxBasketRiskPct"": 3.0, ""AddMinSec"": 60, ""Session"": ""lateny_1923"", ""ZEntry"": 2.25, ""ZEmaBars"": 120, ""NewsBeforeMin"": 30, ""NewsAfterMin"": 60, ""NewsCloseMode"": 2, ""DailyLossPct"": 8.0, ""MaxSpreadPts"": 0}"
-2.916098158535818,-2.916098158535818,15.69971543960508,0.0,0.0,86.252999999998,0.30017795171751754,471.1501197695434,252.0,5.0,133.0,"{""EntryMode"": 1, ""EntryTFMin"": 1, ""GridSpacingPts"": 125, ""TP_Pips"": 5.5, ""MaxLayers"": 5, ""Ladder"": ""step1"", ""MaxHoldSec"": 600, ""StopPips"": 25.0, ""MaxBasketRiskPct"": 3.0, ""AddMinSec"": 30, ""Session"": ""lateny_1923"", ""ZEntry"": 2.0, ""ZEmaBars"": 90, ""NewsBeforeMin"": 30, ""NewsAfterMin"": 60, ""NewsCloseMode"": 0, ""DailyLossPct"": 8.0, ""MaxSpreadPts"": 0}"
-2.93006753822993,-2.93006753822993,17.32430046443889,0.0,0.0,86.19099999999901,0.2124336273693201,569.0504167717363,255.0,6.0,15.0,"{""EntryMode"": 1, ""EntryTFMin"": 1, ""GridSpacingPts"": 125, ""TP_Pips"": 11.5, ""MaxLayers"": 6, ""Ladder"": ""step1"", ""MaxHoldSec"": 600, ""StopPips"": 25.0, ""MaxBasketRiskPct"": 3.0, ""AddMinSec"": 60, ""Session"": ""lateny_1923"", ""ZEntry"": 2.25, ""ZEmaBars"": 120, ""NewsBeforeMin"": 30, ""NewsAfterMin"": 60, ""NewsCloseMode"": 2, ""DailyLossPct"": 8.0, ""MaxSpreadPts"": 0}"
-2.9537437020845436,-2.9537437020845436,17.948938858734735,0.0,0.0,86.0860000000002,0.227057681427353,951.6435573913153,97.0,16.0,182.0,"{""EntryMode"": 1, ""EntryTFMin"": 1, ""GridSpacingPts"": 150, ""TP_Pips"": 5.0, ""MaxLayers"": 5, ""Ladder"": ""flat"", ""MaxHoldSec"": 1800, ""StopPips"": 25.0, ""MaxBasketRiskPct"": 3.0, ""AddMinSec"": 60, ""Session"": ""lateny_1923"", ""ZEntry"": 2.25, ""ZEmaBars"": 120, ""NewsBeforeMin"": 15, ""NewsAfterMin"": 30, ""NewsCloseMode"": 0, ""DailyLossPct"": 8.0, ""MaxSpreadPts"": 0}"
-2.9537437020845436,-2.9537437020845436,17.948938858734735,0.0,0.0,86.0860000000002,0.227057681427353,951.6435573913153,97.0,16.0,182.0,"{""EntryMode"": 1, ""EntryTFMin"": 1, ""GridSpacingPts"": 145, ""TP_Pips"": 5.0, ""MaxLayers"": 6, ""Ladder"": ""flat"", ""MaxHoldSec"": 1800, ""StopPips"": 25.0, ""MaxBasketRiskPct"": 3.0, ""AddMinSec"": 60, ""Session"": ""lateny_1923"", ""ZEntry"": 2.25, ""ZEmaBars"": 120, ""NewsBeforeMin"": 15, ""NewsAfterMin"": 30, ""NewsCloseMode"": 0, ""DailyLossPct"": 8.0, ""MaxSpreadPts"": 0}"
-2.9788735887639417,-2.3228761810618392,20.32799870385105,0.0,0.0,88.91899999999673,0.28401452354811274,558.2751426856955,330.0,3.0,36.0,"{""EntryMode"": 1, ""EntryTFMin"": 1, ""GridSpacingPts"": 100, ""TP_Pips"": 9.5, ""MaxLayers"": 5, ""Ladder"": ""step1"", ""MaxHoldSec"": 600, ""StopPips"": 26.0, ""MaxBasketRiskPct"": 3.0, ""AddMinSec"": 60, ""Session"": ""lateny_1923"", ""ZEntry"": 2.0, ""ZEmaBars"": 120, ""NewsBeforeMin"": 60, ""NewsAfterMin"": 60, ""NewsCloseMode"": 0, ""DailyLossPct"": 8.0, ""MaxSpreadPts"": 0}"
-3.0000341510885487,-2.3690840260995993,20.315475062494475,0.0,0.0,88.70899999999625,0.28401452354811274,553.2199474188093,324.0,3.0,42.0,"{""EntryMode"": 1, ""EntryTFMin"": 1, ""GridSpacingPts"": 115, ""TP_Pips"": 9.0, ""MaxLayers"": 1, ""Ladder"": ""step1"", ""MaxHoldSec"": 600, ""StopPips"": 26.0, ""MaxBasketRiskPct"": 3.0, ""AddMinSec"": 30, ""Session"": ""lateny_1923"", ""ZEntry"": 2.0, ""ZEmaBars"": 120, ""NewsBeforeMin"": 60, ""NewsAfterMin"": 60, ""NewsCloseMode"": 0, ""DailyLossPct"": 8.0, ""MaxSpreadPts"": 0}"
-3.0176718280377157,-3.0176718280377157,18.38259299802228,0.0,0.0,85.80300000000018,0.227057681427353,865.8294773064443,85.0,16.0,194.0,"{""EntryMode"": 1, ""EntryTFMin"": 1, ""GridSpacingPts"": 150, ""TP_Pips"": 4.5, ""MaxLayers"": 5, ""Ladder"": ""flat"", ""MaxHoldSec"": 1800, ""StopPips"": 25.0, ""MaxBasketRiskPct"": 3.0, ""AddMinSec"": 60, ""Session"": ""lateny_1923"", ""ZEntry"": 2.25, ""ZEmaBars"": 120, ""NewsBeforeMin"": 15, ""NewsAfterMin"": 30, ""NewsCloseMode"": 0, ""DailyLossPct"": 8.0, ""MaxSpreadPts"": 0}"
-3.0355475970677337,-3.0355475970677337,18.47438678298746,0.0,0.0,85.72400000000088,0.22397893320460924,1196.1022672653198,146.0,17.0,128.0,"{""EntryMode"": 1, ""EntryTFMin"": 1, ""GridSpacingPts"": 150, ""TP_Pips"": 7.0, ""MaxLayers"": 5, ""Ladder"": ""step1"", ""MaxHoldSec"": 1800, ""StopPips"": 25.0, ""MaxBasketRiskPct"": 3.0, ""AddMinSec"": 60, ""Session"": ""lateny_1923"", ""ZEntry"": 2.25, ""ZEmaBars"": 120, ""NewsBeforeMin"": 30, ""NewsAfterMin"": 60, ""NewsCloseMode"": 0, ""DailyLossPct"": 8.0, ""MaxSpreadPts"": 0}"
-3.07031751034208,-3.07031751034208,19.9400233651337,0.0,0.0,85.5705048266444,0.24937860604224532,1016.9555352210996,124.0,12.0,188.0,"{""EntryMode"": 1, ""EntryTFMin"": 1, ""GridSpacingPts"": 140, ""TP_Pips"": 5.5, ""MaxLayers"": 2, ""Ladder"": ""step1"", ""MaxHoldSec"": 1800, ""StopPips"": 25.0, ""MaxBasketRiskPct"": 3.0, ""AddMinSec"": 60, ""Session"": ""lateny_1923"", ""ZEntry"": 1.75, ""ZEmaBars"": 120, ""NewsBeforeMin"": 30, ""NewsAfterMin"": 60, ""NewsCloseMode"": 0, ""DailyLossPct"": 3.0, ""MaxSpreadPts"": 0}"
-3.07031751034208,-3.07031751034208,19.9400233651337,0.0,0.0,85.5705048266444,0.24937860604224532,1016.9555352210996,124.0,12.0,188.0,"{""EntryMode"": 1, ""EntryTFMin"": 1, ""GridSpacingPts"": 135, ""TP_Pips"": 5.5, ""MaxLayers"": 2, ""Ladder"": ""step1"", ""MaxHoldSec"": 1800, ""StopPips"": 25.0, ""MaxBasketRiskPct"": 3.0, ""AddMinSec"": 60, ""Session"": ""lateny_1923"", ""ZEntry"": 1.75, ""ZEmaBars"": 120, ""NewsBeforeMin"": 30, ""NewsAfterMin"": 60, ""NewsCloseMode"": 0, ""DailyLossPct"": 3.0, ""MaxSpreadPts"": 0}"
-3.0872124217504515,-3.0872124217504515,18.80027732664579,0.0,0.0,85.49600000000011,0.240142361374014,1090.2706752349347,131.0,18.0,163.0,"{""EntryMode"": 1, ""EntryTFMin"": 1, ""GridSpacingPts"": 135, ""TP_Pips"": 6.0, ""MaxLayers"": 1, ""Ladder"": ""step1"", ""MaxHoldSec"": 1800, ""StopPips"": 25.0, ""MaxBasketRiskPct"": 3.0, ""AddMinSec"": 60, ""Session"": ""lateny_1923"", ""ZEntry"": 2.25, ""ZEmaBars"": 120, ""NewsBeforeMin"": 30, ""NewsAfterMin"": 60, ""NewsCloseMode"": 0, ""DailyLossPct"": 8.0, ""MaxSpreadPts"": 0}"
-3.087439264473235,-3.087439264473235,18.70239532915549,0.0,0.0,85.49500000000062,0.25168766720930313,1011.511056370654,123.0,19.0,185.0,"{""EntryMode"": 1, ""EntryTFMin"": 1, ""GridSpacingPts"": 150, ""TP_Pips"": 5.5, ""MaxLayers"": 5, ""Ladder"": ""flat"", ""MaxHoldSec"": 1800, ""StopPips"": 25.0, ""MaxBasketRiskPct"": 3.0, ""AddMinSec"": 60, ""Session"": ""lateny_1923"", ""ZEntry"": 2.25, ""ZEmaBars"": 120, ""NewsBeforeMin"": 15, ""NewsAfterMin"": 30, ""NewsCloseMode"": 0, ""DailyLossPct"": 8.0, ""MaxSpreadPts"": 0}"
-3.0965147141722604,-3.0965147141722604,17.531662729000306,0.0,0.0,85.45499999999863,0.30402638699594725,502.4680654834367,291.0,5.0,99.0,"{""EntryMode"": 1, ""EntryTFMin"": 1, ""GridSpacingPts"": 140, ""TP_Pips"": 6.5, ""MaxLayers"": 4, ""Ladder"": ""step1"", ""MaxHoldSec"": 600, ""StopPips"": 25.0, ""MaxBasketRiskPct"": 3.0, ""AddMinSec"": 60, ""Session"": ""lateny_1923"", ""ZEntry"": 2.25, ""ZEmaBars"": 120, ""NewsBeforeMin"": 30, ""NewsAfterMin"": 60, ""NewsCloseMode"": 0, ""DailyLossPct"": 8.0, ""MaxSpreadPts"": 0}"
-3.1080908419224285,-3.1080908419224285,18.51756124178008,0.0,0.0,85.40399999999974,0.23552423903989836,994.3013796863611,109.0,15.0,182.0,"{""EntryMode"": 1, ""EntryTFMin"": 1, ""GridSpacingPts"": 145, ""TP_Pips"": 5.0, ""MaxLayers"": 1, ""Ladder"": ""step1"", ""MaxHoldSec"": 1800, ""StopPips"": 25.0, ""MaxBasketRiskPct"": 3.0, ""AddMinSec"": 60, ""Session"": ""lateny_1923"", ""ZEntry"": 2.25, ""ZEmaBars"": 120, ""NewsBeforeMin"": 30, ""NewsAfterMin"": 60, ""NewsCloseMode"": 0, ""DailyLossPct"": 8.0, ""MaxSpreadPts"": 0}"
-3.1080908419224285,-3.1080908419224285,18.51756124178008,0.0,0.0,85.40399999999974,0.23552423903989836,994.3013796863611,109.0,15.0,182.0,"{""EntryMode"": 1, ""EntryTFMin"": 1, ""GridSpacingPts"": 140, ""TP_Pips"": 5.0, ""MaxLayers"": 1, ""Ladder"": ""step1"", ""MaxHoldSec"": 1800, ""StopPips"": 25.0, ""MaxBasketRiskPct"": 3.0, ""AddMinSec"": 60, ""Session"": ""lateny_1923"", ""ZEntry"": 2.25, ""ZEmaBars"": 120, ""NewsBeforeMin"": 30, ""NewsAfterMin"": 60, ""NewsCloseMode"": 0, ""DailyLossPct"": 8.0, ""MaxSpreadPts"": 0}"
-3.108677457205819,-3.030794524977165,20.038941466114327,0.0,0.0,85.7449999999935,0.28016608826968303,1116.9688728311478,158.0,17.0,189.0,"{""EntryMode"": 1, ""EntryTFMin"": 1, ""GridSpacingPts"": 120, ""TP_Pips"": 6.0, ""MaxLayers"": 2, ""Ladder"": ""step1"", ""MaxHoldSec"": 1800, ""StopPips"": 25.0, ""MaxBasketRiskPct"": 3.0, ""AddMinSec"": 60, ""Session"": ""lateny_1923"", ""ZEntry"": 1.75, ""ZEmaBars"": 120, ""NewsBeforeMin"": 30, ""NewsAfterMin"": 15, ""NewsCloseMode"": 0, ""DailyLossPct"": 8.0, ""MaxSpreadPts"": 0}"
-3.108677457205819,-3.030794524977165,20.038941466114327,0.0,0.0,85.7449999999935,0.28016608826968303,1116.9688728311478,158.0,17.0,189.0,"{""EntryMode"": 1, ""EntryTFMin"": 1, ""GridSpacingPts"": 120, ""TP_Pips"": 6.0, ""MaxLayers"": 1, ""Ladder"": ""step1"", ""MaxHoldSec"": 1800, ""StopPips"": 25.0, ""MaxBasketRiskPct"": 3.0, ""AddMinSec"": 60, ""Session"": ""lateny_1923"", ""ZEntry"": 1.75, ""ZEmaBars"": 120, ""NewsBeforeMin"": 30, ""NewsAfterMin"": 15, ""NewsCloseMode"": 0, ""DailyLossPct"": 8.0, ""MaxSpreadPts"": 0}"
-3.123461832901352,-2.320677985680586,20.401391923610383,0.0,0.0,88.92899999999678,0.28478421060379866,562.7487410104152,336.0,3.0,31.0,"{""EntryMode"": 1, ""EntryTFMin"": 1, ""GridSpacingPts"": 130, ""TP_Pips"": 10.0, ""MaxLayers"": 6, ""Ladder"": ""step1"", ""MaxHoldSec"": 600, ""StopPips"": 26.0, ""MaxBasketRiskPct"": 3.0, ""AddMinSec"": 60, ""Session"": ""lateny_1923"", ""ZEntry"": 2.0, ""ZEmaBars"": 120, ""NewsBeforeMin"": 30, ""NewsAfterMin"": 30, ""NewsCloseMode"": 2, ""DailyLossPct"": 8.0, ""MaxSpreadPts"": 0}"
-3.1753871710859527,-3.1753871710859527,17.536601199533177,0.0,0.0,85.1079999999986,0.22551830731598113,517.3835548684486,223.0,7.0,63.0,"{""EntryMode"": 1, ""EntryTFMin"": 1, ""GridSpacingPts"": 105, ""TP_Pips"": 7.5, ""MaxLayers"": 5, ""Ladder"": ""step1"", ""MaxHoldSec"": 600, ""StopPips"": 25.0, ""MaxBasketRiskPct"": 3.0, ""AddMinSec"": 60, ""Session"": ""lateny_1923"", ""ZEntry"": 2.25, ""ZEmaBars"": 120, ""NewsBeforeMin"": 30, ""NewsAfterMin"": 30, ""NewsCloseMode"": 0, ""DailyLossPct"": 8.0, ""MaxSpreadPts"": 0}"
-3.428226641023139,-2.353891806058117,20.53716741748251,0.0,0.0,88.77799999999677,0.2832448364924268,563.1089863709217,335.0,3.0,30.0,"{""EntryMode"": 1, ""EntryTFMin"": 1, ""GridSpacingPts"": 115, ""TP_Pips"": 10.0, ""MaxLayers"": 3, ""Ladder"": ""step1"", ""MaxHoldSec"": 600, ""StopPips"": 26.0, ""MaxBasketRiskPct"": 3.0, ""AddMinSec"": 30, ""Session"": ""lateny_1923"", ""ZEntry"": 2.0, ""ZEmaBars"": 120, ""NewsBeforeMin"": 15, ""NewsAfterMin"": 60, ""NewsCloseMode"": 0, ""DailyLossPct"": 8.0, ""MaxSpreadPts"": 0}"
-3.428226641023139,-2.353891806058117,20.53716741748251,0.0,0.0,88.77799999999677,0.2832448364924268,563.1089863709217,335.0,3.0,30.0,"{""EntryMode"": 1, ""EntryTFMin"": 1, ""GridSpacingPts"": 105, ""TP_Pips"": 10.0, ""MaxLayers"": 6, ""Ladder"": ""step1"", ""MaxHoldSec"": 600, ""StopPips"": 26.0, ""MaxBasketRiskPct"": 3.0, ""AddMinSec"": 60, ""Session"": ""lateny_1923"", ""ZEntry"": 2.0, ""ZEmaBars"": 120, ""NewsBeforeMin"": 60, ""NewsAfterMin"": 60, ""NewsCloseMode"": 2, ""DailyLossPct"": 8.0, ""MaxSpreadPts"": 0}"
-3.453579600267105,-3.028305192144387,20.21263720406136,0.0,0.0,85.7559999999965,0.2501482930979313,1214.5796010275146,165.0,17.0,143.0,"{""EntryMode"": 1, ""EntryTFMin"": 1, ""GridSpacingPts"": 130, ""TP_Pips"": 7.0, ""MaxLayers"": 2, ""Ladder"": ""step1"", ""MaxHoldSec"": 1800, ""StopPips"": 25.0, ""MaxBasketRiskPct"": 3.0, ""AddMinSec"": 60, ""Session"": ""lateny_1923"", ""ZEntry"": 1.75, ""ZEmaBars"": 120, ""NewsBeforeMin"": 30, ""NewsAfterMin"": 60, ""NewsCloseMode"": 0, ""DailyLossPct"": 8.0, ""MaxSpreadPts"": 0}"
-3.657619254155807,-2.950585546082496,20.353516854036656,0.0,0.0,86.0999999999995,0.3140323187198645,956.2516265962313,141.0,26.0,241.0,"{""EntryMode"": 1, ""EntryTFMin"": 1, ""GridSpacingPts"": 140, ""TP_Pips"": 5.5, ""MaxLayers"": 2, ""Ladder"": ""step1"", ""MaxHoldSec"": 1800, ""StopPips"": 25.0, ""MaxBasketRiskPct"": 3.0, ""AddMinSec"": 60, ""Session"": ""lateny_1923"", ""ZEntry"": 2.25, ""ZEmaBars"": 120, ""NewsBeforeMin"": 30, ""NewsAfterMin"": 60, ""NewsCloseMode"": 0, ""DailyLossPct"": 8.0, ""MaxSpreadPts"": 0}"
-3.850613529086688,-2.9361534901942377,20.457230019446225,0.0,0.0,86.16399999999342,0.2563057895434188,1168.9393507852483,156.0,17.0,160.0,"{""EntryMode"": 1, ""EntryTFMin"": 1, ""GridSpacingPts"": 130, ""TP_Pips"": 6.5, ""MaxLayers"": 2, ""Ladder"": ""step1"", ""MaxHoldSec"": 1800, ""StopPips"": 25.0, ""MaxBasketRiskPct"": 3.0, ""AddMinSec"": 60, ""Session"": ""lateny_1923"", ""ZEntry"": 1.75, ""ZEmaBars"": 120, ""NewsBeforeMin"": 30, ""NewsAfterMin"": 60, ""NewsCloseMode"": 0, ""DailyLossPct"": 8.0, ""MaxSpreadPts"": 0}"
-3.850613529086688,-2.9361534901942377,20.457230019446225,0.0,0.0,86.16399999999342,0.2563057895434188,1168.9393507852483,156.0,17.0,160.0,"{""EntryMode"": 1, ""EntryTFMin"": 1, ""GridSpacingPts"": 135, ""TP_Pips"": 6.5, ""MaxLayers"": 2, ""Ladder"": ""step1"", ""MaxHoldSec"": 1800, ""StopPips"": 25.0, ""MaxBasketRiskPct"": 3.0, ""AddMinSec"": 60, ""Session"": ""lateny_1923"", ""ZEntry"": 1.75, ""ZEmaBars"": 120, ""NewsBeforeMin"": 30, ""NewsAfterMin"": 60, ""NewsCloseMode"": 0, ""DailyLossPct"": 8.0, ""MaxSpreadPts"": 0}"
-3.850613529086688,-2.9361534901942377,20.457230019446225,0.0,0.0,86.16399999999342,0.2563057895434188,1168.9393507852483,156.0,17.0,160.0,"{""EntryMode"": 1, ""EntryTFMin"": 1, ""GridSpacingPts"": 135, ""TP_Pips"": 6.5, ""MaxLayers"": 1, ""Ladder"": ""step1"", ""MaxHoldSec"": 1800, ""StopPips"": 25.0, ""MaxBasketRiskPct"": 3.0, ""AddMinSec"": 60, ""Session"": ""lateny_1923"", ""ZEntry"": 1.75, ""ZEmaBars"": 120, ""NewsBeforeMin"": 30, ""NewsAfterMin"": 60, ""NewsCloseMode"": 0, ""DailyLossPct"": 8.0, ""MaxSpreadPts"": 0}"
-3.8669197468360563,-2.9747333164922507,20.446093215171903,0.0,0.0,85.99299999999346,0.2578451636547907,1167.2251372607848,157.0,17.0,161.0,"{""EntryMode"": 1, ""EntryTFMin"": 1, ""GridSpacingPts"": 105, ""TP_Pips"": 6.5, ""MaxLayers"": 2, ""Ladder"": ""step1"", ""MaxHoldSec"": 1800, ""StopPips"": 25.0, ""MaxBasketRiskPct"": 3.0, ""AddMinSec"": 60, ""Session"": ""lateny_1923"", ""ZEntry"": 1.75, ""ZEmaBars"": 120, ""NewsBeforeMin"": 30, ""NewsAfterMin"": 15, ""NewsCloseMode"": 0, ""DailyLossPct"": 8.0, ""MaxSpreadPts"": 0}"
-3.8669197468360563,-2.9747333164922507,20.446093215171903,0.0,0.0,85.99299999999346,0.2578451636547907,1167.2251372607848,157.0,17.0,161.0,"{""EntryMode"": 1, ""EntryTFMin"": 1, ""GridSpacingPts"": 115, ""TP_Pips"": 6.5, ""MaxLayers"": 4, ""Ladder"": ""step1"", ""MaxHoldSec"": 1800, ""StopPips"": 25.0, ""MaxBasketRiskPct"": 3.0, ""AddMinSec"": 60, ""Session"": ""lateny_1923"", ""ZEntry"": 1.75, ""ZEmaBars"": 120, ""NewsBeforeMin"": 30, ""NewsAfterMin"": 15, ""NewsCloseMode"": 0, ""DailyLossPct"": 8.0, ""MaxSpreadPts"": 0}"
-4.1084576939876545,-2.7157796279320245,20.696339033027815,0.0,0.0,87.14599999999774,0.2509179801536172,1296.7574179763744,185.0,16.0,125.0,"{""EntryMode"": 1, ""EntryTFMin"": 1, ""GridSpacingPts"": 150, ""TP_Pips"": 8.0, ""MaxLayers"": 2, ""Ladder"": ""step1"", ""MaxHoldSec"": 1800, ""StopPips"": 26.0, ""MaxBasketRiskPct"": 3.0, ""AddMinSec"": 15, ""Session"": ""lateny_1923"", ""ZEntry"": 1.75, ""ZEmaBars"": 120, ""NewsBeforeMin"": 30, ""NewsAfterMin"": 15, ""NewsCloseMode"": 0, ""DailyLossPct"": 8.0, ""MaxSpreadPts"": 0}"
-4.534741954201905,-2.9348009246097817,20.799970514796062,0.0,0.0,86.1699999999999,0.2563057895434188,1438.959477760405,232.0,17.0,84.0,"{""EntryMode"": 1, ""EntryTFMin"": 1, ""GridSpacingPts"": 110, ""TP_Pips"": 10.0, ""MaxLayers"": 2, ""Ladder"": ""step1"", ""MaxHoldSec"": 1800, ""StopPips"": 25.0, ""MaxBasketRiskPct"": 3.0, ""AddMinSec"": 60, ""Session"": ""lateny_1923"", ""ZEntry"": 1.75, ""ZEmaBars"": 120, ""NewsBeforeMin"": 30, ""NewsAfterMin"": 60, ""NewsCloseMode"": 0, ""DailyLossPct"": 8.0, ""MaxSpreadPts"": 0}"
-4.88016713906427,-3.093791722542427,20.89318770826092,0.0,0.0,85.46699999999672,0.25322704132067503,1212.39608855681,167.0,17.0,145.0,"{""EntryMode"": 1, ""EntryTFMin"": 1, ""GridSpacingPts"": 145, ""TP_Pips"": 7.0, ""MaxLayers"": 1, ""Ladder"": ""step1"", ""MaxHoldSec"": 1800, ""StopPips"": 25.0, ""MaxBasketRiskPct"": 3.0, ""AddMinSec"": 60, ""Session"": ""lateny_1923"", ""ZEntry"": 1.75, ""ZEmaBars"": 120, ""NewsBeforeMin"": 30, ""NewsAfterMin"": 15, ""NewsCloseMode"": 0, ""DailyLossPct"": 8.0, ""MaxSpreadPts"": 0}"
-4.88016713906427,-3.093791722542427,20.89318770826092,0.0,0.0,85.46699999999672,0.25322704132067503,1212.39608855681,167.0,17.0,145.0,"{""EntryMode"": 1, ""EntryTFMin"": 1, ""GridSpacingPts"": 105, ""TP_Pips"": 7.0, ""MaxLayers"": 1, ""Ladder"": ""step1"", ""MaxHoldSec"": 1800, ""StopPips"": 25.0, ""MaxBasketRiskPct"": 3.0, ""AddMinSec"": 60, ""Session"": ""lateny_1923"", ""ZEntry"": 1.75, ""ZEmaBars"": 120, ""NewsBeforeMin"": 30, ""NewsAfterMin"": 15, ""NewsCloseMode"": 0, ""DailyLossPct"": 8.0, ""MaxSpreadPts"": 0}"
-4.986507137818004,-3.36784706207226,20.809330037872872,0.0,0.0,84.2660000000005,0.25707547659910474,1952.5728997592823,274.0,18.0,42.0,"{""EntryMode"": 1, ""EntryTFMin"": 1, ""GridSpacingPts"": 145, ""TP_Pips"": 13.5, ""MaxLayers"": 3, ""Ladder"": ""step1"", ""MaxHoldSec"": 1800, ""StopPips"": 25.0, ""MaxBasketRiskPct"": 3.0, ""AddMinSec"": 15, ""Session"": ""lateny_1923"", ""ZEntry"": 1.75, ""ZEmaBars"": 120, ""NewsBeforeMin"": 30, ""NewsAfterMin"": 15, ""NewsCloseMode"": 0, ""DailyLossPct"": 8.0, ""MaxSpreadPts"": 0}"
-5.034800602077272,-2.9399861685109663,21.047407216783153,0.0,0.0,86.14699999999583,0.40100695601237596,1112.0342041662586,226.0,25.0,270.0,"{""EntryMode"": 1, ""EntryTFMin"": 1, ""GridSpacingPts"": 145, ""TP_Pips"": 6.0, ""MaxLayers"": 2, ""Ladder"": ""step1"", ""MaxHoldSec"": 1800, ""StopPips"": 25.0, ""MaxBasketRiskPct"": 3.0, ""AddMinSec"": 60, ""Session"": ""lateny_1923"", ""ZEntry"": 2.0, ""ZEmaBars"": 120, ""NewsBeforeMin"": 30, ""NewsAfterMin"": 60, ""NewsCloseMode"": 0, ""DailyLossPct"": 8.0, ""MaxSpreadPts"": 0}"
-5.034800602077272,-2.9399861685109663,21.047407216783153,0.0,0.0,86.14699999999583,0.40100695601237596,1112.0342041662586,226.0,25.0,270.0,"{""EntryMode"": 1, ""EntryTFMin"": 1, ""GridSpacingPts"": 145, ""TP_Pips"": 6.0, ""MaxLayers"": 5, ""Ladder"": ""flat"", ""MaxHoldSec"": 1800, ""StopPips"": 25.0, ""MaxBasketRiskPct"": 3.0, ""AddMinSec"": 60, ""Session"": ""lateny_1923"", ""ZEntry"": 2.0, ""ZEmaBars"": 120, ""NewsBeforeMin"": 30, ""NewsAfterMin"": 60, ""NewsCloseMode"": 0, ""DailyLossPct"": 8.0, ""MaxSpreadPts"": 0}"
-5.401474847819339,-2.9501344144710395,21.22567021667415,0.0,0.0,86.10199999999955,0.20781550503520443,882.6718274569107,81.0,13.0,176.0,"{""EntryMode"": 1, ""EntryTFMin"": 1, ""GridSpacingPts"": 115, ""TP_Pips"": 4.5, ""MaxLayers"": 3, ""Ladder"": ""step1"", ""MaxHoldSec"": 1800, ""StopPips"": 25.0, ""MaxBasketRiskPct"": 3.0, ""AddMinSec"": 15, ""Session"": ""lateny_1923"", ""ZEntry"": 2.0, ""ZEmaBars"": 120, ""NewsBeforeMin"": 30, ""NewsAfterMin"": 15, ""NewsCloseMode"": 0, ""DailyLossPct"": 8.0, ""MaxSpreadPts"": 0}"
-5.401474847819339,-2.9501344144710395,21.22567021667415,0.0,0.0,86.10199999999955,0.20781550503520443,882.6718274569107,81.0,13.0,176.0,"{""EntryMode"": 1, ""EntryTFMin"": 1, ""GridSpacingPts"": 115, ""TP_Pips"": 4.5, ""MaxLayers"": 3, ""Ladder"": ""step1"", ""MaxHoldSec"": 1800, ""StopPips"": 25.0, ""MaxBasketRiskPct"": 3.0, ""AddMinSec"": 60, ""Session"": ""lateny_1923"", ""ZEntry"": 2.0, ""ZEmaBars"": 120, ""NewsBeforeMin"": 30, ""NewsAfterMin"": 15, ""NewsCloseMode"": 0, ""DailyLossPct"": 8.0, ""MaxSpreadPts"": 0}"
-5.520943220336953,-4.448036216917927,20.536453501709513,0.0,0.0,79.66300000000106,0.19703988625560126,123.16994653468909,242.0,0.0,14.0,"{""EntryMode"": 1, ""EntryTFMin"": 1, ""GridSpacingPts"": 120, ""TP_Pips"": 5.5, ""MaxLayers"": 2, ""Ladder"": ""step1"", ""MaxHoldSec"": 120, ""StopPips"": 23.0, ""MaxBasketRiskPct"": 3.0, ""AddMinSec"": 60, ""Session"": ""lateny_1923"", ""ZEntry"": 1.75, ""ZEmaBars"": 120, ""NewsBeforeMin"": 30, ""NewsAfterMin"": 15, ""NewsCloseMode"": 0, ""DailyLossPct"": 8.0, ""MaxSpreadPts"": 0}"
-5.540519134058575,-3.6726848308929805,20.933917151582797,0.0,0.0,82.94599999999959,0.2339848649285265,881.7129954385906,90.0,17.0,197.0,"{""EntryMode"": 1, ""EntryTFMin"": 1, ""GridSpacingPts"": 150, ""TP_Pips"": 4.5, ""MaxLayers"": 5, ""Ladder"": ""step1"", ""MaxHoldSec"": 1800, ""StopPips"": 24.0, ""MaxBasketRiskPct"": 3.0, ""AddMinSec"": 60, ""Session"": ""lateny_1923"", ""ZEntry"": 2.25, ""ZEmaBars"": 120, ""NewsBeforeMin"": 15, ""NewsAfterMin"": 30, ""NewsCloseMode"": 0, ""DailyLossPct"": 8.0, ""MaxSpreadPts"": 0}"
-5.590399353791922,-4.467727009799871,20.561336171996025,0.0,0.0,79.58100000000348,0.21397300148069198,126.04106759170477,261.0,0.0,17.0,"{""EntryMode"": 1, ""EntryTFMin"": 1, ""GridSpacingPts"": 135, ""TP_Pips"": 5.5, ""MaxLayers"": 2, ""Ladder"": ""step1"", ""MaxHoldSec"": 120, ""StopPips"": 23.0, ""MaxBasketRiskPct"": 3.0, ""AddMinSec"": 60, ""Session"": ""lateny_1923"", ""ZEntry"": 1.5, ""ZEmaBars"": 120, ""NewsBeforeMin"": 30, ""NewsAfterMin"": 15, ""NewsCloseMode"": 0, ""DailyLossPct"": 8.0, ""MaxSpreadPts"": 0}"
-5.590399353791922,-4.467727009799871,20.561336171996025,0.0,0.0,79.58100000000348,0.21397300148069198,126.04106759170477,261.0,0.0,17.0,"{""EntryMode"": 1, ""EntryTFMin"": 1, ""GridSpacingPts"": 130, ""TP_Pips"": 5.5, ""MaxLayers"": 2, ""Ladder"": ""step1"", ""MaxHoldSec"": 120, ""StopPips"": 23.0, ""MaxBasketRiskPct"": 3.0, ""AddMinSec"": 60, ""Session"": ""lateny_1923"", ""ZEntry"": 1.5, ""ZEmaBars"": 120, ""NewsBeforeMin"": 30, ""NewsAfterMin"": 15, ""NewsCloseMode"": 0, ""DailyLossPct"": 8.0, ""MaxSpreadPts"": 0}"
-5.677694278726414,-3.760460425592904,20.958616926566755,0.0,0.0,82.5690000000011,0.22936674259441084,934.8371259834003,95.0,19.0,184.0,"{""EntryMode"": 1, ""EntryTFMin"": 1, ""GridSpacingPts"": 110, ""TP_Pips"": 5.0, ""MaxLayers"": 3, ""Ladder"": ""step1"", ""MaxHoldSec"": 1800, ""StopPips"": 24.0, ""MaxBasketRiskPct"": 3.0, ""AddMinSec"": 60, ""Session"": ""lateny_1923"", ""ZEntry"": 2.25, ""ZEmaBars"": 120, ""NewsBeforeMin"": 30, ""NewsAfterMin"": 15, ""NewsCloseMode"": 0, ""DailyLossPct"": 8.0, ""MaxSpreadPts"": 0}"
-5.677694278726414,-3.760460425592904,20.958616926566755,0.0,0.0,82.5690000000011,0.22936674259441084,934.8371259834003,95.0,19.0,184.0,"{""EntryMode"": 1, ""EntryTFMin"": 1, ""GridSpacingPts"": 115, ""TP_Pips"": 5.0, ""MaxLayers"": 2, ""Ladder"": ""step1"", ""MaxHoldSec"": 1800, ""StopPips"": 24.0, ""MaxBasketRiskPct"": 3.0, ""AddMinSec"": 60, ""Session"": ""lateny_1923"", ""ZEntry"": 2.25, ""ZEmaBars"": 120, ""NewsBeforeMin"": 30, ""NewsAfterMin"": 15, ""NewsCloseMode"": 0, ""DailyLossPct"": 8.0, ""MaxSpreadPts"": 0}"
-5.751013835789169,-3.0102086326517563,21.370402601568706,0.0,0.0,85.8359999999991,0.29632951643908784,522.6777616444199,298.0,5.0,82.0,"{""EntryMode"": 1, ""EntryTFMin"": 1, ""GridSpacingPts"": 115, ""TP_Pips"": 7.0, ""MaxLayers"": 1, ""Ladder"": ""step1"", ""MaxHoldSec"": 600, ""StopPips"": 25.0, ""MaxBasketRiskPct"": 3.0, ""AddMinSec"": 30, ""Session"": ""lateny_1923"", ""ZEntry"": 2.0, ""ZEmaBars"": 120, ""NewsBeforeMin"": 60, ""NewsAfterMin"": 30, ""NewsCloseMode"": 2, ""DailyLossPct"": 8.0, ""MaxSpreadPts"": 0}"
-5.807529038841237,-3.087439264473202,21.360044887184017,0.0,0.0,85.49500000000079,0.21705174970343574,945.2631522312904,88.0,16.0,178.0,"{""EntryMode"": 1, ""EntryTFMin"": 1, ""GridSpacingPts"": 150, ""TP_Pips"": 5.0, ""MaxLayers"": 5, ""Ladder"": ""flat"", ""MaxHoldSec"": 1800, ""StopPips"": 25.0, ""MaxBasketRiskPct"": 3.0, ""AddMinSec"": 15, ""Session"": ""lateny_1923"", ""ZEntry"": 2.0, ""ZEmaBars"": 120, ""NewsBeforeMin"": 15, ""NewsAfterMin"": 30, ""NewsCloseMode"": 0, ""DailyLossPct"": 8.0, ""MaxSpreadPts"": 0}"
-5.905307608073379,-3.696634226448403,21.104336690812488,0.0,0.0,82.84300000000029,0.23321517787284055,1099.2720559936581,130.0,18.0,155.0,"{""EntryMode"": 1, ""EntryTFMin"": 1, ""GridSpacingPts"": 115, ""TP_Pips"": 6.0, ""MaxLayers"": 2, ""Ladder"": ""step1"", ""MaxHoldSec"": 1800, ""StopPips"": 24.0, ""MaxBasketRiskPct"": 3.0, ""AddMinSec"": 60, ""Session"": ""lateny_1923"", ""ZEntry"": 2.25, ""ZEmaBars"": 120, ""NewsBeforeMin"": 30, ""NewsAfterMin"": 15, ""NewsCloseMode"": 0, ""DailyLossPct"": 8.0, ""MaxSpreadPts"": 0}"
-6.040016865956315,-2.998905132720009,21.520555866618153,0.0,0.0,85.88599999999646,0.26939046949007983,1273.503937302816,187.0,17.0,146.0,"{""EntryMode"": 1, ""EntryTFMin"": 1, ""GridSpacingPts"": 115, ""TP_Pips"": 7.5, ""MaxLayers"": 5, ""Ladder"": ""step1"", ""MaxHoldSec"": 1800, ""StopPips"": 25.0, ""MaxBasketRiskPct"": 3.0, ""AddMinSec"": 15, ""Session"": ""lateny_1923"", ""ZEntry"": 1.75, ""ZEmaBars"": 120, ""NewsBeforeMin"": 30, ""NewsAfterMin"": 15, ""NewsCloseMode"": 0, ""DailyLossPct"": 8.0, ""MaxSpreadPts"": 0}"
-6.040016865956315,-2.998905132720009,21.520555866618153,0.0,0.0,85.88599999999646,0.26939046949007983,1273.503937302816,187.0,17.0,146.0,"{""EntryMode"": 1, ""EntryTFMin"": 1, ""GridSpacingPts"": 90, ""TP_Pips"": 7.5, ""MaxLayers"": 3, ""Ladder"": ""step1"", ""MaxHoldSec"": 1800, ""StopPips"": 25.0, ""MaxBasketRiskPct"": 3.0, ""AddMinSec"": 60, ""Session"": ""lateny_1923"", ""ZEntry"": 1.75, ""ZEmaBars"": 120, ""NewsBeforeMin"": 30, ""NewsAfterMin"": 15, ""NewsCloseMode"": 0, ""DailyLossPct"": 8.0, ""MaxSpreadPts"": 0}"
-6.119986190992011,-3.08607823996927,21.51695397551137,0.0,0.0,85.50099999999989,0.29402045527202997,533.5063648295403,307.0,5.0,70.0,"{""EntryMode"": 1, ""EntryTFMin"": 1, ""GridSpacingPts"": 110, ""TP_Pips"": 7.5, ""MaxLayers"": 6, ""Ladder"": ""step1"", ""MaxHoldSec"": 600, ""StopPips"": 25.0, ""MaxBasketRiskPct"": 3.0, ""AddMinSec"": 60, ""Session"": ""lateny_1923"", ""ZEntry"": 2.0, ""ZEmaBars"": 120, ""NewsBeforeMin"": 30, ""NewsAfterMin"": 60, ""NewsCloseMode"": 0, ""DailyLossPct"": 8.0, ""MaxSpreadPts"": 0}"
-6.213083769689737,-2.9643490885035373,21.6243673405931,0.0,0.0,86.0389999999957,0.28247514943674085,578.6675749438151,356.0,3.0,8.0,"{""EntryMode"": 1, ""EntryTFMin"": 1, ""GridSpacingPts"": 110, ""TP_Pips"": 12.5, ""MaxLayers"": 6, ""Ladder"": ""step1"", ""MaxHoldSec"": 600, ""StopPips"": 25.0, ""MaxBasketRiskPct"": 3.0, ""AddMinSec"": 60, ""Session"": ""lateny_1923"", ""ZEntry"": 2.0, ""ZEmaBars"": 120, ""NewsBeforeMin"": 60, ""NewsAfterMin"": 60, ""NewsCloseMode"": 0, ""DailyLossPct"": 8.0, ""MaxSpreadPts"": 0}"
-6.217683535423975,-3.0493594237313126,21.58416205584633,0.0,0.0,85.66299999999778,0.25861485071047663,1042.4593823552134,129.0,21.0,186.0,"{""EntryMode"": 1, ""EntryTFMin"": 1, ""GridSpacingPts"": 125, ""TP_Pips"": 6.0, ""MaxLayers"": 5, ""Ladder"": ""step1"", ""MaxHoldSec"": 1800, ""StopPips"": 25.0, ""MaxBasketRiskPct"": 3.0, ""AddMinSec"": 60, ""Session"": ""lateny_1923"", ""ZEntry"": 2.0, ""ZEmaBars"": 120, ""NewsBeforeMin"": 30, ""NewsAfterMin"": 15, ""NewsCloseMode"": 0, ""DailyLossPct"": 8.0, ""MaxSpreadPts"": 0}"
-6.324200957536877,-3.1085449203767324,21.607828018580072,0.0,0.0,85.40199999999999,0.29555982938340186,533.2620900234773,308.0,5.0,71.0,"{""EntryMode"": 1, ""EntryTFMin"": 1, ""GridSpacingPts"": 105, ""TP_Pips"": 7.5, ""MaxLayers"": 2, ""Ladder"": ""step1"", ""MaxHoldSec"": 600, ""StopPips"": 25.0, ""MaxBasketRiskPct"": 3.0, ""AddMinSec"": 30, ""Session"": ""lateny_1923"", ""ZEntry"": 2.0, ""ZEmaBars"": 120, ""NewsBeforeMin"": 60, ""NewsAfterMin"": 30, ""NewsCloseMode"": 0, ""DailyLossPct"": 8.0, ""MaxSpreadPts"": 0}"
-6.480159223651334,-3.7331854781355034,21.373486872757915,0.0,0.0,82.68600000000198,0.2555361024877329,1009.2343191157472,124.0,21.0,187.0,"{""EntryMode"": 1, ""EntryTFMin"": 1, ""GridSpacingPts"": 115, ""TP_Pips"": 5.5, ""MaxLayers"": 3, ""Ladder"": ""step1"", ""MaxHoldSec"": 1800, ""StopPips"": 24.0, ""MaxBasketRiskPct"": 3.0, ""AddMinSec"": 60, ""Session"": ""lateny_1923"", ""ZEntry"": 2.25, ""ZEmaBars"": 120, ""NewsBeforeMin"": 30, ""NewsAfterMin"": 15, ""NewsCloseMode"": 0, ""DailyLossPct"": 8.0, ""MaxSpreadPts"": 0}"
-6.5225009832215015,-2.938407933590259,21.79204652481562,0.0,0.0,86.15399999999745,0.26246328598890634,579.1532983340364,331.0,3.0,7.0,"{""EntryMode"": 1, ""EntryTFMin"": 1, ""GridSpacingPts"": 135, ""TP_Pips"": 13.0, ""MaxLayers"": 2, ""Ladder"": ""step1"", ""MaxHoldSec"": 600, ""StopPips"": 25.0, ""MaxBasketRiskPct"": 3.0, ""AddMinSec"": 15, ""Session"": ""lateny_1923"", ""ZEntry"": 2.0, ""ZEmaBars"": 120, ""NewsBeforeMin"": 30, ""NewsAfterMin"": 15, ""NewsCloseMode"": 2, ""DailyLossPct"": 8.0, ""MaxSpreadPts"": 0}"
-6.552611552264357,-3.803524550537074,21.37454350086364,0.0,0.0,82.38453957436074,0.347898549170046,1043.863461337643,170.0,37.0,245.0,"{""EntryMode"": 1, ""EntryTFMin"": 1, ""GridSpacingPts"": 140, ""TP_Pips"": 6.5, ""MaxLayers"": 3, ""Ladder"": ""step1"", ""MaxHoldSec"": 1800, ""StopPips"": 24.0, ""MaxBasketRiskPct"": 3.0, ""AddMinSec"": 60, ""Session"": ""lateny_1923"", ""ZEntry"": 2.25, ""ZEmaBars"": 120, ""NewsBeforeMin"": 30, ""NewsAfterMin"": 60, ""NewsCloseMode"": 0, ""DailyLossPct"": 8.0, ""MaxSpreadPts"": 0}"
-6.7770864158715245,-2.9918996058966862,21.89259340498742,0.0,0.0,85.91699999999898,0.3525166715041616,978.9979990766321,158.0,25.0,275.0,"{""EntryMode"": 1, ""EntryTFMin"": 1, ""GridSpacingPts"": 110, ""TP_Pips"": 5.5, ""MaxLayers"": 2, ""Ladder"": ""step1"", ""MaxHoldSec"": 1800, ""StopPips"": 25.0, ""MaxBasketRiskPct"": 3.0, ""AddMinSec"": 60, ""Session"": ""lateny_1923"", ""ZEntry"": 2.0, ""ZEmaBars"": 120, ""NewsBeforeMin"": 30, ""NewsAfterMin"": 15, ""NewsCloseMode"": 0, ""DailyLossPct"": 8.0, ""MaxSpreadPts"": 0}"
-6.7770864158715245,-2.9918996058966862,21.89259340498742,0.0,0.0,85.91699999999898,0.3525166715041616,978.9979990766321,158.0,25.0,275.0,"{""EntryMode"": 1, ""EntryTFMin"": 1, ""GridSpacingPts"": 130, ""TP_Pips"": 5.5, ""MaxLayers"": 1, ""Ladder"": ""step1"", ""MaxHoldSec"": 1800, ""StopPips"": 25.0, ""MaxBasketRiskPct"": 3.0, ""AddMinSec"": 60, ""Session"": ""lateny_1923"", ""ZEntry"": 2.0, ""ZEmaBars"": 120, ""NewsBeforeMin"": 30, ""NewsAfterMin"": 15, ""NewsCloseMode"": 0, ""DailyLossPct"": 8.0, ""MaxSpreadPts"": 0}"
-6.966516002073233,-3.0011654115364883,21.982675295268372,0.0,0.0,85.87599999999803,0.2886326458822284,512.3019417972127,278.0,4.0,93.0,"{""EntryMode"": 1, ""EntryTFMin"": 1, ""GridSpacingPts"": 135, ""TP_Pips"": 6.5, ""MaxLayers"": 3, ""Ladder"": ""step1"", ""MaxHoldSec"": 600, ""StopPips"": 25.0, ""MaxBasketRiskPct"": 3.0, ""AddMinSec"": 60, ""Session"": ""lateny_1923"", ""ZEntry"": 2.0, ""ZEmaBars"": 120, ""NewsBeforeMin"": 30, ""NewsAfterMin"": 15, ""NewsCloseMode"": 0, ""DailyLossPct"": 5.0, ""MaxSpreadPts"": 0}"
-7.033631316083932,-2.976088108560082,22.028771603761925,0.0,0.0,85.98699999999585,0.28247514943674085,581.4818573784519,359.0,3.0,5.0,"{""EntryMode"": 1, ""EntryTFMin"": 1, ""GridSpacingPts"": 125, ""TP_Pips"": 15.0, ""MaxLayers"": 4, ""Ladder"": ""step1"", ""MaxHoldSec"": 600, ""StopPips"": 25.0, ""MaxBasketRiskPct"": 3.0, ""AddMinSec"": 30, ""Session"": ""lateny_1923"", ""ZEntry"": 2.0, ""ZEmaBars"": 120, ""NewsBeforeMin"": 30, ""NewsAfterMin"": 60, ""NewsCloseMode"": 2, ""DailyLossPct"": 8.0, ""MaxSpreadPts"": 10}"
-7.145174602495807,-3.920300723706305,21.61243693939475,0.0,0.0,81.88600000000058,0.25322704132067503,967.1528415846889,112.0,19.0,198.0,"{""EntryMode"": 1, ""EntryTFMin"": 1, ""GridSpacingPts"": 140, ""TP_Pips"": 5.0, ""MaxLayers"": 4, ""Ladder"": ""flat"", ""MaxHoldSec"": 1800, ""StopPips"": 24.0, ""MaxBasketRiskPct"": 3.0, ""AddMinSec"": 60, ""Session"": ""lateny_1923"", ""ZEntry"": 2.25, ""ZEmaBars"": 120, ""NewsBeforeMin"": 30, ""NewsAfterMin"": 60, ""NewsCloseMode"": 0, ""DailyLossPct"": 8.0, ""MaxSpreadPts"": 0}"
-7.266068343757935,-4.648098789454435,21.30898477715175,0.0,0.0,78.83300000000334,0.21705174970343574,124.31799053303345,260.0,0.0,22.0,"{""EntryMode"": 1, ""EntryTFMin"": 1, ""GridSpacingPts"": 125, ""TP_Pips"": 5.0, ""MaxLayers"": 4, ""Ladder"": ""step1"", ""MaxHoldSec"": 120, ""StopPips"": 23.0, ""MaxBasketRiskPct"": 3.0, ""AddMinSec"": 60, ""Session"": ""lateny_1923"", ""ZEntry"": 1.5, ""ZEmaBars"": 120, ""NewsBeforeMin"": 30, ""NewsAfterMin"": 15, ""NewsCloseMode"": 0, ""DailyLossPct"": 8.0, ""MaxSpreadPts"": 0}"
-7.309548105104735,-2.922856532506568,22.193345786299083,0.0,0.0,86.22299999999768,0.29786889055045973,550.5894537401789,334.0,6.0,47.0,"{""EntryMode"": 1, ""EntryTFMin"": 1, ""GridSpacingPts"": 125, ""TP_Pips"": 9.0, ""MaxLayers"": 6, ""Ladder"": ""step1"", ""MaxHoldSec"": 600, ""StopPips"": 25.0, ""MaxBasketRiskPct"": 3.0, ""AddMinSec"": 30, ""Session"": ""lateny_1923"", ""ZEntry"": 2.0, ""ZEmaBars"": 120, ""NewsBeforeMin"": 30, ""NewsAfterMin"": 30, ""NewsCloseMode"": 2, ""DailyLossPct"": 8.0, ""MaxSpreadPts"": 0}"
-7.322512236212535,-3.908563281095301,21.706974477558617,0.0,0.0,81.93600000000134,0.3425107397802444,1098.2357805660502,186.0,38.0,221.0,"{""EntryMode"": 1, ""EntryTFMin"": 1, ""GridSpacingPts"": 150, ""TP_Pips"": 7.0, ""MaxLayers"": 1, ""Ladder"": ""step1"", ""MaxHoldSec"": 1800, ""StopPips"": 24.0, ""MaxBasketRiskPct"": 3.0, ""AddMinSec"": 60, ""Session"": ""lateny_1923"", ""ZEntry"": 2.25, ""ZEmaBars"": 120, ""NewsBeforeMin"": 30, ""NewsAfterMin"": 60, ""NewsCloseMode"": 0, ""DailyLossPct"": 8.0, ""MaxSpreadPts"": 0}"
-7.4130852982684745,-2.93435008615639,22.239367606056042,0.0,0.0,86.17199999999761,0.29632951643908784,550.9179020028553,333.0,6.0,46.0,"{""EntryMode"": 1, ""EntryTFMin"": 1, ""GridSpacingPts"": 110, ""TP_Pips"": 9.0, ""MaxLayers"": 4, ""Ladder"": ""step1"", ""MaxHoldSec"": 600, ""StopPips"": 25.0, ""MaxBasketRiskPct"": 3.0, ""AddMinSec"": 30, ""Session"": ""lateny_1923"", ""ZEntry"": 2.0, ""ZEmaBars"": 120, ""NewsBeforeMin"": 60, ""NewsAfterMin"": 60, ""NewsCloseMode"": 0, ""DailyLossPct"": 8.0, ""MaxSpreadPts"": 0}"
-7.4130852982684745,-2.93435008615639,22.239367606056042,0.0,0.0,86.17199999999761,0.29632951643908784,550.9179020028553,333.0,6.0,46.0,"{""EntryMode"": 1, ""EntryTFMin"": 1, ""GridSpacingPts"": 100, ""TP_Pips"": 9.0, ""MaxLayers"": 6, ""Ladder"": ""step1"", ""MaxHoldSec"": 600, ""StopPips"": 25.0, ""MaxBasketRiskPct"": 3.0, ""AddMinSec"": 60, ""Session"": ""lateny_1923"", ""ZEntry"": 2.0, ""ZEmaBars"": 120, ""NewsBeforeMin"": 60, ""NewsAfterMin"": 60, ""NewsCloseMode"": 0, ""DailyLossPct"": 8.0, ""MaxSpreadPts"": 0}"
-7.4130852982684745,-2.93435008615639,22.239367606056042,0.0,0.0,86.17199999999761,0.29632951643908784,550.9179020028553,333.0,6.0,46.0,"{""EntryMode"": 1, ""EntryTFMin"": 1, ""GridSpacingPts"": 120, ""TP_Pips"": 9.0, ""MaxLayers"": 5, ""Ladder"": ""step1"", ""MaxHoldSec"": 600, ""StopPips"": 25.0, ""MaxBasketRiskPct"": 3.0, ""AddMinSec"": 60, ""Session"": ""lateny_1923"", ""ZEntry"": 2.0, ""ZEmaBars"": 120, ""NewsBeforeMin"": 60, ""NewsAfterMin"": 60, ""NewsCloseMode"": 0, ""DailyLossPct"": 8.0, ""MaxSpreadPts"": 0}"
-7.472397700698416,-2.932321416683059,22.270038142007678,0.0,0.0,86.18099999999716,0.29171139410497215,548.544729024397,322.0,4.0,53.0,"{""EntryMode"": 1, ""EntryTFMin"": 1, ""GridSpacingPts"": 110, ""TP_Pips"": 8.5, ""MaxLayers"": 3, ""Ladder"": ""step1"", ""MaxHoldSec"": 600, ""StopPips"": 25.0, ""MaxBasketRiskPct"": 3.0, ""AddMinSec"": 60, ""Session"": ""lateny_1923"", ""ZEntry"": 2.0, ""ZEmaBars"": 120, ""NewsBeforeMin"": 30, ""NewsAfterMin"": 15, ""NewsCloseMode"": 0, ""DailyLossPct"": 8.0, ""MaxSpreadPts"": 0}"
-7.511216615877306,-3.0969982140509944,22.207109200913155,0.0,0.0,85.45286939672884,0.34712886211436,970.0403378938325,153.0,24.0,274.0,"{""EntryMode"": 1, ""EntryTFMin"": 1, ""GridSpacingPts"": 135, ""TP_Pips"": 5.5, ""MaxLayers"": 4, ""Ladder"": ""step1"", ""MaxHoldSec"": 1800, ""StopPips"": 25.0, ""MaxBasketRiskPct"": 3.0, ""AddMinSec"": 60, ""Session"": ""lateny_1923"", ""ZEntry"": 2.0, ""ZEmaBars"": 120, ""NewsBeforeMin"": 30, ""NewsAfterMin"": 15, ""NewsCloseMode"": 0, ""DailyLossPct"": 5.0, ""MaxSpreadPts"": 0}"
-7.886002541469322,-2.9253457982852615,22.48032837159203,0.0,0.0,86.2119524081029,0.24399079665244375,552.5822659077184,286.0,3.0,28.0,"{""EntryMode"": 1, ""EntryTFMin"": 1, ""GridSpacingPts"": 145, ""TP_Pips"": 10.0, ""MaxLayers"": 6, ""Ladder"": ""step1"", ""MaxHoldSec"": 600, ""StopPips"": 25.0, ""MaxBasketRiskPct"": 3.0, ""AddMinSec"": 60, ""Session"": ""lateny_1923"", ""ZEntry"": 2.0, ""ZEmaBars"": 120, ""NewsBeforeMin"": 15, ""NewsAfterMin"": 60, ""NewsCloseMode"": 2, ""DailyLossPct"": 3.0, ""MaxSpreadPts"": 0}"
-8.170557257557054,-3.1619584531971334,22.50429940217996,0.0,0.0,85.16699999999939,0.29709920349477376,539.6206020034186,316.0,6.0,64.0,"{""EntryMode"": 1, ""EntryTFMin"": 1, ""GridSpacingPts"": 110, ""TP_Pips"": 8.0, ""MaxLayers"": 5, ""Ladder"": ""step1"", ""MaxHoldSec"": 600, ""StopPips"": 25.0, ""MaxBasketRiskPct"": 3.0, ""AddMinSec"": 60, ""Session"": ""lateny_1923"", ""ZEntry"": 2.0, ""ZEmaBars"": 120, ""NewsBeforeMin"": 30, ""NewsAfterMin"": 60, ""NewsCloseMode"": 0, ""DailyLossPct"": 8.0, ""MaxSpreadPts"": 0}"
-8.170557257557054,-3.1619584531971334,22.50429940217996,0.0,0.0,85.16699999999939,0.29709920349477376,539.6206020034186,316.0,6.0,64.0,"{""EntryMode"": 1, ""EntryTFMin"": 1, ""GridSpacingPts"": 125, ""TP_Pips"": 8.0, ""MaxLayers"": 4, ""Ladder"": ""step1"", ""MaxHoldSec"": 600, ""StopPips"": 25.0, ""MaxBasketRiskPct"": 3.0, ""AddMinSec"": 60, ""Session"": ""lateny_1923"", ""ZEntry"": 2.0, ""ZEmaBars"": 120, ""NewsBeforeMin"": 30, ""NewsAfterMin"": 60, ""NewsCloseMode"": 0, ""DailyLossPct"": 8.0, ""MaxSpreadPts"": 0}"
-8.193694046964549,-3.8982390698482416,22.147727488558154,0.0,0.0,81.97999999999855,0.28016608826968303,961.349784684475,118.0,18.0,228.0,"{""EntryMode"": 1, ""EntryTFMin"": 1, ""GridSpacingPts"": 70, ""TP_Pips"": 5.0, ""MaxLayers"": 2, ""Ladder"": ""step1"", ""MaxHoldSec"": 1800, ""StopPips"": 24.0, ""MaxBasketRiskPct"": 3.0, ""AddMinSec"": 15, ""Session"": ""lateny_1923"", ""ZEntry"": 1.75, ""ZEmaBars"": 120, ""NewsBeforeMin"": 30, ""NewsAfterMin"": 15, ""NewsCloseMode"": 0, ""DailyLossPct"": 8.0, ""MaxSpreadPts"": 0}"
-8.193694046964549,-3.8982390698482416,22.147727488558154,0.0,0.0,81.97999999999855,0.28016608826968303,961.349784684475,118.0,18.0,228.0,"{""EntryMode"": 1, ""EntryTFMin"": 1, ""GridSpacingPts"": 80, ""TP_Pips"": 5.0, ""MaxLayers"": 2, ""Ladder"": ""step1"", ""MaxHoldSec"": 1800, ""StopPips"": 24.0, ""MaxBasketRiskPct"": 3.0, ""AddMinSec"": 15, ""Session"": ""lateny_1923"", ""ZEntry"": 1.75, ""ZEmaBars"": 120, ""NewsBeforeMin"": 30, ""NewsAfterMin"": 15, ""NewsCloseMode"": 0, ""DailyLossPct"": 8.0, ""MaxSpreadPts"": 0}"
-8.193694046964549,-3.8982390698482416,22.147727488558154,0.0,0.0,81.97999999999855,0.28016608826968303,961.349784684475,118.0,18.0,228.0,"{""EntryMode"": 1, ""EntryTFMin"": 1, ""GridSpacingPts"": 95, ""TP_Pips"": 5.0, ""MaxLayers"": 2, ""Ladder"": ""step1"", ""MaxHoldSec"": 1800, ""StopPips"": 24.0, ""MaxBasketRiskPct"": 3.0, ""AddMinSec"": 15, ""Session"": ""lateny_1923"", ""ZEntry"": 1.75, ""ZEmaBars"": 120, ""NewsBeforeMin"": 30, ""NewsAfterMin"": 15, ""NewsCloseMode"": 0, ""DailyLossPct"": 8.0, ""MaxSpreadPts"": 0}"
-8.270882183509954,-3.173110593228401,22.548885795140777,0.0,0.0,85.11799999999938,0.29863857760614565,539.348614450746,317.0,6.0,65.0,"{""EntryMode"": 1, ""EntryTFMin"": 1, ""GridSpacingPts"": 125, ""TP_Pips"": 8.0, ""MaxLayers"": 6, ""Ladder"": ""step1"", ""MaxHoldSec"": 600, ""StopPips"": 25.0, ""MaxBasketRiskPct"": 3.0, ""AddMinSec"": 60, ""Session"": ""lateny_1923"", ""ZEntry"": 2.0, ""ZEmaBars"": 120, ""NewsBeforeMin"": 30, ""NewsAfterMin"": 30, ""NewsCloseMode"": 0, ""DailyLossPct"": 8.0, ""MaxSpreadPts"": 10}"
-8.347091131668773,-3.118536799011973,22.6142771663284,0.0,0.0,85.35799999999801,0.29709920349477376,564.180071254768,350.0,6.0,30.0,"{""EntryMode"": 1, ""EntryTFMin"": 1, ""GridSpacingPts"": 115, ""TP_Pips"": 10.5, ""MaxLayers"": 5, ""Ladder"": ""step1"", ""MaxHoldSec"": 600, ""StopPips"": 25.0, ""MaxBasketRiskPct"": 3.0, ""AddMinSec"": 60, ""Session"": ""lateny_1923"", ""ZEntry"": 2.0, ""ZEmaBars"": 120, ""NewsBeforeMin"": 60, ""NewsAfterMin"": 30, ""NewsCloseMode"": 0, ""DailyLossPct"": 8.0, ""MaxSpreadPts"": 0}"
-8.460832736619821,-3.0072692161176917,22.726781760251065,0.0,0.0,85.8489999999974,0.29632951643908784,556.048513171099,340.0,6.0,39.0,"{""EntryMode"": 1, ""EntryTFMin"": 1, ""GridSpacingPts"": 100, ""TP_Pips"": 9.5, ""MaxLayers"": 3, ""Ladder"": ""step1"", ""MaxHoldSec"": 600, ""StopPips"": 25.0, ""MaxBasketRiskPct"": 3.0, ""AddMinSec"": 60, ""Session"": ""lateny_1923"", ""ZEntry"": 2.0, ""ZEmaBars"": 120, ""NewsBeforeMin"": 30, ""NewsAfterMin"": 60, ""NewsCloseMode"": 2, ""DailyLossPct"": 8.0, ""MaxSpreadPts"": 0}"
-8.757242269590598,-3.1642339832429367,22.79650414317383,0.0,0.0,85.15699999999796,0.29555982938340186,564.3541736341828,349.0,6.0,29.0,"{""EntryMode"": 1, ""EntryTFMin"": 1, ""GridSpacingPts"": 100, ""TP_Pips"": 10.5, ""MaxLayers"": 5, ""Ladder"": ""step1"", ""MaxHoldSec"": 600, ""StopPips"": 25.0, ""MaxBasketRiskPct"": 3.0, ""AddMinSec"": 60, ""Session"": ""lateny_1923"", ""ZEntry"": 2.0, ""ZEmaBars"": 120, ""NewsBeforeMin"": 60, ""NewsAfterMin"": 60, ""NewsCloseMode"": 2, ""DailyLossPct"": 8.0, ""MaxSpreadPts"": 0}"
-8.906368936251823,-3.135350616985655,22.885509159633084,0.0,0.0,85.28399999999641,0.29479014232771594,573.4840460150616,365.0,5.0,13.0,"{""EntryMode"": 1, ""EntryTFMin"": 1, ""GridSpacingPts"": 125, ""TP_Pips"": 12.0, ""MaxLayers"": 5, ""Ladder"": ""step1"", ""MaxHoldSec"": 600, ""StopPips"": 25.0, ""MaxBasketRiskPct"": 3.0, ""AddMinSec"": 60, ""Session"": ""lateny_1923"", ""ZEntry"": 2.0, ""ZEmaBars"": 120, ""NewsBeforeMin"": 30, ""NewsAfterMin"": 60, ""NewsCloseMode"": 0, ""DailyLossPct"": 8.0, ""MaxSpreadPts"": 0}"
-8.906368936251823,-3.135350616985655,22.885509159633084,0.0,0.0,85.28399999999641,0.29479014232771594,573.4840460150616,365.0,5.0,13.0,"{""EntryMode"": 1, ""EntryTFMin"": 1, ""GridSpacingPts"": 100, ""TP_Pips"": 12.0, ""MaxLayers"": 3, ""Ladder"": ""step1"", ""MaxHoldSec"": 600, ""StopPips"": 25.0, ""MaxBasketRiskPct"": 3.0, ""AddMinSec"": 60, ""Session"": ""lateny_1923"", ""ZEntry"": 2.0, ""ZEmaBars"": 120, ""NewsBeforeMin"": 30, ""NewsAfterMin"": 60, ""NewsCloseMode"": 2, ""DailyLossPct"": 8.0, ""MaxSpreadPts"": 0}"
-8.906368936251823,-3.135350616985655,22.885509159633084,0.0,0.0,85.28399999999641,0.29479014232771594,573.4840460150616,365.0,5.0,13.0,"{""EntryMode"": 1, ""EntryTFMin"": 1, ""GridSpacingPts"": 125, ""TP_Pips"": 12.0, ""MaxLayers"": 4, ""Ladder"": ""step1"", ""MaxHoldSec"": 600, ""StopPips"": 25.0, ""MaxBasketRiskPct"": 3.0, ""AddMinSec"": 30, ""Session"": ""lateny_1923"", ""ZEntry"": 2.0, ""ZEmaBars"": 120, ""NewsBeforeMin"": 30, ""NewsAfterMin"": 60, ""NewsCloseMode"": 2, ""DailyLossPct"": 8.0, ""MaxSpreadPts"": 0}"
-9.8733057499999,-3.833345055604098,23.0199803471979,0.0,0.0,82.257000000002,0.22551830731598113,805.1372178909529,75.0,16.0,202.0,"{""EntryMode"": 1, ""EntryTFMin"": 1, ""GridSpacingPts"": 120, ""TP_Pips"": 4.0, ""MaxLayers"": 2, ""Ladder"": ""step1"", ""MaxHoldSec"": 1800, ""StopPips"": 24.0, ""MaxBasketRiskPct"": 3.0, ""AddMinSec"": 15, ""Session"": ""lateny_1923"", ""ZEntry"": 2.0, ""ZEmaBars"": 120, ""NewsBeforeMin"": 30, ""NewsAfterMin"": 15, ""NewsCloseMode"": 0, ""DailyLossPct"": 8.0, ""MaxSpreadPts"": 0}"
-9.973837674155622,-3.753849785301422,23.1099939444271,0.0,0.0,82.59734517237817,0.26246328598890634,1030.6283327857147,134.0,13.0,194.0,"{""EntryMode"": 1, ""EntryTFMin"": 1, ""GridSpacingPts"": 135, ""TP_Pips"": 5.5, ""MaxLayers"": 2, ""Ladder"": ""step1"", ""MaxHoldSec"": 1800, ""StopPips"": 24.0, ""MaxBasketRiskPct"": 3.0, ""AddMinSec"": 60, ""Session"": ""lateny_1923"", ""ZEntry"": 1.75, ""ZEmaBars"": 120, ""NewsBeforeMin"": 30, ""NewsAfterMin"": 60, ""NewsCloseMode"": 0, ""DailyLossPct"": 3.0, ""MaxSpreadPts"": 0}"
-10.121801478452173,-3.241272901343162,23.440264288554506,0.0,0.0,84.81899999999743,0.29479014232771594,569.7157749713507,358.0,6.0,19.0,"{""EntryMode"": 1, ""EntryTFMin"": 1, ""GridSpacingPts"": 140, ""TP_Pips"": 11.5, ""MaxLayers"": 6, ""Ladder"": ""step1"", ""MaxHoldSec"": 600, ""StopPips"": 25.0, ""MaxBasketRiskPct"": 3.0, ""AddMinSec"": 60, ""Session"": ""lateny_1923"", ""ZEntry"": 2.0, ""ZEmaBars"": 120, ""NewsBeforeMin"": 30, ""NewsAfterMin"": 60, ""NewsCloseMode"": 2, ""DailyLossPct"": 8.0, ""MaxSpreadPts"": 0}"
-10.742285004227025,-2.925560408754424,23.9083622977363,0.0,0.0,86.21099999999772,0.2740085918241955,1320.6489559065915,206.0,20.0,130.0,"{""EntryMode"": 1, ""EntryTFMin"": 1, ""GridSpacingPts"": 135, ""TP_Pips"": 8.5, ""MaxLayers"": 1, ""Ladder"": ""step1"", ""MaxHoldSec"": 1800, ""StopPips"": 25.0, ""MaxBasketRiskPct"": 3.0, ""AddMinSec"": 60, ""Session"": ""lateny_1923"", ""ZEntry"": 1.75, ""ZEmaBars"": 120, ""NewsBeforeMin"": 30, ""NewsAfterMin"": 15, ""NewsCloseMode"": 0, ""DailyLossPct"": 8.0, ""MaxSpreadPts"": 0}"
-10.866051931783439,-3.6661784281048493,23.599936751839294,0.0,0.0,82.97399999999759,0.2709298436014517,1231.4577479853701,182.0,19.0,151.0,"{""EntryMode"": 1, ""EntryTFMin"": 1, ""GridSpacingPts"": 145, ""TP_Pips"": 7.0, ""MaxLayers"": 2, ""Ladder"": ""step1"", ""MaxHoldSec"": 1800, ""StopPips"": 24.0, ""MaxBasketRiskPct"": 3.0, ""AddMinSec"": 60, ""Session"": ""lateny_1923"", ""ZEntry"": 1.75, ""ZEmaBars"": 120, ""NewsBeforeMin"": 30, ""NewsAfterMin"": 60, ""NewsCloseMode"": 0, ""DailyLossPct"": 8.0, ""MaxSpreadPts"": 0}"
-11.741783014545115,-4.037283702210681,23.852249656167217,0.0,0.0,81.38899999999903,0.29863857760614565,1040.4377407746179,144.0,21.0,223.0,"{""EntryMode"": 1, ""EntryTFMin"": 1, ""GridSpacingPts"": 115, ""TP_Pips"": 5.5, ""MaxLayers"": 3, ""Ladder"": ""step1"", ""MaxHoldSec"": 1800, ""StopPips"": 24.0, ""MaxBasketRiskPct"": 3.0, ""AddMinSec"": 60, ""Session"": ""lateny_1923"", ""ZEntry"": 1.75, ""ZEmaBars"": 120, ""NewsBeforeMin"": 30, ""NewsAfterMin"": 15, ""NewsCloseMode"": 0, ""DailyLossPct"": 8.0, ""MaxSpreadPts"": 0}"
-11.741783014545115,-4.037283702210681,23.852249656167217,0.0,0.0,81.38899999999903,0.29863857760614565,1040.4377407746179,144.0,21.0,223.0,"{""EntryMode"": 1, ""EntryTFMin"": 1, ""GridSpacingPts"": 110, ""TP_Pips"": 5.5, ""MaxLayers"": 2, ""Ladder"": ""step1"", ""MaxHoldSec"": 1800, ""StopPips"": 24.0, ""MaxBasketRiskPct"": 3.0, ""AddMinSec"": 60, ""Session"": ""lateny_1923"", ""ZEntry"": 1.75, ""ZEmaBars"": 120, ""NewsBeforeMin"": 30, ""NewsAfterMin"": 15, ""NewsCloseMode"": 0, ""DailyLossPct"": 8.0, ""MaxSpreadPts"": 0}"
-11.767907057413062,-3.360275199253693,24.203815929079685,0.0,0.0,84.29899999999809,0.26939046949007983,1364.8618572836542,219.0,19.0,112.0,"{""EntryMode"": 1, ""EntryTFMin"": 1, ""GridSpacingPts"": 150, ""TP_Pips"": 9.0, ""MaxLayers"": 1, ""Ladder"": ""step1"", ""MaxHoldSec"": 1800, ""StopPips"": 25.0, ""MaxBasketRiskPct"": 3.0, ""AddMinSec"": 15, ""Session"": ""lateny_1923"", ""ZEntry"": 1.75, ""ZEmaBars"": 120, ""NewsBeforeMin"": 30, ""NewsAfterMin"": 15, ""NewsCloseMode"": 0, ""DailyLossPct"": 8.0, ""MaxSpreadPts"": 0}"
-11.789365126660261,-3.73877782127644,24.02529365269191,0.0,0.0,82.66199999999796,0.4972178379731188,1053.9406994374276,257.0,40.0,349.0,"{""EntryMode"": 1, ""EntryTFMin"": 1, ""GridSpacingPts"": 140, ""TP_Pips"": 6.0, ""MaxLayers"": 2, ""Ladder"": ""step1"", ""MaxHoldSec"": 1800, ""StopPips"": 24.0, ""MaxBasketRiskPct"": 3.0, ""AddMinSec"": 60, ""Session"": ""lateny_1923"", ""ZEntry"": 2.0, ""ZEmaBars"": 120, ""NewsBeforeMin"": 30, ""NewsAfterMin"": 60, ""NewsCloseMode"": 0, ""DailyLossPct"": 8.0, ""MaxSpreadPts"": 0}"
-11.916612142278687,-3.7802949525755025,24.068158594851592,0.0,0.0,82.48400000000137,0.26092391187753444,1437.1589732600241,234.0,20.0,85.0,"{""EntryMode"": 1, ""EntryTFMin"": 1, ""GridSpacingPts"": 145, ""TP_Pips"": 10.0, ""MaxLayers"": 2, ""Ladder"": ""step1"", ""MaxHoldSec"": 1800, ""StopPips"": 24.0, ""MaxBasketRiskPct"": 3.0, ""AddMinSec"": 60, ""Session"": ""lateny_1923"", ""ZEntry"": 1.75, ""ZEmaBars"": 120, ""NewsBeforeMin"": 30, ""NewsAfterMin"": 60, ""NewsCloseMode"": 0, ""DailyLossPct"": 8.0, ""MaxSpreadPts"": 0}"
-11.93137134698736,-3.7087342321620143,24.111318557412673,0.0,0.0,82.79099999999455,0.27862671415831114,1184.7934933048505,174.0,19.0,169.0,"{""EntryMode"": 1, ""EntryTFMin"": 1, ""GridSpacingPts"": 130, ""TP_Pips"": 6.5, ""MaxLayers"": 2, ""Ladder"": ""step1"", ""MaxHoldSec"": 1800, ""StopPips"": 24.0, ""MaxBasketRiskPct"": 3.0, ""AddMinSec"": 60, ""Session"": ""lateny_1923"", ""ZEntry"": 1.75, ""ZEmaBars"": 120, ""NewsBeforeMin"": 30, ""NewsAfterMin"": 15, ""NewsCloseMode"": 0, ""DailyLossPct"": 8.0, ""MaxSpreadPts"": 0}"
-11.93137134698736,-3.7087342321620143,24.111318557412673,0.0,0.0,82.79099999999455,0.27862671415831114,1184.7934933048505,174.0,19.0,169.0,"{""EntryMode"": 1, ""EntryTFMin"": 1, ""GridSpacingPts"": 90, ""TP_Pips"": 6.5, ""MaxLayers"": 1, ""Ladder"": ""step1"", ""MaxHoldSec"": 1800, ""StopPips"": 24.0, ""MaxBasketRiskPct"": 3.0, ""AddMinSec"": 60, ""Session"": ""lateny_1923"", ""ZEntry"": 1.75, ""ZEmaBars"": 120, ""NewsBeforeMin"": 30, ""NewsAfterMin"": 15, ""NewsCloseMode"": 0, ""DailyLossPct"": 8.0, ""MaxSpreadPts"": 0}"
-12.2164685913808,-4.099419530741965,24.058524530319417,0.0,0.0,81.12599999999524,0.28940233293791434,1118.0800044440082,162.0,20.0,194.0,"{""EntryMode"": 1, ""EntryTFMin"": 1, ""GridSpacingPts"": 125, ""TP_Pips"": 6.0, ""MaxLayers"": 2, ""Ladder"": ""step1"", ""MaxHoldSec"": 1800, ""StopPips"": 24.0, ""MaxBasketRiskPct"": 3.0, ""AddMinSec"": 60, ""Session"": ""lateny_1923"", ""ZEntry"": 1.75, ""ZEmaBars"": 120, ""NewsBeforeMin"": 30, ""NewsAfterMin"": 15, ""NewsCloseMode"": 0, ""DailyLossPct"": 8.0, ""MaxSpreadPts"": 0}"
-12.2164685913808,-4.099419530741965,24.058524530319417,0.0,0.0,81.12599999999524,0.28940233293791434,1118.0800044440082,162.0,20.0,194.0,"{""EntryMode"": 1, ""EntryTFMin"": 1, ""GridSpacingPts"": 120, ""TP_Pips"": 6.0, ""MaxLayers"": 2, ""Ladder"": ""step1"", ""MaxHoldSec"": 1800, ""StopPips"": 24.0, ""MaxBasketRiskPct"": 3.0, ""AddMinSec"": 60, ""Session"": ""lateny_1923"", ""ZEntry"": 1.75, ""ZEmaBars"": 120, ""NewsBeforeMin"": 30, ""NewsAfterMin"": 15, ""NewsCloseMode"": 0, ""DailyLossPct"": 8.0, ""MaxSpreadPts"": 0}"
-12.2164685913808,-4.099419530741965,24.058524530319417,0.0,0.0,81.12599999999524,0.28940233293791434,1118.0800044440082,162.0,20.0,194.0,"{""EntryMode"": 1, ""EntryTFMin"": 1, ""GridSpacingPts"": 115, ""TP_Pips"": 6.0, ""MaxLayers"": 2, ""Ladder"": ""step1"", ""MaxHoldSec"": 1800, ""StopPips"": 24.0, ""MaxBasketRiskPct"": 3.0, ""AddMinSec"": 60, ""Session"": ""lateny_1923"", ""ZEntry"": 1.75, ""ZEmaBars"": 120, ""NewsBeforeMin"": 30, ""NewsAfterMin"": 15, ""NewsCloseMode"": 0, ""DailyLossPct"": 8.0, ""MaxSpreadPts"": 0}"
-12.2164685913808,-4.099419530741965,24.058524530319417,0.0,0.0,81.12599999999524,0.28940233293791434,1118.0800044440082,162.0,20.0,194.0,"{""EntryMode"": 1, ""EntryTFMin"": 1, ""GridSpacingPts"": 130, ""TP_Pips"": 6.0, ""MaxLayers"": 1, ""Ladder"": ""step1"", ""MaxHoldSec"": 1800, ""StopPips"": 24.0, ""MaxBasketRiskPct"": 3.0, ""AddMinSec"": 60, ""Session"": ""lateny_1923"", ""ZEntry"": 1.75, ""ZEmaBars"": 120, ""NewsBeforeMin"": 30, ""NewsAfterMin"": 15, ""NewsCloseMode"": 0, ""DailyLossPct"": 8.0, ""MaxSpreadPts"": 0}"
-12.353725475950974,-3.7334184665099523,24.31015350472051,0.0,0.0,82.6849999999978,0.2740085918241955,1229.2583791996117,184.0,19.0,153.0,"{""EntryMode"": 1, ""EntryTFMin"": 1, ""GridSpacingPts"": 100, ""TP_Pips"": 7.0, ""MaxLayers"": 2, ""Ladder"": ""step2"", ""MaxHoldSec"": 1800, ""StopPips"": 24.0, ""MaxBasketRiskPct"": 3.0, ""AddMinSec"": 60, ""Session"": ""lateny_1923"", ""ZEntry"": 1.75, ""ZEmaBars"": 120, ""NewsBeforeMin"": 30, ""NewsAfterMin"": 15, ""NewsCloseMode"": 0, ""DailyLossPct"": 8.0, ""MaxSpreadPts"": 0}"
-12.353725475950974,-3.7334184665099523,24.31015350472051,0.0,0.0,82.6849999999978,0.2740085918241955,1229.2583791996117,184.0,19.0,153.0,"{""EntryMode"": 1, ""EntryTFMin"": 1, ""GridSpacingPts"": 115, ""TP_Pips"": 7.0, ""MaxLayers"": 2, ""Ladder"": ""step1"", ""MaxHoldSec"": 1800, ""StopPips"": 24.0, ""MaxBasketRiskPct"": 3.0, ""AddMinSec"": 60, ""Session"": ""lateny_1923"", ""ZEntry"": 1.75, ""ZEmaBars"": 120, ""NewsBeforeMin"": 30, ""NewsAfterMin"": 15, ""NewsCloseMode"": 0, ""DailyLossPct"": 8.0, ""MaxSpreadPts"": 0}"
-12.370579372310386,-4.468207475745833,23.951185948282276,0.0,0.0,79.57899999999881,0.3717588478963102,969.176681023521,166.0,41.0,276.0,"{""EntryMode"": 1, ""EntryTFMin"": 1, ""GridSpacingPts"": 110, ""TP_Pips"": 6.0, ""MaxLayers"": 3, ""Ladder"": ""step1"", ""MaxHoldSec"": 1800, ""StopPips"": 23.0, ""MaxBasketRiskPct"": 3.0, ""AddMinSec"": 60, ""Session"": ""lateny_1923"", ""ZEntry"": 2.25, ""ZEmaBars"": 120, ""NewsBeforeMin"": 30, ""NewsAfterMin"": 15, ""NewsCloseMode"": 0, ""DailyLossPct"": 8.0, ""MaxSpreadPts"": 0}"
-12.544241565700563,-3.9043392042513614,24.3199511807246,0.0,0.0,81.95399999999974,0.374067909063368,995.672860545191,172.0,28.0,286.0,"{""EntryMode"": 1, ""EntryTFMin"": 1, ""GridSpacingPts"": 140, ""TP_Pips"": 5.5, ""MaxLayers"": 1, ""Ladder"": ""step1"", ""MaxHoldSec"": 1800, ""StopPips"": 24.0, ""MaxBasketRiskPct"": 3.0, ""AddMinSec"": 60, ""Session"": ""lateny_1923"", ""ZEntry"": 2.0, ""ZEmaBars"": 120, ""NewsBeforeMin"": 30, ""NewsAfterMin"": 15, ""NewsCloseMode"": 0, ""DailyLossPct"": 8.0, ""MaxSpreadPts"": 0}"
-12.544241565700563,-3.9043392042513614,24.3199511807246,0.0,0.0,81.95399999999974,0.374067909063368,995.672860545191,172.0,28.0,286.0,"{""EntryMode"": 1, ""EntryTFMin"": 1, ""GridSpacingPts"": 120, ""TP_Pips"": 5.5, ""MaxLayers"": 1, ""Ladder"": ""step1"", ""MaxHoldSec"": 1800, ""StopPips"": 24.0, ""MaxBasketRiskPct"": 3.0, ""AddMinSec"": 60, ""Session"": ""lateny_1923"", ""ZEntry"": 2.0, ""ZEmaBars"": 120, ""NewsBeforeMin"": 30, ""NewsAfterMin"": 15, ""NewsCloseMode"": 0, ""DailyLossPct"": 8.0, ""MaxSpreadPts"": 0}"
-12.859017872797113,-3.74227369529313,24.55837208875199,0.0,0.0,82.64699999999596,0.3317351210006412,1051.102556698358,166.0,27.0,238.0,"{""EntryMode"": 1, ""EntryTFMin"": 1, ""GridSpacingPts"": 95, ""TP_Pips"": 6.0, ""MaxLayers"": 2, ""Ladder"": ""step1"", ""MaxHoldSec"": 1800, ""StopPips"": 24.0, ""MaxBasketRiskPct"": 3.0, ""AddMinSec"": 60, ""Session"": ""lateny_1923"", ""ZEntry"": 2.0, ""ZEmaBars"": 120, ""NewsBeforeMin"": 30, ""NewsAfterMin"": 15, ""NewsCloseMode"": 0, ""DailyLossPct"": 8.0, ""MaxSpreadPts"": 0}"
-12.893674188690643,-3.824924016741993,24.534375085974325,0.0,0.0,82.29299999999844,0.27554796593556735,1264.0674393767179,187.0,21.0,150.0,"{""EntryMode"": 1, ""EntryTFMin"": 1, ""GridSpacingPts"": 135, ""TP_Pips"": 7.5, ""MaxLayers"": 1, ""Ladder"": ""step1"", ""MaxHoldSec"": 1800, ""StopPips"": 24.0, ""MaxBasketRiskPct"": 3.0, ""AddMinSec"": 60, ""Session"": ""lateny_1923"", ""ZEntry"": 1.75, ""ZEmaBars"": 120, ""NewsBeforeMin"": 30, ""NewsAfterMin"": 15, ""NewsCloseMode"": 0, ""DailyLossPct"": 8.0, ""MaxSpreadPts"": 0}"
-12.988026733857533,-3.6826802280973348,24.6526732528801,0.0,0.0,82.9029999999976,0.24476048370812967,1112.55834727142,139.0,17.0,162.0,"{""EntryMode"": 1, ""EntryTFMin"": 1, ""GridSpacingPts"": 105, ""TP_Pips"": 6.5, ""MaxLayers"": 2, ""Ladder"": ""step1"", ""MaxHoldSec"": 1800, ""StopPips"": 24.0, ""MaxBasketRiskPct"": 3.0, ""AddMinSec"": 60, ""Session"": ""lateny_1923"", ""ZEntry"": 1.5, ""ZEmaBars"": 120, ""NewsBeforeMin"": 30, ""NewsAfterMin"": 15, ""NewsCloseMode"": 0, ""DailyLossPct"": 8.0, ""MaxSpreadPts"": 0}"
-14.441740769685548,-4.6422902465349525,24.8997252615753,0.0,0.0,78.85700000000105,0.25168766720930313,971.1100605436632,113.0,20.0,194.0,"{""EntryMode"": 1, ""EntryTFMin"": 1, ""GridSpacingPts"": 125, ""TP_Pips"": 5.0, ""MaxLayers"": 3, ""Ladder"": ""step1"", ""MaxHoldSec"": 1800, ""StopPips"": 23.0, ""MaxBasketRiskPct"": 3.0, ""AddMinSec"": 60, ""Session"": ""lateny_1923"", ""ZEntry"": 2.25, ""ZEmaBars"": 120, ""NewsBeforeMin"": 30, ""NewsAfterMin"": 15, ""NewsCloseMode"": 0, ""DailyLossPct"": 8.0, ""MaxSpreadPts"": 0}"
-50.0,-2.249344036101142,17.971073200823437,0.0,0.0,89.25399999999877,0.18087645808619646,567.5828194965717,213.0,1.0,21.0,"{""EntryMode"": 1, ""EntryTFMin"": 1, ""GridSpacingPts"": 120, ""TP_Pips"": 10.5, ""MaxLayers"": 5, ""Ladder"": ""step1"", ""MaxHoldSec"": 600, ""StopPips"": 26.0, ""MaxBasketRiskPct"": 3.0, ""AddMinSec"": 60, ""Session"": ""lateny_1923"", ""ZEntry"": 1.75, ""ZEmaBars"": 120, ""NewsBeforeMin"": 30, ""NewsAfterMin"": 60, ""NewsCloseMode"": 0, ""DailyLossPct"": 8.0, ""MaxSpreadPts"": 0}"
-50.0,-2.1616146821469395,10.770459879167555,0.0,0.0,89.65499999999531,0.05464778095370191,569.5284971668295,68.0,1.0,2.0,"{""EntryMode"": 1, ""EntryTFMin"": 1, ""GridSpacingPts"": 105, ""TP_Pips"": 8.5, ""MaxLayers"": 6, ""Ladder"": ""step1"", ""MaxHoldSec"": 600, ""StopPips"": 26.0, ""MaxBasketRiskPct"": 3.0, ""AddMinSec"": 60, ""Session"": ""asia_0109"", ""ZEntry"": 1.75, ""ZEmaBars"": 120, ""NewsBeforeMin"": 60, ""NewsAfterMin"": 60, ""NewsCloseMode"": 0, ""DailyLossPct"": 8.0, ""MaxSpreadPts"": 0}"
-50.0,-1.4704274358877445,13.745473550604025,0.0,0.0,92.86500000000014,0.14701022763601498,528.741463495131,149.0,1.0,41.0,"{""EntryMode"": 1, ""EntryTFMin"": 1, ""GridSpacingPts"": 110, ""TP_Pips"": 7.0, ""MaxLayers"": 6, ""Ladder"": ""step1"", ""MaxHoldSec"": 600, ""StopPips"": 27.0, ""MaxBasketRiskPct"": 3.0, ""AddMinSec"": 60, ""Session"": ""lateny_1923"", ""ZEntry"": 1.75, ""ZEmaBars"": 120, ""NewsBeforeMin"": 30, ""NewsAfterMin"": 60, ""NewsCloseMode"": 0, ""DailyLossPct"": 8.0, ""MaxSpreadPts"": 0}"
-50.0,-1.4445373297042319,10.583966392104923,0.0,0.0,92.98699999998587,0.12468930302112266,571.1012526323767,143.0,2.0,17.0,"{""EntryMode"": 1, ""EntryTFMin"": 1, ""GridSpacingPts"": 125, ""TP_Pips"": 11.0, ""MaxLayers"": 6, ""Ladder"": ""step1"", ""MaxHoldSec"": 600, ""StopPips"": 27.0, ""MaxBasketRiskPct"": 3.0, ""AddMinSec"": 60, ""Session"": ""allday_0123"", ""ZEntry"": 1.75, ""ZEmaBars"": 120, ""NewsBeforeMin"": 30, ""NewsAfterMin"": 60, ""NewsCloseMode"": 2, ""DailyLossPct"": 8.0, ""MaxSpreadPts"": 0}"
-50.0,-2.8989853557625955,13.88714327038388,0.0,0.0,86.32900000000731,0.1254589900768086,60.3680981595092,163.0,0.0,0.0,"{""EntryMode"": 1, ""EntryTFMin"": 1, ""GridSpacingPts"": 150, ""TP_Pips"": 12.0, ""MaxLayers"": 4, ""Ladder"": ""step1"", ""MaxHoldSec"": 60, ""StopPips"": 25.0, ""MaxBasketRiskPct"": 3.0, ""AddMinSec"": 15, ""Session"": ""lateny_1923"", ""ZEntry"": 2.0, ""ZEmaBars"": 120, ""NewsBeforeMin"": 30, ""NewsAfterMin"": 60, ""NewsCloseMode"": 2, ""DailyLossPct"": 8.0, ""MaxSpreadPts"": 0}"
-50.0,-2.3033191894343275,13.738762764626774,0.0,0.0,89.00800000000015,0.15239803702581659,1035.716728608185,77.0,12.0,109.0,"{""EntryMode"": 1, ""EntryTFMin"": 1, ""GridSpacingPts"": 145, ""TP_Pips"": 6.0, ""MaxLayers"": 3, ""Ladder"": ""step1"", ""MaxHoldSec"": 1800, ""StopPips"": 26.0, ""MaxBasketRiskPct"": 3.0, ""AddMinSec"": 60, ""Session"": ""lateny_1923"", ""ZEntry"": 2.5, ""ZEmaBars"": 120, ""NewsBeforeMin"": 30, ""NewsAfterMin"": 60, ""NewsCloseMode"": 0, ""DailyLossPct"": 8.0, ""MaxSpreadPts"": 0}"
-50.0,-0.9385876424603423,12.827371410251109,0.0,0.0,95.39700000000092,0.11776211951994918,523.6794153422117,120.0,1.0,32.0,"{""EntryMode"": 1, ""EntryTFMin"": 1, ""GridSpacingPts"": 110, ""TP_Pips"": 7.0, ""MaxLayers"": 2, ""Ladder"": ""step1"", ""MaxHoldSec"": 600, ""StopPips"": 28.0, ""MaxBasketRiskPct"": 3.0, ""AddMinSec"": 30, ""Session"": ""lateny_1923"", ""ZEntry"": 2.0, ""ZEmaBars"": 120, ""NewsBeforeMin"": 60, ""NewsAfterMin"": 60, ""NewsCloseMode"": 0, ""DailyLossPct"": 8.0, ""MaxSpreadPts"": 0}"
-50.0,-1.4528638191118493,7.3794221685652195,0.0,0.0,92.94774973348285,0.05541746800938785,33.33497696783808,72.0,0.0,0.0,"{""EntryMode"": 1, ""EntryTFMin"": 1, ""GridSpacingPts"": 115, ""TP_Pips"": 11.5, ""MaxLayers"": 4, ""Ladder"": ""step1"", ""MaxHoldSec"": 30, ""StopPips"": 27.0, ""MaxBasketRiskPct"": 3.0, ""AddMinSec"": 0, ""Session"": ""lateny_1923"", ""ZEntry"": 2.0, ""ZEmaBars"": 120, ""NewsBeforeMin"": 60, ""NewsAfterMin"": 60, ""NewsCloseMode"": 0, ""DailyLossPct"": 8.0, ""MaxSpreadPts"": 0}"
-50.0,0.0,0.0,0.0,0.0,100.0,0.0,0.0,0.0,0.0,0.0,"{""EntryMode"": 0, ""EntryTFMin"": 5, ""GridSpacingPts"": 85, ""TP_Pips"": 10.0, ""MaxLayers"": 2, ""Ladder"": ""flat"", ""MaxHoldSec"": 60, ""StopPips"": 20.0, ""MaxBasketRiskPct"": 1.0, ""AddMinSec"": 15, ""Session"": ""london_1013"", ""ZEntry"": 2.5, ""ZEmaBars"": 60, ""NewsBeforeMin"": 30, ""NewsAfterMin"": 60, ""NewsCloseMode"": 2, ""DailyLossPct"": 8.0, ""MaxSpreadPts"": 10}"
-50.0,-0.7580399622156175,11.411447352673962,0.0,0.0,96.2690000000002,0.1362346088564118,567.0925830132253,159.0,1.0,17.0,"{""EntryMode"": 1, ""EntryTFMin"": 1, ""GridSpacingPts"": 125, ""TP_Pips"": 10.5, ""MaxLayers"": 3, ""Ladder"": ""step1"", ""MaxHoldSec"": 600, ""StopPips"": 28.0, ""MaxBasketRiskPct"": 3.0, ""AddMinSec"": 30, ""Session"": ""lateny_1923"", ""ZEntry"": 1.75, ""ZEmaBars"": 120, ""NewsBeforeMin"": 30, ""NewsAfterMin"": 60, ""NewsCloseMode"": 2, ""DailyLossPct"": 8.0, ""MaxSpreadPts"": 0}"
-50.0,-1.4455978655172785,7.2970359218801235,0.0,0.0,92.98199999999511,0.05387809389801597,359.91439914362775,66.0,1.0,3.0,"{""EntryMode"": 0, ""EntryTFMin"": 5, ""GridSpacingPts"": 30, ""TP_Pips"": 12.0, ""MaxLayers"": 4, ""Ladder"": ""flat"", ""MaxHoldSec"": 300, ""StopPips"": 27.0, ""MaxBasketRiskPct"": 3.0, ""AddMinSec"": 60, ""Session"": ""allday_0123"", ""ZEntry"": 1.0, ""ZEmaBars"": 60, ""NewsBeforeMin"": 60, ""NewsAfterMin"": 15, ""NewsCloseMode"": 2, ""DailyLossPct"": 5.0, ""MaxSpreadPts"": 0}"
-50.0,0.0,0.0,0.0,0.0,100.0,0.0,0.0,0.0,0.0,0.0,"{""EntryMode"": 1, ""EntryTFMin"": 1, ""GridSpacingPts"": 120, ""TP_Pips"": 12.5, ""MaxLayers"": 5, ""Ladder"": ""step1"", ""MaxHoldSec"": 600, ""StopPips"": 27.0, ""MaxBasketRiskPct"": 1.0, ""AddMinSec"": 60, ""Session"": ""lateny_1923"", ""ZEntry"": 2.0, ""ZEmaBars"": 120, ""NewsBeforeMin"": 30, ""NewsAfterMin"": 60, ""NewsCloseMode"": 2, ""DailyLossPct"": 8.0, ""MaxSpreadPts"": 10}"
-50.0,0.0,0.0,0.0,0.0,100.0,0.0,0.0,0.0,0.0,0.0,"{""EntryMode"": 1, ""EntryTFMin"": 5, ""GridSpacingPts"": 135, ""TP_Pips"": 6.0, ""MaxLayers"": 6, ""Ladder"": ""step2"", ""MaxHoldSec"": 900, ""StopPips"": 27.0, ""MaxBasketRiskPct"": 1.0, ""AddMinSec"": 0, ""Session"": ""lateny_1923"", ""ZEntry"": 2.75, ""ZEmaBars"": 90, ""NewsBeforeMin"": 30, ""NewsAfterMin"": 30, ""NewsCloseMode"": 2, ""DailyLossPct"": 3.0, ""MaxSpreadPts"": 10}"
-50.0,0.0,0.0,0.0,0.0,100.0,0.0,0.0,0.0,0.0,0.0,"{""EntryMode"": 1, ""EntryTFMin"": 1, ""GridSpacingPts"": 115, ""TP_Pips"": 7.5, ""MaxLayers"": 5, ""Ladder"": ""step1"", ""MaxHoldSec"": 600, ""StopPips"": 27.0, ""MaxBasketRiskPct"": 2.0, ""AddMinSec"": 60, ""Session"": ""lateny_1923"", ""ZEntry"": 2.0, ""ZEmaBars"": 120, ""NewsBeforeMin"": 30, ""NewsAfterMin"": 30, ""NewsCloseMode"": 0, ""DailyLossPct"": 8.0, ""MaxSpreadPts"": 0}"
-50.0,-0.7689761993447508,13.174738445358319,0.0,0.0,96.21600000000315,0.13161648652229616,563.4395933390996,153.0,1.0,17.0,"{""EntryMode"": 1, ""EntryTFMin"": 1, ""GridSpacingPts"": 130, ""TP_Pips"": 10.5, ""MaxLayers"": 6, ""Ladder"": ""step1"", ""MaxHoldSec"": 600, ""StopPips"": 28.0, ""MaxBasketRiskPct"": 3.0, ""AddMinSec"": 60, ""Session"": ""lateny_1923"", ""ZEntry"": 2.0, ""ZEmaBars"": 120, ""NewsBeforeMin"": 30, ""NewsAfterMin"": 60, ""NewsCloseMode"": 2, ""DailyLossPct"": 8.0, ""MaxSpreadPts"": 0}"
-50.0,0.0,0.0,0.0,0.0,100.0,0.0,0.0,0.0,0.0,0.0,"{""EntryMode"": 0, ""EntryTFMin"": 1, ""GridSpacingPts"": 150, ""TP_Pips"": 9.5, ""MaxLayers"": 1, ""Ladder"": ""step2"", ""MaxHoldSec"": 60, ""StopPips"": 29.0, ""MaxBasketRiskPct"": 2.0, ""AddMinSec"": 60, ""Session"": ""lateny_1923"", ""ZEntry"": 1.0, ""ZEmaBars"": 60, ""NewsBeforeMin"": 60, ""NewsAfterMin"": 30, ""NewsCloseMode"": 0, ""DailyLossPct"": 5.0, ""MaxSpreadPts"": 0}"
-50.0,-0.4073421493321905,3.132970835392759,0.0,0.0,97.98100000000005,0.003848435278429712,365.83593049049375,2.0,1.0,2.0,"{""EntryMode"": 1, ""EntryTFMin"": 1, ""GridSpacingPts"": 120, ""TP_Pips"": 6.5, ""MaxLayers"": 3, ""Ladder"": ""step1"", ""MaxHoldSec"": 600, ""StopPips"": 29.0, ""MaxBasketRiskPct"": 3.0, ""AddMinSec"": 60, ""Session"": ""lateny_1923"", ""ZEntry"": 2.0, ""ZEmaBars"": 30, ""NewsBeforeMin"": 30, ""NewsAfterMin"": 15, ""NewsCloseMode"": 0, ""DailyLossPct"": 8.0, ""MaxSpreadPts"": 0}"
-50.0,-0.6886144446495157,3.393999999999806,0.0,0.0,96.6060000000002,0.002309061167057827,641.4650651613871,2.0,1.0,0.0,"{""EntryMode"": 1, ""EntryTFMin"": 5, ""GridSpacingPts"": 35, ""TP_Pips"": 5.5, ""MaxLayers"": 2, ""Ladder"": ""step1"", ""MaxHoldSec"": 900, ""StopPips"": 17.0, ""MaxBasketRiskPct"": 3.0, ""AddMinSec"": 30, ""Session"": ""asia_0109"", ""ZEntry"": 2.75, ""ZEmaBars"": 30, ""NewsBeforeMin"": 30, ""NewsAfterMin"": 60, ""NewsCloseMode"": 2, ""DailyLossPct"": 3.0, ""MaxSpreadPts"": 10}"
-50.0,-1.0293569685194792,12.834234416161186,0.0,0.0,94.96100000000266,0.06696277384467698,1525.6616341104414,67.0,3.0,17.0,"{""EntryMode"": 1, ""EntryTFMin"": 1, ""GridSpacingPts"": 125, ""TP_Pips"": 11.5, ""MaxLayers"": 6, ""Ladder"": ""step1"", ""MaxHoldSec"": 1800, ""StopPips"": 28.0, ""MaxBasketRiskPct"": 3.0, ""AddMinSec"": 60, ""Session"": ""lateny_1923"", ""ZEntry"": 2.0, ""ZEmaBars"": 120, ""NewsBeforeMin"": 30, ""NewsAfterMin"": 60, ""NewsCloseMode"": 2, ""DailyLossPct"": 8.0, ""MaxSpreadPts"": 0}"
-50.0,-2.3913205864668607,11.737808391238705,0.0,0.0,88.60808337582466,0.04618122334115654,24.959726738929746,37.0,5.0,18.0,"{""EntryMode"": 1, ""EntryTFMin"": 5, ""GridSpacingPts"": 130, ""TP_Pips"": 1.0, ""MaxLayers"": 3, ""Ladder"": ""step2"", ""MaxHoldSec"": 30, ""StopPips"": 8.0, ""MaxBasketRiskPct"": 5.0, ""AddMinSec"": 60, ""Session"": ""ny_1519"", ""ZEntry"": 2.5, ""ZEmaBars"": 60, ""NewsBeforeMin"": 30, ""NewsAfterMin"": 15, ""NewsCloseMode"": 2, ""DailyLossPct"": 8.0, ""MaxSpreadPts"": 0}"
-50.0,-1.598793478605609,16.57543464028486,0.0,0.0,92.26200000000122,0.18472489336462616,1443.6489147936857,166.0,7.0,67.0,"{""EntryMode"": 1, ""EntryTFMin"": 1, ""GridSpacingPts"": 110, ""TP_Pips"": 10.0, ""MaxLayers"": 5, ""Ladder"": ""step1"", ""MaxHoldSec"": 1800, ""StopPips"": 27.0, ""MaxBasketRiskPct"": 3.0, ""AddMinSec"": 60, ""Session"": ""lateny_1923"", ""ZEntry"": 2.0, ""ZEmaBars"": 120, ""NewsBeforeMin"": 60, ""NewsAfterMin"": 60, ""NewsCloseMode"": 2, ""DailyLossPct"": 8.0, ""MaxSpreadPts"": 0}"
-50.0,-0.7608828959819958,12.734836975983924,0.0,0.0,96.25522011875198,0.1269983641881805,559.1435931674366,147.0,1.0,17.0,"{""EntryMode"": 1, ""EntryTFMin"": 1, ""GridSpacingPts"": 140, ""TP_Pips"": 10.5, ""MaxLayers"": 6, ""Ladder"": ""step1"", ""MaxHoldSec"": 600, ""StopPips"": 28.0, ""MaxBasketRiskPct"": 3.0, ""AddMinSec"": 60, ""Session"": ""lateny_1923"", ""ZEntry"": 2.0, ""ZEmaBars"": 120, ""NewsBeforeMin"": 15, ""NewsAfterMin"": 60, ""NewsCloseMode"": 2, ""DailyLossPct"": 3.0, ""MaxSpreadPts"": 0}"
-50.0,0.0,0.0,0.0,0.0,100.0,0.0,0.0,0.0,0.0,0.0,"{""EntryMode"": 1, ""EntryTFMin"": 1, ""GridSpacingPts"": 25, ""TP_Pips"": 13.5, ""MaxLayers"": 4, ""Ladder"": ""flat"", ""MaxHoldSec"": 120, ""StopPips"": 22.0, ""MaxBasketRiskPct"": 5.0, ""AddMinSec"": 15, ""Session"": ""lateny_1923"", ""ZEntry"": 2.5, ""ZEmaBars"": 30, ""NewsBeforeMin"": 15, ""NewsAfterMin"": 30, ""NewsCloseMode"": 0, ""DailyLossPct"": 3.0, ""MaxSpreadPts"": 10}"
-50.0,-2.262950054333912,17.521206084427952,0.0,0.0,89.19193729281368,0.1708705263622792,298.4949094177868,214.0,1.0,7.0,"{""EntryMode"": 1, ""EntryTFMin"": 1, ""GridSpacingPts"": 120, ""TP_Pips"": 10.5, ""MaxLayers"": 6, ""Ladder"": ""step1"", ""MaxHoldSec"": 300, ""StopPips"": 26.0, ""MaxBasketRiskPct"": 3.0, ""AddMinSec"": 60, ""Session"": ""lateny_1923"", ""ZEntry"": 2.0, ""ZEmaBars"": 120, ""NewsBeforeMin"": 15, ""NewsAfterMin"": 60, ""NewsCloseMode"": 2, ""DailyLossPct"": 3.0, ""MaxSpreadPts"": 0}"
-50.0,0.0,0.0,0.0,0.0,100.0,0.0,0.0,0.0,0.0,0.0,"{""EntryMode"": 0, ""EntryTFMin"": 5, ""GridSpacingPts"": 85, ""TP_Pips"": 9.0, ""MaxLayers"": 5, ""Ladder"": ""step2"", ""MaxHoldSec"": 60, ""StopPips"": 25.0, ""MaxBasketRiskPct"": 1.0, ""AddMinSec"": 0, ""Session"": ""asia_0309"", ""ZEntry"": 1.75, ""ZEmaBars"": 90, ""NewsBeforeMin"": 15, ""NewsAfterMin"": 60, ""NewsCloseMode"": 2, ""DailyLossPct"": 5.0, ""MaxSpreadPts"": 10}"
-50.0,-0.9602088580198731,13.885020887209798,0.0,0.0,95.29300000000053,0.19011270275442776,569.3938177032326,233.0,2.0,12.0,"{""EntryMode"": 1, ""EntryTFMin"": 1, ""GridSpacingPts"": 115, ""TP_Pips"": 12.0, ""MaxLayers"": 3, ""Ladder"": ""step1"", ""MaxHoldSec"": 600, ""StopPips"": 28.0, ""MaxBasketRiskPct"": 3.0, ""AddMinSec"": 60, ""Session"": ""lateny_1923"", ""ZEntry"": 2.0, ""ZEmaBars"": 120, ""NewsBeforeMin"": 30, ""NewsAfterMin"": 60, ""NewsCloseMode"": 0, ""DailyLossPct"": 8.0, ""MaxSpreadPts"": 0}"
-50.0,-0.10247025495483397,1.0842784610624683,0.0,0.0,99.48900000000012,0.0015393741113718848,600.0,2.0,0.0,0.0,"{""EntryMode"": 1, ""EntryTFMin"": 1, ""GridSpacingPts"": 115, ""TP_Pips"": 10.0, ""MaxLayers"": 5, ""Ladder"": ""step1"", ""MaxHoldSec"": 600, ""StopPips"": 29.0, ""MaxBasketRiskPct"": 3.0, ""AddMinSec"": 60, ""Session"": ""lateny_1923"", ""ZEntry"": 2.0, ""ZEmaBars"": 120, ""NewsBeforeMin"": 60, ""NewsAfterMin"": 60, ""NewsCloseMode"": 0, ""DailyLossPct"": 8.0, ""MaxSpreadPts"": 0}"
-50.0,0.0,0.0,0.0,0.0,100.0,0.0,0.0,0.0,0.0,0.0,"{""EntryMode"": 0, ""EntryTFMin"": 1, ""GridSpacingPts"": 50, ""TP_Pips"": 9.0, ""MaxLayers"": 2, ""Ladder"": ""flat"", ""MaxHoldSec"": 120, ""StopPips"": 23.0, ""MaxBasketRiskPct"": 2.0, ""AddMinSec"": 0, ""Session"": ""asia_0109"", ""ZEntry"": 2.75, ""ZEmaBars"": 90, ""NewsBeforeMin"": 30, ""NewsAfterMin"": 15, ""NewsCloseMode"": 0, ""DailyLossPct"": 3.0, ""MaxSpreadPts"": 0}"
-50.0,-0.8185591804837467,11.383012314493449,0.0,0.0,95.97600000000052,0.11930149363132107,585.5338308266652,150.0,1.0,4.0,"{""EntryMode"": 1, ""EntryTFMin"": 1, ""GridSpacingPts"": 115, ""TP_Pips"": 13.0, ""MaxLayers"": 3, ""Ladder"": ""step1"", ""MaxHoldSec"": 600, ""StopPips"": 28.0, ""MaxBasketRiskPct"": 3.0, ""AddMinSec"": 30, ""Session"": ""lateny_1923"", ""ZEntry"": 1.75, ""ZEmaBars"": 120, ""NewsBeforeMin"": 15, ""NewsAfterMin"": 60, ""NewsCloseMode"": 2, ""DailyLossPct"": 8.0, ""MaxSpreadPts"": 0}"
-50.0,0.0,0.0,0.0,0.0,100.0,0.0,0.0,0.0,0.0,0.0,"{""EntryMode"": 0, ""EntryTFMin"": 1, ""GridSpacingPts"": 80, ""TP_Pips"": 9.0, ""MaxLayers"": 4, ""Ladder"": ""step2"", ""MaxHoldSec"": 600, ""StopPips"": 29.0, ""MaxBasketRiskPct"": 2.0, ""AddMinSec"": 30, ""Session"": ""london_1013"", ""ZEntry"": 2.75, ""ZEmaBars"": 30, ""NewsBeforeMin"": 60, ""NewsAfterMin"": 15, ""NewsCloseMode"": 2, ""DailyLossPct"": 8.0, ""MaxSpreadPts"": 10}"
-50.0,-0.5258048187878228,2.983216295632241,0.0,0.0,97.40000000000008,0.0030787482227437697,459.72802489995956,2.0,2.0,0.0,"{""EntryMode"": 1, ""EntryTFMin"": 1, ""GridSpacingPts"": 80, ""TP_Pips"": 14.5, ""MaxLayers"": 2, ""Ladder"": ""step1"", ""MaxHoldSec"": 600, ""StopPips"": 14.0, ""MaxBasketRiskPct"": 2.0, ""AddMinSec"": 0, ""Session"": ""london_1013"", ""ZEntry"": 2.75, ""ZEmaBars"": 30, ""NewsBeforeMin"": 30, ""NewsAfterMin"": 60, ""NewsCloseMode"": 2, ""DailyLossPct"": 3.0, ""MaxSpreadPts"": 10}"
-50.0,-1.450264765097986,7.785355169498071,0.0,0.0,92.95999999999762,0.016933115225090733,566.7489227004673,20.0,1.0,1.0,"{""EntryMode"": 1, ""EntryTFMin"": 1, ""GridSpacingPts"": 120, ""TP_Pips"": 13.0, ""MaxLayers"": 1, ""Ladder"": ""step1"", ""MaxHoldSec"": 600, ""StopPips"": 27.0, ""MaxBasketRiskPct"": 3.0, ""AddMinSec"": 15, ""Session"": ""london_1013"", ""ZEntry"": 2.0, ""ZEmaBars"": 120, ""NewsBeforeMin"": 30, ""NewsAfterMin"": 60, ""NewsCloseMode"": 2, ""DailyLossPct"": 8.0, ""MaxSpreadPts"": 0}"
-50.0,-0.7575058492768294,3.969447630907154,0.0,0.0,96.27158905553911,0.01924217639214856,33.15296938896179,25.0,0.0,0.0,"{""EntryMode"": 1, ""EntryTFMin"": 1, ""GridSpacingPts"": 120, ""TP_Pips"": 12.0, ""MaxLayers"": 5, ""Ladder"": ""step1"", ""MaxHoldSec"": 30, ""StopPips"": 28.0, ""MaxBasketRiskPct"": 3.0, ""AddMinSec"": 60, ""Session"": ""lateny_1923"", ""ZEntry"": 1.75, ""ZEmaBars"": 120, ""NewsBeforeMin"": 30, ""NewsAfterMin"": 60, ""NewsCloseMode"": 2, ""DailyLossPct"": 8.0, ""MaxSpreadPts"": 10}"
-50.0,-0.7689761993447508,13.174738445358319,0.0,0.0,96.21600000000315,0.13161648652229616,563.4395933390996,153.0,1.0,17.0,"{""EntryMode"": 1, ""EntryTFMin"": 1, ""GridSpacingPts"": 100, ""TP_Pips"": 10.5, ""MaxLayers"": 6, ""Ladder"": ""step1"", ""MaxHoldSec"": 600, ""StopPips"": 28.0, ""MaxBasketRiskPct"": 3.0, ""AddMinSec"": 60, ""Session"": ""lateny_1923"", ""ZEntry"": 2.0, ""ZEmaBars"": 120, ""NewsBeforeMin"": 60, ""NewsAfterMin"": 60, ""NewsCloseMode"": 0, ""DailyLossPct"": 8.0, ""MaxSpreadPts"": 0}"
-50.0,0.0,0.0,0.0,0.0,100.0,0.0,0.0,0.0,0.0,0.0,"{""EntryMode"": 0, ""EntryTFMin"": 1, ""GridSpacingPts"": 30, ""TP_Pips"": 10.5, ""MaxLayers"": 4, ""Ladder"": ""step1"", ""MaxHoldSec"": 120, ""StopPips"": 25.0, ""MaxBasketRiskPct"": 2.0, ""AddMinSec"": 30, ""Session"": ""asia_0309"", ""ZEntry"": 1.25, ""ZEmaBars"": 60, ""NewsBeforeMin"": 60, ""NewsAfterMin"": 30, ""NewsCloseMode"": 0, ""DailyLossPct"": 5.0, ""MaxSpreadPts"": 0}"
-50.0,-3.0504918894825317,16.88692243504237,0.0,0.0,85.65799999999753,0.1908823898101137,576.8888137895008,235.0,5.0,8.0,"{""EntryMode"": 1, ""EntryTFMin"": 1, ""GridSpacingPts"": 140, ""TP_Pips"": 12.5, ""MaxLayers"": 4, ""Ladder"": ""step1"", ""MaxHoldSec"": 600, ""StopPips"": 25.0, ""MaxBasketRiskPct"": 3.0, ""AddMinSec"": 15, ""Session"": ""lateny_1923"", ""ZEntry"": 2.0, ""ZEmaBars"": 90, ""NewsBeforeMin"": 30, ""NewsAfterMin"": 60, ""NewsCloseMode"": 2, ""DailyLossPct"": 8.0, ""MaxSpreadPts"": 0}"
-50.0,-0.751851773669443,11.956899548140647,0.0,0.0,96.29900000000039,0.1362346088564118,555.911677385021,152.0,1.0,24.0,"{""EntryMode"": 1, ""EntryTFMin"": 1, ""GridSpacingPts"": 115, ""TP_Pips"": 9.0, ""MaxLayers"": 6, ""Ladder"": ""step1"", ""MaxHoldSec"": 600, ""StopPips"": 28.0, ""MaxBasketRiskPct"": 3.0, ""AddMinSec"": 60, ""Session"": ""lateny_1923"", ""ZEntry"": 1.75, ""ZEmaBars"": 120, ""NewsBeforeMin"": 60, ""NewsAfterMin"": 60, ""NewsCloseMode"": 0, ""DailyLossPct"": 8.0, ""MaxSpreadPts"": 0}"
-50.0,-0.8935347868064492,12.699865459770987,0.0,0.0,95.6140000000008,0.12622867713249455,581.8377928245835,158.0,1.0,5.0,"{""EntryMode"": 1, ""EntryTFMin"": 1, ""GridSpacingPts"": 110, ""TP_Pips"": 12.5, ""MaxLayers"": 5, ""Ladder"": ""flat"", ""MaxHoldSec"": 600, ""StopPips"": 28.0, ""MaxBasketRiskPct"": 3.0, ""AddMinSec"": 60, ""Session"": ""lateny_1923"", ""ZEntry"": 2.0, ""ZEmaBars"": 120, ""NewsBeforeMin"": 30, ""NewsAfterMin"": 60, ""NewsCloseMode"": 2, ""DailyLossPct"": 8.0, ""MaxSpreadPts"": 10}"
-50.0,-0.7813626619601499,11.716783923290377,0.0,0.0,96.15600000000082,0.13392554768935397,572.2728452274155,159.0,1.0,14.0,"{""EntryMode"": 1, ""EntryTFMin"": 1, ""GridSpacingPts"": 105, ""TP_Pips"": 11.0, ""MaxLayers"": 6, ""Ladder"": ""step1"", ""MaxHoldSec"": 600, ""StopPips"": 28.0, ""MaxBasketRiskPct"": 3.0, ""AddMinSec"": 60, ""Session"": ""lateny_1923"", ""ZEntry"": 1.75, ""ZEmaBars"": 120, ""NewsBeforeMin"": 60, ""NewsAfterMin"": 60, ""NewsCloseMode"": 0, ""DailyLossPct"": 8.0, ""MaxSpreadPts"": 0}"
-50.0,-1.517396086819811,10.744049056057378,0.0,0.0,92.64399999999965,0.06773246090036293,591.8973193115658,86.0,1.0,1.0,"{""EntryMode"": 1, ""EntryTFMin"": 5, ""GridSpacingPts"": 110, ""TP_Pips"": 14.5, ""MaxLayers"": 4, ""Ladder"": ""step1"", ""MaxHoldSec"": 600, ""StopPips"": 27.0, ""MaxBasketRiskPct"": 3.0, ""AddMinSec"": 30, ""Session"": ""lateny_1923"", ""ZEntry"": 1.75, ""ZEmaBars"": 120, ""NewsBeforeMin"": 30, ""NewsAfterMin"": 60, ""NewsCloseMode"": 2, ""DailyLossPct"": 8.0, ""MaxSpreadPts"": 0}"
-50.0,-1.4708520904578748,15.56968975930933,0.0,0.0,92.8630000000029,0.08081714084702395,1209.6865953577667,54.0,4.0,47.0,"{""EntryMode"": 1, ""EntryTFMin"": 1, ""GridSpacingPts"": 110, ""TP_Pips"": 7.0, ""MaxLayers"": 2, ""Ladder"": ""step1"", ""MaxHoldSec"": 1800, ""StopPips"": 27.0, ""MaxBasketRiskPct"": 3.0, ""AddMinSec"": 60, ""Session"": ""lateny_1923"", ""ZEntry"": 2.0, ""ZEmaBars"": 120, ""NewsBeforeMin"": 30, ""NewsAfterMin"": 15, ""NewsCloseMode"": 0, ""DailyLossPct"": 8.0, ""MaxSpreadPts"": 0}"
-50.0,-0.7549456751609673,4.091476506717211,0.0,0.0,96.28399999999861,0.026939046949007985,600.0,35.0,0.0,0.0,"{""EntryMode"": 1, ""EntryTFMin"": 1, ""GridSpacingPts"": 110, ""TP_Pips"": 10.5, ""MaxLayers"": 6, ""Ladder"": ""step1"", ""MaxHoldSec"": 600, ""StopPips"": 28.0, ""MaxBasketRiskPct"": 3.0, ""AddMinSec"": 60, ""Session"": ""asia_0109"", ""ZEntry"": 2.0, ""ZEmaBars"": 120, ""NewsBeforeMin"": 60, ""NewsAfterMin"": 60, ""NewsCloseMode"": 0, ""DailyLossPct"": 8.0, ""MaxSpreadPts"": 0}"
-50.0,-2.225685209171524,10.758476057326785,0.0,0.0,89.36199999999569,0.043102475118412774,577.4210766639029,53.0,1.0,2.0,"{""EntryMode"": 1, ""EntryTFMin"": 1, ""GridSpacingPts"": 120, ""TP_Pips"": 8.5, ""MaxLayers"": 2, ""Ladder"": ""step1"", ""MaxHoldSec"": 600, ""StopPips"": 26.0, ""MaxBasketRiskPct"": 3.0, ""AddMinSec"": 30, ""Session"": ""asia_0109"", ""ZEntry"": 2.0, ""ZEmaBars"": 120, ""NewsBeforeMin"": 60, ""NewsAfterMin"": 30, ""NewsCloseMode"": 0, ""DailyLossPct"": 8.0, ""MaxSpreadPts"": 0}"
-50.0,-0.9311077682665148,14.238443347450408,0.0,0.0,95.43300000000188,0.1908823898101137,552.7986878396894,219.0,2.0,27.0,"{""EntryMode"": 1, ""EntryTFMin"": 1, ""GridSpacingPts"": 95, ""TP_Pips"": 10.0, ""MaxLayers"": 5, ""Ladder"": ""step1"", ""MaxHoldSec"": 600, ""StopPips"": 28.0, ""MaxBasketRiskPct"": 3.0, ""AddMinSec"": 60, ""Session"": ""lateny_1923"", ""ZEntry"": 2.0, ""ZEmaBars"": 120, ""NewsBeforeMin"": 60, ""NewsAfterMin"": 60, ""NewsCloseMode"": 2, ""DailyLossPct"": 8.0, ""MaxSpreadPts"": 0}"
-50.0,-0.7966478164106783,7.727255263562751,0.0,0.0,96.0820000000004,0.04618122334115654,559.3120459564147,54.0,1.0,5.0,"{""EntryMode"": 1, ""EntryTFMin"": 1, ""GridSpacingPts"": 120, ""TP_Pips"": 11.0, ""MaxLayers"": 6, ""Ladder"": ""step1"", ""MaxHoldSec"": 600, ""StopPips"": 28.0, ""MaxBasketRiskPct"": 3.0, ""AddMinSec"": 60, ""Session"": ""lateny_1923"", ""ZEntry"": 2.25, ""ZEmaBars"": 120, ""NewsBeforeMin"": 30, ""NewsAfterMin"": 60, ""NewsCloseMode"": 2, ""DailyLossPct"": 8.0, ""MaxSpreadPts"": 0}"
-50.0,-0.7925157652735715,7.705459603570926,0.0,0.0,96.10200000000006,0.04464184922978466,550.5342185145519,49.0,1.0,8.0,"{""EntryMode"": 1, ""EntryTFMin"": 1, ""GridSpacingPts"": 115, ""TP_Pips"": 8.5, ""MaxLayers"": 6, ""Ladder"": ""step1"", ""MaxHoldSec"": 600, ""StopPips"": 28.0, ""MaxBasketRiskPct"": 3.0, ""AddMinSec"": 60, ""Session"": ""lateny_1923"", ""ZEntry"": 2.25, ""ZEmaBars"": 120, ""NewsBeforeMin"": 60, ""NewsAfterMin"": 15, ""NewsCloseMode"": 0, ""DailyLossPct"": 8.0, ""MaxSpreadPts"": 0}"
-50.0,-2.16838554554748,11.112658404124273,0.0,0.0,89.62399999999724,0.06157496445487539,561.6215159863962,71.0,1.0,8.0,"{""EntryMode"": 1, ""EntryTFMin"": 1, ""GridSpacingPts"": 100, ""TP_Pips"": 7.0, ""MaxLayers"": 5, ""Ladder"": ""step1"", ""MaxHoldSec"": 600, ""StopPips"": 26.0, ""MaxBasketRiskPct"": 3.0, ""AddMinSec"": 60, ""Session"": ""asia_0309"", ""ZEntry"": 2.0, ""ZEmaBars"": 120, ""NewsBeforeMin"": 60, ""NewsAfterMin"": 60, ""NewsCloseMode"": 0, ""DailyLossPct"": 8.0, ""MaxSpreadPts"": 0}"
-50.0,-1.6415174810415212,13.736279187484488,0.0,0.0,92.06200000000031,0.13700429591209776,513.7685393941019,130.0,1.0,47.0,"{""EntryMode"": 1, ""EntryTFMin"": 1, ""GridSpacingPts"": 120, ""TP_Pips"": 6.0, ""MaxLayers"": 6, ""Ladder"": ""step1"", ""MaxHoldSec"": 600, ""StopPips"": 27.0, ""MaxBasketRiskPct"": 3.0, ""AddMinSec"": 60, ""Session"": ""lateny_1923"", ""ZEntry"": 1.75, ""ZEmaBars"": 120, ""NewsBeforeMin"": 30, ""NewsAfterMin"": 30, ""NewsCloseMode"": 0, ""DailyLossPct"": 8.0, ""MaxSpreadPts"": 0}"
-50.0,-0.7565505060812439,12.925697019066442,0.0,0.0,96.27622011875157,0.12930742535523831,559.1482442630811,152.0,1.0,15.0,"{""EntryMode"": 1, ""EntryTFMin"": 1, ""GridSpacingPts"": 150, ""TP_Pips"": 11.0, ""MaxLayers"": 6, ""Ladder"": ""step2"", ""MaxHoldSec"": 600, ""StopPips"": 28.0, ""MaxBasketRiskPct"": 3.0, ""AddMinSec"": 60, ""Session"": ""lateny_1923"", ""ZEntry"": 2.0, ""ZEmaBars"": 120, ""NewsBeforeMin"": 15, ""NewsAfterMin"": 60, ""NewsCloseMode"": 2, ""DailyLossPct"": 3.0, ""MaxSpreadPts"": 0}"
-50.0,-2.340039619011236,13.97715708332877,0.0,0.0,88.84095125062235,0.14470116646895717,516.704989078597,148.0,2.0,38.0,"{""EntryMode"": 1, ""EntryTFMin"": 1, ""GridSpacingPts"": 120, ""TP_Pips"": 6.5, ""MaxLayers"": 4, ""Ladder"": ""step1"", ""MaxHoldSec"": 600, ""StopPips"": 26.0, ""MaxBasketRiskPct"": 3.0, ""AddMinSec"": 60, ""Session"": ""lateny_1923"", ""ZEntry"": 2.25, ""ZEmaBars"": 120, ""NewsBeforeMin"": 30, ""NewsAfterMin"": 60, ""NewsCloseMode"": 0, ""DailyLossPct"": 3.0, ""MaxSpreadPts"": 0}"
-50.0,-0.10247025495483397,1.0842784610624683,0.0,0.0,99.48900000000012,0.0015393741113718848,600.0,2.0,0.0,0.0,"{""EntryMode"": 1, ""EntryTFMin"": 1, ""GridSpacingPts"": 105, ""TP_Pips"": 14.0, ""MaxLayers"": 2, ""Ladder"": ""step1"", ""MaxHoldSec"": 600, ""StopPips"": 29.0, ""MaxBasketRiskPct"": 3.0, ""AddMinSec"": 60, ""Session"": ""lateny_1923"", ""ZEntry"": 2.0, ""ZEmaBars"": 120, ""NewsBeforeMin"": 30, ""NewsAfterMin"": 60, ""NewsCloseMode"": 2, ""DailyLossPct"": 8.0, ""MaxSpreadPts"": 0}"
-50.0,-2.1999119931460642,10.924517095453503,0.0,0.0,89.47977089397479,0.08928369845956932,33.46785644621686,116.0,0.0,0.0,"{""EntryMode"": 1, ""EntryTFMin"": 1, ""GridSpacingPts"": 115, ""TP_Pips"": 9.0, ""MaxLayers"": 2, ""Ladder"": ""step1"", ""MaxHoldSec"": 30, ""StopPips"": 26.0, ""MaxBasketRiskPct"": 3.0, ""AddMinSec"": 30, ""Session"": ""lateny_1923"", ""ZEntry"": 2.0, ""ZEmaBars"": 120, ""NewsBeforeMin"": 60, ""NewsAfterMin"": 60, ""NewsCloseMode"": 2, ""DailyLossPct"": 8.0, ""MaxSpreadPts"": 0}"
-50.0,-2.327932780965858,14.620770464565988,0.0,0.0,88.89599999999905,0.1685614651952214,582.6861087387069,213.0,2.0,4.0,"{""EntryMode"": 1, ""EntryTFMin"": 1, ""GridSpacingPts"": 115, ""TP_Pips"": 12.0, ""MaxLayers"": 5, ""Ladder"": ""step1"", ""MaxHoldSec"": 600, ""StopPips"": 26.0, ""MaxBasketRiskPct"": 3.0, ""AddMinSec"": 60, ""Session"": ""lateny_1923"", ""ZEntry"": 2.25, ""ZEmaBars"": 120, ""NewsBeforeMin"": 30, ""NewsAfterMin"": 60, ""NewsCloseMode"": 2, ""DailyLossPct"": 8.0, ""MaxSpreadPts"": 10}"
-50.0,-0.9385876424603423,12.827371410251109,0.0,0.0,95.39700000000092,0.11776211951994918,523.6794153422117,120.0,1.0,32.0,"{""EntryMode"": 1, ""EntryTFMin"": 1, ""GridSpacingPts"": 110, ""TP_Pips"": 7.0, ""MaxLayers"": 1, ""Ladder"": ""step1"", ""MaxHoldSec"": 600, ""StopPips"": 28.0, ""MaxBasketRiskPct"": 3.0, ""AddMinSec"": 30, ""Session"": ""lateny_1923"", ""ZEntry"": 2.0, ""ZEmaBars"": 120, ""NewsBeforeMin"": 60, ""NewsAfterMin"": 30, ""NewsCloseMode"": 0, ""DailyLossPct"": 8.0, ""MaxSpreadPts"": 0}"
-50.0,-0.7689761993447508,13.174738445358319,0.0,0.0,96.21600000000315,0.13161648652229616,563.4395933390996,153.0,1.0,17.0,"{""EntryMode"": 1, ""EntryTFMin"": 1, ""GridSpacingPts"": 115, ""TP_Pips"": 10.5, ""MaxLayers"": 1, ""Ladder"": ""step1"", ""MaxHoldSec"": 600, ""StopPips"": 28.0, ""MaxBasketRiskPct"": 3.0, ""AddMinSec"": 30, ""Session"": ""lateny_1923"", ""ZEntry"": 2.0, ""ZEmaBars"": 120, ""NewsBeforeMin"": 60, ""NewsAfterMin"": 60, ""NewsCloseMode"": 0, ""DailyLossPct"": 8.0, ""MaxSpreadPts"": 0}"
-50.0,-0.8887643945813872,13.076593689926128,0.0,0.0,95.6370000000012,0.12622867713249455,585.1901052778925,160.0,1.0,3.0,"{""EntryMode"": 1, ""EntryTFMin"": 1, ""GridSpacingPts"": 110, ""TP_Pips"": 15.0, ""MaxLayers"": 6, ""Ladder"": ""step1"", ""MaxHoldSec"": 600, ""StopPips"": 28.0, ""MaxBasketRiskPct"": 3.0, ""AddMinSec"": 30, ""Session"": ""lateny_1923"", ""ZEntry"": 2.0, ""ZEmaBars"": 120, ""NewsBeforeMin"": 30, ""NewsAfterMin"": 60, ""NewsCloseMode"": 2, ""DailyLossPct"": 8.0, ""MaxSpreadPts"": 0}"
-50.0,-1.6246326375530362,9.896716206095824,0.0,0.0,92.1409999999986,0.026939046949007985,526.1044773783003,28.0,2.0,5.0,"{""EntryMode"": 1, ""EntryTFMin"": 1, ""GridSpacingPts"": 100, ""TP_Pips"": 12.5, ""MaxLayers"": 5, ""Ladder"": ""step1"", ""MaxHoldSec"": 600, ""StopPips"": 27.0, ""MaxBasketRiskPct"": 3.0, ""AddMinSec"": 30, ""Session"": ""lateny_1923"", ""ZEntry"": 2.0, ""ZEmaBars"": 30, ""NewsBeforeMin"": 60, ""NewsAfterMin"": 60, ""NewsCloseMode"": 2, ""DailyLossPct"": 8.0, ""MaxSpreadPts"": 0}"
-50.0,0.0,0.0,0.0,0.0,100.0,0.0,0.0,0.0,0.0,0.0,"{""EntryMode"": 1, ""EntryTFMin"": 1, ""GridSpacingPts"": 120, ""TP_Pips"": 15.0, ""MaxLayers"": 6, ""Ladder"": ""step1"", ""MaxHoldSec"": 600, ""StopPips"": 30.0, ""MaxBasketRiskPct"": 3.0, ""AddMinSec"": 30, ""Session"": ""lateny_1923"", ""ZEntry"": 2.0, ""ZEmaBars"": 120, ""NewsBeforeMin"": 30, ""NewsAfterMin"": 60, ""NewsCloseMode"": 2, ""DailyLossPct"": 8.0, ""MaxSpreadPts"": 0}"
-50.0,-1.4441131281467623,7.328605200943635,0.0,0.0,92.98900000000181,0.057726529176445676,60.0,75.0,0.0,0.0,"{""EntryMode"": 1, ""EntryTFMin"": 1, ""GridSpacingPts"": 115, ""TP_Pips"": 9.5, ""MaxLayers"": 4, ""Ladder"": ""step1"", ""MaxHoldSec"": 60, ""StopPips"": 27.0, ""MaxBasketRiskPct"": 3.0, ""AddMinSec"": 30, ""Session"": ""lateny_1923"", ""ZEntry"": 2.0, ""ZEmaBars"": 120, ""NewsBeforeMin"": 60, ""NewsAfterMin"": 60, ""NewsCloseMode"": 0, ""DailyLossPct"": 8.0, ""MaxSpreadPts"": 0}"
-50.0,-0.2687986062844816,8.622446144439602,0.0,0.0,98.66400000000385,0.0454115362854706,1634.4503837543375,51.0,2.0,6.0,"{""EntryMode"": 1, ""EntryTFMin"": 1, ""GridSpacingPts"": 110, ""TP_Pips"": 14.5, ""MaxLayers"": 5, ""Ladder"": ""step1"", ""MaxHoldSec"": 1800, ""StopPips"": 29.0, ""MaxBasketRiskPct"": 3.0, ""AddMinSec"": 30, ""Session"": ""lateny_1923"", ""ZEntry"": 2.0, ""ZEmaBars"": 120, ""NewsBeforeMin"": 30, ""NewsAfterMin"": 60, ""NewsCloseMode"": 2, ""DailyLossPct"": 8.0, ""MaxSpreadPts"": 0}"
-50.0,-0.7613409601725851,13.028982487292467,0.0,0.0,96.25300000000264,0.13315586063366802,540.1403212167404,142.0,1.0,30.0,"{""EntryMode"": 1, ""EntryTFMin"": 1, ""GridSpacingPts"": 115, ""TP_Pips"": 8.5, ""MaxLayers"": 2, ""Ladder"": ""step1"", ""MaxHoldSec"": 600, ""StopPips"": 28.0, ""MaxBasketRiskPct"": 3.0, ""AddMinSec"": 30, ""Session"": ""lateny_1923"", ""ZEntry"": 2.0, ""ZEmaBars"": 120, ""NewsBeforeMin"": 60, ""NewsAfterMin"": 60, ""NewsCloseMode"": 0, ""DailyLossPct"": 8.0, ""MaxSpreadPts"": 0}"
-50.0,-2.2333499154354786,11.58806354234474,0.0,0.0,89.32699999999193,0.06850214795604888,564.7841731564382,78.0,2.0,9.0,"{""EntryMode"": 1, ""EntryTFMin"": 1, ""GridSpacingPts"": 110, ""TP_Pips"": 9.5, ""MaxLayers"": 2, ""Ladder"": ""step1"", ""MaxHoldSec"": 600, ""StopPips"": 26.0, ""MaxBasketRiskPct"": 3.0, ""AddMinSec"": 15, ""Session"": ""allday_0123"", ""ZEntry"": 2.0, ""ZEmaBars"": 120, ""NewsBeforeMin"": 60, ""NewsAfterMin"": 60, ""NewsCloseMode"": 0, ""DailyLossPct"": 8.0, ""MaxSpreadPts"": 10}"
-50.0,-2.190458457411548,17.902700719888237,0.0,0.0,89.52299999999836,0.19857926036697313,1150.213376753814,117.0,13.0,128.0,"{""EntryMode"": 1, ""EntryTFMin"": 1, ""GridSpacingPts"": 145, ""TP_Pips"": 6.5, ""MaxLayers"": 4, ""Ladder"": ""step1"", ""MaxHoldSec"": 1800, ""StopPips"": 26.0, ""MaxBasketRiskPct"": 3.0, ""AddMinSec"": 60, ""Session"": ""lateny_1923"", ""ZEntry"": 2.0, ""ZEmaBars"": 120, ""NewsBeforeMin"": 30, ""NewsAfterMin"": 60, ""NewsCloseMode"": 0, ""DailyLossPct"": 8.0, ""MaxSpreadPts"": 0}"
-50.0,-1.4629971648213114,14.683888511216924,0.0,0.0,92.90000000000065,0.13007711241092426,459.24847609075624,103.0,1.0,65.0,"{""EntryMode"": 1, ""EntryTFMin"": 1, ""GridSpacingPts"": 150, ""TP_Pips"": 5.0, ""MaxLayers"": 6, ""Ladder"": ""flat"", ""MaxHoldSec"": 600, ""StopPips"": 27.0, ""MaxBasketRiskPct"": 3.0, ""AddMinSec"": 60, ""Session"": ""lateny_1923"", ""ZEntry"": 2.0, ""ZEmaBars"": 120, ""NewsBeforeMin"": 30, ""NewsAfterMin"": 60, ""NewsCloseMode"": 0, ""DailyLossPct"": 8.0, ""MaxSpreadPts"": 0}"
-50.0,-2.1749397778641932,18.28818809342291,0.0,0.0,89.59399999999934,0.1801067710305105,550.0178316754053,199.0,1.0,34.0,"{""EntryMode"": 1, ""EntryTFMin"": 1, ""GridSpacingPts"": 115, ""TP_Pips"": 8.5, ""MaxLayers"": 2, ""Ladder"": ""step1"", ""MaxHoldSec"": 600, ""StopPips"": 26.0, ""MaxBasketRiskPct"": 3.0, ""AddMinSec"": 30, ""Session"": ""lateny_1923"", ""ZEntry"": 1.75, ""ZEmaBars"": 120, ""NewsBeforeMin"": 60, ""NewsAfterMin"": 60, ""NewsCloseMode"": 0, ""DailyLossPct"": 8.0, ""MaxSpreadPts"": 0}"
-50.0,-1.5855640803852933,11.408604541017645,0.0,0.0,92.32400000000027,0.07235058323447859,533.0926077554722,76.0,1.0,17.0,"{""EntryMode"": 1, ""EntryTFMin"": 1, ""GridSpacingPts"": 110, ""TP_Pips"": 8.0, ""MaxLayers"": 2, ""Ladder"": ""step1"", ""MaxHoldSec"": 600, ""StopPips"": 27.0, ""MaxBasketRiskPct"": 3.0, ""AddMinSec"": 30, ""Session"": ""lateny_1923"", ""ZEntry"": 2.25, ""ZEmaBars"": 120, ""NewsBeforeMin"": 60, ""NewsAfterMin"": 30, ""NewsCloseMode"": 0, ""DailyLossPct"": 8.0, ""MaxSpreadPts"": 0}"
-50.0,-1.4680919665027936,11.334601014780935,0.0,0.0,92.87600000000226,0.025399672837636098,1242.295305062563,18.0,2.0,13.0,"{""EntryMode"": 1, ""EntryTFMin"": 1, ""GridSpacingPts"": 145, ""TP_Pips"": 7.0, ""MaxLayers"": 3, ""Ladder"": ""step1"", ""MaxHoldSec"": 1800, ""StopPips"": 27.0, ""MaxBasketRiskPct"": 3.0, ""AddMinSec"": 60, ""Session"": ""lateny_1923"", ""ZEntry"": 2.25, ""ZEmaBars"": 120, ""NewsBeforeMin"": 30, ""NewsAfterMin"": 60, ""NewsCloseMode"": 0, ""DailyLossPct"": 8.0, ""MaxSpreadPts"": 0}"
-50.0,0.0,0.0,0.0,0.0,100.0,0.0,0.0,0.0,0.0,0.0,"{""EntryMode"": 1, ""EntryTFMin"": 1, ""GridSpacingPts"": 130, ""TP_Pips"": 6.0, ""MaxLayers"": 3, ""Ladder"": ""step1"", ""MaxHoldSec"": 1800, ""StopPips"": 27.0, ""MaxBasketRiskPct"": 1.0, ""AddMinSec"": 60, ""Session"": ""lateny_1923"", ""ZEntry"": 2.0, ""ZEmaBars"": 120, ""NewsBeforeMin"": 30, ""NewsAfterMin"": 15, ""NewsCloseMode"": 0, ""DailyLossPct"": 5.0, ""MaxSpreadPts"": 10}"
-50.0,-0.7865255127369464,11.018901000537086,0.0,0.0,96.13099999998644,0.13161648652229616,518.155365341588,126.0,2.0,43.0,"{""EntryMode"": 1, ""EntryTFMin"": 1, ""GridSpacingPts"": 120, ""TP_Pips"": 8.0, ""MaxLayers"": 6, ""Ladder"": ""step1"", ""MaxHoldSec"": 600, ""StopPips"": 28.0, ""MaxBasketRiskPct"": 3.0, ""AddMinSec"": 60, ""Session"": ""allday_0123"", ""ZEntry"": 1.75, ""ZEmaBars"": 120, ""NewsBeforeMin"": 30, ""NewsAfterMin"": 30, ""NewsCloseMode"": 0, ""DailyLossPct"": 8.0, ""MaxSpreadPts"": 10}"
-50.0,-0.7549456751609673,4.091476506717211,0.0,0.0,96.28399999999861,0.026939046949007985,600.0,35.0,0.0,0.0,"{""EntryMode"": 1, ""EntryTFMin"": 1, ""GridSpacingPts"": 110, ""TP_Pips"": 15.0, ""MaxLayers"": 4, ""Ladder"": ""step1"", ""MaxHoldSec"": 600, ""StopPips"": 28.0, ""MaxBasketRiskPct"": 3.0, ""AddMinSec"": 30, ""Session"": ""asia_0109"", ""ZEntry"": 2.0, ""ZEmaBars"": 120, ""NewsBeforeMin"": 15, ""NewsAfterMin"": 60, ""NewsCloseMode"": 2, ""DailyLossPct"": 8.0, ""MaxSpreadPts"": 0}"
-50.0,-1.464270766532061,14.723237381594355,0.0,0.0,92.89400000000167,0.13469523474503992,501.94341316867514,129.0,1.0,45.0,"{""EntryMode"": 1, ""EntryTFMin"": 1, ""GridSpacingPts"": 135, ""TP_Pips"": 6.5, ""MaxLayers"": 3, ""Ladder"": ""step1"", ""MaxHoldSec"": 600, ""StopPips"": 27.0, ""MaxBasketRiskPct"": 3.0, ""AddMinSec"": 30, ""Session"": ""lateny_1923"", ""ZEntry"": 2.0, ""ZEmaBars"": 120, ""NewsBeforeMin"": 60, ""NewsAfterMin"": 30, ""NewsCloseMode"": 0, ""DailyLossPct"": 8.0, ""MaxSpreadPts"": 0}"
-50.0,-0.7646423970709026,7.62894911154043,0.0,0.0,96.23699999999982,0.04618122334115654,565.8356253230382,56.0,1.0,3.0,"{""EntryMode"": 1, ""EntryTFMin"": 1, ""GridSpacingPts"": 110, ""TP_Pips"": 12.5, ""MaxLayers"": 5, ""Ladder"": ""step1"", ""MaxHoldSec"": 600, ""StopPips"": 28.0, ""MaxBasketRiskPct"": 3.0, ""AddMinSec"": 60, ""Session"": ""lateny_1923"", ""ZEntry"": 2.25, ""ZEmaBars"": 120, ""NewsBeforeMin"": 60, ""NewsAfterMin"": 60, ""NewsCloseMode"": 2, ""DailyLossPct"": 8.0, ""MaxSpreadPts"": 0}"
-50.0,-1.4704274358877445,13.745473550604025,0.0,0.0,92.86500000000014,0.14701022763601498,528.741463495131,149.0,1.0,41.0,"{""EntryMode"": 1, ""EntryTFMin"": 1, ""GridSpacingPts"": 120, ""TP_Pips"": 7.0, ""MaxLayers"": 3, ""Ladder"": ""step1"", ""MaxHoldSec"": 600, ""StopPips"": 27.0, ""MaxBasketRiskPct"": 3.0, ""AddMinSec"": 30, ""Session"": ""lateny_1923"", ""ZEntry"": 1.75, ""ZEmaBars"": 120, ""NewsBeforeMin"": 60, ""NewsAfterMin"": 30, ""NewsCloseMode"": 0, ""DailyLossPct"": 8.0, ""MaxSpreadPts"": 0}"
-50.0,-0.9469508637310109,8.697429233542591,0.0,0.0,95.35676138885628,0.05156903273095814,552.1642346845733,60.0,1.0,6.0,"{""EntryMode"": 1, ""EntryTFMin"": 1, ""GridSpacingPts"": 150, ""TP_Pips"": 10.0, ""MaxLayers"": 6, ""Ladder"": ""step1"", ""MaxHoldSec"": 600, ""StopPips"": 28.0, ""MaxBasketRiskPct"": 3.0, ""AddMinSec"": 60, ""Session"": ""lateny_1923"", ""ZEntry"": 2.25, ""ZEmaBars"": 120, ""NewsBeforeMin"": 15, ""NewsAfterMin"": 60, ""NewsCloseMode"": 2, ""DailyLossPct"": 3.0, ""MaxSpreadPts"": 0}"
-50.0,-0.8098294998800104,13.86863187461696,0.0,0.0,96.0182201187509,0.1801067710305105,560.0827971162795,214.0,2.0,18.0,"{""EntryMode"": 1, ""EntryTFMin"": 1, ""GridSpacingPts"": 110, ""TP_Pips"": 11.5, ""MaxLayers"": 2, ""Ladder"": ""step1"", ""MaxHoldSec"": 600, ""StopPips"": 28.0, ""MaxBasketRiskPct"": 3.0, ""AddMinSec"": 60, ""Session"": ""lateny_1923"", ""ZEntry"": 2.0, ""ZEmaBars"": 120, ""NewsBeforeMin"": 30, ""NewsAfterMin"": 60, ""NewsCloseMode"": 2, ""DailyLossPct"": 3.0, ""MaxSpreadPts"": 0}"
-50.0,-0.9250839552257584,13.883272556594548,0.0,0.0,95.46200000000157,0.19011270275442776,563.8622500477856,227.0,2.0,18.0,"{""EntryMode"": 1, ""EntryTFMin"": 1, ""GridSpacingPts"": 135, ""TP_Pips"": 11.5, ""MaxLayers"": 4, ""Ladder"": ""step1"", ""MaxHoldSec"": 600, ""StopPips"": 28.0, ""MaxBasketRiskPct"": 3.0, ""AddMinSec"": 60, ""Session"": ""lateny_1923"", ""ZEntry"": 2.0, ""ZEmaBars"": 120, ""NewsBeforeMin"": 30, ""NewsAfterMin"": 60, ""NewsCloseMode"": 2, ""DailyLossPct"": 8.0, ""MaxSpreadPts"": 0}"
-50.0,0.0,0.0,0.0,0.0,100.0,0.0,0.0,0.0,0.0,0.0,"{""EntryMode"": 1, ""EntryTFMin"": 1, ""GridSpacingPts"": 120, ""TP_Pips"": 6.5, ""MaxLayers"": 3, ""Ladder"": ""step1"", ""MaxHoldSec"": 600, ""StopPips"": 28.0, ""MaxBasketRiskPct"": 1.0, ""AddMinSec"": 30, ""Session"": ""lateny_1923"", ""ZEntry"": 2.0, ""ZEmaBars"": 120, ""NewsBeforeMin"": 60, ""NewsAfterMin"": 30, ""NewsCloseMode"": 0, ""DailyLossPct"": 8.0, ""MaxSpreadPts"": 0}"
-50.0,-0.15174920565536043,1.2844493085271298,0.0,0.0,99.24399999999982,0.0030787482227437697,491.99999999999994,4.0,0.0,0.0,"{""EntryMode"": 1, ""EntryTFMin"": 1, ""GridSpacingPts"": 105, ""TP_Pips"": 15.0, ""MaxLayers"": 4, ""Ladder"": ""step1"", ""MaxHoldSec"": 600, ""StopPips"": 29.0, ""MaxBasketRiskPct"": 3.0, ""AddMinSec"": 30, ""Session"": ""lateny_1923"", ""ZEntry"": 2.25, ""ZEmaBars"": 120, ""NewsBeforeMin"": 30, ""NewsAfterMin"": 15, ""NewsCloseMode"": 2, ""DailyLossPct"": 8.0, ""MaxSpreadPts"": 0}"
-50.0,-0.9090967929007654,13.007365759714137,0.0,0.0,95.53900000000073,0.12622867713249455,584.5766725986325,159.0,1.0,4.0,"{""EntryMode"": 1, ""EntryTFMin"": 1, ""GridSpacingPts"": 125, ""TP_Pips"": 14.0, ""MaxLayers"": 6, ""Ladder"": ""step1"", ""MaxHoldSec"": 600, ""StopPips"": 28.0, ""MaxBasketRiskPct"": 3.0, ""AddMinSec"": 30, ""Session"": ""lateny_1923"", ""ZEntry"": 2.0, ""ZEmaBars"": 120, ""NewsBeforeMin"": 15, ""NewsAfterMin"": 60, ""NewsCloseMode"": 2, ""DailyLossPct"": 8.0, ""MaxSpreadPts"": 0}"
-50.0,-1.6858150799144767,12.767606779537457,0.0,0.0,91.85499999998562,0.1269983641881805,582.9498387669073,153.0,2.0,10.0,"{""EntryMode"": 1, ""EntryTFMin"": 1, ""GridSpacingPts"": 105, ""TP_Pips"": 13.5, ""MaxLayers"": 2, ""Ladder"": ""step1"", ""MaxHoldSec"": 600, ""StopPips"": 27.0, ""MaxBasketRiskPct"": 3.0, ""AddMinSec"": 60, ""Session"": ""allday_0123"", ""ZEntry"": 1.75, ""ZEmaBars"": 120, ""NewsBeforeMin"": 30, ""NewsAfterMin"": 60, ""NewsCloseMode"": 2, ""DailyLossPct"": 8.0, ""MaxSpreadPts"": 0}"
-50.0,-2.9731528213047254,17.207508306937815,0.0,0.0,86.00000000000217,0.12314992890975078,572.0688514491408,146.0,2.0,12.0,"{""EntryMode"": 1, ""EntryTFMin"": 5, ""GridSpacingPts"": 95, ""TP_Pips"": 10.0, ""MaxLayers"": 3, ""Ladder"": ""step1"", ""MaxHoldSec"": 600, ""StopPips"": 25.0, ""MaxBasketRiskPct"": 3.0, ""AddMinSec"": 30, ""Session"": ""lateny_1923"", ""ZEntry"": 2.0, ""ZEmaBars"": 120, ""NewsBeforeMin"": 60, ""NewsAfterMin"": 60, ""NewsCloseMode"": 0, ""DailyLossPct"": 8.0, ""MaxSpreadPts"": 0}"
-50.0,-2.2194311586590354,23.08414214826898,0.0,0.0,89.39056652873077,0.14316179235758528,1395.2003308775281,122.0,9.0,55.0,"{""EntryMode"": 1, ""EntryTFMin"": 1, ""GridSpacingPts"": 140, ""TP_Pips"": 9.5, ""MaxLayers"": 2, ""Ladder"": ""step1"", ""MaxHoldSec"": 1800, ""StopPips"": 26.0, ""MaxBasketRiskPct"": 3.0, ""AddMinSec"": 15, ""Session"": ""lateny_1923"", ""ZEntry"": 1.5, ""ZEmaBars"": 120, ""NewsBeforeMin"": 30, ""NewsAfterMin"": 15, ""NewsCloseMode"": 0, ""DailyLossPct"": 8.0, ""MaxSpreadPts"": 0}"
-50.0,-1.4629971648213114,14.683888511216924,0.0,0.0,92.90000000000065,0.13007711241092426,459.24847609075624,103.0,1.0,65.0,"{""EntryMode"": 1, ""EntryTFMin"": 1, ""GridSpacingPts"": 110, ""TP_Pips"": 5.0, ""MaxLayers"": 1, ""Ladder"": ""step1"", ""MaxHoldSec"": 600, ""StopPips"": 27.0, ""MaxBasketRiskPct"": 3.0, ""AddMinSec"": 30, ""Session"": ""lateny_1923"", ""ZEntry"": 2.0, ""ZEmaBars"": 120, ""NewsBeforeMin"": 60, ""NewsAfterMin"": 30, ""NewsCloseMode"": 0, ""DailyLossPct"": 8.0, ""MaxSpreadPts"": 0}"
-50.0,-2.0100886283236474,14.204728895639828,0.0,0.0,90.35100000000251,0.1362346088564118,1419.2164033579097,119.0,10.0,48.0,"{""EntryMode"": 1, ""EntryTFMin"": 1, ""GridSpacingPts"": 140, ""TP_Pips"": 10.0, ""MaxLayers"": 1, ""Ladder"": ""step1"", ""MaxHoldSec"": 1800, ""StopPips"": 27.0, ""MaxBasketRiskPct"": 3.0, ""AddMinSec"": 15, ""Session"": ""lateny_1923"", ""ZEntry"": 2.25, ""ZEmaBars"": 120, ""NewsBeforeMin"": 30, ""NewsAfterMin"": 15, ""NewsCloseMode"": 0, ""DailyLossPct"": 8.0, ""MaxSpreadPts"": 0}"
-50.0,0.0,0.0,0.0,0.0,100.0,0.0,0.0,0.0,0.0,0.0,"{""EntryMode"": 1, ""EntryTFMin"": 5, ""GridSpacingPts"": 75, ""TP_Pips"": 11.0, ""MaxLayers"": 2, ""Ladder"": ""step1"", ""MaxHoldSec"": 60, ""StopPips"": 29.0, ""MaxBasketRiskPct"": 2.0, ""AddMinSec"": 30, ""Session"": ""lateny_1923"", ""ZEntry"": 2.75, ""ZEmaBars"": 90, ""NewsBeforeMin"": 15, ""NewsAfterMin"": 30, ""NewsCloseMode"": 2, ""DailyLossPct"": 3.0, ""MaxSpreadPts"": 0}"
-50.0,-0.10247025495483397,1.0842784610624683,0.0,0.0,99.48900000000012,0.0015393741113718848,600.0,2.0,0.0,0.0,"{""EntryMode"": 1, ""EntryTFMin"": 1, ""GridSpacingPts"": 135, ""TP_Pips"": 7.0, ""MaxLayers"": 4, ""Ladder"": ""step1"", ""MaxHoldSec"": 600, ""StopPips"": 29.0, ""MaxBasketRiskPct"": 3.0, ""AddMinSec"": 30, ""Session"": ""lateny_1923"", ""ZEntry"": 2.0, ""ZEmaBars"": 120, ""NewsBeforeMin"": 60, ""NewsAfterMin"": 30, ""NewsCloseMode"": 0, ""DailyLossPct"": 8.0, ""MaxSpreadPts"": 0}"
-50.0,-0.10247025495483397,1.0842784610624683,0.0,0.0,99.48900000000012,0.0015393741113718848,600.0,2.0,0.0,0.0,"{""EntryMode"": 1, ""EntryTFMin"": 1, ""GridSpacingPts"": 120, ""TP_Pips"": 10.0, ""MaxLayers"": 6, ""Ladder"": ""step1"", ""MaxHoldSec"": 600, ""StopPips"": 29.0, ""MaxBasketRiskPct"": 3.0, ""AddMinSec"": 60, ""Session"": ""lateny_1923"", ""ZEntry"": 2.0, ""ZEmaBars"": 120, ""NewsBeforeMin"": 30, ""NewsAfterMin"": 30, ""NewsCloseMode"": 2, ""DailyLossPct"": 8.0, ""MaxSpreadPts"": 0}"
-50.0,-2.5319470755273965,19.325049291578598,0.0,0.0,87.9719999999986,0.20011863447834502,1154.7257838596904,119.0,13.0,128.0,"{""EntryMode"": 1, ""EntryTFMin"": 1, ""GridSpacingPts"": 115, ""TP_Pips"": 6.5, ""MaxLayers"": 1, ""Ladder"": ""step1"", ""MaxHoldSec"": 1800, ""StopPips"": 26.0, ""MaxBasketRiskPct"": 3.0, ""AddMinSec"": 60, ""Session"": ""lateny_1923"", ""ZEntry"": 2.0, ""ZEmaBars"": 120, ""NewsBeforeMin"": 30, ""NewsAfterMin"": 15, ""NewsCloseMode"": 0, ""DailyLossPct"": 8.0, ""MaxSpreadPts"": 0}"
-50.0,0.0,0.0,0.0,0.0,100.0,0.0,0.0,0.0,0.0,0.0,"{""EntryMode"": 1, ""EntryTFMin"": 1, ""GridSpacingPts"": 125, ""TP_Pips"": 6.5, ""MaxLayers"": 5, ""Ladder"": ""step1"", ""MaxHoldSec"": 600, ""StopPips"": 27.0, ""MaxBasketRiskPct"": 1.0, ""AddMinSec"": 30, ""Session"": ""lateny_1923"", ""ZEntry"": 2.0, ""ZEmaBars"": 120, ""NewsBeforeMin"": 60, ""NewsAfterMin"": 30, ""NewsCloseMode"": 0, ""DailyLossPct"": 8.0, ""MaxSpreadPts"": 0}"
-50.0,-0.9090967929007654,13.007365759714137,0.0,0.0,95.53900000000073,0.12622867713249455,584.5766725986325,159.0,1.0,4.0,"{""EntryMode"": 1, ""EntryTFMin"": 1, ""GridSpacingPts"": 110, ""TP_Pips"": 14.0, ""MaxLayers"": 6, ""Ladder"": ""step1"", ""MaxHoldSec"": 600, ""StopPips"": 28.0, ""MaxBasketRiskPct"": 3.0, ""AddMinSec"": 60, ""Session"": ""lateny_1923"", ""ZEntry"": 2.0, ""ZEmaBars"": 120, ""NewsBeforeMin"": 30, ""NewsAfterMin"": 60, ""NewsCloseMode"": 2, ""DailyLossPct"": 8.0, ""MaxSpreadPts"": 0}"
-50.0,-0.10247025495483397,1.0842784610624683,0.0,0.0,99.48900000000012,0.0015393741113718848,600.0,2.0,0.0,0.0,"{""EntryMode"": 1, ""EntryTFMin"": 1, ""GridSpacingPts"": 120, ""TP_Pips"": 7.5, ""MaxLayers"": 3, ""Ladder"": ""step1"", ""MaxHoldSec"": 600, ""StopPips"": 29.0, ""MaxBasketRiskPct"": 3.0, ""AddMinSec"": 30, ""Session"": ""lateny_1923"", ""ZEntry"": 2.0, ""ZEmaBars"": 120, ""NewsBeforeMin"": 60, ""NewsAfterMin"": 30, ""NewsCloseMode"": 0, ""DailyLossPct"": 8.0, ""MaxSpreadPts"": 0}"
-50.0,-0.7613409601725851,13.028982487292467,0.0,0.0,96.25300000000264,0.13315586063366802,540.1403212167404,142.0,1.0,30.0,"{""EntryMode"": 1, ""EntryTFMin"": 1, ""GridSpacingPts"": 115, ""TP_Pips"": 8.5, ""MaxLayers"": 4, ""Ladder"": ""step1"", ""MaxHoldSec"": 600, ""StopPips"": 28.0, ""MaxBasketRiskPct"": 3.0, ""AddMinSec"": 60, ""Session"": ""lateny_1923"", ""ZEntry"": 2.0, ""ZEmaBars"": 120, ""NewsBeforeMin"": 30, ""NewsAfterMin"": 30, ""NewsCloseMode"": 0, ""DailyLossPct"": 8.0, ""MaxSpreadPts"": 0}"
-50.0,-0.79602796488355,12.901308510346787,0.0,0.0,96.08500000000106,0.12314992890975078,583.6593485992113,155.0,1.0,4.0,"{""EntryMode"": 1, ""EntryTFMin"": 1, ""GridSpacingPts"": 135, ""TP_Pips"": 13.0, ""MaxLayers"": 3, ""Ladder"": ""step2"", ""MaxHoldSec"": 600, ""StopPips"": 28.0, ""MaxBasketRiskPct"": 3.0, ""AddMinSec"": 15, ""Session"": ""lateny_1923"", ""ZEntry"": 2.0, ""ZEmaBars"": 120, ""NewsBeforeMin"": 30, ""NewsAfterMin"": 60, ""NewsCloseMode"": 2, ""DailyLossPct"": 8.0, ""MaxSpreadPts"": 0}"
-50.0,-0.8632817226464695,12.571955361262097,0.0,0.0,95.75993729281072,0.15393741113718848,562.0647238035339,178.0,1.0,21.0,"{""EntryMode"": 1, ""EntryTFMin"": 1, ""GridSpacingPts"": 150, ""TP_Pips"": 10.0, ""MaxLayers"": 6, ""Ladder"": ""step1"", ""MaxHoldSec"": 600, ""StopPips"": 28.0, ""MaxBasketRiskPct"": 3.0, ""AddMinSec"": 60, ""Session"": ""lateny_1923"", ""ZEntry"": 1.75, ""ZEmaBars"": 120, ""NewsBeforeMin"": 15, ""NewsAfterMin"": 60, ""NewsCloseMode"": 2, ""DailyLossPct"": 3.0, ""MaxSpreadPts"": 0}"
-50.0,-0.7834276734122736,5.41418623770493,0.0,0.0,96.14600000000034,0.008466557612545366,502.28069784424525,8.0,1.0,2.0,"{""EntryMode"": 1, ""EntryTFMin"": 1, ""GridSpacingPts"": 115, ""TP_Pips"": 7.5, ""MaxLayers"": 5, ""Ladder"": ""step1"", ""MaxHoldSec"": 600, ""StopPips"": 28.0, ""MaxBasketRiskPct"": 3.0, ""AddMinSec"": 60, ""Session"": ""lateny_1923"", ""ZEntry"": 1.75, ""ZEmaBars"": 30, ""NewsBeforeMin"": 30, ""NewsAfterMin"": 30, ""NewsCloseMode"": 0, ""DailyLossPct"": 8.0, ""MaxSpreadPts"": 0}"
-50.0,0.0,0.0,0.0,0.0,100.0,0.0,0.0,0.0,0.0,0.0,"{""EntryMode"": 1, ""EntryTFMin"": 1, ""GridSpacingPts"": 130, ""TP_Pips"": 13.0, ""MaxLayers"": 3, ""Ladder"": ""step1"", ""MaxHoldSec"": 600, ""StopPips"": 26.0, ""MaxBasketRiskPct"": 2.0, ""AddMinSec"": 30, ""Session"": ""lateny_1923"", ""ZEntry"": 2.0, ""ZEmaBars"": 120, ""NewsBeforeMin"": 30, ""NewsAfterMin"": 60, ""NewsCloseMode"": 2, ""DailyLossPct"": 8.0, ""MaxSpreadPts"": 0}"
-50.0,-1.5105896510933414,11.675414271870396,0.0,0.0,92.67599999999986,0.14931928880307282,583.8644977261868,190.0,1.0,3.0,"{""EntryMode"": 1, ""EntryTFMin"": 1, ""GridSpacingPts"": 140, ""TP_Pips"": 13.0, ""MaxLayers"": 3, ""Ladder"": ""step1"", ""MaxHoldSec"": 600, ""StopPips"": 27.0, ""MaxBasketRiskPct"": 3.0, ""AddMinSec"": 30, ""Session"": ""lateny_1923"", ""ZEntry"": 2.25, ""ZEmaBars"": 120, ""NewsBeforeMin"": 30, ""NewsAfterMin"": 60, ""NewsCloseMode"": 2, ""DailyLossPct"": 8.0, ""MaxSpreadPts"": 0}"
-50.0,-0.7925157652735715,7.705459603570926,0.0,0.0,96.10200000000006,0.04464184922978466,550.5342185145519,49.0,1.0,8.0,"{""EntryMode"": 1, ""EntryTFMin"": 1, ""GridSpacingPts"": 105, ""TP_Pips"": 8.5, ""MaxLayers"": 5, ""Ladder"": ""step1"", ""MaxHoldSec"": 600, ""StopPips"": 28.0, ""MaxBasketRiskPct"": 3.0, ""AddMinSec"": 60, ""Session"": ""lateny_1923"", ""ZEntry"": 2.25, ""ZEmaBars"": 120, ""NewsBeforeMin"": 30, ""NewsAfterMin"": 30, ""NewsCloseMode"": 0, ""DailyLossPct"": 8.0, ""MaxSpreadPts"": 0}"
-50.0,-2.9179002077265093,14.000099865189014,0.0,0.0,86.24499999999259,0.08620495023682555,571.3950072122657,103.0,1.0,8.0,"{""EntryMode"": 1, ""EntryTFMin"": 1, ""GridSpacingPts"": 115, ""TP_Pips"": 7.5, ""MaxLayers"": 3, ""Ladder"": ""step1"", ""MaxHoldSec"": 600, ""StopPips"": 25.0, ""MaxBasketRiskPct"": 3.0, ""AddMinSec"": 60, ""Session"": ""asia_0109"", ""ZEntry"": 2.0, ""ZEmaBars"": 120, ""NewsBeforeMin"": 30, ""NewsAfterMin"": 60, ""NewsCloseMode"": 0, ""DailyLossPct"": 8.0, ""MaxSpreadPts"": 0}"
-50.0,-0.79602796488355,12.901308510346787,0.0,0.0,96.08500000000106,0.12314992890975078,583.6593485992113,155.0,1.0,4.0,"{""EntryMode"": 1, ""EntryTFMin"": 1, ""GridSpacingPts"": 125, ""TP_Pips"": 13.0, ""MaxLayers"": 3, ""Ladder"": ""step1"", ""MaxHoldSec"": 600, ""StopPips"": 28.0, ""MaxBasketRiskPct"": 3.0, ""AddMinSec"": 30, ""Session"": ""lateny_1923"", ""ZEntry"": 2.0, ""ZEmaBars"": 120, ""NewsBeforeMin"": 30, ""NewsAfterMin"": 15, ""NewsCloseMode"": 2, ""DailyLossPct"": 8.0, ""MaxSpreadPts"": 0}"
-50.0,-0.9855962777344796,6.403122992541964,0.0,0.0,95.1709999999963,0.021551237559206387,578.8788275548391,26.0,0.0,2.0,"{""EntryMode"": 1, ""EntryTFMin"": 1, ""GridSpacingPts"": 115, ""TP_Pips"": 11.0, ""MaxLayers"": 6, ""Ladder"": ""step1"", ""MaxHoldSec"": 600, ""StopPips"": 28.0, ""MaxBasketRiskPct"": 3.0, ""AddMinSec"": 60, ""Session"": ""allday_0123"", ""ZEntry"": 2.0, ""ZEmaBars"": 120, ""NewsBeforeMin"": 30, ""NewsAfterMin"": 60, ""NewsCloseMode"": 2, ""DailyLossPct"": 8.0, ""MaxSpreadPts"": 0}"
-50.0,-0.8887643945813872,13.076593689926128,0.0,0.0,95.6370000000012,0.12622867713249455,585.1901052778925,160.0,1.0,3.0,"{""EntryMode"": 1, ""EntryTFMin"": 1, ""GridSpacingPts"": 100, ""TP_Pips"": 15.0, ""MaxLayers"": 5, ""Ladder"": ""step1"", ""MaxHoldSec"": 600, ""StopPips"": 28.0, ""MaxBasketRiskPct"": 3.0, ""AddMinSec"": 30, ""Session"": ""lateny_1923"", ""ZEntry"": 2.0, ""ZEmaBars"": 120, ""NewsBeforeMin"": 30, ""NewsAfterMin"": 60, ""NewsCloseMode"": 2, ""DailyLossPct"": 8.0, ""MaxSpreadPts"": 0}"
-50.0,-1.4638462253179885,9.459433097287828,0.0,0.0,92.89599999999952,0.06927183501173481,496.9802505918728,65.0,1.0,24.0,"{""EntryMode"": 1, ""EntryTFMin"": 1, ""GridSpacingPts"": 115, ""TP_Pips"": 6.0, ""MaxLayers"": 5, ""Ladder"": ""step1"", ""MaxHoldSec"": 600, ""StopPips"": 27.0, ""MaxBasketRiskPct"": 3.0, ""AddMinSec"": 60, ""Session"": ""lateny_1923"", ""ZEntry"": 2.0, ""ZEmaBars"": 90, ""NewsBeforeMin"": 30, ""NewsAfterMin"": 60, ""NewsCloseMode"": 0, ""DailyLossPct"": 8.0, ""MaxSpreadPts"": 0}"
-50.0,-1.4528638191118493,7.3794221685652195,0.0,0.0,92.94774973348285,0.05541746800938785,33.33497696783808,72.0,0.0,0.0,"{""EntryMode"": 1, ""EntryTFMin"": 1, ""GridSpacingPts"": 110, ""TP_Pips"": 8.0, ""MaxLayers"": 3, ""Ladder"": ""step1"", ""MaxHoldSec"": 30, ""StopPips"": 27.0, ""MaxBasketRiskPct"": 3.0, ""AddMinSec"": 30, ""Session"": ""lateny_1923"", ""ZEntry"": 2.0, ""ZEmaBars"": 120, ""NewsBeforeMin"": 60, ""NewsAfterMin"": 60, ""NewsCloseMode"": 0, ""DailyLossPct"": 8.0, ""MaxSpreadPts"": 0}"
-50.0,-1.5259067764621492,11.849974560571914,0.0,0.0,92.60399999999845,0.16086459463836195,583.0743223866191,204.0,1.0,4.0,"{""EntryMode"": 1, ""EntryTFMin"": 1, ""GridSpacingPts"": 125, ""TP_Pips"": 12.5, ""MaxLayers"": 3, ""Ladder"": ""step1"", ""MaxHoldSec"": 600, ""StopPips"": 27.0, ""MaxBasketRiskPct"": 3.0, ""AddMinSec"": 30, ""Session"": ""lateny_1923"", ""ZEntry"": 2.25, ""ZEmaBars"": 120, ""NewsBeforeMin"": 30, ""NewsAfterMin"": 60, ""NewsCloseMode"": 2, ""DailyLossPct"": 8.0, ""MaxSpreadPts"": 0}"
-50.0,-1.4666058739090104,7.886353422881544,0.0,0.0,92.88299999999731,0.03540560456155335,591.1094636139662,45.0,0.0,1.0,"{""EntryMode"": 1, ""EntryTFMin"": 1, ""GridSpacingPts"": 110, ""TP_Pips"": 8.5, ""MaxLayers"": 5, ""Ladder"": ""step1"", ""MaxHoldSec"": 600, ""StopPips"": 27.0, ""MaxBasketRiskPct"": 3.0, ""AddMinSec"": 60, ""Session"": ""asia_0109"", ""ZEntry"": 2.0, ""ZEmaBars"": 120, ""NewsBeforeMin"": 60, ""NewsAfterMin"": 60, ""NewsCloseMode"": 0, ""DailyLossPct"": 8.0, ""MaxSpreadPts"": 0}"
-50.0,-2.973152821305458,21.85989559837803,0.0,0.0,85.9999999999989,0.18395520630894022,566.9140160577706,216.0,2.0,21.0,"{""EntryMode"": 1, ""EntryTFMin"": 1, ""GridSpacingPts"": 110, ""TP_Pips"": 10.5, ""MaxLayers"": 5, ""Ladder"": ""step1"", ""MaxHoldSec"": 600, ""StopPips"": 25.0, ""MaxBasketRiskPct"": 3.0, ""AddMinSec"": 60, ""Session"": ""lateny_1923"", ""ZEntry"": 1.75, ""ZEmaBars"": 120, ""NewsBeforeMin"": 60, ""NewsAfterMin"": 60, ""NewsCloseMode"": 0, ""DailyLossPct"": 8.0, ""MaxSpreadPts"": 10}"
-50.0,-0.7506143210064598,13.302158989154542,0.0,0.0,96.30500000000119,0.1885733286430559,560.3820990021412,223.0,2.0,20.0,"{""EntryMode"": 1, ""EntryTFMin"": 1, ""GridSpacingPts"": 140, ""TP_Pips"": 11.0, ""MaxLayers"": 3, ""Ladder"": ""step1"", ""MaxHoldSec"": 600, ""StopPips"": 28.0, ""MaxBasketRiskPct"": 3.0, ""AddMinSec"": 30, ""Session"": ""lateny_1923"", ""ZEntry"": 2.0, ""ZEmaBars"": 120, ""NewsBeforeMin"": 30, ""NewsAfterMin"": 60, ""NewsCloseMode"": 2, ""DailyLossPct"": 8.0, ""MaxSpreadPts"": 0}"
-50.0,-1.4797715267938272,13.833683466882462,0.0,0.0,92.82099999999842,0.15855553347130413,583.1071121415426,198.0,1.0,7.0,"{""EntryMode"": 1, ""EntryTFMin"": 1, ""GridSpacingPts"": 130, ""TP_Pips"": 12.5, ""MaxLayers"": 3, ""Ladder"": ""step1"", ""MaxHoldSec"": 600, ""StopPips"": 27.0, ""MaxBasketRiskPct"": 3.0, ""AddMinSec"": 30, ""Session"": ""lateny_1923"", ""ZEntry"": 1.75, ""ZEmaBars"": 120, ""NewsBeforeMin"": 30, ""NewsAfterMin"": 60, ""NewsCloseMode"": 2, ""DailyLossPct"": 8.0, ""MaxSpreadPts"": 0}"
-50.0,0.0,0.0,0.0,0.0,100.0,0.0,0.0,0.0,0.0,0.0,"{""EntryMode"": 1, ""EntryTFMin"": 1, ""GridSpacingPts"": 125, ""TP_Pips"": 11.0, ""MaxLayers"": 6, ""Ladder"": ""step1"", ""MaxHoldSec"": 600, ""StopPips"": 26.0, ""MaxBasketRiskPct"": 1.0, ""AddMinSec"": 60, ""Session"": ""lateny_1923"", ""ZEntry"": 2.0, ""ZEmaBars"": 120, ""NewsBeforeMin"": 30, ""NewsAfterMin"": 60, ""NewsCloseMode"": 2, ""DailyLossPct"": 8.0, ""MaxSpreadPts"": 0}"
-50.0,-0.7613409601725851,13.028982487292467,0.0,0.0,96.25300000000264,0.13315586063366802,540.1403212167404,142.0,1.0,30.0,"{""EntryMode"": 1, ""EntryTFMin"": 1, ""GridSpacingPts"": 110, ""TP_Pips"": 8.5, ""MaxLayers"": 3, ""Ladder"": ""step1"", ""MaxHoldSec"": 600, ""StopPips"": 28.0, ""MaxBasketRiskPct"": 3.0, ""AddMinSec"": 60, ""Session"": ""lateny_1923"", ""ZEntry"": 2.0, ""ZEmaBars"": 120, ""NewsBeforeMin"": 30, ""NewsAfterMin"": 15, ""NewsCloseMode"": 0, ""DailyLossPct"": 8.0, ""MaxSpreadPts"": 0}"
-50.0,-2.1999119931460642,10.924517095453503,0.0,0.0,89.47977089397479,0.08928369845956932,33.46785644621686,116.0,0.0,0.0,"{""EntryMode"": 1, ""EntryTFMin"": 1, ""GridSpacingPts"": 150, ""TP_Pips"": 11.0, ""MaxLayers"": 6, ""Ladder"": ""step1"", ""MaxHoldSec"": 30, ""StopPips"": 26.0, ""MaxBasketRiskPct"": 3.0, ""AddMinSec"": 60, ""Session"": ""lateny_1923"", ""ZEntry"": 2.0, ""ZEmaBars"": 120, ""NewsBeforeMin"": 15, ""NewsAfterMin"": 60, ""NewsCloseMode"": 2, ""DailyLossPct"": 3.0, ""MaxSpreadPts"": 0}"
-50.0,-0.8728006267604727,13.896739815297812,0.0,0.0,95.71400000000189,0.19165207686579966,545.7901486835694,214.0,2.0,33.0,"{""EntryMode"": 1, ""EntryTFMin"": 1, ""GridSpacingPts"": 125, ""TP_Pips"": 9.5, ""MaxLayers"": 2, ""Ladder"": ""step1"", ""MaxHoldSec"": 600, ""StopPips"": 28.0, ""MaxBasketRiskPct"": 3.0, ""AddMinSec"": 15, ""Session"": ""lateny_1923"", ""ZEntry"": 2.0, ""ZEmaBars"": 120, ""NewsBeforeMin"": 60, ""NewsAfterMin"": 60, ""NewsCloseMode"": 0, ""DailyLossPct"": 8.0, ""MaxSpreadPts"": 0}"
-50.0,-0.7867320491025231,5.390380701841248,0.0,0.0,96.13000000000054,0.021551237559206387,600.0,28.0,0.0,0.0,"{""EntryMode"": 1, ""EntryTFMin"": 1, ""GridSpacingPts"": 110, ""TP_Pips"": 14.0, ""MaxLayers"": 1, ""Ladder"": ""step1"", ""MaxHoldSec"": 600, ""StopPips"": 28.0, ""MaxBasketRiskPct"": 3.0, ""AddMinSec"": 60, ""Session"": ""asia_0309"", ""ZEntry"": 2.0, ""ZEmaBars"": 120, ""NewsBeforeMin"": 30, ""NewsAfterMin"": 60, ""NewsCloseMode"": 2, ""DailyLossPct"": 8.0, ""MaxSpreadPts"": 0}"
-50.0,-0.10247025495483397,1.0842784610624683,0.0,0.0,99.48900000000012,0.0015393741113718848,600.0,2.0,0.0,0.0,"{""EntryMode"": 1, ""EntryTFMin"": 1, ""GridSpacingPts"": 100, ""TP_Pips"": 6.5, ""MaxLayers"": 6, ""Ladder"": ""step1"", ""MaxHoldSec"": 600, ""StopPips"": 29.0, ""MaxBasketRiskPct"": 3.0, ""AddMinSec"": 60, ""Session"": ""lateny_1923"", ""ZEntry"": 2.0, ""ZEmaBars"": 120, ""NewsBeforeMin"": 60, ""NewsAfterMin"": 60, ""NewsCloseMode"": 0, ""DailyLossPct"": 8.0, ""MaxSpreadPts"": 0}"
-50.0,-0.899135983812327,7.920974352515625,0.0,0.0,95.58700000000017,0.04464184922978466,534.5563176459953,47.0,1.0,10.0,"{""EntryMode"": 1, ""EntryTFMin"": 1, ""GridSpacingPts"": 110, ""TP_Pips"": 7.5, ""MaxLayers"": 4, ""Ladder"": ""step1"", ""MaxHoldSec"": 600, ""StopPips"": 28.0, ""MaxBasketRiskPct"": 3.0, ""AddMinSec"": 60, ""Session"": ""lateny_1923"", ""ZEntry"": 2.25, ""ZEmaBars"": 120, ""NewsBeforeMin"": 30, ""NewsAfterMin"": 60, ""NewsCloseMode"": 0, ""DailyLossPct"": 8.0, ""MaxSpreadPts"": 0}"
-50.0,-2.6905485494785775,13.762909522170672,0.0,0.0,87.25899999999164,0.07619901851290829,578.7193754032405,90.0,3.0,6.0,"{""EntryMode"": 1, ""EntryTFMin"": 1, ""GridSpacingPts"": 135, ""TP_Pips"": 12.5, ""MaxLayers"": 6, ""Ladder"": ""step1"", ""MaxHoldSec"": 600, ""StopPips"": 26.0, ""MaxBasketRiskPct"": 3.0, ""AddMinSec"": 15, ""Session"": ""allday_0123"", ""ZEntry"": 2.0, ""ZEmaBars"": 120, ""NewsBeforeMin"": 30, ""NewsAfterMin"": 60, ""NewsCloseMode"": 2, ""DailyLossPct"": 8.0, ""MaxSpreadPts"": 0}"
-50.0,-2.3986147803737423,14.923351775012673,0.0,0.0,88.57499999999965,0.16933115225090734,576.637998091602,206.0,3.0,11.0,"{""EntryMode"": 1, ""EntryTFMin"": 1, ""GridSpacingPts"": 105, ""TP_Pips"": 11.0, ""MaxLayers"": 6, ""Ladder"": ""step1"", ""MaxHoldSec"": 600, ""StopPips"": 26.0, ""MaxBasketRiskPct"": 3.0, ""AddMinSec"": 60, ""Session"": ""lateny_1923"", ""ZEntry"": 2.25, ""ZEmaBars"": 120, ""NewsBeforeMin"": 30, ""NewsAfterMin"": 60, ""NewsCloseMode"": 2, ""DailyLossPct"": 8.0, ""MaxSpreadPts"": 0}"
-50.0,-2.182370030315317,17.97430929842047,0.0,0.0,89.55999999999794,0.17548864869639486,578.1563594311476,218.0,1.0,9.0,"{""EntryMode"": 1, ""EntryTFMin"": 1, ""GridSpacingPts"": 135, ""TP_Pips"": 12.0, ""MaxLayers"": 5, ""Ladder"": ""step1"", ""MaxHoldSec"": 600, ""StopPips"": 26.0, ""MaxBasketRiskPct"": 3.0, ""AddMinSec"": 15, ""Session"": ""lateny_1923"", ""ZEntry"": 1.75, ""ZEmaBars"": 120, ""NewsBeforeMin"": 30, ""NewsAfterMin"": 60, ""NewsCloseMode"": 2, ""DailyLossPct"": 8.0, ""MaxSpreadPts"": 0}"
-50.0,-0.10247025495483397,1.0842784610624683,0.0,0.0,99.48900000000012,0.0015393741113718848,600.0,2.0,0.0,0.0,"{""EntryMode"": 1, ""EntryTFMin"": 1, ""GridSpacingPts"": 115, ""TP_Pips"": 5.5, ""MaxLayers"": 4, ""Ladder"": ""step1"", ""MaxHoldSec"": 600, ""StopPips"": 29.0, ""MaxBasketRiskPct"": 3.0, ""AddMinSec"": 60, ""Session"": ""lateny_1923"", ""ZEntry"": 2.0, ""ZEmaBars"": 120, ""NewsBeforeMin"": 30, ""NewsAfterMin"": 60, ""NewsCloseMode"": 0, ""DailyLossPct"": 8.0, ""MaxSpreadPts"": 0}"
-50.0,-1.4787095198739997,11.57390979102178,0.0,0.0,92.82599999999987,0.14931928880307282,584.0651445682413,190.0,1.0,3.0,"{""EntryMode"": 1, ""EntryTFMin"": 1, ""GridSpacingPts"": 115, ""TP_Pips"": 13.5, ""MaxLayers"": 4, ""Ladder"": ""step1"", ""MaxHoldSec"": 600, ""StopPips"": 27.0, ""MaxBasketRiskPct"": 3.0, ""AddMinSec"": 30, ""Session"": ""lateny_1923"", ""ZEntry"": 2.25, ""ZEmaBars"": 120, ""NewsBeforeMin"": 30, ""NewsAfterMin"": 60, ""NewsCloseMode"": 2, ""DailyLossPct"": 8.0, ""MaxSpreadPts"": 0}"
-50.0,-0.7613409601725851,13.028982487292467,0.0,0.0,96.25300000000264,0.13315586063366802,540.1403212167404,142.0,1.0,30.0,"{""EntryMode"": 1, ""EntryTFMin"": 1, ""GridSpacingPts"": 95, ""TP_Pips"": 8.5, ""MaxLayers"": 5, ""Ladder"": ""step1"", ""MaxHoldSec"": 600, ""StopPips"": 28.0, ""MaxBasketRiskPct"": 3.0, ""AddMinSec"": 60, ""Session"": ""lateny_1923"", ""ZEntry"": 2.0, ""ZEmaBars"": 120, ""NewsBeforeMin"": 60, ""NewsAfterMin"": 60, ""NewsCloseMode"": 0, ""DailyLossPct"": 5.0, ""MaxSpreadPts"": 0}"
-50.0,-2.3222425817075787,19.221302947617367,0.0,0.0,88.92188226913893,0.187033954531684,1195.869564428926,123.0,11.0,109.0,"{""EntryMode"": 1, ""EntryTFMin"": 1, ""GridSpacingPts"": 125, ""TP_Pips"": 7.0, ""MaxLayers"": 4, ""Ladder"": ""step1"", ""MaxHoldSec"": 1800, ""StopPips"": 26.0, ""MaxBasketRiskPct"": 3.0, ""AddMinSec"": 60, ""Session"": ""lateny_1923"", ""ZEntry"": 2.0, ""ZEmaBars"": 120, ""NewsBeforeMin"": 30, ""NewsAfterMin"": 15, ""NewsCloseMode"": 0, ""DailyLossPct"": 5.0, ""MaxSpreadPts"": 0}"
-50.0,-0.10106371188964847,1.2619873801261263,0.0,0.0,99.49600000000065,0.0030787482227437697,202.2859047651291,0.0,1.0,3.0,"{""EntryMode"": 0, ""EntryTFMin"": 1, ""GridSpacingPts"": 115, ""TP_Pips"": 9.0, ""MaxLayers"": 5, ""Ladder"": ""step1"", ""MaxHoldSec"": 600, ""StopPips"": 29.0, ""MaxBasketRiskPct"": 3.0, ""AddMinSec"": 60, ""Session"": ""lateny_1923"", ""ZEntry"": 2.0, ""ZEmaBars"": 120, ""NewsBeforeMin"": 30, ""NewsAfterMin"": 30, ""NewsCloseMode"": 0, ""DailyLossPct"": 8.0, ""MaxSpreadPts"": 0}"
-50.0,-0.9138710992335763,6.711224960496912,0.0,0.0,95.51600000000003,0.02309061167057827,596.8825224796931,29.0,1.0,0.0,"{""EntryMode"": 1, ""EntryTFMin"": 1, ""GridSpacingPts"": 145, ""TP_Pips"": 13.0, ""MaxLayers"": 5, ""Ladder"": ""step1"", ""MaxHoldSec"": 600, ""StopPips"": 28.0, ""MaxBasketRiskPct"": 3.0, ""AddMinSec"": 0, ""Session"": ""lateny_1923"", ""ZEntry"": 2.25, ""ZEmaBars"": 90, ""NewsBeforeMin"": 30, ""NewsAfterMin"": 60, ""NewsCloseMode"": 2, ""DailyLossPct"": 8.0, ""MaxSpreadPts"": 0}"
-50.0,-0.10247025495483397,1.0842784610624683,0.0,0.0,99.48900000000012,0.0015393741113718848,600.0,2.0,0.0,0.0,"{""EntryMode"": 1, ""EntryTFMin"": 1, ""GridSpacingPts"": 100, ""TP_Pips"": 8.0, ""MaxLayers"": 6, ""Ladder"": ""step1"", ""MaxHoldSec"": 600, ""StopPips"": 29.0, ""MaxBasketRiskPct"": 3.0, ""AddMinSec"": 15, ""Session"": ""lateny_1923"", ""ZEntry"": 2.0, ""ZEmaBars"": 120, ""NewsBeforeMin"": 60, ""NewsAfterMin"": 60, ""NewsCloseMode"": 0, ""DailyLossPct"": 8.0, ""MaxSpreadPts"": 0}"
-50.0,-3.1251168640697546,17.249178272036318,0.0,0.0,85.32903408523312,0.033096543394495526,531.2883644951714,31.0,3.0,9.0,"{""EntryMode"": 1, ""EntryTFMin"": 1, ""GridSpacingPts"": 130, ""TP_Pips"": 11.5, ""MaxLayers"": 2, ""Ladder"": ""step1"", ""MaxHoldSec"": 600, ""StopPips"": 25.0, ""MaxBasketRiskPct"": 3.0, ""AddMinSec"": 15, ""Session"": ""ny_1519"", ""ZEntry"": 2.0, ""ZEmaBars"": 120, ""NewsBeforeMin"": 30, ""NewsAfterMin"": 60, ""NewsCloseMode"": 2, ""DailyLossPct"": 8.0, ""MaxSpreadPts"": 0}"
-50.0,-2.5048813559893413,19.213041178045547,0.0,0.0,88.09413924740072,0.19857926036697313,1148.4748920897648,118.0,12.0,128.0,"{""EntryMode"": 1, ""EntryTFMin"": 1, ""GridSpacingPts"": 130, ""TP_Pips"": 6.5, ""MaxLayers"": 1, ""Ladder"": ""step1"", ""MaxHoldSec"": 1800, ""StopPips"": 26.0, ""MaxBasketRiskPct"": 3.0, ""AddMinSec"": 60, ""Session"": ""lateny_1923"", ""ZEntry"": 2.0, ""ZEmaBars"": 120, ""NewsBeforeMin"": 30, ""NewsAfterMin"": 15, ""NewsCloseMode"": 0, ""DailyLossPct"": 5.0, ""MaxSpreadPts"": 0}"
-50.0,-1.544001759852709,12.081421411600912,0.0,0.0,92.51899999999935,0.16240396874973384,569.702436984669,193.0,1.0,17.0,"{""EntryMode"": 1, ""EntryTFMin"": 1, ""GridSpacingPts"": 110, ""TP_Pips"": 10.0, ""MaxLayers"": 5, ""Ladder"": ""step1"", ""MaxHoldSec"": 600, ""StopPips"": 27.0, ""MaxBasketRiskPct"": 3.0, ""AddMinSec"": 60, ""Session"": ""lateny_1923"", ""ZEntry"": 2.25, ""ZEmaBars"": 120, ""NewsBeforeMin"": 60, ""NewsAfterMin"": 60, ""NewsCloseMode"": 0, ""DailyLossPct"": 8.0, ""MaxSpreadPts"": 0}"
-50.0,-2.272081491494893,14.581609391658878,0.0,0.0,89.1503043716724,0.15393741113718848,542.720244715147,168.0,2.0,30.0,"{""EntryMode"": 1, ""EntryTFMin"": 1, ""GridSpacingPts"": 105, ""TP_Pips"": 8.0, ""MaxLayers"": 6, ""Ladder"": ""step1"", ""MaxHoldSec"": 600, ""StopPips"": 26.0, ""MaxBasketRiskPct"": 3.0, ""AddMinSec"": 60, ""Session"": ""lateny_1923"", ""ZEntry"": 2.25, ""ZEmaBars"": 120, ""NewsBeforeMin"": 60, ""NewsAfterMin"": 60, ""NewsCloseMode"": 0, ""DailyLossPct"": 3.0, ""MaxSpreadPts"": 0}"
-50.0,-0.15174920565536043,1.2844493085271298,0.0,0.0,99.24399999999982,0.0030787482227437697,491.99999999999994,4.0,0.0,0.0,"{""EntryMode"": 1, ""EntryTFMin"": 1, ""GridSpacingPts"": 130, ""TP_Pips"": 12.0, ""MaxLayers"": 2, ""Ladder"": ""step1"", ""MaxHoldSec"": 600, ""StopPips"": 29.0, ""MaxBasketRiskPct"": 3.0, ""AddMinSec"": 15, ""Session"": ""lateny_1923"", ""ZEntry"": 2.25, ""ZEmaBars"": 120, ""NewsBeforeMin"": 30, ""NewsAfterMin"": 60, ""NewsCloseMode"": 2, ""DailyLossPct"": 8.0, ""MaxSpreadPts"": 0}"
-50.0,-0.7551519489675695,3.9101406173578095,0.0,0.0,96.28300000000131,0.007696870556859424,250.86165161132814,2.0,3.0,5.0,"{""EntryMode"": 0, ""EntryTFMin"": 1, ""GridSpacingPts"": 115, ""TP_Pips"": 11.0, ""MaxLayers"": 5, ""Ladder"": ""step1"", ""MaxHoldSec"": 600, ""StopPips"": 28.0, ""MaxBasketRiskPct"": 3.0, ""AddMinSec"": 60, ""Session"": ""lateny_1923"", ""ZEntry"": 2.25, ""ZEmaBars"": 120, ""NewsBeforeMin"": 60, ""NewsAfterMin"": 60, ""NewsCloseMode"": 0, ""DailyLossPct"": 8.0, ""MaxSpreadPts"": 0}"
-50.0,-1.1575408018255628,12.07125242863396,0.0,0.0,94.34800000000203,0.09544119490505686,828.1619392248026,109.0,1.0,14.0,"{""EntryMode"": 1, ""EntryTFMin"": 1, ""GridSpacingPts"": 100, ""TP_Pips"": 11.0, ""MaxLayers"": 5, ""Ladder"": ""step1"", ""MaxHoldSec"": 900, ""StopPips"": 28.0, ""MaxBasketRiskPct"": 3.0, ""AddMinSec"": 60, ""Session"": ""lateny_1923"", ""ZEntry"": 1.75, ""ZEmaBars"": 120, ""NewsBeforeMin"": 60, ""NewsAfterMin"": 60, ""NewsCloseMode"": 2, ""DailyLossPct"": 8.0, ""MaxSpreadPts"": 0}"
-50.0,-0.755588023661613,4.057369162180901,0.0,0.0,96.28088596982256,0.024629985781950157,33.351221144199386,32.0,0.0,0.0,"{""EntryMode"": 1, ""EntryTFMin"": 1, ""GridSpacingPts"": 115, ""TP_Pips"": 14.0, ""MaxLayers"": 4, ""Ladder"": ""step1"", ""MaxHoldSec"": 30, ""StopPips"": 28.0, ""MaxBasketRiskPct"": 3.0, ""AddMinSec"": 30, ""Session"": ""lateny_1923"", ""ZEntry"": 2.0, ""ZEmaBars"": 120, ""NewsBeforeMin"": 30, ""NewsAfterMin"": 60, ""NewsCloseMode"": 2, ""DailyLossPct"": 8.0, ""MaxSpreadPts"": 0}"
-50.0,-2.1941756583129024,15.648363712073598,0.0,0.0,89.5060000000013,0.15932522052699008,304.1977866136633,205.0,1.0,1.0,"{""EntryMode"": 1, ""EntryTFMin"": 1, ""GridSpacingPts"": 130, ""TP_Pips"": 13.0, ""MaxLayers"": 1, ""Ladder"": ""flat"", ""MaxHoldSec"": 300, ""StopPips"": 26.0, ""MaxBasketRiskPct"": 3.0, ""AddMinSec"": 15, ""Session"": ""lateny_1923"", ""ZEntry"": 2.0, ""ZEmaBars"": 120, ""NewsBeforeMin"": 30, ""NewsAfterMin"": 60, ""NewsCloseMode"": 2, ""DailyLossPct"": 8.0, ""MaxSpreadPts"": 0}"
-50.0,-0.9250839552257584,13.883272556594548,0.0,0.0,95.46200000000157,0.19011270275442776,563.8622500477856,227.0,2.0,18.0,"{""EntryMode"": 1, ""EntryTFMin"": 1, ""GridSpacingPts"": 125, ""TP_Pips"": 11.5, ""MaxLayers"": 1, ""Ladder"": ""step1"", ""MaxHoldSec"": 600, ""StopPips"": 28.0, ""MaxBasketRiskPct"": 3.0, ""AddMinSec"": 15, ""Session"": ""lateny_1923"", ""ZEntry"": 2.0, ""ZEmaBars"": 120, ""NewsBeforeMin"": 30, ""NewsAfterMin"": 60, ""NewsCloseMode"": 2, ""DailyLossPct"": 8.0, ""MaxSpreadPts"": 0}"
-50.0,-1.4629971648218443,9.879904701707416,0.0,0.0,92.89999999999814,0.017702802280776676,520.2618519119595,16.0,3.0,4.0,"{""EntryMode"": 1, ""EntryTFMin"": 1, ""GridSpacingPts"": 145, ""TP_Pips"": 12.0, ""MaxLayers"": 4, ""Ladder"": ""step1"", ""MaxHoldSec"": 600, ""StopPips"": 27.0, ""MaxBasketRiskPct"": 3.0, ""AddMinSec"": 15, ""Session"": ""ny_1519"", ""ZEntry"": 2.0, ""ZEmaBars"": 120, ""NewsBeforeMin"": 30, ""NewsAfterMin"": 60, ""NewsCloseMode"": 2, ""DailyLossPct"": 8.0, ""MaxSpreadPts"": 0}"
-50.0,-0.755588023661613,4.057369162180901,0.0,0.0,96.28088596982256,0.024629985781950157,33.351221144199386,32.0,0.0,0.0,"{""EntryMode"": 1, ""EntryTFMin"": 1, ""GridSpacingPts"": 145, ""TP_Pips"": 13.0, ""MaxLayers"": 5, ""Ladder"": ""step1"", ""MaxHoldSec"": 30, ""StopPips"": 28.0, ""MaxBasketRiskPct"": 3.0, ""AddMinSec"": 15, ""Session"": ""lateny_1923"", ""ZEntry"": 2.0, ""ZEmaBars"": 120, ""NewsBeforeMin"": 30, ""NewsAfterMin"": 60, ""NewsCloseMode"": 2, ""DailyLossPct"": 8.0, ""MaxSpreadPts"": 0}"
-50.0,-1.4744619497074507,14.113375062688554,0.0,0.0,92.84599999999887,0.1577858464156182,584.8013086976292,198.0,1.0,6.0,"{""EntryMode"": 1, ""EntryTFMin"": 1, ""GridSpacingPts"": 150, ""TP_Pips"": 13.0, ""MaxLayers"": 3, ""Ladder"": ""step1"", ""MaxHoldSec"": 600, ""StopPips"": 27.0, ""MaxBasketRiskPct"": 3.0, ""AddMinSec"": 0, ""Session"": ""lateny_1923"", ""ZEntry"": 1.75, ""ZEmaBars"": 120, ""NewsBeforeMin"": 30, ""NewsAfterMin"": 60, ""NewsCloseMode"": 2, ""DailyLossPct"": 8.0, ""MaxSpreadPts"": 0}"
-50.0,-2.1941756583121697,11.337702122592184,0.0,0.0,89.50600000000466,0.10698650074034599,120.31321603570666,138.0,0.0,1.0,"{""EntryMode"": 1, ""EntryTFMin"": 1, ""GridSpacingPts"": 125, ""TP_Pips"": 12.0, ""MaxLayers"": 3, ""Ladder"": ""step1"", ""MaxHoldSec"": 120, ""StopPips"": 26.0, ""MaxBasketRiskPct"": 3.0, ""AddMinSec"": 30, ""Session"": ""lateny_1923"", ""ZEntry"": 2.0, ""ZEmaBars"": 120, ""NewsBeforeMin"": 30, ""NewsAfterMin"": 60, ""NewsCloseMode"": 2, ""DailyLossPct"": 8.0, ""MaxSpreadPts"": 0}"
-50.0,-1.5022968487664046,9.737433920382124,0.0,0.0,92.71500000000106,0.0854352631811396,576.870232640142,105.0,2.0,4.0,"{""EntryMode"": 1, ""EntryTFMin"": 5, ""GridSpacingPts"": 120, ""TP_Pips"": 12.0, ""MaxLayers"": 2, ""Ladder"": ""step1"", ""MaxHoldSec"": 600, ""StopPips"": 27.0, ""MaxBasketRiskPct"": 3.0, ""AddMinSec"": 15, ""Session"": ""lateny_1923"", ""ZEntry"": 2.0, ""ZEmaBars"": 120, ""NewsBeforeMin"": 30, ""NewsAfterMin"": 60, ""NewsCloseMode"": 2, ""DailyLossPct"": 8.0, ""MaxSpreadPts"": 0}"
-50.0,-0.10247025495483397,1.0842784610624683,0.0,0.0,99.48900000000012,0.0015393741113718848,600.0,2.0,0.0,0.0,"{""EntryMode"": 1, ""EntryTFMin"": 1, ""GridSpacingPts"": 105, ""TP_Pips"": 14.5, ""MaxLayers"": 3, ""Ladder"": ""step1"", ""MaxHoldSec"": 600, ""StopPips"": 29.0, ""MaxBasketRiskPct"": 3.0, ""AddMinSec"": 30, ""Session"": ""lateny_1923"", ""ZEntry"": 2.0, ""ZEmaBars"": 120, ""NewsBeforeMin"": 30, ""NewsAfterMin"": 60, ""NewsCloseMode"": 2, ""DailyLossPct"": 8.0, ""MaxSpreadPts"": 0}"
-50.0,-1.4906066119624417,8.621633729906714,0.0,0.0,92.76999999999518,0.02924810811606581,546.722777889996,32.0,1.0,5.0,"{""EntryMode"": 1, ""EntryTFMin"": 1, ""GridSpacingPts"": 115, ""TP_Pips"": 10.0, ""MaxLayers"": 6, ""Ladder"": ""step1"", ""MaxHoldSec"": 600, ""StopPips"": 27.0, ""MaxBasketRiskPct"": 3.0, ""AddMinSec"": 60, ""Session"": ""london_1013"", ""ZEntry"": 2.25, ""ZEmaBars"": 120, ""NewsBeforeMin"": 60, ""NewsAfterMin"": 60, ""NewsCloseMode"": 0, ""DailyLossPct"": 8.0, ""MaxSpreadPts"": 0}"
-50.0,-2.9247899142923917,13.785580625488022,0.0,0.0,86.21441937451198,0.1254589900768086,33.849667088385736,163.0,0.0,0.0,"{""EntryMode"": 1, ""EntryTFMin"": 1, ""GridSpacingPts"": 120, ""TP_Pips"": 14.0, ""MaxLayers"": 4, ""Ladder"": ""step1"", ""MaxHoldSec"": 30, ""StopPips"": 25.0, ""MaxBasketRiskPct"": 3.0, ""AddMinSec"": 30, ""Session"": ""asia_0109"", ""ZEntry"": 2.0, ""ZEmaBars"": 120, ""NewsBeforeMin"": 30, ""NewsAfterMin"": 60, ""NewsCloseMode"": 2, ""DailyLossPct"": 8.0, ""MaxSpreadPts"": 0}"
-50.0,-0.746077522110189,4.0847050378349135,0.0,0.0,96.32700000000241,0.020011863447834503,580.4336793697798,20.0,2.0,4.0,"{""EntryMode"": 0, ""EntryTFMin"": 1, ""GridSpacingPts"": 145, ""TP_Pips"": 12.0, ""MaxLayers"": 5, ""Ladder"": ""step1"", ""MaxHoldSec"": 600, ""StopPips"": 28.0, ""MaxBasketRiskPct"": 3.0, ""AddMinSec"": 15, ""Session"": ""lateny_1923"", ""ZEntry"": 2.0, ""ZEmaBars"": 120, ""NewsBeforeMin"": 30, ""NewsAfterMin"": 60, ""NewsCloseMode"": 2, ""DailyLossPct"": 8.0, ""MaxSpreadPts"": 0}"
-50.0,-0.9236301506923117,13.89949195520534,0.0,0.0,95.4690000000011,0.19165207686579966,540.331335067749,210.0,2.0,37.0,"{""EntryMode"": 1, ""EntryTFMin"": 1, ""GridSpacingPts"": 105, ""TP_Pips"": 9.0, ""MaxLayers"": 6, ""Ladder"": ""step1"", ""MaxHoldSec"": 600, ""StopPips"": 28.0, ""MaxBasketRiskPct"": 3.0, ""AddMinSec"": 60, ""Session"": ""lateny_1923"", ""ZEntry"": 2.0, ""ZEmaBars"": 120, ""NewsBeforeMin"": 60, ""NewsAfterMin"": 60, ""NewsCloseMode"": 0, ""DailyLossPct"": 8.0, ""MaxSpreadPts"": 0}"
-50.0,-0.9130407190368839,13.853470135448367,0.0,0.0,95.52000000000119,0.19319145097717155,539.910852313938,211.0,2.0,38.0,"{""EntryMode"": 1, ""EntryTFMin"": 1, ""GridSpacingPts"": 115, ""TP_Pips"": 9.0, ""MaxLayers"": 6, ""Ladder"": ""step1"", ""MaxHoldSec"": 600, ""StopPips"": 28.0, ""MaxBasketRiskPct"": 3.0, ""AddMinSec"": 60, ""Session"": ""lateny_1923"", ""ZEntry"": 2.0, ""ZEmaBars"": 120, ""NewsBeforeMin"": 30, ""NewsAfterMin"": 30, ""NewsCloseMode"": 0, ""DailyLossPct"": 8.0, ""MaxSpreadPts"": 0}"
-50.0,-2.242550734479254,16.139270398428152,0.0,0.0,89.2850000000009,0.1631736558054198,304.7769485292611,210.0,1.0,1.0,"{""EntryMode"": 1, ""EntryTFMin"": 1, ""GridSpacingPts"": 120, ""TP_Pips"": 15.0, ""MaxLayers"": 5, ""Ladder"": ""step1"", ""MaxHoldSec"": 300, ""StopPips"": 26.0, ""MaxBasketRiskPct"": 3.0, ""AddMinSec"": 30, ""Session"": ""lateny_1923"", ""ZEntry"": 2.0, ""ZEmaBars"": 120, ""NewsBeforeMin"": 60, ""NewsAfterMin"": 60, ""NewsCloseMode"": 2, ""DailyLossPct"": 8.0, ""MaxSpreadPts"": 0}"
-50.0,-0.7565505060812439,12.925697019066442,0.0,0.0,96.27622011875157,0.12930742535523831,559.1482442630811,152.0,1.0,15.0,"{""EntryMode"": 1, ""EntryTFMin"": 1, ""GridSpacingPts"": 145, ""TP_Pips"": 11.0, ""MaxLayers"": 5, ""Ladder"": ""step1"", ""MaxHoldSec"": 600, ""StopPips"": 28.0, ""MaxBasketRiskPct"": 3.0, ""AddMinSec"": 60, ""Session"": ""lateny_1923"", ""ZEntry"": 2.0, ""ZEmaBars"": 120, ""NewsBeforeMin"": 15, ""NewsAfterMin"": 60, ""NewsCloseMode"": 2, ""DailyLossPct"": 3.0, ""MaxSpreadPts"": 0}"
-50.0,-3.6708256794214633,21.593511630987113,0.0,0.0,82.95400000000203,0.18395520630894022,303.07508209507165,236.0,2.0,1.0,"{""EntryMode"": 1, ""EntryTFMin"": 1, ""GridSpacingPts"": 115, ""TP_Pips"": 13.0, ""MaxLayers"": 4, ""Ladder"": ""step1"", ""MaxHoldSec"": 300, ""StopPips"": 24.0, ""MaxBasketRiskPct"": 3.0, ""AddMinSec"": 30, ""Session"": ""lateny_1923"", ""ZEntry"": 2.0, ""ZEmaBars"": 120, ""NewsBeforeMin"": 30, ""NewsAfterMin"": 60, ""NewsCloseMode"": 2, ""DailyLossPct"": 8.0, ""MaxSpreadPts"": 0}"
-50.0,-0.8995509376354627,6.955017301039026,0.0,0.0,95.58499999999961,0.03771466572861118,395.73230165364794,25.0,2.0,22.0,"{""EntryMode"": 1, ""EntryTFMin"": 1, ""GridSpacingPts"": 110, ""TP_Pips"": 6.5, ""MaxLayers"": 3, ""Ladder"": ""step1"", ""MaxHoldSec"": 600, ""StopPips"": 26.0, ""MaxBasketRiskPct"": 3.0, ""AddMinSec"": 60, ""Session"": ""lateny_1923"", ""ZEntry"": 2.0, ""ZEmaBars"": 30, ""NewsBeforeMin"": 30, ""NewsAfterMin"": 15, ""NewsCloseMode"": 0, ""DailyLossPct"": 8.0, ""MaxSpreadPts"": 0}"
-50.0,-2.1941756583121697,11.337702122592184,0.0,0.0,89.50600000000466,0.10698650074034599,120.31321603570666,138.0,0.0,1.0,"{""EntryMode"": 1, ""EntryTFMin"": 1, ""GridSpacingPts"": 120, ""TP_Pips"": 12.0, ""MaxLayers"": 6, ""Ladder"": ""step1"", ""MaxHoldSec"": 120, ""StopPips"": 26.0, ""MaxBasketRiskPct"": 3.0, ""AddMinSec"": 60, ""Session"": ""lateny_1923"", ""ZEntry"": 2.0, ""ZEmaBars"": 120, ""NewsBeforeMin"": 30, ""NewsAfterMin"": 60, ""NewsCloseMode"": 2, ""DailyLossPct"": 8.0, ""MaxSpreadPts"": 0}"
-50.0,-0.746077522110189,4.0847050378349135,0.0,0.0,96.32700000000241,0.020011863447834503,580.4336793697798,20.0,2.0,4.0,"{""EntryMode"": 0, ""EntryTFMin"": 1, ""GridSpacingPts"": 105, ""TP_Pips"": 12.0, ""MaxLayers"": 3, ""Ladder"": ""step1"", ""MaxHoldSec"": 600, ""StopPips"": 28.0, ""MaxBasketRiskPct"": 3.0, ""AddMinSec"": 60, ""Session"": ""lateny_1923"", ""ZEntry"": 2.0, ""ZEmaBars"": 120, ""NewsBeforeMin"": 30, ""NewsAfterMin"": 60, ""NewsCloseMode"": 2, ""DailyLossPct"": 8.0, ""MaxSpreadPts"": 0}"
-50.0,-2.178654622108034,12.813694204786291,0.0,0.0,89.57699999999683,0.06388402562193322,589.8427403998929,82.0,1.0,0.0,"{""EntryMode"": 1, ""EntryTFMin"": 1, ""GridSpacingPts"": 105, ""TP_Pips"": 14.0, ""MaxLayers"": 1, ""Ladder"": ""step1"", ""MaxHoldSec"": 600, ""StopPips"": 26.0, ""MaxBasketRiskPct"": 3.0, ""AddMinSec"": 60, ""Session"": ""lateny_1923"", ""ZEntry"": 2.0, ""ZEmaBars"": 60, ""NewsBeforeMin"": 30, ""NewsAfterMin"": 60, ""NewsCloseMode"": 2, ""DailyLossPct"": 8.0, ""MaxSpreadPts"": 0}"
-50.0,-1.5105896510933414,11.675414271870396,0.0,0.0,92.67599999999986,0.14931928880307282,583.8644977261868,190.0,1.0,3.0,"{""EntryMode"": 1, ""EntryTFMin"": 1, ""GridSpacingPts"": 125, ""TP_Pips"": 13.0, ""MaxLayers"": 6, ""Ladder"": ""step1"", ""MaxHoldSec"": 600, ""StopPips"": 27.0, ""MaxBasketRiskPct"": 3.0, ""AddMinSec"": 60, ""Session"": ""lateny_1923"", ""ZEntry"": 2.25, ""ZEmaBars"": 120, ""NewsBeforeMin"": 30, ""NewsAfterMin"": 60, ""NewsCloseMode"": 2, ""DailyLossPct"": 8.0, ""MaxSpreadPts"": 0}"
-50.0,-0.16947315384655548,0.9389999999997656,0.0,0.0,99.15600000000026,0.0007696870556859424,600.0,1.0,0.0,0.0,"{""EntryMode"": 1, ""EntryTFMin"": 1, ""GridSpacingPts"": 110, ""TP_Pips"": 9.5, ""MaxLayers"": 6, ""Ladder"": ""step1"", ""MaxHoldSec"": 600, ""StopPips"": 29.0, ""MaxBasketRiskPct"": 3.0, ""AddMinSec"": 60, ""Session"": ""lateny_1923"", ""ZEntry"": 1.5, ""ZEmaBars"": 120, ""NewsBeforeMin"": 60, ""NewsAfterMin"": 60, ""NewsCloseMode"": 0, ""DailyLossPct"": 8.0, ""MaxSpreadPts"": 0}"
-50.0,-1.4419455469413478,15.736595783621926,0.0,0.0,92.99922011875124,0.18395520630894022,552.5847347571229,214.0,2.0,23.0,"{""EntryMode"": 1, ""EntryTFMin"": 1, ""GridSpacingPts"": 120, ""TP_Pips"": 10.5, ""MaxLayers"": 5, ""Ladder"": ""step1"", ""MaxHoldSec"": 600, ""StopPips"": 27.0, ""MaxBasketRiskPct"": 3.0, ""AddMinSec"": 60, ""Session"": ""lateny_1923"", ""ZEntry"": 2.0, ""ZEmaBars"": 120, ""NewsBeforeMin"": 60, ""NewsAfterMin"": 60, ""NewsCloseMode"": 0, ""DailyLossPct"": 3.0, ""MaxSpreadPts"": 0}"
-50.0,-0.9824734706231131,8.644739957383644,0.0,0.0,95.18599999999985,0.03540560456155335,486.13703822075047,33.0,2.0,11.0,"{""EntryMode"": 1, ""EntryTFMin"": 1, ""GridSpacingPts"": 110, ""TP_Pips"": 11.5, ""MaxLayers"": 5, ""Ladder"": ""step1"", ""MaxHoldSec"": 600, ""StopPips"": 26.0, ""MaxBasketRiskPct"": 3.0, ""AddMinSec"": 60, ""Session"": ""lateny_1923"", ""ZEntry"": 2.0, ""ZEmaBars"": 30, ""NewsBeforeMin"": 60, ""NewsAfterMin"": 60, ""NewsCloseMode"": 2, ""DailyLossPct"": 8.0, ""MaxSpreadPts"": 0}"
-50.0,-1.5150561624586056,7.651793997065112,0.0,0.0,92.65500000000225,0.05233871978664408,120.0,68.0,0.0,0.0,"{""EntryMode"": 1, ""EntryTFMin"": 1, ""GridSpacingPts"": 110, ""TP_Pips"": 15.0, ""MaxLayers"": 5, ""Ladder"": ""step1"", ""MaxHoldSec"": 120, ""StopPips"": 27.0, ""MaxBasketRiskPct"": 3.0, ""AddMinSec"": 30, ""Session"": ""lateny_1923"", ""ZEntry"": 2.0, ""ZEmaBars"": 120, ""NewsBeforeMin"": 15, ""NewsAfterMin"": 60, ""NewsCloseMode"": 2, ""DailyLossPct"": 8.0, ""MaxSpreadPts"": 0}"
-50.0,-0.7689761993447508,13.174738445358319,0.0,0.0,96.21600000000315,0.13161648652229616,563.4395933390996,153.0,1.0,17.0,"{""EntryMode"": 1, ""EntryTFMin"": 1, ""GridSpacingPts"": 105, ""TP_Pips"": 10.5, ""MaxLayers"": 4, ""Ladder"": ""step1"", ""MaxHoldSec"": 600, ""StopPips"": 28.0, ""MaxBasketRiskPct"": 3.0, ""AddMinSec"": 60, ""Session"": ""lateny_1923"", ""ZEntry"": 2.0, ""ZEmaBars"": 120, ""NewsBeforeMin"": 30, ""NewsAfterMin"": 60, ""NewsCloseMode"": 2, ""DailyLossPct"": 8.0, ""MaxSpreadPts"": 0}"
-50.0,-1.5358444131079563,11.183634443718326,0.0,0.0,92.5573108735129,0.13700429591209776,569.6760096261377,167.0,2.0,9.0,"{""EntryMode"": 1, ""EntryTFMin"": 1, ""GridSpacingPts"": 150, ""TP_Pips"": 11.5, ""MaxLayers"": 6, ""Ladder"": ""step1"", ""MaxHoldSec"": 600, ""StopPips"": 27.0, ""MaxBasketRiskPct"": 3.0, ""AddMinSec"": 60, ""Session"": ""lateny_1923"", ""ZEntry"": 2.25, ""ZEmaBars"": 120, ""NewsBeforeMin"": 15, ""NewsAfterMin"": 60, ""NewsCloseMode"": 2, ""DailyLossPct"": 3.0, ""MaxSpreadPts"": 0}"
-50.0,-2.94858207393377,20.3145841674046,0.0,0.0,86.10888226913774,0.19319145097717155,805.9518489181131,69.0,11.0,171.0,"{""EntryMode"": 1, ""EntryTFMin"": 1, ""GridSpacingPts"": 135, ""TP_Pips"": 4.0, ""MaxLayers"": 2, ""Ladder"": ""step1"", ""MaxHoldSec"": 1800, ""StopPips"": 25.0, ""MaxBasketRiskPct"": 3.0, ""AddMinSec"": 60, ""Session"": ""lateny_1923"", ""ZEntry"": 2.0, ""ZEmaBars"": 120, ""NewsBeforeMin"": 30, ""NewsAfterMin"": 15, ""NewsCloseMode"": 0, ""DailyLossPct"": 5.0, ""MaxSpreadPts"": 0}"
-50.0,-1.7053141745955847,10.354371035735417,0.0,0.0,91.76399999999758,0.05310840684233002,583.7555480831201,67.0,1.0,1.0,"{""EntryMode"": 1, ""EntryTFMin"": 1, ""GridSpacingPts"": 105, ""TP_Pips"": 13.0, ""MaxLayers"": 6, ""Ladder"": ""step1"", ""MaxHoldSec"": 600, ""StopPips"": 27.0, ""MaxBasketRiskPct"": 3.0, ""AddMinSec"": 60, ""Session"": ""lateny_1923"", ""ZEntry"": 2.0, ""ZEmaBars"": 60, ""NewsBeforeMin"": 30, ""NewsAfterMin"": 60, ""NewsCloseMode"": 2, ""DailyLossPct"": 8.0, ""MaxSpreadPts"": 0}"
-50.0,-0.10247025495483397,1.0842784610624683,0.0,0.0,99.48900000000012,0.0015393741113718848,600.0,2.0,0.0,0.0,"{""EntryMode"": 1, ""EntryTFMin"": 1, ""GridSpacingPts"": 95, ""TP_Pips"": 10.0, ""MaxLayers"": 4, ""Ladder"": ""step1"", ""MaxHoldSec"": 600, ""StopPips"": 29.0, ""MaxBasketRiskPct"": 3.0, ""AddMinSec"": 0, ""Session"": ""lateny_1923"", ""ZEntry"": 2.0, ""ZEmaBars"": 120, ""NewsBeforeMin"": 60, ""NewsAfterMin"": 60, ""NewsCloseMode"": 0, ""DailyLossPct"": 8.0, ""MaxSpreadPts"": 0}"
-50.0,-0.9602088580198731,13.885020887209798,0.0,0.0,95.29300000000053,0.19011270275442776,569.3938177032326,233.0,2.0,12.0,"{""EntryMode"": 1, ""EntryTFMin"": 1, ""GridSpacingPts"": 140, ""TP_Pips"": 12.0, ""MaxLayers"": 2, ""Ladder"": ""step1"", ""MaxHoldSec"": 600, ""StopPips"": 28.0, ""MaxBasketRiskPct"": 3.0, ""AddMinSec"": 15, ""Session"": ""lateny_1923"", ""ZEntry"": 2.0, ""ZEmaBars"": 120, ""NewsBeforeMin"": 30, ""NewsAfterMin"": 60, ""NewsCloseMode"": 2, ""DailyLossPct"": 8.0, ""MaxSpreadPts"": 0}"
-50.0,-0.7772331543412392,12.700752509121802,0.0,0.0,96.17600000000151,0.13161648652229616,536.7942271554068,137.0,1.0,33.0,"{""EntryMode"": 1, ""EntryTFMin"": 1, ""GridSpacingPts"": 95, ""TP_Pips"": 8.0, ""MaxLayers"": 3, ""Ladder"": ""step1"", ""MaxHoldSec"": 600, ""StopPips"": 28.0, ""MaxBasketRiskPct"": 3.0, ""AddMinSec"": 30, ""Session"": ""lateny_1923"", ""ZEntry"": 2.0, ""ZEmaBars"": 120, ""NewsBeforeMin"": 60, ""NewsAfterMin"": 60, ""NewsCloseMode"": 0, ""DailyLossPct"": 8.0, ""MaxSpreadPts"": 0}"
-50.0,-1.4523863751442434,7.865391287116486,0.0,0.0,92.94999999999249,0.07158089617879264,528.6477754218604,71.0,2.0,20.0,"{""EntryMode"": 1, ""EntryTFMin"": 1, ""GridSpacingPts"": 105, ""TP_Pips"": 8.0, ""MaxLayers"": 6, ""Ladder"": ""step1"", ""MaxHoldSec"": 600, ""StopPips"": 27.0, ""MaxBasketRiskPct"": 3.0, ""AddMinSec"": 60, ""Session"": ""allday_0123"", ""ZEntry"": 2.0, ""ZEmaBars"": 120, ""NewsBeforeMin"": 60, ""NewsAfterMin"": 60, ""NewsCloseMode"": 0, ""DailyLossPct"": 8.0, ""MaxSpreadPts"": 0}"
-50.0,0.0,0.0,0.0,0.0,100.0,0.0,0.0,0.0,0.0,0.0,"{""EntryMode"": 1, ""EntryTFMin"": 1, ""GridSpacingPts"": 120, ""TP_Pips"": 7.0, ""MaxLayers"": 4, ""Ladder"": ""step1"", ""MaxHoldSec"": 600, ""StopPips"": 28.0, ""MaxBasketRiskPct"": 1.0, ""AddMinSec"": 60, ""Session"": ""lateny_1923"", ""ZEntry"": 2.0, ""ZEmaBars"": 120, ""NewsBeforeMin"": 30, ""NewsAfterMin"": 60, ""NewsCloseMode"": 0, ""DailyLossPct"": 8.0, ""MaxSpreadPts"": 0}"
-50.0,-0.10247025495483397,1.0842784610624683,0.0,0.0,99.48900000000012,0.0015393741113718848,600.0,2.0,0.0,0.0,"{""EntryMode"": 1, ""EntryTFMin"": 1, ""GridSpacingPts"": 150, ""TP_Pips"": 13.0, ""MaxLayers"": 6, ""Ladder"": ""step1"", ""MaxHoldSec"": 600, ""StopPips"": 29.0, ""MaxBasketRiskPct"": 3.0, ""AddMinSec"": 0, ""Session"": ""lateny_1923"", ""ZEntry"": 2.0, ""ZEmaBars"": 120, ""NewsBeforeMin"": 30, ""NewsAfterMin"": 60, ""NewsCloseMode"": 2, ""DailyLossPct"": 3.0, ""MaxSpreadPts"": 0}"
-50.0,-0.9602088580198731,13.885020887209798,0.0,0.0,95.29300000000053,0.19011270275442776,569.3938177032326,233.0,2.0,12.0,"{""EntryMode"": 1, ""EntryTFMin"": 1, ""GridSpacingPts"": 125, ""TP_Pips"": 12.0, ""MaxLayers"": 5, ""Ladder"": ""step1"", ""MaxHoldSec"": 600, ""StopPips"": 28.0, ""MaxBasketRiskPct"": 3.0, ""AddMinSec"": 15, ""Session"": ""lateny_1923"", ""ZEntry"": 2.0, ""ZEmaBars"": 120, ""NewsBeforeMin"": 30, ""NewsAfterMin"": 60, ""NewsCloseMode"": 2, ""DailyLossPct"": 5.0, ""MaxSpreadPts"": 0}"
-50.0,-2.481447177037155,14.231535955658597,0.0,0.0,88.19999999999749,0.020781550503520443,524.4539408683777,20.0,3.0,4.0,"{""EntryMode"": 1, ""EntryTFMin"": 1, ""GridSpacingPts"": 135, ""TP_Pips"": 12.0, ""MaxLayers"": 3, ""Ladder"": ""step1"", ""MaxHoldSec"": 600, ""StopPips"": 26.0, ""MaxBasketRiskPct"": 3.0, ""AddMinSec"": 30, ""Session"": ""ny_1519"", ""ZEntry"": 2.0, ""ZEmaBars"": 120, ""NewsBeforeMin"": 30, ""NewsAfterMin"": 60, ""NewsCloseMode"": 2, ""DailyLossPct"": 8.0, ""MaxSpreadPts"": 0}"
-50.0,-2.303758500554076,13.97227967756539,0.0,0.0,89.00599999999842,0.15316772408150253,587.1662398646179,194.0,3.0,2.0,"{""EntryMode"": 1, ""EntryTFMin"": 1, ""GridSpacingPts"": 115, ""TP_Pips"": 14.5, ""MaxLayers"": 6, ""Ladder"": ""step1"", ""MaxHoldSec"": 600, ""StopPips"": 26.0, ""MaxBasketRiskPct"": 3.0, ""AddMinSec"": 30, ""Session"": ""lateny_1923"", ""ZEntry"": 2.0, ""ZEmaBars"": 90, ""NewsBeforeMin"": 30, ""NewsAfterMin"": 60, ""NewsCloseMode"": 2, ""DailyLossPct"": 8.0, ""MaxSpreadPts"": 0}"
-50.0,-0.9602088580198731,13.885020887209798,0.0,0.0,95.29300000000053,0.19011270275442776,569.3938177032326,233.0,2.0,12.0,"{""EntryMode"": 1, ""EntryTFMin"": 1, ""GridSpacingPts"": 120, ""TP_Pips"": 12.0, ""MaxLayers"": 4, ""Ladder"": ""step1"", ""MaxHoldSec"": 600, ""StopPips"": 28.0, ""MaxBasketRiskPct"": 3.0, ""AddMinSec"": 30, ""Session"": ""lateny_1923"", ""ZEntry"": 2.0, ""ZEmaBars"": 120, ""NewsBeforeMin"": 30, ""NewsAfterMin"": 60, ""NewsCloseMode"": 2, ""DailyLossPct"": 8.0, ""MaxSpreadPts"": 0}"
-50.0,-0.10247025495483397,1.0842784610624683,0.0,0.0,99.48900000000012,0.0015393741113718848,600.0,2.0,0.0,0.0,"{""EntryMode"": 1, ""EntryTFMin"": 1, ""GridSpacingPts"": 125, ""TP_Pips"": 12.0, ""MaxLayers"": 2, ""Ladder"": ""step1"", ""MaxHoldSec"": 600, ""StopPips"": 29.0, ""MaxBasketRiskPct"": 3.0, ""AddMinSec"": 30, ""Session"": ""lateny_1923"", ""ZEntry"": 2.0, ""ZEmaBars"": 120, ""NewsBeforeMin"": 30, ""NewsAfterMin"": 60, ""NewsCloseMode"": 2, ""DailyLossPct"": 8.0, ""MaxSpreadPts"": 0}"
-50.0,-0.10247025495483397,1.0842784610624683,0.0,0.0,99.48900000000012,0.0015393741113718848,600.0,2.0,0.0,0.0,"{""EntryMode"": 1, ""EntryTFMin"": 1, ""GridSpacingPts"": 120, ""TP_Pips"": 8.0, ""MaxLayers"": 6, ""Ladder"": ""step1"", ""MaxHoldSec"": 600, ""StopPips"": 29.0, ""MaxBasketRiskPct"": 3.0, ""AddMinSec"": 60, ""Session"": ""lateny_1923"", ""ZEntry"": 2.0, ""ZEmaBars"": 120, ""NewsBeforeMin"": 60, ""NewsAfterMin"": 60, ""NewsCloseMode"": 0, ""DailyLossPct"": 8.0, ""MaxSpreadPts"": 0}"
-50.0,-0.263539796718526,5.174153254864948,0.0,0.0,98.68999999999681,0.02309061167057827,506.2633011658986,20.0,2.0,8.0,"{""EntryMode"": 1, ""EntryTFMin"": 1, ""GridSpacingPts"": 115, ""TP_Pips"": 10.5, ""MaxLayers"": 5, ""Ladder"": ""step1"", ""MaxHoldSec"": 600, ""StopPips"": 29.0, ""MaxBasketRiskPct"": 3.0, ""AddMinSec"": 60, ""Session"": ""ny_1519"", ""ZEntry"": 1.75, ""ZEmaBars"": 120, ""NewsBeforeMin"": 60, ""NewsAfterMin"": 60, ""NewsCloseMode"": 2, ""DailyLossPct"": 8.0, ""MaxSpreadPts"": 0}"
-50.0,-2.6584335168365336,15.657779193079685,0.0,0.0,87.40300000000344,0.12314992890975078,1074.4223986151658,60.0,16.0,84.0,"{""EntryMode"": 1, ""EntryTFMin"": 1, ""GridSpacingPts"": 145, ""TP_Pips"": 7.5, ""MaxLayers"": 3, ""Ladder"": ""step1"", ""MaxHoldSec"": 1800, ""StopPips"": 26.0, ""MaxBasketRiskPct"": 3.0, ""AddMinSec"": 60, ""Session"": ""lateny_1923"", ""ZEntry"": 2.75, ""ZEmaBars"": 120, ""NewsBeforeMin"": 30, ""NewsAfterMin"": 60, ""NewsCloseMode"": 0, ""DailyLossPct"": 8.0, ""MaxSpreadPts"": 0}"
-50.0,-1.4927316971417803,7.984469112451446,0.0,0.0,92.7599999999981,0.016933115225090733,554.3568966907003,19.0,1.0,2.0,"{""EntryMode"": 1, ""EntryTFMin"": 1, ""GridSpacingPts"": 105, ""TP_Pips"": 9.5, ""MaxLayers"": 4, ""Ladder"": ""step1"", ""MaxHoldSec"": 600, ""StopPips"": 27.0, ""MaxBasketRiskPct"": 3.0, ""AddMinSec"": 30, ""Session"": ""london_1013"", ""ZEntry"": 2.0, ""ZEmaBars"": 120, ""NewsBeforeMin"": 60, ""NewsAfterMin"": 60, ""NewsCloseMode"": 0, ""DailyLossPct"": 8.0, ""MaxSpreadPts"": 0}"
-50.0,-2.3895754590742224,14.965646950447937,0.0,0.0,88.61599999999981,0.1685614651952214,578.5815489449001,207.0,3.0,9.0,"{""EntryMode"": 1, ""EntryTFMin"": 1, ""GridSpacingPts"": 105, ""TP_Pips"": 11.5, ""MaxLayers"": 5, ""Ladder"": ""step1"", ""MaxHoldSec"": 600, ""StopPips"": 26.0, ""MaxBasketRiskPct"": 3.0, ""AddMinSec"": 30, ""Session"": ""lateny_1923"", ""ZEntry"": 2.25, ""ZEmaBars"": 120, ""NewsBeforeMin"": 60, ""NewsAfterMin"": 60, ""NewsCloseMode"": 2, ""DailyLossPct"": 8.0, ""MaxSpreadPts"": 0}"
-50.0,-2.1999119931460642,10.924517095453503,0.0,0.0,89.47977089397479,0.08928369845956932,33.46785644621686,116.0,0.0,0.0,"{""EntryMode"": 1, ""EntryTFMin"": 1, ""GridSpacingPts"": 105, ""TP_Pips"": 14.5, ""MaxLayers"": 2, ""Ladder"": ""step1"", ""MaxHoldSec"": 30, ""StopPips"": 26.0, ""MaxBasketRiskPct"": 3.0, ""AddMinSec"": 60, ""Session"": ""lateny_1923"", ""ZEntry"": 2.0, ""ZEmaBars"": 120, ""NewsBeforeMin"": 30, ""NewsAfterMin"": 60, ""NewsCloseMode"": 2, ""DailyLossPct"": 8.0, ""MaxSpreadPts"": 0}"
-50.0,-0.9602088580198731,13.885020887209798,0.0,0.0,95.29300000000053,0.19011270275442776,569.3938177032326,233.0,2.0,12.0,"{""EntryMode"": 1, ""EntryTFMin"": 1, ""GridSpacingPts"": 145, ""TP_Pips"": 12.0, ""MaxLayers"": 6, ""Ladder"": ""step1"", ""MaxHoldSec"": 600, ""StopPips"": 28.0, ""MaxBasketRiskPct"": 3.0, ""AddMinSec"": 15, ""Session"": ""lateny_1923"", ""ZEntry"": 2.0, ""ZEmaBars"": 120, ""NewsBeforeMin"": 60, ""NewsAfterMin"": 60, ""NewsCloseMode"": 2, ""DailyLossPct"": 8.0, ""MaxSpreadPts"": 0}"
-50.0,-0.79602796488355,12.901308510346787,0.0,0.0,96.08500000000106,0.12314992890975078,583.6593485992113,155.0,1.0,4.0,"{""EntryMode"": 1, ""EntryTFMin"": 1, ""GridSpacingPts"": 125, ""TP_Pips"": 13.0, ""MaxLayers"": 2, ""Ladder"": ""step1"", ""MaxHoldSec"": 600, ""StopPips"": 28.0, ""MaxBasketRiskPct"": 3.0, ""AddMinSec"": 15, ""Session"": ""lateny_1923"", ""ZEntry"": 2.0, ""ZEmaBars"": 120, ""NewsBeforeMin"": 30, ""NewsAfterMin"": 60, ""NewsCloseMode"": 2, ""DailyLossPct"": 8.0, ""MaxSpreadPts"": 0}"
-50.0,-1.508250372980846,15.451666195088954,0.0,0.0,92.68699999999995,0.1924217639214856,577.2974020715029,241.0,2.0,7.0,"{""EntryMode"": 1, ""EntryTFMin"": 1, ""GridSpacingPts"": 150, ""TP_Pips"": 14.0, ""MaxLayers"": 5, ""Ladder"": ""step1"", ""MaxHoldSec"": 600, ""StopPips"": 27.0, ""MaxBasketRiskPct"": 3.0, ""AddMinSec"": 0, ""Session"": ""lateny_1923"", ""ZEntry"": 2.0, ""ZEmaBars"": 120, ""NewsBeforeMin"": 30, ""NewsAfterMin"": 15, ""NewsCloseMode"": 2, ""DailyLossPct"": 8.0, ""MaxSpreadPts"": 0}"
-50.0,-0.7547394030669285,12.798165556682534,0.0,0.0,96.28500000000108,0.12314992890975078,583.9032486527266,155.0,1.0,4.0,"{""EntryMode"": 1, ""EntryTFMin"": 1, ""GridSpacingPts"": 150, ""TP_Pips"": 13.5, ""MaxLayers"": 4, ""Ladder"": ""step1"", ""MaxHoldSec"": 600, ""StopPips"": 28.0, ""MaxBasketRiskPct"": 3.0, ""AddMinSec"": 0, ""Session"": ""lateny_1923"", ""ZEntry"": 2.0, ""ZEmaBars"": 120, ""NewsBeforeMin"": 30, ""NewsAfterMin"": 60, ""NewsCloseMode"": 2, ""DailyLossPct"": 8.0, ""MaxSpreadPts"": 0}"
-50.0,-2.6905485494785775,13.762909522170672,0.0,0.0,87.25899999999164,0.07619901851290829,578.7193754032405,90.0,3.0,6.0,"{""EntryMode"": 1, ""EntryTFMin"": 1, ""GridSpacingPts"": 105, ""TP_Pips"": 12.5, ""MaxLayers"": 5, ""Ladder"": ""step1"", ""MaxHoldSec"": 600, ""StopPips"": 26.0, ""MaxBasketRiskPct"": 3.0, ""AddMinSec"": 60, ""Session"": ""allday_0123"", ""ZEntry"": 2.0, ""ZEmaBars"": 120, ""NewsBeforeMin"": 60, ""NewsAfterMin"": 60, ""NewsCloseMode"": 0, ""DailyLossPct"": 8.0, ""MaxSpreadPts"": 0}"
-50.0,-1.6688998201721983,15.815957105544298,0.0,0.0,91.93399999999684,0.17010083930659325,576.4116956910184,206.0,1.0,14.0,"{""EntryMode"": 1, ""EntryTFMin"": 1, ""GridSpacingPts"": 130, ""TP_Pips"": 11.5, ""MaxLayers"": 2, ""Ladder"": ""step1"", ""MaxHoldSec"": 600, ""StopPips"": 27.0, ""MaxBasketRiskPct"": 3.0, ""AddMinSec"": 15, ""Session"": ""lateny_1923"", ""ZEntry"": 1.75, ""ZEmaBars"": 120, ""NewsBeforeMin"": 60, ""NewsAfterMin"": 60, ""NewsCloseMode"": 2, ""DailyLossPct"": 8.0, ""MaxSpreadPts"": 0}"
-50.0,-0.9697781088798818,6.362597074940371,0.0,0.0,95.24699999999915,0.007696870556859424,540.382765698433,8.0,1.0,1.0,"{""EntryMode"": 1, ""EntryTFMin"": 1, ""GridSpacingPts"": 135, ""TP_Pips"": 12.5, ""MaxLayers"": 5, ""Ladder"": ""step1"", ""MaxHoldSec"": 600, ""StopPips"": 28.0, ""MaxBasketRiskPct"": 3.0, ""AddMinSec"": 15, ""Session"": ""lateny_1923"", ""ZEntry"": 2.0, ""ZEmaBars"": 30, ""NewsBeforeMin"": 30, ""NewsAfterMin"": 60, ""NewsCloseMode"": 2, ""DailyLossPct"": 8.0, ""MaxSpreadPts"": 0}"
-50.0,-1.6688998201721983,15.815957105544298,0.0,0.0,91.93399999999684,0.17010083930659325,576.4116956910184,206.0,1.0,14.0,"{""EntryMode"": 1, ""EntryTFMin"": 1, ""GridSpacingPts"": 150, ""TP_Pips"": 11.5, ""MaxLayers"": 5, ""Ladder"": ""step1"", ""MaxHoldSec"": 600, ""StopPips"": 27.0, ""MaxBasketRiskPct"": 3.0, ""AddMinSec"": 15, ""Session"": ""lateny_1923"", ""ZEntry"": 1.75, ""ZEmaBars"": 120, ""NewsBeforeMin"": 30, ""NewsAfterMin"": 60, ""NewsCloseMode"": 2, ""DailyLossPct"": 8.0, ""MaxSpreadPts"": 0}"
-50.0,-0.8935347868064492,12.699865459770987,0.0,0.0,95.6140000000008,0.12622867713249455,581.8377928245835,158.0,1.0,5.0,"{""EntryMode"": 1, ""EntryTFMin"": 1, ""GridSpacingPts"": 105, ""TP_Pips"": 12.5, ""MaxLayers"": 4, ""Ladder"": ""step1"", ""MaxHoldSec"": 600, ""StopPips"": 28.0, ""MaxBasketRiskPct"": 3.0, ""AddMinSec"": 60, ""Session"": ""lateny_1923"", ""ZEntry"": 2.0, ""ZEmaBars"": 120, ""NewsBeforeMin"": 30, ""NewsAfterMin"": 60, ""NewsCloseMode"": 2, ""DailyLossPct"": 8.0, ""MaxSpreadPts"": 0}"
-50.0,-0.9385876424603423,12.827371410251109,0.0,0.0,95.39700000000092,0.11776211951994918,523.6794153422117,120.0,1.0,32.0,"{""EntryMode"": 1, ""EntryTFMin"": 1, ""GridSpacingPts"": 100, ""TP_Pips"": 7.0, ""MaxLayers"": 4, ""Ladder"": ""step1"", ""MaxHoldSec"": 600, ""StopPips"": 28.0, ""MaxBasketRiskPct"": 3.0, ""AddMinSec"": 60, ""Session"": ""lateny_1923"", ""ZEntry"": 2.0, ""ZEmaBars"": 120, ""NewsBeforeMin"": 30, ""NewsAfterMin"": 60, ""NewsCloseMode"": 0, ""DailyLossPct"": 8.0, ""MaxSpreadPts"": 0}"
-50.0,-0.10247025495483397,1.0842784610624683,0.0,0.0,99.48900000000012,0.0015393741113718848,600.0,2.0,0.0,0.0,"{""EntryMode"": 1, ""EntryTFMin"": 1, ""GridSpacingPts"": 115, ""TP_Pips"": 7.0, ""MaxLayers"": 5, ""Ladder"": ""step1"", ""MaxHoldSec"": 600, ""StopPips"": 29.0, ""MaxBasketRiskPct"": 3.0, ""AddMinSec"": 60, ""Session"": ""lateny_1923"", ""ZEntry"": 2.0, ""ZEmaBars"": 120, ""NewsBeforeMin"": 30, ""NewsAfterMin"": 15, ""NewsCloseMode"": 0, ""DailyLossPct"": 8.0, ""MaxSpreadPts"": 0}"
-50.0,-0.8676197943169317,12.904314204685488,0.0,0.0,95.73900000000091,0.12622867713249455,584.7255588637458,159.0,1.0,4.0,"{""EntryMode"": 1, ""EntryTFMin"": 1, ""GridSpacingPts"": 95, ""TP_Pips"": 14.5, ""MaxLayers"": 6, ""Ladder"": ""step1"", ""MaxHoldSec"": 600, ""StopPips"": 28.0, ""MaxBasketRiskPct"": 3.0, ""AddMinSec"": 30, ""Session"": ""lateny_1923"", ""ZEntry"": 2.0, ""ZEmaBars"": 120, ""NewsBeforeMin"": 30, ""NewsAfterMin"": 60, ""NewsCloseMode"": 2, ""DailyLossPct"": 8.0, ""MaxSpreadPts"": 0}"
-50.0,-2.262497725032131,11.331000000012182,0.0,0.0,89.19399999998757,0.09159275962662715,736.3402048087705,76.0,12.0,31.0,"{""EntryMode"": 0, ""EntryTFMin"": 1, ""GridSpacingPts"": 10, ""TP_Pips"": 10.5, ""MaxLayers"": 4, ""Ladder"": ""flat"", ""MaxHoldSec"": 900, ""StopPips"": 17.0, ""MaxBasketRiskPct"": 2.0, ""AddMinSec"": 15, ""Session"": ""ny_1519"", ""ZEntry"": 1.5, ""ZEmaBars"": 30, ""NewsBeforeMin"": 30, ""NewsAfterMin"": 15, ""NewsCloseMode"": 2, ""DailyLossPct"": 8.0, ""MaxSpreadPts"": 10}"
-50.0,0.0,0.0,0.0,0.0,100.0,0.0,0.0,0.0,0.0,0.0,"{""EntryMode"": 0, ""EntryTFMin"": 1, ""GridSpacingPts"": 55, ""TP_Pips"": 0.5, ""MaxLayers"": 1, ""Ladder"": ""flat"", ""MaxHoldSec"": 900, ""StopPips"": 27.0, ""MaxBasketRiskPct"": 2.0, ""AddMinSec"": 30, ""Session"": ""asia_0109"", ""ZEntry"": 3.0, ""ZEmaBars"": 60, ""NewsBeforeMin"": 60, ""NewsAfterMin"": 15, ""NewsCloseMode"": 0, ""DailyLossPct"": 8.0, ""MaxSpreadPts"": 10}"
-50.0,0.0,0.0,0.0,0.0,100.0,0.0,0.0,0.0,0.0,0.0,"{""EntryMode"": 1, ""EntryTFMin"": 5, ""GridSpacingPts"": 95, ""TP_Pips"": 11.5, ""MaxLayers"": 1, ""Ladder"": ""flat"", ""MaxHoldSec"": 30, ""StopPips"": 20.0, ""MaxBasketRiskPct"": 1.0, ""AddMinSec"": 15, ""Session"": ""asia_0309"", ""ZEntry"": 3.0, ""ZEmaBars"": 30, ""NewsBeforeMin"": 60, ""NewsAfterMin"": 15, ""NewsCloseMode"": 2, ""DailyLossPct"": 5.0, ""MaxSpreadPts"": 0}"
-50.0,-2.1598676665514627,10.69016767912079,0.0,0.0,89.66300000000444,0.09851994312780063,117.9277127694714,123.0,0.0,5.0,"{""EntryMode"": 1, ""EntryTFMin"": 1, ""GridSpacingPts"": 140, ""TP_Pips"": 6.0, ""MaxLayers"": 1, ""Ladder"": ""step1"", ""MaxHoldSec"": 120, ""StopPips"": 26.0, ""MaxBasketRiskPct"": 3.0, ""AddMinSec"": 60, ""Session"": ""lateny_1923"", ""ZEntry"": 2.0, ""ZEmaBars"": 120, ""NewsBeforeMin"": 30, ""NewsAfterMin"": 15, ""NewsCloseMode"": 0, ""DailyLossPct"": 8.0, ""MaxSpreadPts"": 0}"
-50.0,0.0,0.0,0.0,0.0,100.0,0.0,0.0,0.0,0.0,0.0,"{""EntryMode"": 1, ""EntryTFMin"": 1, ""GridSpacingPts"": 40, ""TP_Pips"": 1.0, ""MaxLayers"": 1, ""Ladder"": ""flat"", ""MaxHoldSec"": 60, ""StopPips"": 30.0, ""MaxBasketRiskPct"": 1.0, ""AddMinSec"": 30, ""Session"": ""asia_0109"", ""ZEntry"": 1.75, ""ZEmaBars"": 120, ""NewsBeforeMin"": 60, ""NewsAfterMin"": 60, ""NewsCloseMode"": 2, ""DailyLossPct"": 8.0, ""MaxSpreadPts"": 10}"
-50.0,-2.1717863159281037,19.118663229793064,0.0,0.0,89.60843300771548,0.1416224182462134,1237.982648580977,95.0,8.0,81.0,"{""EntryMode"": 1, ""EntryTFMin"": 1, ""GridSpacingPts"": 125, ""TP_Pips"": 7.0, ""MaxLayers"": 2, ""Ladder"": ""step1"", ""MaxHoldSec"": 1800, ""StopPips"": 26.0, ""MaxBasketRiskPct"": 3.0, ""AddMinSec"": 60, ""Session"": ""lateny_1923"", ""ZEntry"": 1.5, ""ZEmaBars"": 120, ""NewsBeforeMin"": 30, ""NewsAfterMin"": 15, ""NewsCloseMode"": 0, ""DailyLossPct"": 8.0, ""MaxSpreadPts"": 0}"
-50.0,0.0,0.0,0.0,0.0,100.0,0.0,0.0,0.0,0.0,0.0,"{""EntryMode"": 1, ""EntryTFMin"": 5, ""GridSpacingPts"": 15, ""TP_Pips"": 7.5, ""MaxLayers"": 2, ""Ladder"": ""step1"", ""MaxHoldSec"": 120, ""StopPips"": 30.0, ""MaxBasketRiskPct"": 2.0, ""AddMinSec"": 0, ""Session"": ""asia_0109"", ""ZEntry"": 1.0, ""ZEmaBars"": 30, ""NewsBeforeMin"": 15, ""NewsAfterMin"": 30, ""NewsCloseMode"": 2, ""DailyLossPct"": 5.0, ""MaxSpreadPts"": 0}"
-50.0,0.0,0.0,0.0,0.0,100.0,0.0,0.0,0.0,0.0,0.0,"{""EntryMode"": 1, ""EntryTFMin"": 1, ""GridSpacingPts"": 115, ""TP_Pips"": 7.0, ""MaxLayers"": 2, ""Ladder"": ""step1"", ""MaxHoldSec"": 1800, ""StopPips"": 30.0, ""MaxBasketRiskPct"": 3.0, ""AddMinSec"": 60, ""Session"": ""lateny_1923"", ""ZEntry"": 1.75, ""ZEmaBars"": 120, ""NewsBeforeMin"": 30, ""NewsAfterMin"": 15, ""NewsCloseMode"": 0, ""DailyLossPct"": 8.0, ""MaxSpreadPts"": 0}"
-50.0,-1.5044229422985889,11.29299369154529,0.0,0.0,92.70500000000102,0.03232685633880958,1073.0454124162593,18.0,2.0,22.0,"{""EntryMode"": 1, ""EntryTFMin"": 1, ""GridSpacingPts"": 145, ""TP_Pips"": 5.0, ""MaxLayers"": 3, ""Ladder"": ""flat"", ""MaxHoldSec"": 1800, ""StopPips"": 27.0, ""MaxBasketRiskPct"": 3.0, ""AddMinSec"": 60, ""Session"": ""lateny_1923"", ""ZEntry"": 2.25, ""ZEmaBars"": 120, ""NewsBeforeMin"": 30, ""NewsAfterMin"": 60, ""NewsCloseMode"": 0, ""DailyLossPct"": 8.0, ""MaxSpreadPts"": 0}"
-50.0,0.08191443031966283,4.565512727705539,0.0,0.0,100.40999999999886,0.01924217639214856,720.8146678543092,16.0,3.0,6.0,"{""EntryMode"": 1, ""EntryTFMin"": 5, ""GridSpacingPts"": 15, ""TP_Pips"": 12.0, ""MaxLayers"": 3, ""Ladder"": ""step1"", ""MaxHoldSec"": 900, ""StopPips"": 21.0, ""MaxBasketRiskPct"": 5.0, ""AddMinSec"": 0, ""Session"": ""lateny_1923"", ""ZEntry"": 2.75, ""ZEmaBars"": 90, ""NewsBeforeMin"": 30, ""NewsAfterMin"": 60, ""NewsCloseMode"": 2, ""DailyLossPct"": 8.0, ""MaxSpreadPts"": 10}"
-50.0,-2.274342097835369,18.007303365617535,0.0,0.0,89.14000000000225,0.11160462307446165,912.1095086489717,46.0,7.0,92.0,"{""EntryMode"": 1, ""EntryTFMin"": 1, ""GridSpacingPts"": 130, ""TP_Pips"": 5.0, ""MaxLayers"": 2, ""Ladder"": ""step1"", ""MaxHoldSec"": 1800, ""StopPips"": 26.0, ""MaxBasketRiskPct"": 3.0, ""AddMinSec"": 60, ""Session"": ""lateny_1923"", ""ZEntry"": 2.0, ""ZEmaBars"": 120, ""NewsBeforeMin"": 30, ""NewsAfterMin"": 15, ""NewsCloseMode"": 0, ""DailyLossPct"": 8.0, ""MaxSpreadPts"": 0}"
-50.0,0.0,0.0,0.0,0.0,100.0,0.0,0.0,0.0,0.0,0.0,"{""EntryMode"": 1, ""EntryTFMin"": 5, ""GridSpacingPts"": 85, ""TP_Pips"": 15.0, ""MaxLayers"": 3, ""Ladder"": ""step1"", ""MaxHoldSec"": 300, ""StopPips"": 29.0, ""MaxBasketRiskPct"": 1.0, ""AddMinSec"": 60, ""Session"": ""asia_0309"", ""ZEntry"": 2.75, ""ZEmaBars"": 30, ""NewsBeforeMin"": 30, ""NewsAfterMin"": 15, ""NewsCloseMode"": 0, ""DailyLossPct"": 5.0, ""MaxSpreadPts"": 10}"
-50.0,-2.9226312230724916,13.795999999999708,0.0,0.0,86.22400000000052,0.06234465151056133,1214.1978778243067,45.0,3.0,33.0,"{""EntryMode"": 0, ""EntryTFMin"": 1, ""GridSpacingPts"": 135, ""TP_Pips"": 5.5, ""MaxLayers"": 1, ""Ladder"": ""step1"", ""MaxHoldSec"": 1800, ""StopPips"": 25.0, ""MaxBasketRiskPct"": 3.0, ""AddMinSec"": 60, ""Session"": ""lateny_1923"", ""ZEntry"": 1.5, ""ZEmaBars"": 120, ""NewsBeforeMin"": 30, ""NewsAfterMin"": 15, ""NewsCloseMode"": 0, ""DailyLossPct"": 8.0, ""MaxSpreadPts"": 0}"
-50.0,0.0,0.0,0.0,0.0,100.0,0.0,0.0,0.0,0.0,0.0,"{""EntryMode"": 1, ""EntryTFMin"": 5, ""GridSpacingPts"": 85, ""TP_Pips"": 10.0, ""MaxLayers"": 2, ""Ladder"": ""step1"", ""MaxHoldSec"": 60, ""StopPips"": 29.0, ""MaxBasketRiskPct"": 2.0, ""AddMinSec"": 30, ""Session"": ""lateny_1923"", ""ZEntry"": 2.5, ""ZEmaBars"": 90, ""NewsBeforeMin"": 15, ""NewsAfterMin"": 30, ""NewsCloseMode"": 2, ""DailyLossPct"": 3.0, ""MaxSpreadPts"": 0}"
-50.0,0.0,0.0,0.0,0.0,100.0,0.0,0.0,0.0,0.0,0.0,"{""EntryMode"": 1, ""EntryTFMin"": 1, ""GridSpacingPts"": 110, ""TP_Pips"": 15.0, ""MaxLayers"": 4, ""Ladder"": ""step1"", ""MaxHoldSec"": 600, ""StopPips"": 30.0, ""MaxBasketRiskPct"": 3.0, ""AddMinSec"": 30, ""Session"": ""lateny_1923"", ""ZEntry"": 2.0, ""ZEmaBars"": 120, ""NewsBeforeMin"": 30, ""NewsAfterMin"": 60, ""NewsCloseMode"": 2, ""DailyLossPct"": 8.0, ""MaxSpreadPts"": 0}"
-50.0,-1.5610444837744986,15.655043105823744,0.0,0.0,92.43900000000157,0.0815868279027099,1090.5379133645229,45.0,4.0,57.0,"{""EntryMode"": 1, ""EntryTFMin"": 1, ""GridSpacingPts"": 120, ""TP_Pips"": 6.0, ""MaxLayers"": 2, ""Ladder"": ""step1"", ""MaxHoldSec"": 1800, ""StopPips"": 27.0, ""MaxBasketRiskPct"": 3.0, ""AddMinSec"": 60, ""Session"": ""lateny_1923"", ""ZEntry"": 2.0, ""ZEmaBars"": 120, ""NewsBeforeMin"": 30, ""NewsAfterMin"": 15, ""NewsCloseMode"": 0, ""DailyLossPct"": 8.0, ""MaxSpreadPts"": 0}"
-50.0,-2.9736043808571644,23.004333345270656,0.0,0.0,85.99800000000302,0.15932522052699008,1111.57804136116,89.0,13.0,105.0,"{""EntryMode"": 1, ""EntryTFMin"": 1, ""GridSpacingPts"": 125, ""TP_Pips"": 7.0, ""MaxLayers"": 1, ""Ladder"": ""step1"", ""MaxHoldSec"": 1800, ""StopPips"": 25.0, ""MaxBasketRiskPct"": 3.0, ""AddMinSec"": 60, ""Session"": ""lateny_1923"", ""ZEntry"": 1.5, ""ZEmaBars"": 90, ""NewsBeforeMin"": 30, ""NewsAfterMin"": 15, ""NewsCloseMode"": 0, ""DailyLossPct"": 8.0, ""MaxSpreadPts"": 0}"
-50.0,0.0,0.0,0.0,0.0,100.0,0.0,0.0,0.0,0.0,0.0,"{""EntryMode"": 1, ""EntryTFMin"": 5, ""GridSpacingPts"": 100, ""TP_Pips"": 11.0, ""MaxLayers"": 1, ""Ladder"": ""flat"", ""MaxHoldSec"": 30, ""StopPips"": 21.0, ""MaxBasketRiskPct"": 1.0, ""AddMinSec"": 15, ""Session"": ""asia_0309"", ""ZEntry"": 2.75, ""ZEmaBars"": 30, ""NewsBeforeMin"": 60, ""NewsAfterMin"": 15, ""NewsCloseMode"": 2, ""DailyLossPct"": 5.0, ""MaxSpreadPts"": 0}"
-50.0,-2.26885787863802,17.33355640446804,0.0,0.0,89.16499999999783,0.17702802280776675,538.2709139398307,188.0,1.0,41.0,"{""EntryMode"": 1, ""EntryTFMin"": 1, ""GridSpacingPts"": 120, ""TP_Pips"": 7.5, ""MaxLayers"": 6, ""Ladder"": ""step1"", ""MaxHoldSec"": 600, ""StopPips"": 26.0, ""MaxBasketRiskPct"": 3.0, ""AddMinSec"": 60, ""Session"": ""lateny_1923"", ""ZEntry"": 1.75, ""ZEmaBars"": 120, ""NewsBeforeMin"": 30, ""NewsAfterMin"": 30, ""NewsCloseMode"": 0, ""DailyLossPct"": 8.0, ""MaxSpreadPts"": 0}"
-50.0,-2.315842651724931,12.709293621717974,0.0,0.0,88.95099999999799,0.07696870556859424,561.9720979814346,88.0,2.0,10.0,"{""EntryMode"": 1, ""EntryTFMin"": 1, ""GridSpacingPts"": 115, ""TP_Pips"": 10.0, ""MaxLayers"": 6, ""Ladder"": ""step1"", ""MaxHoldSec"": 600, ""StopPips"": 26.0, ""MaxBasketRiskPct"": 3.0, ""AddMinSec"": 60, ""Session"": ""lateny_1923"", ""ZEntry"": 2.0, ""ZEmaBars"": 60, ""NewsBeforeMin"": 60, ""NewsAfterMin"": 60, ""NewsCloseMode"": 0, ""DailyLossPct"": 8.0, ""MaxSpreadPts"": 0}"
-50.0,-1.5099516441291594,11.98919736829708,0.0,0.0,92.67899999999855,0.16086459463836195,585.3240613882695,205.0,1.0,3.0,"{""EntryMode"": 1, ""EntryTFMin"": 1, ""GridSpacingPts"": 110, ""TP_Pips"": 15.0, ""MaxLayers"": 5, ""Ladder"": ""step1"", ""MaxHoldSec"": 600, ""StopPips"": 27.0, ""MaxBasketRiskPct"": 3.0, ""AddMinSec"": 60, ""Session"": ""lateny_1923"", ""ZEntry"": 2.25, ""ZEmaBars"": 120, ""NewsBeforeMin"": 30, ""NewsAfterMin"": 60, ""NewsCloseMode"": 2, ""DailyLossPct"": 8.0, ""MaxSpreadPts"": 0}"
-50.0,-0.8419388484425361,12.221181913311817,0.0,0.0,95.86300000000129,0.11776211951994918,535.5333942002471,124.0,1.0,28.0,"{""EntryMode"": 1, ""EntryTFMin"": 1, ""GridSpacingPts"": 130, ""TP_Pips"": 7.5, ""MaxLayers"": 6, ""Ladder"": ""step1"", ""MaxHoldSec"": 600, ""StopPips"": 28.0, ""MaxBasketRiskPct"": 3.0, ""AddMinSec"": 60, ""Session"": ""lateny_1923"", ""ZEntry"": 2.0, ""ZEmaBars"": 120, ""NewsBeforeMin"": 30, ""NewsAfterMin"": 30, ""NewsCloseMode"": 0, ""DailyLossPct"": 8.0, ""MaxSpreadPts"": 10}"
-50.0,-1.541872248264542,12.090754917649958,0.0,0.0,92.52899999999855,0.16086459463836195,585.2776604147132,205.0,1.0,3.0,"{""EntryMode"": 1, ""EntryTFMin"": 1, ""GridSpacingPts"": 100, ""TP_Pips"": 14.5, ""MaxLayers"": 4, ""Ladder"": ""step1"", ""MaxHoldSec"": 600, ""StopPips"": 27.0, ""MaxBasketRiskPct"": 3.0, ""AddMinSec"": 60, ""Session"": ""lateny_1923"", ""ZEntry"": 2.25, ""ZEmaBars"": 120, ""NewsBeforeMin"": 30, ""NewsAfterMin"": 60, ""NewsCloseMode"": 2, ""DailyLossPct"": 8.0, ""MaxSpreadPts"": 0}"
-50.0,-0.11553479367426567,0.5760000000000929,0.0,0.0,99.42399999999991,0.004618122334115654,1880.0,6.0,0.0,0.0,"{""EntryMode"": 0, ""EntryTFMin"": 1, ""GridSpacingPts"": 15, ""TP_Pips"": 14.5, ""MaxLayers"": 2, ""Ladder"": ""flat"", ""MaxHoldSec"": 1800, ""StopPips"": 19.0, ""MaxBasketRiskPct"": 2.0, ""AddMinSec"": 15, ""Session"": ""asia_0309"", ""ZEntry"": 2.25, ""ZEmaBars"": 120, ""NewsBeforeMin"": 30, ""NewsAfterMin"": 15, ""NewsCloseMode"": 2, ""DailyLossPct"": 8.0, ""MaxSpreadPts"": 10}"
-50.0,0.0,0.0,0.0,0.0,100.0,0.0,0.0,0.0,0.0,0.0,"{""EntryMode"": 1, ""EntryTFMin"": 5, ""GridSpacingPts"": 120, ""TP_Pips"": 2.5, ""MaxLayers"": 3, ""Ladder"": ""step1"", ""MaxHoldSec"": 1800, ""StopPips"": 22.0, ""MaxBasketRiskPct"": 1.0, ""AddMinSec"": 0, ""Session"": ""lateny_1923"", ""ZEntry"": 3.0, ""ZEmaBars"": 90, ""NewsBeforeMin"": 15, ""NewsAfterMin"": 60, ""NewsCloseMode"": 2, ""DailyLossPct"": 3.0, ""MaxSpreadPts"": 10}"
-50.0,-1.5855640803852933,11.408604541017645,0.0,0.0,92.32400000000027,0.07235058323447859,533.0926077554722,76.0,1.0,17.0,"{""EntryMode"": 1, ""EntryTFMin"": 1, ""GridSpacingPts"": 125, ""TP_Pips"": 8.0, ""MaxLayers"": 3, ""Ladder"": ""step1"", ""MaxHoldSec"": 600, ""StopPips"": 27.0, ""MaxBasketRiskPct"": 3.0, ""AddMinSec"": 30, ""Session"": ""lateny_1923"", ""ZEntry"": 2.25, ""ZEmaBars"": 120, ""NewsBeforeMin"": 60, ""NewsAfterMin"": 30, ""NewsCloseMode"": 0, ""DailyLossPct"": 8.0, ""MaxSpreadPts"": 0}"
-50.0,0.0,0.0,0.0,0.0,100.0,0.0,0.0,0.0,0.0,0.0,"{""EntryMode"": 0, ""EntryTFMin"": 1, ""GridSpacingPts"": 95, ""TP_Pips"": 1.0, ""MaxLayers"": 5, ""Ladder"": ""step1"", ""MaxHoldSec"": 30, ""StopPips"": 20.0, ""MaxBasketRiskPct"": 1.0, ""AddMinSec"": 30, ""Session"": ""london_1013"", ""ZEntry"": 1.5, ""ZEmaBars"": 30, ""NewsBeforeMin"": 15, ""NewsAfterMin"": 60, ""NewsCloseMode"": 2, ""DailyLossPct"": 3.0, ""MaxSpreadPts"": 0}"
-50.0,-0.10247025495483397,1.0842784610624683,0.0,0.0,99.48900000000012,0.0015393741113718848,600.0,2.0,0.0,0.0,"{""EntryMode"": 1, ""EntryTFMin"": 1, ""GridSpacingPts"": 95, ""TP_Pips"": 12.5, ""MaxLayers"": 3, ""Ladder"": ""step1"", ""MaxHoldSec"": 600, ""StopPips"": 29.0, ""MaxBasketRiskPct"": 3.0, ""AddMinSec"": 30, ""Session"": ""lateny_1923"", ""ZEntry"": 2.0, ""ZEmaBars"": 120, ""NewsBeforeMin"": 15, ""NewsAfterMin"": 60, ""NewsCloseMode"": 0, ""DailyLossPct"": 8.0, ""MaxSpreadPts"": 0}"
-50.0,-0.10247025495483397,1.0842784610624683,0.0,0.0,99.48900000000012,0.0015393741113718848,600.0,2.0,0.0,0.0,"{""EntryMode"": 1, ""EntryTFMin"": 1, ""GridSpacingPts"": 120, ""TP_Pips"": 7.5, ""MaxLayers"": 2, ""Ladder"": ""step1"", ""MaxHoldSec"": 600, ""StopPips"": 29.0, ""MaxBasketRiskPct"": 3.0, ""AddMinSec"": 30, ""Session"": ""lateny_1923"", ""ZEntry"": 2.0, ""ZEmaBars"": 120, ""NewsBeforeMin"": 60, ""NewsAfterMin"": 30, ""NewsCloseMode"": 0, ""DailyLossPct"": 8.0, ""MaxSpreadPts"": 0}"
-50.0,-0.8645118142477037,11.238621405662157,0.0,0.0,95.75400000000035,0.120071180687007,585.8909851612489,151.0,1.0,4.0,"{""EntryMode"": 1, ""EntryTFMin"": 1, ""GridSpacingPts"": 110, ""TP_Pips"": 14.0, ""MaxLayers"": 3, ""Ladder"": ""step1"", ""MaxHoldSec"": 600, ""StopPips"": 28.0, ""MaxBasketRiskPct"": 3.0, ""AddMinSec"": 60, ""Session"": ""lateny_1923"", ""ZEntry"": 1.75, ""ZEmaBars"": 120, ""NewsBeforeMin"": 30, ""NewsAfterMin"": 60, ""NewsCloseMode"": 2, ""DailyLossPct"": 8.0, ""MaxSpreadPts"": 0}"
-50.0,0.0,0.0,0.0,0.0,100.0,0.0,0.0,0.0,0.0,0.0,"{""EntryMode"": 0, ""EntryTFMin"": 1, ""GridSpacingPts"": 25, ""TP_Pips"": 6.5, ""MaxLayers"": 6, ""Ladder"": ""step2"", ""MaxHoldSec"": 60, ""StopPips"": 24.0, ""MaxBasketRiskPct"": 1.0, ""AddMinSec"": 0, ""Session"": ""allday_0123"", ""ZEntry"": 2.75, ""ZEmaBars"": 90, ""NewsBeforeMin"": 60, ""NewsAfterMin"": 30, ""NewsCloseMode"": 0, ""DailyLossPct"": 8.0, ""MaxSpreadPts"": 10}"
-50.0,0.0,0.0,0.0,0.0,100.0,0.0,0.0,0.0,0.0,0.0,"{""EntryMode"": 0, ""EntryTFMin"": 1, ""GridSpacingPts"": 140, ""TP_Pips"": 1.5, ""MaxLayers"": 1, ""Ladder"": ""step2"", ""MaxHoldSec"": 300, ""StopPips"": 13.0, ""MaxBasketRiskPct"": 1.0, ""AddMinSec"": 15, ""Session"": ""ny_1519"", ""ZEntry"": 1.25, ""ZEmaBars"": 30, ""NewsBeforeMin"": 30, ""NewsAfterMin"": 30, ""NewsCloseMode"": 0, ""DailyLossPct"": 3.0, ""MaxSpreadPts"": 10}"
-50.0,-0.3792873235722416,5.621923429778283,0.0,0.0,98.1189999999982,0.028478421060379868,584.6153846153845,37.0,0.0,0.0,"{""EntryMode"": 1, ""EntryTFMin"": 5, ""GridSpacingPts"": 85, ""TP_Pips"": 15.0, ""MaxLayers"": 3, ""Ladder"": ""step1"", ""MaxHoldSec"": 600, ""StopPips"": 22.0, ""MaxBasketRiskPct"": 5.0, ""AddMinSec"": 60, ""Session"": ""asia_0309"", ""ZEntry"": 2.5, ""ZEmaBars"": 60, ""NewsBeforeMin"": 60, ""NewsAfterMin"": 15, ""NewsCloseMode"": 0, ""DailyLossPct"": 5.0, ""MaxSpreadPts"": 0}"
-50.0,0.0,0.0,0.0,0.0,100.0,0.0,0.0,0.0,0.0,0.0,"{""EntryMode"": 1, ""EntryTFMin"": 1, ""GridSpacingPts"": 120, ""TP_Pips"": 1.5, ""MaxLayers"": 6, ""Ladder"": ""step1"", ""MaxHoldSec"": 600, ""StopPips"": 28.0, ""MaxBasketRiskPct"": 1.0, ""AddMinSec"": 60, ""Session"": ""london_1013"", ""ZEntry"": 2.0, ""ZEmaBars"": 60, ""NewsBeforeMin"": 60, ""NewsAfterMin"": 30, ""NewsCloseMode"": 0, ""DailyLossPct"": 5.0, ""MaxSpreadPts"": 0}"
-50.0,0.0,0.0,0.0,0.0,100.0,0.0,0.0,0.0,0.0,0.0,"{""EntryMode"": 0, ""EntryTFMin"": 5, ""GridSpacingPts"": 150, ""TP_Pips"": 14.0, ""MaxLayers"": 3, ""Ladder"": ""step1"", ""MaxHoldSec"": 60, ""StopPips"": 15.0, ""MaxBasketRiskPct"": 1.0, ""AddMinSec"": 60, ""Session"": ""ny_1519"", ""ZEntry"": 2.75, ""ZEmaBars"": 90, ""NewsBeforeMin"": 15, ""NewsAfterMin"": 15, ""NewsCloseMode"": 2, ""DailyLossPct"": 3.0, ""MaxSpreadPts"": 0}"
-50.0,-0.15174920565536043,1.2844493085271298,0.0,0.0,99.24399999999982,0.0030787482227437697,491.99999999999994,4.0,0.0,0.0,"{""EntryMode"": 1, ""EntryTFMin"": 1, ""GridSpacingPts"": 125, ""TP_Pips"": 7.0, ""MaxLayers"": 6, ""Ladder"": ""step1"", ""MaxHoldSec"": 600, ""StopPips"": 29.0, ""MaxBasketRiskPct"": 3.0, ""AddMinSec"": 60, ""Session"": ""lateny_1923"", ""ZEntry"": 2.25, ""ZEmaBars"": 120, ""NewsBeforeMin"": 30, ""NewsAfterMin"": 30, ""NewsCloseMode"": 2, ""DailyLossPct"": 8.0, ""MaxSpreadPts"": 0}"
-50.0,-2.9476533404245275,17.210999634114398,0.0,0.0,86.11300000000116,0.1708705263622792,902.5440128878432,69.0,7.0,146.0,"{""EntryMode"": 1, ""EntryTFMin"": 1, ""GridSpacingPts"": 100, ""TP_Pips"": 4.5, ""MaxLayers"": 2, ""Ladder"": ""step1"", ""MaxHoldSec"": 1800, ""StopPips"": 25.0, ""MaxBasketRiskPct"": 3.0, ""AddMinSec"": 60, ""Session"": ""lateny_1923"", ""ZEntry"": 1.5, ""ZEmaBars"": 120, ""NewsBeforeMin"": 30, ""NewsAfterMin"": 15, ""NewsCloseMode"": 0, ""DailyLossPct"": 8.0, ""MaxSpreadPts"": 0}"
-50.0,0.0,0.0,0.0,0.0,100.0,0.0,0.0,0.0,0.0,0.0,"{""EntryMode"": 1, ""EntryTFMin"": 5, ""GridSpacingPts"": 70, ""TP_Pips"": 11.0, ""MaxLayers"": 2, ""Ladder"": ""step1"", ""MaxHoldSec"": 60, ""StopPips"": 26.0, ""MaxBasketRiskPct"": 2.0, ""AddMinSec"": 30, ""Session"": ""lateny_1923"", ""ZEntry"": 2.25, ""ZEmaBars"": 90, ""NewsBeforeMin"": 15, ""NewsAfterMin"": 30, ""NewsCloseMode"": 2, ""DailyLossPct"": 3.0, ""MaxSpreadPts"": 0}"
-50.0,-2.1717863159281037,19.118663229793064,0.0,0.0,89.60843300771548,0.1416224182462134,1237.982648580977,95.0,8.0,81.0,"{""EntryMode"": 1, ""EntryTFMin"": 1, ""GridSpacingPts"": 140, ""TP_Pips"": 7.0, ""MaxLayers"": 1, ""Ladder"": ""step1"", ""MaxHoldSec"": 1800, ""StopPips"": 26.0, ""MaxBasketRiskPct"": 3.0, ""AddMinSec"": 60, ""Session"": ""lateny_1923"", ""ZEntry"": 1.5, ""ZEmaBars"": 120, ""NewsBeforeMin"": 30, ""NewsAfterMin"": 15, ""NewsCloseMode"": 0, ""DailyLossPct"": 8.0, ""MaxSpreadPts"": 0}"
-50.0,0.0,0.0,0.0,0.0,100.0,0.0,0.0,0.0,0.0,0.0,"{""EntryMode"": 1, ""EntryTFMin"": 1, ""GridSpacingPts"": 135, ""TP_Pips"": 10.5, ""MaxLayers"": 1, ""Ladder"": ""step1"", ""MaxHoldSec"": 1800, ""StopPips"": 24.0, ""MaxBasketRiskPct"": 1.0, ""AddMinSec"": 60, ""Session"": ""lateny_1923"", ""ZEntry"": 1.75, ""ZEmaBars"": 120, ""NewsBeforeMin"": 30, ""NewsAfterMin"": 15, ""NewsCloseMode"": 0, ""DailyLossPct"": 8.0, ""MaxSpreadPts"": 0}"
-50.0,-2.2469332937219533,17.06684639650898,0.0,0.0,89.26500000000108,0.11699243246426325,1071.329492424556,62.0,7.0,83.0,"{""EntryMode"": 1, ""EntryTFMin"": 1, ""GridSpacingPts"": 105, ""TP_Pips"": 6.0, ""MaxLayers"": 1, ""Ladder"": ""step1"", ""MaxHoldSec"": 1800, ""StopPips"": 26.0, ""MaxBasketRiskPct"": 3.0, ""AddMinSec"": 60, ""Session"": ""lateny_1923"", ""ZEntry"": 1.75, ""ZEmaBars"": 120, ""NewsBeforeMin"": 30, ""NewsAfterMin"": 15, ""NewsCloseMode"": 0, ""DailyLossPct"": 8.0, ""MaxSpreadPts"": 0}"
-50.0,0.0,0.0,0.0,0.0,100.0,0.0,0.0,0.0,0.0,0.0,"{""EntryMode"": 0, ""EntryTFMin"": 5, ""GridSpacingPts"": 25, ""TP_Pips"": 6.0, ""MaxLayers"": 2, ""Ladder"": ""step1"", ""MaxHoldSec"": 600, ""StopPips"": 17.0, ""MaxBasketRiskPct"": 1.0, ""AddMinSec"": 0, ""Session"": ""london_1013"", ""ZEntry"": 1.75, ""ZEmaBars"": 60, ""NewsBeforeMin"": 30, ""NewsAfterMin"": 30, ""NewsCloseMode"": 2, ""DailyLossPct"": 5.0, ""MaxSpreadPts"": 0}"
-50.0,-1.6457939633304774,15.361343301424736,0.0,0.0,92.04200000000066,0.10621681368466004,1221.4189785948447,70.0,6.0,62.0,"{""EntryMode"": 1, ""EntryTFMin"": 1, ""GridSpacingPts"": 105, ""TP_Pips"": 7.5, ""MaxLayers"": 1, ""Ladder"": ""step1"", ""MaxHoldSec"": 1800, ""StopPips"": 27.0, ""MaxBasketRiskPct"": 3.0, ""AddMinSec"": 60, ""Session"": ""lateny_1923"", ""ZEntry"": 1.75, ""ZEmaBars"": 120, ""NewsBeforeMin"": 30, ""NewsAfterMin"": 15, ""NewsCloseMode"": 0, ""DailyLossPct"": 8.0, ""MaxSpreadPts"": 0}"
-50.0,-3.0661253190198856,14.87965207329475,0.0,0.0,85.58900000000116,0.09928963018348656,64.51008622406064,128.0,0.0,1.0,"{""EntryMode"": 1, ""EntryTFMin"": 1, ""GridSpacingPts"": 120, ""TP_Pips"": 6.0, ""MaxLayers"": 1, ""Ladder"": ""step1"", ""MaxHoldSec"": 60, ""StopPips"": 25.0, ""MaxBasketRiskPct"": 3.0, ""AddMinSec"": 60, ""Session"": ""lateny_1923"", ""ZEntry"": 1.75, ""ZEmaBars"": 120, ""NewsBeforeMin"": 30, ""NewsAfterMin"": 15, ""NewsCloseMode"": 0, ""DailyLossPct"": 8.0, ""MaxSpreadPts"": 0}"
-50.0,0.0,0.0,0.0,0.0,100.0,0.0,0.0,0.0,0.0,0.0,"{""EntryMode"": 1, ""EntryTFMin"": 5, ""GridSpacingPts"": 85, ""TP_Pips"": 10.5, ""MaxLayers"": 2, ""Ladder"": ""step1"", ""MaxHoldSec"": 60, ""StopPips"": 26.0, ""MaxBasketRiskPct"": 2.0, ""AddMinSec"": 30, ""Session"": ""lateny_1923"", ""ZEntry"": 3.0, ""ZEmaBars"": 90, ""NewsBeforeMin"": 15, ""NewsAfterMin"": 30, ""NewsCloseMode"": 2, ""DailyLossPct"": 3.0, ""MaxSpreadPts"": 0}"
-50.0,-1.6457939633304774,15.361343301424736,0.0,0.0,92.04200000000066,0.10621681368466004,1221.4189785948447,70.0,6.0,62.0,"{""EntryMode"": 1, ""EntryTFMin"": 1, ""GridSpacingPts"": 125, ""TP_Pips"": 7.5, ""MaxLayers"": 1, ""Ladder"": ""step1"", ""MaxHoldSec"": 1800, ""StopPips"": 27.0, ""MaxBasketRiskPct"": 3.0, ""AddMinSec"": 60, ""Session"": ""lateny_1923"", ""ZEntry"": 1.75, ""ZEmaBars"": 120, ""NewsBeforeMin"": 30, ""NewsAfterMin"": 15, ""NewsCloseMode"": 0, ""DailyLossPct"": 8.0, ""MaxSpreadPts"": 0}"
-50.0,0.0,0.0,0.0,0.0,100.0,0.0,0.0,0.0,0.0,0.0,"{""EntryMode"": 1, ""EntryTFMin"": 1, ""GridSpacingPts"": 35, ""TP_Pips"": 9.5, ""MaxLayers"": 2, ""Ladder"": ""flat"", ""MaxHoldSec"": 60, ""StopPips"": 26.0, ""MaxBasketRiskPct"": 1.0, ""AddMinSec"": 30, ""Session"": ""asia_0109"", ""ZEntry"": 2.0, ""ZEmaBars"": 120, ""NewsBeforeMin"": 60, ""NewsAfterMin"": 60, ""NewsCloseMode"": 2, ""DailyLossPct"": 8.0, ""MaxSpreadPts"": 10}"
-50.0,0.0,0.0,0.0,0.0,100.0,0.0,0.0,0.0,0.0,0.0,"{""EntryMode"": 0, ""EntryTFMin"": 5, ""GridSpacingPts"": 35, ""TP_Pips"": 7.0, ""MaxLayers"": 3, ""Ladder"": ""step1"", ""MaxHoldSec"": 600, ""StopPips"": 11.0, ""MaxBasketRiskPct"": 1.0, ""AddMinSec"": 0, ""Session"": ""london_1013"", ""ZEntry"": 1.75, ""ZEmaBars"": 60, ""NewsBeforeMin"": 30, ""NewsAfterMin"": 30, ""NewsCloseMode"": 2, ""DailyLossPct"": 5.0, ""MaxSpreadPts"": 0}"
-50.0,-0.3559324015072418,14.652603410976456,0.0,0.0,98.23400000000164,0.13854367002346962,1341.5437646939022,104.0,7.0,69.0,"{""EntryMode"": 1, ""EntryTFMin"": 1, ""GridSpacingPts"": 145, ""TP_Pips"": 8.5, ""MaxLayers"": 2, ""Ladder"": ""step1"", ""MaxHoldSec"": 1800, ""StopPips"": 29.0, ""MaxBasketRiskPct"": 3.0, ""AddMinSec"": 15, ""Session"": ""lateny_1923"", ""ZEntry"": 1.5, ""ZEmaBars"": 120, ""NewsBeforeMin"": 30, ""NewsAfterMin"": 15, ""NewsCloseMode"": 0, ""DailyLossPct"": 8.0, ""MaxSpreadPts"": 0}"
-50.0,-2.751997306947118,16.98494956146602,0.0,0.0,86.984000000001,0.15547678524856037,1098.4700675118074,85.0,14.0,103.0,"{""EntryMode"": 1, ""EntryTFMin"": 1, ""GridSpacingPts"": 125, ""TP_Pips"": 6.5, ""MaxLayers"": 1, ""Ladder"": ""step1"", ""MaxHoldSec"": 1800, ""StopPips"": 26.0, ""MaxBasketRiskPct"": 3.0, ""AddMinSec"": 60, ""Session"": ""lateny_1923"", ""ZEntry"": 2.25, ""ZEmaBars"": 120, ""NewsBeforeMin"": 30, ""NewsAfterMin"": 15, ""NewsCloseMode"": 0, ""DailyLossPct"": 8.0, ""MaxSpreadPts"": 0}"
-50.0,-1.505911316923192,13.548459530514274,0.0,0.0,92.69800000000104,0.11468337129720542,997.0574357049508,52.0,6.0,91.0,"{""EntryMode"": 1, ""EntryTFMin"": 1, ""GridSpacingPts"": 115, ""TP_Pips"": 5.5, ""MaxLayers"": 3, ""Ladder"": ""step1"", ""MaxHoldSec"": 1800, ""StopPips"": 27.0, ""MaxBasketRiskPct"": 3.0, ""AddMinSec"": 60, ""Session"": ""lateny_1923"", ""ZEntry"": 1.75, ""ZEmaBars"": 120, ""NewsBeforeMin"": 30, ""NewsAfterMin"": 15, ""NewsCloseMode"": 0, ""DailyLossPct"": 8.0, ""MaxSpreadPts"": 0}"
-50.0,-2.949232176392902,14.10958494179393,0.0,0.0,86.10600000000203,0.1308467994666102,119.30911990494756,166.0,0.0,4.0,"{""EntryMode"": 1, ""EntryTFMin"": 1, ""GridSpacingPts"": 115, ""TP_Pips"": 6.5, ""MaxLayers"": 2, ""Ladder"": ""step1"", ""MaxHoldSec"": 120, ""StopPips"": 25.0, ""MaxBasketRiskPct"": 3.0, ""AddMinSec"": 60, ""Session"": ""lateny_1923"", ""ZEntry"": 2.0, ""ZEmaBars"": 120, ""NewsBeforeMin"": 30, ""NewsAfterMin"": 15, ""NewsCloseMode"": 0, ""DailyLossPct"": 8.0, ""MaxSpreadPts"": 0}"
-50.0,-2.9203782436884707,14.0590586101391,0.0,0.0,86.23400000000031,0.011545305835289135,1016.8554603894553,6.0,4.0,5.0,"{""EntryMode"": 1, ""EntryTFMin"": 1, ""GridSpacingPts"": 60, ""TP_Pips"": 5.5, ""MaxLayers"": 2, ""Ladder"": ""step1"", ""MaxHoldSec"": 1800, ""StopPips"": 25.0, ""MaxBasketRiskPct"": 3.0, ""AddMinSec"": 15, ""Session"": ""lateny_1923"", ""ZEntry"": 1.75, ""ZEmaBars"": 30, ""NewsBeforeMin"": 30, ""NewsAfterMin"": 15, ""NewsCloseMode"": 0, ""DailyLossPct"": 8.0, ""MaxSpreadPts"": 0}"
-50.0,-2.3838449397371786,14.650773171059297,0.0,0.0,88.64200000000078,0.16779177813953544,913.658870584406,68.0,7.0,143.0,"{""EntryMode"": 1, ""EntryTFMin"": 1, ""GridSpacingPts"": 125, ""TP_Pips"": 4.5, ""MaxLayers"": 1, ""Ladder"": ""step1"", ""MaxHoldSec"": 1800, ""StopPips"": 26.0, ""MaxBasketRiskPct"": 3.0, ""AddMinSec"": 60, ""Session"": ""lateny_1923"", ""ZEntry"": 1.5, ""ZEmaBars"": 120, ""NewsBeforeMin"": 30, ""NewsAfterMin"": 15, ""NewsCloseMode"": 0, ""DailyLossPct"": 8.0, ""MaxSpreadPts"": 0}"
-50.0,0.0,0.0,0.0,0.0,100.0,0.0,0.0,0.0,0.0,0.0,"{""EntryMode"": 1, ""EntryTFMin"": 5, ""GridSpacingPts"": 75, ""TP_Pips"": 14.5, ""MaxLayers"": 3, ""Ladder"": ""step1"", ""MaxHoldSec"": 300, ""StopPips"": 29.0, ""MaxBasketRiskPct"": 1.0, ""AddMinSec"": 60, ""Session"": ""asia_0309"", ""ZEntry"": 3.0, ""ZEmaBars"": 30, ""NewsBeforeMin"": 30, ""NewsAfterMin"": 15, ""NewsCloseMode"": 0, ""DailyLossPct"": 5.0, ""MaxSpreadPts"": 10}"
-50.0,-2.2197740762852414,16.47587937319494,0.0,0.0,89.38900000000048,0.12391961596543673,903.0790414134663,48.0,6.0,107.0,"{""EntryMode"": 1, ""EntryTFMin"": 1, ""GridSpacingPts"": 110, ""TP_Pips"": 4.5, ""MaxLayers"": 1, ""Ladder"": ""step1"", ""MaxHoldSec"": 1800, ""StopPips"": 26.0, ""MaxBasketRiskPct"": 3.0, ""AddMinSec"": 60, ""Session"": ""lateny_1923"", ""ZEntry"": 1.75, ""ZEmaBars"": 120, ""NewsBeforeMin"": 30, ""NewsAfterMin"": 15, ""NewsCloseMode"": 0, ""DailyLossPct"": 8.0, ""MaxSpreadPts"": 0}"
-50.0,-0.10247025495483397,1.0842784610624683,0.0,0.0,99.48900000000012,0.0015393741113718848,600.0,2.0,0.0,0.0,"{""EntryMode"": 1, ""EntryTFMin"": 1, ""GridSpacingPts"": 120, ""TP_Pips"": 10.5, ""MaxLayers"": 2, ""Ladder"": ""step1"", ""MaxHoldSec"": 600, ""StopPips"": 29.0, ""MaxBasketRiskPct"": 3.0, ""AddMinSec"": 60, ""Session"": ""lateny_1923"", ""ZEntry"": 2.0, ""ZEmaBars"": 120, ""NewsBeforeMin"": 60, ""NewsAfterMin"": 60, ""NewsCloseMode"": 0, ""DailyLossPct"": 8.0, ""MaxSpreadPts"": 0}"
-50.0,-1.4500526141339787,14.3248394677935,0.0,0.0,92.96099999999853,0.1577858464156182,586.8151377127551,200.0,1.0,4.0,"{""EntryMode"": 1, ""EntryTFMin"": 1, ""GridSpacingPts"": 120, ""TP_Pips"": 15.0, ""MaxLayers"": 3, ""Ladder"": ""step1"", ""MaxHoldSec"": 600, ""StopPips"": 27.0, ""MaxBasketRiskPct"": 3.0, ""AddMinSec"": 30, ""Session"": ""lateny_1923"", ""ZEntry"": 1.75, ""ZEmaBars"": 120, ""NewsBeforeMin"": 30, ""NewsAfterMin"": 60, ""NewsCloseMode"": 2, ""DailyLossPct"": 8.0, ""MaxSpreadPts"": 0}"
-50.0,-0.10247025495483397,1.0842784610624683,0.0,0.0,99.48900000000012,0.0015393741113718848,600.0,2.0,0.0,0.0,"{""EntryMode"": 1, ""EntryTFMin"": 1, ""GridSpacingPts"": 100, ""TP_Pips"": 10.0, ""MaxLayers"": 2, ""Ladder"": ""step1"", ""MaxHoldSec"": 600, ""StopPips"": 29.0, ""MaxBasketRiskPct"": 3.0, ""AddMinSec"": 30, ""Session"": ""lateny_1923"", ""ZEntry"": 2.0, ""ZEmaBars"": 120, ""NewsBeforeMin"": 15, ""NewsAfterMin"": 60, ""NewsCloseMode"": 0, ""DailyLossPct"": 8.0, ""MaxSpreadPts"": 0}"
-50.0,-0.10247025495483397,1.0842784610624683,0.0,0.0,99.48900000000012,0.0015393741113718848,600.0,2.0,0.0,0.0,"{""EntryMode"": 1, ""EntryTFMin"": 1, ""GridSpacingPts"": 105, ""TP_Pips"": 11.5, ""MaxLayers"": 4, ""Ladder"": ""step1"", ""MaxHoldSec"": 600, ""StopPips"": 29.0, ""MaxBasketRiskPct"": 3.0, ""AddMinSec"": 60, ""Session"": ""lateny_1923"", ""ZEntry"": 2.0, ""ZEmaBars"": 120, ""NewsBeforeMin"": 60, ""NewsAfterMin"": 60, ""NewsCloseMode"": 0, ""DailyLossPct"": 8.0, ""MaxSpreadPts"": 0}"
-50.0,-1.0160121833327707,9.770579014866412,0.0,0.0,95.02500000000074,0.03694497867292523,827.3872902708234,44.0,1.0,3.0,"{""EntryMode"": 1, ""EntryTFMin"": 1, ""GridSpacingPts"": 110, ""TP_Pips"": 15.0, ""MaxLayers"": 3, ""Ladder"": ""step1"", ""MaxHoldSec"": 900, ""StopPips"": 28.0, ""MaxBasketRiskPct"": 3.0, ""AddMinSec"": 30, ""Session"": ""lateny_1923"", ""ZEntry"": 2.25, ""ZEmaBars"": 120, ""NewsBeforeMin"": 30, ""NewsAfterMin"": 60, ""NewsCloseMode"": 2, ""DailyLossPct"": 8.0, ""MaxSpreadPts"": 0}"
-50.0,-0.9703894015888559,7.3935233486267515,0.0,0.0,95.24406208057303,0.04618122334115654,575.3974385526444,59.0,1.0,0.0,"{""EntryMode"": 1, ""EntryTFMin"": 5, ""GridSpacingPts"": 120, ""TP_Pips"": 14.5, ""MaxLayers"": 3, ""Ladder"": ""step1"", ""MaxHoldSec"": 600, ""StopPips"": 28.0, ""MaxBasketRiskPct"": 3.0, ""AddMinSec"": 30, ""Session"": ""lateny_1923"", ""ZEntry"": 2.0, ""ZEmaBars"": 120, ""NewsBeforeMin"": 30, ""NewsAfterMin"": 60, ""NewsCloseMode"": 2, ""DailyLossPct"": 3.0, ""MaxSpreadPts"": 0}"
-50.0,-2.336949315930703,17.039205416927857,0.0,0.0,88.85500000000485,0.10236837840623034,1455.0968585989012,95.0,7.0,31.0,"{""EntryMode"": 1, ""EntryTFMin"": 1, ""GridSpacingPts"": 135, ""TP_Pips"": 11.0, ""MaxLayers"": 1, ""Ladder"": ""step1"", ""MaxHoldSec"": 1800, ""StopPips"": 26.0, ""MaxBasketRiskPct"": 3.0, ""AddMinSec"": 15, ""Session"": ""lateny_1923"", ""ZEntry"": 1.75, ""ZEmaBars"": 120, ""NewsBeforeMin"": 30, ""NewsAfterMin"": 15, ""NewsCloseMode"": 0, ""DailyLossPct"": 8.0, ""MaxSpreadPts"": 0}"
-50.0,0.022003371873124955,4.763840821871737,0.0,0.0,100.10999999999892,0.01924217639214856,721.1591180992128,16.0,3.0,6.0,"{""EntryMode"": 1, ""EntryTFMin"": 5, ""GridSpacingPts"": 20, ""TP_Pips"": 12.0, ""MaxLayers"": 4, ""Ladder"": ""step1"", ""MaxHoldSec"": 900, ""StopPips"": 22.0, ""MaxBasketRiskPct"": 5.0, ""AddMinSec"": 0, ""Session"": ""lateny_1923"", ""ZEntry"": 2.75, ""ZEmaBars"": 90, ""NewsBeforeMin"": 30, ""NewsAfterMin"": 60, ""NewsCloseMode"": 2, ""DailyLossPct"": 8.0, ""MaxSpreadPts"": 10}"
-50.0,-1.4776475587089832,15.033499304384362,0.0,0.0,92.83100000000488,0.10467743957328816,1399.5480256757617,88.0,7.0,41.0,"{""EntryMode"": 1, ""EntryTFMin"": 1, ""GridSpacingPts"": 145, ""TP_Pips"": 10.0, ""MaxLayers"": 1, ""Ladder"": ""step1"", ""MaxHoldSec"": 1800, ""StopPips"": 27.0, ""MaxBasketRiskPct"": 3.0, ""AddMinSec"": 15, ""Session"": ""lateny_1923"", ""ZEntry"": 1.75, ""ZEmaBars"": 120, ""NewsBeforeMin"": 30, ""NewsAfterMin"": 15, ""NewsCloseMode"": 0, ""DailyLossPct"": 8.0, ""MaxSpreadPts"": 0}"
-50.0,0.0,0.0,0.0,0.0,100.0,0.0,0.0,0.0,0.0,0.0,"{""EntryMode"": 1, ""EntryTFMin"": 1, ""GridSpacingPts"": 30, ""TP_Pips"": 1.5, ""MaxLayers"": 3, ""Ladder"": ""flat"", ""MaxHoldSec"": 60, ""StopPips"": 30.0, ""MaxBasketRiskPct"": 1.0, ""AddMinSec"": 30, ""Session"": ""asia_0109"", ""ZEntry"": 2.0, ""ZEmaBars"": 120, ""NewsBeforeMin"": 60, ""NewsAfterMin"": 60, ""NewsCloseMode"": 2, ""DailyLossPct"": 8.0, ""MaxSpreadPts"": 10}"
-50.0,-1.6592697426314418,10.123918174664105,0.0,0.0,91.97900000000165,0.08235651495839584,833.9502512173218,28.0,13.0,66.0,"{""EntryMode"": 1, ""EntryTFMin"": 1, ""GridSpacingPts"": 105, ""TP_Pips"": 5.5, ""MaxLayers"": 3, ""Ladder"": ""step1"", ""MaxHoldSec"": 1800, ""StopPips"": 22.0, ""MaxBasketRiskPct"": 3.0, ""AddMinSec"": 60, ""Session"": ""lateny_1923"", ""ZEntry"": 3.0, ""ZEmaBars"": 120, ""NewsBeforeMin"": 30, ""NewsAfterMin"": 15, ""NewsCloseMode"": 0, ""DailyLossPct"": 8.0, ""MaxSpreadPts"": 0}"
-50.0,-2.9246590832236685,14.497497686727831,0.0,0.0,86.21500000000036,0.07542933145722236,623.8515135935036,52.0,6.0,40.0,"{""EntryMode"": 1, ""EntryTFMin"": 1, ""GridSpacingPts"": 135, ""TP_Pips"": 6.5, ""MaxLayers"": 1, ""Ladder"": ""step1"", ""MaxHoldSec"": 900, ""StopPips"": 25.0, ""MaxBasketRiskPct"": 3.0, ""AddMinSec"": 60, ""Session"": ""lateny_1923"", ""ZEntry"": 1.75, ""ZEmaBars"": 30, ""NewsBeforeMin"": 30, ""NewsAfterMin"": 15, ""NewsCloseMode"": 0, ""DailyLossPct"": 8.0, ""MaxSpreadPts"": 0}"
-50.0,-2.189802539392993,17.669807013129336,0.0,0.0,89.52600000000234,0.10621681368466004,1188.1186963727014,70.0,6.0,62.0,"{""EntryMode"": 1, ""EntryTFMin"": 1, ""GridSpacingPts"": 150, ""TP_Pips"": 7.0, ""MaxLayers"": 1, ""Ladder"": ""step1"", ""MaxHoldSec"": 1800, ""StopPips"": 26.0, ""MaxBasketRiskPct"": 3.0, ""AddMinSec"": 60, ""Session"": ""lateny_1923"", ""ZEntry"": 1.75, ""ZEmaBars"": 120, ""NewsBeforeMin"": 30, ""NewsAfterMin"": 60, ""NewsCloseMode"": 0, ""DailyLossPct"": 8.0, ""MaxSpreadPts"": 0}"
-50.0,-4.002623730837573,18.573925200980412,0.0,0.0,81.53599999999814,0.05310840684233002,1552.4930884587138,51.0,2.0,16.0,"{""EntryMode"": 1, ""EntryTFMin"": 1, ""GridSpacingPts"": 145, ""TP_Pips"": 7.5, ""MaxLayers"": 1, ""Ladder"": ""step1"", ""MaxHoldSec"": 1800, ""StopPips"": 24.0, ""MaxBasketRiskPct"": 3.0, ""AddMinSec"": 60, ""Session"": ""asia_0109"", ""ZEntry"": 1.75, ""ZEmaBars"": 120, ""NewsBeforeMin"": 30, ""NewsAfterMin"": 15, ""NewsCloseMode"": 0, ""DailyLossPct"": 8.0, ""MaxSpreadPts"": 0}"
-50.0,-3.1385329222001546,22.566850758356622,0.0,0.0,85.26999999999798,0.20242769564540286,1246.5887241117732,135.0,17.0,111.0,"{""EntryMode"": 1, ""EntryTFMin"": 1, ""GridSpacingPts"": 100, ""TP_Pips"": 7.5, ""MaxLayers"": 2, ""Ladder"": ""step1"", ""MaxHoldSec"": 1800, ""StopPips"": 25.0, ""MaxBasketRiskPct"": 3.0, ""AddMinSec"": 60, ""Session"": ""lateny_1923"", ""ZEntry"": 2.0, ""ZEmaBars"": 120, ""NewsBeforeMin"": 30, ""NewsAfterMin"": 15, ""NewsCloseMode"": 0, ""DailyLossPct"": 8.0, ""MaxSpreadPts"": 0}"
-50.0,0.0,0.0,0.0,0.0,100.0,0.0,0.0,0.0,0.0,0.0,"{""EntryMode"": 1, ""EntryTFMin"": 1, ""GridSpacingPts"": 35, ""TP_Pips"": 2.0, ""MaxLayers"": 2, ""Ladder"": ""flat"", ""MaxHoldSec"": 60, ""StopPips"": 30.0, ""MaxBasketRiskPct"": 1.0, ""AddMinSec"": 30, ""Session"": ""asia_0109"", ""ZEntry"": 2.25, ""ZEmaBars"": 120, ""NewsBeforeMin"": 60, ""NewsAfterMin"": 60, ""NewsCloseMode"": 2, ""DailyLossPct"": 8.0, ""MaxSpreadPts"": 10}"
-50.0,0.0,0.0,0.0,0.0,100.0,0.0,0.0,0.0,0.0,0.0,"{""EntryMode"": 0, ""EntryTFMin"": 1, ""GridSpacingPts"": 125, ""TP_Pips"": 10.5, ""MaxLayers"": 3, ""Ladder"": ""step1"", ""MaxHoldSec"": 120, ""StopPips"": 17.0, ""MaxBasketRiskPct"": 1.0, ""AddMinSec"": 0, ""Session"": ""allday_0123"", ""ZEntry"": 3.0, ""ZEmaBars"": 30, ""NewsBeforeMin"": 30, ""NewsAfterMin"": 30, ""NewsCloseMode"": 0, ""DailyLossPct"": 8.0, ""MaxSpreadPts"": 10}"
-50.0,0.0,0.0,0.0,0.0,100.0,0.0,0.0,0.0,0.0,0.0,"{""EntryMode"": 0, ""EntryTFMin"": 5, ""GridSpacingPts"": 95, ""TP_Pips"": 1.5, ""MaxLayers"": 2, ""Ladder"": ""flat"", ""MaxHoldSec"": 1800, ""StopPips"": 16.0, ""MaxBasketRiskPct"": 1.0, ""AddMinSec"": 0, ""Session"": ""lateny_1923"", ""ZEntry"": 2.5, ""ZEmaBars"": 60, ""NewsBeforeMin"": 15, ""NewsAfterMin"": 15, ""NewsCloseMode"": 2, ""DailyLossPct"": 5.0, ""MaxSpreadPts"": 0}"
-50.0,-4.872566440361503,22.83499999998537,0.0,0.0,77.91000000001411,0.1854945804203121,130.14506775017102,18.0,162.0,61.0,"{""EntryMode"": 1, ""EntryTFMin"": 5, ""GridSpacingPts"": 130, ""TP_Pips"": 4.5, ""MaxLayers"": 3, ""Ladder"": ""flat"", ""MaxHoldSec"": 600, ""StopPips"": 2.0, ""MaxBasketRiskPct"": 5.0, ""AddMinSec"": 15, ""Session"": ""london_1013"", ""ZEntry"": 2.75, ""ZEmaBars"": 120, ""NewsBeforeMin"": 60, ""NewsAfterMin"": 30, ""NewsCloseMode"": 2, ""DailyLossPct"": 3.0, ""MaxSpreadPts"": 0}"
-50.0,0.0,0.0,0.0,0.0,100.0,0.0,0.0,0.0,0.0,0.0,"{""EntryMode"": 0, ""EntryTFMin"": 1, ""GridSpacingPts"": 120, ""TP_Pips"": 5.0, ""MaxLayers"": 1, ""Ladder"": ""step2"", ""MaxHoldSec"": 30, ""StopPips"": 10.0, ""MaxBasketRiskPct"": 1.0, ""AddMinSec"": 0, ""Session"": ""lateny_1923"", ""ZEntry"": 2.5, ""ZEmaBars"": 90, ""NewsBeforeMin"": 15, ""NewsAfterMin"": 30, ""NewsCloseMode"": 0, ""DailyLossPct"": 3.0, ""MaxSpreadPts"": 10}"
-50.0,0.08191443031966283,4.565512727705539,0.0,0.0,100.40999999999886,0.01924217639214856,720.8146678543092,16.0,3.0,6.0,"{""EntryMode"": 1, ""EntryTFMin"": 5, ""GridSpacingPts"": 20, ""TP_Pips"": 12.0, ""MaxLayers"": 3, ""Ladder"": ""step1"", ""MaxHoldSec"": 900, ""StopPips"": 21.0, ""MaxBasketRiskPct"": 5.0, ""AddMinSec"": 0, ""Session"": ""lateny_1923"", ""ZEntry"": 2.75, ""ZEmaBars"": 90, ""NewsBeforeMin"": 30, ""NewsAfterMin"": 60, ""NewsCloseMode"": 2, ""DailyLossPct"": 8.0, ""MaxSpreadPts"": 10}"
-50.0,0.0,0.0,0.0,0.0,100.0,0.0,0.0,0.0,0.0,0.0,"{""EntryMode"": 1, ""EntryTFMin"": 5, ""GridSpacingPts"": 80, ""TP_Pips"": 15.0, ""MaxLayers"": 3, ""Ladder"": ""step1"", ""MaxHoldSec"": 300, ""StopPips"": 30.0, ""MaxBasketRiskPct"": 1.0, ""AddMinSec"": 60, ""Session"": ""asia_0309"", ""ZEntry"": 3.0, ""ZEmaBars"": 30, ""NewsBeforeMin"": 30, ""NewsAfterMin"": 15, ""NewsCloseMode"": 0, ""DailyLossPct"": 5.0, ""MaxSpreadPts"": 10}"
-50.0,-1.4950695025022442,7.251000000000146,0.0,0.0,92.74899999999985,0.012314992890975079,1760.7521259337664,15.0,1.0,0.0,"{""EntryMode"": 1, ""EntryTFMin"": 1, ""GridSpacingPts"": 110, ""TP_Pips"": 13.0, ""MaxLayers"": 5, ""Ladder"": ""step1"", ""MaxHoldSec"": 1800, ""StopPips"": 27.0, ""MaxBasketRiskPct"": 3.0, ""AddMinSec"": 30, ""Session"": ""asia_0309"", ""ZEntry"": 2.0, ""ZEmaBars"": 120, ""NewsBeforeMin"": 30, ""NewsAfterMin"": 60, ""NewsCloseMode"": 2, ""DailyLossPct"": 8.0, ""MaxSpreadPts"": 0}"
-50.0,-0.7772331543412392,12.700752509121802,0.0,0.0,96.17600000000151,0.13161648652229616,536.7942271554068,137.0,1.0,33.0,"{""EntryMode"": 1, ""EntryTFMin"": 1, ""GridSpacingPts"": 125, ""TP_Pips"": 8.0, ""MaxLayers"": 4, ""Ladder"": ""step2"", ""MaxHoldSec"": 600, ""StopPips"": 28.0, ""MaxBasketRiskPct"": 3.0, ""AddMinSec"": 60, ""Session"": ""lateny_1923"", ""ZEntry"": 2.0, ""ZEmaBars"": 120, ""NewsBeforeMin"": 30, ""NewsAfterMin"": 30, ""NewsCloseMode"": 2, ""DailyLossPct"": 8.0, ""MaxSpreadPts"": 0}"
-50.0,-0.31638051103923814,8.894936087891708,0.0,0.0,98.42900000000404,0.0454115362854706,1624.7679927804888,50.0,2.0,7.0,"{""EntryMode"": 1, ""EntryTFMin"": 1, ""GridSpacingPts"": 110, ""TP_Pips"": 13.5, ""MaxLayers"": 3, ""Ladder"": ""step1"", ""MaxHoldSec"": 1800, ""StopPips"": 29.0, ""MaxBasketRiskPct"": 3.0, ""AddMinSec"": 60, ""Session"": ""lateny_1923"", ""ZEntry"": 2.0, ""ZEmaBars"": 120, ""NewsBeforeMin"": 30, ""NewsAfterMin"": 60, ""NewsCloseMode"": 2, ""DailyLossPct"": 8.0, ""MaxSpreadPts"": 0}"
-50.0,-3.6631518385350503,21.69535988172977,0.0,0.0,82.98702736276833,0.16779177813953544,1190.959502804475,110.0,16.0,92.0,"{""EntryMode"": 1, ""EntryTFMin"": 1, ""GridSpacingPts"": 45, ""TP_Pips"": 7.5, ""MaxLayers"": 2, ""Ladder"": ""flat"", ""MaxHoldSec"": 1800, ""StopPips"": 24.0, ""MaxBasketRiskPct"": 3.0, ""AddMinSec"": 60, ""Session"": ""lateny_1923"", ""ZEntry"": 1.5, ""ZEmaBars"": 60, ""NewsBeforeMin"": 30, ""NewsAfterMin"": 15, ""NewsCloseMode"": 0, ""DailyLossPct"": 5.0, ""MaxSpreadPts"": 0}"
-50.0,-2.2940954793615354,11.045000000004919,0.0,0.0,89.04999999999505,0.03540560456155335,60.0,46.0,0.0,0.0,"{""EntryMode"": 1, ""EntryTFMin"": 5, ""GridSpacingPts"": 95, ""TP_Pips"": 9.5, ""MaxLayers"": 2, ""Ladder"": ""step1"", ""MaxHoldSec"": 60, ""StopPips"": 28.0, ""MaxBasketRiskPct"": 5.0, ""AddMinSec"": 60, ""Session"": ""london_1013"", ""ZEntry"": 2.0, ""ZEmaBars"": 30, ""NewsBeforeMin"": 30, ""NewsAfterMin"": 60, ""NewsCloseMode"": 2, ""DailyLossPct"": 3.0, ""MaxSpreadPts"": 0}"
-50.0,0.0,0.0,0.0,0.0,100.0,0.0,0.0,0.0,0.0,0.0,"{""EntryMode"": 1, ""EntryTFMin"": 5, ""GridSpacingPts"": 105, ""TP_Pips"": 8.5, ""MaxLayers"": 5, ""Ladder"": ""step2"", ""MaxHoldSec"": 900, ""StopPips"": 10.0, ""MaxBasketRiskPct"": 1.0, ""AddMinSec"": 30, ""Session"": ""london_1013"", ""ZEntry"": 1.0, ""ZEmaBars"": 30, ""NewsBeforeMin"": 30, ""NewsAfterMin"": 60, ""NewsCloseMode"": 0, ""DailyLossPct"": 3.0, ""MaxSpreadPts"": 10}"
-50.0,0.0,0.0,0.0,0.0,100.0,0.0,0.0,0.0,0.0,0.0,"{""EntryMode"": 0, ""EntryTFMin"": 1, ""GridSpacingPts"": 45, ""TP_Pips"": 3.0, ""MaxLayers"": 2, ""Ladder"": ""step2"", ""MaxHoldSec"": 900, ""StopPips"": 14.0, ""MaxBasketRiskPct"": 1.0, ""AddMinSec"": 0, ""Session"": ""asia_0309"", ""ZEntry"": 1.75, ""ZEmaBars"": 30, ""NewsBeforeMin"": 30, ""NewsAfterMin"": 60, ""NewsCloseMode"": 0, ""DailyLossPct"": 5.0, ""MaxSpreadPts"": 0}"
-50.0,0.0,0.0,0.0,0.0,100.0,0.0,0.0,0.0,0.0,0.0,"{""EntryMode"": 0, ""EntryTFMin"": 1, ""GridSpacingPts"": 15, ""TP_Pips"": 6.5, ""MaxLayers"": 6, ""Ladder"": ""step2"", ""MaxHoldSec"": 60, ""StopPips"": 24.0, ""MaxBasketRiskPct"": 1.0, ""AddMinSec"": 0, ""Session"": ""allday_0123"", ""ZEntry"": 3.0, ""ZEmaBars"": 90, ""NewsBeforeMin"": 60, ""NewsAfterMin"": 30, ""NewsCloseMode"": 0, ""DailyLossPct"": 8.0, ""MaxSpreadPts"": 10}"
-50.0,-1.5744739344146441,8.418139617927938,0.0,0.0,92.37599999999665,0.0869746372925115,501.0270773967107,79.0,4.0,30.0,"{""EntryMode"": 1, ""EntryTFMin"": 1, ""GridSpacingPts"": 120, ""TP_Pips"": 8.0, ""MaxLayers"": 6, ""Ladder"": ""step1"", ""MaxHoldSec"": 600, ""StopPips"": 27.0, ""MaxBasketRiskPct"": 3.0, ""AddMinSec"": 60, ""Session"": ""lateny_1923"", ""ZEntry"": 2.25, ""ZEmaBars"": 60, ""NewsBeforeMin"": 30, ""NewsAfterMin"": 30, ""NewsCloseMode"": 0, ""DailyLossPct"": 8.0, ""MaxSpreadPts"": 0}"
-50.0,-1.4434768394988473,12.550143808656703,0.0,0.0,92.99200000000214,0.10236837840623034,747.5185821677596,99.0,1.0,33.0,"{""EntryMode"": 1, ""EntryTFMin"": 1, ""GridSpacingPts"": 115, ""TP_Pips"": 7.5, ""MaxLayers"": 4, ""Ladder"": ""step1"", ""MaxHoldSec"": 900, ""StopPips"": 27.0, ""MaxBasketRiskPct"": 3.0, ""AddMinSec"": 60, ""Session"": ""lateny_1923"", ""ZEntry"": 1.75, ""ZEmaBars"": 120, ""NewsBeforeMin"": 30, ""NewsAfterMin"": 60, ""NewsCloseMode"": 0, ""DailyLossPct"": 8.0, ""MaxSpreadPts"": 0}"
-50.0,-3.2782839627949034,21.452429994991153,0.0,0.0,84.65699999999913,0.1831855192532543,582.7252921791078,229.0,2.0,7.0,"{""EntryMode"": 1, ""EntryTFMin"": 1, ""GridSpacingPts"": 120, ""TP_Pips"": 13.5, ""MaxLayers"": 3, ""Ladder"": ""step1"", ""MaxHoldSec"": 600, ""StopPips"": 25.0, ""MaxBasketRiskPct"": 3.0, ""AddMinSec"": 60, ""Session"": ""lateny_1923"", ""ZEntry"": 1.75, ""ZEmaBars"": 120, ""NewsBeforeMin"": 30, ""NewsAfterMin"": 60, ""NewsCloseMode"": 2, ""DailyLossPct"": 8.0, ""MaxSpreadPts"": 0}"
-50.0,0.0,0.0,0.0,0.0,100.0,0.0,0.0,0.0,0.0,0.0,"{""EntryMode"": 0, ""EntryTFMin"": 1, ""GridSpacingPts"": 10, ""TP_Pips"": 3.0, ""MaxLayers"": 4, ""Ladder"": ""step1"", ""MaxHoldSec"": 60, ""StopPips"": 20.0, ""MaxBasketRiskPct"": 2.0, ""AddMinSec"": 30, ""Session"": ""london_1013"", ""ZEntry"": 3.0, ""ZEmaBars"": 60, ""NewsBeforeMin"": 60, ""NewsAfterMin"": 60, ""NewsCloseMode"": 0, ""DailyLossPct"": 3.0, ""MaxSpreadPts"": 0}"
-50.0,-1.5416593072309248,15.029826190063499,0.0,0.0,92.52999999999776,0.17010083930659325,550.9116233289241,188.0,1.0,32.0,"{""EntryMode"": 1, ""EntryTFMin"": 1, ""GridSpacingPts"": 95, ""TP_Pips"": 8.5, ""MaxLayers"": 6, ""Ladder"": ""step1"", ""MaxHoldSec"": 600, ""StopPips"": 27.0, ""MaxBasketRiskPct"": 3.0, ""AddMinSec"": 60, ""Session"": ""lateny_1923"", ""ZEntry"": 1.75, ""ZEmaBars"": 120, ""NewsBeforeMin"": 60, ""NewsAfterMin"": 60, ""NewsCloseMode"": 0, ""DailyLossPct"": 8.0, ""MaxSpreadPts"": 0}"
-50.0,-1.44284056727082,16.910987671048467,0.0,0.0,92.99499999999891,0.1816461451418824,1373.892262652404,151.0,8.0,77.0,"{""EntryMode"": 1, ""EntryTFMin"": 1, ""GridSpacingPts"": 125, ""TP_Pips"": 9.0, ""MaxLayers"": 5, ""Ladder"": ""step2"", ""MaxHoldSec"": 1800, ""StopPips"": 27.0, ""MaxBasketRiskPct"": 3.0, ""AddMinSec"": 60, ""Session"": ""lateny_1923"", ""ZEntry"": 2.0, ""ZEmaBars"": 120, ""NewsBeforeMin"": 30, ""NewsAfterMin"": 30, ""NewsCloseMode"": 2, ""DailyLossPct"": 8.0, ""MaxSpreadPts"": 0}"
-50.0,0.0,0.0,0.0,0.0,100.0,0.0,0.0,0.0,0.0,0.0,"{""EntryMode"": 1, ""EntryTFMin"": 1, ""GridSpacingPts"": 115, ""TP_Pips"": 15.0, ""MaxLayers"": 5, ""Ladder"": ""step1"", ""MaxHoldSec"": 600, ""StopPips"": 27.0, ""MaxBasketRiskPct"": 1.0, ""AddMinSec"": 30, ""Session"": ""lateny_1923"", ""ZEntry"": 2.0, ""ZEmaBars"": 60, ""NewsBeforeMin"": 30, ""NewsAfterMin"": 60, ""NewsCloseMode"": 2, ""DailyLossPct"": 8.0, ""MaxSpreadPts"": 0}"
-50.0,-1.6398070961998412,15.019744526227342,0.0,0.0,92.06999999999682,0.16933115225090734,586.3948464891185,213.0,1.0,6.0,"{""EntryMode"": 1, ""EntryTFMin"": 1, ""GridSpacingPts"": 120, ""TP_Pips"": 14.0, ""MaxLayers"": 5, ""Ladder"": ""step1"", ""MaxHoldSec"": 600, ""StopPips"": 27.0, ""MaxBasketRiskPct"": 3.0, ""AddMinSec"": 30, ""Session"": ""lateny_1923"", ""ZEntry"": 1.75, ""ZEmaBars"": 120, ""NewsBeforeMin"": 30, ""NewsAfterMin"": 60, ""NewsCloseMode"": 2, ""DailyLossPct"": 8.0, ""MaxSpreadPts"": 0}"
-50.0,-1.7725008004522258,8.879277699160713,0.0,0.0,91.45100000000016,0.005387809389801597,1456.0277443953923,5.0,2.0,0.0,"{""EntryMode"": 1, ""EntryTFMin"": 1, ""GridSpacingPts"": 100, ""TP_Pips"": 14.0, ""MaxLayers"": 3, ""Ladder"": ""step1"", ""MaxHoldSec"": 1800, ""StopPips"": 27.0, ""MaxBasketRiskPct"": 3.0, ""AddMinSec"": 60, ""Session"": ""lateny_1923"", ""ZEntry"": 2.0, ""ZEmaBars"": 30, ""NewsBeforeMin"": 30, ""NewsAfterMin"": 60, ""NewsCloseMode"": 2, ""DailyLossPct"": 8.0, ""MaxSpreadPts"": 0}"
-50.0,-0.7504080848917627,5.68068586537257,0.0,0.0,96.30599999999981,0.005387809389801597,552.3536677701131,6.0,1.0,0.0,"{""EntryMode"": 1, ""EntryTFMin"": 1, ""GridSpacingPts"": 120, ""TP_Pips"": 15.0, ""MaxLayers"": 3, ""Ladder"": ""step1"", ""MaxHoldSec"": 600, ""StopPips"": 28.0, ""MaxBasketRiskPct"": 3.0, ""AddMinSec"": 30, ""Session"": ""lateny_1923"", ""ZEntry"": 2.0, ""ZEmaBars"": 30, ""NewsBeforeMin"": 30, ""NewsAfterMin"": 60, ""NewsCloseMode"": 2, ""DailyLossPct"": 8.0, ""MaxSpreadPts"": 0}"
-50.0,-0.07535801359587202,1.2436550744501795,0.0,0.0,99.62400000000017,0.003848435278429712,600.0,5.0,0.0,0.0,"{""EntryMode"": 1, ""EntryTFMin"": 1, ""GridSpacingPts"": 125, ""TP_Pips"": 14.0, ""MaxLayers"": 6, ""Ladder"": ""step1"", ""MaxHoldSec"": 600, ""StopPips"": 29.0, ""MaxBasketRiskPct"": 3.0, ""AddMinSec"": 30, ""Session"": ""lateny_1923"", ""ZEntry"": 1.75, ""ZEmaBars"": 120, ""NewsBeforeMin"": 30, ""NewsAfterMin"": 60, ""NewsCloseMode"": 2, ""DailyLossPct"": 8.0, ""MaxSpreadPts"": 0}"
-50.0,-0.06933706231098125,0.7860270720486726,0.0,0.0,99.6540000000004,0.005387809389801597,120.0,7.0,0.0,0.0,"{""EntryMode"": 1, ""EntryTFMin"": 1, ""GridSpacingPts"": 120, ""TP_Pips"": 8.0, ""MaxLayers"": 5, ""Ladder"": ""step1"", ""MaxHoldSec"": 120, ""StopPips"": 29.0, ""MaxBasketRiskPct"": 3.0, ""AddMinSec"": 60, ""Session"": ""lateny_1923"", ""ZEntry"": 2.0, ""ZEmaBars"": 120, ""NewsBeforeMin"": 30, ""NewsAfterMin"": 30, ""NewsCloseMode"": 0, ""DailyLossPct"": 8.0, ""MaxSpreadPts"": 0}"
-50.0,-3.692679773065388,19.102621057313545,0.0,0.0,82.85999999999395,0.05541746800938785,742.3296032349268,49.0,17.0,6.0,"{""EntryMode"": 1, ""EntryTFMin"": 1, ""GridSpacingPts"": 35, ""TP_Pips"": 11.0, ""MaxLayers"": 5, ""Ladder"": ""step1"", ""MaxHoldSec"": 900, ""StopPips"": 13.0, ""MaxBasketRiskPct"": 3.0, ""AddMinSec"": 0, ""Session"": ""london_1013"", ""ZEntry"": 2.75, ""ZEmaBars"": 60, ""NewsBeforeMin"": 30, ""NewsAfterMin"": 60, ""NewsCloseMode"": 2, ""DailyLossPct"": 5.0, ""MaxSpreadPts"": 10}"
-50.0,-0.975278707814764,5.188956501409874,0.0,0.0,95.22056630995141,0.03155716928312364,34.20899051573219,41.0,0.0,0.0,"{""EntryMode"": 1, ""EntryTFMin"": 5, ""GridSpacingPts"": 110, ""TP_Pips"": 9.5, ""MaxLayers"": 6, ""Ladder"": ""flat"", ""MaxHoldSec"": 30, ""StopPips"": 11.0, ""MaxBasketRiskPct"": 3.0, ""AddMinSec"": 15, ""Session"": ""asia_0309"", ""ZEntry"": 2.5, ""ZEmaBars"": 60, ""NewsBeforeMin"": 30, ""NewsAfterMin"": 60, ""NewsCloseMode"": 0, ""DailyLossPct"": 3.0, ""MaxSpreadPts"": 0}"
-50.0,0.0,0.0,0.0,0.0,100.0,0.0,0.0,0.0,0.0,0.0,"{""EntryMode"": 1, ""EntryTFMin"": 5, ""GridSpacingPts"": 15, ""TP_Pips"": 7.5, ""MaxLayers"": 3, ""Ladder"": ""step1"", ""MaxHoldSec"": 120, ""StopPips"": 30.0, ""MaxBasketRiskPct"": 2.0, ""AddMinSec"": 0, ""Session"": ""asia_0109"", ""ZEntry"": 1.5, ""ZEmaBars"": 30, ""NewsBeforeMin"": 15, ""NewsAfterMin"": 30, ""NewsCloseMode"": 2, ""DailyLossPct"": 5.0, ""MaxSpreadPts"": 0}"
-50.0,0.0,0.0,0.0,0.0,100.0,0.0,0.0,0.0,0.0,0.0,"{""EntryMode"": 1, ""EntryTFMin"": 1, ""GridSpacingPts"": 35, ""TP_Pips"": 1.0, ""MaxLayers"": 2, ""Ladder"": ""flat"", ""MaxHoldSec"": 60, ""StopPips"": 30.0, ""MaxBasketRiskPct"": 1.0, ""AddMinSec"": 30, ""Session"": ""asia_0109"", ""ZEntry"": 2.0, ""ZEmaBars"": 120, ""NewsBeforeMin"": 60, ""NewsAfterMin"": 60, ""NewsCloseMode"": 2, ""DailyLossPct"": 8.0, ""MaxSpreadPts"": 10}"
-50.0,0.0,0.0,0.0,0.0,100.0,0.0,0.0,0.0,0.0,0.0,"{""EntryMode"": 0, ""EntryTFMin"": 5, ""GridSpacingPts"": 30, ""TP_Pips"": 6.5, ""MaxLayers"": 2, ""Ladder"": ""step1"", ""MaxHoldSec"": 600, ""StopPips"": 15.0, ""MaxBasketRiskPct"": 1.0, ""AddMinSec"": 0, ""Session"": ""london_1013"", ""ZEntry"": 1.75, ""ZEmaBars"": 60, ""NewsBeforeMin"": 30, ""NewsAfterMin"": 30, ""NewsCloseMode"": 2, ""DailyLossPct"": 5.0, ""MaxSpreadPts"": 0}"
-50.0,0.0,0.0,0.0,0.0,100.0,0.0,0.0,0.0,0.0,0.0,"{""EntryMode"": 1, ""EntryTFMin"": 5, ""GridSpacingPts"": 95, ""TP_Pips"": 11.0, ""MaxLayers"": 1, ""Ladder"": ""flat"", ""MaxHoldSec"": 30, ""StopPips"": 21.0, ""MaxBasketRiskPct"": 1.0, ""AddMinSec"": 15, ""Session"": ""asia_0309"", ""ZEntry"": 3.0, ""ZEmaBars"": 30, ""NewsBeforeMin"": 60, ""NewsAfterMin"": 15, ""NewsCloseMode"": 2, ""DailyLossPct"": 5.0, ""MaxSpreadPts"": 0}"
-50.0,0.0,0.0,0.0,0.0,100.0,0.0,0.0,0.0,0.0,0.0,"{""EntryMode"": 1, ""EntryTFMin"": 5, ""GridSpacingPts"": 50, ""TP_Pips"": 10.0, ""MaxLayers"": 3, ""Ladder"": ""flat"", ""MaxHoldSec"": 120, ""StopPips"": 19.0, ""MaxBasketRiskPct"": 1.0, ""AddMinSec"": 0, ""Session"": ""ny_1519"", ""ZEntry"": 1.0, ""ZEmaBars"": 60, ""NewsBeforeMin"": 30, ""NewsAfterMin"": 15, ""NewsCloseMode"": 0, ""DailyLossPct"": 3.0, ""MaxSpreadPts"": 0}"
-50.0,-0.9090967929007654,13.007365759714137,0.0,0.0,95.53900000000073,0.12622867713249455,584.5766725986325,159.0,1.0,4.0,"{""EntryMode"": 1, ""EntryTFMin"": 1, ""GridSpacingPts"": 125, ""TP_Pips"": 14.0, ""MaxLayers"": 5, ""Ladder"": ""step1"", ""MaxHoldSec"": 600, ""StopPips"": 28.0, ""MaxBasketRiskPct"": 3.0, ""AddMinSec"": 30, ""Session"": ""lateny_1923"", ""ZEntry"": 2.0, ""ZEmaBars"": 120, ""NewsBeforeMin"": 30, ""NewsAfterMin"": 60, ""NewsCloseMode"": 2, ""DailyLossPct"": 8.0, ""MaxSpreadPts"": 0}"
-50.0,-4.506138605021781,21.17781488229427,0.0,0.0,79.4212337246004,0.013854367002346962,1044.3871212124825,8.0,8.0,2.0,"{""EntryMode"": 1, ""EntryTFMin"": 1, ""GridSpacingPts"": 20, ""TP_Pips"": 14.0, ""MaxLayers"": 5, ""Ladder"": ""flat"", ""MaxHoldSec"": 1800, ""StopPips"": 13.0, ""MaxBasketRiskPct"": 5.0, ""AddMinSec"": 60, ""Session"": ""asia_0309"", ""ZEntry"": 2.5, ""ZEmaBars"": 30, ""NewsBeforeMin"": 15, ""NewsAfterMin"": 15, ""NewsCloseMode"": 0, ""DailyLossPct"": 5.0, ""MaxSpreadPts"": 0}"
-50.0,0.0,0.0,0.0,0.0,100.0,0.0,0.0,0.0,0.0,0.0,"{""EntryMode"": 1, ""EntryTFMin"": 5, ""GridSpacingPts"": 50, ""TP_Pips"": 5.0, ""MaxLayers"": 3, ""Ladder"": ""step1"", ""MaxHoldSec"": 60, ""StopPips"": 24.0, ""MaxBasketRiskPct"": 2.0, ""AddMinSec"": 15, ""Session"": ""lateny_1923"", ""ZEntry"": 2.5, ""ZEmaBars"": 30, ""NewsBeforeMin"": 15, ""NewsAfterMin"": 60, ""NewsCloseMode"": 2, ""DailyLossPct"": 5.0, ""MaxSpreadPts"": 10}"
-50.0,-0.5249873110606762,2.595999999999407,0.0,0.0,97.4040000000006,0.0030787482227437697,177.15475010871887,1.0,1.0,2.0,"{""EntryMode"": 0, ""EntryTFMin"": 5, ""GridSpacingPts"": 130, ""TP_Pips"": 7.0, ""MaxLayers"": 6, ""Ladder"": ""flat"", ""MaxHoldSec"": 300, ""StopPips"": 29.0, ""MaxBasketRiskPct"": 3.0, ""AddMinSec"": 30, ""Session"": ""lateny_1923"", ""ZEntry"": 2.5, ""ZEmaBars"": 60, ""NewsBeforeMin"": 15, ""NewsAfterMin"": 15, ""NewsCloseMode"": 2, ""DailyLossPct"": 5.0, ""MaxSpreadPts"": 10}"
-50.0,0.0,0.0,0.0,0.0,100.0,0.0,0.0,0.0,0.0,0.0,"{""EntryMode"": 1, ""EntryTFMin"": 1, ""GridSpacingPts"": 130, ""TP_Pips"": 10.5, ""MaxLayers"": 5, ""Ladder"": ""flat"", ""MaxHoldSec"": 30, ""StopPips"": 18.0, ""MaxBasketRiskPct"": 1.0, ""AddMinSec"": 30, ""Session"": ""lateny_1923"", ""ZEntry"": 1.0, ""ZEmaBars"": 120, ""NewsBeforeMin"": 60, ""NewsAfterMin"": 15, ""NewsCloseMode"": 0, ""DailyLossPct"": 8.0, ""MaxSpreadPts"": 0}"
-50.0,-0.1284728824886061,0.673851581565188,0.0,0.0,99.35966260763003,0.002309061167057827,32.91507840156555,3.0,0.0,0.0,"{""EntryMode"": 1, ""EntryTFMin"": 1, ""GridSpacingPts"": 35, ""TP_Pips"": 5.0, ""MaxLayers"": 1, ""Ladder"": ""step2"", ""MaxHoldSec"": 30, ""StopPips"": 19.0, ""MaxBasketRiskPct"": 2.0, ""AddMinSec"": 60, ""Session"": ""allday_0123"", ""ZEntry"": 3.0, ""ZEmaBars"": 90, ""NewsBeforeMin"": 15, ""NewsAfterMin"": 15, ""NewsCloseMode"": 0, ""DailyLossPct"": 5.0, ""MaxSpreadPts"": 10}"
-50.0,-0.11633898841252321,0.7080865683267192,0.0,0.0,99.42000000000019,0.0015393741113718848,31.37391936779022,0.0,2.0,0.0,"{""EntryMode"": 1, ""EntryTFMin"": 5, ""GridSpacingPts"": 25, ""TP_Pips"": 8.5, ""MaxLayers"": 4, ""Ladder"": ""step1"", ""MaxHoldSec"": 300, ""StopPips"": 2.0, ""MaxBasketRiskPct"": 1.0, ""AddMinSec"": 60, ""Session"": ""asia_0309"", ""ZEntry"": 2.75, ""ZEmaBars"": 30, ""NewsBeforeMin"": 60, ""NewsAfterMin"": 60, ""NewsCloseMode"": 2, ""DailyLossPct"": 5.0, ""MaxSpreadPts"": 10}"
-50.0,-4.484789468656558,20.98292087837334,0.0,0.0,79.5099999999813,0.11699243246426325,292.907203729691,147.0,2.0,3.0,"{""EntryMode"": 1, ""EntryTFMin"": 5, ""GridSpacingPts"": 100, ""TP_Pips"": 13.5, ""MaxLayers"": 4, ""Ladder"": ""step1"", ""MaxHoldSec"": 300, ""StopPips"": 23.0, ""MaxBasketRiskPct"": 3.0, ""AddMinSec"": 30, ""Session"": ""london_1013"", ""ZEntry"": 1.0, ""ZEmaBars"": 60, ""NewsBeforeMin"": 30, ""NewsAfterMin"": 60, ""NewsCloseMode"": 2, ""DailyLossPct"": 5.0, ""MaxSpreadPts"": 10}"
-50.0,0.0,0.0,0.0,0.0,100.0,0.0,0.0,0.0,0.0,0.0,"{""EntryMode"": 0, ""EntryTFMin"": 1, ""GridSpacingPts"": 25, ""TP_Pips"": 2.5, ""MaxLayers"": 5, ""Ladder"": ""flat"", ""MaxHoldSec"": 600, ""StopPips"": 20.0, ""MaxBasketRiskPct"": 2.0, ""AddMinSec"": 15, ""Session"": ""london_1013"", ""ZEntry"": 2.25, ""ZEmaBars"": 30, ""NewsBeforeMin"": 60, ""NewsAfterMin"": 15, ""NewsCloseMode"": 2, ""DailyLossPct"": 5.0, ""MaxSpreadPts"": 10}"
-50.0,-2.6769390933483295,13.98431832410418,0.0,0.0,87.32000000000359,0.09467150784937091,233.7905055294192,76.0,39.0,8.0,"{""EntryMode"": 1, ""EntryTFMin"": 5, ""GridSpacingPts"": 60, ""TP_Pips"": 10.5, ""MaxLayers"": 6, ""Ladder"": ""flat"", ""MaxHoldSec"": 300, ""StopPips"": 6.0, ""MaxBasketRiskPct"": 2.0, ""AddMinSec"": 60, ""Session"": ""lateny_1923"", ""ZEntry"": 2.75, ""ZEmaBars"": 120, ""NewsBeforeMin"": 30, ""NewsAfterMin"": 15, ""NewsCloseMode"": 2, ""DailyLossPct"": 3.0, ""MaxSpreadPts"": 0}"
-50.0,-4.616031239319007,21.87846527627451,0.0,0.0,78.96557109554234,0.03155716928312364,826.3227858164091,33.0,4.0,4.0,"{""EntryMode"": 1, ""EntryTFMin"": 5, ""GridSpacingPts"": 90, ""TP_Pips"": 13.5, ""MaxLayers"": 4, ""Ladder"": ""step1"", ""MaxHoldSec"": 900, ""StopPips"": 23.0, ""MaxBasketRiskPct"": 3.0, ""AddMinSec"": 0, ""Session"": ""ny_1519"", ""ZEntry"": 1.5, ""ZEmaBars"": 30, ""NewsBeforeMin"": 30, ""NewsAfterMin"": 30, ""NewsCloseMode"": 0, ""DailyLossPct"": 5.0, ""MaxSpreadPts"": 10}"
-50.0,0.0,0.0,0.0,0.0,100.0,0.0,0.0,0.0,0.0,0.0,"{""EntryMode"": 1, ""EntryTFMin"": 1, ""GridSpacingPts"": 120, ""TP_Pips"": 8.0, ""MaxLayers"": 6, ""Ladder"": ""step1"", ""MaxHoldSec"": 900, ""StopPips"": 27.0, ""MaxBasketRiskPct"": 1.0, ""AddMinSec"": 60, ""Session"": ""lateny_1923"", ""ZEntry"": 2.0, ""ZEmaBars"": 120, ""NewsBeforeMin"": 30, ""NewsAfterMin"": 30, ""NewsCloseMode"": 0, ""DailyLossPct"": 8.0, ""MaxSpreadPts"": 10}"
-50.0,-2.3402488797217735,11.160000000016225,0.0,0.0,88.83999999998377,0.09390182079368498,62.01275516325428,122.0,0.0,0.0,"{""EntryMode"": 0, ""EntryTFMin"": 5, ""GridSpacingPts"": 125, ""TP_Pips"": 8.5, ""MaxLayers"": 3, ""Ladder"": ""step2"", ""MaxHoldSec"": 60, ""StopPips"": 8.0, ""MaxBasketRiskPct"": 1.0, ""AddMinSec"": 60, ""Session"": ""ny_1519"", ""ZEntry"": 1.75, ""ZEmaBars"": 30, ""NewsBeforeMin"": 30, ""NewsAfterMin"": 15, ""NewsCloseMode"": 0, ""DailyLossPct"": 8.0, ""MaxSpreadPts"": 10}"
-50.0,0.0,0.0,0.0,0.0,100.0,0.0,0.0,0.0,0.0,0.0,"{""EntryMode"": 1, ""EntryTFMin"": 1, ""GridSpacingPts"": 105, ""TP_Pips"": 5.0, ""MaxLayers"": 2, ""Ladder"": ""step1"", ""MaxHoldSec"": 900, ""StopPips"": 27.0, ""MaxBasketRiskPct"": 2.0, ""AddMinSec"": 30, ""Session"": ""asia_0109"", ""ZEntry"": 2.0, ""ZEmaBars"": 120, ""NewsBeforeMin"": 15, ""NewsAfterMin"": 15, ""NewsCloseMode"": 0, ""DailyLossPct"": 5.0, ""MaxSpreadPts"": 0}"
-50.0,-2.221744295213768,10.620000000015139,0.0,0.0,89.37999999998486,0.08774432434819743,32.62547009274111,114.0,0.0,0.0,"{""EntryMode"": 0, ""EntryTFMin"": 5, ""GridSpacingPts"": 125, ""TP_Pips"": 14.0, ""MaxLayers"": 1, ""Ladder"": ""step1"", ""MaxHoldSec"": 30, ""StopPips"": 17.0, ""MaxBasketRiskPct"": 2.0, ""AddMinSec"": 0, ""Session"": ""ny_1519"", ""ZEntry"": 2.25, ""ZEmaBars"": 60, ""NewsBeforeMin"": 15, ""NewsAfterMin"": 30, ""NewsCloseMode"": 0, ""DailyLossPct"": 5.0, ""MaxSpreadPts"": 0}"
-50.0,-2.30925055588197,13.783948763165487,0.0,0.0,88.98100000000063,0.17164021341796515,544.0243872568525,183.0,3.0,37.0,"{""EntryMode"": 1, ""EntryTFMin"": 1, ""GridSpacingPts"": 105, ""TP_Pips"": 7.5, ""MaxLayers"": 3, ""Ladder"": ""step1"", ""MaxHoldSec"": 600, ""StopPips"": 26.0, ""MaxBasketRiskPct"": 3.0, ""AddMinSec"": 30, ""Session"": ""lateny_1923"", ""ZEntry"": 2.25, ""ZEmaBars"": 120, ""NewsBeforeMin"": 15, ""NewsAfterMin"": 60, ""NewsCloseMode"": 0, ""DailyLossPct"": 8.0, ""MaxSpreadPts"": 0}"
-50.0,0.0,0.0,0.0,0.0,100.0,0.0,0.0,0.0,0.0,0.0,"{""EntryMode"": 1, ""EntryTFMin"": 1, ""GridSpacingPts"": 105, ""TP_Pips"": 9.0, ""MaxLayers"": 3, ""Ladder"": ""step1"", ""MaxHoldSec"": 600, ""StopPips"": 25.0, ""MaxBasketRiskPct"": 2.0, ""AddMinSec"": 30, ""Session"": ""ny_1519"", ""ZEntry"": 2.0, ""ZEmaBars"": 120, ""NewsBeforeMin"": 60, ""NewsAfterMin"": 60, ""NewsCloseMode"": 0, ""DailyLossPct"": 8.0, ""MaxSpreadPts"": 0}"
-50.0,-2.652639480593566,13.594900429913718,0.0,0.0,87.42899999999185,0.07619901851290829,581.4158513353328,92.0,3.0,4.0,"{""EntryMode"": 1, ""EntryTFMin"": 1, ""GridSpacingPts"": 115, ""TP_Pips"": 13.5, ""MaxLayers"": 2, ""Ladder"": ""step1"", ""MaxHoldSec"": 600, ""StopPips"": 26.0, ""MaxBasketRiskPct"": 3.0, ""AddMinSec"": 60, ""Session"": ""allday_0123"", ""ZEntry"": 2.0, ""ZEmaBars"": 120, ""NewsBeforeMin"": 30, ""NewsAfterMin"": 60, ""NewsCloseMode"": 2, ""DailyLossPct"": 8.0, ""MaxSpreadPts"": 0}"
-50.0,-1.4588019610729308,16.611986462907012,0.0,0.0,92.91976600248374,0.11391368424151947,1205.3017047228132,79.0,5.0,64.0,"{""EntryMode"": 1, ""EntryTFMin"": 1, ""GridSpacingPts"": 115, ""TP_Pips"": 8.0, ""MaxLayers"": 6, ""Ladder"": ""step1"", ""MaxHoldSec"": 1800, ""StopPips"": 27.0, ""MaxBasketRiskPct"": 3.0, ""AddMinSec"": 60, ""Session"": ""lateny_1923"", ""ZEntry"": 2.0, ""ZEmaBars"": 120, ""NewsBeforeMin"": 30, ""NewsAfterMin"": 30, ""NewsCloseMode"": 0, ""DailyLossPct"": 3.0, ""MaxSpreadPts"": 0}"
-50.0,-0.9385876424603423,12.827371410251109,0.0,0.0,95.39700000000092,0.11776211951994918,523.6794153422117,120.0,1.0,32.0,"{""EntryMode"": 1, ""EntryTFMin"": 1, ""GridSpacingPts"": 115, ""TP_Pips"": 7.0, ""MaxLayers"": 6, ""Ladder"": ""step1"", ""MaxHoldSec"": 600, ""StopPips"": 28.0, ""MaxBasketRiskPct"": 3.0, ""AddMinSec"": 60, ""Session"": ""lateny_1923"", ""ZEntry"": 2.0, ""ZEmaBars"": 120, ""NewsBeforeMin"": 30, ""NewsAfterMin"": 30, ""NewsCloseMode"": 0, ""DailyLossPct"": 8.0, ""MaxSpreadPts"": 10}"
-50.0,-2.087693956018455,11.374169246852372,0.0,0.0,89.99399999999632,0.06311433856624728,694.3020978983711,52.0,20.0,10.0,"{""EntryMode"": 1, ""EntryTFMin"": 5, ""GridSpacingPts"": 30, ""TP_Pips"": 13.5, ""MaxLayers"": 1, ""Ladder"": ""step2"", ""MaxHoldSec"": 900, ""StopPips"": 12.0, ""MaxBasketRiskPct"": 2.0, ""AddMinSec"": 30, ""Session"": ""lateny_1923"", ""ZEntry"": 2.5, ""ZEmaBars"": 90, ""NewsBeforeMin"": 15, ""NewsAfterMin"": 15, ""NewsCloseMode"": 0, ""DailyLossPct"": 5.0, ""MaxSpreadPts"": 10}"
-50.0,-1.4532350702820773,8.515915667632365,0.0,0.0,92.94599999999956,0.09775025607211468,338.6810518087764,48.0,1.0,78.0,"{""EntryMode"": 1, ""EntryTFMin"": 1, ""GridSpacingPts"": 110, ""TP_Pips"": 2.5, ""MaxLayers"": 3, ""Ladder"": ""step1"", ""MaxHoldSec"": 600, ""StopPips"": 27.0, ""MaxBasketRiskPct"": 3.0, ""AddMinSec"": 30, ""Session"": ""lateny_1923"", ""ZEntry"": 2.0, ""ZEmaBars"": 120, ""NewsBeforeMin"": 15, ""NewsAfterMin"": 60, ""NewsCloseMode"": 0, ""DailyLossPct"": 8.0, ""MaxSpreadPts"": 0}"
-50.0,0.0,0.0,0.0,0.0,100.0,0.0,0.0,0.0,0.0,0.0,"{""EntryMode"": 0, ""EntryTFMin"": 5, ""GridSpacingPts"": 90, ""TP_Pips"": 5.5, ""MaxLayers"": 1, ""Ladder"": ""step1"", ""MaxHoldSec"": 30, ""StopPips"": 15.0, ""MaxBasketRiskPct"": 1.0, ""AddMinSec"": 30, ""Session"": ""asia_0309"", ""ZEntry"": 2.0, ""ZEmaBars"": 30, ""NewsBeforeMin"": 30, ""NewsAfterMin"": 60, ""NewsCloseMode"": 2, ""DailyLossPct"": 3.0, ""MaxSpreadPts"": 0}"
-50.0,0.0,0.0,0.0,0.0,100.0,0.0,0.0,0.0,0.0,0.0,"{""EntryMode"": 0, ""EntryTFMin"": 1, ""GridSpacingPts"": 120, ""TP_Pips"": 3.5, ""MaxLayers"": 1, ""Ladder"": ""step2"", ""MaxHoldSec"": 30, ""StopPips"": 10.0, ""MaxBasketRiskPct"": 1.0, ""AddMinSec"": 0, ""Session"": ""lateny_1923"", ""ZEntry"": 2.5, ""ZEmaBars"": 90, ""NewsBeforeMin"": 15, ""NewsAfterMin"": 30, ""NewsCloseMode"": 0, ""DailyLossPct"": 3.0, ""MaxSpreadPts"": 10}"
-50.0,0.060961866364284134,5.478135987719073,0.0,0.0,100.3049999999988,0.01924217639214856,749.2469562339783,17.0,3.0,5.0,"{""EntryMode"": 1, ""EntryTFMin"": 5, ""GridSpacingPts"": 20, ""TP_Pips"": 14.0, ""MaxLayers"": 3, ""Ladder"": ""step1"", ""MaxHoldSec"": 900, ""StopPips"": 22.0, ""MaxBasketRiskPct"": 5.0, ""AddMinSec"": 0, ""Session"": ""lateny_1923"", ""ZEntry"": 2.75, ""ZEmaBars"": 90, ""NewsBeforeMin"": 30, ""NewsAfterMin"": 60, ""NewsCloseMode"": 2, ""DailyLossPct"": 8.0, ""MaxSpreadPts"": 0}"
-50.0,0.0,0.0,0.0,0.0,100.0,0.0,0.0,0.0,0.0,0.0,"{""EntryMode"": 1, ""EntryTFMin"": 1, ""GridSpacingPts"": 140, ""TP_Pips"": 4.5, ""MaxLayers"": 1, ""Ladder"": ""step1"", ""MaxHoldSec"": 1800, ""StopPips"": 29.0, ""MaxBasketRiskPct"": 1.0, ""AddMinSec"": 60, ""Session"": ""lateny_1923"", ""ZEntry"": 2.0, ""ZEmaBars"": 120, ""NewsBeforeMin"": 30, ""NewsAfterMin"": 15, ""NewsCloseMode"": 0, ""DailyLossPct"": 8.0, ""MaxSpreadPts"": 0}"
-50.0,-0.22595136836282004,1.1239999999981052,0.0,0.0,98.8760000000019,0.009236244668231308,33.71119709809621,12.0,0.0,0.0,"{""EntryMode"": 0, ""EntryTFMin"": 1, ""GridSpacingPts"": 130, ""TP_Pips"": 7.0, ""MaxLayers"": 1, ""Ladder"": ""step2"", ""MaxHoldSec"": 30, ""StopPips"": 9.0, ""MaxBasketRiskPct"": 1.0, ""AddMinSec"": 0, ""Session"": ""lateny_1923"", ""ZEntry"": 2.5, ""ZEmaBars"": 90, ""NewsBeforeMin"": 15, ""NewsAfterMin"": 30, ""NewsCloseMode"": 0, ""DailyLossPct"": 3.0, ""MaxSpreadPts"": 10}"
-50.0,0.0,0.0,0.0,0.0,100.0,0.0,0.0,0.0,0.0,0.0,"{""EntryMode"": 0, ""EntryTFMin"": 1, ""GridSpacingPts"": 20, ""TP_Pips"": 6.5, ""MaxLayers"": 6, ""Ladder"": ""step2"", ""MaxHoldSec"": 60, ""StopPips"": 18.0, ""MaxBasketRiskPct"": 1.0, ""AddMinSec"": 0, ""Session"": ""allday_0123"", ""ZEntry"": 3.0, ""ZEmaBars"": 90, ""NewsBeforeMin"": 60, ""NewsAfterMin"": 30, ""NewsCloseMode"": 0, ""DailyLossPct"": 8.0, ""MaxSpreadPts"": 10}"
-50.0,0.0,0.0,0.0,0.0,100.0,0.0,0.0,0.0,0.0,0.0,"{""EntryMode"": 0, ""EntryTFMin"": 1, ""GridSpacingPts"": 40, ""TP_Pips"": 1.0, ""MaxLayers"": 6, ""Ladder"": ""step2"", ""MaxHoldSec"": 600, ""StopPips"": 10.0, ""MaxBasketRiskPct"": 1.0, ""AddMinSec"": 30, ""Session"": ""asia_0309"", ""ZEntry"": 2.25, ""ZEmaBars"": 90, ""NewsBeforeMin"": 15, ""NewsAfterMin"": 30, ""NewsCloseMode"": 0, ""DailyLossPct"": 5.0, ""MaxSpreadPts"": 10}"
-50.0,0.0,0.0,0.0,0.0,100.0,0.0,0.0,0.0,0.0,0.0,"{""EntryMode"": 1, ""EntryTFMin"": 1, ""GridSpacingPts"": 35, ""TP_Pips"": 6.5, ""MaxLayers"": 6, ""Ladder"": ""step2"", ""MaxHoldSec"": 1800, ""StopPips"": 23.0, ""MaxBasketRiskPct"": 1.0, ""AddMinSec"": 15, ""Session"": ""asia_0309"", ""ZEntry"": 1.75, ""ZEmaBars"": 60, ""NewsBeforeMin"": 60, ""NewsAfterMin"": 30, ""NewsCloseMode"": 0, ""DailyLossPct"": 8.0, ""MaxSpreadPts"": 0}"
-50.0,-3.316496689471249,15.51000000002101,0.0,0.0,84.48999999997899,0.12314992890975078,291.18033260852104,150.0,4.0,6.0,"{""EntryMode"": 0, ""EntryTFMin"": 5, ""GridSpacingPts"": 150, ""TP_Pips"": 12.5, ""MaxLayers"": 2, ""Ladder"": ""flat"", ""MaxHoldSec"": 300, ""StopPips"": 16.0, ""MaxBasketRiskPct"": 2.0, ""AddMinSec"": 15, ""Session"": ""london_1013"", ""ZEntry"": 2.5, ""ZEmaBars"": 60, ""NewsBeforeMin"": 15, ""NewsAfterMin"": 15, ""NewsCloseMode"": 2, ""DailyLossPct"": 8.0, ""MaxSpreadPts"": 0}"
-50.0,-2.4991545355916855,13.49452427802403,0.0,0.0,88.11999999999479,0.08774432434819743,207.26149013560743,16.0,11.0,87.0,"{""EntryMode"": 1, ""EntryTFMin"": 5, ""GridSpacingPts"": 75, ""TP_Pips"": 1.5, ""MaxLayers"": 1, ""Ladder"": ""flat"", ""MaxHoldSec"": 600, ""StopPips"": 11.0, ""MaxBasketRiskPct"": 3.0, ""AddMinSec"": 15, ""Session"": ""lateny_1923"", ""ZEntry"": 2.0, ""ZEmaBars"": 60, ""NewsBeforeMin"": 15, ""NewsAfterMin"": 30, ""NewsCloseMode"": 2, ""DailyLossPct"": 5.0, ""MaxSpreadPts"": 0}"
-50.0,0.0,0.0,0.0,0.0,100.0,0.0,0.0,0.0,0.0,0.0,"{""EntryMode"": 0, ""EntryTFMin"": 1, ""GridSpacingPts"": 30, ""TP_Pips"": 7.0, ""MaxLayers"": 2, ""Ladder"": ""step2"", ""MaxHoldSec"": 600, ""StopPips"": 30.0, ""MaxBasketRiskPct"": 2.0, ""AddMinSec"": 30, ""Session"": ""lateny_1923"", ""ZEntry"": 1.5, ""ZEmaBars"": 90, ""NewsBeforeMin"": 30, ""NewsAfterMin"": 30, ""NewsCloseMode"": 2, ""DailyLossPct"": 8.0, ""MaxSpreadPts"": 10}"
-50.0,0.0,0.0,0.0,0.0,100.0,0.0,0.0,0.0,0.0,0.0,"{""EntryMode"": 0, ""EntryTFMin"": 5, ""GridSpacingPts"": 55, ""TP_Pips"": 5.0, ""MaxLayers"": 4, ""Ladder"": ""step1"", ""MaxHoldSec"": 60, ""StopPips"": 22.0, ""MaxBasketRiskPct"": 1.0, ""AddMinSec"": 15, ""Session"": ""lateny_1923"", ""ZEntry"": 3.0, ""ZEmaBars"": 30, ""NewsBeforeMin"": 15, ""NewsAfterMin"": 30, ""NewsCloseMode"": 0, ""DailyLossPct"": 5.0, ""MaxSpreadPts"": 10}"
-50.0,-2.1823700303181703,10.440000000015132,0.0,0.0,89.55999999998487,0.08620495023682555,58.214775804815616,112.0,0.0,0.0,"{""EntryMode"": 0, ""EntryTFMin"": 5, ""GridSpacingPts"": 145, ""TP_Pips"": 15.0, ""MaxLayers"": 2, ""Ladder"": ""step2"", ""MaxHoldSec"": 60, ""StopPips"": 26.0, ""MaxBasketRiskPct"": 3.0, ""AddMinSec"": 0, ""Session"": ""ny_1519"", ""ZEntry"": 1.5, ""ZEmaBars"": 30, ""NewsBeforeMin"": 15, ""NewsAfterMin"": 30, ""NewsCloseMode"": 0, ""DailyLossPct"": 5.0, ""MaxSpreadPts"": 0}"
-50.0,-2.176469351321486,13.915444246845206,0.0,0.0,89.58700000000908,0.1162227454085773,1012.8193154042477,66.0,65.0,20.0,"{""EntryMode"": 1, ""EntryTFMin"": 5, ""GridSpacingPts"": 140, ""TP_Pips"": 14.5, ""MaxLayers"": 1, ""Ladder"": ""flat"", ""MaxHoldSec"": 1800, ""StopPips"": 8.0, ""MaxBasketRiskPct"": 5.0, ""AddMinSec"": 30, ""Session"": ""lateny_1923"", ""ZEntry"": 2.25, ""ZEmaBars"": 90, ""NewsBeforeMin"": 30, ""NewsAfterMin"": 60, ""NewsCloseMode"": 0, ""DailyLossPct"": 5.0, ""MaxSpreadPts"": 0}"
-50.0,0.0,0.0,0.0,0.0,100.0,0.0,0.0,0.0,0.0,0.0,"{""EntryMode"": 1, ""EntryTFMin"": 1, ""GridSpacingPts"": 20, ""TP_Pips"": 2.0, ""MaxLayers"": 6, ""Ladder"": ""step2"", ""MaxHoldSec"": 30, ""StopPips"": 30.0, ""MaxBasketRiskPct"": 2.0, ""AddMinSec"": 0, ""Session"": ""london_1013"", ""ZEntry"": 1.75, ""ZEmaBars"": 90, ""NewsBeforeMin"": 60, ""NewsAfterMin"": 60, ""NewsCloseMode"": 0, ""DailyLossPct"": 3.0, ""MaxSpreadPts"": 10}"
-50.0,0.0,0.0,0.0,0.0,100.0,0.0,0.0,0.0,0.0,0.0,"{""EntryMode"": 1, ""EntryTFMin"": 1, ""GridSpacingPts"": 65, ""TP_Pips"": 5.5, ""MaxLayers"": 3, ""Ladder"": ""flat"", ""MaxHoldSec"": 60, ""StopPips"": 26.0, ""MaxBasketRiskPct"": 3.0, ""AddMinSec"": 0, ""Session"": ""lateny_1923"", ""ZEntry"": 2.5, ""ZEmaBars"": 30, ""NewsBeforeMin"": 60, ""NewsAfterMin"": 60, ""NewsCloseMode"": 2, ""DailyLossPct"": 8.0, ""MaxSpreadPts"": 10}"
-50.0,0.0,0.0,0.0,0.0,100.0,0.0,0.0,0.0,0.0,0.0,"{""EntryMode"": 1, ""EntryTFMin"": 5, ""GridSpacingPts"": 15, ""TP_Pips"": 5.5, ""MaxLayers"": 3, ""Ladder"": ""step2"", ""MaxHoldSec"": 60, ""StopPips"": 28.0, ""MaxBasketRiskPct"": 2.0, ""AddMinSec"": 60, ""Session"": ""allday_0123"", ""ZEntry"": 1.0, ""ZEmaBars"": 120, ""NewsBeforeMin"": 15, ""NewsAfterMin"": 60, ""NewsCloseMode"": 2, ""DailyLossPct"": 8.0, ""MaxSpreadPts"": 0}"
-50.0,0.0,0.0,0.0,0.0,100.0,0.0,0.0,0.0,0.0,0.0,"{""EntryMode"": 0, ""EntryTFMin"": 5, ""GridSpacingPts"": 115, ""TP_Pips"": 12.5, ""MaxLayers"": 1, ""Ladder"": ""flat"", ""MaxHoldSec"": 30, ""StopPips"": 30.0, ""MaxBasketRiskPct"": 3.0, ""AddMinSec"": 60, ""Session"": ""lateny_1923"", ""ZEntry"": 1.0, ""ZEmaBars"": 120, ""NewsBeforeMin"": 30, ""NewsAfterMin"": 60, ""NewsCloseMode"": 0, ""DailyLossPct"": 5.0, ""MaxSpreadPts"": 0}"
-50.0,-2.959835591853466,16.085602429047015,0.0,0.0,86.05900000000048,0.15393741113718848,976.952165300096,70.0,14.0,116.0,"{""EntryMode"": 1, ""EntryTFMin"": 1, ""GridSpacingPts"": 140, ""TP_Pips"": 5.5, ""MaxLayers"": 2, ""Ladder"": ""step1"", ""MaxHoldSec"": 1800, ""StopPips"": 25.0, ""MaxBasketRiskPct"": 3.0, ""AddMinSec"": 60, ""Session"": ""lateny_1923"", ""ZEntry"": 2.5, ""ZEmaBars"": 120, ""NewsBeforeMin"": 30, ""NewsAfterMin"": 60, ""NewsCloseMode"": 0, ""DailyLossPct"": 8.0, ""MaxSpreadPts"": 0}"
-50.0,-2.243427183503477,18.051025751741896,0.0,0.0,89.28100000000211,0.11391368424151947,1209.2220764187716,73.0,7.0,68.0,"{""EntryMode"": 1, ""EntryTFMin"": 1, ""GridSpacingPts"": 105, ""TP_Pips"": 7.5, ""MaxLayers"": 4, ""Ladder"": ""step1"", ""MaxHoldSec"": 1800, ""StopPips"": 26.0, ""MaxBasketRiskPct"": 3.0, ""AddMinSec"": 60, ""Session"": ""lateny_1923"", ""ZEntry"": 1.75, ""ZEmaBars"": 120, ""NewsBeforeMin"": 30, ""NewsAfterMin"": 15, ""NewsCloseMode"": 0, ""DailyLossPct"": 8.0, ""MaxSpreadPts"": 0}"
-50.0,0.0,0.0,0.0,0.0,100.0,0.0,0.0,0.0,0.0,0.0,"{""EntryMode"": 1, ""EntryTFMin"": 1, ""GridSpacingPts"": 140, ""TP_Pips"": 7.0, ""MaxLayers"": 2, ""Ladder"": ""step1"", ""MaxHoldSec"": 1800, ""StopPips"": 26.0, ""MaxBasketRiskPct"": 1.0, ""AddMinSec"": 60, ""Session"": ""lateny_1923"", ""ZEntry"": 2.0, ""ZEmaBars"": 120, ""NewsBeforeMin"": 30, ""NewsAfterMin"": 60, ""NewsCloseMode"": 0, ""DailyLossPct"": 8.0, ""MaxSpreadPts"": 0}"
-50.0,-2.9595576495213716,19.332514994843645,0.0,0.0,86.06023172689424,0.15085866291444472,1108.1120212470012,85.0,8.0,103.0,"{""EntryMode"": 1, ""EntryTFMin"": 1, ""GridSpacingPts"": 120, ""TP_Pips"": 6.0, ""MaxLayers"": 1, ""Ladder"": ""step1"", ""MaxHoldSec"": 1800, ""StopPips"": 25.0, ""MaxBasketRiskPct"": 3.0, ""AddMinSec"": 60, ""Session"": ""lateny_1923"", ""ZEntry"": 1.5, ""ZEmaBars"": 120, ""NewsBeforeMin"": 30, ""NewsAfterMin"": 15, ""NewsCloseMode"": 0, ""DailyLossPct"": 8.0, ""MaxSpreadPts"": 0}"
-50.0,-0.8419388484425361,12.221181913311817,0.0,0.0,95.86300000000129,0.11776211951994918,535.5333942002471,124.0,1.0,28.0,"{""EntryMode"": 1, ""EntryTFMin"": 1, ""GridSpacingPts"": 130, ""TP_Pips"": 7.5, ""MaxLayers"": 5, ""Ladder"": ""step1"", ""MaxHoldSec"": 600, ""StopPips"": 28.0, ""MaxBasketRiskPct"": 3.0, ""AddMinSec"": 60, ""Session"": ""lateny_1923"", ""ZEntry"": 2.0, ""ZEmaBars"": 120, ""NewsBeforeMin"": 30, ""NewsAfterMin"": 60, ""NewsCloseMode"": 0, ""DailyLossPct"": 8.0, ""MaxSpreadPts"": 0}"
-50.0,-2.9313416366512857,13.8705878979155,0.0,0.0,86.18534697056711,0.11391368424151947,33.33634536330764,147.0,0.0,1.0,"{""EntryMode"": 1, ""EntryTFMin"": 1, ""GridSpacingPts"": 145, ""TP_Pips"": 5.5, ""MaxLayers"": 3, ""Ladder"": ""flat"", ""MaxHoldSec"": 30, ""StopPips"": 25.0, ""MaxBasketRiskPct"": 3.0, ""AddMinSec"": 60, ""Session"": ""lateny_1923"", ""ZEntry"": 2.25, ""ZEmaBars"": 120, ""NewsBeforeMin"": 30, ""NewsAfterMin"": 15, ""NewsCloseMode"": 0, ""DailyLossPct"": 8.0, ""MaxSpreadPts"": 0}"
-50.0,-2.280485884132877,12.866525109872063,0.0,0.0,89.11199999999853,0.06311433856624728,284.0934255010941,70.0,1.0,11.0,"{""EntryMode"": 1, ""EntryTFMin"": 1, ""GridSpacingPts"": 150, ""TP_Pips"": 5.5, ""MaxLayers"": 5, ""Ladder"": ""flat"", ""MaxHoldSec"": 300, ""StopPips"": 26.0, ""MaxBasketRiskPct"": 3.0, ""AddMinSec"": 60, ""Session"": ""lateny_1923"", ""ZEntry"": 2.25, ""ZEmaBars"": 120, ""NewsBeforeMin"": 15, ""NewsAfterMin"": 30, ""NewsCloseMode"": 0, ""DailyLossPct"": 8.0, ""MaxSpreadPts"": 0}"
-50.0,-1.4719137588914744,10.916825104183946,0.0,0.0,92.85800000000167,0.03001779517175175,940.2406840589312,14.0,2.0,23.0,"{""EntryMode"": 1, ""EntryTFMin"": 1, ""GridSpacingPts"": 140, ""TP_Pips"": 4.5, ""MaxLayers"": 2, ""Ladder"": ""step1"", ""MaxHoldSec"": 1800, ""StopPips"": 27.0, ""MaxBasketRiskPct"": 3.0, ""AddMinSec"": 60, ""Session"": ""lateny_1923"", ""ZEntry"": 2.25, ""ZEmaBars"": 120, ""NewsBeforeMin"": 30, ""NewsAfterMin"": 60, ""NewsCloseMode"": 2, ""DailyLossPct"": 8.0, ""MaxSpreadPts"": 0}"
-50.0,0.0,0.0,0.0,0.0,100.0,0.0,0.0,0.0,0.0,0.0,"{""EntryMode"": 1, ""EntryTFMin"": 1, ""GridSpacingPts"": 55, ""TP_Pips"": 4.5, ""MaxLayers"": 2, ""Ladder"": ""step1"", ""MaxHoldSec"": 1800, ""StopPips"": 23.0, ""MaxBasketRiskPct"": 2.0, ""AddMinSec"": 15, ""Session"": ""lateny_1923"", ""ZEntry"": 1.75, ""ZEmaBars"": 120, ""NewsBeforeMin"": 30, ""NewsAfterMin"": 15, ""NewsCloseMode"": 0, ""DailyLossPct"": 8.0, ""MaxSpreadPts"": 0}"
-50.0,-1.1261130248026774,9.694004319488766,0.0,0.0,94.49800000000099,0.025399672837636098,1153.383652228575,14.0,2.0,17.0,"{""EntryMode"": 1, ""EntryTFMin"": 1, ""GridSpacingPts"": 115, ""TP_Pips"": 6.0, ""MaxLayers"": 1, ""Ladder"": ""step1"", ""MaxHoldSec"": 1800, ""StopPips"": 28.0, ""MaxBasketRiskPct"": 3.0, ""AddMinSec"": 60, ""Session"": ""lateny_1923"", ""ZEntry"": 2.25, ""ZEmaBars"": 120, ""NewsBeforeMin"": 30, ""NewsAfterMin"": 15, ""NewsCloseMode"": 0, ""DailyLossPct"": 8.0, ""MaxSpreadPts"": 0}"
-50.0,-2.170133169223598,13.531701460165143,0.0,0.0,89.6160000000006,0.1670220910838495,525.8321191067213,170.0,2.0,45.0,"{""EntryMode"": 1, ""EntryTFMin"": 1, ""GridSpacingPts"": 115, ""TP_Pips"": 6.5, ""MaxLayers"": 5, ""Ladder"": ""step1"", ""MaxHoldSec"": 600, ""StopPips"": 26.0, ""MaxBasketRiskPct"": 3.0, ""AddMinSec"": 60, ""Session"": ""lateny_1923"", ""ZEntry"": 2.25, ""ZEmaBars"": 120, ""NewsBeforeMin"": 30, ""NewsAfterMin"": 60, ""NewsCloseMode"": 0, ""DailyLossPct"": 8.0, ""MaxSpreadPts"": 0}"
-50.0,-0.11855065739718729,4.175318968098599,0.0,0.0,99.4089999999998,0.010775618779603193,1272.7803437429316,7.0,0.0,7.0,"{""EntryMode"": 1, ""EntryTFMin"": 1, ""GridSpacingPts"": 120, ""TP_Pips"": 6.5, ""MaxLayers"": 1, ""Ladder"": ""step1"", ""MaxHoldSec"": 1800, ""StopPips"": 29.0, ""MaxBasketRiskPct"": 3.0, ""AddMinSec"": 60, ""Session"": ""lateny_1923"", ""ZEntry"": 1.75, ""ZEmaBars"": 120, ""NewsBeforeMin"": 30, ""NewsAfterMin"": 15, ""NewsCloseMode"": 0, ""DailyLossPct"": 8.0, ""MaxSpreadPts"": 0}"
-50.0,0.0,0.0,0.0,0.0,100.0,0.0,0.0,0.0,0.0,0.0,"{""EntryMode"": 1, ""EntryTFMin"": 1, ""GridSpacingPts"": 90, ""TP_Pips"": 5.0, ""MaxLayers"": 2, ""Ladder"": ""step1"", ""MaxHoldSec"": 1800, ""StopPips"": 26.0, ""MaxBasketRiskPct"": 2.0, ""AddMinSec"": 60, ""Session"": ""lateny_1923"", ""ZEntry"": 1.75, ""ZEmaBars"": 120, ""NewsBeforeMin"": 30, ""NewsAfterMin"": 15, ""NewsCloseMode"": 0, ""DailyLossPct"": 8.0, ""MaxSpreadPts"": 0}"
-50.0,-2.373048768387198,13.286077434495366,0.0,0.0,88.69099999999906,0.07927776673565207,511.8378070231972,17.0,3.0,83.0,"{""EntryMode"": 1, ""EntryTFMin"": 1, ""GridSpacingPts"": 115, ""TP_Pips"": 2.0, ""MaxLayers"": 2, ""Ladder"": ""step1"", ""MaxHoldSec"": 1800, ""StopPips"": 26.0, ""MaxBasketRiskPct"": 3.0, ""AddMinSec"": 60, ""Session"": ""lateny_1923"", ""ZEntry"": 2.0, ""ZEmaBars"": 120, ""NewsBeforeMin"": 30, ""NewsAfterMin"": 15, ""NewsCloseMode"": 0, ""DailyLossPct"": 8.0, ""MaxSpreadPts"": 0}"
-50.0,-1.4567497487663617,11.274214586180726,0.0,0.0,92.92943637272927,0.025399672837636098,1169.549060922861,15.0,1.0,17.0,"{""EntryMode"": 1, ""EntryTFMin"": 1, ""GridSpacingPts"": 130, ""TP_Pips"": 6.0, ""MaxLayers"": 3, ""Ladder"": ""step1"", ""MaxHoldSec"": 1800, ""StopPips"": 27.0, ""MaxBasketRiskPct"": 3.0, ""AddMinSec"": 60, ""Session"": ""lateny_1923"", ""ZEntry"": 2.25, ""ZEmaBars"": 120, ""NewsBeforeMin"": 30, ""NewsAfterMin"": 15, ""NewsCloseMode"": 0, ""DailyLossPct"": 5.0, ""MaxSpreadPts"": 0}"
-50.0,-0.7865255127340154,13.875773837788028,0.0,0.0,96.13100000000065,0.10544712662897411,1269.0098010972142,73.0,6.0,58.0,"{""EntryMode"": 1, ""EntryTFMin"": 1, ""GridSpacingPts"": 140, ""TP_Pips"": 8.5, ""MaxLayers"": 1, ""Ladder"": ""step1"", ""MaxHoldSec"": 1800, ""StopPips"": 28.0, ""MaxBasketRiskPct"": 3.0, ""AddMinSec"": 15, ""Session"": ""lateny_1923"", ""ZEntry"": 1.75, ""ZEmaBars"": 120, ""NewsBeforeMin"": 30, ""NewsAfterMin"": 15, ""NewsCloseMode"": 0, ""DailyLossPct"": 8.0, ""MaxSpreadPts"": 0}"
-50.0,-2.256796924451454,14.293733908901917,0.0,0.0,89.22000000000106,0.06696277384467698,609.6318064978783,46.0,2.0,39.0,"{""EntryMode"": 1, ""EntryTFMin"": 1, ""GridSpacingPts"": 150, ""TP_Pips"": 5.0, ""MaxLayers"": 2, ""Ladder"": ""step1"", ""MaxHoldSec"": 900, ""StopPips"": 26.0, ""MaxBasketRiskPct"": 3.0, ""AddMinSec"": 60, ""Session"": ""lateny_1923"", ""ZEntry"": 2.25, ""ZEmaBars"": 120, ""NewsBeforeMin"": 30, ""NewsAfterMin"": 60, ""NewsCloseMode"": 0, ""DailyLossPct"": 8.0, ""MaxSpreadPts"": 0}"
-50.0,-1.5044229422985889,11.29299369154529,0.0,0.0,92.70500000000102,0.03232685633880958,1073.0454124162593,18.0,2.0,22.0,"{""EntryMode"": 1, ""EntryTFMin"": 1, ""GridSpacingPts"": 135, ""TP_Pips"": 5.0, ""MaxLayers"": 5, ""Ladder"": ""flat"", ""MaxHoldSec"": 1800, ""StopPips"": 27.0, ""MaxBasketRiskPct"": 3.0, ""AddMinSec"": 60, ""Session"": ""lateny_1923"", ""ZEntry"": 2.25, ""ZEmaBars"": 120, ""NewsBeforeMin"": 15, ""NewsAfterMin"": 30, ""NewsCloseMode"": 0, ""DailyLossPct"": 8.0, ""MaxSpreadPts"": 0}"
-50.0,-2.9695406472461827,14.078451370346038,0.0,0.0,86.01600000000312,0.10005931723917251,60.32474330755379,129.0,0.0,1.0,"{""EntryMode"": 1, ""EntryTFMin"": 1, ""GridSpacingPts"": 140, ""TP_Pips"": 6.0, ""MaxLayers"": 5, ""Ladder"": ""flat"", ""MaxHoldSec"": 60, ""StopPips"": 25.0, ""MaxBasketRiskPct"": 3.0, ""AddMinSec"": 60, ""Session"": ""lateny_1923"", ""ZEntry"": 2.25, ""ZEmaBars"": 120, ""NewsBeforeMin"": 15, ""NewsAfterMin"": 60, ""NewsCloseMode"": 0, ""DailyLossPct"": 8.0, ""MaxSpreadPts"": 0}"
-50.0,-1.5546520802627306,12.070785352262002,0.0,0.0,92.46900000000115,0.03232685633880958,1114.8333576601378,19.0,2.0,21.0,"{""EntryMode"": 1, ""EntryTFMin"": 1, ""GridSpacingPts"": 145, ""TP_Pips"": 5.5, ""MaxLayers"": 4, ""Ladder"": ""flat"", ""MaxHoldSec"": 1800, ""StopPips"": 27.0, ""MaxBasketRiskPct"": 3.0, ""AddMinSec"": 60, ""Session"": ""lateny_1923"", ""ZEntry"": 2.25, ""ZEmaBars"": 120, ""NewsBeforeMin"": 30, ""NewsAfterMin"": 60, ""NewsCloseMode"": 0, ""DailyLossPct"": 8.0, ""MaxSpreadPts"": 10}"
-50.0,-2.2658130734543813,17.72106515736634,0.0,0.0,89.17888226914151,0.10929556190740382,1161.6190262314783,69.0,7.0,66.0,"{""EntryMode"": 1, ""EntryTFMin"": 1, ""GridSpacingPts"": 140, ""TP_Pips"": 7.0, ""MaxLayers"": 3, ""Ladder"": ""step1"", ""MaxHoldSec"": 1800, ""StopPips"": 26.0, ""MaxBasketRiskPct"": 3.0, ""AddMinSec"": 60, ""Session"": ""lateny_1923"", ""ZEntry"": 1.75, ""ZEmaBars"": 120, ""NewsBeforeMin"": 30, ""NewsAfterMin"": 15, ""NewsCloseMode"": 0, ""DailyLossPct"": 5.0, ""MaxSpreadPts"": 0}"
-50.0,-1.6071439770444673,15.641829926787826,0.0,0.0,92.22288226914017,0.14316179235758528,1178.585727242323,89.0,7.0,90.0,"{""EntryMode"": 1, ""EntryTFMin"": 1, ""GridSpacingPts"": 130, ""TP_Pips"": 6.5, ""MaxLayers"": 3, ""Ladder"": ""step1"", ""MaxHoldSec"": 1800, ""StopPips"": 27.0, ""MaxBasketRiskPct"": 3.0, ""AddMinSec"": 60, ""Session"": ""lateny_1923"", ""ZEntry"": 1.5, ""ZEmaBars"": 120, ""NewsBeforeMin"": 30, ""NewsAfterMin"": 15, ""NewsCloseMode"": 0, ""DailyLossPct"": 5.0, ""MaxSpreadPts"": 0}"
-50.0,-1.6274103599215328,9.834894349999447,0.0,0.0,92.12800000000085,0.01924217639214856,1012.7304403185846,7.0,3.0,15.0,"{""EntryMode"": 1, ""EntryTFMin"": 1, ""GridSpacingPts"": 135, ""TP_Pips"": 4.5, ""MaxLayers"": 2, ""Ladder"": ""step1"", ""MaxHoldSec"": 1800, ""StopPips"": 27.0, ""MaxBasketRiskPct"": 3.0, ""AddMinSec"": 60, ""Session"": ""lateny_1923"", ""ZEntry"": 2.75, ""ZEmaBars"": 120, ""NewsBeforeMin"": 30, ""NewsAfterMin"": 60, ""NewsCloseMode"": 0, ""DailyLossPct"": 8.0, ""MaxSpreadPts"": 0}"
-50.0,-0.8467002417200775,5.547561157149189,0.0,0.0,95.83999999999868,0.010005931723917252,563.0769230769231,12.0,0.0,1.0,"{""EntryMode"": 1, ""EntryTFMin"": 1, ""GridSpacingPts"": 120, ""TP_Pips"": 7.0, ""MaxLayers"": 3, ""Ladder"": ""step1"", ""MaxHoldSec"": 600, ""StopPips"": 28.0, ""MaxBasketRiskPct"": 3.0, ""AddMinSec"": 60, ""Session"": ""allday_0123"", ""ZEntry"": 2.25, ""ZEmaBars"": 120, ""NewsBeforeMin"": 30, ""NewsAfterMin"": 15, ""NewsCloseMode"": 0, ""DailyLossPct"": 8.0, ""MaxSpreadPts"": 0}"
-50.0,-2.173847283916819,13.76042310068051,0.0,0.0,89.59900000000002,0.16933115225090734,534.2137887042502,176.0,2.0,42.0,"{""EntryMode"": 1, ""EntryTFMin"": 1, ""GridSpacingPts"": 115, ""TP_Pips"": 7.0, ""MaxLayers"": 3, ""Ladder"": ""step1"", ""MaxHoldSec"": 600, ""StopPips"": 26.0, ""MaxBasketRiskPct"": 3.0, ""AddMinSec"": 60, ""Session"": ""lateny_1923"", ""ZEntry"": 2.25, ""ZEmaBars"": 120, ""NewsBeforeMin"": 30, ""NewsAfterMin"": 15, ""NewsCloseMode"": 0, ""DailyLossPct"": 8.0, ""MaxSpreadPts"": 0}"
-50.0,0.0,0.0,0.0,0.0,100.0,0.0,0.0,0.0,0.0,0.0,"{""EntryMode"": 1, ""EntryTFMin"": 1, ""GridSpacingPts"": 150, ""TP_Pips"": 5.5, ""MaxLayers"": 4, ""Ladder"": ""flat"", ""MaxHoldSec"": 1800, ""StopPips"": 26.0, ""MaxBasketRiskPct"": 1.0, ""AddMinSec"": 60, ""Session"": ""lateny_1923"", ""ZEntry"": 2.25, ""ZEmaBars"": 120, ""NewsBeforeMin"": 15, ""NewsAfterMin"": 30, ""NewsCloseMode"": 0, ""DailyLossPct"": 8.0, ""MaxSpreadPts"": 0}"
-50.0,-3.1037775207712337,17.666165471509,0.0,0.0,85.42300000000058,0.15855553347130413,888.6514622063912,61.0,14.0,131.0,"{""EntryMode"": 1, ""EntryTFMin"": 1, ""GridSpacingPts"": 120, ""TP_Pips"": 5.0, ""MaxLayers"": 4, ""Ladder"": ""step1"", ""MaxHoldSec"": 1800, ""StopPips"": 25.0, ""MaxBasketRiskPct"": 3.0, ""AddMinSec"": 60, ""Session"": ""lateny_1923"", ""ZEntry"": 2.0, ""ZEmaBars"": 90, ""NewsBeforeMin"": 30, ""NewsAfterMin"": 15, ""NewsCloseMode"": 0, ""DailyLossPct"": 8.0, ""MaxSpreadPts"": 0}"
-50.0,-4.476617193690268,20.866177131722335,0.0,0.0,79.54400000000261,0.12468930302112266,112.76451238917144,144.0,0.0,18.0,"{""EntryMode"": 1, ""EntryTFMin"": 1, ""GridSpacingPts"": 120, ""TP_Pips"": 4.5, ""MaxLayers"": 2, ""Ladder"": ""step1"", ""MaxHoldSec"": 120, ""StopPips"": 23.0, ""MaxBasketRiskPct"": 3.0, ""AddMinSec"": 60, ""Session"": ""lateny_1923"", ""ZEntry"": 2.25, ""ZEmaBars"": 120, ""NewsBeforeMin"": 30, ""NewsAfterMin"": 15, ""NewsCloseMode"": 0, ""DailyLossPct"": 8.0, ""MaxSpreadPts"": 0}"
-50.0,-3.0228748069327183,21.364073887349047,0.0,0.0,85.77999999998156,0.15547678524856037,668.5580973703535,107.0,11.0,84.0,"{""EntryMode"": 1, ""EntryTFMin"": 1, ""GridSpacingPts"": 125, ""TP_Pips"": 7.5, ""MaxLayers"": 2, ""Ladder"": ""step1"", ""MaxHoldSec"": 900, ""StopPips"": 25.0, ""MaxBasketRiskPct"": 3.0, ""AddMinSec"": 60, ""Session"": ""london_1013"", ""ZEntry"": 1.75, ""ZEmaBars"": 120, ""NewsBeforeMin"": 30, ""NewsAfterMin"": 15, ""NewsCloseMode"": 0, ""DailyLossPct"": 8.0, ""MaxSpreadPts"": 0}"
-50.0,-2.9372806857287936,14.301098857267222,0.0,0.0,86.15900000000103,0.04772059745252843,1319.7492039270805,34.0,3.0,25.0,"{""EntryMode"": 1, ""EntryTFMin"": 1, ""GridSpacingPts"": 125, ""TP_Pips"": 5.5, ""MaxLayers"": 3, ""Ladder"": ""step1"", ""MaxHoldSec"": 1800, ""StopPips"": 25.0, ""MaxBasketRiskPct"": 3.0, ""AddMinSec"": 60, ""Session"": ""asia_0309"", ""ZEntry"": 1.75, ""ZEmaBars"": 120, ""NewsBeforeMin"": 30, ""NewsAfterMin"": 15, ""NewsCloseMode"": 0, ""DailyLossPct"": 8.0, ""MaxSpreadPts"": 0}"
-50.0,-2.1596492983694815,16.736992786503276,0.0,0.0,89.66400000000216,0.1216105547983789,992.0449137305686,55.0,7.0,96.0,"{""EntryMode"": 1, ""EntryTFMin"": 1, ""GridSpacingPts"": 120, ""TP_Pips"": 5.5, ""MaxLayers"": 5, ""Ladder"": ""step1"", ""MaxHoldSec"": 1800, ""StopPips"": 26.0, ""MaxBasketRiskPct"": 3.0, ""AddMinSec"": 60, ""Session"": ""lateny_1923"", ""ZEntry"": 1.75, ""ZEmaBars"": 120, ""NewsBeforeMin"": 30, ""NewsAfterMin"": 15, ""NewsCloseMode"": 0, ""DailyLossPct"": 8.0, ""MaxSpreadPts"": 0}"
-50.0,-5.3010750916585465,24.851316907391187,0.0,0.0,76.17200000000147,0.1631736558054198,122.86046494627898,201.0,2.0,9.0,"{""EntryMode"": 1, ""EntryTFMin"": 5, ""GridSpacingPts"": 140, ""TP_Pips"": 6.0, ""MaxLayers"": 2, ""Ladder"": ""step1"", ""MaxHoldSec"": 120, ""StopPips"": 22.0, ""MaxBasketRiskPct"": 3.0, ""AddMinSec"": 60, ""Session"": ""lateny_1923"", ""ZEntry"": 1.5, ""ZEmaBars"": 120, ""NewsBeforeMin"": 30, ""NewsAfterMin"": 15, ""NewsCloseMode"": 0, ""DailyLossPct"": 8.0, ""MaxSpreadPts"": 0}"
-50.0,-1.5242044033259794,9.680410761000074,0.0,0.0,92.61200000000125,0.02232092461489233,1145.182845480302,14.0,2.0,13.0,"{""EntryMode"": 1, ""EntryTFMin"": 1, ""GridSpacingPts"": 125, ""TP_Pips"": 6.5, ""MaxLayers"": 3, ""Ladder"": ""step1"", ""MaxHoldSec"": 1800, ""StopPips"": 27.0, ""MaxBasketRiskPct"": 3.0, ""AddMinSec"": 60, ""Session"": ""lateny_1923"", ""ZEntry"": 1.75, ""ZEmaBars"": 60, ""NewsBeforeMin"": 30, ""NewsAfterMin"": 15, ""NewsCloseMode"": 0, ""DailyLossPct"": 8.0, ""MaxSpreadPts"": 0}"
-50.0,-3.099011058530876,15.998309033886004,0.0,0.0,85.44400000000229,0.10775618779603194,864.381542951266,40.0,12.0,88.0,"{""EntryMode"": 1, ""EntryTFMin"": 1, ""GridSpacingPts"": 105, ""TP_Pips"": 5.0, ""MaxLayers"": 4, ""Ladder"": ""step1"", ""MaxHoldSec"": 1800, ""StopPips"": 25.0, ""MaxBasketRiskPct"": 3.0, ""AddMinSec"": 60, ""Session"": ""lateny_1923"", ""ZEntry"": 2.5, ""ZEmaBars"": 120, ""NewsBeforeMin"": 30, ""NewsAfterMin"": 15, ""NewsCloseMode"": 0, ""DailyLossPct"": 8.0, ""MaxSpreadPts"": 0}"
-50.0,-2.9686376877116394,20.866995983572917,0.0,0.0,86.0199999999885,0.13315586063366802,654.1743782711566,32.0,13.0,128.0,"{""EntryMode"": 1, ""EntryTFMin"": 1, ""GridSpacingPts"": 115, ""TP_Pips"": 4.5, ""MaxLayers"": 3, ""Ladder"": ""step1"", ""MaxHoldSec"": 1800, ""StopPips"": 25.0, ""MaxBasketRiskPct"": 3.0, ""AddMinSec"": 15, ""Session"": ""london_1013"", ""ZEntry"": 2.0, ""ZEmaBars"": 120, ""NewsBeforeMin"": 30, ""NewsAfterMin"": 15, ""NewsCloseMode"": 0, ""DailyLossPct"": 8.0, ""MaxSpreadPts"": 0}"
-50.0,-2.950137860743751,20.949334629535013,0.0,0.0,86.10198472151144,0.18780364158736995,842.8603496697837,73.0,10.0,161.0,"{""EntryMode"": 1, ""EntryTFMin"": 1, ""GridSpacingPts"": 150, ""TP_Pips"": 4.5, ""MaxLayers"": 1, ""Ladder"": ""step1"", ""MaxHoldSec"": 1800, ""StopPips"": 25.0, ""MaxBasketRiskPct"": 3.0, ""AddMinSec"": 60, ""Session"": ""lateny_1923"", ""ZEntry"": 2.0, ""ZEmaBars"": 120, ""NewsBeforeMin"": 30, ""NewsAfterMin"": 60, ""NewsCloseMode"": 0, ""DailyLossPct"": 3.0, ""MaxSpreadPts"": 0}"
-50.0,-3.827964607472212,21.738502287520006,0.0,0.0,82.27999999998083,0.15932522052699008,858.6482659633516,55.0,8.0,144.0,"{""EntryMode"": 1, ""EntryTFMin"": 1, ""GridSpacingPts"": 150, ""TP_Pips"": 4.5, ""MaxLayers"": 5, ""Ladder"": ""flat"", ""MaxHoldSec"": 1800, ""StopPips"": 24.0, ""MaxBasketRiskPct"": 3.0, ""AddMinSec"": 60, ""Session"": ""london_1013"", ""ZEntry"": 2.5, ""ZEmaBars"": 120, ""NewsBeforeMin"": 15, ""NewsAfterMin"": 30, ""NewsCloseMode"": 0, ""DailyLossPct"": 8.0, ""MaxSpreadPts"": 0}"
-50.0,-1.5546520802627306,12.070785352262002,0.0,0.0,92.46900000000115,0.03232685633880958,1114.8333576601378,19.0,2.0,21.0,"{""EntryMode"": 1, ""EntryTFMin"": 1, ""GridSpacingPts"": 135, ""TP_Pips"": 5.5, ""MaxLayers"": 6, ""Ladder"": ""flat"", ""MaxHoldSec"": 1800, ""StopPips"": 27.0, ""MaxBasketRiskPct"": 3.0, ""AddMinSec"": 60, ""Session"": ""lateny_1923"", ""ZEntry"": 2.25, ""ZEmaBars"": 120, ""NewsBeforeMin"": 15, ""NewsAfterMin"": 60, ""NewsCloseMode"": 0, ""DailyLossPct"": 8.0, ""MaxSpreadPts"": 0}"
-50.0,-1.086361739686792,9.52194394809384,0.0,0.0,94.68800000000223,0.023860298726264214,1212.1491053362151,16.0,2.0,13.0,"{""EntryMode"": 1, ""EntryTFMin"": 1, ""GridSpacingPts"": 145, ""TP_Pips"": 7.0, ""MaxLayers"": 5, ""Ladder"": ""step1"", ""MaxHoldSec"": 1800, ""StopPips"": 28.0, ""MaxBasketRiskPct"": 3.0, ""AddMinSec"": 60, ""Session"": ""lateny_1923"", ""ZEntry"": 2.25, ""ZEmaBars"": 120, ""NewsBeforeMin"": 30, ""NewsAfterMin"": 60, ""NewsCloseMode"": 0, ""DailyLossPct"": 8.0, ""MaxSpreadPts"": 0}"
-50.0,-0.9250839552257584,13.883272556594548,0.0,0.0,95.46200000000157,0.19011270275442776,563.8622500477856,227.0,2.0,18.0,"{""EntryMode"": 1, ""EntryTFMin"": 1, ""GridSpacingPts"": 100, ""TP_Pips"": 11.5, ""MaxLayers"": 5, ""Ladder"": ""step1"", ""MaxHoldSec"": 600, ""StopPips"": 28.0, ""MaxBasketRiskPct"": 3.0, ""AddMinSec"": 60, ""Session"": ""lateny_1923"", ""ZEntry"": 2.0, ""ZEmaBars"": 120, ""NewsBeforeMin"": 60, ""NewsAfterMin"": 60, ""NewsCloseMode"": 0, ""DailyLossPct"": 8.0, ""MaxSpreadPts"": 0}"
-50.0,0.0,0.0,0.0,0.0,100.0,0.0,0.0,0.0,0.0,0.0,"{""EntryMode"": 1, ""EntryTFMin"": 1, ""GridSpacingPts"": 130, ""TP_Pips"": 11.5, ""MaxLayers"": 6, ""Ladder"": ""step1"", ""MaxHoldSec"": 600, ""StopPips"": 30.0, ""MaxBasketRiskPct"": 3.0, ""AddMinSec"": 60, ""Session"": ""lateny_1923"", ""ZEntry"": 2.0, ""ZEmaBars"": 120, ""NewsBeforeMin"": 30, ""NewsAfterMin"": 60, ""NewsCloseMode"": 2, ""DailyLossPct"": 8.0, ""MaxSpreadPts"": 0}"
-50.0,-0.8935347868064492,12.699865459770987,0.0,0.0,95.6140000000008,0.12622867713249455,581.8377928245835,158.0,1.0,5.0,"{""EntryMode"": 1, ""EntryTFMin"": 1, ""GridSpacingPts"": 115, ""TP_Pips"": 12.5, ""MaxLayers"": 6, ""Ladder"": ""step1"", ""MaxHoldSec"": 600, ""StopPips"": 28.0, ""MaxBasketRiskPct"": 3.0, ""AddMinSec"": 60, ""Session"": ""lateny_1923"", ""ZEntry"": 2.0, ""ZEmaBars"": 120, ""NewsBeforeMin"": 30, ""NewsAfterMin"": 60, ""NewsCloseMode"": 2, ""DailyLossPct"": 8.0, ""MaxSpreadPts"": 0}"
-50.0,-0.8935347868064492,12.699865459770987,0.0,0.0,95.6140000000008,0.12622867713249455,581.8377928245835,158.0,1.0,5.0,"{""EntryMode"": 1, ""EntryTFMin"": 1, ""GridSpacingPts"": 130, ""TP_Pips"": 12.5, ""MaxLayers"": 6, ""Ladder"": ""step1"", ""MaxHoldSec"": 600, ""StopPips"": 28.0, ""MaxBasketRiskPct"": 3.0, ""AddMinSec"": 60, ""Session"": ""lateny_1923"", ""ZEntry"": 2.0, ""ZEmaBars"": 120, ""NewsBeforeMin"": 30, ""NewsAfterMin"": 60, ""NewsCloseMode"": 2, ""DailyLossPct"": 8.0, ""MaxSpreadPts"": 0}"
-50.0,-2.257673884194633,14.300260319108062,0.0,0.0,89.21599999999953,0.16933115225090734,574.1102890666397,202.0,3.0,15.0,"{""EntryMode"": 1, ""EntryTFMin"": 1, ""GridSpacingPts"": 150, ""TP_Pips"": 10.5, ""MaxLayers"": 6, ""Ladder"": ""step1"", ""MaxHoldSec"": 600, ""StopPips"": 26.0, ""MaxBasketRiskPct"": 3.0, ""AddMinSec"": 60, ""Session"": ""lateny_1923"", ""ZEntry"": 2.25, ""ZEmaBars"": 120, ""NewsBeforeMin"": 30, ""NewsAfterMin"": 60, ""NewsCloseMode"": 2, ""DailyLossPct"": 8.0, ""MaxSpreadPts"": 0}"
-50.0,-1.4528638191118493,7.3794221685652195,0.0,0.0,92.94774973348285,0.05541746800938785,33.33497696783808,72.0,0.0,0.0,"{""EntryMode"": 1, ""EntryTFMin"": 1, ""GridSpacingPts"": 125, ""TP_Pips"": 7.5, ""MaxLayers"": 4, ""Ladder"": ""step1"", ""MaxHoldSec"": 30, ""StopPips"": 27.0, ""MaxBasketRiskPct"": 3.0, ""AddMinSec"": 30, ""Session"": ""lateny_1923"", ""ZEntry"": 2.0, ""ZEmaBars"": 120, ""NewsBeforeMin"": 60, ""NewsAfterMin"": 30, ""NewsCloseMode"": 0, ""DailyLossPct"": 8.0, ""MaxSpreadPts"": 0}"
-50.0,-0.10247025495483397,1.0842784610624683,0.0,0.0,99.48900000000012,0.0015393741113718848,600.0,2.0,0.0,0.0,"{""EntryMode"": 1, ""EntryTFMin"": 1, ""GridSpacingPts"": 115, ""TP_Pips"": 11.5, ""MaxLayers"": 5, ""Ladder"": ""step1"", ""MaxHoldSec"": 600, ""StopPips"": 29.0, ""MaxBasketRiskPct"": 3.0, ""AddMinSec"": 60, ""Session"": ""lateny_1923"", ""ZEntry"": 2.0, ""ZEmaBars"": 120, ""NewsBeforeMin"": 60, ""NewsAfterMin"": 60, ""NewsCloseMode"": 0, ""DailyLossPct"": 8.0, ""MaxSpreadPts"": 0}"
-50.0,-2.8994355382638393,14.216013968571845,0.0,0.0,86.32700000000006,0.057726529176445676,885.2673067212103,24.0,6.0,45.0,"{""EntryMode"": 1, ""EntryTFMin"": 1, ""GridSpacingPts"": 120, ""TP_Pips"": 5.0, ""MaxLayers"": 5, ""Ladder"": ""flat"", ""MaxHoldSec"": 1800, ""StopPips"": 25.0, ""MaxBasketRiskPct"": 3.0, ""AddMinSec"": 60, ""Session"": ""lateny_1923"", ""ZEntry"": 2.25, ""ZEmaBars"": 60, ""NewsBeforeMin"": 15, ""NewsAfterMin"": 30, ""NewsCloseMode"": 0, ""DailyLossPct"": 8.0, ""MaxSpreadPts"": 0}"
-50.0,-2.182370030315317,17.97430929842047,0.0,0.0,89.55999999999794,0.17548864869639486,578.1563594311476,218.0,1.0,9.0,"{""EntryMode"": 1, ""EntryTFMin"": 1, ""GridSpacingPts"": 120, ""TP_Pips"": 12.0, ""MaxLayers"": 6, ""Ladder"": ""step1"", ""MaxHoldSec"": 600, ""StopPips"": 26.0, ""MaxBasketRiskPct"": 3.0, ""AddMinSec"": 60, ""Session"": ""lateny_1923"", ""ZEntry"": 1.75, ""ZEmaBars"": 120, ""NewsBeforeMin"": 30, ""NewsAfterMin"": 60, ""NewsCloseMode"": 2, ""DailyLossPct"": 8.0, ""MaxSpreadPts"": 0}"
-50.0,-2.1810586453613667,10.658247798025549,0.0,0.0,89.5660000000013,0.07388995734585047,624.638557124138,89.0,2.0,5.0,"{""EntryMode"": 0, ""EntryTFMin"": 1, ""GridSpacingPts"": 90, ""TP_Pips"": 11.5, ""MaxLayers"": 5, ""Ladder"": ""step1"", ""MaxHoldSec"": 600, ""StopPips"": 26.0, ""MaxBasketRiskPct"": 3.0, ""AddMinSec"": 60, ""Session"": ""lateny_1923"", ""ZEntry"": 2.0, ""ZEmaBars"": 120, ""NewsBeforeMin"": 60, ""NewsAfterMin"": 60, ""NewsCloseMode"": 2, ""DailyLossPct"": 8.0, ""MaxSpreadPts"": 0}"
-50.0,-1.6688998201721983,15.815957105544298,0.0,0.0,91.93399999999684,0.17010083930659325,576.4116956910184,206.0,1.0,14.0,"{""EntryMode"": 1, ""EntryTFMin"": 1, ""GridSpacingPts"": 110, ""TP_Pips"": 11.5, ""MaxLayers"": 5, ""Ladder"": ""step1"", ""MaxHoldSec"": 600, ""StopPips"": 27.0, ""MaxBasketRiskPct"": 3.0, ""AddMinSec"": 60, ""Session"": ""lateny_1923"", ""ZEntry"": 1.75, ""ZEmaBars"": 120, ""NewsBeforeMin"": 60, ""NewsAfterMin"": 30, ""NewsCloseMode"": 0, ""DailyLossPct"": 8.0, ""MaxSpreadPts"": 10}"
-50.0,-2.926687112707571,18.134508366411893,0.0,0.0,86.20600000000101,0.1269983641881805,938.0072046805196,50.0,8.0,107.0,"{""EntryMode"": 1, ""EntryTFMin"": 1, ""GridSpacingPts"": 135, ""TP_Pips"": 5.0, ""MaxLayers"": 3, ""Ladder"": ""flat"", ""MaxHoldSec"": 1800, ""StopPips"": 25.0, ""MaxBasketRiskPct"": 3.0, ""AddMinSec"": 60, ""Session"": ""lateny_1923"", ""ZEntry"": 1.75, ""ZEmaBars"": 120, ""NewsBeforeMin"": 30, ""NewsAfterMin"": 15, ""NewsCloseMode"": 0, ""DailyLossPct"": 8.0, ""MaxSpreadPts"": 0}"
-50.0,-1.4528638191118493,7.3794221685652195,0.0,0.0,92.94774973348285,0.05541746800938785,33.33497696783808,72.0,0.0,0.0,"{""EntryMode"": 1, ""EntryTFMin"": 1, ""GridSpacingPts"": 125, ""TP_Pips"": 9.0, ""MaxLayers"": 5, ""Ladder"": ""step1"", ""MaxHoldSec"": 30, ""StopPips"": 27.0, ""MaxBasketRiskPct"": 3.0, ""AddMinSec"": 60, ""Session"": ""lateny_1923"", ""ZEntry"": 2.0, ""ZEmaBars"": 120, ""NewsBeforeMin"": 30, ""NewsAfterMin"": 60, ""NewsCloseMode"": 0, ""DailyLossPct"": 8.0, ""MaxSpreadPts"": 0}"
-50.0,-2.316501959113826,13.744048253993077,0.0,0.0,88.94800000000023,0.18087645808619646,479.69973547399536,148.0,3.0,84.0,"{""EntryMode"": 1, ""EntryTFMin"": 1, ""GridSpacingPts"": 145, ""TP_Pips"": 5.0, ""MaxLayers"": 6, ""Ladder"": ""flat"", ""MaxHoldSec"": 600, ""StopPips"": 26.0, ""MaxBasketRiskPct"": 3.0, ""AddMinSec"": 60, ""Session"": ""lateny_1923"", ""ZEntry"": 2.25, ""ZEmaBars"": 120, ""NewsBeforeMin"": 15, ""NewsAfterMin"": 30, ""NewsCloseMode"": 0, ""DailyLossPct"": 8.0, ""MaxSpreadPts"": 0}"
-50.0,0.0,0.0,0.0,0.0,100.0,0.0,0.0,0.0,0.0,0.0,"{""EntryMode"": 1, ""EntryTFMin"": 1, ""GridSpacingPts"": 135, ""TP_Pips"": 5.5, ""MaxLayers"": 3, ""Ladder"": ""step1"", ""MaxHoldSec"": 1800, ""StopPips"": 25.0, ""MaxBasketRiskPct"": 2.0, ""AddMinSec"": 60, ""Session"": ""lateny_1923"", ""ZEntry"": 2.0, ""ZEmaBars"": 120, ""NewsBeforeMin"": 30, ""NewsAfterMin"": 15, ""NewsCloseMode"": 0, ""DailyLossPct"": 5.0, ""MaxSpreadPts"": 0}"
-50.0,-2.274342097835369,18.007303365617535,0.0,0.0,89.14000000000225,0.11160462307446165,912.1095086489717,46.0,7.0,92.0,"{""EntryMode"": 1, ""EntryTFMin"": 1, ""GridSpacingPts"": 145, ""TP_Pips"": 5.0, ""MaxLayers"": 2, ""Ladder"": ""step1"", ""MaxHoldSec"": 1800, ""StopPips"": 26.0, ""MaxBasketRiskPct"": 3.0, ""AddMinSec"": 60, ""Session"": ""lateny_1923"", ""ZEntry"": 2.0, ""ZEmaBars"": 120, ""NewsBeforeMin"": 30, ""NewsAfterMin"": 60, ""NewsCloseMode"": 0, ""DailyLossPct"": 8.0, ""MaxSpreadPts"": 0}"
-50.0,-1.4467787181274727,11.755245883420699,0.0,0.0,92.97643300771122,0.07235058323447859,606.824045624733,48.0,1.0,45.0,"{""EntryMode"": 1, ""EntryTFMin"": 1, ""GridSpacingPts"": 135, ""TP_Pips"": 5.0, ""MaxLayers"": 3, ""Ladder"": ""step1"", ""MaxHoldSec"": 900, ""StopPips"": 27.0, ""MaxBasketRiskPct"": 3.0, ""AddMinSec"": 60, ""Session"": ""lateny_1923"", ""ZEntry"": 2.0, ""ZEmaBars"": 120, ""NewsBeforeMin"": 30, ""NewsAfterMin"": 15, ""NewsCloseMode"": 0, ""DailyLossPct"": 5.0, ""MaxSpreadPts"": 0}"
-50.0,-1.1261130248026774,9.694004319488766,0.0,0.0,94.49800000000099,0.025399672837636098,1153.383652228575,14.0,2.0,17.0,"{""EntryMode"": 1, ""EntryTFMin"": 1, ""GridSpacingPts"": 140, ""TP_Pips"": 6.0, ""MaxLayers"": 2, ""Ladder"": ""step1"", ""MaxHoldSec"": 1800, ""StopPips"": 28.0, ""MaxBasketRiskPct"": 3.0, ""AddMinSec"": 60, ""Session"": ""lateny_1923"", ""ZEntry"": 2.25, ""ZEmaBars"": 120, ""NewsBeforeMin"": 30, ""NewsAfterMin"": 60, ""NewsCloseMode"": 0, ""DailyLossPct"": 8.0, ""MaxSpreadPts"": 0}"
-50.0,-2.1970186047714946,12.945805305241102,0.0,0.0,89.49300000000044,0.03848435278429712,1056.4938364202326,20.0,5.0,25.0,"{""EntryMode"": 1, ""EntryTFMin"": 1, ""GridSpacingPts"": 150, ""TP_Pips"": 6.0, ""MaxLayers"": 2, ""Ladder"": ""step1"", ""MaxHoldSec"": 1800, ""StopPips"": 26.0, ""MaxBasketRiskPct"": 3.0, ""AddMinSec"": 60, ""Session"": ""lateny_1923"", ""ZEntry"": 2.25, ""ZEmaBars"": 90, ""NewsBeforeMin"": 30, ""NewsAfterMin"": 60, ""NewsCloseMode"": 0, ""DailyLossPct"": 8.0, ""MaxSpreadPts"": 0}"
-50.0,-1.4776475587089832,15.033499304384362,0.0,0.0,92.83100000000488,0.10467743957328816,1399.5480256757617,88.0,7.0,41.0,"{""EntryMode"": 1, ""EntryTFMin"": 1, ""GridSpacingPts"": 150, ""TP_Pips"": 10.0, ""MaxLayers"": 2, ""Ladder"": ""step1"", ""MaxHoldSec"": 1800, ""StopPips"": 27.0, ""MaxBasketRiskPct"": 3.0, ""AddMinSec"": 15, ""Session"": ""lateny_1923"", ""ZEntry"": 1.75, ""ZEmaBars"": 120, ""NewsBeforeMin"": 30, ""NewsAfterMin"": 15, ""NewsCloseMode"": 0, ""DailyLossPct"": 8.0, ""MaxSpreadPts"": 0}"
-50.0,-2.1751582825052074,12.797116032785,0.0,0.0,89.59300000000195,0.042332788062726834,1128.7162340341076,25.0,3.0,27.0,"{""EntryMode"": 1, ""EntryTFMin"": 5, ""GridSpacingPts"": 145, ""TP_Pips"": 5.5, ""MaxLayers"": 3, ""Ladder"": ""flat"", ""MaxHoldSec"": 1800, ""StopPips"": 26.0, ""MaxBasketRiskPct"": 3.0, ""AddMinSec"": 60, ""Session"": ""lateny_1923"", ""ZEntry"": 2.0, ""ZEmaBars"": 120, ""NewsBeforeMin"": 15, ""NewsAfterMin"": 60, ""NewsCloseMode"": 0, ""DailyLossPct"": 8.0, ""MaxSpreadPts"": 0}"
-50.0,-1.5778857550506231,15.031348107537696,0.0,0.0,92.36000000000104,0.13700429591209776,437.27756541060364,100.0,1.0,77.0,"{""EntryMode"": 1, ""EntryTFMin"": 1, ""GridSpacingPts"": 150, ""TP_Pips"": 4.5, ""MaxLayers"": 3, ""Ladder"": ""flat"", ""MaxHoldSec"": 600, ""StopPips"": 27.0, ""MaxBasketRiskPct"": 3.0, ""AddMinSec"": 60, ""Session"": ""lateny_1923"", ""ZEntry"": 2.0, ""ZEmaBars"": 120, ""NewsBeforeMin"": 30, ""NewsAfterMin"": 60, ""NewsCloseMode"": 0, ""DailyLossPct"": 8.0, ""MaxSpreadPts"": 0}"
-50.0,-1.5448536160385773,10.740332138986657,0.0,0.0,92.51500000000016,0.027708734004693925,1057.3782093583084,16.0,2.0,18.0,"{""EntryMode"": 1, ""EntryTFMin"": 1, ""GridSpacingPts"": 145, ""TP_Pips"": 5.5, ""MaxLayers"": 1, ""Ladder"": ""step1"", ""MaxHoldSec"": 1800, ""StopPips"": 27.0, ""MaxBasketRiskPct"": 3.0, ""AddMinSec"": 60, ""Session"": ""lateny_1923"", ""ZEntry"": 2.5, ""ZEmaBars"": 120, ""NewsBeforeMin"": 30, ""NewsAfterMin"": 60, ""NewsCloseMode"": 0, ""DailyLossPct"": 8.0, ""MaxSpreadPts"": 0}"
-50.0,-2.9862514600718093,14.102999999999524,0.0,0.0,85.94200000000038,0.06696277384467698,1198.0212522208035,39.0,4.0,44.0,"{""EntryMode"": 1, ""EntryTFMin"": 1, ""GridSpacingPts"": 135, ""TP_Pips"": 5.0, ""MaxLayers"": 3, ""Ladder"": ""step1"", ""MaxHoldSec"": 1800, ""StopPips"": 25.0, ""MaxBasketRiskPct"": 3.0, ""AddMinSec"": 60, ""Session"": ""asia_0309"", ""ZEntry"": 2.25, ""ZEmaBars"": 120, ""NewsBeforeMin"": 30, ""NewsAfterMin"": 60, ""NewsCloseMode"": 0, ""DailyLossPct"": 8.0, ""MaxSpreadPts"": 0}"
-50.0,-0.10247025495483397,1.0842784610624683,0.0,0.0,99.48900000000012,0.0015393741113718848,600.0,2.0,0.0,0.0,"{""EntryMode"": 1, ""EntryTFMin"": 1, ""GridSpacingPts"": 125, ""TP_Pips"": 9.5, ""MaxLayers"": 5, ""Ladder"": ""step1"", ""MaxHoldSec"": 600, ""StopPips"": 29.0, ""MaxBasketRiskPct"": 3.0, ""AddMinSec"": 15, ""Session"": ""lateny_1923"", ""ZEntry"": 2.0, ""ZEmaBars"": 120, ""NewsBeforeMin"": 30, ""NewsAfterMin"": 60, ""NewsCloseMode"": 0, ""DailyLossPct"": 8.0, ""MaxSpreadPts"": 0}"
-50.0,-1.539104158395721,8.226893693516251,0.0,0.0,92.54199999999724,0.03540560456155335,600.0,46.0,0.0,0.0,"{""EntryMode"": 1, ""EntryTFMin"": 1, ""GridSpacingPts"": 130, ""TP_Pips"": 11.0, ""MaxLayers"": 5, ""Ladder"": ""step1"", ""MaxHoldSec"": 600, ""StopPips"": 27.0, ""MaxBasketRiskPct"": 3.0, ""AddMinSec"": 60, ""Session"": ""asia_0109"", ""ZEntry"": 2.0, ""ZEmaBars"": 120, ""NewsBeforeMin"": 30, ""NewsAfterMin"": 60, ""NewsCloseMode"": 2, ""DailyLossPct"": 8.0, ""MaxSpreadPts"": 0}"
-50.0,-2.2839973124729074,14.469755877469815,0.0,0.0,89.09599999999887,0.1685614651952214,583.340880070862,213.0,2.0,4.0,"{""EntryMode"": 1, ""EntryTFMin"": 1, ""GridSpacingPts"": 135, ""TP_Pips"": 12.5, ""MaxLayers"": 5, ""Ladder"": ""step1"", ""MaxHoldSec"": 600, ""StopPips"": 26.0, ""MaxBasketRiskPct"": 3.0, ""AddMinSec"": 60, ""Session"": ""lateny_1923"", ""ZEntry"": 2.25, ""ZEmaBars"": 120, ""NewsBeforeMin"": 30, ""NewsAfterMin"": 60, ""NewsCloseMode"": 2, ""DailyLossPct"": 8.0, ""MaxSpreadPts"": 0}"
-50.0,-2.2178040160246826,15.121721496600921,0.0,0.0,89.39800000000233,0.1616342816940479,798.7707882055221,51.0,10.0,149.0,"{""EntryMode"": 1, ""EntryTFMin"": 1, ""GridSpacingPts"": 145, ""TP_Pips"": 4.0, ""MaxLayers"": 5, ""Ladder"": ""flat"", ""MaxHoldSec"": 1800, ""StopPips"": 26.0, ""MaxBasketRiskPct"": 3.0, ""AddMinSec"": 60, ""Session"": ""lateny_1923"", ""ZEntry"": 2.25, ""ZEmaBars"": 120, ""NewsBeforeMin"": 30, ""NewsAfterMin"": 30, ""NewsCloseMode"": 0, ""DailyLossPct"": 8.0, ""MaxSpreadPts"": 0}"
-50.0,-0.8295221222005211,7.8720113733518255,0.0,0.0,95.92300000000013,0.04618122334115654,558.7161243756611,53.0,1.0,6.0,"{""EntryMode"": 1, ""EntryTFMin"": 1, ""GridSpacingPts"": 125, ""TP_Pips"": 10.5, ""MaxLayers"": 5, ""Ladder"": ""step1"", ""MaxHoldSec"": 600, ""StopPips"": 28.0, ""MaxBasketRiskPct"": 3.0, ""AddMinSec"": 60, ""Session"": ""lateny_1923"", ""ZEntry"": 2.25, ""ZEmaBars"": 120, ""NewsBeforeMin"": 30, ""NewsAfterMin"": 60, ""NewsCloseMode"": 0, ""DailyLossPct"": 8.0, ""MaxSpreadPts"": 0}"
-50.0,-0.9385876424603423,12.827371410251109,0.0,0.0,95.39700000000092,0.11776211951994918,523.6794153422117,120.0,1.0,32.0,"{""EntryMode"": 1, ""EntryTFMin"": 1, ""GridSpacingPts"": 110, ""TP_Pips"": 7.0, ""MaxLayers"": 3, ""Ladder"": ""step1"", ""MaxHoldSec"": 600, ""StopPips"": 28.0, ""MaxBasketRiskPct"": 3.0, ""AddMinSec"": 60, ""Session"": ""lateny_1923"", ""ZEntry"": 2.0, ""ZEmaBars"": 120, ""NewsBeforeMin"": 30, ""NewsAfterMin"": 15, ""NewsCloseMode"": 0, ""DailyLossPct"": 8.0, ""MaxSpreadPts"": 0}"
-50.0,-1.4528107190595274,12.490699317161479,0.0,0.0,92.94800000000461,0.1924217639214856,577.5257804016348,231.0,1.0,18.0,"{""EntryMode"": 1, ""EntryTFMin"": 1, ""GridSpacingPts"": 110, ""TP_Pips"": 11.0, ""MaxLayers"": 5, ""Ladder"": ""step1"", ""MaxHoldSec"": 600, ""StopPips"": 27.0, ""MaxBasketRiskPct"": 3.0, ""AddMinSec"": 60, ""Session"": ""lateny_1923"", ""ZEntry"": 1.5, ""ZEmaBars"": 120, ""NewsBeforeMin"": 60, ""NewsAfterMin"": 60, ""NewsCloseMode"": 0, ""DailyLossPct"": 8.0, ""MaxSpreadPts"": 0}"
-50.0,-2.2335689423356286,15.13517669559359,0.0,0.0,89.32600000000222,0.14624054058032906,813.3229227559325,48.0,9.0,133.0,"{""EntryMode"": 1, ""EntryTFMin"": 1, ""GridSpacingPts"": 135, ""TP_Pips"": 4.0, ""MaxLayers"": 3, ""Ladder"": ""flat"", ""MaxHoldSec"": 1800, ""StopPips"": 26.0, ""MaxBasketRiskPct"": 3.0, ""AddMinSec"": 15, ""Session"": ""lateny_1923"", ""ZEntry"": 2.25, ""ZEmaBars"": 120, ""NewsBeforeMin"": 30, ""NewsAfterMin"": 15, ""NewsCloseMode"": 0, ""DailyLossPct"": 8.0, ""MaxSpreadPts"": 0}"
-50.0,0.0,0.0,0.0,0.0,100.0,0.0,0.0,0.0,0.0,0.0,"{""EntryMode"": 1, ""EntryTFMin"": 1, ""GridSpacingPts"": 115, ""TP_Pips"": 9.0, ""MaxLayers"": 5, ""Ladder"": ""step1"", ""MaxHoldSec"": 600, ""StopPips"": 26.0, ""MaxBasketRiskPct"": 1.0, ""AddMinSec"": 60, ""Session"": ""lateny_1923"", ""ZEntry"": 2.25, ""ZEmaBars"": 120, ""NewsBeforeMin"": 30, ""NewsAfterMin"": 60, ""NewsCloseMode"": 0, ""DailyLossPct"": 8.0, ""MaxSpreadPts"": 0}"
-50.0,-2.9595576495213716,19.332514994843645,0.0,0.0,86.06023172689424,0.15085866291444472,1108.1120212470012,85.0,8.0,103.0,"{""EntryMode"": 1, ""EntryTFMin"": 1, ""GridSpacingPts"": 105, ""TP_Pips"": 6.0, ""MaxLayers"": 3, ""Ladder"": ""step1"", ""MaxHoldSec"": 1800, ""StopPips"": 25.0, ""MaxBasketRiskPct"": 3.0, ""AddMinSec"": 60, ""Session"": ""lateny_1923"", ""ZEntry"": 1.5, ""ZEmaBars"": 120, ""NewsBeforeMin"": 30, ""NewsAfterMin"": 15, ""NewsCloseMode"": 0, ""DailyLossPct"": 8.0, ""MaxSpreadPts"": 0}"
-50.0,-1.5188852453036361,15.234126508522571,0.0,0.0,92.63700000000057,0.10236837840623034,1240.6609495878217,69.0,5.0,59.0,"{""EntryMode"": 1, ""EntryTFMin"": 1, ""GridSpacingPts"": 130, ""TP_Pips"": 7.5, ""MaxLayers"": 2, ""Ladder"": ""step1"", ""MaxHoldSec"": 1800, ""StopPips"": 27.0, ""MaxBasketRiskPct"": 3.0, ""AddMinSec"": 60, ""Session"": ""lateny_1923"", ""ZEntry"": 1.75, ""ZEmaBars"": 120, ""NewsBeforeMin"": 30, ""NewsAfterMin"": 60, ""NewsCloseMode"": 0, ""DailyLossPct"": 8.0, ""MaxSpreadPts"": 0}"
-50.0,-2.1666380466430324,10.786924818700824,0.0,0.0,89.63200000000403,0.10467743957328816,59.69050880565362,135.0,0.0,1.0,"{""EntryMode"": 1, ""EntryTFMin"": 1, ""GridSpacingPts"": 105, ""TP_Pips"": 6.5, ""MaxLayers"": 1, ""Ladder"": ""step1"", ""MaxHoldSec"": 60, ""StopPips"": 26.0, ""MaxBasketRiskPct"": 3.0, ""AddMinSec"": 60, ""Session"": ""lateny_1923"", ""ZEntry"": 2.0, ""ZEmaBars"": 120, ""NewsBeforeMin"": 30, ""NewsAfterMin"": 15, ""NewsCloseMode"": 0, ""DailyLossPct"": 8.0, ""MaxSpreadPts"": 0}"
-50.0,-1.8534542416940747,13.510664564775688,0.0,0.0,91.07499999999997,0.11160462307446165,957.4727012951201,47.0,5.0,93.0,"{""EntryMode"": 1, ""EntryTFMin"": 1, ""GridSpacingPts"": 120, ""TP_Pips"": 5.0, ""MaxLayers"": 1, ""Ladder"": ""step1"", ""MaxHoldSec"": 1800, ""StopPips"": 27.0, ""MaxBasketRiskPct"": 3.0, ""AddMinSec"": 0, ""Session"": ""lateny_1923"", ""ZEntry"": 1.75, ""ZEmaBars"": 120, ""NewsBeforeMin"": 30, ""NewsAfterMin"": 15, ""NewsCloseMode"": 0, ""DailyLossPct"": 8.0, ""MaxSpreadPts"": 0}"
-50.0,-2.2197740762852414,16.47587937319494,0.0,0.0,89.38900000000048,0.12391961596543673,903.0790414134663,48.0,6.0,107.0,"{""EntryMode"": 1, ""EntryTFMin"": 1, ""GridSpacingPts"": 80, ""TP_Pips"": 4.5, ""MaxLayers"": 2, ""Ladder"": ""step1"", ""MaxHoldSec"": 1800, ""StopPips"": 26.0, ""MaxBasketRiskPct"": 3.0, ""AddMinSec"": 30, ""Session"": ""lateny_1923"", ""ZEntry"": 1.75, ""ZEmaBars"": 120, ""NewsBeforeMin"": 30, ""NewsAfterMin"": 15, ""NewsCloseMode"": 0, ""DailyLossPct"": 8.0, ""MaxSpreadPts"": 0}"
-50.0,-2.2598664211536668,17.397262810896848,0.0,0.0,89.20600000000141,0.11545305835289135,1112.4509875161305,65.0,7.0,78.0,"{""EntryMode"": 1, ""EntryTFMin"": 1, ""GridSpacingPts"": 105, ""TP_Pips"": 6.5, ""MaxLayers"": 5, ""Ladder"": ""step1"", ""MaxHoldSec"": 1800, ""StopPips"": 26.0, ""MaxBasketRiskPct"": 3.0, ""AddMinSec"": 60, ""Session"": ""lateny_1923"", ""ZEntry"": 1.75, ""ZEmaBars"": 120, ""NewsBeforeMin"": 30, ""NewsAfterMin"": 15, ""NewsCloseMode"": 0, ""DailyLossPct"": 8.0, ""MaxSpreadPts"": 0}"
-50.0,-3.02400603695393,20.21004455772827,0.0,0.0,85.77499999999586,0.20088832153403097,762.2231812559045,56.0,13.0,192.0,"{""EntryMode"": 1, ""EntryTFMin"": 1, ""GridSpacingPts"": 145, ""TP_Pips"": 4.0, ""MaxLayers"": 1, ""Ladder"": ""step1"", ""MaxHoldSec"": 1800, ""StopPips"": 25.0, ""MaxBasketRiskPct"": 3.0, ""AddMinSec"": 60, ""Session"": ""lateny_1923"", ""ZEntry"": 1.75, ""ZEmaBars"": 120, ""NewsBeforeMin"": 30, ""NewsAfterMin"": 15, ""NewsCloseMode"": 0, ""DailyLossPct"": 8.0, ""MaxSpreadPts"": 0}"
-50.0,-2.2071508956800323,17.019843991269312,0.0,0.0,89.44668014681154,0.11468337129720542,984.3329927318398,53.0,5.0,91.0,"{""EntryMode"": 1, ""EntryTFMin"": 1, ""GridSpacingPts"": 145, ""TP_Pips"": 5.5, ""MaxLayers"": 2, ""Ladder"": ""step1"", ""MaxHoldSec"": 1800, ""StopPips"": 26.0, ""MaxBasketRiskPct"": 3.0, ""AddMinSec"": 60, ""Session"": ""lateny_1923"", ""ZEntry"": 1.75, ""ZEmaBars"": 120, ""NewsBeforeMin"": 30, ""NewsAfterMin"": 60, ""NewsCloseMode"": 0, ""DailyLossPct"": 3.0, ""MaxSpreadPts"": 0}"
-50.0,-4.002623730837573,18.573925200980412,0.0,0.0,81.53599999999814,0.05310840684233002,1552.4930884587138,51.0,2.0,16.0,"{""EntryMode"": 1, ""EntryTFMin"": 1, ""GridSpacingPts"": 100, ""TP_Pips"": 7.5, ""MaxLayers"": 1, ""Ladder"": ""step1"", ""MaxHoldSec"": 1800, ""StopPips"": 24.0, ""MaxBasketRiskPct"": 3.0, ""AddMinSec"": 60, ""Session"": ""asia_0109"", ""ZEntry"": 1.75, ""ZEmaBars"": 120, ""NewsBeforeMin"": 30, ""NewsAfterMin"": 15, ""NewsCloseMode"": 0, ""DailyLossPct"": 8.0, ""MaxSpreadPts"": 0}"
-50.0,-2.902587049372818,13.914075670065401,0.0,0.0,86.31300000000276,0.14624054058032906,124.51441399089956,177.0,0.0,13.0,"{""EntryMode"": 1, ""EntryTFMin"": 1, ""GridSpacingPts"": 85, ""TP_Pips"": 5.5, ""MaxLayers"": 2, ""Ladder"": ""step1"", ""MaxHoldSec"": 120, ""StopPips"": 25.0, ""MaxBasketRiskPct"": 3.0, ""AddMinSec"": 15, ""Session"": ""lateny_1923"", ""ZEntry"": 1.75, ""ZEmaBars"": 120, ""NewsBeforeMin"": 30, ""NewsAfterMin"": 15, ""NewsCloseMode"": 0, ""DailyLossPct"": 8.0, ""MaxSpreadPts"": 0}"
-50.0,-2.2469332937219533,17.06684639650898,0.0,0.0,89.26500000000108,0.11699243246426325,1071.329492424556,62.0,7.0,83.0,"{""EntryMode"": 1, ""EntryTFMin"": 1, ""GridSpacingPts"": 95, ""TP_Pips"": 6.0, ""MaxLayers"": 2, ""Ladder"": ""step1"", ""MaxHoldSec"": 1800, ""StopPips"": 26.0, ""MaxBasketRiskPct"": 3.0, ""AddMinSec"": 30, ""Session"": ""lateny_1923"", ""ZEntry"": 1.75, ""ZEmaBars"": 120, ""NewsBeforeMin"": 30, ""NewsAfterMin"": 15, ""NewsCloseMode"": 0, ""DailyLossPct"": 8.0, ""MaxSpreadPts"": 0}"
-50.0,-1.5105896510933414,11.675414271870396,0.0,0.0,92.67599999999986,0.14931928880307282,583.8644977261868,190.0,1.0,3.0,"{""EntryMode"": 1, ""EntryTFMin"": 1, ""GridSpacingPts"": 110, ""TP_Pips"": 13.0, ""MaxLayers"": 3, ""Ladder"": ""step1"", ""MaxHoldSec"": 600, ""StopPips"": 27.0, ""MaxBasketRiskPct"": 3.0, ""AddMinSec"": 60, ""Session"": ""lateny_1923"", ""ZEntry"": 2.25, ""ZEmaBars"": 120, ""NewsBeforeMin"": 30, ""NewsAfterMin"": 60, ""NewsCloseMode"": 2, ""DailyLossPct"": 8.0, ""MaxSpreadPts"": 0}"
-50.0,-0.7671187628774612,11.628997123082106,0.0,0.0,96.2250000000013,0.13392554768935397,551.4818121496138,147.0,1.0,26.0,"{""EntryMode"": 1, ""EntryTFMin"": 1, ""GridSpacingPts"": 120, ""TP_Pips"": 8.5, ""MaxLayers"": 1, ""Ladder"": ""step1"", ""MaxHoldSec"": 600, ""StopPips"": 28.0, ""MaxBasketRiskPct"": 3.0, ""AddMinSec"": 15, ""Session"": ""lateny_1923"", ""ZEntry"": 1.75, ""ZEmaBars"": 120, ""NewsBeforeMin"": 60, ""NewsAfterMin"": 60, ""NewsCloseMode"": 0, ""DailyLossPct"": 8.0, ""MaxSpreadPts"": 0}"
-50.0,-2.30925055588197,13.783948763165487,0.0,0.0,88.98100000000063,0.17164021341796515,544.0243872568525,183.0,3.0,37.0,"{""EntryMode"": 1, ""EntryTFMin"": 1, ""GridSpacingPts"": 125, ""TP_Pips"": 7.5, ""MaxLayers"": 6, ""Ladder"": ""step1"", ""MaxHoldSec"": 600, ""StopPips"": 26.0, ""MaxBasketRiskPct"": 3.0, ""AddMinSec"": 60, ""Session"": ""lateny_1923"", ""ZEntry"": 2.25, ""ZEmaBars"": 120, ""NewsBeforeMin"": 30, ""NewsAfterMin"": 60, ""NewsCloseMode"": 2, ""DailyLossPct"": 8.0, ""MaxSpreadPts"": 0}"
-50.0,-0.07535801359587202,1.2436550744501795,0.0,0.0,99.62400000000017,0.003848435278429712,600.0,5.0,0.0,0.0,"{""EntryMode"": 1, ""EntryTFMin"": 1, ""GridSpacingPts"": 115, ""TP_Pips"": 12.0, ""MaxLayers"": 4, ""Ladder"": ""step1"", ""MaxHoldSec"": 600, ""StopPips"": 29.0, ""MaxBasketRiskPct"": 3.0, ""AddMinSec"": 60, ""Session"": ""lateny_1923"", ""ZEntry"": 1.75, ""ZEmaBars"": 120, ""NewsBeforeMin"": 30, ""NewsAfterMin"": 60, ""NewsCloseMode"": 2, ""DailyLossPct"": 8.0, ""MaxSpreadPts"": 0}"
-50.0,-2.178654622107612,17.979757159391667,0.0,0.0,89.57699999999873,0.17933708397482456,570.9964994128869,214.0,1.0,18.0,"{""EntryMode"": 1, ""EntryTFMin"": 1, ""GridSpacingPts"": 95, ""TP_Pips"": 11.0, ""MaxLayers"": 3, ""Ladder"": ""step1"", ""MaxHoldSec"": 600, ""StopPips"": 26.0, ""MaxBasketRiskPct"": 3.0, ""AddMinSec"": 30, ""Session"": ""lateny_1923"", ""ZEntry"": 1.75, ""ZEmaBars"": 120, ""NewsBeforeMin"": 15, ""NewsAfterMin"": 60, ""NewsCloseMode"": 0, ""DailyLossPct"": 8.0, ""MaxSpreadPts"": 0}"
-50.0,-0.10247025495483397,1.0842784610624683,0.0,0.0,99.48900000000012,0.0015393741113718848,600.0,2.0,0.0,0.0,"{""EntryMode"": 1, ""EntryTFMin"": 1, ""GridSpacingPts"": 130, ""TP_Pips"": 15.0, ""MaxLayers"": 3, ""Ladder"": ""step1"", ""MaxHoldSec"": 600, ""StopPips"": 29.0, ""MaxBasketRiskPct"": 3.0, ""AddMinSec"": 30, ""Session"": ""lateny_1923"", ""ZEntry"": 2.0, ""ZEmaBars"": 120, ""NewsBeforeMin"": 30, ""NewsAfterMin"": 60, ""NewsCloseMode"": 2, ""DailyLossPct"": 8.0, ""MaxSpreadPts"": 0}"
-50.0,0.0,0.0,0.0,0.0,100.0,0.0,0.0,0.0,0.0,0.0,"{""EntryMode"": 1, ""EntryTFMin"": 1, ""GridSpacingPts"": 150, ""TP_Pips"": 5.5, ""MaxLayers"": 1, ""Ladder"": ""step1"", ""MaxHoldSec"": 1800, ""StopPips"": 25.0, ""MaxBasketRiskPct"": 2.0, ""AddMinSec"": 60, ""Session"": ""lateny_1923"", ""ZEntry"": 1.75, ""ZEmaBars"": 120, ""NewsBeforeMin"": 30, ""NewsAfterMin"": 60, ""NewsCloseMode"": 0, ""DailyLossPct"": 3.0, ""MaxSpreadPts"": 0}"
-50.0,-3.0113411273184787,20.314160468098112,0.0,0.0,85.8309917967443,0.1685614651952214,1029.9794748806862,87.0,9.0,123.0,"{""EntryMode"": 1, ""EntryTFMin"": 1, ""GridSpacingPts"": 140, ""TP_Pips"": 6.0, ""MaxLayers"": 3, ""Ladder"": ""step1"", ""MaxHoldSec"": 1800, ""StopPips"": 25.0, ""MaxBasketRiskPct"": 3.0, ""AddMinSec"": 60, ""Session"": ""lateny_1923"", ""ZEntry"": 1.75, ""ZEmaBars"": 120, ""NewsBeforeMin"": 30, ""NewsAfterMin"": 60, ""NewsCloseMode"": 0, ""DailyLossPct"": 3.0, ""MaxSpreadPts"": 0}"
-50.0,-3.0473211186092364,14.647235439045545,0.0,0.0,85.67200000000257,0.14624054058032906,122.69106629256804,173.0,0.0,17.0,"{""EntryMode"": 1, ""EntryTFMin"": 1, ""GridSpacingPts"": 105, ""TP_Pips"": 5.0, ""MaxLayers"": 3, ""Ladder"": ""step1"", ""MaxHoldSec"": 120, ""StopPips"": 25.0, ""MaxBasketRiskPct"": 3.0, ""AddMinSec"": 60, ""Session"": ""lateny_1923"", ""ZEntry"": 1.75, ""ZEmaBars"": 120, ""NewsBeforeMin"": 60, ""NewsAfterMin"": 15, ""NewsCloseMode"": 0, ""DailyLossPct"": 8.0, ""MaxSpreadPts"": 0}"
-50.0,-2.2598664211536668,17.397262810896848,0.0,0.0,89.20600000000141,0.11545305835289135,1112.4509875161305,65.0,7.0,78.0,"{""EntryMode"": 1, ""EntryTFMin"": 1, ""GridSpacingPts"": 115, ""TP_Pips"": 6.5, ""MaxLayers"": 4, ""Ladder"": ""step1"", ""MaxHoldSec"": 1800, ""StopPips"": 26.0, ""MaxBasketRiskPct"": 3.0, ""AddMinSec"": 60, ""Session"": ""lateny_1923"", ""ZEntry"": 1.75, ""ZEmaBars"": 120, ""NewsBeforeMin"": 30, ""NewsAfterMin"": 15, ""NewsCloseMode"": 0, ""DailyLossPct"": 8.0, ""MaxSpreadPts"": 0}"
-50.0,-2.692780333837086,21.19496003251799,0.0,0.0,87.24899999999889,0.1908823898101137,1369.9839054877805,154.0,14.0,80.0,"{""EntryMode"": 1, ""EntryTFMin"": 1, ""GridSpacingPts"": 140, ""TP_Pips"": 9.0, ""MaxLayers"": 2, ""Ladder"": ""step1"", ""MaxHoldSec"": 1800, ""StopPips"": 26.0, ""MaxBasketRiskPct"": 3.0, ""AddMinSec"": 15, ""Session"": ""lateny_1923"", ""ZEntry"": 2.0, ""ZEmaBars"": 120, ""NewsBeforeMin"": 30, ""NewsAfterMin"": 15, ""NewsCloseMode"": 0, ""DailyLossPct"": 8.0, ""MaxSpreadPts"": 0}"
-50.0,-1.5959899415573298,14.016291841314432,0.0,0.0,92.27513608465792,0.10313806546191628,1110.0576279643194,60.0,4.0,70.0,"{""EntryMode"": 1, ""EntryTFMin"": 1, ""GridSpacingPts"": 140, ""TP_Pips"": 6.5, ""MaxLayers"": 1, ""Ladder"": ""step1"", ""MaxHoldSec"": 1800, ""StopPips"": 27.0, ""MaxBasketRiskPct"": 3.0, ""AddMinSec"": 60, ""Session"": ""lateny_1923"", ""ZEntry"": 1.75, ""ZEmaBars"": 120, ""NewsBeforeMin"": 30, ""NewsAfterMin"": 60, ""NewsCloseMode"": 0, ""DailyLossPct"": 3.0, ""MaxSpreadPts"": 0}"
-50.0,-3.696401593575971,19.597100059680443,0.0,0.0,82.84400000000213,0.09159275962662715,1219.1441547063682,63.0,7.0,49.0,"{""EntryMode"": 1, ""EntryTFMin"": 5, ""GridSpacingPts"": 120, ""TP_Pips"": 6.5, ""MaxLayers"": 3, ""Ladder"": ""step1"", ""MaxHoldSec"": 1800, ""StopPips"": 24.0, ""MaxBasketRiskPct"": 3.0, ""AddMinSec"": 60, ""Session"": ""lateny_1923"", ""ZEntry"": 2.0, ""ZEmaBars"": 120, ""NewsBeforeMin"": 30, ""NewsAfterMin"": 15, ""NewsCloseMode"": 0, ""DailyLossPct"": 8.0, ""MaxSpreadPts"": 0}"
-50.0,-2.1596492983694815,16.736992786503276,0.0,0.0,89.66400000000216,0.1216105547983789,992.0449137305686,55.0,7.0,96.0,"{""EntryMode"": 1, ""EntryTFMin"": 1, ""GridSpacingPts"": 135, ""TP_Pips"": 5.5, ""MaxLayers"": 1, ""Ladder"": ""step1"", ""MaxHoldSec"": 1800, ""StopPips"": 26.0, ""MaxBasketRiskPct"": 3.0, ""AddMinSec"": 60, ""Session"": ""lateny_1923"", ""ZEntry"": 1.75, ""ZEmaBars"": 120, ""NewsBeforeMin"": 30, ""NewsAfterMin"": 15, ""NewsCloseMode"": 0, ""DailyLossPct"": 8.0, ""MaxSpreadPts"": 0}"
-50.0,0.0,0.0,0.0,0.0,100.0,0.0,0.0,0.0,0.0,0.0,"{""EntryMode"": 1, ""EntryTFMin"": 1, ""GridSpacingPts"": 130, ""TP_Pips"": 7.5, ""MaxLayers"": 2, ""Ladder"": ""step1"", ""MaxHoldSec"": 1800, ""StopPips"": 24.0, ""MaxBasketRiskPct"": 2.0, ""AddMinSec"": 60, ""Session"": ""lateny_1923"", ""ZEntry"": 1.5, ""ZEmaBars"": 120, ""NewsBeforeMin"": 30, ""NewsAfterMin"": 60, ""NewsCloseMode"": 0, ""DailyLossPct"": 8.0, ""MaxSpreadPts"": 0}"
-50.0,-2.42906442433678,13.658508010583928,0.0,0.0,88.43699999999941,0.11006524896308977,907.2488591485209,46.0,10.0,87.0,"{""EntryMode"": 1, ""EntryTFMin"": 1, ""GridSpacingPts"": 115, ""TP_Pips"": 5.5, ""MaxLayers"": 2, ""Ladder"": ""step1"", ""MaxHoldSec"": 1800, ""StopPips"": 26.0, ""MaxBasketRiskPct"": 3.0, ""AddMinSec"": 15, ""Session"": ""lateny_1923"", ""ZEntry"": 2.5, ""ZEmaBars"": 120, ""NewsBeforeMin"": 30, ""NewsAfterMin"": 15, ""NewsCloseMode"": 0, ""DailyLossPct"": 8.0, ""MaxSpreadPts"": 0}"
-50.0,-1.087197951104002,8.989926111558281,0.0,0.0,94.6840000000001,0.011545305835289135,412.8049243768057,2.0,3.0,10.0,"{""EntryMode"": 1, ""EntryTFMin"": 1, ""GridSpacingPts"": 105, ""TP_Pips"": 4.5, ""MaxLayers"": 3, ""Ladder"": ""step1"", ""MaxHoldSec"": 1800, ""StopPips"": 25.0, ""MaxBasketRiskPct"": 3.0, ""AddMinSec"": 60, ""Session"": ""lateny_1923"", ""ZEntry"": 2.25, ""ZEmaBars"": 30, ""NewsBeforeMin"": 30, ""NewsAfterMin"": 15, ""NewsCloseMode"": 0, ""DailyLossPct"": 8.0, ""MaxSpreadPts"": 0}"
-50.0,-3.267997433767622,16.562084421020476,0.0,0.0,84.7020000000017,0.08004745379133801,1111.8406884021927,45.0,7.0,52.0,"{""EntryMode"": 1, ""EntryTFMin"": 5, ""GridSpacingPts"": 115, ""TP_Pips"": 5.5, ""MaxLayers"": 3, ""Ladder"": ""step1"", ""MaxHoldSec"": 1800, ""StopPips"": 25.0, ""MaxBasketRiskPct"": 3.0, ""AddMinSec"": 60, ""Session"": ""lateny_1923"", ""ZEntry"": 2.25, ""ZEmaBars"": 120, ""NewsBeforeMin"": 30, ""NewsAfterMin"": 30, ""NewsCloseMode"": 0, ""DailyLossPct"": 8.0, ""MaxSpreadPts"": 0}"
-50.0,-2.3538918060571734,15.692009648438798,0.0,0.0,88.77800000000104,0.12238024185406483,938.1116739664668,49.0,7.0,103.0,"{""EntryMode"": 1, ""EntryTFMin"": 1, ""GridSpacingPts"": 110, ""TP_Pips"": 5.0, ""MaxLayers"": 2, ""Ladder"": ""step1"", ""MaxHoldSec"": 1800, ""StopPips"": 26.0, ""MaxBasketRiskPct"": 3.0, ""AddMinSec"": 60, ""Session"": ""lateny_1923"", ""ZEntry"": 1.75, ""ZEmaBars"": 120, ""NewsBeforeMin"": 30, ""NewsAfterMin"": 15, ""NewsCloseMode"": 0, ""DailyLossPct"": 8.0, ""MaxSpreadPts"": 0}"
-50.0,-2.214537179401832,16.204890908731688,0.0,0.0,89.41292577528743,0.11391368424151947,943.770539983581,48.0,4.0,96.0,"{""EntryMode"": 1, ""EntryTFMin"": 1, ""GridSpacingPts"": 130, ""TP_Pips"": 5.0, ""MaxLayers"": 2, ""Ladder"": ""step1"", ""MaxHoldSec"": 1800, ""StopPips"": 26.0, ""MaxBasketRiskPct"": 3.0, ""AddMinSec"": 60, ""Session"": ""lateny_1923"", ""ZEntry"": 1.75, ""ZEmaBars"": 120, ""NewsBeforeMin"": 30, ""NewsAfterMin"": 60, ""NewsCloseMode"": 0, ""DailyLossPct"": 3.0, ""MaxSpreadPts"": 10}"
-50.0,-1.1520904584691904,13.45407859140655,0.0,0.0,94.37400000000125,0.0708112091231067,1182.7725628001017,45.0,3.0,44.0,"{""EntryMode"": 1, ""EntryTFMin"": 1, ""GridSpacingPts"": 125, ""TP_Pips"": 6.5, ""MaxLayers"": 3, ""Ladder"": ""step1"", ""MaxHoldSec"": 1800, ""StopPips"": 28.0, ""MaxBasketRiskPct"": 3.0, ""AddMinSec"": 60, ""Session"": ""lateny_1923"", ""ZEntry"": 2.0, ""ZEmaBars"": 120, ""NewsBeforeMin"": 60, ""NewsAfterMin"": 15, ""NewsCloseMode"": 0, ""DailyLossPct"": 8.0, ""MaxSpreadPts"": 0}"
-50.0,-3.2851440788763675,21.37886825407128,0.0,0.0,84.62700000000149,0.18395520630894022,1537.229021121655,190.0,14.0,35.0,"{""EntryMode"": 1, ""EntryTFMin"": 1, ""GridSpacingPts"": 150, ""TP_Pips"": 12.5, ""MaxLayers"": 1, ""Ladder"": ""step1"", ""MaxHoldSec"": 1800, ""StopPips"": 25.0, ""MaxBasketRiskPct"": 3.0, ""AddMinSec"": 60, ""Session"": ""lateny_1923"", ""ZEntry"": 2.0, ""ZEmaBars"": 120, ""NewsBeforeMin"": 30, ""NewsAfterMin"": 15, ""NewsCloseMode"": 0, ""DailyLossPct"": 8.0, ""MaxSpreadPts"": 0}"
-50.0,-1.644083281230102,10.739393939395088,0.0,0.0,92.0499999999956,0.043872162174098714,613.2563031568365,9.0,6.0,42.0,"{""EntryMode"": 1, ""EntryTFMin"": 1, ""GridSpacingPts"": 115, ""TP_Pips"": 5.0, ""MaxLayers"": 3, ""Ladder"": ""step1"", ""MaxHoldSec"": 1800, ""StopPips"": 27.0, ""MaxBasketRiskPct"": 3.0, ""AddMinSec"": 60, ""Session"": ""london_1013"", ""ZEntry"": 2.0, ""ZEmaBars"": 120, ""NewsBeforeMin"": 30, ""NewsAfterMin"": 15, ""NewsCloseMode"": 0, ""DailyLossPct"": 8.0, ""MaxSpreadPts"": 0}"
-50.0,-3.1555881058410673,20.105968959536288,0.0,0.0,85.19499999999813,0.15470709819287443,610.1495981597005,104.0,3.0,94.0,"{""EntryMode"": 1, ""EntryTFMin"": 1, ""GridSpacingPts"": 120, ""TP_Pips"": 4.5, ""MaxLayers"": 3, ""Ladder"": ""step1"", ""MaxHoldSec"": 900, ""StopPips"": 25.0, ""MaxBasketRiskPct"": 3.0, ""AddMinSec"": 60, ""Session"": ""lateny_1923"", ""ZEntry"": 1.75, ""ZEmaBars"": 120, ""NewsBeforeMin"": 30, ""NewsAfterMin"": 15, ""NewsCloseMode"": 0, ""DailyLossPct"": 8.0, ""MaxSpreadPts"": 0}"
-50.0,-2.2403597493175997,12.975469988011104,0.0,0.0,89.29500000000256,0.03540560456155335,1265.4358263199147,26.0,3.0,17.0,"{""EntryMode"": 1, ""EntryTFMin"": 5, ""GridSpacingPts"": 150, ""TP_Pips"": 7.0, ""MaxLayers"": 1, ""Ladder"": ""step1"", ""MaxHoldSec"": 1800, ""StopPips"": 26.0, ""MaxBasketRiskPct"": 3.0, ""AddMinSec"": 60, ""Session"": ""lateny_1923"", ""ZEntry"": 2.0, ""ZEmaBars"": 120, ""NewsBeforeMin"": 30, ""NewsAfterMin"": 15, ""NewsCloseMode"": 0, ""DailyLossPct"": 8.0, ""MaxSpreadPts"": 0}"
-50.0,-3.719908864954491,23.161764705881616,0.0,0.0,82.74300000000197,0.16779177813953544,1077.8982666990878,89.0,11.0,118.0,"{""EntryMode"": 1, ""EntryTFMin"": 1, ""GridSpacingPts"": 115, ""TP_Pips"": 6.0, ""MaxLayers"": 4, ""Ladder"": ""step1"", ""MaxHoldSec"": 1800, ""StopPips"": 24.0, ""MaxBasketRiskPct"": 3.0, ""AddMinSec"": 60, ""Session"": ""lateny_1923"", ""ZEntry"": 1.5, ""ZEmaBars"": 120, ""NewsBeforeMin"": 60, ""NewsAfterMin"": 15, ""NewsCloseMode"": 0, ""DailyLossPct"": 8.0, ""MaxSpreadPts"": 0}"
-50.0,-1.505911316923192,13.548459530514274,0.0,0.0,92.69800000000104,0.11468337129720542,997.0574357049508,52.0,6.0,91.0,"{""EntryMode"": 1, ""EntryTFMin"": 1, ""GridSpacingPts"": 125, ""TP_Pips"": 5.5, ""MaxLayers"": 2, ""Ladder"": ""step1"", ""MaxHoldSec"": 1800, ""StopPips"": 27.0, ""MaxBasketRiskPct"": 3.0, ""AddMinSec"": 60, ""Session"": ""lateny_1923"", ""ZEntry"": 1.75, ""ZEmaBars"": 120, ""NewsBeforeMin"": 30, ""NewsAfterMin"": 15, ""NewsCloseMode"": 0, ""DailyLossPct"": 8.0, ""MaxSpreadPts"": 0}"
-50.0,-5.272232727188275,24.05646758987973,0.0,0.0,76.28799999999384,0.1631736558054198,110.36075378363986,177.0,1.0,34.0,"{""EntryMode"": 1, ""EntryTFMin"": 1, ""GridSpacingPts"": 130, ""TP_Pips"": 5.0, ""MaxLayers"": 2, ""Ladder"": ""step1"", ""MaxHoldSec"": 120, ""StopPips"": 22.0, ""MaxBasketRiskPct"": 3.0, ""AddMinSec"": 60, ""Session"": ""lateny_1923"", ""ZEntry"": 1.5, ""ZEmaBars"": 30, ""NewsBeforeMin"": 30, ""NewsAfterMin"": 15, ""NewsCloseMode"": 0, ""DailyLossPct"": 8.0, ""MaxSpreadPts"": 0}"
-50.0,-2.9151905353816066,13.958933558428354,0.0,0.0,86.25702951833985,0.11391368424151947,33.48011825052469,146.0,0.0,2.0,"{""EntryMode"": 1, ""EntryTFMin"": 1, ""GridSpacingPts"": 100, ""TP_Pips"": 6.0, ""MaxLayers"": 3, ""Ladder"": ""step1"", ""MaxHoldSec"": 30, ""StopPips"": 25.0, ""MaxBasketRiskPct"": 3.0, ""AddMinSec"": 60, ""Session"": ""lateny_1923"", ""ZEntry"": 2.0, ""ZEmaBars"": 120, ""NewsBeforeMin"": 30, ""NewsAfterMin"": 15, ""NewsCloseMode"": 0, ""DailyLossPct"": 8.0, ""MaxSpreadPts"": 0}"
-50.0,-0.9236301506923117,13.89949195520534,0.0,0.0,95.4690000000011,0.19165207686579966,540.331335067749,210.0,2.0,37.0,"{""EntryMode"": 1, ""EntryTFMin"": 1, ""GridSpacingPts"": 130, ""TP_Pips"": 9.0, ""MaxLayers"": 6, ""Ladder"": ""step1"", ""MaxHoldSec"": 600, ""StopPips"": 28.0, ""MaxBasketRiskPct"": 3.0, ""AddMinSec"": 60, ""Session"": ""lateny_1923"", ""ZEntry"": 2.0, ""ZEmaBars"": 120, ""NewsBeforeMin"": 30, ""NewsAfterMin"": 60, ""NewsCloseMode"": 2, ""DailyLossPct"": 8.0, ""MaxSpreadPts"": 0}"
-50.0,-1.5808714859473105,13.555561796174873,0.0,0.0,92.34599999999978,0.10313806546191628,1105.639896057498,58.0,5.0,71.0,"{""EntryMode"": 1, ""EntryTFMin"": 1, ""GridSpacingPts"": 105, ""TP_Pips"": 6.0, ""MaxLayers"": 2, ""Ladder"": ""flat"", ""MaxHoldSec"": 1800, ""StopPips"": 27.0, ""MaxBasketRiskPct"": 3.0, ""AddMinSec"": 60, ""Session"": ""lateny_1923"", ""ZEntry"": 1.75, ""ZEmaBars"": 120, ""NewsBeforeMin"": 30, ""NewsAfterMin"": 15, ""NewsCloseMode"": 0, ""DailyLossPct"": 8.0, ""MaxSpreadPts"": 0}"
-50.0,-1.4427546194702767,15.448517208171705,0.0,0.0,92.99540524663098,0.07850807967996612,1182.7401204836572,53.0,3.0,46.0,"{""EntryMode"": 1, ""EntryTFMin"": 1, ""GridSpacingPts"": 140, ""TP_Pips"": 7.0, ""MaxLayers"": 3, ""Ladder"": ""step1"", ""MaxHoldSec"": 1800, ""StopPips"": 27.0, ""MaxBasketRiskPct"": 3.0, ""AddMinSec"": 60, ""Session"": ""lateny_1923"", ""ZEntry"": 2.0, ""ZEmaBars"": 120, ""NewsBeforeMin"": 30, ""NewsAfterMin"": 15, ""NewsCloseMode"": 0, ""DailyLossPct"": 3.0, ""MaxSpreadPts"": 0}"
-50.0,-2.951713411783574,16.99846713006095,0.0,0.0,86.09500000000193,0.11853180657563513,1083.9267389802703,67.0,6.0,81.0,"{""EntryMode"": 1, ""EntryTFMin"": 1, ""GridSpacingPts"": 120, ""TP_Pips"": 5.5, ""MaxLayers"": 1, ""Ladder"": ""step1"", ""MaxHoldSec"": 1800, ""StopPips"": 25.0, ""MaxBasketRiskPct"": 3.0, ""AddMinSec"": 60, ""Session"": ""lateny_1923"", ""ZEntry"": 1.0, ""ZEmaBars"": 120, ""NewsBeforeMin"": 30, ""NewsAfterMin"": 15, ""NewsCloseMode"": 0, ""DailyLossPct"": 8.0, ""MaxSpreadPts"": 0}"
-50.0,-2.223714672829713,17.21985920986869,0.0,0.0,89.37099999999803,0.173949274585023,583.9978061657918,219.0,1.0,6.0,"{""EntryMode"": 1, ""EntryTFMin"": 1, ""GridSpacingPts"": 110, ""TP_Pips"": 13.0, ""MaxLayers"": 6, ""Ladder"": ""step1"", ""MaxHoldSec"": 600, ""StopPips"": 26.0, ""MaxBasketRiskPct"": 3.0, ""AddMinSec"": 60, ""Session"": ""lateny_1923"", ""ZEntry"": 1.75, ""ZEmaBars"": 120, ""NewsBeforeMin"": 30, ""NewsAfterMin"": 60, ""NewsCloseMode"": 2, ""DailyLossPct"": 8.0, ""MaxSpreadPts"": 0}"
-50.0,-1.4842324556066044,13.306677627892885,0.0,0.0,92.799999999999,0.14239210530189933,518.2079622843327,140.0,1.0,44.0,"{""EntryMode"": 1, ""EntryTFMin"": 1, ""GridSpacingPts"": 105, ""TP_Pips"": 6.5, ""MaxLayers"": 3, ""Ladder"": ""step1"", ""MaxHoldSec"": 600, ""StopPips"": 27.0, ""MaxBasketRiskPct"": 3.0, ""AddMinSec"": 60, ""Session"": ""lateny_1923"", ""ZEntry"": 1.75, ""ZEmaBars"": 120, ""NewsBeforeMin"": 30, ""NewsAfterMin"": 15, ""NewsCloseMode"": 0, ""DailyLossPct"": 8.0, ""MaxSpreadPts"": 0}"
-50.0,-0.07535801359587202,1.2436550744501795,0.0,0.0,99.62400000000017,0.003848435278429712,600.0,5.0,0.0,0.0,"{""EntryMode"": 1, ""EntryTFMin"": 1, ""GridSpacingPts"": 95, ""TP_Pips"": 10.0, ""MaxLayers"": 3, ""Ladder"": ""step1"", ""MaxHoldSec"": 600, ""StopPips"": 29.0, ""MaxBasketRiskPct"": 3.0, ""AddMinSec"": 30, ""Session"": ""lateny_1923"", ""ZEntry"": 1.75, ""ZEmaBars"": 120, ""NewsBeforeMin"": 60, ""NewsAfterMin"": 60, ""NewsCloseMode"": 0, ""DailyLossPct"": 8.0, ""MaxSpreadPts"": 0}"
-50.0,0.0,0.0,0.0,0.0,100.0,0.0,0.0,0.0,0.0,0.0,"{""EntryMode"": 1, ""EntryTFMin"": 1, ""GridSpacingPts"": 110, ""TP_Pips"": 10.0, ""MaxLayers"": 2, ""Ladder"": ""step1"", ""MaxHoldSec"": 600, ""StopPips"": 27.0, ""MaxBasketRiskPct"": 2.0, ""AddMinSec"": 30, ""Session"": ""lateny_1923"", ""ZEntry"": 2.0, ""ZEmaBars"": 120, ""NewsBeforeMin"": 60, ""NewsAfterMin"": 60, ""NewsCloseMode"": 0, ""DailyLossPct"": 8.0, ""MaxSpreadPts"": 0}"
-50.0,-0.79602796488355,12.901308510346787,0.0,0.0,96.08500000000106,0.12314992890975078,583.6593485992113,155.0,1.0,4.0,"{""EntryMode"": 1, ""EntryTFMin"": 1, ""GridSpacingPts"": 130, ""TP_Pips"": 13.0, ""MaxLayers"": 5, ""Ladder"": ""step1"", ""MaxHoldSec"": 600, ""StopPips"": 28.0, ""MaxBasketRiskPct"": 3.0, ""AddMinSec"": 60, ""Session"": ""lateny_1923"", ""ZEntry"": 2.0, ""ZEmaBars"": 120, ""NewsBeforeMin"": 30, ""NewsAfterMin"": 60, ""NewsCloseMode"": 0, ""DailyLossPct"": 8.0, ""MaxSpreadPts"": 0}"
-50.0,-1.4602379201457572,7.596145239727627,0.0,0.0,92.91300000000132,0.05541746800938785,634.1108384615667,66.0,2.0,4.0,"{""EntryMode"": 0, ""EntryTFMin"": 1, ""GridSpacingPts"": 125, ""TP_Pips"": 14.5, ""MaxLayers"": 2, ""Ladder"": ""step1"", ""MaxHoldSec"": 600, ""StopPips"": 27.0, ""MaxBasketRiskPct"": 3.0, ""AddMinSec"": 30, ""Session"": ""lateny_1923"", ""ZEntry"": 2.0, ""ZEmaBars"": 120, ""NewsBeforeMin"": 30, ""NewsAfterMin"": 60, ""NewsCloseMode"": 2, ""DailyLossPct"": 8.0, ""MaxSpreadPts"": 0}"
-50.0,-0.8935347868064492,12.699865459770987,0.0,0.0,95.6140000000008,0.12622867713249455,581.8377928245835,158.0,1.0,5.0,"{""EntryMode"": 1, ""EntryTFMin"": 1, ""GridSpacingPts"": 105, ""TP_Pips"": 12.5, ""MaxLayers"": 1, ""Ladder"": ""step1"", ""MaxHoldSec"": 600, ""StopPips"": 28.0, ""MaxBasketRiskPct"": 3.0, ""AddMinSec"": 60, ""Session"": ""lateny_1923"", ""ZEntry"": 2.0, ""ZEmaBars"": 120, ""NewsBeforeMin"": 30, ""NewsAfterMin"": 60, ""NewsCloseMode"": 2, ""DailyLossPct"": 8.0, ""MaxSpreadPts"": 0}"
-50.0,0.0,0.0,0.0,0.0,100.0,0.0,0.0,0.0,0.0,0.0,"{""EntryMode"": 1, ""EntryTFMin"": 1, ""GridSpacingPts"": 115, ""TP_Pips"": 13.5, ""MaxLayers"": 3, ""Ladder"": ""step1"", ""MaxHoldSec"": 600, ""StopPips"": 27.0, ""MaxBasketRiskPct"": 2.0, ""AddMinSec"": 60, ""Session"": ""lateny_1923"", ""ZEntry"": 2.0, ""ZEmaBars"": 120, ""NewsBeforeMin"": 30, ""NewsAfterMin"": 60, ""NewsCloseMode"": 2, ""DailyLossPct"": 8.0, ""MaxSpreadPts"": 0}"
-50.0,-0.15174920565536043,1.2844493085271298,0.0,0.0,99.24399999999982,0.0030787482227437697,491.99999999999994,4.0,0.0,0.0,"{""EntryMode"": 1, ""EntryTFMin"": 1, ""GridSpacingPts"": 100, ""TP_Pips"": 10.0, ""MaxLayers"": 3, ""Ladder"": ""step1"", ""MaxHoldSec"": 600, ""StopPips"": 29.0, ""MaxBasketRiskPct"": 3.0, ""AddMinSec"": 30, ""Session"": ""lateny_1923"", ""ZEntry"": 2.25, ""ZEmaBars"": 120, ""NewsBeforeMin"": 30, ""NewsAfterMin"": 60, ""NewsCloseMode"": 0, ""DailyLossPct"": 8.0, ""MaxSpreadPts"": 0}"
-50.0,-1.5416593072309248,15.029826190063499,0.0,0.0,92.52999999999776,0.17010083930659325,550.9116233289241,188.0,1.0,32.0,"{""EntryMode"": 1, ""EntryTFMin"": 1, ""GridSpacingPts"": 115, ""TP_Pips"": 8.5, ""MaxLayers"": 5, ""Ladder"": ""step1"", ""MaxHoldSec"": 600, ""StopPips"": 27.0, ""MaxBasketRiskPct"": 3.0, ""AddMinSec"": 15, ""Session"": ""lateny_1923"", ""ZEntry"": 1.75, ""ZEmaBars"": 120, ""NewsBeforeMin"": 30, ""NewsAfterMin"": 30, ""NewsCloseMode"": 0, ""DailyLossPct"": 8.0, ""MaxSpreadPts"": 0}"
-50.0,-2.9197023906249897,16.490248536313327,0.0,0.0,86.23699999999772,0.11545305835289135,514.9695489783832,24.0,3.0,123.0,"{""EntryMode"": 1, ""EntryTFMin"": 1, ""GridSpacingPts"": 145, ""TP_Pips"": 2.0, ""MaxLayers"": 1, ""Ladder"": ""step1"", ""MaxHoldSec"": 1800, ""StopPips"": 25.0, ""MaxBasketRiskPct"": 3.0, ""AddMinSec"": 60, ""Session"": ""lateny_1923"", ""ZEntry"": 1.75, ""ZEmaBars"": 120, ""NewsBeforeMin"": 30, ""NewsAfterMin"": 15, ""NewsCloseMode"": 0, ""DailyLossPct"": 8.0, ""MaxSpreadPts"": 0}"
-50.0,-1.5337817827424272,14.205609209039489,0.0,0.0,92.56700000000039,0.10775618779603194,1119.6340062603626,62.0,6.0,72.0,"{""EntryMode"": 1, ""EntryTFMin"": 1, ""GridSpacingPts"": 85, ""TP_Pips"": 6.5, ""MaxLayers"": 2, ""Ladder"": ""step1"", ""MaxHoldSec"": 1800, ""StopPips"": 27.0, ""MaxBasketRiskPct"": 3.0, ""AddMinSec"": 15, ""Session"": ""lateny_1923"", ""ZEntry"": 1.75, ""ZEmaBars"": 120, ""NewsBeforeMin"": 30, ""NewsAfterMin"": 15, ""NewsCloseMode"": 0, ""DailyLossPct"": 8.0, ""MaxSpreadPts"": 0}"
-50.0,-1.501446462712841,9.355671118466846,0.0,0.0,92.71899999999825,0.043872162174098714,585.4412612398465,56.0,1.0,0.0,"{""EntryMode"": 1, ""EntryTFMin"": 1, ""GridSpacingPts"": 120, ""TP_Pips"": 15.0, ""MaxLayers"": 4, ""Ladder"": ""step1"", ""MaxHoldSec"": 600, ""StopPips"": 27.0, ""MaxBasketRiskPct"": 3.0, ""AddMinSec"": 30, ""Session"": ""lateny_1923"", ""ZEntry"": 2.0, ""ZEmaBars"": 60, ""NewsBeforeMin"": 30, ""NewsAfterMin"": 60, ""NewsCloseMode"": 2, ""DailyLossPct"": 8.0, ""MaxSpreadPts"": 0}"
-50.0,-0.07535801359587202,1.2436550744501795,0.0,0.0,99.62400000000017,0.003848435278429712,600.0,5.0,0.0,0.0,"{""EntryMode"": 1, ""EntryTFMin"": 1, ""GridSpacingPts"": 120, ""TP_Pips"": 13.0, ""MaxLayers"": 2, ""Ladder"": ""step1"", ""MaxHoldSec"": 600, ""StopPips"": 29.0, ""MaxBasketRiskPct"": 3.0, ""AddMinSec"": 30, ""Session"": ""lateny_1923"", ""ZEntry"": 1.75, ""ZEmaBars"": 120, ""NewsBeforeMin"": 30, ""NewsAfterMin"": 60, ""NewsCloseMode"": 2, ""DailyLossPct"": 8.0, ""MaxSpreadPts"": 0}"
-50.0,-1.4540837946365626,10.763798442881171,0.0,0.0,92.94200000000143,0.07312027029016453,545.0431115627289,81.0,1.0,13.0,"{""EntryMode"": 1, ""EntryTFMin"": 1, ""GridSpacingPts"": 100, ""TP_Pips"": 9.0, ""MaxLayers"": 3, ""Ladder"": ""step1"", ""MaxHoldSec"": 600, ""StopPips"": 27.0, ""MaxBasketRiskPct"": 3.0, ""AddMinSec"": 30, ""Session"": ""lateny_1923"", ""ZEntry"": 2.25, ""ZEmaBars"": 120, ""NewsBeforeMin"": 15, ""NewsAfterMin"": 60, ""NewsCloseMode"": 2, ""DailyLossPct"": 8.0, ""MaxSpreadPts"": 0}"
-50.0,-2.1790916996790033,15.82009040588285,0.0,0.0,89.5750000000048,0.09775025607211468,1526.008675483317,103.0,6.0,18.0,"{""EntryMode"": 1, ""EntryTFMin"": 1, ""GridSpacingPts"": 150, ""TP_Pips"": 13.5, ""MaxLayers"": 1, ""Ladder"": ""step1"", ""MaxHoldSec"": 1800, ""StopPips"": 26.0, ""MaxBasketRiskPct"": 3.0, ""AddMinSec"": 15, ""Session"": ""lateny_1923"", ""ZEntry"": 1.75, ""ZEmaBars"": 120, ""NewsBeforeMin"": 30, ""NewsAfterMin"": 15, ""NewsCloseMode"": 0, ""DailyLossPct"": 8.0, ""MaxSpreadPts"": 0}"
-50.0,-2.9557741621749956,19.87710492987495,0.0,0.0,86.07700000000033,0.0962108819607428,792.6162419621621,34.0,5.0,86.0,"{""EntryMode"": 1, ""EntryTFMin"": 1, ""GridSpacingPts"": 110, ""TP_Pips"": 3.5, ""MaxLayers"": 3, ""Ladder"": ""step1"", ""MaxHoldSec"": 1800, ""StopPips"": 25.0, ""MaxBasketRiskPct"": 3.0, ""AddMinSec"": 60, ""Session"": ""lateny_1923"", ""ZEntry"": 2.0, ""ZEmaBars"": 120, ""NewsBeforeMin"": 30, ""NewsAfterMin"": 15, ""NewsCloseMode"": 0, ""DailyLossPct"": 8.0, ""MaxSpreadPts"": 0}"
-50.0,-5.296845997242327,24.04664292625348,0.0,0.0,76.18900000000141,0.1908823898101137,117.27600169086459,235.0,0.0,13.0,"{""EntryMode"": 1, ""EntryTFMin"": 1, ""GridSpacingPts"": 125, ""TP_Pips"": 5.5, ""MaxLayers"": 2, ""Ladder"": ""step1"", ""MaxHoldSec"": 120, ""StopPips"": 22.0, ""MaxBasketRiskPct"": 3.0, ""AddMinSec"": 60, ""Session"": ""lateny_1923"", ""ZEntry"": 2.0, ""ZEmaBars"": 120, ""NewsBeforeMin"": 30, ""NewsAfterMin"": 15, ""NewsCloseMode"": 0, ""DailyLossPct"": 8.0, ""MaxSpreadPts"": 0}"
-50.0,-2.9527135276460004,22.96819683584675,0.0,0.0,86.0905665287328,0.16009490758267603,1184.8030994590526,100.0,11.0,97.0,"{""EntryMode"": 1, ""EntryTFMin"": 1, ""GridSpacingPts"": 90, ""TP_Pips"": 7.0, ""MaxLayers"": 2, ""Ladder"": ""step1"", ""MaxHoldSec"": 1800, ""StopPips"": 25.0, ""MaxBasketRiskPct"": 3.0, ""AddMinSec"": 0, ""Session"": ""lateny_1923"", ""ZEntry"": 1.5, ""ZEmaBars"": 120, ""NewsBeforeMin"": 30, ""NewsAfterMin"": 15, ""NewsCloseMode"": 0, ""DailyLossPct"": 8.0, ""MaxSpreadPts"": 0}"
-50.0,-3.065839302752116,17.89509140253606,0.0,0.0,85.59026196742647,0.13546492180072586,1062.431878657624,72.0,4.0,100.0,"{""EntryMode"": 1, ""EntryTFMin"": 1, ""GridSpacingPts"": 125, ""TP_Pips"": 5.5, ""MaxLayers"": 2, ""Ladder"": ""step1"", ""MaxHoldSec"": 1800, ""StopPips"": 25.0, ""MaxBasketRiskPct"": 3.0, ""AddMinSec"": 60, ""Session"": ""lateny_1923"", ""ZEntry"": 1.5, ""ZEmaBars"": 120, ""NewsBeforeMin"": 30, ""NewsAfterMin"": 60, ""NewsCloseMode"": 0, ""DailyLossPct"": 3.0, ""MaxSpreadPts"": 0}"
-50.0,-2.1992057114531227,16.774410522779853,0.0,0.0,89.48299999999598,0.1724099004736511,521.0560003544422,173.0,1.0,50.0,"{""EntryMode"": 1, ""EntryTFMin"": 1, ""GridSpacingPts"": 115, ""TP_Pips"": 6.5, ""MaxLayers"": 2, ""Ladder"": ""step1"", ""MaxHoldSec"": 600, ""StopPips"": 26.0, ""MaxBasketRiskPct"": 3.0, ""AddMinSec"": 60, ""Session"": ""lateny_1923"", ""ZEntry"": 1.75, ""ZEmaBars"": 120, ""NewsBeforeMin"": 30, ""NewsAfterMin"": 60, ""NewsCloseMode"": 0, ""DailyLossPct"": 8.0, ""MaxSpreadPts"": 0}"
-50.0,-3.8798060240373133,19.696776141949023,0.0,0.0,82.05860544279982,0.03771466572861118,1083.5600156133823,20.0,5.0,24.0,"{""EntryMode"": 1, ""EntryTFMin"": 1, ""GridSpacingPts"": 150, ""TP_Pips"": 5.5, ""MaxLayers"": 2, ""Ladder"": ""step1"", ""MaxHoldSec"": 1800, ""StopPips"": 24.0, ""MaxBasketRiskPct"": 3.0, ""AddMinSec"": 60, ""Session"": ""allday_0123"", ""ZEntry"": 1.5, ""ZEmaBars"": 120, ""NewsBeforeMin"": 30, ""NewsAfterMin"": 60, ""NewsCloseMode"": 0, ""DailyLossPct"": 3.0, ""MaxSpreadPts"": 0}"
-50.0,-3.6924471783701285,17.139000000002994,0.0,0.0,82.860999999997,0.13931335707915557,122.14954005099915,173.0,0.0,8.0,"{""EntryMode"": 1, ""EntryTFMin"": 1, ""GridSpacingPts"": 130, ""TP_Pips"": 5.0, ""MaxLayers"": 2, ""Ladder"": ""step1"", ""MaxHoldSec"": 120, ""StopPips"": 24.0, ""MaxBasketRiskPct"": 3.0, ""AddMinSec"": 60, ""Session"": ""lateny_1923"", ""ZEntry"": 1.25, ""ZEmaBars"": 120, ""NewsBeforeMin"": 30, ""NewsAfterMin"": 15, ""NewsCloseMode"": 0, ""DailyLossPct"": 8.0, ""MaxSpreadPts"": 0}"
-50.0,-4.468687951349248,21.31061624871482,0.0,0.0,79.57699999999986,0.12314992890975078,863.078233575537,50.0,11.0,99.0,"{""EntryMode"": 1, ""EntryTFMin"": 1, ""GridSpacingPts"": 130, ""TP_Pips"": 4.5, ""MaxLayers"": 1, ""Ladder"": ""step1"", ""MaxHoldSec"": 1800, ""StopPips"": 23.0, ""MaxBasketRiskPct"": 3.0, ""AddMinSec"": 60, ""Session"": ""lateny_1923"", ""ZEntry"": 2.0, ""ZEmaBars"": 60, ""NewsBeforeMin"": 30, ""NewsAfterMin"": 15, ""NewsCloseMode"": 0, ""DailyLossPct"": 8.0, ""MaxSpreadPts"": 0}"
-50.0,-2.9440449579495764,15.441023867170536,0.0,0.0,86.12900000000359,0.07696870556859424,1066.060756705223,42.0,6.0,52.0,"{""EntryMode"": 1, ""EntryTFMin"": 5, ""GridSpacingPts"": 115, ""TP_Pips"": 5.0, ""MaxLayers"": 2, ""Ladder"": ""step1"", ""MaxHoldSec"": 1800, ""StopPips"": 25.0, ""MaxBasketRiskPct"": 3.0, ""AddMinSec"": 60, ""Session"": ""lateny_1923"", ""ZEntry"": 2.25, ""ZEmaBars"": 120, ""NewsBeforeMin"": 60, ""NewsAfterMin"": 15, ""NewsCloseMode"": 0, ""DailyLossPct"": 8.0, ""MaxSpreadPts"": 0}"
-50.0,-2.546585004679036,13.408277772795346,0.0,0.0,87.90600000000005,0.03848435278429712,770.3529945945739,15.0,6.0,29.0,"{""EntryMode"": 1, ""EntryTFMin"": 1, ""GridSpacingPts"": 120, ""TP_Pips"": 5.5, ""MaxLayers"": 3, ""Ladder"": ""step1"", ""MaxHoldSec"": 1800, ""StopPips"": 25.0, ""MaxBasketRiskPct"": 3.0, ""AddMinSec"": 60, ""Session"": ""lateny_1923"", ""ZEntry"": 2.0, ""ZEmaBars"": 30, ""NewsBeforeMin"": 30, ""NewsAfterMin"": 15, ""NewsCloseMode"": 0, ""DailyLossPct"": 8.0, ""MaxSpreadPts"": 0}"
-50.0,-1.5610444837744986,15.655043105823744,0.0,0.0,92.43900000000157,0.0815868279027099,1090.5379133645229,45.0,4.0,57.0,"{""EntryMode"": 1, ""EntryTFMin"": 1, ""GridSpacingPts"": 140, ""TP_Pips"": 6.0, ""MaxLayers"": 2, ""Ladder"": ""step1"", ""MaxHoldSec"": 1800, ""StopPips"": 27.0, ""MaxBasketRiskPct"": 3.0, ""AddMinSec"": 60, ""Session"": ""lateny_1923"", ""ZEntry"": 2.0, ""ZEmaBars"": 120, ""NewsBeforeMin"": 30, ""NewsAfterMin"": 30, ""NewsCloseMode"": 0, ""DailyLossPct"": 8.0, ""MaxSpreadPts"": 0}"
-50.0,-2.3662210012921125,11.579513857744043,0.0,0.0,88.72200000000103,0.027708734004693925,862.5079797506331,11.0,5.0,20.0,"{""EntryMode"": 1, ""EntryTFMin"": 1, ""GridSpacingPts"": 120, ""TP_Pips"": 4.5, ""MaxLayers"": 3, ""Ladder"": ""step1"", ""MaxHoldSec"": 1800, ""StopPips"": 26.0, ""MaxBasketRiskPct"": 3.0, ""AddMinSec"": 15, ""Session"": ""lateny_1923"", ""ZEntry"": 2.5, ""ZEmaBars"": 60, ""NewsBeforeMin"": 30, ""NewsAfterMin"": 15, ""NewsCloseMode"": 0, ""DailyLossPct"": 8.0, ""MaxSpreadPts"": 0}"
-50.0,-2.190895745856891,13.5255288921524,0.0,0.0,89.52100000000212,0.07542933145722236,1185.7643659755033,49.0,4.0,45.0,"{""EntryMode"": 1, ""EntryTFMin"": 1, ""GridSpacingPts"": 115, ""TP_Pips"": 6.5, ""MaxLayers"": 4, ""Ladder"": ""step1"", ""MaxHoldSec"": 1800, ""StopPips"": 26.0, ""MaxBasketRiskPct"": 3.0, ""AddMinSec"": 60, ""Session"": ""lateny_1923"", ""ZEntry"": 1.25, ""ZEmaBars"": 120, ""NewsBeforeMin"": 30, ""NewsAfterMin"": 15, ""NewsCloseMode"": 0, ""DailyLossPct"": 8.0, ""MaxSpreadPts"": 0}"
-91.66780000000013,-3.5854593344479713,25.149571497873772,0.0,1.0,83.32199999999872,0.2709298436014517,1355.6442273424152,218.0,21.0,113.0,"{""EntryMode"": 1, ""EntryTFMin"": 1, ""GridSpacingPts"": 135, ""TP_Pips"": 9.0, ""MaxLayers"": 1, ""Ladder"": ""step1"", ""MaxHoldSec"": 1800, ""StopPips"": 24.0, ""MaxBasketRiskPct"": 3.0, ""AddMinSec"": 60, ""Session"": ""lateny_1923"", ""ZEntry"": 1.75, ""ZEmaBars"": 120, ""NewsBeforeMin"": 30, ""NewsAfterMin"": 15, ""NewsCloseMode"": 0, ""DailyLossPct"": 8.0, ""MaxSpreadPts"": 0}"
-91.68214785680041,-3.6187066599159268,25.057643542667833,0.0,1.0,83.17852143199583,0.24399079665244375,1151.6642214962135,146.0,18.0,153.0,"{""EntryMode"": 1, ""EntryTFMin"": 1, ""GridSpacingPts"": 95, ""TP_Pips"": 7.0, ""MaxLayers"": 1, ""Ladder"": ""step1"", ""MaxHoldSec"": 1800, ""StopPips"": 24.0, ""MaxBasketRiskPct"": 3.0, ""AddMinSec"": 60, ""Session"": ""lateny_1923"", ""ZEntry"": 1.5, ""ZEmaBars"": 120, ""NewsBeforeMin"": 30, ""NewsAfterMin"": 15, ""NewsCloseMode"": 2, ""DailyLossPct"": 8.0, ""MaxSpreadPts"": 0}"
-91.71158028094356,-3.687052264963797,25.033061214566793,0.0,1.0,82.88419719056435,0.2362939260955843,559.0885814603743,286.0,2.0,19.0,"{""EntryMode"": 1, ""EntryTFMin"": 1, ""GridSpacingPts"": 130, ""TP_Pips"": 11.0, ""MaxLayers"": 6, ""Ladder"": ""step1"", ""MaxHoldSec"": 600, ""StopPips"": 25.0, ""MaxBasketRiskPct"": 5.0, ""AddMinSec"": 15, ""Session"": ""lateny_1923"", ""ZEntry"": 2.0, ""ZEmaBars"": 120, ""NewsBeforeMin"": 15, ""NewsAfterMin"": 60, ""NewsCloseMode"": 2, ""DailyLossPct"": 3.0, ""MaxSpreadPts"": 0}"
-91.77110000000019,-3.82585954219552,25.12988017360008,0.0,1.0,82.28899999999805,0.21705174970343574,1232.7603989625588,142.0,21.0,119.0,"{""EntryMode"": 1, ""EntryTFMin"": 1, ""GridSpacingPts"": 135, ""TP_Pips"": 7.5, ""MaxLayers"": 1, ""Ladder"": ""step1"", ""MaxHoldSec"": 1800, ""StopPips"": 24.0, ""MaxBasketRiskPct"": 3.0, ""AddMinSec"": 60, ""Session"": ""lateny_1923"", ""ZEntry"": 2.0, ""ZEmaBars"": 120, ""NewsBeforeMin"": 30, ""NewsAfterMin"": 15, ""NewsCloseMode"": 0, ""DailyLossPct"": 8.0, ""MaxSpreadPts"": 0}"
-91.77989999999986,-3.8464503107882964,25.037389654922055,0.0,1.0,82.20100000000141,0.26631172126733604,1426.0822858093966,236.0,21.0,89.0,"{""EntryMode"": 1, ""EntryTFMin"": 1, ""GridSpacingPts"": 145, ""TP_Pips"": 10.0, ""MaxLayers"": 1, ""Ladder"": ""step2"", ""MaxHoldSec"": 1800, ""StopPips"": 23.0, ""MaxBasketRiskPct"": 3.0, ""AddMinSec"": 60, ""Session"": ""lateny_1923"", ""ZEntry"": 1.75, ""ZEmaBars"": 120, ""NewsBeforeMin"": 30, ""NewsAfterMin"": 15, ""NewsCloseMode"": 0, ""DailyLossPct"": 8.0, ""MaxSpreadPts"": 0}"
-91.79408945431109,-3.879688815506832,25.339048251836527,0.0,1.0,82.05910545688916,0.23167580376146865,1226.0535286725822,151.0,23.0,127.0,"{""EntryMode"": 1, ""EntryTFMin"": 1, ""GridSpacingPts"": 135, ""TP_Pips"": 7.5, ""MaxLayers"": 2, ""Ladder"": ""step1"", ""MaxHoldSec"": 1800, ""StopPips"": 24.0, ""MaxBasketRiskPct"": 3.0, ""AddMinSec"": 60, ""Session"": ""lateny_1923"", ""ZEntry"": 2.0, ""ZEmaBars"": 120, ""NewsBeforeMin"": 30, ""NewsAfterMin"": 60, ""NewsCloseMode"": 0, ""DailyLossPct"": 8.0, ""MaxSpreadPts"": 0}"
-91.80370000000045,-3.9022274441098403,25.05280675927026,0.0,1.0,81.9629999999956,0.29555982938340186,576.2736725376385,371.0,3.0,10.0,"{""EntryMode"": 1, ""EntryTFMin"": 1, ""GridSpacingPts"": 105, ""TP_Pips"": 13.0, ""MaxLayers"": 3, ""Ladder"": ""step1"", ""MaxHoldSec"": 600, ""StopPips"": 26.0, ""MaxBasketRiskPct"": 5.0, ""AddMinSec"": 30, ""Session"": ""lateny_1923"", ""ZEntry"": 2.0, ""ZEmaBars"": 120, ""NewsBeforeMin"": 15, ""NewsAfterMin"": 60, ""NewsCloseMode"": 0, ""DailyLossPct"": 8.0, ""MaxSpreadPts"": 0}"
-91.85634104487816,-4.026057459609966,25.151569317458772,0.0,1.0,81.43658955121832,0.3363532433347568,1045.4789787105155,167.0,30.0,240.0,"{""EntryMode"": 1, ""EntryTFMin"": 1, ""GridSpacingPts"": 110, ""TP_Pips"": 6.0, ""MaxLayers"": 2, ""Ladder"": ""step1"", ""MaxHoldSec"": 1800, ""StopPips"": 22.0, ""MaxBasketRiskPct"": 3.0, ""AddMinSec"": 60, ""Session"": ""lateny_1923"", ""ZEntry"": 2.0, ""ZEmaBars"": 120, ""NewsBeforeMin"": 30, ""NewsAfterMin"": 15, ""NewsCloseMode"": 0, ""DailyLossPct"": 8.0, ""MaxSpreadPts"": 0}"
-91.86730000000028,-4.051917208369438,25.134630077973842,0.0,1.0,81.32699999999714,0.31095357049712075,512.1082498982372,302.0,3.0,99.0,"{""EntryMode"": 1, ""EntryTFMin"": 1, ""GridSpacingPts"": 115, ""TP_Pips"": 6.5, ""MaxLayers"": 6, ""Ladder"": ""step1"", ""MaxHoldSec"": 600, ""StopPips"": 27.0, ""MaxBasketRiskPct"": 5.0, ""AddMinSec"": 60, ""Session"": ""lateny_1923"", ""ZEntry"": 2.0, ""ZEmaBars"": 120, ""NewsBeforeMin"": 60, ""NewsAfterMin"": 60, ""NewsCloseMode"": 0, ""DailyLossPct"": 8.0, ""MaxSpreadPts"": 0}"
-91.8819465596115,-4.086522119549585,25.243996533985673,0.0,1.0,81.18053440388488,0.26400266010027823,1139.8120332096048,155.0,26.0,162.0,"{""EntryMode"": 1, ""EntryTFMin"": 1, ""GridSpacingPts"": 115, ""TP_Pips"": 6.5, ""MaxLayers"": 2, ""Ladder"": ""step1"", ""MaxHoldSec"": 1800, ""StopPips"": 20.0, ""MaxBasketRiskPct"": 3.0, ""AddMinSec"": 60, ""Session"": ""lateny_1923"", ""ZEntry"": 1.75, ""ZEmaBars"": 120, ""NewsBeforeMin"": 30, ""NewsAfterMin"": 15, ""NewsCloseMode"": 0, ""DailyLossPct"": 8.0, ""MaxSpreadPts"": 0}"
-91.8848108950862,-4.093295421536425,25.063354341757943,0.0,1.0,81.15189104913797,0.28093577532536895,1178.273294097896,174.0,20.0,171.0,"{""EntryMode"": 1, ""EntryTFMin"": 1, ""GridSpacingPts"": 130, ""TP_Pips"": 6.5, ""MaxLayers"": 3, ""Ladder"": ""step1"", ""MaxHoldSec"": 1800, ""StopPips"": 23.0, ""MaxBasketRiskPct"": 3.0, ""AddMinSec"": 60, ""Session"": ""lateny_1923"", ""ZEntry"": 1.75, ""ZEmaBars"": 120, ""NewsBeforeMin"": 30, ""NewsAfterMin"": 15, ""NewsCloseMode"": 0, ""DailyLossPct"": 8.0, ""MaxSpreadPts"": 0}"
-91.89920000000028,-4.127350338633995,25.317599336225328,0.0,1.0,81.00799999999727,0.27708734004693925,1266.0315391736874,190.0,21.0,149.0,"{""EntryMode"": 1, ""EntryTFMin"": 1, ""GridSpacingPts"": 145, ""TP_Pips"": 7.5, ""MaxLayers"": 2, ""Ladder"": ""step1"", ""MaxHoldSec"": 1800, ""StopPips"": 23.0, ""MaxBasketRiskPct"": 3.0, ""AddMinSec"": 60, ""Session"": ""lateny_1923"", ""ZEntry"": 1.75, ""ZEmaBars"": 120, ""NewsBeforeMin"": 30, ""NewsAfterMin"": 60, ""NewsCloseMode"": 0, ""DailyLossPct"": 8.0, ""MaxSpreadPts"": 0}"
-91.89920000000028,-4.127350338633995,25.317599336225328,0.0,1.0,81.00799999999727,0.27708734004693925,1266.0315391736874,190.0,21.0,149.0,"{""EntryMode"": 1, ""EntryTFMin"": 1, ""GridSpacingPts"": 125, ""TP_Pips"": 7.5, ""MaxLayers"": 2, ""Ladder"": ""step1"", ""MaxHoldSec"": 1800, ""StopPips"": 23.0, ""MaxBasketRiskPct"": 3.0, ""AddMinSec"": 60, ""Session"": ""lateny_1923"", ""ZEntry"": 1.75, ""ZEmaBars"": 120, ""NewsBeforeMin"": 30, ""NewsAfterMin"": 60, ""NewsCloseMode"": 0, ""DailyLossPct"": 8.0, ""MaxSpreadPts"": 0}"
-91.90792123906837,-4.148014587249249,25.092071788242116,0.0,1.0,80.92078760931624,0.2324454908171546,855.7632035911083,83.0,19.0,200.0,"{""EntryMode"": 1, ""EntryTFMin"": 1, ""GridSpacingPts"": 120, ""TP_Pips"": 4.5, ""MaxLayers"": 3, ""Ladder"": ""step1"", ""MaxHoldSec"": 1800, ""StopPips"": 23.0, ""MaxBasketRiskPct"": 3.0, ""AddMinSec"": 15, ""Session"": ""lateny_1923"", ""ZEntry"": 2.0, ""ZEmaBars"": 120, ""NewsBeforeMin"": 30, ""NewsAfterMin"": 15, ""NewsCloseMode"": 0, ""DailyLossPct"": 8.0, ""MaxSpreadPts"": 10}"
-91.90792123906837,-4.148014587249249,25.092071788242116,0.0,1.0,80.92078760931624,0.2324454908171546,855.7632035911083,83.0,19.0,200.0,"{""EntryMode"": 1, ""EntryTFMin"": 1, ""GridSpacingPts"": 105, ""TP_Pips"": 4.5, ""MaxLayers"": 3, ""Ladder"": ""step1"", ""MaxHoldSec"": 1800, ""StopPips"": 23.0, ""MaxBasketRiskPct"": 3.0, ""AddMinSec"": 60, ""Session"": ""lateny_1923"", ""ZEntry"": 2.0, ""ZEmaBars"": 120, ""NewsBeforeMin"": 30, ""NewsAfterMin"": 15, ""NewsCloseMode"": 0, ""DailyLossPct"": 8.0, ""MaxSpreadPts"": 0}"
-91.91690000000024,-4.169307631694375,25.322431633411124,0.0,1.0,80.83099999999754,0.2763176529912533,1222.2366137903903,184.0,20.0,155.0,"{""EntryMode"": 1, ""EntryTFMin"": 1, ""GridSpacingPts"": 110, ""TP_Pips"": 7.0, ""MaxLayers"": 1, ""Ladder"": ""step1"", ""MaxHoldSec"": 1800, ""StopPips"": 23.0, ""MaxBasketRiskPct"": 3.0, ""AddMinSec"": 60, ""Session"": ""lateny_1923"", ""ZEntry"": 1.75, ""ZEmaBars"": 120, ""NewsBeforeMin"": 30, ""NewsAfterMin"": 15, ""NewsCloseMode"": 0, ""DailyLossPct"": 8.0, ""MaxSpreadPts"": 0}"
-91.94953018514367,-4.246849461447044,25.067995058904724,0.0,1.0,80.50469814856329,0.3717588478963102,919.9617965795292,153.0,38.0,292.0,"{""EntryMode"": 1, ""EntryTFMin"": 1, ""GridSpacingPts"": 150, ""TP_Pips"": 5.5, ""MaxLayers"": 5, ""Ladder"": ""flat"", ""MaxHoldSec"": 1800, ""StopPips"": 23.0, ""MaxBasketRiskPct"": 3.0, ""AddMinSec"": 60, ""Session"": ""lateny_1923"", ""ZEntry"": 2.25, ""ZEmaBars"": 120, ""NewsBeforeMin"": 15, ""NewsAfterMin"": 30, ""NewsCloseMode"": 0, ""DailyLossPct"": 8.0, ""MaxSpreadPts"": 0}"
-91.95830000000068,-4.267732759972997,25.13568615769184,0.0,1.0,80.41699999999327,0.2709298436014517,1191.288613358335,172.0,16.0,164.0,"{""EntryMode"": 1, ""EntryTFMin"": 1, ""GridSpacingPts"": 135, ""TP_Pips"": 6.5, ""MaxLayers"": 2, ""Ladder"": ""step1"", ""MaxHoldSec"": 1800, ""StopPips"": 26.0, ""MaxBasketRiskPct"": 5.0, ""AddMinSec"": 60, ""Session"": ""lateny_1923"", ""ZEntry"": 1.75, ""ZEmaBars"": 120, ""NewsBeforeMin"": 30, ""NewsAfterMin"": 60, ""NewsCloseMode"": 0, ""DailyLossPct"": 8.0, ""MaxSpreadPts"": 0}"
-91.97439904911016,-4.3061164067269,25.073511610263914,0.0,1.0,80.25600950889833,0.26246328598890634,1482.91080851872,255.0,21.0,65.0,"{""EntryMode"": 1, ""EntryTFMin"": 1, ""GridSpacingPts"": 145, ""TP_Pips"": 11.5, ""MaxLayers"": 1, ""Ladder"": ""step1"", ""MaxHoldSec"": 1800, ""StopPips"": 23.0, ""MaxBasketRiskPct"": 3.0, ""AddMinSec"": 15, ""Session"": ""lateny_1923"", ""ZEntry"": 1.75, ""ZEmaBars"": 120, ""NewsBeforeMin"": 30, ""NewsAfterMin"": 15, ""NewsCloseMode"": 0, ""DailyLossPct"": 8.0, ""MaxSpreadPts"": 0}"
-91.99313692526982,-4.35086922834037,25.08759040511449,0.0,1.0,80.06863074730171,0.29863857760614565,1049.3064649132539,148.0,20.0,220.0,"{""EntryMode"": 1, ""EntryTFMin"": 1, ""GridSpacingPts"": 135, ""TP_Pips"": 5.5, ""MaxLayers"": 1, ""Ladder"": ""step1"", ""MaxHoldSec"": 1800, ""StopPips"": 23.0, ""MaxBasketRiskPct"": 3.0, ""AddMinSec"": 60, ""Session"": ""lateny_1923"", ""ZEntry"": 1.75, ""ZEmaBars"": 120, ""NewsBeforeMin"": 30, ""NewsAfterMin"": 60, ""NewsCloseMode"": 0, ""DailyLossPct"": 8.0, ""MaxSpreadPts"": 0}"
-92.01010656404318,-4.391471205962761,25.24635876653163,0.0,1.0,79.89893435956823,0.29863857760614565,1038.3329962426064,145.0,21.0,222.0,"{""EntryMode"": 1, ""EntryTFMin"": 1, ""GridSpacingPts"": 75, ""TP_Pips"": 5.5, ""MaxLayers"": 2, ""Ladder"": ""step1"", ""MaxHoldSec"": 1800, ""StopPips"": 23.0, ""MaxBasketRiskPct"": 3.0, ""AddMinSec"": 15, ""Session"": ""lateny_1923"", ""ZEntry"": 1.75, ""ZEmaBars"": 120, ""NewsBeforeMin"": 30, ""NewsAfterMin"": 15, ""NewsCloseMode"": 0, ""DailyLossPct"": 8.0, ""MaxSpreadPts"": 10}"
-92.08609999999986,-4.574145567905608,25.068408843439716,0.0,1.0,79.13900000000142,0.13469523474503992,864.8103778079617,48.0,15.0,112.0,"{""EntryMode"": 1, ""EntryTFMin"": 1, ""GridSpacingPts"": 125, ""TP_Pips"": 4.5, ""MaxLayers"": 1, ""Ladder"": ""step1"", ""MaxHoldSec"": 1800, ""StopPips"": 20.0, ""MaxBasketRiskPct"": 3.0, ""AddMinSec"": 60, ""Session"": ""lateny_1923"", ""ZEntry"": 1.75, ""ZEmaBars"": 120, ""NewsBeforeMin"": 30, ""NewsAfterMin"": 15, ""NewsCloseMode"": 0, ""DailyLossPct"": 8.0, ""MaxSpreadPts"": 0}"
-92.09320000000037,-4.591284243693316,25.135634142881084,0.0,1.0,79.06799999999642,0.29248108116065813,900.8446824425736,113.0,18.0,249.0,"{""EntryMode"": 1, ""EntryTFMin"": 1, ""GridSpacingPts"": 120, ""TP_Pips"": 4.5, ""MaxLayers"": 1, ""Ladder"": ""step1"", ""MaxHoldSec"": 1800, ""StopPips"": 23.0, ""MaxBasketRiskPct"": 3.0, ""AddMinSec"": 60, ""Session"": ""lateny_1923"", ""ZEntry"": 1.75, ""ZEmaBars"": 120, ""NewsBeforeMin"": 30, ""NewsAfterMin"": 15, ""NewsCloseMode"": 0, ""DailyLossPct"": 8.0, ""MaxSpreadPts"": 0}"
-92.10630000000005,-4.622938643771512,25.037511158383076,0.0,1.0,78.93699999999951,0.30402638699594725,980.162363334333,130.0,20.0,245.0,"{""EntryMode"": 1, ""EntryTFMin"": 1, ""GridSpacingPts"": 125, ""TP_Pips"": 5.0, ""MaxLayers"": 2, ""Ladder"": ""step1"", ""MaxHoldSec"": 1800, ""StopPips"": 23.0, ""MaxBasketRiskPct"": 3.0, ""AddMinSec"": 60, ""Session"": ""lateny_1923"", ""ZEntry"": 1.75, ""ZEmaBars"": 120, ""NewsBeforeMin"": 30, ""NewsAfterMin"": 15, ""NewsCloseMode"": 0, ""DailyLossPct"": 8.0, ""MaxSpreadPts"": 0}"
-92.10630000000005,-4.622938643771512,25.037511158383076,0.0,1.0,78.93699999999951,0.30402638699594725,980.162363334333,130.0,20.0,245.0,"{""EntryMode"": 1, ""EntryTFMin"": 1, ""GridSpacingPts"": 110, ""TP_Pips"": 5.0, ""MaxLayers"": 2, ""Ladder"": ""step1"", ""MaxHoldSec"": 1800, ""StopPips"": 23.0, ""MaxBasketRiskPct"": 3.0, ""AddMinSec"": 60, ""Session"": ""lateny_1923"", ""ZEntry"": 1.75, ""ZEmaBars"": 120, ""NewsBeforeMin"": 15, ""NewsAfterMin"": 15, ""NewsCloseMode"": 0, ""DailyLossPct"": 8.0, ""MaxSpreadPts"": 0}"
-92.10630000000005,-4.622938643771512,25.037511158383076,0.0,1.0,78.93699999999951,0.30402638699594725,980.162363334333,130.0,20.0,245.0,"{""EntryMode"": 1, ""EntryTFMin"": 1, ""GridSpacingPts"": 110, ""TP_Pips"": 5.0, ""MaxLayers"": 4, ""Ladder"": ""step1"", ""MaxHoldSec"": 1800, ""StopPips"": 23.0, ""MaxBasketRiskPct"": 3.0, ""AddMinSec"": 60, ""Session"": ""lateny_1923"", ""ZEntry"": 1.75, ""ZEmaBars"": 120, ""NewsBeforeMin"": 30, ""NewsAfterMin"": 15, ""NewsCloseMode"": 0, ""DailyLossPct"": 8.0, ""MaxSpreadPts"": 0}"
-92.16915690933992,-4.775411099787197,25.03716061514568,0.0,1.0,78.30843090660086,0.3709891608406242,879.6586814173979,140.0,35.0,307.0,"{""EntryMode"": 1, ""EntryTFMin"": 1, ""GridSpacingPts"": 135, ""TP_Pips"": 5.0, ""MaxLayers"": 2, ""Ladder"": ""step1"", ""MaxHoldSec"": 1800, ""StopPips"": 23.0, ""MaxBasketRiskPct"": 3.0, ""AddMinSec"": 60, ""Session"": ""lateny_1923"", ""ZEntry"": 2.25, ""ZEmaBars"": 120, ""NewsBeforeMin"": 60, ""NewsAfterMin"": 60, ""NewsCloseMode"": 0, ""DailyLossPct"": 8.0, ""MaxSpreadPts"": 0}"
-92.20932861287656,-4.8733693968496254,25.191840111354058,0.0,1.0,77.90671387123434,0.2378333002069562,863.818028959686,88.0,21.0,200.0,"{""EntryMode"": 1, ""EntryTFMin"": 1, ""GridSpacingPts"": 110, ""TP_Pips"": 4.5, ""MaxLayers"": 5, ""Ladder"": ""step1"", ""MaxHoldSec"": 1800, ""StopPips"": 22.0, ""MaxBasketRiskPct"": 3.0, ""AddMinSec"": 60, ""Session"": ""lateny_1923"", ""ZEntry"": 2.25, ""ZEmaBars"": 120, ""NewsBeforeMin"": 30, ""NewsAfterMin"": 15, ""NewsCloseMode"": 0, ""DailyLossPct"": 8.0, ""MaxSpreadPts"": 0}"
-92.23606999772612,-4.938802221581396,25.116415873130304,0.0,1.0,77.6393000227388,0.227057681427353,993.9658074516078,102.0,36.0,157.0,"{""EntryMode"": 1, ""EntryTFMin"": 1, ""GridSpacingPts"": 115, ""TP_Pips"": 7.0, ""MaxLayers"": 3, ""Ladder"": ""step1"", ""MaxHoldSec"": 1800, ""StopPips"": 22.0, ""MaxBasketRiskPct"": 3.0, ""AddMinSec"": 60, ""Session"": ""lateny_1923"", ""ZEntry"": 2.5, ""ZEmaBars"": 120, ""NewsBeforeMin"": 30, ""NewsAfterMin"": 15, ""NewsCloseMode"": 0, ""DailyLossPct"": 8.0, ""MaxSpreadPts"": 0}"
-92.32150629860742,-5.149069385906002,25.136071394095623,0.0,1.0,76.78493701392581,0.29094170704928624,279.0177445175747,330.0,38.0,10.0,"{""EntryMode"": 1, ""EntryTFMin"": 1, ""GridSpacingPts"": 130, ""TP_Pips"": 11.5, ""MaxLayers"": 1, ""Ladder"": ""step1"", ""MaxHoldSec"": 300, ""StopPips"": 10.0, ""MaxBasketRiskPct"": 5.0, ""AddMinSec"": 30, ""Session"": ""allday_0123"", ""ZEntry"": 1.75, ""ZEmaBars"": 90, ""NewsBeforeMin"": 30, ""NewsAfterMin"": 30, ""NewsCloseMode"": 2, ""DailyLossPct"": 5.0, ""MaxSpreadPts"": 0}"
-92.38059808573786,-5.295597528151341,25.04646191272146,0.0,1.0,76.19401914262147,0.12314992890975078,51.92723301330709,130.0,30.0,0.0,"{""EntryMode"": 1, ""EntryTFMin"": 5, ""GridSpacingPts"": 45, ""TP_Pips"": 11.5, ""MaxLayers"": 6, ""Ladder"": ""step1"", ""MaxHoldSec"": 60, ""StopPips"": 5.0, ""MaxBasketRiskPct"": 1.0, ""AddMinSec"": 60, ""Session"": ""ny_1519"", ""ZEntry"": 1.5, ""ZEmaBars"": 60, ""NewsBeforeMin"": 60, ""NewsAfterMin"": 30, ""NewsCloseMode"": 0, ""DailyLossPct"": 3.0, ""MaxSpreadPts"": 0}"
-92.42188982210772,-5.3985278418461125,25.03971335978742,0.0,1.0,75.78110177892285,0.09236244668231308,956.5106499366758,37.0,15.0,68.0,"{""EntryMode"": 1, ""EntryTFMin"": 1, ""GridSpacingPts"": 105, ""TP_Pips"": 5.5, ""MaxLayers"": 3, ""Ladder"": ""step1"", ""MaxHoldSec"": 1800, ""StopPips"": 20.0, ""MaxBasketRiskPct"": 3.0, ""AddMinSec"": 60, ""Session"": ""allday_0123"", ""ZEntry"": 2.0, ""ZEmaBars"": 120, ""NewsBeforeMin"": 30, ""NewsAfterMin"": 15, ""NewsCloseMode"": 0, ""DailyLossPct"": 8.0, ""MaxSpreadPts"": 0}"
-92.4313689713297,-5.422220361170693,25.982778067866374,0.0,1.0,75.686310286703,0.120071180687007,262.3065107629343,119.0,16.0,21.0,"{""EntryMode"": 1, ""EntryTFMin"": 1, ""GridSpacingPts"": 95, ""TP_Pips"": 9.0, ""MaxLayers"": 5, ""Ladder"": ""step2"", ""MaxHoldSec"": 300, ""StopPips"": 13.0, ""MaxBasketRiskPct"": 5.0, ""AddMinSec"": 60, ""Session"": ""london_1013"", ""ZEntry"": 1.25, ""ZEmaBars"": 90, ""NewsBeforeMin"": 15, ""NewsAfterMin"": 15, ""NewsCloseMode"": 0, ""DailyLossPct"": 5.0, ""MaxSpreadPts"": 0}"
-92.43610000000376,-5.434054141152956,25.113608237253572,0.0,1.0,75.63899999996237,0.20319738270108878,298.253638227921,249.0,2.0,13.0,"{""EntryMode"": 0, ""EntryTFMin"": 1, ""GridSpacingPts"": 135, ""TP_Pips"": 9.0, ""MaxLayers"": 2, ""Ladder"": ""step2"", ""MaxHoldSec"": 300, ""StopPips"": 20.0, ""MaxBasketRiskPct"": 5.0, ""AddMinSec"": 30, ""Session"": ""allday_0123"", ""ZEntry"": 3.0, ""ZEmaBars"": 120, ""NewsBeforeMin"": 30, ""NewsAfterMin"": 30, ""NewsCloseMode"": 0, ""DailyLossPct"": 3.0, ""MaxSpreadPts"": 10}"
-92.45896975570008,-5.49134216604773,25.03573493414239,0.0,1.0,75.41030244299911,0.1685614651952214,1553.6211791170401,173.0,4.0,42.0,"{""EntryMode"": 0, ""EntryTFMin"": 5, ""GridSpacingPts"": 145, ""TP_Pips"": 8.0, ""MaxLayers"": 6, ""Ladder"": ""flat"", ""MaxHoldSec"": 1800, ""StopPips"": 19.0, ""MaxBasketRiskPct"": 5.0, ""AddMinSec"": 15, ""Session"": ""asia_0309"", ""ZEntry"": 3.0, ""ZEmaBars"": 90, ""NewsBeforeMin"": 60, ""NewsAfterMin"": 60, ""NewsCloseMode"": 2, ""DailyLossPct"": 3.0, ""MaxSpreadPts"": 10}"
-92.46466515506151,-5.505630574197062,25.169715241079427,0.0,1.0,75.35334844938488,0.1816461451418824,227.12259999910987,147.0,88.0,1.0,"{""EntryMode"": 1, ""EntryTFMin"": 5, ""GridSpacingPts"": 60, ""TP_Pips"": 8.5, ""MaxLayers"": 5, ""Ladder"": ""flat"", ""MaxHoldSec"": 300, ""StopPips"": 3.0, ""MaxBasketRiskPct"": 5.0, ""AddMinSec"": 0, ""Session"": ""asia_0309"", ""ZEntry"": 1.75, ""ZEmaBars"": 120, ""NewsBeforeMin"": 60, ""NewsAfterMin"": 60, ""NewsCloseMode"": 2, ""DailyLossPct"": 5.0, ""MaxSpreadPts"": 0}"
-92.47100034510039,-5.521534217659818,25.142678767726217,0.0,1.0,75.28999654899607,0.14701022763601498,728.1637389802216,47.0,3.0,141.0,"{""EntryMode"": 0, ""EntryTFMin"": 1, ""GridSpacingPts"": 90, ""TP_Pips"": 1.5, ""MaxLayers"": 2, ""Ladder"": ""step1"", ""MaxHoldSec"": 1800, ""StopPips"": 19.0, ""MaxBasketRiskPct"": 3.0, ""AddMinSec"": 60, ""Session"": ""asia_0309"", ""ZEntry"": 1.0, ""ZEmaBars"": 60, ""NewsBeforeMin"": 60, ""NewsAfterMin"": 30, ""NewsCloseMode"": 2, ""DailyLossPct"": 5.0, ""MaxSpreadPts"": 10}"
-92.47838817510181,-5.540093897553899,25.039497066022975,0.0,1.0,75.21611824898187,0.13931335707915557,30.072469669383963,149.0,32.0,0.0,"{""EntryMode"": 1, ""EntryTFMin"": 1, ""GridSpacingPts"": 15, ""TP_Pips"": 14.0, ""MaxLayers"": 1, ""Ladder"": ""flat"", ""MaxHoldSec"": 30, ""StopPips"": 4.0, ""MaxBasketRiskPct"": 3.0, ""AddMinSec"": 15, ""Session"": ""lateny_1923"", ""ZEntry"": 1.75, ""ZEmaBars"": 30, ""NewsBeforeMin"": 15, ""NewsAfterMin"": 60, ""NewsCloseMode"": 0, ""DailyLossPct"": 3.0, ""MaxSpreadPts"": 0}"
-92.48292360635794,-5.5514950163693015,25.05780974386056,0.0,1.0,75.1707639364206,0.31711106694260827,147.45388887544559,134.0,265.0,13.0,"{""EntryMode"": 0, ""EntryTFMin"": 1, ""GridSpacingPts"": 150, ""TP_Pips"": 15.0, ""MaxLayers"": 1, ""Ladder"": ""step2"", ""MaxHoldSec"": 300, ""StopPips"": 2.0, ""MaxBasketRiskPct"": 5.0, ""AddMinSec"": 60, ""Session"": ""ny_1519"", ""ZEntry"": 1.0, ""ZEmaBars"": 120, ""NewsBeforeMin"": 15, ""NewsAfterMin"": 60, ""NewsCloseMode"": 0, ""DailyLossPct"": 8.0, ""MaxSpreadPts"": 0}"
-92.48444362924673,-5.555317264769,25.040829319650587,0.0,1.0,75.15556370753266,0.21705174970343574,130.51733256055596,276.0,5.0,1.0,"{""EntryMode"": 1, ""EntryTFMin"": 1, ""GridSpacingPts"": 80, ""TP_Pips"": 9.5, ""MaxLayers"": 1, ""Ladder"": ""step2"", ""MaxHoldSec"": 120, ""StopPips"": 8.0, ""MaxBasketRiskPct"": 5.0, ""AddMinSec"": 15, ""Session"": ""lateny_1923"", ""ZEntry"": 1.0, ""ZEmaBars"": 120, ""NewsBeforeMin"": 15, ""NewsAfterMin"": 15, ""NewsCloseMode"": 0, ""DailyLossPct"": 8.0, ""MaxSpreadPts"": 10}"
-92.49041628698579,-5.570342096352321,25.105628728577862,0.0,1.0,75.09583713014213,0.17317958752933704,116.18456076425417,210.0,14.0,1.0,"{""EntryMode"": 1, ""EntryTFMin"": 1, ""GridSpacingPts"": 15, ""TP_Pips"": 11.5, ""MaxLayers"": 1, ""Ladder"": ""step2"", ""MaxHoldSec"": 120, ""StopPips"": 8.0, ""MaxBasketRiskPct"": 2.0, ""AddMinSec"": 0, ""Session"": ""lateny_1923"", ""ZEntry"": 2.25, ""ZEmaBars"": 90, ""NewsBeforeMin"": 30, ""NewsAfterMin"": 30, ""NewsCloseMode"": 2, ""DailyLossPct"": 3.0, ""MaxSpreadPts"": 0}"
-92.49301714584824,-5.576887810479114,25.240423700126886,0.0,1.0,75.06982854151762,0.0815868279027099,530.7143915727597,42.0,56.0,8.0,"{""EntryMode"": 1, ""EntryTFMin"": 5, ""GridSpacingPts"": 90, ""TP_Pips"": 11.0, ""MaxLayers"": 5, ""Ladder"": ""flat"", ""MaxHoldSec"": 900, ""StopPips"": 6.0, ""MaxBasketRiskPct"": 5.0, ""AddMinSec"": 30, ""Session"": ""london_1013"", ""ZEntry"": 2.75, ""ZEmaBars"": 120, ""NewsBeforeMin"": 30, ""NewsAfterMin"": 15, ""NewsCloseMode"": 2, ""DailyLossPct"": 8.0, ""MaxSpreadPts"": 0}"
-92.5001999999997,-5.594974693171184,25.037232500721686,0.0,1.0,74.99800000000306,0.24399079665244375,124.77529723793269,299.0,0.0,18.0,"{""EntryMode"": 1, ""EntryTFMin"": 1, ""GridSpacingPts"": 130, ""TP_Pips"": 5.5, ""MaxLayers"": 3, ""Ladder"": ""step1"", ""MaxHoldSec"": 120, ""StopPips"": 21.0, ""MaxBasketRiskPct"": 3.0, ""AddMinSec"": 60, ""Session"": ""lateny_1923"", ""ZEntry"": 1.5, ""ZEmaBars"": 120, ""NewsBeforeMin"": 30, ""NewsAfterMin"": 15, ""NewsCloseMode"": 0, ""DailyLossPct"": 8.0, ""MaxSpreadPts"": 0}"
-92.50088506405899,-5.596700451633718,25.179441513938137,0.0,1.0,74.99114935941004,0.09544119490505686,284.4039063874412,120.0,2.0,2.0,"{""EntryMode"": 0, ""EntryTFMin"": 1, ""GridSpacingPts"": 25, ""TP_Pips"": 12.0, ""MaxLayers"": 3, ""Ladder"": ""step2"", ""MaxHoldSec"": 300, ""StopPips"": 13.0, ""MaxBasketRiskPct"": 5.0, ""AddMinSec"": 30, ""Session"": ""allday_0123"", ""ZEntry"": 1.5, ""ZEmaBars"": 60, ""NewsBeforeMin"": 15, ""NewsAfterMin"": 60, ""NewsCloseMode"": 2, ""DailyLossPct"": 5.0, ""MaxSpreadPts"": 0}"
-92.5027969909677,-5.601517491806607,25.114088707663267,0.0,1.0,74.97203009032299,0.21012456620226228,286.4260139708971,247.0,25.0,1.0,"{""EntryMode"": 1, ""EntryTFMin"": 5, ""GridSpacingPts"": 150, ""TP_Pips"": 14.5, ""MaxLayers"": 2, ""Ladder"": ""step1"", ""MaxHoldSec"": 300, ""StopPips"": 8.0, ""MaxBasketRiskPct"": 5.0, ""AddMinSec"": 15, ""Session"": ""asia_0109"", ""ZEntry"": 1.25, ""ZEmaBars"": 60, ""NewsBeforeMin"": 60, ""NewsAfterMin"": 30, ""NewsCloseMode"": 2, ""DailyLossPct"": 5.0, ""MaxSpreadPts"": 0}"
-92.50374720695584,-5.60391189686702,25.037472069558405,0.0,1.0,74.9625279304416,0.1562464723042463,30.480131162915896,71.0,0.0,132.0,"{""EntryMode"": 0, ""EntryTFMin"": 1, ""GridSpacingPts"": 125, ""TP_Pips"": 0.5, ""MaxLayers"": 5, ""Ladder"": ""step1"", ""MaxHoldSec"": 60, ""StopPips"": 27.0, ""MaxBasketRiskPct"": 5.0, ""AddMinSec"": 15, ""Session"": ""london_1013"", ""ZEntry"": 2.0, ""ZEmaBars"": 30, ""NewsBeforeMin"": 60, ""NewsAfterMin"": 30, ""NewsCloseMode"": 2, ""DailyLossPct"": 5.0, ""MaxSpreadPts"": 0}"
-92.50400000000029,-5.604548939183207,25.040000000002934,0.0,1.0,74.95999999999707,0.26092391187753444,76.83729901313777,167.0,170.0,2.0,"{""EntryMode"": 0, ""EntryTFMin"": 5, ""GridSpacingPts"": 110, ""TP_Pips"": 15.0, ""MaxLayers"": 1, ""Ladder"": ""step1"", ""MaxHoldSec"": 120, ""StopPips"": 2.0, ""MaxBasketRiskPct"": 5.0, ""AddMinSec"": 0, ""Session"": ""london_1013"", ""ZEntry"": 1.0, ""ZEmaBars"": 30, ""NewsBeforeMin"": 15, ""NewsAfterMin"": 30, ""NewsCloseMode"": 0, ""DailyLossPct"": 8.0, ""MaxSpreadPts"": 10}"
-92.50440000000089,-5.605556980376159,25.044000000008808,0.0,1.0,74.95599999999119,0.23321517787284055,295.8421721058457,294.0,7.0,2.0,"{""EntryMode"": 1, ""EntryTFMin"": 5, ""GridSpacingPts"": 130, ""TP_Pips"": 11.5, ""MaxLayers"": 4, ""Ladder"": ""step2"", ""MaxHoldSec"": 300, ""StopPips"": 12.0, ""MaxBasketRiskPct"": 3.0, ""AddMinSec"": 60, ""Session"": ""asia_0309"", ""ZEntry"": 1.0, ""ZEmaBars"": 60, ""NewsBeforeMin"": 30, ""NewsAfterMin"": 60, ""NewsCloseMode"": 2, ""DailyLossPct"": 5.0, ""MaxSpreadPts"": 10}"
-92.50491293121159,-5.6068496828158505,25.04912931211598,0.0,1.0,74.95087068788402,0.1962701991999153,33.50489062070849,254.0,1.0,0.0,"{""EntryMode"": 1, ""EntryTFMin"": 1, ""GridSpacingPts"": 90, ""TP_Pips"": 12.0, ""MaxLayers"": 1, ""Ladder"": ""step2"", ""MaxHoldSec"": 30, ""StopPips"": 6.0, ""MaxBasketRiskPct"": 2.0, ""AddMinSec"": 60, ""Session"": ""asia_0109"", ""ZEntry"": 1.75, ""ZEmaBars"": 60, ""NewsBeforeMin"": 15, ""NewsAfterMin"": 60, ""NewsCloseMode"": 0, ""DailyLossPct"": 3.0, ""MaxSpreadPts"": 0}"
-92.50527258099586,-5.607756123662966,25.084183526150277,0.0,1.0,74.94727419004128,0.11006524896308977,23.114698726269943,75.0,3.0,65.0,"{""EntryMode"": 1, ""EntryTFMin"": 1, ""GridSpacingPts"": 55, ""TP_Pips"": 1.0, ""MaxLayers"": 3, ""Ladder"": ""step1"", ""MaxHoldSec"": 30, ""StopPips"": 10.0, ""MaxBasketRiskPct"": 5.0, ""AddMinSec"": 0, ""Session"": ""london_1013"", ""ZEntry"": 1.0, ""ZEmaBars"": 30, ""NewsBeforeMin"": 60, ""NewsAfterMin"": 60, ""NewsCloseMode"": 2, ""DailyLossPct"": 8.0, ""MaxSpreadPts"": 10}"
-92.50530000000003,-5.607825230387908,25.0530000000004,0.0,1.0,74.9469999999996,0.1708705263622792,589.1267383305025,97.0,46.0,79.0,"{""EntryMode"": 0, ""EntryTFMin"": 1, ""GridSpacingPts"": 65, ""TP_Pips"": 3.5, ""MaxLayers"": 2, ""Ladder"": ""step1"", ""MaxHoldSec"": 900, ""StopPips"": 6.0, ""MaxBasketRiskPct"": 5.0, ""AddMinSec"": 15, ""Session"": ""asia_0309"", ""ZEntry"": 1.25, ""ZEmaBars"": 30, ""NewsBeforeMin"": 60, ""NewsAfterMin"": 30, ""NewsCloseMode"": 2, ""DailyLossPct"": 5.0, ""MaxSpreadPts"": 10}"
-92.50536978384164,-5.608001114155692,25.053697838416383,0.0,1.0,74.94630216158362,0.3301957468892693,168.17531937508767,158.0,250.0,21.0,"{""EntryMode"": 0, ""EntryTFMin"": 5, ""GridSpacingPts"": 55, ""TP_Pips"": 14.5, ""MaxLayers"": 4, ""Ladder"": ""flat"", ""MaxHoldSec"": 300, ""StopPips"": 3.0, ""MaxBasketRiskPct"": 1.0, ""AddMinSec"": 30, ""Session"": ""ny_1519"", ""ZEntry"": 1.25, ""ZEmaBars"": 90, ""NewsBeforeMin"": 30, ""NewsAfterMin"": 60, ""NewsCloseMode"": 2, ""DailyLossPct"": 3.0, ""MaxSpreadPts"": 10}"
-92.50673155914299,-5.611433606041927,25.16833833467796,0.0,1.0,74.93268440857011,0.07465964440153641,1471.6515905204808,67.0,4.0,26.0,"{""EntryMode"": 1, ""EntryTFMin"": 1, ""GridSpacingPts"": 130, ""TP_Pips"": 7.0, ""MaxLayers"": 1, ""Ladder"": ""step1"", ""MaxHoldSec"": 1800, ""StopPips"": 22.0, ""MaxBasketRiskPct"": 3.0, ""AddMinSec"": 60, ""Session"": ""asia_0109"", ""ZEntry"": 1.75, ""ZEmaBars"": 120, ""NewsBeforeMin"": 30, ""NewsAfterMin"": 15, ""NewsCloseMode"": 0, ""DailyLossPct"": 8.0, ""MaxSpreadPts"": 0}"
-92.50758590374033,-5.613587322423308,25.075859037403305,0.0,1.0,74.9241409625967,0.15316772408150253,109.28200570281577,175.0,7.0,17.0,"{""EntryMode"": 1, ""EntryTFMin"": 5, ""GridSpacingPts"": 95, ""TP_Pips"": 4.5, ""MaxLayers"": 5, ""Ladder"": ""flat"", ""MaxHoldSec"": 120, ""StopPips"": 10.0, ""MaxBasketRiskPct"": 2.0, ""AddMinSec"": 15, ""Session"": ""allday_0123"", ""ZEntry"": 1.25, ""ZEmaBars"": 120, ""NewsBeforeMin"": 15, ""NewsAfterMin"": 30, ""NewsCloseMode"": 2, ""DailyLossPct"": 3.0, ""MaxSpreadPts"": 10}"
-92.50834234501218,-5.615494398384069,25.083423450121884,0.0,1.0,74.91657654987812,0.21320331442500604,59.644770977308426,275.0,0.0,2.0,"{""EntryMode"": 1, ""EntryTFMin"": 1, ""GridSpacingPts"": 145, ""TP_Pips"": 7.5, ""MaxLayers"": 5, ""Ladder"": ""step2"", ""MaxHoldSec"": 60, ""StopPips"": 27.0, ""MaxBasketRiskPct"": 5.0, ""AddMinSec"": 0, ""Session"": ""london_1013"", ""ZEntry"": 2.5, ""ZEmaBars"": 120, ""NewsBeforeMin"": 60, ""NewsAfterMin"": 30, ""NewsCloseMode"": 2, ""DailyLossPct"": 8.0, ""MaxSpreadPts"": 10}"
-92.50890000000173,-5.616900409760161,25.089000000017307,0.0,1.0,74.91099999998269,0.1816461451418824,760.1823712144017,170.0,5.0,61.0,"{""EntryMode"": 0, ""EntryTFMin"": 5, ""GridSpacingPts"": 85, ""TP_Pips"": 4.0, ""MaxLayers"": 1, ""Ladder"": ""flat"", ""MaxHoldSec"": 900, ""StopPips"": 13.0, ""MaxBasketRiskPct"": 5.0, ""AddMinSec"": 30, ""Session"": ""asia_0109"", ""ZEntry"": 2.75, ""ZEmaBars"": 120, ""NewsBeforeMin"": 15, ""NewsAfterMin"": 30, ""NewsCloseMode"": 0, ""DailyLossPct"": 8.0, ""MaxSpreadPts"": 0}"
-92.5090000000034,-5.617152547872905,25.090000000033978,0.0,1.0,74.90999999996602,0.20781550503520443,111.90352741623597,254.0,1.0,15.0,"{""EntryMode"": 0, ""EntryTFMin"": 5, ""GridSpacingPts"": 25, ""TP_Pips"": 9.0, ""MaxLayers"": 1, ""Ladder"": ""flat"", ""MaxHoldSec"": 120, ""StopPips"": 19.0, ""MaxBasketRiskPct"": 3.0, ""AddMinSec"": 15, ""Session"": ""ny_1519"", ""ZEntry"": 1.75, ""ZEmaBars"": 120, ""NewsBeforeMin"": 30, ""NewsAfterMin"": 60, ""NewsCloseMode"": 2, ""DailyLossPct"": 5.0, ""MaxSpreadPts"": 10}"
-92.5091000000034,-5.617404688673777,25.091000000034068,0.0,1.0,74.90899999996593,0.1562464723042463,111.46783551545903,165.0,2.0,36.0,"{""EntryMode"": 0, ""EntryTFMin"": 5, ""GridSpacingPts"": 50, ""TP_Pips"": 1.5, ""MaxLayers"": 4, ""Ladder"": ""step1"", ""MaxHoldSec"": 120, ""StopPips"": 19.0, ""MaxBasketRiskPct"": 3.0, ""AddMinSec"": 30, ""Session"": ""allday_0123"", ""ZEntry"": 3.0, ""ZEmaBars"": 60, ""NewsBeforeMin"": 30, ""NewsAfterMin"": 30, ""NewsCloseMode"": 0, ""DailyLossPct"": 5.0, ""MaxSpreadPts"": 0}"
-92.50925655311767,-5.617799428356729,25.092565531176646,0.0,1.0,74.90743446882335,0.2178214367591217,30.1471465420305,239.0,0.0,44.0,"{""EntryMode"": 1, ""EntryTFMin"": 1, ""GridSpacingPts"": 65, ""TP_Pips"": 1.5, ""MaxLayers"": 2, ""Ladder"": ""step2"", ""MaxHoldSec"": 30, ""StopPips"": 15.0, ""MaxBasketRiskPct"": 5.0, ""AddMinSec"": 0, ""Session"": ""asia_0109"", ""ZEntry"": 2.25, ""ZEmaBars"": 120, ""NewsBeforeMin"": 15, ""NewsAfterMin"": 60, ""NewsCloseMode"": 0, ""DailyLossPct"": 3.0, ""MaxSpreadPts"": 10}"
-92.50953775742653,-5.6185084854374345,25.0953775742653,0.0,1.0,74.9046224257347,0.21551237559206388,150.59169916089598,20.0,178.0,82.0,"{""EntryMode"": 0, ""EntryTFMin"": 1, ""GridSpacingPts"": 105, ""TP_Pips"": 4.0, ""MaxLayers"": 4, ""Ladder"": ""flat"", ""MaxHoldSec"": 600, ""StopPips"": 2.0, ""MaxBasketRiskPct"": 1.0, ""AddMinSec"": 60, ""Session"": ""ny_1519"", ""ZEntry"": 2.0, ""ZEmaBars"": 60, ""NewsBeforeMin"": 60, ""NewsAfterMin"": 15, ""NewsCloseMode"": 2, ""DailyLossPct"": 8.0, ""MaxSpreadPts"": 10}"
-92.51031861193613,-5.620477522896017,25.103186119361254,0.0,1.0,74.89681388063875,0.13700429591209776,72.48506248126859,164.0,0.0,14.0,"{""EntryMode"": 0, ""EntryTFMin"": 1, ""GridSpacingPts"": 105, ""TP_Pips"": 2.0, ""MaxLayers"": 6, ""Ladder"": ""flat"", ""MaxHoldSec"": 60, ""StopPips"": 27.0, ""MaxBasketRiskPct"": 5.0, ""AddMinSec"": 0, ""Session"": ""allday_0123"", ""ZEntry"": 2.75, ""ZEmaBars"": 60, ""NewsBeforeMin"": 30, ""NewsAfterMin"": 60, ""NewsCloseMode"": 2, ""DailyLossPct"": 8.0, ""MaxSpreadPts"": 0}"
-92.51056404124805,-5.621096442280404,25.105640412480522,0.0,1.0,74.89435958751947,0.13854367002346962,31.3550840568061,179.0,1.0,0.0,"{""EntryMode"": 0, ""EntryTFMin"": 5, ""GridSpacingPts"": 30, ""TP_Pips"": 11.0, ""MaxLayers"": 5, ""Ladder"": ""step1"", ""MaxHoldSec"": 30, ""StopPips"": 8.0, ""MaxBasketRiskPct"": 5.0, ""AddMinSec"": 15, ""Session"": ""london_1013"", ""ZEntry"": 1.5, ""ZEmaBars"": 90, ""NewsBeforeMin"": 30, ""NewsAfterMin"": 30, ""NewsCloseMode"": 0, ""DailyLossPct"": 3.0, ""MaxSpreadPts"": 10}"
-92.5106999999994,-5.621439307685572,25.106999999994002,0.0,1.0,74.893000000006,0.14239210530189933,974.4668763395564,70.0,22.0,93.0,"{""EntryMode"": 0, ""EntryTFMin"": 1, ""GridSpacingPts"": 80, ""TP_Pips"": 4.0, ""MaxLayers"": 1, ""Ladder"": ""step1"", ""MaxHoldSec"": 1800, ""StopPips"": 12.0, ""MaxBasketRiskPct"": 2.0, ""AddMinSec"": 30, ""Session"": ""lateny_1923"", ""ZEntry"": 3.0, ""ZEmaBars"": 30, ""NewsBeforeMin"": 30, ""NewsAfterMin"": 60, ""NewsCloseMode"": 2, ""DailyLossPct"": 8.0, ""MaxSpreadPts"": 10}"
-92.51154214114308,-5.623563158810196,25.201439755711636,0.0,1.0,74.88457858856916,0.13315586063366802,39.03291790137131,0.0,77.0,96.0,"{""EntryMode"": 1, ""EntryTFMin"": 1, ""GridSpacingPts"": 25, ""TP_Pips"": 2.0, ""MaxLayers"": 6, ""Ladder"": ""step2"", ""MaxHoldSec"": 1800, ""StopPips"": 3.0, ""MaxBasketRiskPct"": 3.0, ""AddMinSec"": 60, ""Session"": ""ny_1519"", ""ZEntry"": 1.5, ""ZEmaBars"": 90, ""NewsBeforeMin"": 30, ""NewsAfterMin"": 15, ""NewsCloseMode"": 2, ""DailyLossPct"": 3.0, ""MaxSpreadPts"": 10}"
-92.51190000000159,-5.624465724437522,25.119000000015955,0.0,1.0,74.88099999998404,0.19011270275442776,1418.9671645692288,158.0,33.0,56.0,"{""EntryMode"": 0, ""EntryTFMin"": 1, ""GridSpacingPts"": 15, ""TP_Pips"": 8.0, ""MaxLayers"": 5, ""Ladder"": ""flat"", ""MaxHoldSec"": 1800, ""StopPips"": 11.0, ""MaxBasketRiskPct"": 2.0, ""AddMinSec"": 60, ""Session"": ""asia_0109"", ""ZEntry"": 1.0, ""ZEmaBars"": 30, ""NewsBeforeMin"": 60, ""NewsAfterMin"": 15, ""NewsCloseMode"": 2, ""DailyLossPct"": 3.0, ""MaxSpreadPts"": 0}"
-92.51192348367381,-5.624524954456655,25.11923483673806,0.0,1.0,74.88076516326194,0.18472489336462616,146.96740286853677,16.0,111.0,113.0,"{""EntryMode"": 0, ""EntryTFMin"": 1, ""GridSpacingPts"": 105, ""TP_Pips"": 3.5, ""MaxLayers"": 3, ""Ladder"": ""step1"", ""MaxHoldSec"": 600, ""StopPips"": 4.0, ""MaxBasketRiskPct"": 1.0, ""AddMinSec"": 60, ""Session"": ""ny_1519"", ""ZEntry"": 1.5, ""ZEmaBars"": 30, ""NewsBeforeMin"": 60, ""NewsAfterMin"": 15, ""NewsCloseMode"": 0, ""DailyLossPct"": 5.0, ""MaxSpreadPts"": 10}"
-92.51257505058997,-5.6261683819442965,25.125750505899703,0.0,1.0,74.8742494941003,0.15701615935993224,59.21508547171806,199.0,5.0,0.0,"{""EntryMode"": 1, ""EntryTFMin"": 5, ""GridSpacingPts"": 140, ""TP_Pips"": 9.5, ""MaxLayers"": 6, ""Ladder"": ""step1"", ""MaxHoldSec"": 60, ""StopPips"": 10.0, ""MaxBasketRiskPct"": 3.0, ""AddMinSec"": 15, ""Session"": ""allday_0123"", ""ZEntry"": 2.0, ""ZEmaBars"": 120, ""NewsBeforeMin"": 30, ""NewsAfterMin"": 60, ""NewsCloseMode"": 0, ""DailyLossPct"": 5.0, ""MaxSpreadPts"": 10}"
-92.51375423415469,-5.629142891785555,25.28804905361025,0.0,1.0,74.86245765845314,0.1685614651952214,33.35158905224367,215.0,4.0,0.0,"{""EntryMode"": 1, ""EntryTFMin"": 5, ""GridSpacingPts"": 105, ""TP_Pips"": 7.0, ""MaxLayers"": 1, ""Ladder"": ""step1"", ""MaxHoldSec"": 30, ""StopPips"": 8.0, ""MaxBasketRiskPct"": 5.0, ""AddMinSec"": 0, ""Session"": ""asia_0309"", ""ZEntry"": 1.25, ""ZEmaBars"": 30, ""NewsBeforeMin"": 30, ""NewsAfterMin"": 15, ""NewsCloseMode"": 2, ""DailyLossPct"": 3.0, ""MaxSpreadPts"": 10}"
-92.51500000000168,-5.6322857636546875,25.150000000016746,0.0,1.0,74.84999999998325,0.21089425325794822,91.25136436130984,264.0,10.0,0.0,"{""EntryMode"": 0, ""EntryTFMin"": 5, ""GridSpacingPts"": 75, ""TP_Pips"": 14.5, ""MaxLayers"": 5, ""Ladder"": ""step2"", ""MaxHoldSec"": 60, ""StopPips"": 4.0, ""MaxBasketRiskPct"": 1.0, ""AddMinSec"": 60, ""Session"": ""asia_0309"", ""ZEntry"": 1.75, ""ZEmaBars"": 120, ""NewsBeforeMin"": 15, ""NewsAfterMin"": 15, ""NewsCloseMode"": 0, ""DailyLossPct"": 8.0, ""MaxSpreadPts"": 10}"
-92.51501678412096,-5.632328110211993,25.206263143851615,0.0,1.0,74.84983215879039,0.1670220910838495,74.54663565459555,110.0,0.0,107.0,"{""EntryMode"": 0, ""EntryTFMin"": 1, ""GridSpacingPts"": 150, ""TP_Pips"": 1.0, ""MaxLayers"": 2, ""Ladder"": ""step1"", ""MaxHoldSec"": 120, ""StopPips"": 22.0, ""MaxBasketRiskPct"": 5.0, ""AddMinSec"": 15, ""Session"": ""ny_1519"", ""ZEntry"": 2.25, ""ZEmaBars"": 90, ""NewsBeforeMin"": 60, ""NewsAfterMin"": 60, ""NewsCloseMode"": 0, ""DailyLossPct"": 8.0, ""MaxSpreadPts"": 0}"
-92.5150578729872,-5.632431778291302,25.150578729872,0.0,1.0,74.849421270128,0.20627613092383257,32.27180889333995,265.0,0.0,3.0,"{""EntryMode"": 0, ""EntryTFMin"": 5, ""GridSpacingPts"": 10, ""TP_Pips"": 8.5, ""MaxLayers"": 4, ""Ladder"": ""step2"", ""MaxHoldSec"": 30, ""StopPips"": 19.0, ""MaxBasketRiskPct"": 5.0, ""AddMinSec"": 60, ""Session"": ""london_1013"", ""ZEntry"": 1.0, ""ZEmaBars"": 30, ""NewsBeforeMin"": 60, ""NewsAfterMin"": 30, ""NewsCloseMode"": 0, ""DailyLossPct"": 5.0, ""MaxSpreadPts"": 10}"
-92.5151000000016,-5.63253806611298,25.151000000015955,0.0,1.0,74.84899999998404,0.20935487914657633,546.088253075689,231.0,30.0,11.0,"{""EntryMode"": 0, ""EntryTFMin"": 5, ""GridSpacingPts"": 60, ""TP_Pips"": 9.0, ""MaxLayers"": 1, ""Ladder"": ""step1"", ""MaxHoldSec"": 600, ""StopPips"": 6.0, ""MaxBasketRiskPct"": 1.0, ""AddMinSec"": 30, ""Session"": ""asia_0309"", ""ZEntry"": 2.25, ""ZEmaBars"": 60, ""NewsBeforeMin"": 60, ""NewsAfterMin"": 60, ""NewsCloseMode"": 0, ""DailyLossPct"": 3.0, ""MaxSpreadPts"": 10}"
-92.51563656200385,-5.633891871283825,25.156365620038457,0.0,1.0,74.84363437996154,0.17164021341796515,67.10153429834251,211.0,5.0,7.0,"{""EntryMode"": 0, ""EntryTFMin"": 1, ""GridSpacingPts"": 45, ""TP_Pips"": 8.5, ""MaxLayers"": 3, ""Ladder"": ""flat"", ""MaxHoldSec"": 60, ""StopPips"": 10.0, ""MaxBasketRiskPct"": 2.0, ""AddMinSec"": 15, ""Session"": ""allday_0123"", ""ZEntry"": 3.0, ""ZEmaBars"": 60, ""NewsBeforeMin"": 60, ""NewsAfterMin"": 15, ""NewsCloseMode"": 2, ""DailyLossPct"": 5.0, ""MaxSpreadPts"": 10}"
-92.52018996926591,-5.645383746467603,25.201899692659197,0.0,1.0,74.7981003073408,0.16625240402816355,118.29091034383856,211.0,5.0,0.0,"{""EntryMode"": 0, ""EntryTFMin"": 1, ""GridSpacingPts"": 45, ""TP_Pips"": 13.5, ""MaxLayers"": 3, ""Ladder"": ""step2"", ""MaxHoldSec"": 120, ""StopPips"": 5.0, ""MaxBasketRiskPct"": 5.0, ""AddMinSec"": 30, ""Session"": ""asia_0109"", ""ZEntry"": 1.75, ""ZEmaBars"": 60, ""NewsBeforeMin"": 60, ""NewsAfterMin"": 30, ""NewsCloseMode"": 0, ""DailyLossPct"": 3.0, ""MaxSpreadPts"": 0}"
-92.52246163855826,-5.651119070780264,25.224616385582603,0.0,1.0,74.7753836144174,0.16086459463836195,123.23873335898183,5.0,50.0,154.0,"{""EntryMode"": 0, ""EntryTFMin"": 1, ""GridSpacingPts"": 130, ""TP_Pips"": 2.0, ""MaxLayers"": 3, ""Ladder"": ""step2"", ""MaxHoldSec"": 600, ""StopPips"": 7.0, ""MaxBasketRiskPct"": 5.0, ""AddMinSec"": 15, ""Session"": ""london_1013"", ""ZEntry"": 1.5, ""ZEmaBars"": 30, ""NewsBeforeMin"": 30, ""NewsAfterMin"": 15, ""NewsCloseMode"": 2, ""DailyLossPct"": 3.0, ""MaxSpreadPts"": 0}"
-92.5227000000017,-5.6517209469908565,25.227000000017096,0.0,1.0,74.7729999999829,0.20935487914657633,157.71750868558883,269.0,0.0,3.0,"{""EntryMode"": 0, ""EntryTFMin"": 5, ""GridSpacingPts"": 125, ""TP_Pips"": 10.0, ""MaxLayers"": 2, ""Ladder"": ""step2"", ""MaxHoldSec"": 120, ""StopPips"": 29.0, ""MaxBasketRiskPct"": 5.0, ""AddMinSec"": 60, ""Session"": ""asia_0309"", ""ZEntry"": 1.75, ""ZEmaBars"": 90, ""NewsBeforeMin"": 15, ""NewsAfterMin"": 30, ""NewsCloseMode"": 2, ""DailyLossPct"": 8.0, ""MaxSpreadPts"": 10}"
-92.52370000000192,-5.654246171168065,25.237000000019165,0.0,1.0,74.76299999998083,0.18626426747599806,59.57328064900176,241.0,0.0,1.0,"{""EntryMode"": 0, ""EntryTFMin"": 1, ""GridSpacingPts"": 80, ""TP_Pips"": 6.0, ""MaxLayers"": 1, ""Ladder"": ""step2"", ""MaxHoldSec"": 60, ""StopPips"": 16.0, ""MaxBasketRiskPct"": 5.0, ""AddMinSec"": 0, ""Session"": ""asia_0309"", ""ZEntry"": 2.5, ""ZEmaBars"": 120, ""NewsBeforeMin"": 60, ""NewsAfterMin"": 15, ""NewsCloseMode"": 0, ""DailyLossPct"": 3.0, ""MaxSpreadPts"": 10}"
-92.52400000000321,-5.655003791107571,25.240000000032154,0.0,1.0,74.75999999996785,0.1978095733112872,114.99333677831684,247.0,1.0,9.0,"{""EntryMode"": 0, ""EntryTFMin"": 1, ""GridSpacingPts"": 75, ""TP_Pips"": 7.5, ""MaxLayers"": 2, ""Ladder"": ""step1"", ""MaxHoldSec"": 120, ""StopPips"": 28.0, ""MaxBasketRiskPct"": 5.0, ""AddMinSec"": 0, ""Session"": ""london_1013"", ""ZEntry"": 2.75, ""ZEmaBars"": 30, ""NewsBeforeMin"": 60, ""NewsAfterMin"": 30, ""NewsCloseMode"": 2, ""DailyLossPct"": 8.0, ""MaxSpreadPts"": 0}"
-92.52421123900177,-5.655537268619737,25.24211239001778,0.0,1.0,74.75788760998222,0.18626426747599806,32.630747721079835,239.0,3.0,0.0,"{""EntryMode"": 0, ""EntryTFMin"": 5, ""GridSpacingPts"": 125, ""TP_Pips"": 10.0, ""MaxLayers"": 6, ""Ladder"": ""step1"", ""MaxHoldSec"": 30, ""StopPips"": 6.0, ""MaxBasketRiskPct"": 5.0, ""AddMinSec"": 15, ""Session"": ""allday_0123"", ""ZEntry"": 3.0, ""ZEmaBars"": 120, ""NewsBeforeMin"": 60, ""NewsAfterMin"": 30, ""NewsCloseMode"": 0, ""DailyLossPct"": 8.0, ""MaxSpreadPts"": 10}"
-92.52489999999904,-5.6572767968233855,25.24899999999029,0.0,1.0,74.75100000000971,0.1801067710305105,115.59993009813243,222.0,6.0,6.0,"{""EntryMode"": 0, ""EntryTFMin"": 1, ""GridSpacingPts"": 135, ""TP_Pips"": 11.5, ""MaxLayers"": 6, ""Ladder"": ""step1"", ""MaxHoldSec"": 120, ""StopPips"": 14.0, ""MaxBasketRiskPct"": 2.0, ""AddMinSec"": 15, ""Session"": ""lateny_1923"", ""ZEntry"": 2.25, ""ZEmaBars"": 30, ""NewsBeforeMin"": 60, ""NewsAfterMin"": 60, ""NewsCloseMode"": 2, ""DailyLossPct"": 3.0, ""MaxSpreadPts"": 0}"
-92.52510000000177,-5.6577819389412864,25.251000000017743,0.0,1.0,74.74899999998226,0.19550051214422937,870.4215302756338,238.0,9.0,7.0,"{""EntryMode"": 0, ""EntryTFMin"": 5, ""GridSpacingPts"": 65, ""TP_Pips"": 14.5, ""MaxLayers"": 1, ""Ladder"": ""step1"", ""MaxHoldSec"": 900, ""StopPips"": 13.0, ""MaxBasketRiskPct"": 2.0, ""AddMinSec"": 60, ""Session"": ""allday_0123"", ""ZEntry"": 3.0, ""ZEmaBars"": 30, ""NewsBeforeMin"": 60, ""NewsAfterMin"": 30, ""NewsCloseMode"": 0, ""DailyLossPct"": 8.0, ""MaxSpreadPts"": 0}"
-92.54808087777344,-5.715897106858659,25.48080877773441,0.0,1.0,74.51919122226559,0.12391961596543673,33.84620793660481,2.0,58.0,101.0,"{""EntryMode"": 1, ""EntryTFMin"": 5, ""GridSpacingPts"": 115, ""TP_Pips"": 0.5, ""MaxLayers"": 1, ""Ladder"": ""step1"", ""MaxHoldSec"": 300, ""StopPips"": 3.0, ""MaxBasketRiskPct"": 2.0, ""AddMinSec"": 0, ""Session"": ""london_1013"", ""ZEntry"": 2.5, ""ZEmaBars"": 90, ""NewsBeforeMin"": 15, ""NewsAfterMin"": 15, ""NewsCloseMode"": 0, ""DailyLossPct"": 3.0, ""MaxSpreadPts"": 0}"
-92.56827817428687,-5.7670914988656286,25.6827817428687,0.0,1.0,74.3172182571313,0.11160462307446165,988.2201029738044,51.0,30.0,64.0,"{""EntryMode"": 0, ""EntryTFMin"": 5, ""GridSpacingPts"": 80, ""TP_Pips"": 4.5, ""MaxLayers"": 5, ""Ladder"": ""step2"", ""MaxHoldSec"": 1800, ""StopPips"": 9.0, ""MaxBasketRiskPct"": 3.0, ""AddMinSec"": 30, ""Session"": ""lateny_1923"", ""ZEntry"": 1.5, ""ZEmaBars"": 30, ""NewsBeforeMin"": 15, ""NewsAfterMin"": 15, ""NewsCloseMode"": 0, ""DailyLossPct"": 5.0, ""MaxSpreadPts"": 10}"
