value,cagr_pct,max_dd_pct,ruined,killed,final_equity,trades_per_day,avg_hold_sec,time_stops,side_stops,wins,params
245.6498065874088,245.6498065874088,1.2240324109991394,0.0,0.0,49156.96000029615,2536.933177390096,36.76156184263842,2804498.0,489747.0,1813.0,"{""EntryMode"": 0, ""EntryTFMin"": 1, ""GridSpacingPts"": 115, ""TP_Pips"": 15.0, ""MaxLayers"": 2, ""Ladder"": ""step2"", ""MaxHoldSec"": 30, ""StopPips"": 2.0, ""MaxBasketRiskPct"": 2.0, ""AddMinSec"": 60, ""Session"": ""allday_0123"", ""ZEntry"": 2.0, ""ZEmaBars"": 30, ""NewsBeforeMin"": 15, ""NewsAfterMin"": 15, ""NewsCloseMode"": 0, ""DailyLossPct"": 8.0, ""MaxSpreadPts"": 25}"
245.6498065874088,245.6498065874088,1.2240324109991394,0.0,0.0,49156.96000029615,2536.933177390096,36.76156184263842,2804498.0,489747.0,1813.0,"{""EntryMode"": 0, ""EntryTFMin"": 1, ""GridSpacingPts"": 110, ""TP_Pips"": 15.0, ""MaxLayers"": 1, ""Ladder"": ""step2"", ""MaxHoldSec"": 30, ""StopPips"": 2.0, ""MaxBasketRiskPct"": 2.0, ""AddMinSec"": 60, ""Session"": ""allday_0123"", ""ZEntry"": 1.0, ""ZEmaBars"": 30, ""NewsBeforeMin"": 15, ""NewsAfterMin"": 15, ""NewsCloseMode"": 0, ""DailyLossPct"": 8.0, ""MaxSpreadPts"": 25}"
245.6498065874088,245.6498065874088,1.2240324109991394,0.0,0.0,49156.96000029615,2536.933177390096,36.76156184263842,2804498.0,489747.0,1813.0,"{""EntryMode"": 0, ""EntryTFMin"": 1, ""GridSpacingPts"": 135, ""TP_Pips"": 15.0, ""MaxLayers"": 1, ""Ladder"": ""step2"", ""MaxHoldSec"": 30, ""StopPips"": 2.0, ""MaxBasketRiskPct"": 1.0, ""AddMinSec"": 60, ""Session"": ""allday_0123"", ""ZEntry"": 1.5, ""ZEmaBars"": 30, ""NewsBeforeMin"": 15, ""NewsAfterMin"": 15, ""NewsCloseMode"": 0, ""DailyLossPct"": 8.0, ""MaxSpreadPts"": 25}"
245.52391622951313,245.52391622951313,1.2250884306790655,0.0,0.0,49067.56000029298,2536.933177390096,36.76039074674112,2804308.0,489745.0,2005.0,"{""EntryMode"": 0, ""EntryTFMin"": 1, ""GridSpacingPts"": 110, ""TP_Pips"": 14.5, ""MaxLayers"": 1, ""Ladder"": ""step2"", ""MaxHoldSec"": 30, ""StopPips"": 2.0, ""MaxBasketRiskPct"": 2.0, ""AddMinSec"": 60, ""Session"": ""allday_0123"", ""ZEntry"": 1.75, ""ZEmaBars"": 30, ""NewsBeforeMin"": 15, ""NewsAfterMin"": 15, ""NewsCloseMode"": 0, ""DailyLossPct"": 8.0, ""MaxSpreadPts"": 25}"
245.52391622951313,245.52391622951313,1.2250884306790655,0.0,0.0,49067.56000029298,2536.933177390096,36.76039074674112,2804308.0,489745.0,2005.0,"{""EntryMode"": 0, ""EntryTFMin"": 1, ""GridSpacingPts"": 140, ""TP_Pips"": 14.5, ""MaxLayers"": 1, ""Ladder"": ""step2"", ""MaxHoldSec"": 30, ""StopPips"": 2.0, ""MaxBasketRiskPct"": 5.0, ""AddMinSec"": 60, ""Session"": ""allday_0123"", ""ZEntry"": 1.75, ""ZEmaBars"": 60, ""NewsBeforeMin"": 15, ""NewsAfterMin"": 15, ""NewsCloseMode"": 0, ""DailyLossPct"": 8.0, ""MaxSpreadPts"": 25}"
245.52391622951313,245.52391622951313,1.2250884306790655,0.0,0.0,49067.56000029298,2536.933177390096,36.76039074674112,2804308.0,489745.0,2005.0,"{""EntryMode"": 0, ""EntryTFMin"": 1, ""GridSpacingPts"": 120, ""TP_Pips"": 14.5, ""MaxLayers"": 2, ""Ladder"": ""step2"", ""MaxHoldSec"": 30, ""StopPips"": 2.0, ""MaxBasketRiskPct"": 5.0, ""AddMinSec"": 15, ""Session"": ""allday_0123"", ""ZEntry"": 1.25, ""ZEmaBars"": 30, ""NewsBeforeMin"": 15, ""NewsAfterMin"": 15, ""NewsCloseMode"": 0, ""DailyLossPct"": 8.0, ""MaxSpreadPts"": 25}"
245.52391622951313,245.52391622951313,1.2250884306790655,0.0,0.0,49067.56000029298,2536.933177390096,36.76039074674112,2804308.0,489745.0,2005.0,"{""EntryMode"": 0, ""EntryTFMin"": 1, ""GridSpacingPts"": 120, ""TP_Pips"": 14.5, ""MaxLayers"": 2, ""Ladder"": ""step2"", ""MaxHoldSec"": 30, ""StopPips"": 2.0, ""MaxBasketRiskPct"": 5.0, ""AddMinSec"": 60, ""Session"": ""allday_0123"", ""ZEntry"": 1.25, ""ZEmaBars"": 30, ""NewsBeforeMin"": 15, ""NewsAfterMin"": 15, ""NewsCloseMode"": 0, ""DailyLossPct"": 8.0, ""MaxSpreadPts"": 25}"
245.52391622951313,245.52391622951313,1.2250884306790655,0.0,0.0,49067.56000029298,2536.933177390096,36.76039074674112,2804308.0,489745.0,2005.0,"{""EntryMode"": 0, ""EntryTFMin"": 1, ""GridSpacingPts"": 115, ""TP_Pips"": 14.5, ""MaxLayers"": 1, ""Ladder"": ""step2"", ""MaxHoldSec"": 30, ""StopPips"": 2.0, ""MaxBasketRiskPct"": 2.0, ""AddMinSec"": 60, ""Session"": ""allday_0123"", ""ZEntry"": 2.0, ""ZEmaBars"": 30, ""NewsBeforeMin"": 15, ""NewsAfterMin"": 15, ""NewsCloseMode"": 0, ""DailyLossPct"": 8.0, ""MaxSpreadPts"": 25}"
245.52391622951313,245.52391622951313,1.2250884306790655,0.0,0.0,49067.56000029298,2536.933177390096,36.76039074674112,2804308.0,489745.0,2005.0,"{""EntryMode"": 0, ""EntryTFMin"": 1, ""GridSpacingPts"": 140, ""TP_Pips"": 14.5, ""MaxLayers"": 1, ""Ladder"": ""step2"", ""MaxHoldSec"": 30, ""StopPips"": 2.0, ""MaxBasketRiskPct"": 5.0, ""AddMinSec"": 60, ""Session"": ""allday_0123"", ""ZEntry"": 1.5, ""ZEmaBars"": 30, ""NewsBeforeMin"": 15, ""NewsAfterMin"": 15, ""NewsCloseMode"": 0, ""DailyLossPct"": 8.0, ""MaxSpreadPts"": 25}"
245.52391622951313,245.52391622951313,1.2250884306790655,0.0,0.0,49067.56000029298,2536.933177390096,36.76039074674112,2804308.0,489745.0,2005.0,"{""EntryMode"": 0, ""EntryTFMin"": 1, ""GridSpacingPts"": 115, ""TP_Pips"": 14.5, ""MaxLayers"": 1, ""Ladder"": ""step2"", ""MaxHoldSec"": 30, ""StopPips"": 2.0, ""MaxBasketRiskPct"": 2.0, ""AddMinSec"": 60, ""Session"": ""allday_0123"", ""ZEntry"": 1.0, ""ZEmaBars"": 30, ""NewsBeforeMin"": 15, ""NewsAfterMin"": 15, ""NewsCloseMode"": 0, ""DailyLossPct"": 8.0, ""MaxSpreadPts"": 25}"
245.52391622951313,245.52391622951313,1.2250884306790655,0.0,0.0,49067.56000029298,2536.933177390096,36.76039074674112,2804308.0,489745.0,2005.0,"{""EntryMode"": 0, ""EntryTFMin"": 1, ""GridSpacingPts"": 115, ""TP_Pips"": 14.5, ""MaxLayers"": 2, ""Ladder"": ""step2"", ""MaxHoldSec"": 30, ""StopPips"": 2.0, ""MaxBasketRiskPct"": 5.0, ""AddMinSec"": 15, ""Session"": ""allday_0123"", ""ZEntry"": 1.25, ""ZEmaBars"": 30, ""NewsBeforeMin"": 15, ""NewsAfterMin"": 15, ""NewsCloseMode"": 0, ""DailyLossPct"": 8.0, ""MaxSpreadPts"": 25}"
245.3807079669515,245.3807079669515,1.22667588113347,0.0,0.0,48966.02000029493,2536.933177390096,36.758873783143585,2804060.0,489743.0,2255.0,"{""EntryMode"": 0, ""EntryTFMin"": 1, ""GridSpacingPts"": 110, ""TP_Pips"": 14.0, ""MaxLayers"": 2, ""Ladder"": ""step2"", ""MaxHoldSec"": 30, ""StopPips"": 2.0, ""MaxBasketRiskPct"": 1.0, ""AddMinSec"": 60, ""Session"": ""allday_0123"", ""ZEntry"": 2.0, ""ZEmaBars"": 30, ""NewsBeforeMin"": 15, ""NewsAfterMin"": 15, ""NewsCloseMode"": 0, ""DailyLossPct"": 8.0, ""MaxSpreadPts"": 25}"
245.3807079669515,245.3807079669515,1.22667588113347,0.0,0.0,48966.02000029493,2536.933177390096,36.758873783143585,2804060.0,489743.0,2255.0,"{""EntryMode"": 0, ""EntryTFMin"": 1, ""GridSpacingPts"": 130, ""TP_Pips"": 14.0, ""MaxLayers"": 1, ""Ladder"": ""step2"", ""MaxHoldSec"": 30, ""StopPips"": 2.0, ""MaxBasketRiskPct"": 5.0, ""AddMinSec"": 60, ""Session"": ""allday_0123"", ""ZEntry"": 1.75, ""ZEmaBars"": 60, ""NewsBeforeMin"": 15, ""NewsAfterMin"": 15, ""NewsCloseMode"": 0, ""DailyLossPct"": 8.0, ""MaxSpreadPts"": 25}"
245.3807079669515,245.3807079669515,1.22667588113347,0.0,0.0,48966.02000029493,2536.933177390096,36.758873783143585,2804060.0,489743.0,2255.0,"{""EntryMode"": 0, ""EntryTFMin"": 1, ""GridSpacingPts"": 105, ""TP_Pips"": 14.0, ""MaxLayers"": 1, ""Ladder"": ""step2"", ""MaxHoldSec"": 30, ""StopPips"": 2.0, ""MaxBasketRiskPct"": 1.0, ""AddMinSec"": 15, ""Session"": ""allday_0123"", ""ZEntry"": 1.5, ""ZEmaBars"": 30, ""NewsBeforeMin"": 15, ""NewsAfterMin"": 15, ""NewsCloseMode"": 0, ""DailyLossPct"": 8.0, ""MaxSpreadPts"": 25}"
245.3807079669515,245.3807079669515,1.22667588113347,0.0,0.0,48966.02000029493,2536.933177390096,36.758873783143585,2804060.0,489743.0,2255.0,"{""EntryMode"": 0, ""EntryTFMin"": 1, ""GridSpacingPts"": 115, ""TP_Pips"": 14.0, ""MaxLayers"": 1, ""Ladder"": ""step2"", ""MaxHoldSec"": 30, ""StopPips"": 2.0, ""MaxBasketRiskPct"": 2.0, ""AddMinSec"": 60, ""Session"": ""allday_0123"", ""ZEntry"": 1.5, ""ZEmaBars"": 30, ""NewsBeforeMin"": 15, ""NewsAfterMin"": 15, ""NewsCloseMode"": 0, ""DailyLossPct"": 8.0, ""MaxSpreadPts"": 25}"
245.3807079669515,245.3807079669515,1.22667588113347,0.0,0.0,48966.02000029493,2536.933177390096,36.758873783143585,2804060.0,489743.0,2255.0,"{""EntryMode"": 0, ""EntryTFMin"": 1, ""GridSpacingPts"": 110, ""TP_Pips"": 14.0, ""MaxLayers"": 1, ""Ladder"": ""step2"", ""MaxHoldSec"": 30, ""StopPips"": 2.0, ""MaxBasketRiskPct"": 2.0, ""AddMinSec"": 60, ""Session"": ""allday_0123"", ""ZEntry"": 1.5, ""ZEmaBars"": 30, ""NewsBeforeMin"": 15, ""NewsAfterMin"": 15, ""NewsCloseMode"": 0, ""DailyLossPct"": 8.0, ""MaxSpreadPts"": 25}"
245.3807079669515,245.3807079669515,1.22667588113347,0.0,0.0,48966.02000029493,2536.933177390096,36.758873783143585,2804060.0,489743.0,2255.0,"{""EntryMode"": 0, ""EntryTFMin"": 1, ""GridSpacingPts"": 110, ""TP_Pips"": 14.0, ""MaxLayers"": 1, ""Ladder"": ""step2"", ""MaxHoldSec"": 30, ""StopPips"": 2.0, ""MaxBasketRiskPct"": 1.0, ""AddMinSec"": 60, ""Session"": ""allday_0123"", ""ZEntry"": 1.5, ""ZEmaBars"": 30, ""NewsBeforeMin"": 15, ""NewsAfterMin"": 15, ""NewsCloseMode"": 0, ""DailyLossPct"": 8.0, ""MaxSpreadPts"": 25}"
245.3807079669515,245.3807079669515,1.22667588113347,0.0,0.0,48966.02000029493,2536.933177390096,36.758873783143585,2804060.0,489743.0,2255.0,"{""EntryMode"": 0, ""EntryTFMin"": 1, ""GridSpacingPts"": 120, ""TP_Pips"": 14.0, ""MaxLayers"": 2, ""Ladder"": ""step2"", ""MaxHoldSec"": 30, ""StopPips"": 2.0, ""MaxBasketRiskPct"": 5.0, ""AddMinSec"": 15, ""Session"": ""allday_0123"", ""ZEntry"": 1.25, ""ZEmaBars"": 90, ""NewsBeforeMin"": 15, ""NewsAfterMin"": 15, ""NewsCloseMode"": 0, ""DailyLossPct"": 8.0, ""MaxSpreadPts"": 25}"
245.3807079669515,245.3807079669515,1.22667588113347,0.0,0.0,48966.02000029493,2536.933177390096,36.758873783143585,2804060.0,489743.0,2255.0,"{""EntryMode"": 0, ""EntryTFMin"": 1, ""GridSpacingPts"": 120, ""TP_Pips"": 14.0, ""MaxLayers"": 1, ""Ladder"": ""step2"", ""MaxHoldSec"": 30, ""StopPips"": 2.0, ""MaxBasketRiskPct"": 2.0, ""AddMinSec"": 60, ""Session"": ""allday_0123"", ""ZEntry"": 1.25, ""ZEmaBars"": 30, ""NewsBeforeMin"": 15, ""NewsAfterMin"": 15, ""NewsCloseMode"": 0, ""DailyLossPct"": 8.0, ""MaxSpreadPts"": 25}"
245.3807079669515,245.3807079669515,1.22667588113347,0.0,0.0,48966.02000029493,2536.933177390096,36.758873783143585,2804060.0,489743.0,2255.0,"{""EntryMode"": 0, ""EntryTFMin"": 1, ""GridSpacingPts"": 115, ""TP_Pips"": 14.0, ""MaxLayers"": 1, ""Ladder"": ""step2"", ""MaxHoldSec"": 30, ""StopPips"": 2.0, ""MaxBasketRiskPct"": 2.0, ""AddMinSec"": 60, ""Session"": ""allday_0123"", ""ZEntry"": 2.0, ""ZEmaBars"": 30, ""NewsBeforeMin"": 15, ""NewsAfterMin"": 15, ""NewsCloseMode"": 0, ""DailyLossPct"": 8.0, ""MaxSpreadPts"": 25}"
245.3807079669515,245.3807079669515,1.22667588113347,0.0,0.0,48966.02000029493,2536.933177390096,36.758873783143585,2804060.0,489743.0,2255.0,"{""EntryMode"": 0, ""EntryTFMin"": 1, ""GridSpacingPts"": 120, ""TP_Pips"": 14.0, ""MaxLayers"": 2, ""Ladder"": ""step2"", ""MaxHoldSec"": 30, ""StopPips"": 2.0, ""MaxBasketRiskPct"": 1.0, ""AddMinSec"": 60, ""Session"": ""allday_0123"", ""ZEntry"": 1.25, ""ZEmaBars"": 30, ""NewsBeforeMin"": 15, ""NewsAfterMin"": 15, ""NewsCloseMode"": 0, ""DailyLossPct"": 8.0, ""MaxSpreadPts"": 25}"
245.3807079669515,245.3807079669515,1.22667588113347,0.0,0.0,48966.02000029493,2536.933177390096,36.758873783143585,2804060.0,489743.0,2255.0,"{""EntryMode"": 0, ""EntryTFMin"": 1, ""GridSpacingPts"": 120, ""TP_Pips"": 14.0, ""MaxLayers"": 1, ""Ladder"": ""step2"", ""MaxHoldSec"": 30, ""StopPips"": 2.0, ""MaxBasketRiskPct"": 5.0, ""AddMinSec"": 60, ""Session"": ""allday_0123"", ""ZEntry"": 1.25, ""ZEmaBars"": 30, ""NewsBeforeMin"": 15, ""NewsAfterMin"": 15, ""NewsCloseMode"": 0, ""DailyLossPct"": 8.0, ""MaxSpreadPts"": 25}"
245.3807079669515,245.3807079669515,1.22667588113347,0.0,0.0,48966.02000029493,2536.933177390096,36.758873783143585,2804060.0,489743.0,2255.0,"{""EntryMode"": 0, ""EntryTFMin"": 1, ""GridSpacingPts"": 120, ""TP_Pips"": 14.0, ""MaxLayers"": 2, ""Ladder"": ""step2"", ""MaxHoldSec"": 30, ""StopPips"": 2.0, ""MaxBasketRiskPct"": 5.0, ""AddMinSec"": 15, ""Session"": ""allday_0123"", ""ZEntry"": 1.25, ""ZEmaBars"": 90, ""NewsBeforeMin"": 15, ""NewsAfterMin"": 15, ""NewsCloseMode"": 0, ""DailyLossPct"": 8.0, ""MaxSpreadPts"": 25}"
245.23188906422013,245.23188906422013,1.229117978014461,0.0,0.0,48860.68000028812,2536.933177390096,36.75735681954605,2803818.0,489736.0,2504.0,"{""EntryMode"": 0, ""EntryTFMin"": 1, ""GridSpacingPts"": 120, ""TP_Pips"": 13.5, ""MaxLayers"": 3, ""Ladder"": ""step2"", ""MaxHoldSec"": 30, ""StopPips"": 2.0, ""MaxBasketRiskPct"": 5.0, ""AddMinSec"": 15, ""Session"": ""allday_0123"", ""ZEntry"": 1.25, ""ZEmaBars"": 90, ""NewsBeforeMin"": 15, ""NewsAfterMin"": 15, ""NewsCloseMode"": 0, ""DailyLossPct"": 8.0, ""MaxSpreadPts"": 25}"
245.23188906422013,245.23188906422013,1.229117978014461,0.0,0.0,48860.68000028812,2536.933177390096,36.75735681954605,2803818.0,489736.0,2504.0,"{""EntryMode"": 0, ""EntryTFMin"": 1, ""GridSpacingPts"": 135, ""TP_Pips"": 13.5, ""MaxLayers"": 1, ""Ladder"": ""step2"", ""MaxHoldSec"": 30, ""StopPips"": 2.0, ""MaxBasketRiskPct"": 5.0, ""AddMinSec"": 60, ""Session"": ""allday_0123"", ""ZEntry"": 1.25, ""ZEmaBars"": 120, ""NewsBeforeMin"": 15, ""NewsAfterMin"": 15, ""NewsCloseMode"": 0, ""DailyLossPct"": 8.0, ""MaxSpreadPts"": 25}"
245.23188906422013,245.23188906422013,1.229117978014461,0.0,0.0,48860.68000028812,2536.933177390096,36.75735681954605,2803818.0,489736.0,2504.0,"{""EntryMode"": 0, ""EntryTFMin"": 1, ""GridSpacingPts"": 115, ""TP_Pips"": 13.5, ""MaxLayers"": 1, ""Ladder"": ""step2"", ""MaxHoldSec"": 30, ""StopPips"": 2.0, ""MaxBasketRiskPct"": 1.0, ""AddMinSec"": 60, ""Session"": ""allday_0123"", ""ZEntry"": 1.5, ""ZEmaBars"": 30, ""NewsBeforeMin"": 15, ""NewsAfterMin"": 15, ""NewsCloseMode"": 0, ""DailyLossPct"": 8.0, ""MaxSpreadPts"": 25}"
245.23188906422013,245.23188906422013,1.229117978014461,0.0,0.0,48860.68000028812,2536.933177390096,36.75735681954605,2803818.0,489736.0,2504.0,"{""EntryMode"": 0, ""EntryTFMin"": 1, ""GridSpacingPts"": 115, ""TP_Pips"": 13.5, ""MaxLayers"": 1, ""Ladder"": ""step2"", ""MaxHoldSec"": 30, ""StopPips"": 2.0, ""MaxBasketRiskPct"": 1.0, ""AddMinSec"": 60, ""Session"": ""allday_0123"", ""ZEntry"": 1.0, ""ZEmaBars"": 60, ""NewsBeforeMin"": 15, ""NewsAfterMin"": 15, ""NewsCloseMode"": 0, ""DailyLossPct"": 8.0, ""MaxSpreadPts"": 25}"
245.23188906422013,245.23188906422013,1.229117978014461,0.0,0.0,48860.68000028812,2536.933177390096,36.75735681954605,2803818.0,489736.0,2504.0,"{""EntryMode"": 0, ""EntryTFMin"": 1, ""GridSpacingPts"": 125, ""TP_Pips"": 13.5, ""MaxLayers"": 1, ""Ladder"": ""step2"", ""MaxHoldSec"": 30, ""StopPips"": 2.0, ""MaxBasketRiskPct"": 5.0, ""AddMinSec"": 60, ""Session"": ""allday_0123"", ""ZEntry"": 1.25, ""ZEmaBars"": 30, ""NewsBeforeMin"": 15, ""NewsAfterMin"": 15, ""NewsCloseMode"": 0, ""DailyLossPct"": 8.0, ""MaxSpreadPts"": 25}"
245.23188906422013,245.23188906422013,1.229117978014461,0.0,0.0,48860.68000028812,2536.933177390096,36.75735681954605,2803818.0,489736.0,2504.0,"{""EntryMode"": 0, ""EntryTFMin"": 1, ""GridSpacingPts"": 110, ""TP_Pips"": 13.5, ""MaxLayers"": 2, ""Ladder"": ""step2"", ""MaxHoldSec"": 30, ""StopPips"": 2.0, ""MaxBasketRiskPct"": 1.0, ""AddMinSec"": 60, ""Session"": ""allday_0123"", ""ZEntry"": 1.25, ""ZEmaBars"": 30, ""NewsBeforeMin"": 15, ""NewsAfterMin"": 15, ""NewsCloseMode"": 0, ""DailyLossPct"": 8.0, ""MaxSpreadPts"": 25}"
245.23188906422013,245.23188906422013,1.229117978014461,0.0,0.0,48860.68000028812,2536.933177390096,36.75735681954605,2803818.0,489736.0,2504.0,"{""EntryMode"": 0, ""EntryTFMin"": 1, ""GridSpacingPts"": 120, ""TP_Pips"": 13.5, ""MaxLayers"": 2, ""Ladder"": ""step2"", ""MaxHoldSec"": 30, ""StopPips"": 2.0, ""MaxBasketRiskPct"": 5.0, ""AddMinSec"": 15, ""Session"": ""allday_0123"", ""ZEntry"": 1.25, ""ZEmaBars"": 30, ""NewsBeforeMin"": 15, ""NewsAfterMin"": 15, ""NewsCloseMode"": 0, ""DailyLossPct"": 8.0, ""MaxSpreadPts"": 25}"
245.23188906422013,245.23188906422013,1.229117978014461,0.0,0.0,48860.68000028812,2536.933177390096,36.75735681954605,2803818.0,489736.0,2504.0,"{""EntryMode"": 0, ""EntryTFMin"": 1, ""GridSpacingPts"": 140, ""TP_Pips"": 13.5, ""MaxLayers"": 1, ""Ladder"": ""step2"", ""MaxHoldSec"": 30, ""StopPips"": 2.0, ""MaxBasketRiskPct"": 5.0, ""AddMinSec"": 60, ""Session"": ""allday_0123"", ""ZEntry"": 1.5, ""ZEmaBars"": 30, ""NewsBeforeMin"": 15, ""NewsAfterMin"": 15, ""NewsCloseMode"": 0, ""DailyLossPct"": 8.0, ""MaxSpreadPts"": 25}"
245.23188906422013,245.23188906422013,1.229117978014461,0.0,0.0,48860.68000028812,2536.933177390096,36.75735681954605,2803818.0,489736.0,2504.0,"{""EntryMode"": 0, ""EntryTFMin"": 1, ""GridSpacingPts"": 100, ""TP_Pips"": 13.5, ""MaxLayers"": 1, ""Ladder"": ""step2"", ""MaxHoldSec"": 30, ""StopPips"": 2.0, ""MaxBasketRiskPct"": 1.0, ""AddMinSec"": 15, ""Session"": ""allday_0123"", ""ZEntry"": 1.75, ""ZEmaBars"": 30, ""NewsBeforeMin"": 15, ""NewsAfterMin"": 15, ""NewsCloseMode"": 0, ""DailyLossPct"": 8.0, ""MaxSpreadPts"": 25}"
245.23188906422013,245.23188906422013,1.229117978014461,0.0,0.0,48860.68000028812,2536.933177390096,36.75735681954605,2803818.0,489736.0,2504.0,"{""EntryMode"": 0, ""EntryTFMin"": 1, ""GridSpacingPts"": 115, ""TP_Pips"": 13.5, ""MaxLayers"": 2, ""Ladder"": ""step2"", ""MaxHoldSec"": 30, ""StopPips"": 2.0, ""MaxBasketRiskPct"": 1.0, ""AddMinSec"": 60, ""Session"": ""allday_0123"", ""ZEntry"": 1.25, ""ZEmaBars"": 30, ""NewsBeforeMin"": 15, ""NewsAfterMin"": 15, ""NewsCloseMode"": 0, ""DailyLossPct"": 8.0, ""MaxSpreadPts"": 25}"
245.05357367154267,245.05357367154267,1.2317834836919739,0.0,0.0,48734.700000290795,2536.933177390096,36.755275545490186,2803479.0,489732.0,2847.0,"{""EntryMode"": 0, ""EntryTFMin"": 1, ""GridSpacingPts"": 115, ""TP_Pips"": 13.0, ""MaxLayers"": 1, ""Ladder"": ""step2"", ""MaxHoldSec"": 30, ""StopPips"": 2.0, ""MaxBasketRiskPct"": 1.0, ""AddMinSec"": 60, ""Session"": ""allday_0123"", ""ZEntry"": 1.25, ""ZEmaBars"": 30, ""NewsBeforeMin"": 15, ""NewsAfterMin"": 15, ""NewsCloseMode"": 0, ""DailyLossPct"": 8.0, ""MaxSpreadPts"": 25}"
245.05357367154267,245.05357367154267,1.2317834836919739,0.0,0.0,48734.700000290795,2536.933177390096,36.755275545490186,2803479.0,489732.0,2847.0,"{""EntryMode"": 0, ""EntryTFMin"": 1, ""GridSpacingPts"": 120, ""TP_Pips"": 13.0, ""MaxLayers"": 1, ""Ladder"": ""step2"", ""MaxHoldSec"": 30, ""StopPips"": 2.0, ""MaxBasketRiskPct"": 1.0, ""AddMinSec"": 60, ""Session"": ""allday_0123"", ""ZEntry"": 1.25, ""ZEmaBars"": 30, ""NewsBeforeMin"": 15, ""NewsAfterMin"": 15, ""NewsCloseMode"": 0, ""DailyLossPct"": 8.0, ""MaxSpreadPts"": 25}"
245.05357367154267,245.05357367154267,1.2317834836919739,0.0,0.0,48734.700000290795,2536.933177390096,36.755275545490186,2803479.0,489732.0,2847.0,"{""EntryMode"": 0, ""EntryTFMin"": 1, ""GridSpacingPts"": 100, ""TP_Pips"": 13.0, ""MaxLayers"": 1, ""Ladder"": ""step2"", ""MaxHoldSec"": 30, ""StopPips"": 2.0, ""MaxBasketRiskPct"": 1.0, ""AddMinSec"": 15, ""Session"": ""allday_0123"", ""ZEntry"": 1.75, ""ZEmaBars"": 30, ""NewsBeforeMin"": 15, ""NewsAfterMin"": 15, ""NewsCloseMode"": 0, ""DailyLossPct"": 8.0, ""MaxSpreadPts"": 25}"
245.05357367154267,245.05357367154267,1.2317834836919739,0.0,0.0,48734.700000290795,2536.933177390096,36.755275545490186,2803479.0,489732.0,2847.0,"{""EntryMode"": 0, ""EntryTFMin"": 1, ""GridSpacingPts"": 150, ""TP_Pips"": 13.0, ""MaxLayers"": 1, ""Ladder"": ""step2"", ""MaxHoldSec"": 30, ""StopPips"": 2.0, ""MaxBasketRiskPct"": 5.0, ""AddMinSec"": 60, ""Session"": ""allday_0123"", ""ZEntry"": 1.5, ""ZEmaBars"": 30, ""NewsBeforeMin"": 15, ""NewsAfterMin"": 15, ""NewsCloseMode"": 0, ""DailyLossPct"": 8.0, ""MaxSpreadPts"": 25}"
244.89743307384927,244.89743307384927,1.2240324109991394,0.0,0.0,48624.60000028297,2530.9173033628545,36.78276112400029,2800586.0,485923.0,1733.0,"{""EntryMode"": 0, ""EntryTFMin"": 1, ""GridSpacingPts"": 135, ""TP_Pips"": 15.0, ""MaxLayers"": 1, ""Ladder"": ""step2"", ""MaxHoldSec"": 30, ""StopPips"": 2.0, ""MaxBasketRiskPct"": 5.0, ""AddMinSec"": 15, ""Session"": ""allday_0123"", ""ZEntry"": 1.25, ""ZEmaBars"": 30, ""NewsBeforeMin"": 15, ""NewsAfterMin"": 30, ""NewsCloseMode"": 0, ""DailyLossPct"": 8.0, ""MaxSpreadPts"": 25}"
244.89743307384927,244.89743307384927,1.2240324109991394,0.0,0.0,48624.60000028297,2530.9173033628545,36.78276112400029,2800586.0,485923.0,1733.0,"{""EntryMode"": 0, ""EntryTFMin"": 1, ""GridSpacingPts"": 130, ""TP_Pips"": 15.0, ""MaxLayers"": 2, ""Ladder"": ""step2"", ""MaxHoldSec"": 30, ""StopPips"": 2.0, ""MaxBasketRiskPct"": 5.0, ""AddMinSec"": 15, ""Session"": ""allday_0123"", ""ZEntry"": 1.25, ""ZEmaBars"": 30, ""NewsBeforeMin"": 15, ""NewsAfterMin"": 30, ""NewsCloseMode"": 0, ""DailyLossPct"": 8.0, ""MaxSpreadPts"": 25}"
244.89743307384927,244.89743307384927,1.2240324109991394,0.0,0.0,48624.60000028297,2530.9173033628545,36.78276112400029,2800586.0,485923.0,1733.0,"{""EntryMode"": 0, ""EntryTFMin"": 1, ""GridSpacingPts"": 145, ""TP_Pips"": 15.0, ""MaxLayers"": 5, ""Ladder"": ""step2"", ""MaxHoldSec"": 30, ""StopPips"": 2.0, ""MaxBasketRiskPct"": 5.0, ""AddMinSec"": 60, ""Session"": ""allday_0123"", ""ZEntry"": 1.75, ""ZEmaBars"": 30, ""NewsBeforeMin"": 15, ""NewsAfterMin"": 30, ""NewsCloseMode"": 0, ""DailyLossPct"": 8.0, ""MaxSpreadPts"": 0}"
244.89743307384927,244.89743307384927,1.2240324109991394,0.0,0.0,48624.60000028297,2530.9173033628545,36.78276112400029,2800586.0,485923.0,1733.0,"{""EntryMode"": 0, ""EntryTFMin"": 1, ""GridSpacingPts"": 125, ""TP_Pips"": 15.0, ""MaxLayers"": 2, ""Ladder"": ""step2"", ""MaxHoldSec"": 30, ""StopPips"": 2.0, ""MaxBasketRiskPct"": 5.0, ""AddMinSec"": 15, ""Session"": ""allday_0123"", ""ZEntry"": 1.25, ""ZEmaBars"": 30, ""NewsBeforeMin"": 15, ""NewsAfterMin"": 30, ""NewsCloseMode"": 0, ""DailyLossPct"": 8.0, ""MaxSpreadPts"": 25}"
244.89743307384927,244.89743307384927,1.2240324109991394,0.0,0.0,48624.60000028297,2530.9173033628545,36.78276112400029,2800586.0,485923.0,1733.0,"{""EntryMode"": 0, ""EntryTFMin"": 1, ""GridSpacingPts"": 130, ""TP_Pips"": 15.0, ""MaxLayers"": 3, ""Ladder"": ""step2"", ""MaxHoldSec"": 30, ""StopPips"": 2.0, ""MaxBasketRiskPct"": 5.0, ""AddMinSec"": 15, ""Session"": ""allday_0123"", ""ZEntry"": 1.0, ""ZEmaBars"": 30, ""NewsBeforeMin"": 15, ""NewsAfterMin"": 30, ""NewsCloseMode"": 0, ""DailyLossPct"": 8.0, ""MaxSpreadPts"": 0}"
244.89743307384927,244.89743307384927,1.2240324109991394,0.0,0.0,48624.60000028297,2530.9173033628545,36.78276112400029,2800586.0,485923.0,1733.0,"{""EntryMode"": 0, ""EntryTFMin"": 1, ""GridSpacingPts"": 135, ""TP_Pips"": 15.0, ""MaxLayers"": 5, ""Ladder"": ""step2"", ""MaxHoldSec"": 30, ""StopPips"": 2.0, ""MaxBasketRiskPct"": 5.0, ""AddMinSec"": 60, ""Session"": ""allday_0123"", ""ZEntry"": 1.25, ""ZEmaBars"": 30, ""NewsBeforeMin"": 15, ""NewsAfterMin"": 30, ""NewsCloseMode"": 0, ""DailyLossPct"": 8.0, ""MaxSpreadPts"": 0}"
244.89743307384927,244.89743307384927,1.2240324109991394,0.0,0.0,48624.60000028297,2530.9173033628545,36.78276112400029,2800586.0,485923.0,1733.0,"{""EntryMode"": 0, ""EntryTFMin"": 1, ""GridSpacingPts"": 130, ""TP_Pips"": 15.0, ""MaxLayers"": 5, ""Ladder"": ""step2"", ""MaxHoldSec"": 30, ""StopPips"": 2.0, ""MaxBasketRiskPct"": 5.0, ""AddMinSec"": 60, ""Session"": ""allday_0123"", ""ZEntry"": 1.25, ""ZEmaBars"": 30, ""NewsBeforeMin"": 15, ""NewsAfterMin"": 30, ""NewsCloseMode"": 0, ""DailyLossPct"": 8.0, ""MaxSpreadPts"": 0}"
244.89743307384927,244.89743307384927,1.2240324109991394,0.0,0.0,48624.60000028297,2530.9173033628545,36.78276112400029,2800586.0,485923.0,1733.0,"{""EntryMode"": 0, ""EntryTFMin"": 1, ""GridSpacingPts"": 135, ""TP_Pips"": 15.0, ""MaxLayers"": 2, ""Ladder"": ""step2"", ""MaxHoldSec"": 30, ""StopPips"": 2.0, ""MaxBasketRiskPct"": 5.0, ""AddMinSec"": 15, ""Session"": ""allday_0123"", ""ZEntry"": 1.0, ""ZEmaBars"": 30, ""NewsBeforeMin"": 15, ""NewsAfterMin"": 30, ""NewsCloseMode"": 0, ""DailyLossPct"": 8.0, ""MaxSpreadPts"": 25}"
244.89743307384927,244.89743307384927,1.2240324109991394,0.0,0.0,48624.60000028297,2530.9173033628545,36.78276112400029,2800586.0,485923.0,1733.0,"{""EntryMode"": 0, ""EntryTFMin"": 1, ""GridSpacingPts"": 140, ""TP_Pips"": 15.0, ""MaxLayers"": 2, ""Ladder"": ""step2"", ""MaxHoldSec"": 30, ""StopPips"": 2.0, ""MaxBasketRiskPct"": 5.0, ""AddMinSec"": 15, ""Session"": ""allday_0123"", ""ZEntry"": 1.0, ""ZEmaBars"": 30, ""NewsBeforeMin"": 15, ""NewsAfterMin"": 30, ""NewsCloseMode"": 0, ""DailyLossPct"": 8.0, ""MaxSpreadPts"": 0}"
244.89743307384927,244.89743307384927,1.2240324109991394,0.0,0.0,48624.60000028297,2530.9173033628545,36.78276112400029,2800586.0,485923.0,1733.0,"{""EntryMode"": 0, ""EntryTFMin"": 1, ""GridSpacingPts"": 125, ""TP_Pips"": 15.0, ""MaxLayers"": 5, ""Ladder"": ""step2"", ""MaxHoldSec"": 30, ""StopPips"": 2.0, ""MaxBasketRiskPct"": 5.0, ""AddMinSec"": 60, ""Session"": ""allday_0123"", ""ZEntry"": 1.25, ""ZEmaBars"": 30, ""NewsBeforeMin"": 15, ""NewsAfterMin"": 30, ""NewsCloseMode"": 0, ""DailyLossPct"": 8.0, ""MaxSpreadPts"": 0}"
244.89743307384927,244.89743307384927,1.2240324109991394,0.0,0.0,48624.60000028297,2530.9173033628545,36.78276112400029,2800586.0,485923.0,1733.0,"{""EntryMode"": 0, ""EntryTFMin"": 1, ""GridSpacingPts"": 125, ""TP_Pips"": 15.0, ""MaxLayers"": 2, ""Ladder"": ""step2"", ""MaxHoldSec"": 30, ""StopPips"": 2.0, ""MaxBasketRiskPct"": 5.0, ""AddMinSec"": 15, ""Session"": ""allday_0123"", ""ZEntry"": 1.25, ""ZEmaBars"": 30, ""NewsBeforeMin"": 15, ""NewsAfterMin"": 30, ""NewsCloseMode"": 0, ""DailyLossPct"": 8.0, ""MaxSpreadPts"": 25}"
244.86607162710374,244.86607162710374,1.2344605755021336,0.0,0.0,48602.5100002862,2536.933177390096,36.753030439365794,2803121.0,489721.0,3216.0,"{""EntryMode"": 0, ""EntryTFMin"": 1, ""GridSpacingPts"": 105, ""TP_Pips"": 12.5, ""MaxLayers"": 2, ""Ladder"": ""step2"", ""MaxHoldSec"": 30, ""StopPips"": 2.0, ""MaxBasketRiskPct"": 1.0, ""AddMinSec"": 60, ""Session"": ""allday_0123"", ""ZEntry"": 1.25, ""ZEmaBars"": 30, ""NewsBeforeMin"": 15, ""NewsAfterMin"": 15, ""NewsCloseMode"": 0, ""DailyLossPct"": 8.0, ""MaxSpreadPts"": 25}"
244.86607162710374,244.86607162710374,1.2344605755021336,0.0,0.0,48602.5100002862,2536.933177390096,36.753030439365794,2803121.0,489721.0,3216.0,"{""EntryMode"": 0, ""EntryTFMin"": 1, ""GridSpacingPts"": 100, ""TP_Pips"": 12.5, ""MaxLayers"": 2, ""Ladder"": ""step2"", ""MaxHoldSec"": 30, ""StopPips"": 2.0, ""MaxBasketRiskPct"": 1.0, ""AddMinSec"": 60, ""Session"": ""allday_0123"", ""ZEntry"": 1.25, ""ZEmaBars"": 30, ""NewsBeforeMin"": 15, ""NewsAfterMin"": 15, ""NewsCloseMode"": 0, ""DailyLossPct"": 8.0, ""MaxSpreadPts"": 25}"
244.86607162710374,244.86607162710374,1.2344605755021336,0.0,0.0,48602.5100002862,2536.933177390096,36.753030439365794,2803121.0,489721.0,3216.0,"{""EntryMode"": 0, ""EntryTFMin"": 1, ""GridSpacingPts"": 125, ""TP_Pips"": 12.5, ""MaxLayers"": 1, ""Ladder"": ""step2"", ""MaxHoldSec"": 30, ""StopPips"": 2.0, ""MaxBasketRiskPct"": 1.0, ""AddMinSec"": 60, ""Session"": ""allday_0123"", ""ZEntry"": 1.5, ""ZEmaBars"": 30, ""NewsBeforeMin"": 15, ""NewsAfterMin"": 15, ""NewsCloseMode"": 0, ""DailyLossPct"": 8.0, ""MaxSpreadPts"": 25}"
244.77646757591282,244.77646757591282,1.2250884306790655,0.0,0.0,48539.44000027997,2530.9173033628545,36.78164198495851,2800405.0,485921.0,1916.0,"{""EntryMode"": 0, ""EntryTFMin"": 1, ""GridSpacingPts"": 140, ""TP_Pips"": 14.5, ""MaxLayers"": 1, ""Ladder"": ""step2"", ""MaxHoldSec"": 30, ""StopPips"": 2.0, ""MaxBasketRiskPct"": 5.0, ""AddMinSec"": 15, ""Session"": ""allday_0123"", ""ZEntry"": 1.0, ""ZEmaBars"": 30, ""NewsBeforeMin"": 15, ""NewsAfterMin"": 30, ""NewsCloseMode"": 0, ""DailyLossPct"": 8.0, ""MaxSpreadPts"": 0}"
244.77646757591282,244.77646757591282,1.2250884306790655,0.0,0.0,48539.44000027997,2530.9173033628545,36.78164198495851,2800405.0,485921.0,1916.0,"{""EntryMode"": 0, ""EntryTFMin"": 1, ""GridSpacingPts"": 130, ""TP_Pips"": 14.5, ""MaxLayers"": 5, ""Ladder"": ""step2"", ""MaxHoldSec"": 30, ""StopPips"": 2.0, ""MaxBasketRiskPct"": 5.0, ""AddMinSec"": 60, ""Session"": ""allday_0123"", ""ZEntry"": 1.25, ""ZEmaBars"": 30, ""NewsBeforeMin"": 15, ""NewsAfterMin"": 30, ""NewsCloseMode"": 0, ""DailyLossPct"": 8.0, ""MaxSpreadPts"": 0}"
244.77646757591282,244.77646757591282,1.2250884306790655,0.0,0.0,48539.44000027997,2530.9173033628545,36.78164198495851,2800405.0,485921.0,1916.0,"{""EntryMode"": 0, ""EntryTFMin"": 1, ""GridSpacingPts"": 135, ""TP_Pips"": 14.5, ""MaxLayers"": 2, ""Ladder"": ""step2"", ""MaxHoldSec"": 30, ""StopPips"": 2.0, ""MaxBasketRiskPct"": 5.0, ""AddMinSec"": 15, ""Session"": ""allday_0123"", ""ZEntry"": 1.25, ""ZEmaBars"": 30, ""NewsBeforeMin"": 15, ""NewsAfterMin"": 30, ""NewsCloseMode"": 0, ""DailyLossPct"": 8.0, ""MaxSpreadPts"": 0}"
244.77646757591282,244.77646757591282,1.2250884306790655,0.0,0.0,48539.44000027997,2530.9173033628545,36.78164198495851,2800405.0,485921.0,1916.0,"{""EntryMode"": 0, ""EntryTFMin"": 1, ""GridSpacingPts"": 120, ""TP_Pips"": 14.5, ""MaxLayers"": 4, ""Ladder"": ""step1"", ""MaxHoldSec"": 30, ""StopPips"": 2.0, ""MaxBasketRiskPct"": 5.0, ""AddMinSec"": 60, ""Session"": ""allday_0123"", ""ZEntry"": 1.0, ""ZEmaBars"": 30, ""NewsBeforeMin"": 15, ""NewsAfterMin"": 30, ""NewsCloseMode"": 0, ""DailyLossPct"": 8.0, ""MaxSpreadPts"": 0}"
244.77646757591282,244.77646757591282,1.2250884306790655,0.0,0.0,48539.44000027997,2530.9173033628545,36.78164198495851,2800405.0,485921.0,1916.0,"{""EntryMode"": 0, ""EntryTFMin"": 1, ""GridSpacingPts"": 140, ""TP_Pips"": 14.5, ""MaxLayers"": 2, ""Ladder"": ""step2"", ""MaxHoldSec"": 30, ""StopPips"": 2.0, ""MaxBasketRiskPct"": 5.0, ""AddMinSec"": 15, ""Session"": ""allday_0123"", ""ZEntry"": 1.25, ""ZEmaBars"": 30, ""NewsBeforeMin"": 15, ""NewsAfterMin"": 30, ""NewsCloseMode"": 0, ""DailyLossPct"": 8.0, ""MaxSpreadPts"": 25}"
244.77646757591282,244.77646757591282,1.2250884306790655,0.0,0.0,48539.44000027997,2530.9173033628545,36.78164198495851,2800405.0,485921.0,1916.0,"{""EntryMode"": 0, ""EntryTFMin"": 1, ""GridSpacingPts"": 110, ""TP_Pips"": 14.5, ""MaxLayers"": 3, ""Ladder"": ""step1"", ""MaxHoldSec"": 30, ""StopPips"": 2.0, ""MaxBasketRiskPct"": 5.0, ""AddMinSec"": 60, ""Session"": ""allday_0123"", ""ZEntry"": 1.0, ""ZEmaBars"": 30, ""NewsBeforeMin"": 15, ""NewsAfterMin"": 30, ""NewsCloseMode"": 0, ""DailyLossPct"": 8.0, ""MaxSpreadPts"": 0}"
244.77646757591282,244.77646757591282,1.2250884306790655,0.0,0.0,48539.44000027997,2530.9173033628545,36.78164198495851,2800405.0,485921.0,1916.0,"{""EntryMode"": 0, ""EntryTFMin"": 1, ""GridSpacingPts"": 145, ""TP_Pips"": 14.5, ""MaxLayers"": 6, ""Ladder"": ""step2"", ""MaxHoldSec"": 30, ""StopPips"": 2.0, ""MaxBasketRiskPct"": 5.0, ""AddMinSec"": 60, ""Session"": ""allday_0123"", ""ZEntry"": 1.25, ""ZEmaBars"": 30, ""NewsBeforeMin"": 15, ""NewsAfterMin"": 30, ""NewsCloseMode"": 0, ""DailyLossPct"": 8.0, ""MaxSpreadPts"": 0}"
244.77646757591282,244.77646757591282,1.2250884306790655,0.0,0.0,48539.44000027997,2530.9173033628545,36.78164198495851,2800405.0,485921.0,1916.0,"{""EntryMode"": 0, ""EntryTFMin"": 1, ""GridSpacingPts"": 135, ""TP_Pips"": 14.5, ""MaxLayers"": 5, ""Ladder"": ""step2"", ""MaxHoldSec"": 30, ""StopPips"": 2.0, ""MaxBasketRiskPct"": 5.0, ""AddMinSec"": 60, ""Session"": ""allday_0123"", ""ZEntry"": 1.5, ""ZEmaBars"": 30, ""NewsBeforeMin"": 15, ""NewsAfterMin"": 30, ""NewsCloseMode"": 0, ""DailyLossPct"": 8.0, ""MaxSpreadPts"": 0}"
244.77646757591282,244.77646757591282,1.2250884306790655,0.0,0.0,48539.44000027997,2530.9173033628545,36.78164198495851,2800405.0,485921.0,1916.0,"{""EntryMode"": 0, ""EntryTFMin"": 1, ""GridSpacingPts"": 120, ""TP_Pips"": 14.5, ""MaxLayers"": 2, ""Ladder"": ""step2"", ""MaxHoldSec"": 30, ""StopPips"": 2.0, ""MaxBasketRiskPct"": 5.0, ""AddMinSec"": 15, ""Session"": ""allday_0123"", ""ZEntry"": 1.25, ""ZEmaBars"": 30, ""NewsBeforeMin"": 15, ""NewsAfterMin"": 30, ""NewsCloseMode"": 0, ""DailyLossPct"": 3.0, ""MaxSpreadPts"": 0}"
244.7259203602038,244.7259203602038,1.2240324109991394,0.0,0.0,48503.89000027983,2526.0328693074716,36.785760427473086,2795617.0,484550.0,1729.0,"{""EntryMode"": 0, ""EntryTFMin"": 1, ""GridSpacingPts"": 130, ""TP_Pips"": 15.0, ""MaxLayers"": 1, ""Ladder"": ""step2"", ""MaxHoldSec"": 30, ""StopPips"": 2.0, ""MaxBasketRiskPct"": 5.0, ""AddMinSec"": 15, ""Session"": ""allday_0123"", ""ZEntry"": 1.0, ""ZEmaBars"": 30, ""NewsBeforeMin"": 30, ""NewsAfterMin"": 30, ""NewsCloseMode"": 0, ""DailyLossPct"": 8.0, ""MaxSpreadPts"": 25}"
244.7259203602038,244.7259203602038,1.2240324109991394,0.0,0.0,48503.89000027983,2526.0328693074716,36.785760427473086,2795617.0,484550.0,1729.0,"{""EntryMode"": 0, ""EntryTFMin"": 1, ""GridSpacingPts"": 125, ""TP_Pips"": 15.0, ""MaxLayers"": 2, ""Ladder"": ""step2"", ""MaxHoldSec"": 30, ""StopPips"": 2.0, ""MaxBasketRiskPct"": 5.0, ""AddMinSec"": 15, ""Session"": ""allday_0123"", ""ZEntry"": 1.0, ""ZEmaBars"": 30, ""NewsBeforeMin"": 30, ""NewsAfterMin"": 30, ""NewsCloseMode"": 0, ""DailyLossPct"": 8.0, ""MaxSpreadPts"": 25}"
244.6791289014816,244.6791289014816,1.229117978014461,0.0,0.0,48471.00000027835,2521.157671496757,36.764897139435305,2787493.0,485584.0,2485.0,"{""EntryMode"": 0, ""EntryTFMin"": 1, ""GridSpacingPts"": 100, ""TP_Pips"": 13.5, ""MaxLayers"": 1, ""Ladder"": ""step2"", ""MaxHoldSec"": 30, ""StopPips"": 2.0, ""MaxBasketRiskPct"": 5.0, ""AddMinSec"": 60, ""Session"": ""allday_0123"", ""ZEntry"": 1.25, ""ZEmaBars"": 30, ""NewsBeforeMin"": 60, ""NewsAfterMin"": 15, ""NewsCloseMode"": 0, ""DailyLossPct"": 8.0, ""MaxSpreadPts"": 25}"
244.6385624005422,244.6385624005422,1.22667588113347,0.0,0.0,48442.500000281834,2530.9173033628545,36.78016399155006,2800164.0,485919.0,2159.0,"{""EntryMode"": 0, ""EntryTFMin"": 1, ""GridSpacingPts"": 140, ""TP_Pips"": 14.0, ""MaxLayers"": 2, ""Ladder"": ""step2"", ""MaxHoldSec"": 30, ""StopPips"": 2.0, ""MaxBasketRiskPct"": 5.0, ""AddMinSec"": 15, ""Session"": ""allday_0123"", ""ZEntry"": 1.0, ""ZEmaBars"": 120, ""NewsBeforeMin"": 15, ""NewsAfterMin"": 30, ""NewsCloseMode"": 0, ""DailyLossPct"": 8.0, ""MaxSpreadPts"": 0}"
244.6385624005422,244.6385624005422,1.22667588113347,0.0,0.0,48442.500000281834,2530.9173033628545,36.78016399155006,2800164.0,485919.0,2159.0,"{""EntryMode"": 0, ""EntryTFMin"": 1, ""GridSpacingPts"": 120, ""TP_Pips"": 14.0, ""MaxLayers"": 3, ""Ladder"": ""step1"", ""MaxHoldSec"": 30, ""StopPips"": 2.0, ""MaxBasketRiskPct"": 5.0, ""AddMinSec"": 60, ""Session"": ""allday_0123"", ""ZEntry"": 1.25, ""ZEmaBars"": 30, ""NewsBeforeMin"": 15, ""NewsAfterMin"": 30, ""NewsCloseMode"": 0, ""DailyLossPct"": 8.0, ""MaxSpreadPts"": 0}"
244.6385624005422,244.6385624005422,1.22667588113347,0.0,0.0,48442.500000281834,2530.9173033628545,36.78016399155006,2800164.0,485919.0,2159.0,"{""EntryMode"": 0, ""EntryTFMin"": 1, ""GridSpacingPts"": 135, ""TP_Pips"": 14.0, ""MaxLayers"": 5, ""Ladder"": ""step2"", ""MaxHoldSec"": 30, ""StopPips"": 2.0, ""MaxBasketRiskPct"": 5.0, ""AddMinSec"": 60, ""Session"": ""allday_0123"", ""ZEntry"": 1.0, ""ZEmaBars"": 30, ""NewsBeforeMin"": 15, ""NewsAfterMin"": 30, ""NewsCloseMode"": 0, ""DailyLossPct"": 8.0, ""MaxSpreadPts"": 0}"
244.6385624005422,244.6385624005422,1.22667588113347,0.0,0.0,48442.500000281834,2530.9173033628545,36.78016399155006,2800164.0,485919.0,2159.0,"{""EntryMode"": 0, ""EntryTFMin"": 1, ""GridSpacingPts"": 115, ""TP_Pips"": 14.0, ""MaxLayers"": 5, ""Ladder"": ""step1"", ""MaxHoldSec"": 30, ""StopPips"": 2.0, ""MaxBasketRiskPct"": 5.0, ""AddMinSec"": 60, ""Session"": ""allday_0123"", ""ZEntry"": 1.0, ""ZEmaBars"": 30, ""NewsBeforeMin"": 15, ""NewsAfterMin"": 30, ""NewsCloseMode"": 0, ""DailyLossPct"": 8.0, ""MaxSpreadPts"": 0}"
244.49132366077865,244.49132366077865,1.229117978014461,0.0,0.0,48339.17000027526,2530.9173033628545,36.778728574083416,2799934.0,485914.0,2394.0,"{""EntryMode"": 0, ""EntryTFMin"": 1, ""GridSpacingPts"": 115, ""TP_Pips"": 13.5, ""MaxLayers"": 2, ""Ladder"": ""step2"", ""MaxHoldSec"": 30, ""StopPips"": 2.0, ""MaxBasketRiskPct"": 1.0, ""AddMinSec"": 60, ""Session"": ""allday_0123"", ""ZEntry"": 1.25, ""ZEmaBars"": 30, ""NewsBeforeMin"": 15, ""NewsAfterMin"": 30, ""NewsCloseMode"": 0, ""DailyLossPct"": 8.0, ""MaxSpreadPts"": 25}"
244.49132366077865,244.49132366077865,1.229117978014461,0.0,0.0,48339.17000027526,2530.9173033628545,36.778728574083416,2799934.0,485914.0,2394.0,"{""EntryMode"": 0, ""EntryTFMin"": 1, ""GridSpacingPts"": 140, ""TP_Pips"": 13.5, ""MaxLayers"": 2, ""Ladder"": ""step2"", ""MaxHoldSec"": 30, ""StopPips"": 2.0, ""MaxBasketRiskPct"": 5.0, ""AddMinSec"": 15, ""Session"": ""allday_0123"", ""ZEntry"": 1.25, ""ZEmaBars"": 120, ""NewsBeforeMin"": 15, ""NewsAfterMin"": 30, ""NewsCloseMode"": 0, ""DailyLossPct"": 8.0, ""MaxSpreadPts"": 0}"
244.31975771460208,244.31975771460208,1.2317834836919739,0.0,0.0,48218.99000027763,2530.9173033628545,36.77673966937327,2799611.0,485910.0,2721.0,"{""EntryMode"": 0, ""EntryTFMin"": 1, ""GridSpacingPts"": 145, ""TP_Pips"": 13.0, ""MaxLayers"": 2, ""Ladder"": ""step2"", ""MaxHoldSec"": 30, ""StopPips"": 2.0, ""MaxBasketRiskPct"": 5.0, ""AddMinSec"": 15, ""Session"": ""allday_0123"", ""ZEntry"": 1.25, ""ZEmaBars"": 120, ""NewsBeforeMin"": 15, ""NewsAfterMin"": 30, ""NewsCloseMode"": 0, ""DailyLossPct"": 8.0, ""MaxSpreadPts"": 0}"
243.5430479470378,243.5430479470378,1.22667588113347,0.0,0.0,47677.9000002652,2521.128423388641,36.809176181848,2793193.0,480275.0,2056.0,"{""EntryMode"": 0, ""EntryTFMin"": 1, ""GridSpacingPts"": 115, ""TP_Pips"": 14.0, ""MaxLayers"": 2, ""Ladder"": ""step2"", ""MaxHoldSec"": 30, ""StopPips"": 2.0, ""MaxBasketRiskPct"": 5.0, ""AddMinSec"": 15, ""Session"": ""allday_0123"", ""ZEntry"": 1.0, ""ZEmaBars"": 30, ""NewsBeforeMin"": 15, ""NewsAfterMin"": 60, ""NewsCloseMode"": 0, ""DailyLossPct"": 8.0, ""MaxSpreadPts"": 25}"
243.22877669479274,243.22877669479274,1.229117978014461,0.0,0.0,47460.35000025564,2516.253225577926,36.810843054043104,2788013.0,478901.0,2276.0,"{""EntryMode"": 0, ""EntryTFMin"": 1, ""GridSpacingPts"": 115, ""TP_Pips"": 13.5, ""MaxLayers"": 1, ""Ladder"": ""step2"", ""MaxHoldSec"": 30, ""StopPips"": 2.0, ""MaxBasketRiskPct"": 2.0, ""AddMinSec"": 60, ""Session"": ""allday_0123"", ""ZEntry"": 1.5, ""ZEmaBars"": 30, ""NewsBeforeMin"": 30, ""NewsAfterMin"": 60, ""NewsCloseMode"": 0, ""DailyLossPct"": 8.0, ""MaxSpreadPts"": 25}"
212.75571963648744,212.75571963648744,1.1999244142104137,0.0,0.0,29823.490000123653,2536.933177390096,38.51398246175132,3063345.0,230788.0,1925.0,"{""EntryMode"": 0, ""EntryTFMin"": 1, ""GridSpacingPts"": 115, ""TP_Pips"": 15.0, ""MaxLayers"": 1, ""Ladder"": ""step2"", ""MaxHoldSec"": 30, ""StopPips"": 3.0, ""MaxBasketRiskPct"": 2.0, ""AddMinSec"": 60, ""Session"": ""allday_0123"", ""ZEntry"": 1.75, ""ZEmaBars"": 30, ""NewsBeforeMin"": 15, ""NewsAfterMin"": 15, ""NewsCloseMode"": 0, ""DailyLossPct"": 8.0, ""MaxSpreadPts"": 25}"
212.75571963648744,212.75571963648744,1.1999244142104137,0.0,0.0,29823.490000123653,2536.933177390096,38.51398246175132,3063345.0,230788.0,1925.0,"{""EntryMode"": 0, ""EntryTFMin"": 1, ""GridSpacingPts"": 110, ""TP_Pips"": 15.0, ""MaxLayers"": 1, ""Ladder"": ""step2"", ""MaxHoldSec"": 30, ""StopPips"": 3.0, ""MaxBasketRiskPct"": 5.0, ""AddMinSec"": 60, ""Session"": ""allday_0123"", ""ZEntry"": 1.25, ""ZEmaBars"": 30, ""NewsBeforeMin"": 15, ""NewsAfterMin"": 15, ""NewsCloseMode"": 0, ""DailyLossPct"": 8.0, ""MaxSpreadPts"": 0}"
212.75571963648744,212.75571963648744,1.1999244142104137,0.0,0.0,29823.490000123653,2536.933177390096,38.51398246175132,3063345.0,230788.0,1925.0,"{""EntryMode"": 0, ""EntryTFMin"": 1, ""GridSpacingPts"": 105, ""TP_Pips"": 15.0, ""MaxLayers"": 1, ""Ladder"": ""step2"", ""MaxHoldSec"": 30, ""StopPips"": 3.0, ""MaxBasketRiskPct"": 3.0, ""AddMinSec"": 60, ""Session"": ""allday_0123"", ""ZEntry"": 1.0, ""ZEmaBars"": 30, ""NewsBeforeMin"": 15, ""NewsAfterMin"": 15, ""NewsCloseMode"": 0, ""DailyLossPct"": 8.0, ""MaxSpreadPts"": 25}"
212.75571963648744,212.75571963648744,1.1999244142104137,0.0,0.0,29823.490000123653,2536.933177390096,38.51398246175132,3063345.0,230788.0,1925.0,"{""EntryMode"": 0, ""EntryTFMin"": 1, ""GridSpacingPts"": 130, ""TP_Pips"": 15.0, ""MaxLayers"": 2, ""Ladder"": ""step2"", ""MaxHoldSec"": 30, ""StopPips"": 3.0, ""MaxBasketRiskPct"": 5.0, ""AddMinSec"": 60, ""Session"": ""allday_0123"", ""ZEntry"": 1.5, ""ZEmaBars"": 30, ""NewsBeforeMin"": 15, ""NewsAfterMin"": 15, ""NewsCloseMode"": 0, ""DailyLossPct"": 8.0, ""MaxSpreadPts"": 25}"
212.75571963648744,212.75571963648744,1.1999244142104137,0.0,0.0,29823.490000123653,2536.933177390096,38.51398246175132,3063345.0,230788.0,1925.0,"{""EntryMode"": 0, ""EntryTFMin"": 1, ""GridSpacingPts"": 115, ""TP_Pips"": 15.0, ""MaxLayers"": 2, ""Ladder"": ""step2"", ""MaxHoldSec"": 30, ""StopPips"": 3.0, ""MaxBasketRiskPct"": 5.0, ""AddMinSec"": 15, ""Session"": ""allday_0123"", ""ZEntry"": 1.25, ""ZEmaBars"": 30, ""NewsBeforeMin"": 15, ""NewsAfterMin"": 15, ""NewsCloseMode"": 0, ""DailyLossPct"": 8.0, ""MaxSpreadPts"": 25}"
212.75571963648744,212.75571963648744,1.1999244142104137,0.0,0.0,29823.490000123653,2536.933177390096,38.51398246175132,3063345.0,230788.0,1925.0,"{""EntryMode"": 0, ""EntryTFMin"": 1, ""GridSpacingPts"": 120, ""TP_Pips"": 15.0, ""MaxLayers"": 2, ""Ladder"": ""step2"", ""MaxHoldSec"": 30, ""StopPips"": 3.0, ""MaxBasketRiskPct"": 5.0, ""AddMinSec"": 60, ""Session"": ""allday_0123"", ""ZEntry"": 1.0, ""ZEmaBars"": 30, ""NewsBeforeMin"": 15, ""NewsAfterMin"": 15, ""NewsCloseMode"": 2, ""DailyLossPct"": 8.0, ""MaxSpreadPts"": 25}"
212.55609602004236,212.55609602004236,1.201059201816063,0.0,0.0,29728.49000012465,2536.933177390096,38.51275675516491,3063146.0,230786.0,2126.0,"{""EntryMode"": 0, ""EntryTFMin"": 1, ""GridSpacingPts"": 110, ""TP_Pips"": 14.5, ""MaxLayers"": 2, ""Ladder"": ""step2"", ""MaxHoldSec"": 30, ""StopPips"": 3.0, ""MaxBasketRiskPct"": 5.0, ""AddMinSec"": 15, ""Session"": ""allday_0123"", ""ZEntry"": 1.5, ""ZEmaBars"": 30, ""NewsBeforeMin"": 15, ""NewsAfterMin"": 15, ""NewsCloseMode"": 0, ""DailyLossPct"": 8.0, ""MaxSpreadPts"": 25}"
212.55609602004236,212.55609602004236,1.201059201816063,0.0,0.0,29728.49000012465,2536.933177390096,38.51275675516491,3063146.0,230786.0,2126.0,"{""EntryMode"": 0, ""EntryTFMin"": 1, ""GridSpacingPts"": 125, ""TP_Pips"": 14.5, ""MaxLayers"": 3, ""Ladder"": ""step2"", ""MaxHoldSec"": 30, ""StopPips"": 3.0, ""MaxBasketRiskPct"": 5.0, ""AddMinSec"": 60, ""Session"": ""allday_0123"", ""ZEntry"": 1.25, ""ZEmaBars"": 30, ""NewsBeforeMin"": 15, ""NewsAfterMin"": 15, ""NewsCloseMode"": 0, ""DailyLossPct"": 8.0, ""MaxSpreadPts"": 25}"
212.55609602004236,212.55609602004236,1.201059201816063,0.0,0.0,29728.49000012465,2536.933177390096,38.51275675516491,3063146.0,230786.0,2126.0,"{""EntryMode"": 0, ""EntryTFMin"": 1, ""GridSpacingPts"": 110, ""TP_Pips"": 14.5, ""MaxLayers"": 2, ""Ladder"": ""step2"", ""MaxHoldSec"": 30, ""StopPips"": 3.0, ""MaxBasketRiskPct"": 5.0, ""AddMinSec"": 15, ""Session"": ""allday_0123"", ""ZEntry"": 1.75, ""ZEmaBars"": 30, ""NewsBeforeMin"": 15, ""NewsAfterMin"": 15, ""NewsCloseMode"": 0, ""DailyLossPct"": 8.0, ""MaxSpreadPts"": 25}"
212.55609602004236,212.55609602004236,1.201059201816063,0.0,0.0,29728.49000012465,2536.933177390096,38.51275675516491,3063146.0,230786.0,2126.0,"{""EntryMode"": 0, ""EntryTFMin"": 1, ""GridSpacingPts"": 150, ""TP_Pips"": 14.5, ""MaxLayers"": 1, ""Ladder"": ""step2"", ""MaxHoldSec"": 30, ""StopPips"": 3.0, ""MaxBasketRiskPct"": 5.0, ""AddMinSec"": 60, ""Session"": ""allday_0123"", ""ZEntry"": 1.5, ""ZEmaBars"": 30, ""NewsBeforeMin"": 15, ""NewsAfterMin"": 15, ""NewsCloseMode"": 0, ""DailyLossPct"": 8.0, ""MaxSpreadPts"": 25}"
212.55609602004236,212.55609602004236,1.201059201816063,0.0,0.0,29728.49000012465,2536.933177390096,38.51275675516491,3063146.0,230786.0,2126.0,"{""EntryMode"": 0, ""EntryTFMin"": 1, ""GridSpacingPts"": 110, ""TP_Pips"": 14.5, ""MaxLayers"": 3, ""Ladder"": ""step2"", ""MaxHoldSec"": 30, ""StopPips"": 3.0, ""MaxBasketRiskPct"": 2.0, ""AddMinSec"": 60, ""Session"": ""allday_0123"", ""ZEntry"": 1.5, ""ZEmaBars"": 30, ""NewsBeforeMin"": 15, ""NewsAfterMin"": 15, ""NewsCloseMode"": 0, ""DailyLossPct"": 8.0, ""MaxSpreadPts"": 25}"
212.3291255908686,212.3291255908686,1.2027654133917085,0.0,0.0,29620.770000124914,2536.933177390096,38.51117304516949,3062887.0,230784.0,2387.0,"{""EntryMode"": 0, ""EntryTFMin"": 1, ""GridSpacingPts"": 110, ""TP_Pips"": 14.0, ""MaxLayers"": 1, ""Ladder"": ""step2"", ""MaxHoldSec"": 30, ""StopPips"": 3.0, ""MaxBasketRiskPct"": 1.0, ""AddMinSec"": 15, ""Session"": ""allday_0123"", ""ZEntry"": 1.75, ""ZEmaBars"": 30, ""NewsBeforeMin"": 15, ""NewsAfterMin"": 15, ""NewsCloseMode"": 0, ""DailyLossPct"": 8.0, ""MaxSpreadPts"": 25}"
212.3291255908686,212.3291255908686,1.2027654133917085,0.0,0.0,29620.770000124914,2536.933177390096,38.51117304516949,3062887.0,230784.0,2387.0,"{""EntryMode"": 0, ""EntryTFMin"": 1, ""GridSpacingPts"": 115, ""TP_Pips"": 14.0, ""MaxLayers"": 1, ""Ladder"": ""step2"", ""MaxHoldSec"": 30, ""StopPips"": 3.0, ""MaxBasketRiskPct"": 2.0, ""AddMinSec"": 60, ""Session"": ""allday_0123"", ""ZEntry"": 2.0, ""ZEmaBars"": 30, ""NewsBeforeMin"": 15, ""NewsAfterMin"": 15, ""NewsCloseMode"": 2, ""DailyLossPct"": 8.0, ""MaxSpreadPts"": 25}"
212.3291255908686,212.3291255908686,1.2027654133917085,0.0,0.0,29620.770000124914,2536.933177390096,38.51117304516949,3062887.0,230784.0,2387.0,"{""EntryMode"": 0, ""EntryTFMin"": 1, ""GridSpacingPts"": 125, ""TP_Pips"": 14.0, ""MaxLayers"": 1, ""Ladder"": ""step2"", ""MaxHoldSec"": 30, ""StopPips"": 3.0, ""MaxBasketRiskPct"": 2.0, ""AddMinSec"": 60, ""Session"": ""allday_0123"", ""ZEntry"": 1.25, ""ZEmaBars"": 30, ""NewsBeforeMin"": 15, ""NewsAfterMin"": 15, ""NewsCloseMode"": 0, ""DailyLossPct"": 8.0, ""MaxSpreadPts"": 25}"
212.09302846506665,212.09302846506665,1.2050479172599935,0.0,0.0,29509.05000012172,2536.933177390096,38.50950438521273,3062620.0,230777.0,2661.0,"{""EntryMode"": 0, ""EntryTFMin"": 1, ""GridSpacingPts"": 105, ""TP_Pips"": 13.5, ""MaxLayers"": 1, ""Ladder"": ""step2"", ""MaxHoldSec"": 30, ""StopPips"": 3.0, ""MaxBasketRiskPct"": 1.0, ""AddMinSec"": 15, ""Session"": ""allday_0123"", ""ZEntry"": 2.25, ""ZEmaBars"": 30, ""NewsBeforeMin"": 15, ""NewsAfterMin"": 15, ""NewsCloseMode"": 0, ""DailyLossPct"": 8.0, ""MaxSpreadPts"": 25}"
212.09302846506665,212.09302846506665,1.2050479172599935,0.0,0.0,29509.05000012172,2536.933177390096,38.50950438521273,3062620.0,230777.0,2661.0,"{""EntryMode"": 0, ""EntryTFMin"": 1, ""GridSpacingPts"": 125, ""TP_Pips"": 13.5, ""MaxLayers"": 2, ""Ladder"": ""step2"", ""MaxHoldSec"": 30, ""StopPips"": 3.0, ""MaxBasketRiskPct"": 2.0, ""AddMinSec"": 60, ""Session"": ""allday_0123"", ""ZEntry"": 1.5, ""ZEmaBars"": 30, ""NewsBeforeMin"": 15, ""NewsAfterMin"": 15, ""NewsCloseMode"": 0, ""DailyLossPct"": 8.0, ""MaxSpreadPts"": 25}"
212.09302846506665,212.09302846506665,1.2050479172599935,0.0,0.0,29509.05000012172,2536.933177390096,38.50950438521273,3062620.0,230777.0,2661.0,"{""EntryMode"": 0, ""EntryTFMin"": 1, ""GridSpacingPts"": 105, ""TP_Pips"": 13.5, ""MaxLayers"": 3, ""Ladder"": ""step2"", ""MaxHoldSec"": 30, ""StopPips"": 3.0, ""MaxBasketRiskPct"": 1.0, ""AddMinSec"": 60, ""Session"": ""allday_0123"", ""ZEntry"": 1.25, ""ZEmaBars"": 30, ""NewsBeforeMin"": 15, ""NewsAfterMin"": 15, ""NewsCloseMode"": 0, ""DailyLossPct"": 8.0, ""MaxSpreadPts"": 25}"
211.82782664439128,211.82782664439128,1.2027654133917085,0.0,0.0,29383.96000012355,2521.157671496757,38.51452666903491,3044363.0,228832.0,2367.0,"{""EntryMode"": 0, ""EntryTFMin"": 1, ""GridSpacingPts"": 115, ""TP_Pips"": 14.0, ""MaxLayers"": 1, ""Ladder"": ""step2"", ""MaxHoldSec"": 30, ""StopPips"": 3.0, ""MaxBasketRiskPct"": 1.0, ""AddMinSec"": 60, ""Session"": ""allday_0123"", ""ZEntry"": 1.0, ""ZEmaBars"": 30, ""NewsBeforeMin"": 60, ""NewsAfterMin"": 15, ""NewsCloseMode"": 0, ""DailyLossPct"": 8.0, ""MaxSpreadPts"": 25}"
211.80892347193355,211.80892347193355,1.2073391006752614,0.0,0.0,29375.06000012156,2536.933177390096,38.507259279088956,3062254.0,230773.0,3031.0,"{""EntryMode"": 0, ""EntryTFMin"": 1, ""GridSpacingPts"": 105, ""TP_Pips"": 13.0, ""MaxLayers"": 1, ""Ladder"": ""step2"", ""MaxHoldSec"": 30, ""StopPips"": 3.0, ""MaxBasketRiskPct"": 1.0, ""AddMinSec"": 15, ""Session"": ""allday_0123"", ""ZEntry"": 1.5, ""ZEmaBars"": 30, ""NewsBeforeMin"": 15, ""NewsAfterMin"": 15, ""NewsCloseMode"": 0, ""DailyLossPct"": 8.0, ""MaxSpreadPts"": 25}"
211.80892347193355,211.80892347193355,1.2073391006752614,0.0,0.0,29375.06000012156,2536.933177390096,38.507259279088956,3062254.0,230773.0,3031.0,"{""EntryMode"": 0, ""EntryTFMin"": 1, ""GridSpacingPts"": 120, ""TP_Pips"": 13.0, ""MaxLayers"": 2, ""Ladder"": ""step2"", ""MaxHoldSec"": 30, ""StopPips"": 3.0, ""MaxBasketRiskPct"": 5.0, ""AddMinSec"": 15, ""Session"": ""allday_0123"", ""ZEntry"": 1.25, ""ZEmaBars"": 30, ""NewsBeforeMin"": 15, ""NewsAfterMin"": 15, ""NewsCloseMode"": 0, ""DailyLossPct"": 5.0, ""MaxSpreadPts"": 25}"
211.80892347193355,211.80892347193355,1.2073391006752614,0.0,0.0,29375.06000012156,2536.933177390096,38.507259279088956,3062254.0,230773.0,3031.0,"{""EntryMode"": 0, ""EntryTFMin"": 1, ""GridSpacingPts"": 125, ""TP_Pips"": 13.0, ""MaxLayers"": 1, ""Ladder"": ""step2"", ""MaxHoldSec"": 30, ""StopPips"": 3.0, ""MaxBasketRiskPct"": 1.0, ""AddMinSec"": 60, ""Session"": ""allday_0123"", ""ZEntry"": 1.0, ""ZEmaBars"": 60, ""NewsBeforeMin"": 15, ""NewsAfterMin"": 15, ""NewsCloseMode"": 0, ""DailyLossPct"": 8.0, ""MaxSpreadPts"": 25}"
211.80892347193355,211.80892347193355,1.2073391006752614,0.0,0.0,29375.06000012156,2536.933177390096,38.507259279088956,3062254.0,230773.0,3031.0,"{""EntryMode"": 0, ""EntryTFMin"": 1, ""GridSpacingPts"": 95, ""TP_Pips"": 13.0, ""MaxLayers"": 1, ""Ladder"": ""step2"", ""MaxHoldSec"": 30, ""StopPips"": 3.0, ""MaxBasketRiskPct"": 1.0, ""AddMinSec"": 15, ""Session"": ""allday_0123"", ""ZEntry"": 1.75, ""ZEmaBars"": 30, ""NewsBeforeMin"": 15, ""NewsAfterMin"": 15, ""NewsCloseMode"": 0, ""DailyLossPct"": 8.0, ""MaxSpreadPts"": 25}"
211.76351590559725,211.76351590559725,1.1999244142104137,0.0,0.0,29353.690000121336,2530.9173033628545,38.5308684716532,3058422.0,227983.0,1837.0,"{""EntryMode"": 0, ""EntryTFMin"": 1, ""GridSpacingPts"": 135, ""TP_Pips"": 15.0, ""MaxLayers"": 3, ""Ladder"": ""step2"", ""MaxHoldSec"": 30, ""StopPips"": 3.0, ""MaxBasketRiskPct"": 1.0, ""AddMinSec"": 15, ""Session"": ""allday_0123"", ""ZEntry"": 1.0, ""ZEmaBars"": 30, ""NewsBeforeMin"": 15, ""NewsAfterMin"": 30, ""NewsCloseMode"": 0, ""DailyLossPct"": 8.0, ""MaxSpreadPts"": 0}"
211.76351590559725,211.76351590559725,1.1999244142104137,0.0,0.0,29353.690000121336,2530.9173033628545,38.5308684716532,3058422.0,227983.0,1837.0,"{""EntryMode"": 0, ""EntryTFMin"": 1, ""GridSpacingPts"": 145, ""TP_Pips"": 15.0, ""MaxLayers"": 5, ""Ladder"": ""step2"", ""MaxHoldSec"": 30, ""StopPips"": 3.0, ""MaxBasketRiskPct"": 5.0, ""AddMinSec"": 60, ""Session"": ""allday_0123"", ""ZEntry"": 1.75, ""ZEmaBars"": 30, ""NewsBeforeMin"": 15, ""NewsAfterMin"": 30, ""NewsCloseMode"": 0, ""DailyLossPct"": 8.0, ""MaxSpreadPts"": 0}"
211.76351590559725,211.76351590559725,1.1999244142104137,0.0,0.0,29353.690000121336,2530.9173033628545,38.5308684716532,3058422.0,227983.0,1837.0,"{""EntryMode"": 0, ""EntryTFMin"": 1, ""GridSpacingPts"": 135, ""TP_Pips"": 15.0, ""MaxLayers"": 1, ""Ladder"": ""step2"", ""MaxHoldSec"": 30, ""StopPips"": 3.0, ""MaxBasketRiskPct"": 5.0, ""AddMinSec"": 15, ""Session"": ""allday_0123"", ""ZEntry"": 1.5, ""ZEmaBars"": 60, ""NewsBeforeMin"": 15, ""NewsAfterMin"": 30, ""NewsCloseMode"": 0, ""DailyLossPct"": 8.0, ""MaxSpreadPts"": 25}"
211.76351590559725,211.76351590559725,1.1999244142104137,0.0,0.0,29353.690000121336,2530.9173033628545,38.5308684716532,3058422.0,227983.0,1837.0,"{""EntryMode"": 0, ""EntryTFMin"": 1, ""GridSpacingPts"": 145, ""TP_Pips"": 15.0, ""MaxLayers"": 1, ""Ladder"": ""step2"", ""MaxHoldSec"": 30, ""StopPips"": 3.0, ""MaxBasketRiskPct"": 5.0, ""AddMinSec"": 15, ""Session"": ""allday_0123"", ""ZEntry"": 1.0, ""ZEmaBars"": 30, ""NewsBeforeMin"": 15, ""NewsAfterMin"": 30, ""NewsCloseMode"": 0, ""DailyLossPct"": 8.0, ""MaxSpreadPts"": 0}"
211.76351590559725,211.76351590559725,1.1999244142104137,0.0,0.0,29353.690000121336,2530.9173033628545,38.5308684716532,3058422.0,227983.0,1837.0,"{""EntryMode"": 0, ""EntryTFMin"": 1, ""GridSpacingPts"": 125, ""TP_Pips"": 15.0, ""MaxLayers"": 4, ""Ladder"": ""step1"", ""MaxHoldSec"": 30, ""StopPips"": 3.0, ""MaxBasketRiskPct"": 5.0, ""AddMinSec"": 60, ""Session"": ""allday_0123"", ""ZEntry"": 1.25, ""ZEmaBars"": 30, ""NewsBeforeMin"": 15, ""NewsAfterMin"": 30, ""NewsCloseMode"": 0, ""DailyLossPct"": 8.0, ""MaxSpreadPts"": 0}"
211.76351590559725,211.76351590559725,1.1999244142104137,0.0,0.0,29353.690000121336,2530.9173033628545,38.5308684716532,3058422.0,227983.0,1837.0,"{""EntryMode"": 0, ""EntryTFMin"": 1, ""GridSpacingPts"": 150, ""TP_Pips"": 15.0, ""MaxLayers"": 1, ""Ladder"": ""step2"", ""MaxHoldSec"": 30, ""StopPips"": 3.0, ""MaxBasketRiskPct"": 5.0, ""AddMinSec"": 15, ""Session"": ""allday_0123"", ""ZEntry"": 1.0, ""ZEmaBars"": 30, ""NewsBeforeMin"": 15, ""NewsAfterMin"": 30, ""NewsCloseMode"": 0, ""DailyLossPct"": 3.0, ""MaxSpreadPts"": 0}"
211.76351590559725,211.76351590559725,1.1999244142104137,0.0,0.0,29353.690000121336,2530.9173033628545,38.5308684716532,3058422.0,227983.0,1837.0,"{""EntryMode"": 0, ""EntryTFMin"": 1, ""GridSpacingPts"": 125, ""TP_Pips"": 15.0, ""MaxLayers"": 4, ""Ladder"": ""step1"", ""MaxHoldSec"": 30, ""StopPips"": 3.0, ""MaxBasketRiskPct"": 5.0, ""AddMinSec"": 60, ""Session"": ""allday_0123"", ""ZEntry"": 1.0, ""ZEmaBars"": 30, ""NewsBeforeMin"": 15, ""NewsAfterMin"": 30, ""NewsCloseMode"": 0, ""DailyLossPct"": 8.0, ""MaxSpreadPts"": 0}"
211.76351590559725,211.76351590559725,1.1999244142104137,0.0,0.0,29353.690000121336,2530.9173033628545,38.5308684716532,3058422.0,227983.0,1837.0,"{""EntryMode"": 0, ""EntryTFMin"": 1, ""GridSpacingPts"": 130, ""TP_Pips"": 15.0, ""MaxLayers"": 2, ""Ladder"": ""step2"", ""MaxHoldSec"": 30, ""StopPips"": 3.0, ""MaxBasketRiskPct"": 5.0, ""AddMinSec"": 15, ""Session"": ""allday_0123"", ""ZEntry"": 1.25, ""ZEmaBars"": 30, ""NewsBeforeMin"": 15, ""NewsAfterMin"": 30, ""NewsCloseMode"": 0, ""DailyLossPct"": 8.0, ""MaxSpreadPts"": 25}"
211.76351590559725,211.76351590559725,1.1999244142104137,0.0,0.0,29353.690000121336,2530.9173033628545,38.5308684716532,3058422.0,227983.0,1837.0,"{""EntryMode"": 0, ""EntryTFMin"": 1, ""GridSpacingPts"": 130, ""TP_Pips"": 15.0, ""MaxLayers"": 2, ""Ladder"": ""step2"", ""MaxHoldSec"": 30, ""StopPips"": 3.0, ""MaxBasketRiskPct"": 5.0, ""AddMinSec"": 15, ""Session"": ""allday_0123"", ""ZEntry"": 1.25, ""ZEmaBars"": 30, ""NewsBeforeMin"": 15, ""NewsAfterMin"": 30, ""NewsCloseMode"": 0, ""DailyLossPct"": 8.0, ""MaxSpreadPts"": 0}"
211.5712237007793,211.5712237007793,1.201059201816063,0.0,0.0,29263.33000012219,2530.9173033628545,38.52969459211522,3058232.0,227981.0,2029.0,"{""EntryMode"": 0, ""EntryTFMin"": 1, ""GridSpacingPts"": 105, ""TP_Pips"": 14.5, ""MaxLayers"": 3, ""Ladder"": ""step1"", ""MaxHoldSec"": 30, ""StopPips"": 3.0, ""MaxBasketRiskPct"": 5.0, ""AddMinSec"": 60, ""Session"": ""allday_0123"", ""ZEntry"": 1.0, ""ZEmaBars"": 30, ""NewsBeforeMin"": 15, ""NewsAfterMin"": 30, ""NewsCloseMode"": 0, ""DailyLossPct"": 8.0, ""MaxSpreadPts"": 0}"
211.5712237007793,211.5712237007793,1.201059201816063,0.0,0.0,29263.33000012219,2530.9173033628545,38.52969459211522,3058232.0,227981.0,2029.0,"{""EntryMode"": 0, ""EntryTFMin"": 1, ""GridSpacingPts"": 140, ""TP_Pips"": 14.5, ""MaxLayers"": 5, ""Ladder"": ""step2"", ""MaxHoldSec"": 30, ""StopPips"": 3.0, ""MaxBasketRiskPct"": 5.0, ""AddMinSec"": 60, ""Session"": ""allday_0123"", ""ZEntry"": 2.0, ""ZEmaBars"": 30, ""NewsBeforeMin"": 15, ""NewsAfterMin"": 30, ""NewsCloseMode"": 0, ""DailyLossPct"": 8.0, ""MaxSpreadPts"": 0}"
211.5712237007793,211.5712237007793,1.201059201816063,0.0,0.0,29263.33000012219,2530.9173033628545,38.52969459211522,3058232.0,227981.0,2029.0,"{""EntryMode"": 0, ""EntryTFMin"": 1, ""GridSpacingPts"": 125, ""TP_Pips"": 14.5, ""MaxLayers"": 4, ""Ladder"": ""step2"", ""MaxHoldSec"": 30, ""StopPips"": 3.0, ""MaxBasketRiskPct"": 5.0, ""AddMinSec"": 60, ""Session"": ""allday_0123"", ""ZEntry"": 1.25, ""ZEmaBars"": 30, ""NewsBeforeMin"": 15, ""NewsAfterMin"": 30, ""NewsCloseMode"": 0, ""DailyLossPct"": 8.0, ""MaxSpreadPts"": 0}"
211.35213635266788,211.35213635266788,1.2027654133917085,0.0,0.0,29160.650000122478,2530.9173033628545,38.528155775933286,3057981.0,227979.0,2282.0,"{""EntryMode"": 0, ""EntryTFMin"": 1, ""GridSpacingPts"": 135, ""TP_Pips"": 14.0, ""MaxLayers"": 1, ""Ladder"": ""step2"", ""MaxHoldSec"": 30, ""StopPips"": 3.0, ""MaxBasketRiskPct"": 5.0, ""AddMinSec"": 15, ""Session"": ""allday_0123"", ""ZEntry"": 1.25, ""ZEmaBars"": 30, ""NewsBeforeMin"": 15, ""NewsAfterMin"": 30, ""NewsCloseMode"": 0, ""DailyLossPct"": 8.0, ""MaxSpreadPts"": 0}"
211.35213635266788,211.35213635266788,1.2027654133917085,0.0,0.0,29160.650000122478,2530.9173033628545,38.528155775933286,3057981.0,227979.0,2282.0,"{""EntryMode"": 0, ""EntryTFMin"": 1, ""GridSpacingPts"": 120, ""TP_Pips"": 14.0, ""MaxLayers"": 2, ""Ladder"": ""step2"", ""MaxHoldSec"": 30, ""StopPips"": 3.0, ""MaxBasketRiskPct"": 5.0, ""AddMinSec"": 15, ""Session"": ""allday_0123"", ""ZEntry"": 1.25, ""ZEmaBars"": 30, ""NewsBeforeMin"": 15, ""NewsAfterMin"": 30, ""NewsCloseMode"": 0, ""DailyLossPct"": 3.0, ""MaxSpreadPts"": 0}"
211.200390231908,211.200390231908,1.2027654133917085,0.0,0.0,29089.700000121982,2526.0328693074716,38.52953902409374,3052296.0,227322.0,2278.0,"{""EntryMode"": 0, ""EntryTFMin"": 1, ""GridSpacingPts"": 125, ""TP_Pips"": 14.0, ""MaxLayers"": 3, ""Ladder"": ""step2"", ""MaxHoldSec"": 30, ""StopPips"": 3.0, ""MaxBasketRiskPct"": 5.0, ""AddMinSec"": 15, ""Session"": ""allday_0123"", ""ZEntry"": 1.0, ""ZEmaBars"": 30, ""NewsBeforeMin"": 30, ""NewsAfterMin"": 30, ""NewsCloseMode"": 0, ""DailyLossPct"": 8.0, ""MaxSpreadPts"": 25}"
211.15199173825627,211.15199173825627,1.2119477049339669,0.0,0.0,29067.10000012417,2536.933177390096,38.501761803012684,3061369.0,230756.0,3933.0,"{""EntryMode"": 0, ""EntryTFMin"": 1, ""GridSpacingPts"": 120, ""TP_Pips"": 12.0, ""MaxLayers"": 1, ""Ladder"": ""step2"", ""MaxHoldSec"": 30, ""StopPips"": 3.0, ""MaxBasketRiskPct"": 1.0, ""AddMinSec"": 15, ""Session"": ""allday_0123"", ""ZEntry"": 1.25, ""ZEmaBars"": 30, ""NewsBeforeMin"": 15, ""NewsAfterMin"": 15, ""NewsCloseMode"": 0, ""DailyLossPct"": 8.0, ""MaxSpreadPts"": 25}"
211.11800915516562,211.11800915516562,1.2050479172599935,0.0,0.0,29051.24000011938,2530.9173033628545,38.526586548364335,3057729.0,227974.0,2539.0,"{""EntryMode"": 0, ""EntryTFMin"": 1, ""GridSpacingPts"": 130, ""TP_Pips"": 13.5, ""MaxLayers"": 5, ""Ladder"": ""step2"", ""MaxHoldSec"": 30, ""StopPips"": 3.0, ""MaxBasketRiskPct"": 5.0, ""AddMinSec"": 60, ""Session"": ""allday_0123"", ""ZEntry"": 1.25, ""ZEmaBars"": 30, ""NewsBeforeMin"": 15, ""NewsAfterMin"": 30, ""NewsCloseMode"": 0, ""DailyLossPct"": 8.0, ""MaxSpreadPts"": 0}"
211.11800915516562,211.11800915516562,1.2050479172599935,0.0,0.0,29051.24000011938,2530.9173033628545,38.526586548364335,3057729.0,227974.0,2539.0,"{""EntryMode"": 0, ""EntryTFMin"": 1, ""GridSpacingPts"": 130, ""TP_Pips"": 13.5, ""MaxLayers"": 2, ""Ladder"": ""step2"", ""MaxHoldSec"": 30, ""StopPips"": 3.0, ""MaxBasketRiskPct"": 5.0, ""AddMinSec"": 15, ""Session"": ""allday_0123"", ""ZEntry"": 1.0, ""ZEmaBars"": 120, ""NewsBeforeMin"": 15, ""NewsAfterMin"": 30, ""NewsCloseMode"": 0, ""DailyLossPct"": 8.0, ""MaxSpreadPts"": 0}"
211.11800915516562,211.11800915516562,1.2050479172599935,0.0,0.0,29051.24000011938,2530.9173033628545,38.526586548364335,3057729.0,227974.0,2539.0,"{""EntryMode"": 0, ""EntryTFMin"": 1, ""GridSpacingPts"": 135, ""TP_Pips"": 13.5, ""MaxLayers"": 2, ""Ladder"": ""step2"", ""MaxHoldSec"": 30, ""StopPips"": 3.0, ""MaxBasketRiskPct"": 5.0, ""AddMinSec"": 15, ""Session"": ""allday_0123"", ""ZEntry"": 1.0, ""ZEmaBars"": 120, ""NewsBeforeMin"": 15, ""NewsAfterMin"": 30, ""NewsCloseMode"": 0, ""DailyLossPct"": 8.0, ""MaxSpreadPts"": 0}"
184.31093030758393,184.31093030758393,0.9333333333331871,0.0,0.0,18519.219999941794,469.45060775219275,33.83765846241552,440978.0,167794.0,1152.0,"{""EntryMode"": 0, ""EntryTFMin"": 1, ""GridSpacingPts"": 150, ""TP_Pips"": 13.5, ""MaxLayers"": 5, ""Ladder"": ""step2"", ""MaxHoldSec"": 30, ""StopPips"": 2.0, ""MaxBasketRiskPct"": 5.0, ""AddMinSec"": 15, ""Session"": ""ny_1519"", ""ZEntry"": 1.0, ""ZEmaBars"": 120, ""NewsBeforeMin"": 15, ""NewsAfterMin"": 15, ""NewsCloseMode"": 0, ""DailyLossPct"": 3.0, ""MaxSpreadPts"": 0}"
184.14240148676453,184.14240148676453,0.9343299519485972,0.0,0.0,18464.42999994137,469.45060775219275,33.832313534194846,440819.0,167790.0,1315.0,"{""EntryMode"": 0, ""EntryTFMin"": 1, ""GridSpacingPts"": 135, ""TP_Pips"": 13.0, ""MaxLayers"": 4, ""Ladder"": ""step2"", ""MaxHoldSec"": 30, ""StopPips"": 2.0, ""MaxBasketRiskPct"": 5.0, ""AddMinSec"": 15, ""Session"": ""ny_1519"", ""ZEntry"": 1.0, ""ZEmaBars"": 120, ""NewsBeforeMin"": 15, ""NewsAfterMin"": 15, ""NewsCloseMode"": 0, ""DailyLossPct"": 3.0, ""MaxSpreadPts"": 0}"
184.14240148676453,184.14240148676453,0.9343299519485972,0.0,0.0,18464.42999994137,469.45060775219275,33.832313534194846,440819.0,167790.0,1315.0,"{""EntryMode"": 0, ""EntryTFMin"": 1, ""GridSpacingPts"": 145, ""TP_Pips"": 13.0, ""MaxLayers"": 5, ""Ladder"": ""step2"", ""MaxHoldSec"": 30, ""StopPips"": 2.0, ""MaxBasketRiskPct"": 5.0, ""AddMinSec"": 15, ""Session"": ""ny_1519"", ""ZEntry"": 1.0, ""ZEmaBars"": 120, ""NewsBeforeMin"": 15, ""NewsAfterMin"": 15, ""NewsCloseMode"": 0, ""DailyLossPct"": 3.0, ""MaxSpreadPts"": 0}"
183.46267416685586,183.46267416685586,1.5936635175113796,0.0,0.0,18244.760000010327,2536.933177390096,39.249734077710464,3176832.0,116763.0,2463.0,"{""EntryMode"": 0, ""EntryTFMin"": 1, ""GridSpacingPts"": 125, ""TP_Pips"": 14.0, ""MaxLayers"": 2, ""Ladder"": ""step2"", ""MaxHoldSec"": 30, ""StopPips"": 4.0, ""MaxBasketRiskPct"": 5.0, ""AddMinSec"": 15, ""Session"": ""allday_0123"", ""ZEntry"": 1.25, ""ZEmaBars"": 30, ""NewsBeforeMin"": 15, ""NewsAfterMin"": 15, ""NewsCloseMode"": 0, ""DailyLossPct"": 8.0, ""MaxSpreadPts"": 25}"
183.40799378280076,183.40799378280076,0.9383378016084366,0.0,0.0,18227.179999944055,464.3583581917745,33.91020838448673,437903.0,164654.0,751.0,"{""EntryMode"": 0, ""EntryTFMin"": 1, ""GridSpacingPts"": 115, ""TP_Pips"": 15.0, ""MaxLayers"": 5, ""Ladder"": ""step2"", ""MaxHoldSec"": 30, ""StopPips"": 2.0, ""MaxBasketRiskPct"": 5.0, ""AddMinSec"": 60, ""Session"": ""ny_1519"", ""ZEntry"": 1.25, ""ZEmaBars"": 30, ""NewsBeforeMin"": 15, ""NewsAfterMin"": 30, ""NewsCloseMode"": 0, ""DailyLossPct"": 8.0, ""MaxSpreadPts"": 0}"
183.1584423955555,183.1584423955555,0.9394712119177214,0.0,0.0,18147.11999994412,464.3583581917745,33.90361142240425,437706.0,164653.0,949.0,"{""EntryMode"": 0, ""EntryTFMin"": 1, ""GridSpacingPts"": 140, ""TP_Pips"": 14.0, ""MaxLayers"": 2, ""Ladder"": ""step2"", ""MaxHoldSec"": 30, ""StopPips"": 2.0, ""MaxBasketRiskPct"": 5.0, ""AddMinSec"": 15, ""Session"": ""ny_1519"", ""ZEntry"": 1.0, ""ZEmaBars"": 120, ""NewsBeforeMin"": 15, ""NewsAfterMin"": 30, ""NewsCloseMode"": 0, ""DailyLossPct"": 8.0, ""MaxSpreadPts"": 0}"
183.1042141847765,183.1042141847765,1.5967109666317785,0.0,0.0,18129.76000001127,2536.933177390096,39.248029010627405,3176559.0,116758.0,2741.0,"{""EntryMode"": 0, ""EntryTFMin"": 1, ""GridSpacingPts"": 110, ""TP_Pips"": 13.5, ""MaxLayers"": 2, ""Ladder"": ""step2"", ""MaxHoldSec"": 30, ""StopPips"": 4.0, ""MaxBasketRiskPct"": 1.0, ""AddMinSec"": 60, ""Session"": ""allday_0123"", ""ZEntry"": 1.25, ""ZEmaBars"": 30, ""NewsBeforeMin"": 15, ""NewsAfterMin"": 15, ""NewsCloseMode"": 0, ""DailyLossPct"": 8.0, ""MaxSpreadPts"": 25}"
183.1042141847765,183.1042141847765,1.5967109666317785,0.0,0.0,18129.76000001127,2536.933177390096,39.248029010627405,3176559.0,116758.0,2741.0,"{""EntryMode"": 0, ""EntryTFMin"": 1, ""GridSpacingPts"": 100, ""TP_Pips"": 13.5, ""MaxLayers"": 1, ""Ladder"": ""step2"", ""MaxHoldSec"": 30, ""StopPips"": 4.0, ""MaxBasketRiskPct"": 2.0, ""AddMinSec"": 60, ""Session"": ""allday_0123"", ""ZEntry"": 2.0, ""ZEmaBars"": 30, ""NewsBeforeMin"": 15, ""NewsAfterMin"": 15, ""NewsCloseMode"": 0, ""DailyLossPct"": 8.0, ""MaxSpreadPts"": 25}"
183.0033004779845,183.0033004779845,0.9404178142001667,0.0,0.0,18097.489999944642,464.3583581917745,33.899964860449074,437596.0,164653.0,1059.0,"{""EntryMode"": 0, ""EntryTFMin"": 1, ""GridSpacingPts"": 135, ""TP_Pips"": 13.5, ""MaxLayers"": 2, ""Ladder"": ""step2"", ""MaxHoldSec"": 30, ""StopPips"": 2.0, ""MaxBasketRiskPct"": 5.0, ""AddMinSec"": 15, ""Session"": ""ny_1519"", ""ZEntry"": 1.0, ""ZEmaBars"": 120, ""NewsBeforeMin"": 15, ""NewsAfterMin"": 30, ""NewsCloseMode"": 0, ""DailyLossPct"": 8.0, ""MaxSpreadPts"": 0}"
183.0033004779845,183.0033004779845,0.9404178142001667,0.0,0.0,18097.489999944642,464.3583581917745,33.899964860449074,437596.0,164653.0,1059.0,"{""EntryMode"": 0, ""EntryTFMin"": 1, ""GridSpacingPts"": 145, ""TP_Pips"": 13.5, ""MaxLayers"": 2, ""Ladder"": ""step2"", ""MaxHoldSec"": 30, ""StopPips"": 2.0, ""MaxBasketRiskPct"": 5.0, ""AddMinSec"": 15, ""Session"": ""ny_1519"", ""ZEntry"": 1.25, ""ZEmaBars"": 120, ""NewsBeforeMin"": 15, ""NewsAfterMin"": 30, ""NewsCloseMode"": 0, ""DailyLossPct"": 8.0, ""MaxSpreadPts"": 0}"
182.89760446088428,182.89760446088428,1.589870525514252,0.0,0.0,18063.740000011745,2530.9173033628545,39.265698815589076,3171666.0,114681.0,1895.0,"{""EntryMode"": 0, ""EntryTFMin"": 1, ""GridSpacingPts"": 135, ""TP_Pips"": 15.0, ""MaxLayers"": 2, ""Ladder"": ""step2"", ""MaxHoldSec"": 30, ""StopPips"": 4.0, ""MaxBasketRiskPct"": 5.0, ""AddMinSec"": 15, ""Session"": ""allday_0123"", ""ZEntry"": 1.25, ""ZEmaBars"": 30, ""NewsBeforeMin"": 15, ""NewsAfterMin"": 30, ""NewsCloseMode"": 0, ""DailyLossPct"": 8.0, ""MaxSpreadPts"": 0}"
182.89760446088428,182.89760446088428,1.589870525514252,0.0,0.0,18063.740000011745,2530.9173033628545,39.265698815589076,3171666.0,114681.0,1895.0,"{""EntryMode"": 0, ""EntryTFMin"": 1, ""GridSpacingPts"": 135, ""TP_Pips"": 15.0, ""MaxLayers"": 2, ""Ladder"": ""step2"", ""MaxHoldSec"": 30, ""StopPips"": 4.0, ""MaxBasketRiskPct"": 5.0, ""AddMinSec"": 15, ""Session"": ""allday_0123"", ""ZEntry"": 1.25, ""ZEmaBars"": 30, ""NewsBeforeMin"": 15, ""NewsAfterMin"": 30, ""NewsCloseMode"": 0, ""DailyLossPct"": 8.0, ""MaxSpreadPts"": 0}"
182.89760446088428,182.89760446088428,1.589870525514252,0.0,0.0,18063.740000011745,2530.9173033628545,39.265698815589076,3171666.0,114681.0,1895.0,"{""EntryMode"": 0, ""EntryTFMin"": 1, ""GridSpacingPts"": 140, ""TP_Pips"": 15.0, ""MaxLayers"": 1, ""Ladder"": ""step2"", ""MaxHoldSec"": 30, ""StopPips"": 4.0, ""MaxBasketRiskPct"": 5.0, ""AddMinSec"": 15, ""Session"": ""allday_0123"", ""ZEntry"": 1.25, ""ZEmaBars"": 30, ""NewsBeforeMin"": 15, ""NewsAfterMin"": 30, ""NewsCloseMode"": 0, ""DailyLossPct"": 8.0, ""MaxSpreadPts"": 0}"
182.89760446088428,182.89760446088428,1.589870525514252,0.0,0.0,18063.740000011745,2530.9173033628545,39.265698815589076,3171666.0,114681.0,1895.0,"{""EntryMode"": 0, ""EntryTFMin"": 1, ""GridSpacingPts"": 140, ""TP_Pips"": 15.0, ""MaxLayers"": 2, ""Ladder"": ""step2"", ""MaxHoldSec"": 30, ""StopPips"": 4.0, ""MaxBasketRiskPct"": 5.0, ""AddMinSec"": 15, ""Session"": ""allday_0123"", ""ZEntry"": 1.0, ""ZEmaBars"": 30, ""NewsBeforeMin"": 15, ""NewsAfterMin"": 30, ""NewsCloseMode"": 0, ""DailyLossPct"": 8.0, ""MaxSpreadPts"": 0}"
182.84697107130336,182.84697107130336,0.9414296281351526,0.0,0.0,18047.589999944095,464.3583581917745,33.89499227596478,437450.0,164649.0,1209.0,"{""EntryMode"": 0, ""EntryTFMin"": 1, ""GridSpacingPts"": 150, ""TP_Pips"": 13.0, ""MaxLayers"": 2, ""Ladder"": ""step2"", ""MaxHoldSec"": 30, ""StopPips"": 2.0, ""MaxBasketRiskPct"": 5.0, ""AddMinSec"": 15, ""Session"": ""ny_1519"", ""ZEntry"": 1.25, ""ZEmaBars"": 120, ""NewsBeforeMin"": 15, ""NewsAfterMin"": 30, ""NewsCloseMode"": 0, ""DailyLossPct"": 8.0, ""MaxSpreadPts"": 0}"
182.761863010528,182.761863010528,0.943777807738839,0.0,0.0,18020.469999945013,461.59056353952786,33.89667040183632,434897.0,163759.0,1056.0,"{""EntryMode"": 0, ""EntryTFMin"": 1, ""GridSpacingPts"": 145, ""TP_Pips"": 13.5, ""MaxLayers"": 1, ""Ladder"": ""step2"", ""MaxHoldSec"": 30, ""StopPips"": 2.0, ""MaxBasketRiskPct"": 5.0, ""AddMinSec"": 15, ""Session"": ""ny_1519"", ""ZEntry"": 1.25, ""ZEmaBars"": 120, ""NewsBeforeMin"": 30, ""NewsAfterMin"": 30, ""NewsCloseMode"": 0, ""DailyLossPct"": 8.0, ""MaxSpreadPts"": 0}"
182.761863010528,182.761863010528,0.943777807738839,0.0,0.0,18020.469999945013,461.59056353952786,33.89667040183632,434897.0,163759.0,1056.0,"{""EntryMode"": 0, ""EntryTFMin"": 1, ""GridSpacingPts"": 135, ""TP_Pips"": 13.5, ""MaxLayers"": 2, ""Ladder"": ""step2"", ""MaxHoldSec"": 30, ""StopPips"": 2.0, ""MaxBasketRiskPct"": 5.0, ""AddMinSec"": 15, ""Session"": ""ny_1519"", ""ZEntry"": 1.25, ""ZEmaBars"": 120, ""NewsBeforeMin"": 30, ""NewsAfterMin"": 30, ""NewsCloseMode"": 0, ""DailyLossPct"": 8.0, ""MaxSpreadPts"": 0}"
182.67209366886755,182.67209366886755,1.599770092920948,0.0,0.0,17991.90000001157,2536.933177390096,39.245705022396756,3176180.0,116756.0,3122.0,"{""EntryMode"": 0, ""EntryTFMin"": 1, ""GridSpacingPts"": 135, ""TP_Pips"": 13.0, ""MaxLayers"": 1, ""Ladder"": ""step2"", ""MaxHoldSec"": 30, ""StopPips"": 4.0, ""MaxBasketRiskPct"": 5.0, ""AddMinSec"": 60, ""Session"": ""allday_0123"", ""ZEntry"": 1.5, ""ZEmaBars"": 30, ""NewsBeforeMin"": 15, ""NewsAfterMin"": 15, ""NewsCloseMode"": 0, ""DailyLossPct"": 8.0, ""MaxSpreadPts"": 25}"
182.60547070322085,182.60547070322085,0.9447968686730942,0.0,0.0,17970.719999944573,461.59056353952786,33.89166800068362,434751.0,163755.0,1206.0,"{""EntryMode"": 0, ""EntryTFMin"": 1, ""GridSpacingPts"": 125, ""TP_Pips"": 13.0, ""MaxLayers"": 2, ""Ladder"": ""step2"", ""MaxHoldSec"": 30, ""StopPips"": 2.0, ""MaxBasketRiskPct"": 5.0, ""AddMinSec"": 15, ""Session"": ""ny_1519"", ""ZEntry"": 1.25, ""ZEmaBars"": 120, ""NewsBeforeMin"": 30, ""NewsAfterMin"": 30, ""NewsCloseMode"": 0, ""DailyLossPct"": 8.0, ""MaxSpreadPts"": 0}"
182.60547070322085,182.60547070322085,0.9447968686730942,0.0,0.0,17970.719999944573,461.59056353952786,33.89166800068362,434751.0,163755.0,1206.0,"{""EntryMode"": 0, ""EntryTFMin"": 1, ""GridSpacingPts"": 135, ""TP_Pips"": 13.0, ""MaxLayers"": 2, ""Ladder"": ""step2"", ""MaxHoldSec"": 30, ""StopPips"": 2.0, ""MaxBasketRiskPct"": 5.0, ""AddMinSec"": 15, ""Session"": ""ny_1519"", ""ZEntry"": 1.25, ""ZEmaBars"": 120, ""NewsBeforeMin"": 30, ""NewsAfterMin"": 30, ""NewsCloseMode"": 0, ""DailyLossPct"": 8.0, ""MaxSpreadPts"": 0}"
182.60490423350518,182.60490423350518,1.5913855536498707,0.0,0.0,17970.5400000134,2530.9173033628545,39.26448844238669,3171470.0,114680.0,2092.0,"{""EntryMode"": 0, ""EntryTFMin"": 1, ""GridSpacingPts"": 140, ""TP_Pips"": 14.5, ""MaxLayers"": 2, ""Ladder"": ""step2"", ""MaxHoldSec"": 30, ""StopPips"": 4.0, ""MaxBasketRiskPct"": 5.0, ""AddMinSec"": 15, ""Session"": ""allday_0123"", ""ZEntry"": 1.0, ""ZEmaBars"": 120, ""NewsBeforeMin"": 15, ""NewsAfterMin"": 30, ""NewsCloseMode"": 0, ""DailyLossPct"": 8.0, ""MaxSpreadPts"": 0}"
182.60490423350518,182.60490423350518,1.5913855536498707,0.0,0.0,17970.5400000134,2530.9173033628545,39.26448844238669,3171470.0,114680.0,2092.0,"{""EntryMode"": 0, ""EntryTFMin"": 1, ""GridSpacingPts"": 130, ""TP_Pips"": 14.5, ""MaxLayers"": 4, ""Ladder"": ""step2"", ""MaxHoldSec"": 30, ""StopPips"": 4.0, ""MaxBasketRiskPct"": 5.0, ""AddMinSec"": 60, ""Session"": ""allday_0123"", ""ZEntry"": 1.25, ""ZEmaBars"": 30, ""NewsBeforeMin"": 15, ""NewsAfterMin"": 30, ""NewsCloseMode"": 0, ""DailyLossPct"": 8.0, ""MaxSpreadPts"": 0}"
182.46434241663704,182.46434241663704,0.960351214158184,0.0,0.0,17925.91999994563,458.59802026702096,33.8891686135895,431895.0,162877.0,1052.0,"{""EntryMode"": 0, ""EntryTFMin"": 1, ""GridSpacingPts"": 140, ""TP_Pips"": 13.5, ""MaxLayers"": 2, ""Ladder"": ""step2"", ""MaxHoldSec"": 30, ""StopPips"": 2.0, ""MaxBasketRiskPct"": 5.0, ""AddMinSec"": 15, ""Session"": ""ny_1519"", ""ZEntry"": 1.0, ""ZEmaBars"": 120, ""NewsBeforeMin"": 60, ""NewsAfterMin"": 30, ""NewsCloseMode"": 0, ""DailyLossPct"": 8.0, ""MaxSpreadPts"": 0}"
182.41390263922565,182.41390263922565,0.9461377306209329,0.0,0.0,17909.929999945063,461.59056353952786,33.8861987087568,434589.0,163754.0,1369.0,"{""EntryMode"": 0, ""EntryTFMin"": 1, ""GridSpacingPts"": 130, ""TP_Pips"": 12.5, ""MaxLayers"": 2, ""Ladder"": ""step2"", ""MaxHoldSec"": 30, ""StopPips"": 2.0, ""MaxBasketRiskPct"": 5.0, ""AddMinSec"": 15, ""Session"": ""ny_1519"", ""ZEntry"": 1.25, ""ZEmaBars"": 120, ""NewsBeforeMin"": 30, ""NewsAfterMin"": 30, ""NewsCloseMode"": 0, ""DailyLossPct"": 8.0, ""MaxSpreadPts"": 0}"
182.41390263922565,182.41390263922565,0.9461377306209329,0.0,0.0,17909.929999945063,461.59056353952786,33.8861987087568,434589.0,163754.0,1369.0,"{""EntryMode"": 0, ""EntryTFMin"": 1, ""GridSpacingPts"": 140, ""TP_Pips"": 12.5, ""MaxLayers"": 2, ""Ladder"": ""step2"", ""MaxHoldSec"": 30, ""StopPips"": 2.0, ""MaxBasketRiskPct"": 5.0, ""AddMinSec"": 15, ""Session"": ""ny_1519"", ""ZEntry"": 1.25, ""ZEmaBars"": 120, ""NewsBeforeMin"": 30, ""NewsAfterMin"": 30, ""NewsCloseMode"": 0, ""DailyLossPct"": 8.0, ""MaxSpreadPts"": 0}"
182.41390263922565,182.41390263922565,0.9461377306209329,0.0,0.0,17909.929999945063,461.59056353952786,33.8861987087568,434589.0,163754.0,1369.0,"{""EntryMode"": 0, ""EntryTFMin"": 1, ""GridSpacingPts"": 135, ""TP_Pips"": 12.5, ""MaxLayers"": 2, ""Ladder"": ""step2"", ""MaxHoldSec"": 30, ""StopPips"": 2.0, ""MaxBasketRiskPct"": 5.0, ""AddMinSec"": 15, ""Session"": ""ny_1519"", ""ZEntry"": 1.25, ""ZEmaBars"": 120, ""NewsBeforeMin"": 30, ""NewsAfterMin"": 30, ""NewsCloseMode"": 0, ""DailyLossPct"": 8.0, ""MaxSpreadPts"": 0}"
182.30798500041027,182.30798500041027,0.9614064002196112,0.0,0.0,17876.38999994513,458.59802026702096,33.88416713664317,431750.0,162873.0,1201.0,"{""EntryMode"": 0, ""EntryTFMin"": 1, ""GridSpacingPts"": 135, ""TP_Pips"": 13.0, ""MaxLayers"": 2, ""Ladder"": ""step2"", ""MaxHoldSec"": 30, ""StopPips"": 2.0, ""MaxBasketRiskPct"": 5.0, ""AddMinSec"": 15, ""Session"": ""ny_1519"", ""ZEntry"": 1.0, ""ZEmaBars"": 120, ""NewsBeforeMin"": 60, ""NewsAfterMin"": 30, ""NewsCloseMode"": 0, ""DailyLossPct"": 8.0, ""MaxSpreadPts"": 0}"
181.93303054359995,181.93303054359995,0.9494100094939586,0.0,0.0,17758.059999945315,461.59056353952786,33.87125820398099,434144.0,163751.0,1817.0,"{""EntryMode"": 0, ""EntryTFMin"": 1, ""GridSpacingPts"": 145, ""TP_Pips"": 11.5, ""MaxLayers"": 2, ""Ladder"": ""step2"", ""MaxHoldSec"": 30, ""StopPips"": 2.0, ""MaxBasketRiskPct"": 5.0, ""AddMinSec"": 15, ""Session"": ""ny_1519"", ""ZEntry"": 1.25, ""ZEmaBars"": 120, ""NewsBeforeMin"": 30, ""NewsAfterMin"": 30, ""NewsCloseMode"": 0, ""DailyLossPct"": 5.0, ""MaxSpreadPts"": 0}"
181.93303054359995,181.93303054359995,0.9494100094939586,0.0,0.0,17758.059999945315,461.59056353952786,33.87125820398099,434144.0,163751.0,1817.0,"{""EntryMode"": 0, ""EntryTFMin"": 1, ""GridSpacingPts"": 145, ""TP_Pips"": 11.5, ""MaxLayers"": 2, ""Ladder"": ""step2"", ""MaxHoldSec"": 30, ""StopPips"": 2.0, ""MaxBasketRiskPct"": 5.0, ""AddMinSec"": 15, ""Session"": ""ny_1519"", ""ZEntry"": 1.25, ""ZEmaBars"": 120, ""NewsBeforeMin"": 30, ""NewsAfterMin"": 30, ""NewsCloseMode"": 0, ""DailyLossPct"": 8.0, ""MaxSpreadPts"": 0}"
181.91402861644983,181.91402861644983,1.5967109666317785,0.0,0.0,17752.080000015194,2530.9173033628545,39.26130132902964,3170954.0,114675.0,2613.0,"{""EntryMode"": 0, ""EntryTFMin"": 1, ""GridSpacingPts"": 115, ""TP_Pips"": 13.5, ""MaxLayers"": 2, ""Ladder"": ""step2"", ""MaxHoldSec"": 30, ""StopPips"": 4.0, ""MaxBasketRiskPct"": 5.0, ""AddMinSec"": 15, ""Session"": ""allday_0123"", ""ZEntry"": 1.25, ""ZEmaBars"": 30, ""NewsBeforeMin"": 15, ""NewsAfterMin"": 30, ""NewsCloseMode"": 0, ""DailyLossPct"": 3.0, ""MaxSpreadPts"": 0}"
181.91402861644983,181.91402861644983,1.5967109666317785,0.0,0.0,17752.080000015194,2530.9173033628545,39.26130132902964,3170954.0,114675.0,2613.0,"{""EntryMode"": 0, ""EntryTFMin"": 1, ""GridSpacingPts"": 130, ""TP_Pips"": 13.5, ""MaxLayers"": 2, ""Ladder"": ""step2"", ""MaxHoldSec"": 30, ""StopPips"": 4.0, ""MaxBasketRiskPct"": 5.0, ""AddMinSec"": 15, ""Session"": ""allday_0123"", ""ZEntry"": 1.0, ""ZEmaBars"": 120, ""NewsBeforeMin"": 15, ""NewsAfterMin"": 30, ""NewsCloseMode"": 0, ""DailyLossPct"": 8.0, ""MaxSpreadPts"": 0}"
181.52945961979242,181.52945961979242,0.9463935645236227,0.0,0.0,17631.399999947233,456.4151877770956,33.98412784073684,432116.0,160178.0,694.0,"{""EntryMode"": 0, ""EntryTFMin"": 1, ""GridSpacingPts"": 150, ""TP_Pips"": 15.0, ""MaxLayers"": 2, ""Ladder"": ""step2"", ""MaxHoldSec"": 30, ""StopPips"": 2.0, ""MaxBasketRiskPct"": 5.0, ""AddMinSec"": 15, ""Session"": ""ny_1519"", ""ZEntry"": 1.0, ""ZEmaBars"": 120, ""NewsBeforeMin"": 15, ""NewsAfterMin"": 60, ""NewsCloseMode"": 0, ""DailyLossPct"": 8.0, ""MaxSpreadPts"": 0}"
181.4237405442944,181.4237405442944,0.9469056476156886,0.0,0.0,17598.33999994764,456.4151877770956,33.98119354864319,432031.0,160177.0,780.0,"{""EntryMode"": 0, ""EntryTFMin"": 1, ""GridSpacingPts"": 125, ""TP_Pips"": 14.5, ""MaxLayers"": 4, ""Ladder"": ""step2"", ""MaxHoldSec"": 30, ""StopPips"": 2.0, ""MaxBasketRiskPct"": 5.0, ""AddMinSec"": 15, ""Session"": ""ny_1519"", ""ZEntry"": 1.0, ""ZEmaBars"": 120, ""NewsBeforeMin"": 15, ""NewsAfterMin"": 60, ""NewsCloseMode"": 0, ""DailyLossPct"": 3.0, ""MaxSpreadPts"": 0}"
181.4237405442944,181.4237405442944,0.9469056476156886,0.0,0.0,17598.33999994764,456.4151877770956,33.98119354864319,432031.0,160177.0,780.0,"{""EntryMode"": 0, ""EntryTFMin"": 1, ""GridSpacingPts"": 125, ""TP_Pips"": 14.5, ""MaxLayers"": 4, ""Ladder"": ""step2"", ""MaxHoldSec"": 30, ""StopPips"": 2.0, ""MaxBasketRiskPct"": 5.0, ""AddMinSec"": 15, ""Session"": ""ny_1519"", ""ZEntry"": 1.0, ""ZEmaBars"": 120, ""NewsBeforeMin"": 15, ""NewsAfterMin"": 60, ""NewsCloseMode"": 0, ""DailyLossPct"": 3.0, ""MaxSpreadPts"": 25}"
181.2931154420943,181.2931154420943,0.9475465313027388,0.0,0.0,17557.559999947436,456.4151877770956,33.97771961662428,431928.0,160177.0,883.0,"{""EntryMode"": 0, ""EntryTFMin"": 1, ""GridSpacingPts"": 145, ""TP_Pips"": 14.0, ""MaxLayers"": 4, ""Ladder"": ""step2"", ""MaxHoldSec"": 30, ""StopPips"": 2.0, ""MaxBasketRiskPct"": 5.0, ""AddMinSec"": 15, ""Session"": ""ny_1519"", ""ZEntry"": 1.0, ""ZEmaBars"": 120, ""NewsBeforeMin"": 15, ""NewsAfterMin"": 60, ""NewsCloseMode"": 0, ""DailyLossPct"": 3.0, ""MaxSpreadPts"": 0}"
181.2931154420943,181.2931154420943,0.9475465313027388,0.0,0.0,17557.559999947436,456.4151877770956,33.97771961662428,431928.0,160177.0,883.0,"{""EntryMode"": 0, ""EntryTFMin"": 1, ""GridSpacingPts"": 135, ""TP_Pips"": 14.0, ""MaxLayers"": 3, ""Ladder"": ""step2"", ""MaxHoldSec"": 30, ""StopPips"": 2.0, ""MaxBasketRiskPct"": 5.0, ""AddMinSec"": 15, ""Session"": ""ny_1519"", ""ZEntry"": 1.0, ""ZEmaBars"": 120, ""NewsBeforeMin"": 15, ""NewsAfterMin"": 60, ""NewsCloseMode"": 0, ""DailyLossPct"": 3.0, ""MaxSpreadPts"": 0}"
181.2931154420943,181.2931154420943,0.9475465313027388,0.0,0.0,17557.559999947436,456.4151877770956,33.97771961662428,431928.0,160177.0,883.0,"{""EntryMode"": 0, ""EntryTFMin"": 1, ""GridSpacingPts"": 135, ""TP_Pips"": 14.0, ""MaxLayers"": 4, ""Ladder"": ""step2"", ""MaxHoldSec"": 30, ""StopPips"": 2.0, ""MaxBasketRiskPct"": 5.0, ""AddMinSec"": 15, ""Session"": ""ny_1519"", ""ZEntry"": 1.0, ""ZEmaBars"": 120, ""NewsBeforeMin"": 15, ""NewsAfterMin"": 60, ""NewsCloseMode"": 0, ""DailyLossPct"": 3.0, ""MaxSpreadPts"": 0}"
181.2931154420943,181.2931154420943,0.9475465313027388,0.0,0.0,17557.559999947436,456.4151877770956,33.97771961662428,431928.0,160177.0,883.0,"{""EntryMode"": 0, ""EntryTFMin"": 1, ""GridSpacingPts"": 145, ""TP_Pips"": 14.0, ""MaxLayers"": 4, ""Ladder"": ""step2"", ""MaxHoldSec"": 30, ""StopPips"": 2.0, ""MaxBasketRiskPct"": 5.0, ""AddMinSec"": 15, ""Session"": ""ny_1519"", ""ZEntry"": 1.0, ""ZEmaBars"": 120, ""NewsBeforeMin"": 15, ""NewsAfterMin"": 60, ""NewsCloseMode"": 0, ""DailyLossPct"": 3.0, ""MaxSpreadPts"": 0}"
181.2931154420943,181.2931154420943,0.9475465313027388,0.0,0.0,17557.559999947436,456.4151877770956,33.97771961662428,431928.0,160177.0,883.0,"{""EntryMode"": 0, ""EntryTFMin"": 1, ""GridSpacingPts"": 125, ""TP_Pips"": 14.0, ""MaxLayers"": 6, ""Ladder"": ""step2"", ""MaxHoldSec"": 30, ""StopPips"": 2.0, ""MaxBasketRiskPct"": 5.0, ""AddMinSec"": 15, ""Session"": ""ny_1519"", ""ZEntry"": 1.0, ""ZEmaBars"": 120, ""NewsBeforeMin"": 15, ""NewsAfterMin"": 60, ""NewsCloseMode"": 0, ""DailyLossPct"": 3.0, ""MaxSpreadPts"": 25}"
181.2931154420943,181.2931154420943,0.9475465313027388,0.0,0.0,17557.559999947436,456.4151877770956,33.97771961662428,431928.0,160177.0,883.0,"{""EntryMode"": 0, ""EntryTFMin"": 1, ""GridSpacingPts"": 150, ""TP_Pips"": 14.0, ""MaxLayers"": 6, ""Ladder"": ""step2"", ""MaxHoldSec"": 30, ""StopPips"": 2.0, ""MaxBasketRiskPct"": 5.0, ""AddMinSec"": 15, ""Session"": ""ny_1519"", ""ZEntry"": 1.25, ""ZEmaBars"": 120, ""NewsBeforeMin"": 15, ""NewsAfterMin"": 60, ""NewsCloseMode"": 0, ""DailyLossPct"": 3.0, ""MaxSpreadPts"": 0}"
181.2931154420943,181.2931154420943,0.9475465313027388,0.0,0.0,17557.559999947436,456.4151877770956,33.97771961662428,431928.0,160177.0,883.0,"{""EntryMode"": 0, ""EntryTFMin"": 1, ""GridSpacingPts"": 150, ""TP_Pips"": 14.0, ""MaxLayers"": 6, ""Ladder"": ""step2"", ""MaxHoldSec"": 30, ""StopPips"": 2.0, ""MaxBasketRiskPct"": 5.0, ""AddMinSec"": 15, ""Session"": ""ny_1519"", ""ZEntry"": 1.0, ""ZEmaBars"": 120, ""NewsBeforeMin"": 15, ""NewsAfterMin"": 60, ""NewsCloseMode"": 0, ""DailyLossPct"": 3.0, ""MaxSpreadPts"": 0}"
181.18437538316195,181.18437538316195,1.589870525514252,0.0,0.0,17523.670000016322,2521.128423388641,39.28113486723692,3161718.0,112009.0,1797.0,"{""EntryMode"": 0, ""EntryTFMin"": 1, ""GridSpacingPts"": 150, ""TP_Pips"": 15.0, ""MaxLayers"": 2, ""Ladder"": ""step2"", ""MaxHoldSec"": 30, ""StopPips"": 4.0, ""MaxBasketRiskPct"": 2.0, ""AddMinSec"": 15, ""Session"": ""allday_0123"", ""ZEntry"": 1.25, ""ZEmaBars"": 30, ""NewsBeforeMin"": 15, ""NewsAfterMin"": 60, ""NewsCloseMode"": 0, ""DailyLossPct"": 8.0, ""MaxSpreadPts"": 0}"
181.14499629323367,181.14499629323367,0.9485094850947127,0.0,0.0,17511.40999994786,456.4151877770956,33.97427941210068,431826.0,160177.0,985.0,"{""EntryMode"": 0, ""EntryTFMin"": 1, ""GridSpacingPts"": 150, ""TP_Pips"": 13.5, ""MaxLayers"": 4, ""Ladder"": ""step2"", ""MaxHoldSec"": 30, ""StopPips"": 2.0, ""MaxBasketRiskPct"": 5.0, ""AddMinSec"": 15, ""Session"": ""ny_1519"", ""ZEntry"": 1.0, ""ZEmaBars"": 120, ""NewsBeforeMin"": 15, ""NewsAfterMin"": 60, ""NewsCloseMode"": 0, ""DailyLossPct"": 3.0, ""MaxSpreadPts"": 0}"
181.14499629323367,181.14499629323367,0.9485094850947127,0.0,0.0,17511.40999994786,456.4151877770956,33.97427941210068,431826.0,160177.0,985.0,"{""EntryMode"": 0, ""EntryTFMin"": 1, ""GridSpacingPts"": 145, ""TP_Pips"": 13.5, ""MaxLayers"": 6, ""Ladder"": ""step2"", ""MaxHoldSec"": 30, ""StopPips"": 2.0, ""MaxBasketRiskPct"": 5.0, ""AddMinSec"": 15, ""Session"": ""ny_1519"", ""ZEntry"": 1.25, ""ZEmaBars"": 120, ""NewsBeforeMin"": 15, ""NewsAfterMin"": 60, ""NewsCloseMode"": 0, ""DailyLossPct"": 3.0, ""MaxSpreadPts"": 0}"
181.14499629323367,181.14499629323367,0.9485094850947127,0.0,0.0,17511.40999994786,456.4151877770956,33.97427941210068,431826.0,160177.0,985.0,"{""EntryMode"": 0, ""EntryTFMin"": 1, ""GridSpacingPts"": 150, ""TP_Pips"": 13.5, ""MaxLayers"": 4, ""Ladder"": ""step2"", ""MaxHoldSec"": 30, ""StopPips"": 2.0, ""MaxBasketRiskPct"": 5.0, ""AddMinSec"": 15, ""Session"": ""ny_1519"", ""ZEntry"": 1.25, ""ZEmaBars"": 30, ""NewsBeforeMin"": 15, ""NewsAfterMin"": 60, ""NewsCloseMode"": 0, ""DailyLossPct"": 8.0, ""MaxSpreadPts"": 0}"
180.99196027396184,180.99196027396184,0.9495387954420734,0.0,0.0,17463.829999947433,456.4151877770956,33.96945638026859,431686.0,160174.0,1128.0,"{""EntryMode"": 0, ""EntryTFMin"": 1, ""GridSpacingPts"": 150, ""TP_Pips"": 13.0, ""MaxLayers"": 4, ""Ladder"": ""step2"", ""MaxHoldSec"": 30, ""StopPips"": 2.0, ""MaxBasketRiskPct"": 5.0, ""AddMinSec"": 15, ""Session"": ""ny_1519"", ""ZEntry"": 1.0, ""ZEmaBars"": 120, ""NewsBeforeMin"": 15, ""NewsAfterMin"": 60, ""NewsCloseMode"": 0, ""DailyLossPct"": 3.0, ""MaxSpreadPts"": 0}"
180.99196027396184,180.99196027396184,0.9495387954420734,0.0,0.0,17463.829999947433,456.4151877770956,33.96945638026859,431686.0,160174.0,1128.0,"{""EntryMode"": 0, ""EntryTFMin"": 1, ""GridSpacingPts"": 130, ""TP_Pips"": 13.0, ""MaxLayers"": 3, ""Ladder"": ""step2"", ""MaxHoldSec"": 30, ""StopPips"": 2.0, ""MaxBasketRiskPct"": 5.0, ""AddMinSec"": 15, ""Session"": ""ny_1519"", ""ZEntry"": 1.0, ""ZEmaBars"": 120, ""NewsBeforeMin"": 15, ""NewsAfterMin"": 60, ""NewsCloseMode"": 0, ""DailyLossPct"": 3.0, ""MaxSpreadPts"": 0}"
180.8096711323417,180.8096711323417,0.9508931603612013,0.0,0.0,17407.289999947923,456.4151877770956,33.96443098346455,431539.0,160173.0,1276.0,"{""EntryMode"": 0, ""EntryTFMin"": 1, ""GridSpacingPts"": 135, ""TP_Pips"": 12.5, ""MaxLayers"": 5, ""Ladder"": ""step2"", ""MaxHoldSec"": 30, ""StopPips"": 2.0, ""MaxBasketRiskPct"": 5.0, ""AddMinSec"": 15, ""Session"": ""ny_1519"", ""ZEntry"": 1.0, ""ZEmaBars"": 120, ""NewsBeforeMin"": 15, ""NewsAfterMin"": 60, ""NewsCloseMode"": 0, ""DailyLossPct"": 3.0, ""MaxSpreadPts"": 0}"
162.22945817860284,162.22945817860284,1.1241387646554377,0.0,0.0,12364.210000019675,469.45060775219275,36.77169614587822,517620.0,90714.0,1590.0,"{""EntryMode"": 0, ""EntryTFMin"": 1, ""GridSpacingPts"": 125, ""TP_Pips"": 12.5, ""MaxLayers"": 4, ""Ladder"": ""step2"", ""MaxHoldSec"": 30, ""StopPips"": 3.0, ""MaxBasketRiskPct"": 5.0, ""AddMinSec"": 15, ""Session"": ""ny_1519"", ""ZEntry"": 1.0, ""ZEmaBars"": 120, ""NewsBeforeMin"": 15, ""NewsAfterMin"": 15, ""NewsCloseMode"": 0, ""DailyLossPct"": 3.0, ""MaxSpreadPts"": 0}"
161.44481116097822,161.44481116097822,1.1554230339165659,0.0,0.0,12180.44000001829,464.3583581917745,36.84313816504228,513848.0,88453.0,1007.0,"{""EntryMode"": 0, ""EntryTFMin"": 1, ""GridSpacingPts"": 140, ""TP_Pips"": 14.0, ""MaxLayers"": 2, ""Ladder"": ""step2"", ""MaxHoldSec"": 30, ""StopPips"": 3.0, ""MaxBasketRiskPct"": 5.0, ""AddMinSec"": 15, ""Session"": ""ny_1519"", ""ZEntry"": 1.0, ""ZEmaBars"": 120, ""NewsBeforeMin"": 15, ""NewsAfterMin"": 30, ""NewsCloseMode"": 0, ""DailyLossPct"": 8.0, ""MaxSpreadPts"": 0}"
161.44481116097822,161.44481116097822,1.1554230339165659,0.0,0.0,12180.44000001829,464.3583581917745,36.84313816504228,513848.0,88453.0,1007.0,"{""EntryMode"": 0, ""EntryTFMin"": 1, ""GridSpacingPts"": 140, ""TP_Pips"": 14.0, ""MaxLayers"": 3, ""Ladder"": ""step2"", ""MaxHoldSec"": 30, ""StopPips"": 3.0, ""MaxBasketRiskPct"": 5.0, ""AddMinSec"": 15, ""Session"": ""ny_1519"", ""ZEntry"": 1.25, ""ZEmaBars"": 120, ""NewsBeforeMin"": 15, ""NewsAfterMin"": 30, ""NewsCloseMode"": 0, ""DailyLossPct"": 8.0, ""MaxSpreadPts"": 0}"
161.38000428733602,161.38000428733602,2.139930186673846,0.0,0.0,12165.359999927687,1400.9351187879884,104.29431050343304,1322269.0,494455.0,3412.0,"{""EntryMode"": 0, ""EntryTFMin"": 1, ""GridSpacingPts"": 100, ""TP_Pips"": 15.0, ""MaxLayers"": 1, ""Ladder"": ""step2"", ""MaxHoldSec"": 120, ""StopPips"": 2.0, ""MaxBasketRiskPct"": 1.0, ""AddMinSec"": 15, ""Session"": ""allday_0123"", ""ZEntry"": 1.5, ""ZEmaBars"": 30, ""NewsBeforeMin"": 15, ""NewsAfterMin"": 15, ""NewsCloseMode"": 0, ""DailyLossPct"": 8.0, ""MaxSpreadPts"": 25}"
161.21783483513227,161.21783483513227,1.1568603060075182,0.0,0.0,12127.69000001854,464.3583581917745,36.839160097454744,513728.0,88453.0,1127.0,"{""EntryMode"": 0, ""EntryTFMin"": 1, ""GridSpacingPts"": 135, ""TP_Pips"": 13.5, ""MaxLayers"": 2, ""Ladder"": ""step2"", ""MaxHoldSec"": 30, ""StopPips"": 3.0, ""MaxBasketRiskPct"": 5.0, ""AddMinSec"": 15, ""Session"": ""ny_1519"", ""ZEntry"": 1.0, ""ZEmaBars"": 120, ""NewsBeforeMin"": 15, ""NewsAfterMin"": 30, ""NewsCloseMode"": 0, ""DailyLossPct"": 8.0, ""MaxSpreadPts"": 0}"
161.21783483513227,161.21783483513227,1.1568603060075182,0.0,0.0,12127.69000001854,464.3583581917745,36.839160097454744,513728.0,88453.0,1127.0,"{""EntryMode"": 0, ""EntryTFMin"": 1, ""GridSpacingPts"": 150, ""TP_Pips"": 13.5, ""MaxLayers"": 2, ""Ladder"": ""step2"", ""MaxHoldSec"": 30, ""StopPips"": 3.0, ""MaxBasketRiskPct"": 5.0, ""AddMinSec"": 15, ""Session"": ""ny_1519"", ""ZEntry"": 1.5, ""ZEmaBars"": 120, ""NewsBeforeMin"": 15, ""NewsAfterMin"": 30, ""NewsCloseMode"": 0, ""DailyLossPct"": 8.0, ""MaxSpreadPts"": 0}"
161.0048586524797,161.0048586524797,2.895409150730147,0.0,0.0,12078.359999930986,2536.933177390096,57.686175425662995,2790881.0,503155.0,2022.0,"{""EntryMode"": 0, ""EntryTFMin"": 1, ""GridSpacingPts"": 110, ""TP_Pips"": 14.5, ""MaxLayers"": 1, ""Ladder"": ""step2"", ""MaxHoldSec"": 60, ""StopPips"": 2.0, ""MaxBasketRiskPct"": 2.0, ""AddMinSec"": 60, ""Session"": ""allday_0123"", ""ZEntry"": 1.5, ""ZEmaBars"": 30, ""NewsBeforeMin"": 15, ""NewsAfterMin"": 15, ""NewsCloseMode"": 0, ""DailyLossPct"": 8.0, ""MaxSpreadPts"": 25}"
160.98799122540566,160.98799122540566,1.158373295135382,0.0,0.0,12074.460000017954,464.3583581917745,36.83375655564838,513569.0,88449.0,1290.0,"{""EntryMode"": 0, ""EntryTFMin"": 1, ""GridSpacingPts"": 135, ""TP_Pips"": 13.0, ""MaxLayers"": 2, ""Ladder"": ""step2"", ""MaxHoldSec"": 30, ""StopPips"": 3.0, ""MaxBasketRiskPct"": 5.0, ""AddMinSec"": 15, ""Session"": ""ny_1519"", ""ZEntry"": 1.0, ""ZEmaBars"": 120, ""NewsBeforeMin"": 15, ""NewsAfterMin"": 30, ""NewsCloseMode"": 0, ""DailyLossPct"": 8.0, ""MaxSpreadPts"": 0}"
160.59508999353008,160.59508999353008,2.108253588515845,0.0,0.0,11983.899999930294,1397.0089451169345,104.39070508150552,1319678.0,491224.0,4133.0,"{""EntryMode"": 0, ""EntryTFMin"": 1, ""GridSpacingPts"": 135, ""TP_Pips"": 14.0, ""MaxLayers"": 4, ""Ladder"": ""step2"", ""MaxHoldSec"": 120, ""StopPips"": 2.0, ""MaxBasketRiskPct"": 5.0, ""AddMinSec"": 15, ""Session"": ""allday_0123"", ""ZEntry"": 1.0, ""ZEmaBars"": 30, ""NewsBeforeMin"": 15, ""NewsAfterMin"": 30, ""NewsCloseMode"": 0, ""DailyLossPct"": 8.0, ""MaxSpreadPts"": 0}"
159.61617188413874,159.61617188413874,1.1824539097259308,0.0,0.0,11760.630000016583,456.4151877770956,36.911033612938226,506818.0,85434.0,736.0,"{""EntryMode"": 0, ""EntryTFMin"": 1, ""GridSpacingPts"": 125, ""TP_Pips"": 15.0, ""MaxLayers"": 5, ""Ladder"": ""step2"", ""MaxHoldSec"": 30, ""StopPips"": 3.0, ""MaxBasketRiskPct"": 5.0, ""AddMinSec"": 15, ""Session"": ""ny_1519"", ""ZEntry"": 1.0, ""ZEmaBars"": 120, ""NewsBeforeMin"": 15, ""NewsAfterMin"": 60, ""NewsCloseMode"": 0, ""DailyLossPct"": 3.0, ""MaxSpreadPts"": 25}"
159.61617188413874,159.61617188413874,1.1824539097259308,0.0,0.0,11760.630000016583,456.4151877770956,36.911033612938226,506818.0,85434.0,736.0,"{""EntryMode"": 0, ""EntryTFMin"": 1, ""GridSpacingPts"": 150, ""TP_Pips"": 15.0, ""MaxLayers"": 2, ""Ladder"": ""step2"", ""MaxHoldSec"": 30, ""StopPips"": 3.0, ""MaxBasketRiskPct"": 2.0, ""AddMinSec"": 15, ""Session"": ""ny_1519"", ""ZEntry"": 1.0, ""ZEmaBars"": 30, ""NewsBeforeMin"": 15, ""NewsAfterMin"": 60, ""NewsCloseMode"": 0, ""DailyLossPct"": 8.0, ""MaxSpreadPts"": 0}"
159.61617188413874,159.61617188413874,1.1824539097259308,0.0,0.0,11760.630000016583,456.4151877770956,36.911033612938226,506818.0,85434.0,736.0,"{""EntryMode"": 0, ""EntryTFMin"": 1, ""GridSpacingPts"": 150, ""TP_Pips"": 15.0, ""MaxLayers"": 2, ""Ladder"": ""step2"", ""MaxHoldSec"": 30, ""StopPips"": 3.0, ""MaxBasketRiskPct"": 5.0, ""AddMinSec"": 15, ""Session"": ""ny_1519"", ""ZEntry"": 1.0, ""ZEmaBars"": 120, ""NewsBeforeMin"": 15, ""NewsAfterMin"": 60, ""NewsCloseMode"": 0, ""DailyLossPct"": 8.0, ""MaxSpreadPts"": 0}"
159.61617188413874,159.61617188413874,1.1824539097259308,0.0,0.0,11760.630000016583,456.4151877770956,36.911033612938226,506818.0,85434.0,736.0,"{""EntryMode"": 0, ""EntryTFMin"": 1, ""GridSpacingPts"": 150, ""TP_Pips"": 15.0, ""MaxLayers"": 3, ""Ladder"": ""step2"", ""MaxHoldSec"": 30, ""StopPips"": 3.0, ""MaxBasketRiskPct"": 5.0, ""AddMinSec"": 15, ""Session"": ""ny_1519"", ""ZEntry"": 1.0, ""ZEmaBars"": 120, ""NewsBeforeMin"": 15, ""NewsAfterMin"": 60, ""NewsCloseMode"": 0, ""DailyLossPct"": 8.0, ""MaxSpreadPts"": 0}"
159.46052934950984,159.46052934950984,1.1830555908910378,0.0,0.0,11725.440000016602,456.4151877770956,36.90796441086327,506729.0,85433.0,826.0,"{""EntryMode"": 0, ""EntryTFMin"": 1, ""GridSpacingPts"": 145, ""TP_Pips"": 14.5, ""MaxLayers"": 5, ""Ladder"": ""step2"", ""MaxHoldSec"": 30, ""StopPips"": 3.0, ""MaxBasketRiskPct"": 5.0, ""AddMinSec"": 15, ""Session"": ""ny_1519"", ""ZEntry"": 1.0, ""ZEmaBars"": 120, ""NewsBeforeMin"": 15, ""NewsAfterMin"": 60, ""NewsCloseMode"": 0, ""DailyLossPct"": 3.0, ""MaxSpreadPts"": 0}"
159.46052934950984,159.46052934950984,1.1830555908910378,0.0,0.0,11725.440000016602,456.4151877770956,36.90796441086327,506729.0,85433.0,826.0,"{""EntryMode"": 0, ""EntryTFMin"": 1, ""GridSpacingPts"": 150, ""TP_Pips"": 14.5, ""MaxLayers"": 4, ""Ladder"": ""step2"", ""MaxHoldSec"": 30, ""StopPips"": 3.0, ""MaxBasketRiskPct"": 5.0, ""AddMinSec"": 15, ""Session"": ""ny_1519"", ""ZEntry"": 1.25, ""ZEmaBars"": 30, ""NewsBeforeMin"": 15, ""NewsAfterMin"": 60, ""NewsCloseMode"": 0, ""DailyLossPct"": 8.0, ""MaxSpreadPts"": 0}"
159.46052934950984,159.46052934950984,1.1830555908910378,0.0,0.0,11725.440000016602,456.4151877770956,36.90796441086327,506729.0,85433.0,826.0,"{""EntryMode"": 0, ""EntryTFMin"": 1, ""GridSpacingPts"": 150, ""TP_Pips"": 14.5, ""MaxLayers"": 3, ""Ladder"": ""step2"", ""MaxHoldSec"": 30, ""StopPips"": 3.0, ""MaxBasketRiskPct"": 5.0, ""AddMinSec"": 15, ""Session"": ""ny_1519"", ""ZEntry"": 1.25, ""ZEmaBars"": 120, ""NewsBeforeMin"": 15, ""NewsAfterMin"": 60, ""NewsCloseMode"": 0, ""DailyLossPct"": 8.0, ""MaxSpreadPts"": 0}"
159.051714494654,159.051714494654,1.185317359163198,0.0,0.0,11633.410000016405,456.4151877770956,36.9006118168814,506511.0,85433.0,1044.0,"{""EntryMode"": 0, ""EntryTFMin"": 1, ""GridSpacingPts"": 145, ""TP_Pips"": 13.5, ""MaxLayers"": 5, ""Ladder"": ""step2"", ""MaxHoldSec"": 30, ""StopPips"": 3.0, ""MaxBasketRiskPct"": 5.0, ""AddMinSec"": 15, ""Session"": ""ny_1519"", ""ZEntry"": 1.25, ""ZEmaBars"": 120, ""NewsBeforeMin"": 15, ""NewsAfterMin"": 60, ""NewsCloseMode"": 0, ""DailyLossPct"": 8.0, ""MaxSpreadPts"": 0}"
157.93412474667124,157.93412474667124,1.9506101662342303,0.0,0.0,11384.770000000282,2530.9173033628545,39.59602730111271,3223600.0,62245.0,2397.0,"{""EntryMode"": 0, ""EntryTFMin"": 1, ""GridSpacingPts"": 145, ""TP_Pips"": 14.0, ""MaxLayers"": 2, ""Ladder"": ""step2"", ""MaxHoldSec"": 30, ""StopPips"": 5.0, ""MaxBasketRiskPct"": 5.0, ""AddMinSec"": 15, ""Session"": ""allday_0123"", ""ZEntry"": 1.0, ""ZEmaBars"": 30, ""NewsBeforeMin"": 15, ""NewsAfterMin"": 30, ""NewsCloseMode"": 0, ""DailyLossPct"": 8.0, ""MaxSpreadPts"": 0}"
156.94392431436856,156.94392431436856,1.9459355828220455,0.0,0.0,11168.040000000636,2521.128423388641,39.6100776562095,3213329.0,60366.0,1829.0,"{""EntryMode"": 0, ""EntryTFMin"": 1, ""GridSpacingPts"": 150, ""TP_Pips"": 15.0, ""MaxLayers"": 2, ""Ladder"": ""step2"", ""MaxHoldSec"": 30, ""StopPips"": 5.0, ""MaxBasketRiskPct"": 2.0, ""AddMinSec"": 15, ""Session"": ""allday_0123"", ""ZEntry"": 1.25, ""ZEmaBars"": 30, ""NewsBeforeMin"": 15, ""NewsAfterMin"": 60, ""NewsCloseMode"": 0, ""DailyLossPct"": 8.0, ""MaxSpreadPts"": 0}"
154.59676675669917,154.59676675669917,1.0576680936790352,0.0,0.0,10667.469999990668,357.71667725237586,35.11627606734467,360298.0,104144.0,314.0,"{""EntryMode"": 0, ""EntryTFMin"": 1, ""GridSpacingPts"": 140, ""TP_Pips"": 14.5, ""MaxLayers"": 1, ""Ladder"": ""step2"", ""MaxHoldSec"": 30, ""StopPips"": 2.0, ""MaxBasketRiskPct"": 5.0, ""AddMinSec"": 15, ""Session"": ""london_1013"", ""ZEntry"": 1.0, ""ZEmaBars"": 30, ""NewsBeforeMin"": 15, ""NewsAfterMin"": 30, ""NewsCloseMode"": 0, ""DailyLossPct"": 8.0, ""MaxSpreadPts"": 0}"
153.64316329905648,153.64316329905648,2.5786587125944993,0.0,0.0,10469.299999964185,701.9268860515748,211.0586232076581,477417.0,422266.0,12281.0,"{""EntryMode"": 0, ""EntryTFMin"": 1, ""GridSpacingPts"": 100, ""TP_Pips"": 13.0, ""MaxLayers"": 1, ""Ladder"": ""step2"", ""MaxHoldSec"": 300, ""StopPips"": 2.0, ""MaxBasketRiskPct"": 1.0, ""AddMinSec"": 15, ""Session"": ""allday_0123"", ""ZEntry"": 2.0, ""ZEmaBars"": 30, ""NewsBeforeMin"": 15, ""NewsAfterMin"": 15, ""NewsCloseMode"": 0, ""DailyLossPct"": 8.0, ""MaxSpreadPts"": 25}"
144.13893024618295,144.13893024618295,3.130100816130007,0.0,0.0,8650.400000030771,444.4496328094019,337.05642942202655,216572.0,346543.0,14327.0,"{""EntryMode"": 0, ""EntryTFMin"": 1, ""GridSpacingPts"": 135, ""TP_Pips"": 14.5, ""MaxLayers"": 2, ""Ladder"": ""step2"", ""MaxHoldSec"": 600, ""StopPips"": 2.0, ""MaxBasketRiskPct"": 5.0, ""AddMinSec"": 15, ""Session"": ""allday_0123"", ""ZEntry"": 1.0, ""ZEmaBars"": 30, ""NewsBeforeMin"": 15, ""NewsAfterMin"": 30, ""NewsCloseMode"": 0, ""DailyLossPct"": 8.0, ""MaxSpreadPts"": 25}"
143.72483557176193,143.72483557176193,3.1255992329812208,0.0,0.0,8577.330000034137,439.8507526516784,339.728433113884,217116.0,341763.0,12588.0,"{""EntryMode"": 0, ""EntryTFMin"": 1, ""GridSpacingPts"": 115, ""TP_Pips"": 15.0, ""MaxLayers"": 1, ""Ladder"": ""step2"", ""MaxHoldSec"": 600, ""StopPips"": 2.0, ""MaxBasketRiskPct"": 2.0, ""AddMinSec"": 60, ""Session"": ""allday_0123"", ""ZEntry"": 1.0, ""ZEmaBars"": 30, ""NewsBeforeMin"": 15, ""NewsAfterMin"": 60, ""NewsCloseMode"": 0, ""DailyLossPct"": 8.0, ""MaxSpreadPts"": 25}"
138.76970534187714,138.76970534187714,1.366233766233282,0.0,0.0,7740.620000008072,2530.9173033628545,39.76128886031121,3249882.0,36408.0,1952.0,"{""EntryMode"": 0, ""EntryTFMin"": 1, ""GridSpacingPts"": 145, ""TP_Pips"": 15.0, ""MaxLayers"": 1, ""Ladder"": ""step2"", ""MaxHoldSec"": 30, ""StopPips"": 6.0, ""MaxBasketRiskPct"": 5.0, ""AddMinSec"": 15, ""Session"": ""allday_0123"", ""ZEntry"": 1.0, ""ZEmaBars"": 30, ""NewsBeforeMin"": 15, ""NewsAfterMin"": 30, ""NewsCloseMode"": 0, ""DailyLossPct"": 8.0, ""MaxSpreadPts"": 0}"
138.5631109787008,138.5631109787008,0.9339302253777491,0.0,0.0,7707.210000007145,461.59056353952786,38.25959794051638,549618.0,48376.0,1718.0,"{""EntryMode"": 0, ""EntryTFMin"": 1, ""GridSpacingPts"": 115, ""TP_Pips"": 12.0, ""MaxLayers"": 2, ""Ladder"": ""step2"", ""MaxHoldSec"": 30, ""StopPips"": 4.0, ""MaxBasketRiskPct"": 5.0, ""AddMinSec"": 15, ""Session"": ""ny_1519"", ""ZEntry"": 1.25, ""ZEmaBars"": 120, ""NewsBeforeMin"": 30, ""NewsAfterMin"": 30, ""NewsCloseMode"": 0, ""DailyLossPct"": 8.0, ""MaxSpreadPts"": 0}"
138.40395266353568,138.40395266353568,0.925005733506167,0.0,0.0,7681.5500000069305,456.4151877770956,38.33979777010501,545696.0,46533.0,759.0,"{""EntryMode"": 0, ""EntryTFMin"": 1, ""GridSpacingPts"": 150, ""TP_Pips"": 15.0, ""MaxLayers"": 2, ""Ladder"": ""step2"", ""MaxHoldSec"": 30, ""StopPips"": 4.0, ""MaxBasketRiskPct"": 2.0, ""AddMinSec"": 15, ""Session"": ""ny_1519"", ""ZEntry"": 1.0, ""ZEmaBars"": 30, ""NewsBeforeMin"": 15, ""NewsAfterMin"": 60, ""NewsCloseMode"": 0, ""DailyLossPct"": 8.0, ""MaxSpreadPts"": 0}"
138.40395266353568,138.40395266353568,0.925005733506167,0.0,0.0,7681.5500000069305,456.4151877770956,38.33979777010501,545696.0,46533.0,759.0,"{""EntryMode"": 0, ""EntryTFMin"": 1, ""GridSpacingPts"": 150, ""TP_Pips"": 15.0, ""MaxLayers"": 2, ""Ladder"": ""step2"", ""MaxHoldSec"": 30, ""StopPips"": 4.0, ""MaxBasketRiskPct"": 2.0, ""AddMinSec"": 15, ""Session"": ""ny_1519"", ""ZEntry"": 1.25, ""ZEmaBars"": 30, ""NewsBeforeMin"": 15, ""NewsAfterMin"": 60, ""NewsCloseMode"": 0, ""DailyLossPct"": 8.0, ""MaxSpreadPts"": 0}"
138.17763452267985,138.17763452267985,0.9259259259254816,0.0,0.0,7645.180000006846,456.4151877770956,38.33659365804869,545603.0,46533.0,852.0,"{""EntryMode"": 0, ""EntryTFMin"": 1, ""GridSpacingPts"": 150, ""TP_Pips"": 14.5, ""MaxLayers"": 4, ""Ladder"": ""step2"", ""MaxHoldSec"": 30, ""StopPips"": 4.0, ""MaxBasketRiskPct"": 5.0, ""AddMinSec"": 15, ""Session"": ""ny_1519"", ""ZEntry"": 1.25, ""ZEmaBars"": 30, ""NewsBeforeMin"": 15, ""NewsAfterMin"": 60, ""NewsCloseMode"": 0, ""DailyLossPct"": 8.0, ""MaxSpreadPts"": 0}"
137.898987963629,137.898987963629,0.9269899639925071,0.0,0.0,7600.59000000679,456.4151877770956,38.332883633562446,545493.0,46533.0,962.0,"{""EntryMode"": 0, ""EntryTFMin"": 1, ""GridSpacingPts"": 150, ""TP_Pips"": 14.0, ""MaxLayers"": 4, ""Ladder"": ""step2"", ""MaxHoldSec"": 30, ""StopPips"": 4.0, ""MaxBasketRiskPct"": 5.0, ""AddMinSec"": 15, ""Session"": ""ny_1519"", ""ZEntry"": 1.0, ""ZEmaBars"": 120, ""NewsBeforeMin"": 15, ""NewsAfterMin"": 60, ""NewsCloseMode"": 0, ""DailyLossPct"": 3.0, ""MaxSpreadPts"": 0}"
137.58314823517898,137.58314823517898,0.9287688056489249,0.0,0.0,7550.300000006886,456.4151877770956,38.32907242659013,545380.0,46533.0,1075.0,"{""EntryMode"": 0, ""EntryTFMin"": 1, ""GridSpacingPts"": 145, ""TP_Pips"": 13.5, ""MaxLayers"": 6, ""Ladder"": ""step2"", ""MaxHoldSec"": 30, ""StopPips"": 4.0, ""MaxBasketRiskPct"": 5.0, ""AddMinSec"": 15, ""Session"": ""ny_1519"", ""ZEntry"": 1.0, ""ZEmaBars"": 120, ""NewsBeforeMin"": 15, ""NewsAfterMin"": 60, ""NewsCloseMode"": 0, ""DailyLossPct"": 3.0, ""MaxSpreadPts"": 0}"
130.56497411963937,130.56497411963937,2.9434324065199537,0.0,0.0,6499.670000035264,258.5024764003465,587.8641758497215,54567.0,258092.0,23195.0,"{""EntryMode"": 0, ""EntryTFMin"": 1, ""GridSpacingPts"": 130, ""TP_Pips"": 15.0, ""MaxLayers"": 5, ""Ladder"": ""step2"", ""MaxHoldSec"": 1800, ""StopPips"": 2.0, ""MaxBasketRiskPct"": 5.0, ""AddMinSec"": 60, ""Session"": ""allday_0123"", ""ZEntry"": 1.25, ""ZEmaBars"": 30, ""NewsBeforeMin"": 15, ""NewsAfterMin"": 30, ""NewsCloseMode"": 0, ""DailyLossPct"": 8.0, ""MaxSpreadPts"": 0}"
128.07112277527196,128.07112277527196,3.5638985241068206,0.0,0.0,6155.880000007495,2536.933177390096,61.08288749796296,3058211.0,235903.0,1944.0,"{""EntryMode"": 0, ""EntryTFMin"": 1, ""GridSpacingPts"": 110, ""TP_Pips"": 15.0, ""MaxLayers"": 2, ""Ladder"": ""step2"", ""MaxHoldSec"": 60, ""StopPips"": 3.0, ""MaxBasketRiskPct"": 2.0, ""AddMinSec"": 60, ""Session"": ""allday_0123"", ""ZEntry"": 2.0, ""ZEmaBars"": 120, ""NewsBeforeMin"": 15, ""NewsAfterMin"": 15, ""NewsCloseMode"": 0, ""DailyLossPct"": 8.0, ""MaxSpreadPts"": 25}"
119.65175306813967,119.65175306813967,1.0226139008978805,0.0,0.0,5101.060000000459,464.3583581917745,38.99358205116349,573837.0,27940.0,1531.0,"{""EntryMode"": 0, ""EntryTFMin"": 1, ""GridSpacingPts"": 145, ""TP_Pips"": 12.5, ""MaxLayers"": 2, ""Ladder"": ""step2"", ""MaxHoldSec"": 30, ""StopPips"": 5.0, ""MaxBasketRiskPct"": 5.0, ""AddMinSec"": 15, ""Session"": ""ny_1519"", ""ZEntry"": 1.25, ""ZEmaBars"": 120, ""NewsBeforeMin"": 15, ""NewsAfterMin"": 30, ""NewsCloseMode"": 0, ""DailyLossPct"": 8.0, ""MaxSpreadPts"": 0}"
113.12183575486863,113.12183575486863,1.3369739195933674,0.0,0.0,4386.980000004794,675.1741033700428,38.759470409682606,825148.0,51859.0,199.0,"{""EntryMode"": 0, ""EntryTFMin"": 1, ""GridSpacingPts"": 120, ""TP_Pips"": 14.0, ""MaxLayers"": 2, ""Ladder"": ""step2"", ""MaxHoldSec"": 30, ""StopPips"": 2.0, ""MaxBasketRiskPct"": 5.0, ""AddMinSec"": 15, ""Session"": ""asia_0309"", ""ZEntry"": 1.25, ""ZEmaBars"": 30, ""NewsBeforeMin"": 30, ""NewsAfterMin"": 15, ""NewsCloseMode"": 0, ""DailyLossPct"": 8.0, ""MaxSpreadPts"": 25}"
112.61270694403281,112.61270694403281,2.32805967702132,0.0,0.0,4334.860000016359,456.4151877770956,48.88088797737419,429704.0,162588.0,696.0,"{""EntryMode"": 0, ""EntryTFMin"": 1, ""GridSpacingPts"": 140, ""TP_Pips"": 15.0, ""MaxLayers"": 1, ""Ladder"": ""step2"", ""MaxHoldSec"": 60, ""StopPips"": 2.0, ""MaxBasketRiskPct"": 2.0, ""AddMinSec"": 60, ""Session"": ""ny_1519"", ""ZEntry"": 1.0, ""ZEmaBars"": 120, ""NewsBeforeMin"": 15, ""NewsAfterMin"": 60, ""NewsCloseMode"": 0, ""DailyLossPct"": 8.0, ""MaxSpreadPts"": 0}"
112.54837812475836,112.54837812475836,2.3215891441169845,0.0,0.0,4328.310000016407,456.4151877770956,48.8750868481776,429618.0,162587.0,783.0,"{""EntryMode"": 0, ""EntryTFMin"": 1, ""GridSpacingPts"": 145, ""TP_Pips"": 14.5, ""MaxLayers"": 4, ""Ladder"": ""step2"", ""MaxHoldSec"": 60, ""StopPips"": 2.0, ""MaxBasketRiskPct"": 5.0, ""AddMinSec"": 15, ""Session"": ""ny_1519"", ""ZEntry"": 1.0, ""ZEmaBars"": 120, ""NewsBeforeMin"": 15, ""NewsAfterMin"": 60, ""NewsCloseMode"": 0, ""DailyLossPct"": 3.0, ""MaxSpreadPts"": 0}"
112.54837812475836,112.54837812475836,2.3215891441169845,0.0,0.0,4328.310000016407,456.4151877770956,48.8750868481776,429618.0,162587.0,783.0,"{""EntryMode"": 0, ""EntryTFMin"": 1, ""GridSpacingPts"": 125, ""TP_Pips"": 14.5, ""MaxLayers"": 1, ""Ladder"": ""step2"", ""MaxHoldSec"": 60, ""StopPips"": 2.0, ""MaxBasketRiskPct"": 2.0, ""AddMinSec"": 60, ""Session"": ""ny_1519"", ""ZEntry"": 1.25, ""ZEmaBars"": 120, ""NewsBeforeMin"": 15, ""NewsAfterMin"": 60, ""NewsCloseMode"": 0, ""DailyLossPct"": 8.0, ""MaxSpreadPts"": 0}"
104.87185591312618,104.87185591312618,2.817548426611961,0.0,0.0,3601.5400000109294,149.61330925834486,158.11087541785344,69441.0,120817.0,4124.0,"{""EntryMode"": 0, ""EntryTFMin"": 1, ""GridSpacingPts"": 145, ""TP_Pips"": 14.5, ""MaxLayers"": 1, ""Ladder"": ""flat"", ""MaxHoldSec"": 300, ""StopPips"": 2.0, ""MaxBasketRiskPct"": 5.0, ""AddMinSec"": 60, ""Session"": ""ny_1519"", ""ZEntry"": 1.0, ""ZEmaBars"": 120, ""NewsBeforeMin"": 60, ""NewsAfterMin"": 15, ""NewsCloseMode"": 0, ""DailyLossPct"": 8.0, ""MaxSpreadPts"": 0}"
103.47378911777044,103.47378911777044,2.4755455229500516,0.0,0.0,3480.3900000027197,115.88254372996411,35.615244623357206,120668.0,29769.0,121.0,"{""EntryMode"": 1, ""EntryTFMin"": 1, ""GridSpacingPts"": 135, ""TP_Pips"": 12.5, ""MaxLayers"": 2, ""Ladder"": ""step2"", ""MaxHoldSec"": 30, ""StopPips"": 2.0, ""MaxBasketRiskPct"": 5.0, ""AddMinSec"": 15, ""Session"": ""allday_0123"", ""ZEntry"": 1.25, ""ZEmaBars"": 120, ""NewsBeforeMin"": 15, ""NewsAfterMin"": 30, ""NewsCloseMode"": 0, ""DailyLossPct"": 8.0, ""MaxSpreadPts"": 0}"
103.05781297747552,103.05781297747552,1.4675446848538676,0.0,0.0,3444.980000001203,456.4151877770956,39.426329032164006,576362.0,15845.0,781.0,"{""EntryMode"": 0, ""EntryTFMin"": 1, ""GridSpacingPts"": 150, ""TP_Pips"": 15.0, ""MaxLayers"": 2, ""Ladder"": ""step2"", ""MaxHoldSec"": 30, ""StopPips"": 6.0, ""MaxBasketRiskPct"": 2.0, ""AddMinSec"": 15, ""Session"": ""ny_1519"", ""ZEntry"": 1.0, ""ZEmaBars"": 30, ""NewsBeforeMin"": 15, ""NewsAfterMin"": 60, ""NewsCloseMode"": 0, ""DailyLossPct"": 8.0, ""MaxSpreadPts"": 0}"
103.00742072169413,103.00742072169413,3.047794966518724,0.0,0.0,3440.71000000999,145.98731353900837,160.61448924015858,69425.0,116938.0,3308.0,"{""EntryMode"": 0, ""EntryTFMin"": 1, ""GridSpacingPts"": 145, ""TP_Pips"": 15.0, ""MaxLayers"": 2, ""Ladder"": ""step2"", ""MaxHoldSec"": 300, ""StopPips"": 2.0, ""MaxBasketRiskPct"": 5.0, ""AddMinSec"": 60, ""Session"": ""ny_1519"", ""ZEntry"": 1.25, ""ZEmaBars"": 120, ""NewsBeforeMin"": 15, ""NewsAfterMin"": 60, ""NewsCloseMode"": 0, ""DailyLossPct"": 8.0, ""MaxSpreadPts"": 0}"
103.00742072169413,103.00742072169413,3.047794966518724,0.0,0.0,3440.71000000999,145.98731353900837,160.61448924015858,69425.0,116938.0,3308.0,"{""EntryMode"": 0, ""EntryTFMin"": 1, ""GridSpacingPts"": 145, ""TP_Pips"": 15.0, ""MaxLayers"": 2, ""Ladder"": ""flat"", ""MaxHoldSec"": 300, ""StopPips"": 2.0, ""MaxBasketRiskPct"": 1.0, ""AddMinSec"": 60, ""Session"": ""ny_1519"", ""ZEntry"": 1.0, ""ZEmaBars"": 120, ""NewsBeforeMin"": 15, ""NewsAfterMin"": 60, ""NewsCloseMode"": 0, ""DailyLossPct"": 8.0, ""MaxSpreadPts"": 0}"
103.00742072169413,103.00742072169413,3.047794966518724,0.0,0.0,3440.71000000999,145.98731353900837,160.61448924015858,69425.0,116938.0,3308.0,"{""EntryMode"": 0, ""EntryTFMin"": 1, ""GridSpacingPts"": 140, ""TP_Pips"": 15.0, ""MaxLayers"": 1, ""Ladder"": ""step2"", ""MaxHoldSec"": 300, ""StopPips"": 2.0, ""MaxBasketRiskPct"": 5.0, ""AddMinSec"": 60, ""Session"": ""ny_1519"", ""ZEntry"": 1.25, ""ZEmaBars"": 120, ""NewsBeforeMin"": 15, ""NewsAfterMin"": 60, ""NewsCloseMode"": 0, ""DailyLossPct"": 8.0, ""MaxSpreadPts"": 0}"
103.00742072169413,103.00742072169413,3.047794966518724,0.0,0.0,3440.71000000999,145.98731353900837,160.61448924015858,69425.0,116938.0,3308.0,"{""EntryMode"": 0, ""EntryTFMin"": 1, ""GridSpacingPts"": 140, ""TP_Pips"": 15.0, ""MaxLayers"": 2, ""Ladder"": ""step2"", ""MaxHoldSec"": 300, ""StopPips"": 2.0, ""MaxBasketRiskPct"": 5.0, ""AddMinSec"": 15, ""Session"": ""ny_1519"", ""ZEntry"": 1.25, ""ZEmaBars"": 120, ""NewsBeforeMin"": 15, ""NewsAfterMin"": 60, ""NewsCloseMode"": 0, ""DailyLossPct"": 8.0, ""MaxSpreadPts"": 0}"
103.00742072169413,103.00742072169413,3.047794966518724,0.0,0.0,3440.71000000999,145.98731353900837,160.61448924015858,69425.0,116938.0,3308.0,"{""EntryMode"": 0, ""EntryTFMin"": 1, ""GridSpacingPts"": 140, ""TP_Pips"": 15.0, ""MaxLayers"": 2, ""Ladder"": ""flat"", ""MaxHoldSec"": 300, ""StopPips"": 2.0, ""MaxBasketRiskPct"": 5.0, ""AddMinSec"": 60, ""Session"": ""ny_1519"", ""ZEntry"": 1.25, ""ZEmaBars"": 90, ""NewsBeforeMin"": 15, ""NewsAfterMin"": 60, ""NewsCloseMode"": 0, ""DailyLossPct"": 8.0, ""MaxSpreadPts"": 0}"
103.00742072169413,103.00742072169413,3.047794966518724,0.0,0.0,3440.71000000999,145.98731353900837,160.61448924015858,69425.0,116938.0,3308.0,"{""EntryMode"": 0, ""EntryTFMin"": 1, ""GridSpacingPts"": 135, ""TP_Pips"": 15.0, ""MaxLayers"": 2, ""Ladder"": ""step2"", ""MaxHoldSec"": 300, ""StopPips"": 2.0, ""MaxBasketRiskPct"": 5.0, ""AddMinSec"": 15, ""Session"": ""ny_1519"", ""ZEntry"": 1.25, ""ZEmaBars"": 120, ""NewsBeforeMin"": 15, ""NewsAfterMin"": 60, ""NewsCloseMode"": 0, ""DailyLossPct"": 8.0, ""MaxSpreadPts"": 0}"
103.00742072169413,103.00742072169413,3.047794966518724,0.0,0.0,3440.71000000999,145.98731353900837,160.61448924015858,69425.0,116938.0,3308.0,"{""EntryMode"": 0, ""EntryTFMin"": 1, ""GridSpacingPts"": 145, ""TP_Pips"": 15.0, ""MaxLayers"": 2, ""Ladder"": ""flat"", ""MaxHoldSec"": 300, ""StopPips"": 2.0, ""MaxBasketRiskPct"": 5.0, ""AddMinSec"": 60, ""Session"": ""ny_1519"", ""ZEntry"": 1.0, ""ZEmaBars"": 120, ""NewsBeforeMin"": 15, ""NewsAfterMin"": 60, ""NewsCloseMode"": 0, ""DailyLossPct"": 8.0, ""MaxSpreadPts"": 0}"
103.00742072169413,103.00742072169413,3.047794966518724,0.0,0.0,3440.71000000999,145.98731353900837,160.61448924015858,69425.0,116938.0,3308.0,"{""EntryMode"": 0, ""EntryTFMin"": 1, ""GridSpacingPts"": 145, ""TP_Pips"": 15.0, ""MaxLayers"": 1, ""Ladder"": ""step2"", ""MaxHoldSec"": 300, ""StopPips"": 2.0, ""MaxBasketRiskPct"": 5.0, ""AddMinSec"": 60, ""Session"": ""ny_1519"", ""ZEntry"": 1.0, ""ZEmaBars"": 120, ""NewsBeforeMin"": 15, ""NewsAfterMin"": 60, ""NewsCloseMode"": 0, ""DailyLossPct"": 8.0, ""MaxSpreadPts"": 0}"
103.00742072169413,103.00742072169413,3.047794966518724,0.0,0.0,3440.71000000999,145.98731353900837,160.61448924015858,69425.0,116938.0,3308.0,"{""EntryMode"": 0, ""EntryTFMin"": 1, ""GridSpacingPts"": 135, ""TP_Pips"": 15.0, ""MaxLayers"": 1, ""Ladder"": ""step2"", ""MaxHoldSec"": 300, ""StopPips"": 2.0, ""MaxBasketRiskPct"": 2.0, ""AddMinSec"": 60, ""Session"": ""ny_1519"", ""ZEntry"": 1.25, ""ZEmaBars"": 120, ""NewsBeforeMin"": 15, ""NewsAfterMin"": 60, ""NewsCloseMode"": 0, ""DailyLossPct"": 8.0, ""MaxSpreadPts"": 0}"
103.00742072169413,103.00742072169413,3.047794966518724,0.0,0.0,3440.71000000999,145.98731353900837,160.61448924015858,69425.0,116938.0,3308.0,"{""EntryMode"": 0, ""EntryTFMin"": 1, ""GridSpacingPts"": 150, ""TP_Pips"": 15.0, ""MaxLayers"": 1, ""Ladder"": ""step2"", ""MaxHoldSec"": 300, ""StopPips"": 2.0, ""MaxBasketRiskPct"": 5.0, ""AddMinSec"": 60, ""Session"": ""ny_1519"", ""ZEntry"": 1.0, ""ZEmaBars"": 120, ""NewsBeforeMin"": 15, ""NewsAfterMin"": 60, ""NewsCloseMode"": 0, ""DailyLossPct"": 8.0, ""MaxSpreadPts"": 0}"
103.00742072169413,103.00742072169413,3.047794966518724,0.0,0.0,3440.71000000999,145.98731353900837,160.61448924015858,69425.0,116938.0,3308.0,"{""EntryMode"": 0, ""EntryTFMin"": 1, ""GridSpacingPts"": 125, ""TP_Pips"": 15.0, ""MaxLayers"": 2, ""Ladder"": ""flat"", ""MaxHoldSec"": 300, ""StopPips"": 2.0, ""MaxBasketRiskPct"": 5.0, ""AddMinSec"": 60, ""Session"": ""ny_1519"", ""ZEntry"": 1.0, ""ZEmaBars"": 90, ""NewsBeforeMin"": 15, ""NewsAfterMin"": 60, ""NewsCloseMode"": 0, ""DailyLossPct"": 8.0, ""MaxSpreadPts"": 0}"
102.81080283617774,102.81080283617774,3.023824068416096,0.0,0.0,3424.090000009884,144.2839960847754,160.48046936914625,68523.0,115639.0,3296.0,"{""EntryMode"": 0, ""EntryTFMin"": 1, ""GridSpacingPts"": 140, ""TP_Pips"": 15.0, ""MaxLayers"": 1, ""Ladder"": ""flat"", ""MaxHoldSec"": 300, ""StopPips"": 2.0, ""MaxBasketRiskPct"": 5.0, ""AddMinSec"": 60, ""Session"": ""ny_1519"", ""ZEntry"": 1.5, ""ZEmaBars"": 120, ""NewsBeforeMin"": 60, ""NewsAfterMin"": 60, ""NewsCloseMode"": 0, ""DailyLossPct"": 8.0, ""MaxSpreadPts"": 0}"
102.77997530678186,102.77997530678186,2.7906271327804624,0.0,0.0,3421.490000010179,146.10738471969537,160.13510059490065,69012.0,117136.0,3679.0,"{""EntryMode"": 0, ""EntryTFMin"": 1, ""GridSpacingPts"": 75, ""TP_Pips"": 14.5, ""MaxLayers"": 2, ""Ladder"": ""flat"", ""MaxHoldSec"": 300, ""StopPips"": 2.0, ""MaxBasketRiskPct"": 5.0, ""AddMinSec"": 60, ""Session"": ""ny_1519"", ""ZEntry"": 1.0, ""ZEmaBars"": 120, ""NewsBeforeMin"": 15, ""NewsAfterMin"": 60, ""NewsCloseMode"": 2, ""DailyLossPct"": 8.0, ""MaxSpreadPts"": 0}"
102.77997530678186,102.77997530678186,2.7906271327804624,0.0,0.0,3421.490000010179,146.10738471969537,160.13510059490065,69012.0,117136.0,3679.0,"{""EntryMode"": 0, ""EntryTFMin"": 1, ""GridSpacingPts"": 85, ""TP_Pips"": 14.5, ""MaxLayers"": 1, ""Ladder"": ""flat"", ""MaxHoldSec"": 300, ""StopPips"": 2.0, ""MaxBasketRiskPct"": 5.0, ""AddMinSec"": 60, ""Session"": ""ny_1519"", ""ZEntry"": 1.0, ""ZEmaBars"": 30, ""NewsBeforeMin"": 15, ""NewsAfterMin"": 60, ""NewsCloseMode"": 2, ""DailyLossPct"": 8.0, ""MaxSpreadPts"": 0}"
102.77997530678186,102.77997530678186,2.7906271327804624,0.0,0.0,3421.490000010179,146.10738471969537,160.13510059490065,69012.0,117136.0,3679.0,"{""EntryMode"": 0, ""EntryTFMin"": 1, ""GridSpacingPts"": 80, ""TP_Pips"": 14.5, ""MaxLayers"": 2, ""Ladder"": ""flat"", ""MaxHoldSec"": 300, ""StopPips"": 2.0, ""MaxBasketRiskPct"": 5.0, ""AddMinSec"": 60, ""Session"": ""ny_1519"", ""ZEntry"": 1.0, ""ZEmaBars"": 120, ""NewsBeforeMin"": 15, ""NewsAfterMin"": 60, ""NewsCloseMode"": 2, ""DailyLossPct"": 8.0, ""MaxSpreadPts"": 0}"
102.74758622758671,102.74758622758671,2.8083028083011214,0.0,0.0,3418.7600000101565,146.21821965571417,160.23160102002393,69122.0,117168.0,3681.0,"{""EntryMode"": 0, ""EntryTFMin"": 1, ""GridSpacingPts"": 135, ""TP_Pips"": 14.5, ""MaxLayers"": 2, ""Ladder"": ""flat"", ""MaxHoldSec"": 300, ""StopPips"": 2.0, ""MaxBasketRiskPct"": 5.0, ""AddMinSec"": 60, ""Session"": ""ny_1519"", ""ZEntry"": 1.0, ""ZEmaBars"": 90, ""NewsBeforeMin"": 15, ""NewsAfterMin"": 60, ""NewsCloseMode"": 0, ""DailyLossPct"": 8.0, ""MaxSpreadPts"": 0}"
102.74758622758671,102.74758622758671,2.8083028083011214,0.0,0.0,3418.7600000101565,146.21821965571417,160.23160102002393,69122.0,117168.0,3681.0,"{""EntryMode"": 0, ""EntryTFMin"": 1, ""GridSpacingPts"": 150, ""TP_Pips"": 14.5, ""MaxLayers"": 2, ""Ladder"": ""flat"", ""MaxHoldSec"": 300, ""StopPips"": 2.0, ""MaxBasketRiskPct"": 5.0, ""AddMinSec"": 60, ""Session"": ""ny_1519"", ""ZEntry"": 1.25, ""ZEmaBars"": 120, ""NewsBeforeMin"": 15, ""NewsAfterMin"": 60, ""NewsCloseMode"": 0, ""DailyLossPct"": 8.0, ""MaxSpreadPts"": 0}"
102.74758622758671,102.74758622758671,2.8083028083011214,0.0,0.0,3418.7600000101565,146.21821965571417,160.23160102002393,69122.0,117168.0,3681.0,"{""EntryMode"": 0, ""EntryTFMin"": 1, ""GridSpacingPts"": 105, ""TP_Pips"": 14.5, ""MaxLayers"": 2, ""Ladder"": ""flat"", ""MaxHoldSec"": 300, ""StopPips"": 2.0, ""MaxBasketRiskPct"": 5.0, ""AddMinSec"": 60, ""Session"": ""ny_1519"", ""ZEntry"": 1.0, ""ZEmaBars"": 120, ""NewsBeforeMin"": 15, ""NewsAfterMin"": 60, ""NewsCloseMode"": 0, ""DailyLossPct"": 8.0, ""MaxSpreadPts"": 0}"
102.74758622758671,102.74758622758671,2.8083028083011214,0.0,0.0,3418.7600000101565,146.21821965571417,160.23160102002393,69122.0,117168.0,3681.0,"{""EntryMode"": 0, ""EntryTFMin"": 1, ""GridSpacingPts"": 145, ""TP_Pips"": 14.5, ""MaxLayers"": 1, ""Ladder"": ""step2"", ""MaxHoldSec"": 300, ""StopPips"": 2.0, ""MaxBasketRiskPct"": 5.0, ""AddMinSec"": 60, ""Session"": ""ny_1519"", ""ZEntry"": 1.0, ""ZEmaBars"": 120, ""NewsBeforeMin"": 15, ""NewsAfterMin"": 60, ""NewsCloseMode"": 0, ""DailyLossPct"": 8.0, ""MaxSpreadPts"": 0}"
102.74758622758671,102.74758622758671,2.8083028083011214,0.0,0.0,3418.7600000101565,146.21821965571417,160.23160102002393,69122.0,117168.0,3681.0,"{""EntryMode"": 0, ""EntryTFMin"": 1, ""GridSpacingPts"": 135, ""TP_Pips"": 14.5, ""MaxLayers"": 1, ""Ladder"": ""step1"", ""MaxHoldSec"": 300, ""StopPips"": 2.0, ""MaxBasketRiskPct"": 5.0, ""AddMinSec"": 60, ""Session"": ""ny_1519"", ""ZEntry"": 1.5, ""ZEmaBars"": 120, ""NewsBeforeMin"": 15, ""NewsAfterMin"": 60, ""NewsCloseMode"": 0, ""DailyLossPct"": 8.0, ""MaxSpreadPts"": 0}"
102.74758622758671,102.74758622758671,2.8083028083011214,0.0,0.0,3418.7600000101565,146.21821965571417,160.23160102002393,69122.0,117168.0,3681.0,"{""EntryMode"": 0, ""EntryTFMin"": 1, ""GridSpacingPts"": 140, ""TP_Pips"": 14.5, ""MaxLayers"": 2, ""Ladder"": ""flat"", ""MaxHoldSec"": 300, ""StopPips"": 2.0, ""MaxBasketRiskPct"": 5.0, ""AddMinSec"": 60, ""Session"": ""ny_1519"", ""ZEntry"": 1.5, ""ZEmaBars"": 90, ""NewsBeforeMin"": 15, ""NewsAfterMin"": 60, ""NewsCloseMode"": 0, ""DailyLossPct"": 8.0, ""MaxSpreadPts"": 0}"
102.61841757969243,102.61841757969243,3.1891355764078493,0.0,0.0,3407.890000009986,146.47760419348032,159.79661228734312,68736.0,117425.0,4147.0,"{""EntryMode"": 0, ""EntryTFMin"": 1, ""GridSpacingPts"": 135, ""TP_Pips"": 14.0, ""MaxLayers"": 2, ""Ladder"": ""flat"", ""MaxHoldSec"": 300, ""StopPips"": 2.0, ""MaxBasketRiskPct"": 5.0, ""AddMinSec"": 60, ""Session"": ""ny_1519"", ""ZEntry"": 1.0, ""ZEmaBars"": 90, ""NewsBeforeMin"": 15, ""NewsAfterMin"": 60, ""NewsCloseMode"": 0, ""DailyLossPct"": 8.0, ""MaxSpreadPts"": 0}"
102.61841757969243,102.61841757969243,3.1891355764078493,0.0,0.0,3407.890000009986,146.47760419348032,159.79661228734312,68736.0,117425.0,4147.0,"{""EntryMode"": 0, ""EntryTFMin"": 1, ""GridSpacingPts"": 105, ""TP_Pips"": 14.0, ""MaxLayers"": 2, ""Ladder"": ""step1"", ""MaxHoldSec"": 300, ""StopPips"": 2.0, ""MaxBasketRiskPct"": 5.0, ""AddMinSec"": 60, ""Session"": ""ny_1519"", ""ZEntry"": 1.0, ""ZEmaBars"": 120, ""NewsBeforeMin"": 15, ""NewsAfterMin"": 60, ""NewsCloseMode"": 0, ""DailyLossPct"": 8.0, ""MaxSpreadPts"": 0}"
102.61841757969243,102.61841757969243,3.1891355764078493,0.0,0.0,3407.890000009986,146.47760419348032,159.79661228734312,68736.0,117425.0,4147.0,"{""EntryMode"": 0, ""EntryTFMin"": 1, ""GridSpacingPts"": 150, ""TP_Pips"": 14.0, ""MaxLayers"": 2, ""Ladder"": ""step2"", ""MaxHoldSec"": 300, ""StopPips"": 2.0, ""MaxBasketRiskPct"": 5.0, ""AddMinSec"": 60, ""Session"": ""ny_1519"", ""ZEntry"": 1.0, ""ZEmaBars"": 120, ""NewsBeforeMin"": 15, ""NewsAfterMin"": 60, ""NewsCloseMode"": 0, ""DailyLossPct"": 8.0, ""MaxSpreadPts"": 0}"
102.59973397937863,102.59973397937863,3.301922352052537,0.0,0.0,3406.320000010264,147.12183225908944,158.7231704026593,67854.0,118026.0,5265.0,"{""EntryMode"": 0, ""EntryTFMin"": 1, ""GridSpacingPts"": 150, ""TP_Pips"": 13.0, ""MaxLayers"": 1, ""Ladder"": ""flat"", ""MaxHoldSec"": 300, ""StopPips"": 2.0, ""MaxBasketRiskPct"": 5.0, ""AddMinSec"": 60, ""Session"": ""ny_1519"", ""ZEntry"": 1.25, ""ZEmaBars"": 120, ""NewsBeforeMin"": 15, ""NewsAfterMin"": 60, ""NewsCloseMode"": 0, ""DailyLossPct"": 8.0, ""MaxSpreadPts"": 0}"
102.59830565015045,102.59830565015045,3.156384505019659,0.0,0.0,3406.200000009935,145.56783409365954,159.77229979277396,68290.0,116701.0,4135.0,"{""EntryMode"": 0, ""EntryTFMin"": 1, ""GridSpacingPts"": 135, ""TP_Pips"": 14.0, ""MaxLayers"": 1, ""Ladder"": ""step1"", ""MaxHoldSec"": 300, ""StopPips"": 2.0, ""MaxBasketRiskPct"": 5.0, ""AddMinSec"": 60, ""Session"": ""ny_1519"", ""ZEntry"": 1.5, ""ZEmaBars"": 120, ""NewsBeforeMin"": 30, ""NewsAfterMin"": 60, ""NewsCloseMode"": 0, ""DailyLossPct"": 8.0, ""MaxSpreadPts"": 0}"
102.39411694538667,102.39411694538667,3.2764811490108423,0.0,0.0,3389.080000010131,145.41543605663372,158.57567699372817,66965.0,116724.0,5239.0,"{""EntryMode"": 0, ""EntryTFMin"": 1, ""GridSpacingPts"": 145, ""TP_Pips"": 13.0, ""MaxLayers"": 1, ""Ladder"": ""flat"", ""MaxHoldSec"": 300, ""StopPips"": 2.0, ""MaxBasketRiskPct"": 5.0, ""AddMinSec"": 60, ""Session"": ""ny_1519"", ""ZEntry"": 1.5, ""ZEmaBars"": 120, ""NewsBeforeMin"": 60, ""NewsAfterMin"": 60, ""NewsCloseMode"": 0, ""DailyLossPct"": 8.0, ""MaxSpreadPts"": 0}"
102.38551150709343,102.38551150709343,3.351286654696009,0.0,0.0,3388.3600000100287,147.54823888793948,158.03016987327203,67335.0,118434.0,5930.0,"{""EntryMode"": 0, ""EntryTFMin"": 1, ""GridSpacingPts"": 140, ""TP_Pips"": 12.5, ""MaxLayers"": 2, ""Ladder"": ""flat"", ""MaxHoldSec"": 300, ""StopPips"": 2.0, ""MaxBasketRiskPct"": 5.0, ""AddMinSec"": 60, ""Session"": ""ny_1519"", ""ZEntry"": 1.0, ""ZEmaBars"": 90, ""NewsBeforeMin"": 15, ""NewsAfterMin"": 60, ""NewsCloseMode"": 0, ""DailyLossPct"": 8.0, ""MaxSpreadPts"": 0}"
102.18886152814855,102.18886152814855,3.2583513937655155,0.0,0.0,3371.9400000101396,148.06238984113767,157.18348316604641,66699.0,118923.0,6745.0,"{""EntryMode"": 0, ""EntryTFMin"": 1, ""GridSpacingPts"": 135, ""TP_Pips"": 12.0, ""MaxLayers"": 1, ""Ladder"": ""flat"", ""MaxHoldSec"": 300, ""StopPips"": 2.0, ""MaxBasketRiskPct"": 5.0, ""AddMinSec"": 60, ""Session"": ""ny_1519"", ""ZEntry"": 1.25, ""ZEmaBars"": 120, ""NewsBeforeMin"": 15, ""NewsAfterMin"": 60, ""NewsCloseMode"": 0, ""DailyLossPct"": 8.0, ""MaxSpreadPts"": 0}"
94.76645528218384,94.76645528218384,1.1659360134316181,0.0,0.0,2797.1300000020087,886.8950005257977,39.56882007807473,1128315.0,23657.0,308.0,"{""EntryMode"": 0, ""EntryTFMin"": 1, ""GridSpacingPts"": 115, ""TP_Pips"": 13.5, ""MaxLayers"": 1, ""Ladder"": ""step2"", ""MaxHoldSec"": 30, ""StopPips"": 3.0, ""MaxBasketRiskPct"": 1.0, ""AddMinSec"": 60, ""Session"": ""asia_0109"", ""ZEntry"": 1.25, ""ZEmaBars"": 30, ""NewsBeforeMin"": 15, ""NewsAfterMin"": 15, ""NewsCloseMode"": 0, ""DailyLossPct"": 8.0, ""MaxSpreadPts"": 25}"
94.35645537511147,94.35645537511147,1.1670245541966546,0.0,0.0,2767.830000001999,886.8950005257977,39.56763980939017,1128250.0,23654.0,376.0,"{""EntryMode"": 0, ""EntryTFMin"": 1, ""GridSpacingPts"": 150, ""TP_Pips"": 12.5, ""MaxLayers"": 5, ""Ladder"": ""step2"", ""MaxHoldSec"": 30, ""StopPips"": 3.0, ""MaxBasketRiskPct"": 5.0, ""AddMinSec"": 15, ""Session"": ""asia_0109"", ""ZEntry"": 1.0, ""ZEmaBars"": 120, ""NewsBeforeMin"": 15, ""NewsAfterMin"": 15, ""NewsCloseMode"": 0, ""DailyLossPct"": 3.0, ""MaxSpreadPts"": 0}"
92.08943951606317,92.08943951606317,3.333880768597626,0.0,0.0,2610.2200000049816,89.16131821771525,271.1828996342167,15681.0,90572.0,9588.0,"{""EntryMode"": 0, ""EntryTFMin"": 1, ""GridSpacingPts"": 125, ""TP_Pips"": 13.5, ""MaxLayers"": 2, ""Ladder"": ""step2"", ""MaxHoldSec"": 900, ""StopPips"": 2.0, ""MaxBasketRiskPct"": 5.0, ""AddMinSec"": 15, ""Session"": ""ny_1519"", ""ZEntry"": 1.25, ""ZEmaBars"": 120, ""NewsBeforeMin"": 30, ""NewsAfterMin"": 30, ""NewsCloseMode"": 0, ""DailyLossPct"": 8.0, ""MaxSpreadPts"": 0}"
88.77658907175831,88.77658907175831,3.6624203821639534,0.0,0.0,2392.890000005205,126.90061393210839,196.18682643331087,79570.0,80143.0,5160.0,"{""EntryMode"": 0, ""EntryTFMin"": 1, ""GridSpacingPts"": 145, ""TP_Pips"": 13.5, ""MaxLayers"": 1, ""Ladder"": ""flat"", ""MaxHoldSec"": 300, ""StopPips"": 3.0, ""MaxBasketRiskPct"": 5.0, ""AddMinSec"": 60, ""Session"": ""ny_1519"", ""ZEntry"": 1.0, ""ZEmaBars"": 120, ""NewsBeforeMin"": 60, ""NewsAfterMin"": 15, ""NewsCloseMode"": 0, ""DailyLossPct"": 8.0, ""MaxSpreadPts"": 0}"
87.4725023933595,87.4725023933595,3.6259712422947983,0.0,0.0,2311.4200000045535,123.29847851149817,200.3239261076455,80200.0,76685.0,3308.0,"{""EntryMode"": 0, ""EntryTFMin"": 1, ""GridSpacingPts"": 140, ""TP_Pips"": 15.0, ""MaxLayers"": 1, ""Ladder"": ""step2"", ""MaxHoldSec"": 300, ""StopPips"": 3.0, ""MaxBasketRiskPct"": 2.0, ""AddMinSec"": 60, ""Session"": ""ny_1519"", ""ZEntry"": 1.25, ""ZEmaBars"": 120, ""NewsBeforeMin"": 15, ""NewsAfterMin"": 60, ""NewsCloseMode"": 0, ""DailyLossPct"": 8.0, ""MaxSpreadPts"": 0}"
87.4725023933595,87.4725023933595,3.6259712422947983,0.0,0.0,2311.4200000045535,123.29847851149817,200.3239261076455,80200.0,76685.0,3308.0,"{""EntryMode"": 0, ""EntryTFMin"": 1, ""GridSpacingPts"": 140, ""TP_Pips"": 15.0, ""MaxLayers"": 2, ""Ladder"": ""flat"", ""MaxHoldSec"": 300, ""StopPips"": 3.0, ""MaxBasketRiskPct"": 5.0, ""AddMinSec"": 60, ""Session"": ""ny_1519"", ""ZEntry"": 1.0, ""ZEmaBars"": 120, ""NewsBeforeMin"": 15, ""NewsAfterMin"": 60, ""NewsCloseMode"": 0, ""DailyLossPct"": 8.0, ""MaxSpreadPts"": 0}"
87.4725023933595,87.4725023933595,3.6259712422947983,0.0,0.0,2311.4200000045535,123.29847851149817,200.3239261076455,80200.0,76685.0,3308.0,"{""EntryMode"": 0, ""EntryTFMin"": 1, ""GridSpacingPts"": 140, ""TP_Pips"": 15.0, ""MaxLayers"": 2, ""Ladder"": ""step2"", ""MaxHoldSec"": 300, ""StopPips"": 3.0, ""MaxBasketRiskPct"": 5.0, ""AddMinSec"": 60, ""Session"": ""ny_1519"", ""ZEntry"": 1.25, ""ZEmaBars"": 90, ""NewsBeforeMin"": 15, ""NewsAfterMin"": 60, ""NewsCloseMode"": 0, ""DailyLossPct"": 8.0, ""MaxSpreadPts"": 0}"
87.4725023933595,87.4725023933595,3.6259712422947983,0.0,0.0,2311.4200000045535,123.29847851149817,200.3239261076455,80200.0,76685.0,3308.0,"{""EntryMode"": 0, ""EntryTFMin"": 1, ""GridSpacingPts"": 140, ""TP_Pips"": 15.0, ""MaxLayers"": 3, ""Ladder"": ""step2"", ""MaxHoldSec"": 300, ""StopPips"": 3.0, ""MaxBasketRiskPct"": 5.0, ""AddMinSec"": 60, ""Session"": ""ny_1519"", ""ZEntry"": 1.25, ""ZEmaBars"": 120, ""NewsBeforeMin"": 15, ""NewsAfterMin"": 60, ""NewsCloseMode"": 0, ""DailyLossPct"": 8.0, ""MaxSpreadPts"": 0}"
87.45220920879633,87.45220920879633,3.5037283262943726,0.0,0.0,2310.170000004518,122.55111238042711,200.2631856636391,79687.0,76234.0,3301.0,"{""EntryMode"": 0, ""EntryTFMin"": 1, ""GridSpacingPts"": 120, ""TP_Pips"": 15.0, ""MaxLayers"": 2, ""Ladder"": ""flat"", ""MaxHoldSec"": 300, ""StopPips"": 3.0, ""MaxBasketRiskPct"": 5.0, ""AddMinSec"": 60, ""Session"": ""ny_1519"", ""ZEntry"": 1.0, ""ZEmaBars"": 90, ""NewsBeforeMin"": 30, ""NewsAfterMin"": 60, ""NewsCloseMode"": 0, ""DailyLossPct"": 8.0, ""MaxSpreadPts"": 0}"
87.27324941820036,87.27324941820036,3.5030988951749475,0.0,0.0,2299.170000004447,121.88148464198035,200.12544858772236,79179.0,75877.0,3296.0,"{""EntryMode"": 0, ""EntryTFMin"": 1, ""GridSpacingPts"": 135, ""TP_Pips"": 15.0, ""MaxLayers"": 1, ""Ladder"": ""flat"", ""MaxHoldSec"": 300, ""StopPips"": 3.0, ""MaxBasketRiskPct"": 5.0, ""AddMinSec"": 60, ""Session"": ""ny_1519"", ""ZEntry"": 1.75, ""ZEmaBars"": 120, ""NewsBeforeMin"": 60, ""NewsAfterMin"": 60, ""NewsCloseMode"": 0, ""DailyLossPct"": 8.0, ""MaxSpreadPts"": 0}"
87.21746963545189,87.21746963545189,3.776087725501541,0.0,0.0,2295.750000004546,123.48089434369574,199.89784979342133,79908.0,76831.0,3691.0,"{""EntryMode"": 0, ""EntryTFMin"": 1, ""GridSpacingPts"": 130, ""TP_Pips"": 14.5, ""MaxLayers"": 2, ""Ladder"": ""step2"", ""MaxHoldSec"": 300, ""StopPips"": 3.0, ""MaxBasketRiskPct"": 5.0, ""AddMinSec"": 15, ""Session"": ""ny_1519"", ""ZEntry"": 1.5, ""ZEmaBars"": 120, ""NewsBeforeMin"": 15, ""NewsAfterMin"": 60, ""NewsCloseMode"": 0, ""DailyLossPct"": 8.0, ""MaxSpreadPts"": 0}"
87.21746963545189,87.21746963545189,3.776087725501541,0.0,0.0,2295.750000004546,123.48089434369574,199.89784979342133,79908.0,76831.0,3691.0,"{""EntryMode"": 0, ""EntryTFMin"": 1, ""GridSpacingPts"": 125, ""TP_Pips"": 14.5, ""MaxLayers"": 1, ""Ladder"": ""step1"", ""MaxHoldSec"": 300, ""StopPips"": 3.0, ""MaxBasketRiskPct"": 5.0, ""AddMinSec"": 30, ""Session"": ""ny_1519"", ""ZEntry"": 1.75, ""ZEmaBars"": 120, ""NewsBeforeMin"": 15, ""NewsAfterMin"": 60, ""NewsCloseMode"": 0, ""DailyLossPct"": 8.0, ""MaxSpreadPts"": 0}"
87.10309292478944,87.10309292478944,3.5307617618480447,0.0,0.0,2288.750000004525,123.69640671928781,199.3962691201115,79556.0,77013.0,4141.0,"{""EntryMode"": 0, ""EntryTFMin"": 1, ""GridSpacingPts"": 150, ""TP_Pips"": 14.0, ""MaxLayers"": 2, ""Ladder"": ""flat"", ""MaxHoldSec"": 300, ""StopPips"": 3.0, ""MaxBasketRiskPct"": 5.0, ""AddMinSec"": 60, ""Session"": ""ny_1519"", ""ZEntry"": 1.25, ""ZEmaBars"": 120, ""NewsBeforeMin"": 15, ""NewsAfterMin"": 60, ""NewsCloseMode"": 0, ""DailyLossPct"": 8.0, ""MaxSpreadPts"": 0}"
86.30617414852647,86.30617414852647,4.280391647169397,0.0,0.0,2240.4500000041326,124.5453715417094,197.44280242149844,78266.0,77711.0,5836.0,"{""EntryMode"": 0, ""EntryTFMin"": 1, ""GridSpacingPts"": 150, ""TP_Pips"": 12.5, ""MaxLayers"": 1, ""Ladder"": ""flat"", ""MaxHoldSec"": 300, ""StopPips"": 3.0, ""MaxBasketRiskPct"": 5.0, ""AddMinSec"": 60, ""Session"": ""ny_1519"", ""ZEntry"": 1.5, ""ZEmaBars"": 120, ""NewsBeforeMin"": 15, ""NewsAfterMin"": 60, ""NewsCloseMode"": 0, ""DailyLossPct"": 8.0, ""MaxSpreadPts"": 0}"
85.50859900037928,85.50859900037928,2.0053475935827545,0.0,0.0,2192.9300000004587,465.5051919047466,39.505057887326565,590404.0,14140.0,254.0,"{""EntryMode"": 0, ""EntryTFMin"": 1, ""GridSpacingPts"": 150, ""TP_Pips"": 15.0, ""MaxLayers"": 3, ""Ladder"": ""step2"", ""MaxHoldSec"": 30, ""StopPips"": 4.0, ""MaxBasketRiskPct"": 5.0, ""AddMinSec"": 15, ""Session"": ""lateny_1923"", ""ZEntry"": 1.0, ""ZEmaBars"": 120, ""NewsBeforeMin"": 15, ""NewsAfterMin"": 60, ""NewsCloseMode"": 0, ""DailyLossPct"": 8.0, ""MaxSpreadPts"": 0}"
84.89443394633558,84.89443394633558,3.5005903187680016,0.0,0.0,2156.8900000051335,183.58729589632236,110.39266220021308,7176.0,152092.0,79254.0,"{""EntryMode"": 0, ""EntryTFMin"": 1, ""GridSpacingPts"": 105, ""TP_Pips"": 4.0, ""MaxLayers"": 4, ""Ladder"": ""flat"", ""MaxHoldSec"": 600, ""StopPips"": 2.0, ""MaxBasketRiskPct"": 1.0, ""AddMinSec"": 60, ""Session"": ""ny_1519"", ""ZEntry"": 2.0, ""ZEmaBars"": 60, ""NewsBeforeMin"": 60, ""NewsAfterMin"": 15, ""NewsCloseMode"": 2, ""DailyLossPct"": 8.0, ""MaxSpreadPts"": 25}"
84.73668496272285,84.73668496272285,1.8837930212224463,0.0,0.0,2147.7100000023997,107.37827145169014,180.75290654456862,57597.0,80251.0,1661.0,"{""EntryMode"": 0, ""EntryTFMin"": 1, ""GridSpacingPts"": 130, ""TP_Pips"": 14.5, ""MaxLayers"": 2, ""Ladder"": ""step2"", ""MaxHoldSec"": 300, ""StopPips"": 2.0, ""MaxBasketRiskPct"": 5.0, ""AddMinSec"": 15, ""Session"": ""london_1013"", ""ZEntry"": 1.25, ""ZEmaBars"": 120, ""NewsBeforeMin"": 15, ""NewsAfterMin"": 60, ""NewsCloseMode"": 0, ""DailyLossPct"": 8.0, ""MaxSpreadPts"": 0}"
77.45820697173922,77.45820697173922,3.940342478363114,0.0,0.0,1756.8800000025592,90.61371769179462,270.85872159963435,27959.0,73635.0,16134.0,"{""EntryMode"": 0, ""EntryTFMin"": 1, ""GridSpacingPts"": 140, ""TP_Pips"": 10.0, ""MaxLayers"": 2, ""Ladder"": ""step2"", ""MaxHoldSec"": 600, ""StopPips"": 3.0, ""MaxBasketRiskPct"": 5.0, ""AddMinSec"": 15, ""Session"": ""ny_1519"", ""ZEntry"": 1.0, ""ZEmaBars"": 120, ""NewsBeforeMin"": 30, ""NewsAfterMin"": 30, ""NewsCloseMode"": 0, ""DailyLossPct"": 8.0, ""MaxSpreadPts"": 0}"
77.41857082273287,77.41857082273287,7.298274333260204,0.0,0.0,1754.9200000012463,90.55060335322838,167.69840123071202,45603.0,69812.0,2231.0,"{""EntryMode"": 0, ""EntryTFMin"": 5, ""GridSpacingPts"": 25, ""TP_Pips"": 14.0, ""MaxLayers"": 1, ""Ladder"": ""flat"", ""MaxHoldSec"": 300, ""StopPips"": 2.0, ""MaxBasketRiskPct"": 1.0, ""AddMinSec"": 30, ""Session"": ""ny_1519"", ""ZEntry"": 1.5, ""ZEmaBars"": 90, ""NewsBeforeMin"": 30, ""NewsAfterMin"": 60, ""NewsCloseMode"": 2, ""DailyLossPct"": 3.0, ""MaxSpreadPts"": 25}"
76.0689964469222,76.0689964469222,2.344856528352198,0.0,0.0,1689.2200000002401,37.20744195891414,33.47800004137975,34322.0,13982.0,37.0,"{""EntryMode"": 1, ""EntryTFMin"": 1, ""GridSpacingPts"": 120, ""TP_Pips"": 14.5, ""MaxLayers"": 4, ""Ladder"": ""step2"", ""MaxHoldSec"": 30, ""StopPips"": 2.0, ""MaxBasketRiskPct"": 5.0, ""AddMinSec"": 15, ""Session"": ""ny_1519"", ""ZEntry"": 1.0, ""ZEmaBars"": 120, ""NewsBeforeMin"": 15, ""NewsAfterMin"": 60, ""NewsCloseMode"": 0, ""DailyLossPct"": 3.0, ""MaxSpreadPts"": 0}"
75.52668335970532,75.52668335970532,0.9573958831976797,0.0,0.0,1663.3800000006454,520.1668272254508,39.6595227106525,664613.0,9098.0,2105.0,"{""EntryMode"": 0, ""EntryTFMin"": 5, ""GridSpacingPts"": 125, ""TP_Pips"": 10.0, ""MaxLayers"": 6, ""Ladder"": ""step1"", ""MaxHoldSec"": 30, ""StopPips"": 6.0, ""MaxBasketRiskPct"": 5.0, ""AddMinSec"": 15, ""Session"": ""allday_0123"", ""ZEntry"": 3.0, ""ZEmaBars"": 120, ""NewsBeforeMin"": 60, ""NewsAfterMin"": 30, ""NewsCloseMode"": 0, ""DailyLossPct"": 8.0, ""MaxSpreadPts"": 25}"
75.19239296632531,75.19239296632531,0.6783404322447564,0.0,0.0,1647.6100000004162,886.8950005257977,39.811747144390125,1141804.0,10223.0,253.0,"{""EntryMode"": 0, ""EntryTFMin"": 1, ""GridSpacingPts"": 135, ""TP_Pips"": 15.0, ""MaxLayers"": 5, ""Ladder"": ""step2"", ""MaxHoldSec"": 30, ""StopPips"": 4.0, ""MaxBasketRiskPct"": 5.0, ""AddMinSec"": 60, ""Session"": ""asia_0109"", ""ZEntry"": 1.25, ""ZEmaBars"": 30, ""NewsBeforeMin"": 15, ""NewsAfterMin"": 30, ""NewsCloseMode"": 0, ""DailyLossPct"": 8.0, ""MaxSpreadPts"": 0}"
74.91360584224489,74.91360584224489,0.6792333614152549,0.0,0.0,1634.55000000042,886.8950005257977,39.811330578972076,1141780.0,10223.0,277.0,"{""EntryMode"": 0, ""EntryTFMin"": 1, ""GridSpacingPts"": 110, ""TP_Pips"": 14.5, ""MaxLayers"": 1, ""Ladder"": ""step2"", ""MaxHoldSec"": 30, ""StopPips"": 4.0, ""MaxBasketRiskPct"": 1.0, ""AddMinSec"": 15, ""Session"": ""asia_0109"", ""ZEntry"": 1.5, ""ZEmaBars"": 30, ""NewsBeforeMin"": 15, ""NewsAfterMin"": 15, ""NewsCloseMode"": 0, ""DailyLossPct"": 8.0, ""MaxSpreadPts"": 25}"
74.79631009196805,74.79631009196805,2.5722994572885436,0.0,0.0,1629.0800000021377,111.22593704306416,228.5758957831373,88357.0,52948.0,3203.0,"{""EntryMode"": 0, ""EntryTFMin"": 1, ""GridSpacingPts"": 120, ""TP_Pips"": 15.0, ""MaxLayers"": 2, ""Ladder"": ""flat"", ""MaxHoldSec"": 300, ""StopPips"": 4.0, ""MaxBasketRiskPct"": 5.0, ""AddMinSec"": 60, ""Session"": ""ny_1519"", ""ZEntry"": 1.0, ""ZEmaBars"": 90, ""NewsBeforeMin"": 15, ""NewsAfterMin"": 60, ""NewsCloseMode"": 0, ""DailyLossPct"": 8.0, ""MaxSpreadPts"": 0}"
74.79631009196805,74.79631009196805,2.5722994572885436,0.0,0.0,1629.0800000021377,111.22593704306416,228.5758957831373,88357.0,52948.0,3203.0,"{""EntryMode"": 0, ""EntryTFMin"": 1, ""GridSpacingPts"": 150, ""TP_Pips"": 15.0, ""MaxLayers"": 2, ""Ladder"": ""flat"", ""MaxHoldSec"": 300, ""StopPips"": 4.0, ""MaxBasketRiskPct"": 5.0, ""AddMinSec"": 0, ""Session"": ""ny_1519"", ""ZEntry"": 1.5, ""ZEmaBars"": 120, ""NewsBeforeMin"": 15, ""NewsAfterMin"": 60, ""NewsCloseMode"": 0, ""DailyLossPct"": 8.0, ""MaxSpreadPts"": 0}"
74.79631009196805,74.79631009196805,2.5722994572885436,0.0,0.0,1629.0800000021377,111.22593704306416,228.5758957831373,88357.0,52948.0,3203.0,"{""EntryMode"": 0, ""EntryTFMin"": 1, ""GridSpacingPts"": 130, ""TP_Pips"": 15.0, ""MaxLayers"": 1, ""Ladder"": ""step2"", ""MaxHoldSec"": 300, ""StopPips"": 4.0, ""MaxBasketRiskPct"": 5.0, ""AddMinSec"": 60, ""Session"": ""ny_1519"", ""ZEntry"": 1.0, ""ZEmaBars"": 120, ""NewsBeforeMin"": 15, ""NewsAfterMin"": 60, ""NewsCloseMode"": 0, ""DailyLossPct"": 8.0, ""MaxSpreadPts"": 0}"
74.13862702275122,74.13862702275122,2.5878833208667644,0.0,0.0,1598.6800000022347,111.54458748411814,227.65819251338337,87781.0,53176.0,3965.0,"{""EntryMode"": 0, ""EntryTFMin"": 1, ""GridSpacingPts"": 115, ""TP_Pips"": 14.0, ""MaxLayers"": 2, ""Ladder"": ""flat"", ""MaxHoldSec"": 300, ""StopPips"": 4.0, ""MaxBasketRiskPct"": 5.0, ""AddMinSec"": 60, ""Session"": ""ny_1519"", ""ZEntry"": 1.25, ""ZEmaBars"": 90, ""NewsBeforeMin"": 15, ""NewsAfterMin"": 60, ""NewsCloseMode"": 0, ""DailyLossPct"": 8.0, ""MaxSpreadPts"": 0}"
73.73062007762763,73.73062007762763,2.6365180087568856,0.0,0.0,1580.0500000021068,111.7277730033714,227.11439505672755,87397.0,53330.0,4433.0,"{""EntryMode"": 0, ""EntryTFMin"": 1, ""GridSpacingPts"": 140, ""TP_Pips"": 13.5, ""MaxLayers"": 2, ""Ladder"": ""step2"", ""MaxHoldSec"": 300, ""StopPips"": 4.0, ""MaxBasketRiskPct"": 5.0, ""AddMinSec"": 15, ""Session"": ""ny_1519"", ""ZEntry"": 1.25, ""ZEmaBars"": 120, ""NewsBeforeMin"": 15, ""NewsAfterMin"": 60, ""NewsCloseMode"": 0, ""DailyLossPct"": 8.0, ""MaxSpreadPts"": 0}"
72.98739335530114,72.98739335530114,3.2229265244153047,0.0,0.0,1546.5600000022557,112.62753717146826,224.53265355654733,85874.0,54001.0,6454.0,"{""EntryMode"": 0, ""EntryTFMin"": 1, ""GridSpacingPts"": 150, ""TP_Pips"": 12.0, ""MaxLayers"": 1, ""Ladder"": ""step2"", ""MaxHoldSec"": 300, ""StopPips"": 4.0, ""MaxBasketRiskPct"": 5.0, ""AddMinSec"": 60, ""Session"": ""ny_1519"", ""ZEntry"": 1.0, ""ZEmaBars"": 120, ""NewsBeforeMin"": 15, ""NewsAfterMin"": 60, ""NewsCloseMode"": 0, ""DailyLossPct"": 8.0, ""MaxSpreadPts"": 0}"
70.79536782103273,70.79536782103273,2.7312013828851267,0.0,0.0,1451.0800000014926,91.69204925681063,220.7642565138368,65346.0,51014.0,2769.0,"{""EntryMode"": 0, ""EntryTFMin"": 1, ""GridSpacingPts"": 135, ""TP_Pips"": 12.5, ""MaxLayers"": 1, ""Ladder"": ""step2"", ""MaxHoldSec"": 300, ""StopPips"": 3.0, ""MaxBasketRiskPct"": 5.0, ""AddMinSec"": 60, ""Session"": ""london_1013"", ""ZEntry"": 1.0, ""ZEmaBars"": 120, ""NewsBeforeMin"": 15, ""NewsAfterMin"": 60, ""NewsCloseMode"": 0, ""DailyLossPct"": 8.0, ""MaxSpreadPts"": 0}"
69.83829314821062,69.83829314821062,3.4056282487819756,0.0,0.0,1410.900000002018,456.4151877770956,57.074274690182826,544642.0,47262.0,1084.0,"{""EntryMode"": 0, ""EntryTFMin"": 1, ""GridSpacingPts"": 140, ""TP_Pips"": 13.5, ""MaxLayers"": 1, ""Ladder"": ""step2"", ""MaxHoldSec"": 60, ""StopPips"": 4.0, ""MaxBasketRiskPct"": 2.0, ""AddMinSec"": 60, ""Session"": ""ny_1519"", ""ZEntry"": 1.25, ""ZEmaBars"": 120, ""NewsBeforeMin"": 15, ""NewsAfterMin"": 60, ""NewsCloseMode"": 0, ""DailyLossPct"": 8.0, ""MaxSpreadPts"": 0}"
66.315506870793,66.315506870793,4.16588828693997,0.0,0.0,1270.6000000019683,56.31723217748472,446.5060464620643,20795.0,44392.0,7982.0,"{""EntryMode"": 0, ""EntryTFMin"": 1, ""GridSpacingPts"": 150, ""TP_Pips"": 14.0, ""MaxLayers"": 1, ""Ladder"": ""step2"", ""MaxHoldSec"": 900, ""StopPips"": 4.0, ""MaxBasketRiskPct"": 5.0, ""AddMinSec"": 60, ""Session"": ""ny_1519"", ""ZEntry"": 1.25, ""ZEmaBars"": 120, ""NewsBeforeMin"": 15, ""NewsAfterMin"": 60, ""NewsCloseMode"": 0, ""DailyLossPct"": 8.0, ""MaxSpreadPts"": 0}"
65.70303968960269,65.70303968960269,3.361972357113939,0.0,0.0,1247.3900000016795,104.32646227589538,248.1877896022291,94716.0,37644.0,3184.0,"{""EntryMode"": 0, ""EntryTFMin"": 1, ""GridSpacingPts"": 135, ""TP_Pips"": 15.0, ""MaxLayers"": 1, ""Ladder"": ""step2"", ""MaxHoldSec"": 300, ""StopPips"": 5.0, ""MaxBasketRiskPct"": 5.0, ""AddMinSec"": 60, ""Session"": ""ny_1519"", ""ZEntry"": 1.0, ""ZEmaBars"": 120, ""NewsBeforeMin"": 15, ""NewsAfterMin"": 60, ""NewsCloseMode"": 0, ""DailyLossPct"": 8.0, ""MaxSpreadPts"": 0}"
65.67591542352169,65.67591542352169,0.7875457875457124,0.0,0.0,1246.370000000334,675.1741033700428,39.81450195297459,869347.0,7673.0,186.0,"{""EntryMode"": 0, ""EntryTFMin"": 1, ""GridSpacingPts"": 135, ""TP_Pips"": 15.0, ""MaxLayers"": 1, ""Ladder"": ""step2"", ""MaxHoldSec"": 30, ""StopPips"": 4.0, ""MaxBasketRiskPct"": 5.0, ""AddMinSec"": 15, ""Session"": ""asia_0309"", ""ZEntry"": 1.0, ""ZEmaBars"": 30, ""NewsBeforeMin"": 15, ""NewsAfterMin"": 30, ""NewsCloseMode"": 0, ""DailyLossPct"": 8.0, ""MaxSpreadPts"": 25}"
64.990074115219,64.990074115219,12.358746960370354,0.0,0.0,1220.8000000015684,90.48133151821665,208.13463305078074,62162.0,53173.0,2221.0,"{""EntryMode"": 0, ""EntryTFMin"": 5, ""GridSpacingPts"": 55, ""TP_Pips"": 14.5, ""MaxLayers"": 4, ""Ladder"": ""flat"", ""MaxHoldSec"": 300, ""StopPips"": 3.0, ""MaxBasketRiskPct"": 1.0, ""AddMinSec"": 30, ""Session"": ""ny_1519"", ""ZEntry"": 1.25, ""ZEmaBars"": 90, ""NewsBeforeMin"": 30, ""NewsAfterMin"": 60, ""NewsCloseMode"": 2, ""DailyLossPct"": 3.0, ""MaxSpreadPts"": 25}"
64.42885668375288,64.42885668375288,3.3661893249007644,0.0,0.0,1200.1900000017317,104.61586460883329,247.2371294058655,94187.0,37825.0,3908.0,"{""EntryMode"": 0, ""EntryTFMin"": 1, ""GridSpacingPts"": 140, ""TP_Pips"": 14.0, ""MaxLayers"": 1, ""Ladder"": ""step2"", ""MaxHoldSec"": 300, ""StopPips"": 5.0, ""MaxBasketRiskPct"": 5.0, ""AddMinSec"": 60, ""Session"": ""ny_1519"", ""ZEntry"": 1.0, ""ZEmaBars"": 120, ""NewsBeforeMin"": 15, ""NewsAfterMin"": 60, ""NewsCloseMode"": 0, ""DailyLossPct"": 8.0, ""MaxSpreadPts"": 0}"
64.42885668375288,64.42885668375288,3.3661893249007644,0.0,0.0,1200.1900000017317,104.61586460883329,247.2371294058655,94187.0,37825.0,3908.0,"{""EntryMode"": 0, ""EntryTFMin"": 1, ""GridSpacingPts"": 135, ""TP_Pips"": 14.0, ""MaxLayers"": 2, ""Ladder"": ""step2"", ""MaxHoldSec"": 300, ""StopPips"": 5.0, ""MaxBasketRiskPct"": 5.0, ""AddMinSec"": 60, ""Session"": ""ny_1519"", ""ZEntry"": 1.0, ""ZEmaBars"": 120, ""NewsBeforeMin"": 15, ""NewsAfterMin"": 60, ""NewsCloseMode"": 0, ""DailyLossPct"": 8.0, ""MaxSpreadPts"": 0}"
64.28989354844586,64.28989354844586,3.3914183998484955,0.0,0.0,1195.1300000017154,103.40129843496088,247.03545245720528,92957.0,37488.0,3897.0,"{""EntryMode"": 0, ""EntryTFMin"": 1, ""GridSpacingPts"": 145, ""TP_Pips"": 14.0, ""MaxLayers"": 1, ""Ladder"": ""flat"", ""MaxHoldSec"": 300, ""StopPips"": 5.0, ""MaxBasketRiskPct"": 5.0, ""AddMinSec"": 60, ""Session"": ""ny_1519"", ""ZEntry"": 1.5, ""ZEmaBars"": 120, ""NewsBeforeMin"": 60, ""NewsAfterMin"": 60, ""NewsCloseMode"": 0, ""DailyLossPct"": 8.0, ""MaxSpreadPts"": 0}"
63.80257031296463,63.80257031296463,3.6886757653982247,0.0,0.0,1177.5200000017373,104.98993251789666,246.0146169025907,93484.0,38039.0,4883.0,"{""EntryMode"": 0, ""EntryTFMin"": 1, ""GridSpacingPts"": 150, ""TP_Pips"": 13.0, ""MaxLayers"": 1, ""Ladder"": ""step2"", ""MaxHoldSec"": 300, ""StopPips"": 5.0, ""MaxBasketRiskPct"": 5.0, ""AddMinSec"": 60, ""Session"": ""ny_1519"", ""ZEntry"": 1.0, ""ZEmaBars"": 120, ""NewsBeforeMin"": 15, ""NewsAfterMin"": 60, ""NewsCloseMode"": 0, ""DailyLossPct"": 8.0, ""MaxSpreadPts"": 0}"
63.71869176649121,63.71869176649121,3.6077705827922335,0.0,0.0,1174.5100000016296,104.77903826463871,246.69105184617322,93851.0,37931.0,4350.0,"{""EntryMode"": 0, ""EntryTFMin"": 1, ""GridSpacingPts"": 145, ""TP_Pips"": 13.5, ""MaxLayers"": 1, ""Ladder"": ""step2"", ""MaxHoldSec"": 300, ""StopPips"": 5.0, ""MaxBasketRiskPct"": 5.0, ""AddMinSec"": 60, ""Session"": ""ny_1519"", ""ZEntry"": 1.0, ""ZEmaBars"": 120, ""NewsBeforeMin"": 15, ""NewsAfterMin"": 60, ""NewsCloseMode"": 0, ""DailyLossPct"": 8.0, ""MaxSpreadPts"": 0}"
60.412927635972565,60.412927635972565,8.274748242439214,0.0,0.0,1060.6900000015225,234.1264873467727,112.31085130417782,267543.0,34592.0,2049.0,"{""EntryMode"": 0, ""EntryTFMin"": 1, ""GridSpacingPts"": 150, ""TP_Pips"": 13.5, ""MaxLayers"": 1, ""Ladder"": ""step2"", ""MaxHoldSec"": 120, ""StopPips"": 5.0, ""MaxBasketRiskPct"": 5.0, ""AddMinSec"": 60, ""Session"": ""ny_1519"", ""ZEntry"": 1.0, ""ZEmaBars"": 120, ""NewsBeforeMin"": 15, ""NewsAfterMin"": 60, ""NewsCloseMode"": 0, ""DailyLossPct"": 8.0, ""MaxSpreadPts"": 0}"
59.283709028323514,59.283709028323514,2.2593120293095463,0.0,0.0,1023.9000000001611,26.542658115329722,34.44860084094611,25942.0,8522.0,21.0,"{""EntryMode"": 1, ""EntryTFMin"": 1, ""GridSpacingPts"": 140, ""TP_Pips"": 15.0, ""MaxLayers"": 4, ""Ladder"": ""step2"", ""MaxHoldSec"": 30, ""StopPips"": 2.0, ""MaxBasketRiskPct"": 5.0, ""AddMinSec"": 15, ""Session"": ""allday_0123"", ""ZEntry"": 1.0, ""ZEmaBars"": 30, ""NewsBeforeMin"": 15, ""NewsAfterMin"": 30, ""NewsCloseMode"": 0, ""DailyLossPct"": 8.0, ""MaxSpreadPts"": 25}"
59.27966171568717,59.27966171568717,3.29181494661491,0.0,0.0,1023.7700000005048,71.76485138510158,99.11560613047199,57981.0,35014.0,244.0,"{""EntryMode"": 0, ""EntryTFMin"": 5, ""GridSpacingPts"": 110, ""TP_Pips"": 15.0, ""MaxLayers"": 1, ""Ladder"": ""step1"", ""MaxHoldSec"": 120, ""StopPips"": 2.0, ""MaxBasketRiskPct"": 5.0, ""AddMinSec"": 0, ""Session"": ""london_1013"", ""ZEntry"": 1.0, ""ZEmaBars"": 30, ""NewsBeforeMin"": 15, ""NewsAfterMin"": 30, ""NewsCloseMode"": 0, ""DailyLossPct"": 8.0, ""MaxSpreadPts"": 25}"
59.27966171568717,59.27966171568717,3.29181494661491,0.0,0.0,1023.7700000005048,71.76485138510158,99.11560613047199,57981.0,35014.0,244.0,"{""EntryMode"": 0, ""EntryTFMin"": 5, ""GridSpacingPts"": 105, ""TP_Pips"": 15.0, ""MaxLayers"": 1, ""Ladder"": ""step1"", ""MaxHoldSec"": 120, ""StopPips"": 2.0, ""MaxBasketRiskPct"": 5.0, ""AddMinSec"": 0, ""Session"": ""london_1013"", ""ZEntry"": 1.25, ""ZEmaBars"": 30, ""NewsBeforeMin"": 15, ""NewsAfterMin"": 30, ""NewsCloseMode"": 0, ""DailyLossPct"": 8.0, ""MaxSpreadPts"": 25}"
55.51728890817189,55.51728890817189,4.940023216818803,0.0,0.0,908.5000000001578,26.834369509434694,36.255736576415224,28798.0,6034.0,32.0,"{""EntryMode"": 1, ""EntryTFMin"": 1, ""GridSpacingPts"": 150, ""TP_Pips"": 14.0, ""MaxLayers"": 3, ""Ladder"": ""step2"", ""MaxHoldSec"": 30, ""StopPips"": 3.0, ""MaxBasketRiskPct"": 5.0, ""AddMinSec"": 15, ""Session"": ""ny_1519"", ""ZEntry"": 1.25, ""ZEmaBars"": 120, ""NewsBeforeMin"": 15, ""NewsAfterMin"": 60, ""NewsCloseMode"": 0, ""DailyLossPct"": 8.0, ""MaxSpreadPts"": 0}"
54.21199053621495,54.21199053621495,2.2701275846888955,0.0,0.0,871.0300000015591,84.66634581250935,243.7136401388005,69445.0,34504.0,6052.0,"{""EntryMode"": 0, ""EntryTFMin"": 1, ""GridSpacingPts"": 130, ""TP_Pips"": 9.5, ""MaxLayers"": 1, ""Ladder"": ""step2"", ""MaxHoldSec"": 300, ""StopPips"": 4.0, ""MaxBasketRiskPct"": 5.0, ""AddMinSec"": 60, ""Session"": ""london_1013"", ""ZEntry"": 1.0, ""ZEmaBars"": 120, ""NewsBeforeMin"": 15, ""NewsAfterMin"": 60, ""NewsCloseMode"": 0, ""DailyLossPct"": 8.0, ""MaxSpreadPts"": 0}"
52.193877620663606,52.193877620663606,5.557645288689613,0.0,0.0,815.5400000017904,100.3664223743912,260.9491704772292,99153.0,27473.0,3773.0,"{""EntryMode"": 0, ""EntryTFMin"": 1, ""GridSpacingPts"": 125, ""TP_Pips"": 14.0, ""MaxLayers"": 1, ""Ladder"": ""step2"", ""MaxHoldSec"": 300, ""StopPips"": 6.0, ""MaxBasketRiskPct"": 5.0, ""AddMinSec"": 60, ""Session"": ""ny_1519"", ""ZEntry"": 1.0, ""ZEmaBars"": 120, ""NewsBeforeMin"": 15, ""NewsAfterMin"": 60, ""NewsCloseMode"": 0, ""DailyLossPct"": 8.0, ""MaxSpreadPts"": 0}"
50.302222504117026,50.302222504117026,2.9149647233508538,0.0,0.0,766.1300000014405,231.79048713276586,115.146523236284,276642.0,22456.0,2051.0,"{""EntryMode"": 0, ""EntryTFMin"": 1, ""GridSpacingPts"": 135, ""TP_Pips"": 13.5, ""MaxLayers"": 1, ""Ladder"": ""step2"", ""MaxHoldSec"": 120, ""StopPips"": 6.0, ""MaxBasketRiskPct"": 5.0, ""AddMinSec"": 60, ""Session"": ""ny_1519"", ""ZEntry"": 1.0, ""ZEmaBars"": 120, ""NewsBeforeMin"": 15, ""NewsAfterMin"": 60, ""NewsCloseMode"": 0, ""DailyLossPct"": 8.0, ""MaxSpreadPts"": 0}"
46.47838116977907,46.47838116977907,3.6696395392028647,0.0,0.0,673.5600000006639,71.7640816980459,112.5133529247827,71692.0,21219.0,327.0,"{""EntryMode"": 0, ""EntryTFMin"": 5, ""GridSpacingPts"": 115, ""TP_Pips"": 14.0, ""MaxLayers"": 1, ""Ladder"": ""step1"", ""MaxHoldSec"": 120, ""StopPips"": 3.0, ""MaxBasketRiskPct"": 5.0, ""AddMinSec"": 0, ""Session"": ""london_1013"", ""ZEntry"": 1.0, ""ZEmaBars"": 60, ""NewsBeforeMin"": 15, ""NewsAfterMin"": 30, ""NewsCloseMode"": 0, ""DailyLossPct"": 8.0, ""MaxSpreadPts"": 25}"
44.70888073483186,44.70888073483186,5.805958747124069,0.0,0.0,633.8700000016468,97.65250581604256,270.4448448323447,102912.0,20258.0,3703.0,"{""EntryMode"": 0, ""EntryTFMin"": 1, ""GridSpacingPts"": 140, ""TP_Pips"": 14.0, ""MaxLayers"": 2, ""Ladder"": ""step2"", ""MaxHoldSec"": 300, ""StopPips"": 7.0, ""MaxBasketRiskPct"": 5.0, ""AddMinSec"": 60, ""Session"": ""ny_1519"", ""ZEntry"": 1.25, ""ZEmaBars"": 120, ""NewsBeforeMin"": 15, ""NewsAfterMin"": 60, ""NewsCloseMode"": 0, ""DailyLossPct"": 8.0, ""MaxSpreadPts"": 0}"
42.6680227478871,42.6680227478871,0.9243436383410251,0.0,0.0,590.4400000001334,143.41578908596165,39.52246015144312,182028.0,4263.0,39.0,"{""EntryMode"": 0, ""EntryTFMin"": 5, ""GridSpacingPts"": 135, ""TP_Pips"": 14.0, ""MaxLayers"": 3, ""Ladder"": ""step2"", ""MaxHoldSec"": 30, ""StopPips"": 3.0, ""MaxBasketRiskPct"": 5.0, ""AddMinSec"": 15, ""Session"": ""asia_0309"", ""ZEntry"": 1.0, ""ZEmaBars"": 30, ""NewsBeforeMin"": 15, ""NewsAfterMin"": 30, ""NewsCloseMode"": 0, ""DailyLossPct"": 8.0, ""MaxSpreadPts"": 0}"
39.47474208206911,39.47474208206911,7.8156864906488375,0.0,0.0,527.2900000001806,19.854077601418883,160.6854900754199,9512.0,15970.0,313.0,"{""EntryMode"": 1, ""EntryTFMin"": 1, ""GridSpacingPts"": 150, ""TP_Pips"": 14.5, ""MaxLayers"": 1, ""Ladder"": ""step2"", ""MaxHoldSec"": 300, ""StopPips"": 2.0, ""MaxBasketRiskPct"": 5.0, ""AddMinSec"": 60, ""Session"": ""ny_1519"", ""ZEntry"": 1.0, ""ZEmaBars"": 120, ""NewsBeforeMin"": 15, ""NewsAfterMin"": 60, ""NewsCloseMode"": 0, ""DailyLossPct"": 8.0, ""MaxSpreadPts"": 0}"
34.1261556905951,34.1261556905951,8.636227095223239,0.0,0.0,433.7000000001672,26.481852837930532,38.06196593618022,31213.0,3170.0,23.0,"{""EntryMode"": 1, ""EntryTFMin"": 1, ""GridSpacingPts"": 135, ""TP_Pips"": 15.0, ""MaxLayers"": 2, ""Ladder"": ""step2"", ""MaxHoldSec"": 30, ""StopPips"": 4.0, ""MaxBasketRiskPct"": 5.0, ""AddMinSec"": 15, ""Session"": ""allday_0123"", ""ZEntry"": 1.0, ""ZEmaBars"": 30, ""NewsBeforeMin"": 30, ""NewsAfterMin"": 30, ""NewsCloseMode"": 0, ""DailyLossPct"": 8.0, ""MaxSpreadPts"": 0}"
23.97240623673791,23.97240623673791,6.236463597434554,0.0,0.0,292.65000000183034,457.82602415016794,127.28817543082391,586468.0,7858.0,495.0,"{""EntryMode"": 0, ""EntryTFMin"": 1, ""GridSpacingPts"": 45, ""TP_Pips"": 13.5, ""MaxLayers"": 3, ""Ladder"": ""step2"", ""MaxHoldSec"": 120, ""StopPips"": 5.0, ""MaxBasketRiskPct"": 5.0, ""AddMinSec"": 30, ""Session"": ""asia_0109"", ""ZEntry"": 1.75, ""ZEmaBars"": 60, ""NewsBeforeMin"": 60, ""NewsAfterMin"": 30, ""NewsCloseMode"": 0, ""DailyLossPct"": 3.0, ""MaxSpreadPts"": 0}"
10.89381732375989,10.89381732375989,18.446192009284175,0.0,0.0,167.6500000000445,17.271777529592548,119.19342660448619,21732.0,519.0,189.0,"{""EntryMode"": 1, ""EntryTFMin"": 1, ""GridSpacingPts"": 80, ""TP_Pips"": 9.5, ""MaxLayers"": 1, ""Ladder"": ""step2"", ""MaxHoldSec"": 120, ""StopPips"": 8.0, ""MaxBasketRiskPct"": 5.0, ""AddMinSec"": 15, ""Session"": ""lateny_1923"", ""ZEntry"": 1.0, ""ZEmaBars"": 120, ""NewsBeforeMin"": 15, ""NewsAfterMin"": 15, ""NewsCloseMode"": 0, ""DailyLossPct"": 8.0, ""MaxSpreadPts"": 25}"
9.455194933430256,9.455194933430256,6.006196310377753,0.0,0.0,157.06000000000464,2.485319502809908,295.283194057568,3075.0,140.0,14.0,"{""EntryMode"": 1, ""EntryTFMin"": 5, ""GridSpacingPts"": 150, ""TP_Pips"": 14.5, ""MaxLayers"": 2, ""Ladder"": ""step1"", ""MaxHoldSec"": 300, ""StopPips"": 8.0, ""MaxBasketRiskPct"": 5.0, ""AddMinSec"": 15, ""Session"": ""asia_0109"", ""ZEntry"": 1.25, ""ZEmaBars"": 60, ""NewsBeforeMin"": 60, ""NewsAfterMin"": 30, ""NewsCloseMode"": 2, ""DailyLossPct"": 5.0, ""MaxSpreadPts"": 0}"
8.708726471948381,8.708726471948381,15.128006206363015,0.0,0.0,151.77999999998656,3.7745453210838615,300.07336458121006,4829.0,47.0,28.0,"{""EntryMode"": 1, ""EntryTFMin"": 5, ""GridSpacingPts"": 130, ""TP_Pips"": 11.5, ""MaxLayers"": 4, ""Ladder"": ""step2"", ""MaxHoldSec"": 300, ""StopPips"": 12.0, ""MaxBasketRiskPct"": 3.0, ""AddMinSec"": 60, ""Session"": ""asia_0309"", ""ZEntry"": 1.0, ""ZEmaBars"": 60, ""NewsBeforeMin"": 30, ""NewsAfterMin"": 60, ""NewsCloseMode"": 2, ""DailyLossPct"": 5.0, ""MaxSpreadPts"": 25}"
8.583742439501085,8.583742439501085,4.238782051275488,0.0,0.0,150.91000000008304,143.41578908596165,69.0917189931866,184347.0,1945.0,38.0,"{""EntryMode"": 0, ""EntryTFMin"": 5, ""GridSpacingPts"": 75, ""TP_Pips"": 14.5, ""MaxLayers"": 5, ""Ladder"": ""step2"", ""MaxHoldSec"": 60, ""StopPips"": 4.0, ""MaxBasketRiskPct"": 1.0, ""AddMinSec"": 60, ""Session"": ""asia_0309"", ""ZEntry"": 1.75, ""ZEmaBars"": 120, ""NewsBeforeMin"": 15, ""NewsAfterMin"": 15, ""NewsCloseMode"": 0, ""DailyLossPct"": 8.0, ""MaxSpreadPts"": 25}"
8.152683800110916,8.152683800110916,9.764014387225181,0.0,0.0,147.93999999999565,0.8189470272498427,951.3556338028227,365.0,64.0,635.0,"{""EntryMode"": 1, ""EntryTFMin"": 1, ""GridSpacingPts"": 130, ""TP_Pips"": 5.5, ""MaxLayers"": 1, ""Ladder"": ""step1"", ""MaxHoldSec"": 1800, ""StopPips"": 25.0, ""MaxBasketRiskPct"": 3.0, ""AddMinSec"": 60, ""Session"": ""lateny_1923"", ""ZEntry"": 2.0, ""ZEmaBars"": 120, ""NewsBeforeMin"": 30, ""NewsAfterMin"": 15, ""NewsCloseMode"": 0, ""DailyLossPct"": 8.0, ""MaxSpreadPts"": 0}"
8.008930129541202,8.008930129541202,14.548868818695995,0.0,0.0,146.9600000004571,71.04750304920229,581.9908863360155,83258.0,6815.0,2234.0,"{""EntryMode"": 0, ""EntryTFMin"": 5, ""GridSpacingPts"": 60, ""TP_Pips"": 9.0, ""MaxLayers"": 1, ""Ladder"": ""step1"", ""MaxHoldSec"": 600, ""StopPips"": 6.0, ""MaxBasketRiskPct"": 1.0, ""AddMinSec"": 30, ""Session"": ""asia_0309"", ""ZEntry"": 2.25, ""ZEmaBars"": 60, ""NewsBeforeMin"": 60, ""NewsAfterMin"": 60, ""NewsCloseMode"": 0, ""DailyLossPct"": 3.0, ""MaxSpreadPts"": 25}"
6.890282021076488,6.890282021076488,6.652294425615786,0.0,0.0,139.51000000002207,2.3175277246703727,257.5896414342658,2264.0,718.0,29.0,"{""EntryMode"": 1, ""EntryTFMin"": 5, ""GridSpacingPts"": 60, ""TP_Pips"": 8.5, ""MaxLayers"": 5, ""Ladder"": ""flat"", ""MaxHoldSec"": 300, ""StopPips"": 3.0, ""MaxBasketRiskPct"": 5.0, ""AddMinSec"": 0, ""Session"": ""asia_0309"", ""ZEntry"": 1.75, ""ZEmaBars"": 120, ""NewsBeforeMin"": 60, ""NewsAfterMin"": 60, ""NewsCloseMode"": 2, ""DailyLossPct"": 5.0, ""MaxSpreadPts"": 0}"
6.527509843970458,6.527509843970458,6.796116504853683,0.0,0.0,137.16000000000776,3.260394367885652,39.598677998110404,4155.0,73.0,8.0,"{""EntryMode"": 1, ""EntryTFMin"": 1, ""GridSpacingPts"": 90, ""TP_Pips"": 12.0, ""MaxLayers"": 1, ""Ladder"": ""step2"", ""MaxHoldSec"": 30, ""StopPips"": 6.0, ""MaxBasketRiskPct"": 2.0, ""AddMinSec"": 60, ""Session"": ""asia_0109"", ""ZEntry"": 1.75, ""ZEmaBars"": 60, ""NewsBeforeMin"": 15, ""NewsAfterMin"": 60, ""NewsCloseMode"": 0, ""DailyLossPct"": 3.0, ""MaxSpreadPts"": 0}"
2.791600345559786,2.791600345559786,14.471585662720098,0.0,0.0,114.74999999999454,0.6950274112844059,1166.2254395036232,447.0,67.0,389.0,"{""EntryMode"": 1, ""EntryTFMin"": 1, ""GridSpacingPts"": 45, ""TP_Pips"": 7.5, ""MaxLayers"": 2, ""Ladder"": ""flat"", ""MaxHoldSec"": 1800, ""StopPips"": 24.0, ""MaxBasketRiskPct"": 3.0, ""AddMinSec"": 60, ""Session"": ""lateny_1923"", ""ZEntry"": 1.5, ""ZEmaBars"": 60, ""NewsBeforeMin"": 30, ""NewsAfterMin"": 15, ""NewsCloseMode"": 0, ""DailyLossPct"": 5.0, ""MaxSpreadPts"": 0}"
2.304795167795226,2.304795167795226,12.837904256369,0.0,0.0,112.06000000000203,2.2020746663174813,59.860188745194,2846.0,0.0,15.0,"{""EntryMode"": 1, ""EntryTFMin"": 1, ""GridSpacingPts"": 145, ""TP_Pips"": 7.5, ""MaxLayers"": 5, ""Ladder"": ""step2"", ""MaxHoldSec"": 60, ""StopPips"": 27.0, ""MaxBasketRiskPct"": 5.0, ""AddMinSec"": 0, ""Session"": ""london_1013"", ""ZEntry"": 2.5, ""ZEmaBars"": 120, ""NewsBeforeMin"": 60, ""NewsAfterMin"": 30, ""NewsCloseMode"": 2, ""DailyLossPct"": 8.0, ""MaxSpreadPts"": 25}"
2.2578138020369245,10.546158809061868,24.144172503512472,0.0,0.0,165.0399999988427,177.1011430780569,879.9048588412783,204059.0,14754.0,11282.0,"{""EntryMode"": 0, ""EntryTFMin"": 5, ""GridSpacingPts"": 65, ""TP_Pips"": 14.5, ""MaxLayers"": 1, ""Ladder"": ""step1"", ""MaxHoldSec"": 900, ""StopPips"": 13.0, ""MaxBasketRiskPct"": 2.0, ""AddMinSec"": 60, ""Session"": ""allday_0123"", ""ZEntry"": 3.0, ""ZEmaBars"": 30, ""NewsBeforeMin"": 60, ""NewsAfterMin"": 30, ""NewsCloseMode"": 0, ""DailyLossPct"": 8.0, ""MaxSpreadPts"": 0}"
1.5087388102706045,1.5087388102706045,4.87305868127708,0.0,0.0,107.77000000019748,93.09211001110336,59.82471806065015,117183.0,2054.0,1711.0,"{""EntryMode"": 0, ""EntryTFMin"": 5, ""GridSpacingPts"": 125, ""TP_Pips"": 8.5, ""MaxLayers"": 3, ""Ladder"": ""step2"", ""MaxHoldSec"": 60, ""StopPips"": 8.0, ""MaxBasketRiskPct"": 1.0, ""AddMinSec"": 60, ""Session"": ""ny_1519"", ""ZEntry"": 1.75, ""ZEmaBars"": 30, ""NewsBeforeMin"": 30, ""NewsAfterMin"": 15, ""NewsCloseMode"": 0, ""DailyLossPct"": 8.0, ""MaxSpreadPts"": 25}"
0.341860422033613,0.341860422033613,8.008857722827079,0.0,0.0,101.72000000000547,0.548017183648391,115.70827489481064,655.0,44.0,13.0,"{""EntryMode"": 1, ""EntryTFMin"": 1, ""GridSpacingPts"": 15, ""TP_Pips"": 11.5, ""MaxLayers"": 1, ""Ladder"": ""step2"", ""MaxHoldSec"": 120, ""StopPips"": 8.0, ""MaxBasketRiskPct"": 2.0, ""AddMinSec"": 0, ""Session"": ""lateny_1923"", ""ZEntry"": 2.25, ""ZEmaBars"": 90, ""NewsBeforeMin"": 30, ""NewsAfterMin"": 30, ""NewsCloseMode"": 2, ""DailyLossPct"": 3.0, ""MaxSpreadPts"": 0}"
-0.11432855008940424,-0.11432855008940424,2.366457187745708,0.0,0.0,99.43000000000016,3.2650124902197675,39.95285242809877,4233.0,0.0,9.0,"{""EntryMode"": 0, ""EntryTFMin"": 5, ""GridSpacingPts"": 115, ""TP_Pips"": 12.5, ""MaxLayers"": 1, ""Ladder"": ""flat"", ""MaxHoldSec"": 30, ""StopPips"": 30.0, ""MaxBasketRiskPct"": 3.0, ""AddMinSec"": 60, ""Session"": ""lateny_1923"", ""ZEntry"": 1.0, ""ZEmaBars"": 120, ""NewsBeforeMin"": 30, ""NewsAfterMin"": 60, ""NewsCloseMode"": 0, ""DailyLossPct"": 5.0, ""MaxSpreadPts"": 0}"
-0.7516455272764233,-0.7516455272764233,4.220000000000311,0.0,0.0,96.29999999999988,0.387152589010029,310.29821073558645,480.0,1.0,22.0,"{""EntryMode"": 0, ""EntryTFMin"": 5, ""GridSpacingPts"": 130, ""TP_Pips"": 7.0, ""MaxLayers"": 6, ""Ladder"": ""flat"", ""MaxHoldSec"": 300, ""StopPips"": 29.0, ""MaxBasketRiskPct"": 3.0, ""AddMinSec"": 30, ""Session"": ""lateny_1923"", ""ZEntry"": 2.5, ""ZEmaBars"": 60, ""NewsBeforeMin"": 15, ""NewsAfterMin"": 15, ""NewsCloseMode"": 2, ""DailyLossPct"": 5.0, ""MaxSpreadPts"": 25}"
-1.0504313498298723,-1.0504313498298723,7.6608585612769895,0.0,0.0,94.86000000000038,1.2538202137124002,1834.7502903600473,1484.0,50.0,95.0,"{""EntryMode"": 0, ""EntryTFMin"": 1, ""GridSpacingPts"": 15, ""TP_Pips"": 14.5, ""MaxLayers"": 2, ""Ladder"": ""flat"", ""MaxHoldSec"": 1800, ""StopPips"": 19.0, ""MaxBasketRiskPct"": 2.0, ""AddMinSec"": 15, ""Session"": ""asia_0309"", ""ZEntry"": 2.25, ""ZEmaBars"": 120, ""NewsBeforeMin"": 30, ""NewsAfterMin"": 15, ""NewsCloseMode"": 2, ""DailyLossPct"": 8.0, ""MaxSpreadPts"": 25}"
-1.962603299936716,-1.962603299936716,10.641891891896249,0.0,0.0,90.56999999999567,0.5002965861958626,39.84615384615417,645.0,4.0,1.0,"{""EntryMode"": 1, ""EntryTFMin"": 5, ""GridSpacingPts"": 105, ""TP_Pips"": 7.0, ""MaxLayers"": 1, ""Ladder"": ""step1"", ""MaxHoldSec"": 30, ""StopPips"": 8.0, ""MaxBasketRiskPct"": 5.0, ""AddMinSec"": 0, ""Session"": ""asia_0309"", ""ZEntry"": 1.25, ""ZEmaBars"": 30, ""NewsBeforeMin"": 30, ""NewsAfterMin"": 15, ""NewsCloseMode"": 2, ""DailyLossPct"": 3.0, ""MaxSpreadPts"": 25}"
-2.0885648774260024,-2.0885648774260024,19.552265751941576,0.0,0.0,89.98999999999965,14.7502827351654,330.65783295946414,18470.0,34.0,660.0,"{""EntryMode"": 0, ""EntryTFMin"": 5, ""GridSpacingPts"": 30, ""TP_Pips"": 12.0, ""MaxLayers"": 4, ""Ladder"": ""flat"", ""MaxHoldSec"": 300, ""StopPips"": 27.0, ""MaxBasketRiskPct"": 3.0, ""AddMinSec"": 60, ""Session"": ""allday_0123"", ""ZEntry"": 1.0, ""ZEmaBars"": 60, ""NewsBeforeMin"": 60, ""NewsAfterMin"": 15, ""NewsCloseMode"": 2, ""DailyLossPct"": 5.0, ""MaxSpreadPts"": 0}"
-2.9100172293820115,-2.9100172293820115,15.340797485755841,0.0,0.0,86.28000000000299,57.20006323035649,61.79638301307929,74114.0,27.0,175.0,"{""EntryMode"": 0, ""EntryTFMin"": 5, ""GridSpacingPts"": 145, ""TP_Pips"": 15.0, ""MaxLayers"": 2, ""Ladder"": ""step2"", ""MaxHoldSec"": 60, ""StopPips"": 26.0, ""MaxBasketRiskPct"": 3.0, ""AddMinSec"": 0, ""Session"": ""ny_1519"", ""ZEntry"": 1.5, ""ZEmaBars"": 30, ""NewsBeforeMin"": 15, ""NewsAfterMin"": 30, ""NewsCloseMode"": 0, ""DailyLossPct"": 5.0, ""MaxSpreadPts"": 0}"
-3.202266961326261,-3.202266961326261,15.010000000001341,0.0,0.0,84.98999999999866,26.606542140951657,39.915528812785126,34424.0,50.0,94.0,"{""EntryMode"": 0, ""EntryTFMin"": 5, ""GridSpacingPts"": 125, ""TP_Pips"": 14.0, ""MaxLayers"": 1, ""Ladder"": ""step1"", ""MaxHoldSec"": 30, ""StopPips"": 17.0, ""MaxBasketRiskPct"": 2.0, ""AddMinSec"": 0, ""Session"": ""ny_1519"", ""ZEntry"": 2.25, ""ZEmaBars"": 60, ""NewsBeforeMin"": 15, ""NewsAfterMin"": 30, ""NewsCloseMode"": 0, ""DailyLossPct"": 5.0, ""MaxSpreadPts"": 0}"
-3.2319148711386414,-3.2319148711386414,16.58311215963734,0.0,0.0,84.85999999999979,1.6101853204949914,698.9041095890389,1175.0,262.0,655.0,"{""EntryMode"": 0, ""EntryTFMin"": 1, ""GridSpacingPts"": 10, ""TP_Pips"": 10.5, ""MaxLayers"": 4, ""Ladder"": ""flat"", ""MaxHoldSec"": 900, ""StopPips"": 17.0, ""MaxBasketRiskPct"": 2.0, ""AddMinSec"": 15, ""Session"": ""ny_1519"", ""ZEntry"": 1.5, ""ZEmaBars"": 30, ""NewsBeforeMin"": 30, ""NewsAfterMin"": 15, ""NewsCloseMode"": 2, ""DailyLossPct"": 8.0, ""MaxSpreadPts"": 25}"
-50.0,0.0,0.0,0.0,0.0,100.0,0.0,0.0,0.0,0.0,0.0,"{""EntryMode"": 0, ""EntryTFMin"": 5, ""GridSpacingPts"": 30, ""TP_Pips"": 6.5, ""MaxLayers"": 2, ""Ladder"": ""step1"", ""MaxHoldSec"": 600, ""StopPips"": 15.0, ""MaxBasketRiskPct"": 1.0, ""AddMinSec"": 0, ""Session"": ""london_1013"", ""ZEntry"": 1.75, ""ZEmaBars"": 60, ""NewsBeforeMin"": 30, ""NewsAfterMin"": 30, ""NewsCloseMode"": 2, ""DailyLossPct"": 5.0, ""MaxSpreadPts"": 0}"
-50.0,0.0,0.0,0.0,0.0,100.0,0.0,0.0,0.0,0.0,0.0,"{""EntryMode"": 0, ""EntryTFMin"": 1, ""GridSpacingPts"": 30, ""TP_Pips"": 10.5, ""MaxLayers"": 4, ""Ladder"": ""step1"", ""MaxHoldSec"": 120, ""StopPips"": 25.0, ""MaxBasketRiskPct"": 2.0, ""AddMinSec"": 30, ""Session"": ""asia_0309"", ""ZEntry"": 1.25, ""ZEmaBars"": 60, ""NewsBeforeMin"": 60, ""NewsAfterMin"": 30, ""NewsCloseMode"": 0, ""DailyLossPct"": 5.0, ""MaxSpreadPts"": 0}"
-50.0,0.0,0.0,0.0,0.0,100.0,0.0,0.0,0.0,0.0,0.0,"{""EntryMode"": 1, ""EntryTFMin"": 5, ""GridSpacingPts"": 50, ""TP_Pips"": 10.0, ""MaxLayers"": 3, ""Ladder"": ""flat"", ""MaxHoldSec"": 120, ""StopPips"": 19.0, ""MaxBasketRiskPct"": 1.0, ""AddMinSec"": 0, ""Session"": ""ny_1519"", ""ZEntry"": 1.0, ""ZEmaBars"": 60, ""NewsBeforeMin"": 30, ""NewsAfterMin"": 15, ""NewsCloseMode"": 0, ""DailyLossPct"": 3.0, ""MaxSpreadPts"": 0}"
-50.0,0.0,0.0,0.0,0.0,100.0,0.0,0.0,0.0,0.0,0.0,"{""EntryMode"": 0, ""EntryTFMin"": 5, ""GridSpacingPts"": 85, ""TP_Pips"": 10.0, ""MaxLayers"": 2, ""Ladder"": ""flat"", ""MaxHoldSec"": 60, ""StopPips"": 20.0, ""MaxBasketRiskPct"": 1.0, ""AddMinSec"": 15, ""Session"": ""london_1013"", ""ZEntry"": 2.5, ""ZEmaBars"": 60, ""NewsBeforeMin"": 30, ""NewsAfterMin"": 60, ""NewsCloseMode"": 2, ""DailyLossPct"": 8.0, ""MaxSpreadPts"": 25}"
-50.0,0.0,0.0,0.0,0.0,100.0,0.0,0.0,0.0,0.0,0.0,"{""EntryMode"": 1, ""EntryTFMin"": 5, ""GridSpacingPts"": 135, ""TP_Pips"": 6.0, ""MaxLayers"": 6, ""Ladder"": ""step2"", ""MaxHoldSec"": 900, ""StopPips"": 27.0, ""MaxBasketRiskPct"": 1.0, ""AddMinSec"": 0, ""Session"": ""lateny_1923"", ""ZEntry"": 2.75, ""ZEmaBars"": 90, ""NewsBeforeMin"": 30, ""NewsAfterMin"": 30, ""NewsCloseMode"": 2, ""DailyLossPct"": 3.0, ""MaxSpreadPts"": 25}"
-50.0,-0.6302577352264027,3.109999999999573,0.0,0.0,96.89000000000043,0.002309061167057827,646.6666666666667,2.0,1.0,0.0,"{""EntryMode"": 1, ""EntryTFMin"": 5, ""GridSpacingPts"": 35, ""TP_Pips"": 5.5, ""MaxLayers"": 2, ""Ladder"": ""step1"", ""MaxHoldSec"": 900, ""StopPips"": 17.0, ""MaxBasketRiskPct"": 3.0, ""AddMinSec"": 30, ""Session"": ""asia_0109"", ""ZEntry"": 2.75, ""ZEmaBars"": 30, ""NewsBeforeMin"": 30, ""NewsAfterMin"": 60, ""NewsCloseMode"": 2, ""DailyLossPct"": 3.0, ""MaxSpreadPts"": 25}"
-50.0,0.0,0.0,0.0,0.0,100.0,0.0,0.0,0.0,0.0,0.0,"{""EntryMode"": 0, ""EntryTFMin"": 1, ""GridSpacingPts"": 45, ""TP_Pips"": 3.0, ""MaxLayers"": 2, ""Ladder"": ""step2"", ""MaxHoldSec"": 900, ""StopPips"": 14.0, ""MaxBasketRiskPct"": 1.0, ""AddMinSec"": 0, ""Session"": ""asia_0309"", ""ZEntry"": 1.75, ""ZEmaBars"": 30, ""NewsBeforeMin"": 30, ""NewsAfterMin"": 60, ""NewsCloseMode"": 0, ""DailyLossPct"": 5.0, ""MaxSpreadPts"": 0}"
-50.0,0.0,0.0,0.0,0.0,100.0,0.0,0.0,0.0,0.0,0.0,"{""EntryMode"": 0, ""EntryTFMin"": 1, ""GridSpacingPts"": 15, ""TP_Pips"": 6.5, ""MaxLayers"": 6, ""Ladder"": ""step2"", ""MaxHoldSec"": 60, ""StopPips"": 24.0, ""MaxBasketRiskPct"": 1.0, ""AddMinSec"": 0, ""Session"": ""allday_0123"", ""ZEntry"": 3.0, ""ZEmaBars"": 90, ""NewsBeforeMin"": 60, ""NewsAfterMin"": 30, ""NewsCloseMode"": 0, ""DailyLossPct"": 8.0, ""MaxSpreadPts"": 25}"
-50.0,-3.996969707276188,19.263512175807122,0.0,0.0,81.55999999999938,0.013854367002346962,1045.9999999999998,8.0,8.0,2.0,"{""EntryMode"": 1, ""EntryTFMin"": 1, ""GridSpacingPts"": 20, ""TP_Pips"": 14.0, ""MaxLayers"": 5, ""Ladder"": ""flat"", ""MaxHoldSec"": 1800, ""StopPips"": 13.0, ""MaxBasketRiskPct"": 5.0, ""AddMinSec"": 60, ""Session"": ""asia_0309"", ""ZEntry"": 2.5, ""ZEmaBars"": 30, ""NewsBeforeMin"": 15, ""NewsAfterMin"": 15, ""NewsCloseMode"": 0, ""DailyLossPct"": 5.0, ""MaxSpreadPts"": 0}"
-50.0,-0.15255456689439173,0.7799999999997448,0.0,0.0,99.24000000000017,0.0015393741113718848,370.0,1.0,0.0,1.0,"{""EntryMode"": 0, ""EntryTFMin"": 1, ""GridSpacingPts"": 25, ""TP_Pips"": 2.5, ""MaxLayers"": 5, ""Ladder"": ""flat"", ""MaxHoldSec"": 600, ""StopPips"": 20.0, ""MaxBasketRiskPct"": 2.0, ""AddMinSec"": 15, ""Session"": ""london_1013"", ""ZEntry"": 2.25, ""ZEmaBars"": 30, ""NewsBeforeMin"": 60, ""NewsAfterMin"": 15, ""NewsCloseMode"": 2, ""DailyLossPct"": 5.0, ""MaxSpreadPts"": 25}"
-50.0,0.0,0.0,0.0,0.0,100.0,0.0,0.0,0.0,0.0,0.0,"{""EntryMode"": 0, ""EntryTFMin"": 1, ""GridSpacingPts"": 30, ""TP_Pips"": 7.0, ""MaxLayers"": 2, ""Ladder"": ""step2"", ""MaxHoldSec"": 600, ""StopPips"": 30.0, ""MaxBasketRiskPct"": 2.0, ""AddMinSec"": 30, ""Session"": ""lateny_1923"", ""ZEntry"": 1.5, ""ZEmaBars"": 90, ""NewsBeforeMin"": 30, ""NewsAfterMin"": 30, ""NewsCloseMode"": 2, ""DailyLossPct"": 8.0, ""MaxSpreadPts"": 25}"
-50.0,-0.042060253467768316,0.48999999999983856,0.0,0.0,99.7900000000002,0.004618122334115654,53.33333333333333,5.0,0.0,1.0,"{""EntryMode"": 0, ""EntryTFMin"": 1, ""GridSpacingPts"": 10, ""TP_Pips"": 3.0, ""MaxLayers"": 4, ""Ladder"": ""step1"", ""MaxHoldSec"": 60, ""StopPips"": 20.0, ""MaxBasketRiskPct"": 2.0, ""AddMinSec"": 30, ""Session"": ""london_1013"", ""ZEntry"": 3.0, ""ZEmaBars"": 60, ""NewsBeforeMin"": 60, ""NewsAfterMin"": 60, ""NewsCloseMode"": 0, ""DailyLossPct"": 3.0, ""MaxSpreadPts"": 0}"
-50.0,-1.401518045807404,7.070000000000036,0.0,0.0,93.19000000000024,0.03540560456155335,60.0,46.0,0.0,0.0,"{""EntryMode"": 1, ""EntryTFMin"": 5, ""GridSpacingPts"": 95, ""TP_Pips"": 9.5, ""MaxLayers"": 2, ""Ladder"": ""step1"", ""MaxHoldSec"": 60, ""StopPips"": 28.0, ""MaxBasketRiskPct"": 5.0, ""AddMinSec"": 60, ""Session"": ""london_1013"", ""ZEntry"": 2.0, ""ZEmaBars"": 30, ""NewsBeforeMin"": 30, ""NewsAfterMin"": 60, ""NewsCloseMode"": 2, ""DailyLossPct"": 3.0, ""MaxSpreadPts"": 0}"
-50.0,0.0,0.0,0.0,0.0,100.0,0.0,0.0,0.0,0.0,0.0,"{""EntryMode"": 1, ""EntryTFMin"": 5, ""GridSpacingPts"": 80, ""TP_Pips"": 15.0, ""MaxLayers"": 3, ""Ladder"": ""step1"", ""MaxHoldSec"": 300, ""StopPips"": 30.0, ""MaxBasketRiskPct"": 1.0, ""AddMinSec"": 60, ""Session"": ""asia_0309"", ""ZEntry"": 3.0, ""ZEmaBars"": 30, ""NewsBeforeMin"": 30, ""NewsAfterMin"": 15, ""NewsCloseMode"": 0, ""DailyLossPct"": 5.0, ""MaxSpreadPts"": 25}"
-50.0,0.0,0.0,0.0,0.0,100.0,0.0,0.0,0.0,0.0,0.0,"{""EntryMode"": 1, ""EntryTFMin"": 5, ""GridSpacingPts"": 75, ""TP_Pips"": 11.0, ""MaxLayers"": 2, ""Ladder"": ""step1"", ""MaxHoldSec"": 60, ""StopPips"": 29.0, ""MaxBasketRiskPct"": 2.0, ""AddMinSec"": 30, ""Session"": ""lateny_1923"", ""ZEntry"": 2.75, ""ZEmaBars"": 90, ""NewsBeforeMin"": 15, ""NewsAfterMin"": 30, ""NewsCloseMode"": 2, ""DailyLossPct"": 3.0, ""MaxSpreadPts"": 0}"
-50.0,-5.544145055799965,25.838264299802017,0.0,0.0,75.2000000000009,0.04695091039684249,809.6875000000002,49.0,7.0,5.0,"{""EntryMode"": 1, ""EntryTFMin"": 5, ""GridSpacingPts"": 90, ""TP_Pips"": 13.5, ""MaxLayers"": 4, ""Ladder"": ""step1"", ""MaxHoldSec"": 900, ""StopPips"": 23.0, ""MaxBasketRiskPct"": 3.0, ""AddMinSec"": 0, ""Session"": ""ny_1519"", ""ZEntry"": 1.5, ""ZEmaBars"": 30, ""NewsBeforeMin"": 30, ""NewsAfterMin"": 30, ""NewsCloseMode"": 0, ""DailyLossPct"": 5.0, ""MaxSpreadPts"": 25}"
-50.0,-0.25747331638353854,6.3287401574795705,0.0,0.0,98.72000000000163,0.09467150784937091,233.17073170731692,76.0,39.0,8.0,"{""EntryMode"": 1, ""EntryTFMin"": 5, ""GridSpacingPts"": 60, ""TP_Pips"": 10.5, ""MaxLayers"": 6, ""Ladder"": ""flat"", ""MaxHoldSec"": 300, ""StopPips"": 6.0, ""MaxBasketRiskPct"": 2.0, ""AddMinSec"": 60, ""Session"": ""lateny_1923"", ""ZEntry"": 2.75, ""ZEmaBars"": 120, ""NewsBeforeMin"": 30, ""NewsAfterMin"": 15, ""NewsCloseMode"": 2, ""DailyLossPct"": 3.0, ""MaxSpreadPts"": 0}"
-50.0,-2.2589893827798857,13.47950054075405,0.0,0.0,89.20999999999887,0.05541746800938785,742.5000000000005,48.0,17.0,7.0,"{""EntryMode"": 1, ""EntryTFMin"": 1, ""GridSpacingPts"": 35, ""TP_Pips"": 11.0, ""MaxLayers"": 5, ""Ladder"": ""step1"", ""MaxHoldSec"": 900, ""StopPips"": 13.0, ""MaxBasketRiskPct"": 3.0, ""AddMinSec"": 0, ""Session"": ""london_1013"", ""ZEntry"": 2.75, ""ZEmaBars"": 60, ""NewsBeforeMin"": 30, ""NewsAfterMin"": 60, ""NewsCloseMode"": 2, ""DailyLossPct"": 5.0, ""MaxSpreadPts"": 25}"
-50.0,-0.21504919313803939,2.4460289166168936,0.0,0.0,98.93000000000065,0.03155716928312364,40.000000000000014,41.0,0.0,0.0,"{""EntryMode"": 1, ""EntryTFMin"": 5, ""GridSpacingPts"": 110, ""TP_Pips"": 9.5, ""MaxLayers"": 6, ""Ladder"": ""flat"", ""MaxHoldSec"": 30, ""StopPips"": 11.0, ""MaxBasketRiskPct"": 3.0, ""AddMinSec"": 15, ""Session"": ""asia_0309"", ""ZEntry"": 2.5, ""ZEmaBars"": 60, ""NewsBeforeMin"": 30, ""NewsAfterMin"": 60, ""NewsCloseMode"": 0, ""DailyLossPct"": 3.0, ""MaxSpreadPts"": 0}"
-50.0,0.0,0.0,0.0,0.0,100.0,0.0,0.0,0.0,0.0,0.0,"{""EntryMode"": 0, ""EntryTFMin"": 1, ""GridSpacingPts"": 125, ""TP_Pips"": 10.5, ""MaxLayers"": 3, ""Ladder"": ""step1"", ""MaxHoldSec"": 120, ""StopPips"": 17.0, ""MaxBasketRiskPct"": 1.0, ""AddMinSec"": 0, ""Session"": ""allday_0123"", ""ZEntry"": 3.0, ""ZEmaBars"": 30, ""NewsBeforeMin"": 30, ""NewsAfterMin"": 30, ""NewsCloseMode"": 0, ""DailyLossPct"": 8.0, ""MaxSpreadPts"": 25}"
-50.0,0.0,0.0,0.0,0.0,100.0,0.0,0.0,0.0,0.0,0.0,"{""EntryMode"": 1, ""EntryTFMin"": 5, ""GridSpacingPts"": 15, ""TP_Pips"": 7.5, ""MaxLayers"": 3, ""Ladder"": ""step1"", ""MaxHoldSec"": 120, ""StopPips"": 30.0, ""MaxBasketRiskPct"": 2.0, ""AddMinSec"": 0, ""Session"": ""asia_0109"", ""ZEntry"": 1.5, ""ZEmaBars"": 30, ""NewsBeforeMin"": 15, ""NewsAfterMin"": 30, ""NewsCloseMode"": 2, ""DailyLossPct"": 5.0, ""MaxSpreadPts"": 0}"
-50.0,-0.20092382599866676,1.4925373134326236,0.0,0.0,99.00000000000021,0.0007696870556859424,380.0,0.0,1.0,0.0,"{""EntryMode"": 1, ""EntryTFMin"": 5, ""GridSpacingPts"": 105, ""TP_Pips"": 8.5, ""MaxLayers"": 5, ""Ladder"": ""step2"", ""MaxHoldSec"": 900, ""StopPips"": 10.0, ""MaxBasketRiskPct"": 1.0, ""AddMinSec"": 30, ""Session"": ""london_1013"", ""ZEntry"": 1.0, ""ZEmaBars"": 30, ""NewsBeforeMin"": 30, ""NewsAfterMin"": 60, ""NewsCloseMode"": 0, ""DailyLossPct"": 3.0, ""MaxSpreadPts"": 25}"
-50.0,0.0,0.0,0.0,0.0,100.0,0.0,0.0,0.0,0.0,0.0,"{""EntryMode"": 0, ""EntryTFMin"": 5, ""GridSpacingPts"": 95, ""TP_Pips"": 1.5, ""MaxLayers"": 2, ""Ladder"": ""flat"", ""MaxHoldSec"": 1800, ""StopPips"": 16.0, ""MaxBasketRiskPct"": 1.0, ""AddMinSec"": 0, ""Session"": ""lateny_1923"", ""ZEntry"": 2.5, ""ZEmaBars"": 60, ""NewsBeforeMin"": 15, ""NewsAfterMin"": 15, ""NewsCloseMode"": 2, ""DailyLossPct"": 5.0, ""MaxSpreadPts"": 0}"
-50.0,1.884813013570108,3.534788285766735,0.0,0.0,109.7800000000027,0.14854960174738688,35.647668393782425,153.0,37.0,3.0,"{""EntryMode"": 1, ""EntryTFMin"": 1, ""GridSpacingPts"": 15, ""TP_Pips"": 14.0, ""MaxLayers"": 1, ""Ladder"": ""flat"", ""MaxHoldSec"": 30, ""StopPips"": 4.0, ""MaxBasketRiskPct"": 3.0, ""AddMinSec"": 15, ""Session"": ""lateny_1923"", ""ZEntry"": 1.75, ""ZEmaBars"": 30, ""NewsBeforeMin"": 15, ""NewsAfterMin"": 60, ""NewsCloseMode"": 0, ""DailyLossPct"": 3.0, ""MaxSpreadPts"": 0}"
-50.0,0.5267412960551221,4.130434782608921,0.0,0.0,102.65999999999963,0.01924217639214856,707.1999999999999,16.0,3.0,6.0,"{""EntryMode"": 1, ""EntryTFMin"": 5, ""GridSpacingPts"": 20, ""TP_Pips"": 12.0, ""MaxLayers"": 3, ""Ladder"": ""step1"", ""MaxHoldSec"": 900, ""StopPips"": 21.0, ""MaxBasketRiskPct"": 5.0, ""AddMinSec"": 0, ""Session"": ""lateny_1923"", ""ZEntry"": 2.75, ""ZEmaBars"": 90, ""NewsBeforeMin"": 30, ""NewsAfterMin"": 60, ""NewsCloseMode"": 2, ""DailyLossPct"": 8.0, ""MaxSpreadPts"": 25}"
-50.0,-0.1002600085335037,0.5000000000003695,0.0,0.0,99.49999999999984,0.006157496445487539,34.99999999999999,6.0,1.0,1.0,"{""EntryMode"": 0, ""EntryTFMin"": 1, ""GridSpacingPts"": 120, ""TP_Pips"": 5.0, ""MaxLayers"": 1, ""Ladder"": ""step2"", ""MaxHoldSec"": 30, ""StopPips"": 10.0, ""MaxBasketRiskPct"": 1.0, ""AddMinSec"": 0, ""Session"": ""lateny_1923"", ""ZEntry"": 2.5, ""ZEmaBars"": 90, ""NewsBeforeMin"": 15, ""NewsAfterMin"": 30, ""NewsCloseMode"": 0, ""DailyLossPct"": 3.0, ""MaxSpreadPts"": 25}"
-50.0,0.27465201682277396,3.519749706685813,0.0,0.0,101.38000000000687,0.1854945804203121,139.91701244813243,19.0,157.0,65.0,"{""EntryMode"": 1, ""EntryTFMin"": 5, ""GridSpacingPts"": 130, ""TP_Pips"": 4.5, ""MaxLayers"": 3, ""Ladder"": ""flat"", ""MaxHoldSec"": 600, ""StopPips"": 2.0, ""MaxBasketRiskPct"": 5.0, ""AddMinSec"": 15, ""Session"": ""london_1013"", ""ZEntry"": 2.75, ""ZEmaBars"": 120, ""NewsBeforeMin"": 60, ""NewsAfterMin"": 30, ""NewsCloseMode"": 2, ""DailyLossPct"": 3.0, ""MaxSpreadPts"": 0}"
-50.0,0.0,0.0,0.0,0.0,100.0,0.0,0.0,0.0,0.0,0.0,"{""EntryMode"": 0, ""EntryTFMin"": 1, ""GridSpacingPts"": 140, ""TP_Pips"": 1.5, ""MaxLayers"": 1, ""Ladder"": ""step2"", ""MaxHoldSec"": 300, ""StopPips"": 13.0, ""MaxBasketRiskPct"": 1.0, ""AddMinSec"": 15, ""Session"": ""ny_1519"", ""ZEntry"": 1.25, ""ZEmaBars"": 30, ""NewsBeforeMin"": 30, ""NewsAfterMin"": 30, ""NewsCloseMode"": 0, ""DailyLossPct"": 3.0, ""MaxSpreadPts"": 25}"
-50.0,0.0,0.0,0.0,0.0,100.0,0.0,0.0,0.0,0.0,0.0,"{""EntryMode"": 0, ""EntryTFMin"": 1, ""GridSpacingPts"": 95, ""TP_Pips"": 1.0, ""MaxLayers"": 5, ""Ladder"": ""step1"", ""MaxHoldSec"": 30, ""StopPips"": 20.0, ""MaxBasketRiskPct"": 1.0, ""AddMinSec"": 30, ""Session"": ""london_1013"", ""ZEntry"": 1.5, ""ZEmaBars"": 30, ""NewsBeforeMin"": 15, ""NewsAfterMin"": 60, ""NewsCloseMode"": 2, ""DailyLossPct"": 3.0, ""MaxSpreadPts"": 0}"
-50.0,-0.08017581890406023,0.6781013163143822,0.0,0.0,99.60000000000012,0.0015393741113718848,49.99999999999999,0.0,2.0,0.0,"{""EntryMode"": 1, ""EntryTFMin"": 5, ""GridSpacingPts"": 25, ""TP_Pips"": 8.5, ""MaxLayers"": 4, ""Ladder"": ""step1"", ""MaxHoldSec"": 300, ""StopPips"": 2.0, ""MaxBasketRiskPct"": 1.0, ""AddMinSec"": 60, ""Session"": ""asia_0309"", ""ZEntry"": 2.75, ""ZEmaBars"": 30, ""NewsBeforeMin"": 60, ""NewsAfterMin"": 60, ""NewsCloseMode"": 2, ""DailyLossPct"": 5.0, ""MaxSpreadPts"": 25}"
-50.0,0.02400271930373954,4.0711462450596025,0.0,0.0,100.11999999999877,0.08774432434819743,179.13043478260852,14.0,9.0,91.0,"{""EntryMode"": 1, ""EntryTFMin"": 5, ""GridSpacingPts"": 75, ""TP_Pips"": 1.5, ""MaxLayers"": 1, ""Ladder"": ""flat"", ""MaxHoldSec"": 600, ""StopPips"": 11.0, ""MaxBasketRiskPct"": 3.0, ""AddMinSec"": 15, ""Session"": ""lateny_1923"", ""ZEntry"": 2.0, ""ZEmaBars"": 60, ""NewsBeforeMin"": 15, ""NewsAfterMin"": 30, ""NewsCloseMode"": 2, ""DailyLossPct"": 5.0, ""MaxSpreadPts"": 0}"
-50.0,0.0,0.0,0.0,0.0,100.0,0.0,0.0,0.0,0.0,0.0,"{""EntryMode"": 0, ""EntryTFMin"": 5, ""GridSpacingPts"": 55, ""TP_Pips"": 5.0, ""MaxLayers"": 4, ""Ladder"": ""step1"", ""MaxHoldSec"": 60, ""StopPips"": 22.0, ""MaxBasketRiskPct"": 1.0, ""AddMinSec"": 15, ""Session"": ""lateny_1923"", ""ZEntry"": 3.0, ""ZEmaBars"": 30, ""NewsBeforeMin"": 15, ""NewsAfterMin"": 30, ""NewsCloseMode"": 0, ""DailyLossPct"": 5.0, ""MaxSpreadPts"": 25}"
-50.0,-2.721588711857903,13.377258660275507,0.0,0.0,87.12000000000191,0.04618122334115654,27.666666666666668,30.0,6.0,24.0,"{""EntryMode"": 1, ""EntryTFMin"": 5, ""GridSpacingPts"": 130, ""TP_Pips"": 1.0, ""MaxLayers"": 3, ""Ladder"": ""step2"", ""MaxHoldSec"": 30, ""StopPips"": 8.0, ""MaxBasketRiskPct"": 5.0, ""AddMinSec"": 60, ""Session"": ""ny_1519"", ""ZEntry"": 2.5, ""ZEmaBars"": 60, ""NewsBeforeMin"": 30, ""NewsAfterMin"": 15, ""NewsCloseMode"": 2, ""DailyLossPct"": 8.0, ""MaxSpreadPts"": 0}"
-50.0,0.0,0.0,0.0,0.0,100.0,0.0,0.0,0.0,0.0,0.0,"{""EntryMode"": 1, ""EntryTFMin"": 1, ""GridSpacingPts"": 25, ""TP_Pips"": 13.5, ""MaxLayers"": 4, ""Ladder"": ""flat"", ""MaxHoldSec"": 120, ""StopPips"": 22.0, ""MaxBasketRiskPct"": 5.0, ""AddMinSec"": 15, ""Session"": ""lateny_1923"", ""ZEntry"": 2.5, ""ZEmaBars"": 30, ""NewsBeforeMin"": 15, ""NewsAfterMin"": 30, ""NewsCloseMode"": 0, ""DailyLossPct"": 3.0, ""MaxSpreadPts"": 25}"
-50.0,0.8073541547415353,4.787441497659569,0.0,0.0,104.1000000000011,0.028478421060379868,584.6153846153845,37.0,0.0,0.0,"{""EntryMode"": 1, ""EntryTFMin"": 5, ""GridSpacingPts"": 85, ""TP_Pips"": 15.0, ""MaxLayers"": 3, ""Ladder"": ""step1"", ""MaxHoldSec"": 600, ""StopPips"": 22.0, ""MaxBasketRiskPct"": 5.0, ""AddMinSec"": 60, ""Session"": ""asia_0309"", ""ZEntry"": 2.5, ""ZEmaBars"": 60, ""NewsBeforeMin"": 60, ""NewsAfterMin"": 15, ""NewsCloseMode"": 0, ""DailyLossPct"": 5.0, ""MaxSpreadPts"": 0}"
-50.0,0.0,0.0,0.0,0.0,100.0,0.0,0.0,0.0,0.0,0.0,"{""EntryMode"": 0, ""EntryTFMin"": 5, ""GridSpacingPts"": 150, ""TP_Pips"": 14.0, ""MaxLayers"": 3, ""Ladder"": ""step1"", ""MaxHoldSec"": 60, ""StopPips"": 15.0, ""MaxBasketRiskPct"": 1.0, ""AddMinSec"": 60, ""Session"": ""ny_1519"", ""ZEntry"": 2.75, ""ZEmaBars"": 90, ""NewsBeforeMin"": 15, ""NewsAfterMin"": 15, ""NewsCloseMode"": 2, ""DailyLossPct"": 3.0, ""MaxSpreadPts"": 0}"
-50.0,-2.0798570563804852,10.604697651169568,0.0,0.0,90.03000000000569,0.1616342816940479,30.95238095238087,3.0,57.0,150.0,"{""EntryMode"": 1, ""EntryTFMin"": 5, ""GridSpacingPts"": 115, ""TP_Pips"": 0.5, ""MaxLayers"": 1, ""Ladder"": ""step1"", ""MaxHoldSec"": 300, ""StopPips"": 3.0, ""MaxBasketRiskPct"": 2.0, ""AddMinSec"": 0, ""Session"": ""london_1013"", ""ZEntry"": 2.5, ""ZEmaBars"": 90, ""NewsBeforeMin"": 15, ""NewsAfterMin"": 15, ""NewsCloseMode"": 0, ""DailyLossPct"": 3.0, ""MaxSpreadPts"": 0}"
-50.0,0.0,0.0,0.0,0.0,100.0,0.0,0.0,0.0,0.0,0.0,"{""EntryMode"": 0, ""EntryTFMin"": 1, ""GridSpacingPts"": 80, ""TP_Pips"": 9.0, ""MaxLayers"": 4, ""Ladder"": ""step2"", ""MaxHoldSec"": 600, ""StopPips"": 29.0, ""MaxBasketRiskPct"": 2.0, ""AddMinSec"": 30, ""Session"": ""london_1013"", ""ZEntry"": 2.75, ""ZEmaBars"": 30, ""NewsBeforeMin"": 60, ""NewsAfterMin"": 15, ""NewsCloseMode"": 2, ""DailyLossPct"": 8.0, ""MaxSpreadPts"": 25}"
-50.0,0.958058600728795,8.5000971439649,0.0,0.0,104.88000000000645,0.1162227454085773,1009.5705521472395,65.0,65.0,21.0,"{""EntryMode"": 1, ""EntryTFMin"": 5, ""GridSpacingPts"": 140, ""TP_Pips"": 14.5, ""MaxLayers"": 1, ""Ladder"": ""flat"", ""MaxHoldSec"": 1800, ""StopPips"": 8.0, ""MaxBasketRiskPct"": 5.0, ""AddMinSec"": 30, ""Session"": ""lateny_1923"", ""ZEntry"": 2.25, ""ZEmaBars"": 90, ""NewsBeforeMin"": 30, ""NewsAfterMin"": 60, ""NewsCloseMode"": 0, ""DailyLossPct"": 5.0, ""MaxSpreadPts"": 0}"
-50.0,0.0,0.0,0.0,0.0,100.0,0.0,0.0,0.0,0.0,0.0,"{""EntryMode"": 1, ""EntryTFMin"": 1, ""GridSpacingPts"": 35, ""TP_Pips"": 1.0, ""MaxLayers"": 2, ""Ladder"": ""flat"", ""MaxHoldSec"": 60, ""StopPips"": 30.0, ""MaxBasketRiskPct"": 1.0, ""AddMinSec"": 30, ""Session"": ""asia_0109"", ""ZEntry"": 2.0, ""ZEmaBars"": 120, ""NewsBeforeMin"": 60, ""NewsAfterMin"": 60, ""NewsCloseMode"": 2, ""DailyLossPct"": 8.0, ""MaxSpreadPts"": 25}"
-50.0,0.0,0.0,0.0,0.0,100.0,0.0,0.0,0.0,0.0,0.0,"{""EntryMode"": 1, ""EntryTFMin"": 5, ""GridSpacingPts"": 95, ""TP_Pips"": 11.0, ""MaxLayers"": 1, ""Ladder"": ""flat"", ""MaxHoldSec"": 30, ""StopPips"": 21.0, ""MaxBasketRiskPct"": 1.0, ""AddMinSec"": 15, ""Session"": ""asia_0309"", ""ZEntry"": 3.0, ""ZEmaBars"": 30, ""NewsBeforeMin"": 60, ""NewsAfterMin"": 15, ""NewsCloseMode"": 2, ""DailyLossPct"": 5.0, ""MaxSpreadPts"": 0}"
-50.0,0.0,0.0,0.0,0.0,100.0,0.0,0.0,0.0,0.0,0.0,"{""EntryMode"": 0, ""EntryTFMin"": 1, ""GridSpacingPts"": 50, ""TP_Pips"": 9.0, ""MaxLayers"": 2, ""Ladder"": ""flat"", ""MaxHoldSec"": 120, ""StopPips"": 23.0, ""MaxBasketRiskPct"": 2.0, ""AddMinSec"": 0, ""Session"": ""asia_0109"", ""ZEntry"": 2.75, ""ZEmaBars"": 90, ""NewsBeforeMin"": 30, ""NewsAfterMin"": 15, ""NewsCloseMode"": 0, ""DailyLossPct"": 3.0, ""MaxSpreadPts"": 0}"
-50.0,0.0,0.0,0.0,0.0,100.0,0.0,0.0,0.0,0.0,0.0,"{""EntryMode"": 1, ""EntryTFMin"": 1, ""GridSpacingPts"": 20, ""TP_Pips"": 2.0, ""MaxLayers"": 6, ""Ladder"": ""step2"", ""MaxHoldSec"": 30, ""StopPips"": 30.0, ""MaxBasketRiskPct"": 2.0, ""AddMinSec"": 0, ""Session"": ""london_1013"", ""ZEntry"": 1.75, ""ZEmaBars"": 90, ""NewsBeforeMin"": 60, ""NewsAfterMin"": 60, ""NewsCloseMode"": 0, ""DailyLossPct"": 3.0, ""MaxSpreadPts"": 25}"
-50.0,0.0,0.0,0.0,0.0,100.0,0.0,0.0,0.0,0.0,0.0,"{""EntryMode"": 0, ""EntryTFMin"": 1, ""GridSpacingPts"": 150, ""TP_Pips"": 9.5, ""MaxLayers"": 1, ""Ladder"": ""step2"", ""MaxHoldSec"": 60, ""StopPips"": 29.0, ""MaxBasketRiskPct"": 2.0, ""AddMinSec"": 60, ""Session"": ""lateny_1923"", ""ZEntry"": 1.0, ""ZEmaBars"": 60, ""NewsBeforeMin"": 60, ""NewsAfterMin"": 30, ""NewsCloseMode"": 0, ""DailyLossPct"": 5.0, ""MaxSpreadPts"": 0}"
-50.0,0.0,0.0,0.0,0.0,100.0,0.0,0.0,0.0,0.0,0.0,"{""EntryMode"": 0, ""EntryTFMin"": 5, ""GridSpacingPts"": 85, ""TP_Pips"": 9.0, ""MaxLayers"": 5, ""Ladder"": ""step2"", ""MaxHoldSec"": 60, ""StopPips"": 25.0, ""MaxBasketRiskPct"": 1.0, ""AddMinSec"": 0, ""Session"": ""asia_0309"", ""ZEntry"": 1.75, ""ZEmaBars"": 90, ""NewsBeforeMin"": 15, ""NewsAfterMin"": 60, ""NewsCloseMode"": 2, ""DailyLossPct"": 5.0, ""MaxSpreadPts"": 25}"
-50.0,0.0,0.0,0.0,0.0,100.0,0.0,0.0,0.0,0.0,0.0,"{""EntryMode"": 0, ""EntryTFMin"": 5, ""GridSpacingPts"": 90, ""TP_Pips"": 5.5, ""MaxLayers"": 1, ""Ladder"": ""step1"", ""MaxHoldSec"": 30, ""StopPips"": 15.0, ""MaxBasketRiskPct"": 1.0, ""AddMinSec"": 30, ""Session"": ""asia_0309"", ""ZEntry"": 2.0, ""ZEmaBars"": 30, ""NewsBeforeMin"": 30, ""NewsAfterMin"": 60, ""NewsCloseMode"": 2, ""DailyLossPct"": 3.0, ""MaxSpreadPts"": 0}"
-50.0,0.0,0.0,0.0,0.0,100.0,0.0,0.0,0.0,0.0,0.0,"{""EntryMode"": 1, ""EntryTFMin"": 5, ""GridSpacingPts"": 15, ""TP_Pips"": 5.5, ""MaxLayers"": 3, ""Ladder"": ""step2"", ""MaxHoldSec"": 60, ""StopPips"": 28.0, ""MaxBasketRiskPct"": 2.0, ""AddMinSec"": 60, ""Session"": ""allday_0123"", ""ZEntry"": 1.0, ""ZEmaBars"": 120, ""NewsBeforeMin"": 15, ""NewsAfterMin"": 60, ""NewsCloseMode"": 2, ""DailyLossPct"": 8.0, ""MaxSpreadPts"": 0}"
-50.0,0.0,0.0,0.0,0.0,100.0,0.0,0.0,0.0,0.0,0.0,"{""EntryMode"": 1, ""EntryTFMin"": 1, ""GridSpacingPts"": 120, ""TP_Pips"": 1.5, ""MaxLayers"": 6, ""Ladder"": ""step1"", ""MaxHoldSec"": 600, ""StopPips"": 28.0, ""MaxBasketRiskPct"": 1.0, ""AddMinSec"": 60, ""Session"": ""london_1013"", ""ZEntry"": 2.0, ""ZEmaBars"": 60, ""NewsBeforeMin"": 60, ""NewsAfterMin"": 30, ""NewsCloseMode"": 0, ""DailyLossPct"": 5.0, ""MaxSpreadPts"": 0}"
-50.0,-0.14450212264011109,1.1450761724596419,0.0,0.0,99.27999999999837,0.020781550503520443,428.1481481481482,11.0,1.0,15.0,"{""EntryMode"": 0, ""EntryTFMin"": 1, ""GridSpacingPts"": 40, ""TP_Pips"": 1.0, ""MaxLayers"": 6, ""Ladder"": ""step2"", ""MaxHoldSec"": 600, ""StopPips"": 10.0, ""MaxBasketRiskPct"": 1.0, ""AddMinSec"": 30, ""Session"": ""asia_0309"", ""ZEntry"": 2.25, ""ZEmaBars"": 90, ""NewsBeforeMin"": 15, ""NewsAfterMin"": 30, ""NewsCloseMode"": 0, ""DailyLossPct"": 5.0, ""MaxSpreadPts"": 25}"
-50.0,-1.1110418634787567,8.707404189592683,0.0,0.0,94.56999999999927,0.17856739691913864,38.96551724137931,221.0,1.0,10.0,"{""EntryMode"": 1, ""EntryTFMin"": 1, ""GridSpacingPts"": 35, ""TP_Pips"": 5.0, ""MaxLayers"": 1, ""Ladder"": ""step2"", ""MaxHoldSec"": 30, ""StopPips"": 19.0, ""MaxBasketRiskPct"": 2.0, ""AddMinSec"": 60, ""Session"": ""allday_0123"", ""ZEntry"": 3.0, ""ZEmaBars"": 90, ""NewsBeforeMin"": 15, ""NewsAfterMin"": 15, ""NewsCloseMode"": 0, ""DailyLossPct"": 5.0, ""MaxSpreadPts"": 25}"
-50.0,0.0,0.0,0.0,0.0,100.0,0.0,0.0,0.0,0.0,0.0,"{""EntryMode"": 0, ""EntryTFMin"": 1, ""GridSpacingPts"": 55, ""TP_Pips"": 0.5, ""MaxLayers"": 1, ""Ladder"": ""flat"", ""MaxHoldSec"": 900, ""StopPips"": 27.0, ""MaxBasketRiskPct"": 2.0, ""AddMinSec"": 30, ""Session"": ""asia_0109"", ""ZEntry"": 3.0, ""ZEmaBars"": 60, ""NewsBeforeMin"": 60, ""NewsAfterMin"": 15, ""NewsCloseMode"": 0, ""DailyLossPct"": 8.0, ""MaxSpreadPts"": 25}"
-50.0,0.0,0.0,0.0,0.0,100.0,0.0,0.0,0.0,0.0,0.0,"{""EntryMode"": 1, ""EntryTFMin"": 5, ""GridSpacingPts"": 120, ""TP_Pips"": 2.5, ""MaxLayers"": 3, ""Ladder"": ""step1"", ""MaxHoldSec"": 1800, ""StopPips"": 22.0, ""MaxBasketRiskPct"": 1.0, ""AddMinSec"": 0, ""Session"": ""lateny_1923"", ""ZEntry"": 3.0, ""ZEmaBars"": 90, ""NewsBeforeMin"": 15, ""NewsAfterMin"": 60, ""NewsCloseMode"": 2, ""DailyLossPct"": 3.0, ""MaxSpreadPts"": 25}"
-50.0,0.0,0.0,0.0,0.0,100.0,0.0,0.0,0.0,0.0,0.0,"{""EntryMode"": 1, ""EntryTFMin"": 1, ""GridSpacingPts"": 130, ""TP_Pips"": 10.5, ""MaxLayers"": 5, ""Ladder"": ""flat"", ""MaxHoldSec"": 30, ""StopPips"": 18.0, ""MaxBasketRiskPct"": 1.0, ""AddMinSec"": 30, ""Session"": ""lateny_1923"", ""ZEntry"": 1.0, ""ZEmaBars"": 120, ""NewsBeforeMin"": 60, ""NewsAfterMin"": 15, ""NewsCloseMode"": 0, ""DailyLossPct"": 8.0, ""MaxSpreadPts"": 0}"
-50.0,0.0,0.0,0.0,0.0,100.0,0.0,0.0,0.0,0.0,0.0,"{""EntryMode"": 1, ""EntryTFMin"": 1, ""GridSpacingPts"": 105, ""TP_Pips"": 5.0, ""MaxLayers"": 2, ""Ladder"": ""step1"", ""MaxHoldSec"": 900, ""StopPips"": 27.0, ""MaxBasketRiskPct"": 2.0, ""AddMinSec"": 30, ""Session"": ""asia_0109"", ""ZEntry"": 2.0, ""ZEmaBars"": 120, ""NewsBeforeMin"": 15, ""NewsAfterMin"": 15, ""NewsCloseMode"": 0, ""DailyLossPct"": 5.0, ""MaxSpreadPts"": 0}"
-50.0,-0.43807605668171323,8.273077284253667,0.0,0.0,97.82999999999758,0.06311433856624728,694.8235294117652,52.0,20.0,10.0,"{""EntryMode"": 1, ""EntryTFMin"": 5, ""GridSpacingPts"": 30, ""TP_Pips"": 13.5, ""MaxLayers"": 1, ""Ladder"": ""step2"", ""MaxHoldSec"": 900, ""StopPips"": 12.0, ""MaxBasketRiskPct"": 2.0, ""AddMinSec"": 30, ""Session"": ""lateny_1923"", ""ZEntry"": 2.5, ""ZEmaBars"": 90, ""NewsBeforeMin"": 15, ""NewsAfterMin"": 15, ""NewsCloseMode"": 0, ""DailyLossPct"": 5.0, ""MaxSpreadPts"": 25}"
-50.0,0.0,0.0,0.0,0.0,100.0,0.0,0.0,0.0,0.0,0.0,"{""EntryMode"": 1, ""EntryTFMin"": 5, ""GridSpacingPts"": 50, ""TP_Pips"": 5.0, ""MaxLayers"": 3, ""Ladder"": ""step1"", ""MaxHoldSec"": 60, ""StopPips"": 24.0, ""MaxBasketRiskPct"": 2.0, ""AddMinSec"": 15, ""Session"": ""lateny_1923"", ""ZEntry"": 2.5, ""ZEmaBars"": 30, ""NewsBeforeMin"": 15, ""NewsAfterMin"": 60, ""NewsCloseMode"": 2, ""DailyLossPct"": 5.0, ""MaxSpreadPts"": 25}"
-50.0,-0.4523364372106764,2.6779492284723765,0.0,0.0,97.75999999999976,0.0030787482227437697,459.99999999999994,2.0,2.0,0.0,"{""EntryMode"": 1, ""EntryTFMin"": 1, ""GridSpacingPts"": 80, ""TP_Pips"": 14.5, ""MaxLayers"": 2, ""Ladder"": ""step1"", ""MaxHoldSec"": 600, ""StopPips"": 14.0, ""MaxBasketRiskPct"": 2.0, ""AddMinSec"": 0, ""Session"": ""london_1013"", ""ZEntry"": 2.75, ""ZEmaBars"": 30, ""NewsBeforeMin"": 30, ""NewsAfterMin"": 60, ""NewsCloseMode"": 2, ""DailyLossPct"": 3.0, ""MaxSpreadPts"": 25}"
-50.0,0.0,0.0,0.0,0.0,100.0,0.0,0.0,0.0,0.0,0.0,"{""EntryMode"": 1, ""EntryTFMin"": 1, ""GridSpacingPts"": 65, ""TP_Pips"": 5.5, ""MaxLayers"": 3, ""Ladder"": ""flat"", ""MaxHoldSec"": 60, ""StopPips"": 26.0, ""MaxBasketRiskPct"": 3.0, ""AddMinSec"": 0, ""Session"": ""lateny_1923"", ""ZEntry"": 2.5, ""ZEmaBars"": 30, ""NewsBeforeMin"": 60, ""NewsAfterMin"": 60, ""NewsCloseMode"": 2, ""DailyLossPct"": 8.0, ""MaxSpreadPts"": 25}"
-50.0,0.0,0.0,0.0,0.0,100.0,0.0,0.0,0.0,0.0,0.0,"{""EntryMode"": 1, ""EntryTFMin"": 1, ""GridSpacingPts"": 35, ""TP_Pips"": 6.5, ""MaxLayers"": 6, ""Ladder"": ""step2"", ""MaxHoldSec"": 1800, ""StopPips"": 23.0, ""MaxBasketRiskPct"": 1.0, ""AddMinSec"": 15, ""Session"": ""asia_0309"", ""ZEntry"": 1.75, ""ZEmaBars"": 60, ""NewsBeforeMin"": 60, ""NewsAfterMin"": 30, ""NewsCloseMode"": 0, ""DailyLossPct"": 8.0, ""MaxSpreadPts"": 0}"
-89.22699999999557,1.501198008053417,25.249861188219246,0.0,1.0,107.73000000004423,19.132880830241156,39.81495635382195,24633.0,145.0,80.0,"{""EntryMode"": 1, ""EntryTFMin"": 1, ""GridSpacingPts"": 90, ""TP_Pips"": 9.5, ""MaxLayers"": 1, ""Ladder"": ""step2"", ""MaxHoldSec"": 30, ""StopPips"": 9.0, ""MaxBasketRiskPct"": 5.0, ""AddMinSec"": 15, ""Session"": ""lateny_1923"", ""ZEntry"": 1.0, ""ZEmaBars"": 120, ""NewsBeforeMin"": 15, ""NewsAfterMin"": 15, ""NewsCloseMode"": 0, ""DailyLossPct"": 8.0, ""MaxSpreadPts"": 25}"
-90.86899999999615,-1.8028270872081475,25.069752174610276,0.0,1.0,91.31000000003847,2.1682084358672995,281.6813846697292,2465.0,292.0,60.0,"{""EntryMode"": 1, ""EntryTFMin"": 1, ""GridSpacingPts"": 130, ""TP_Pips"": 11.5, ""MaxLayers"": 1, ""Ladder"": ""step1"", ""MaxHoldSec"": 300, ""StopPips"": 10.0, ""MaxBasketRiskPct"": 5.0, ""AddMinSec"": 30, ""Session"": ""allday_0123"", ""ZEntry"": 1.75, ""ZEmaBars"": 90, ""NewsBeforeMin"": 30, ""NewsAfterMin"": 30, ""NewsCloseMode"": 2, ""DailyLossPct"": 5.0, ""MaxSpreadPts"": 0}"
-91.384000000001,-2.9370552424382246,25.286160249747653,0.0,1.0,86.15999999999008,0.6034346516577789,279.15422885572167,681.0,45.0,58.0,"{""EntryMode"": 1, ""EntryTFMin"": 1, ""GridSpacingPts"": 95, ""TP_Pips"": 9.0, ""MaxLayers"": 5, ""Ladder"": ""step2"", ""MaxHoldSec"": 300, ""StopPips"": 13.0, ""MaxBasketRiskPct"": 5.0, ""AddMinSec"": 60, ""Session"": ""london_1013"", ""ZEntry"": 1.25, ""ZEmaBars"": 90, ""NewsBeforeMin"": 15, ""NewsAfterMin"": 15, ""NewsCloseMode"": 0, ""DailyLossPct"": 5.0, ""MaxSpreadPts"": 0}"
-91.40699999999514,-2.988962406019513,25.367040222363723,0.0,1.0,85.93000000004868,0.88206136581609,560.2370872142276,453.0,567.0,126.0,"{""EntryMode"": 1, ""EntryTFMin"": 1, ""GridSpacingPts"": 145, ""TP_Pips"": 14.5, ""MaxLayers"": 1, ""Ladder"": ""step2"", ""MaxHoldSec"": 900, ""StopPips"": 7.0, ""MaxBasketRiskPct"": 5.0, ""AddMinSec"": 60, ""Session"": ""ny_1519"", ""ZEntry"": 1.25, ""ZEmaBars"": 120, ""NewsBeforeMin"": 15, ""NewsAfterMin"": 60, ""NewsCloseMode"": 0, ""DailyLossPct"": 8.0, ""MaxSpreadPts"": 0}"
-91.60999999999468,-3.45198533994856,25.375789380023683,0.0,1.0,83.9000000000532,0.9536422619948827,313.77599999999956,1192.0,22.0,25.0,"{""EntryMode"": 0, ""EntryTFMin"": 1, ""GridSpacingPts"": 25, ""TP_Pips"": 12.0, ""MaxLayers"": 3, ""Ladder"": ""step2"", ""MaxHoldSec"": 300, ""StopPips"": 13.0, ""MaxBasketRiskPct"": 5.0, ""AddMinSec"": 30, ""Session"": ""allday_0123"", ""ZEntry"": 1.5, ""ZEmaBars"": 60, ""NewsBeforeMin"": 15, ""NewsAfterMin"": 60, ""NewsCloseMode"": 2, ""DailyLossPct"": 5.0, ""MaxSpreadPts"": 0}"
-91.74300000000167,-3.760227175443176,25.242191036679966,0.0,1.0,82.56999999998328,5.315458806567118,1657.9095890411204,5496.0,124.0,1286.0,"{""EntryMode"": 0, ""EntryTFMin"": 5, ""GridSpacingPts"": 145, ""TP_Pips"": 8.0, ""MaxLayers"": 6, ""Ladder"": ""flat"", ""MaxHoldSec"": 1800, ""StopPips"": 19.0, ""MaxBasketRiskPct"": 5.0, ""AddMinSec"": 15, ""Session"": ""asia_0309"", ""ZEntry"": 3.0, ""ZEmaBars"": 90, ""NewsBeforeMin"": 60, ""NewsAfterMin"": 60, ""NewsCloseMode"": 2, ""DailyLossPct"": 3.0, ""MaxSpreadPts"": 25}"
-91.8170000000002,-3.9334534672578303,25.091541559867597,0.0,1.0,81.8299999999979,1.029841280507791,299.5373134328359,1323.0,4.0,11.0,"{""EntryMode"": 1, ""EntryTFMin"": 5, ""GridSpacingPts"": 100, ""TP_Pips"": 13.5, ""MaxLayers"": 4, ""Ladder"": ""step1"", ""MaxHoldSec"": 300, ""StopPips"": 23.0, ""MaxBasketRiskPct"": 3.0, ""AddMinSec"": 30, ""Session"": ""london_1013"", ""ZEntry"": 1.0, ""ZEmaBars"": 60, ""NewsBeforeMin"": 30, ""NewsAfterMin"": 60, ""NewsCloseMode"": 2, ""DailyLossPct"": 5.0, ""MaxSpreadPts"": 25}"
-91.8660000000002,-4.0488481533837,25.080593165702357,0.0,1.0,81.33999999999797,41.7870799402455,315.0123402217547,52871.0,418.0,1002.0,"{""EntryMode"": 0, ""EntryTFMin"": 5, ""GridSpacingPts"": 150, ""TP_Pips"": 12.5, ""MaxLayers"": 2, ""Ladder"": ""flat"", ""MaxHoldSec"": 300, ""StopPips"": 16.0, ""MaxBasketRiskPct"": 2.0, ""AddMinSec"": 15, ""Session"": ""london_1013"", ""ZEntry"": 2.5, ""ZEmaBars"": 60, ""NewsBeforeMin"": 15, ""NewsAfterMin"": 15, ""NewsCloseMode"": 2, ""DailyLossPct"": 8.0, ""MaxSpreadPts"": 0}"
-91.93199999998717,-4.205159836433747,25.046451133345908,0.0,1.0,80.68000000012826,1.443163229411142,58.23685608072102,0.0,756.0,1119.0,"{""EntryMode"": 1, ""EntryTFMin"": 1, ""GridSpacingPts"": 25, ""TP_Pips"": 2.0, ""MaxLayers"": 6, ""Ladder"": ""step2"", ""MaxHoldSec"": 1800, ""StopPips"": 3.0, ""MaxBasketRiskPct"": 3.0, ""AddMinSec"": 60, ""Session"": ""ny_1519"", ""ZEntry"": 1.5, ""ZEmaBars"": 90, ""NewsBeforeMin"": 30, ""NewsAfterMin"": 15, ""NewsCloseMode"": 2, ""DailyLossPct"": 3.0, ""MaxSpreadPts"": 25}"
-92.22299999999962,-4.906799087370139,25.1347708894839,0.0,1.0,77.77000000000392,139.2233036936403,130.14019879924282,180586.0,11.0,286.0,"{""EntryMode"": 0, ""EntryTFMin"": 5, ""GridSpacingPts"": 125, ""TP_Pips"": 10.0, ""MaxLayers"": 2, ""Ladder"": ""step2"", ""MaxHoldSec"": 120, ""StopPips"": 29.0, ""MaxBasketRiskPct"": 5.0, ""AddMinSec"": 60, ""Session"": ""asia_0309"", ""ZEntry"": 1.75, ""ZEmaBars"": 90, ""NewsBeforeMin"": 15, ""NewsAfterMin"": 30, ""NewsCloseMode"": 2, ""DailyLossPct"": 8.0, ""MaxSpreadPts"": 25}"
-92.2549999999994,-4.9852306279572485,25.016942588822584,0.0,1.0,77.45000000000609,0.627294950384043,110.14563106796106,679.0,38.0,98.0,"{""EntryMode"": 1, ""EntryTFMin"": 5, ""GridSpacingPts"": 95, ""TP_Pips"": 4.5, ""MaxLayers"": 5, ""Ladder"": ""flat"", ""MaxHoldSec"": 120, ""StopPips"": 10.0, ""MaxBasketRiskPct"": 2.0, ""AddMinSec"": 15, ""Session"": ""allday_0123"", ""ZEntry"": 1.25, ""ZEmaBars"": 120, ""NewsBeforeMin"": 15, ""NewsAfterMin"": 30, ""NewsCloseMode"": 2, ""DailyLossPct"": 3.0, ""MaxSpreadPts"": 25}"
-92.29699999999968,-5.088566348866985,25.12636080870579,0.0,1.0,77.03000000000321,0.28632358471517055,52.922252010723845,308.0,64.0,0.0,"{""EntryMode"": 1, ""EntryTFMin"": 5, ""GridSpacingPts"": 45, ""TP_Pips"": 11.5, ""MaxLayers"": 6, ""Ladder"": ""step1"", ""MaxHoldSec"": 60, ""StopPips"": 5.0, ""MaxBasketRiskPct"": 1.0, ""AddMinSec"": 60, ""Session"": ""ny_1519"", ""ZEntry"": 1.5, ""ZEmaBars"": 60, ""NewsBeforeMin"": 60, ""NewsAfterMin"": 30, ""NewsCloseMode"": 0, ""DailyLossPct"": 3.0, ""MaxSpreadPts"": 0}"
-92.30099999999689,-5.098431332537556,25.029216984777776,0.0,1.0,76.99000000003113,0.6242162021612992,812.1859649122861,159.0,196.0,456.0,"{""EntryMode"": 0, ""EntryTFMin"": 5, ""GridSpacingPts"": 80, ""TP_Pips"": 4.5, ""MaxLayers"": 5, ""Ladder"": ""step2"", ""MaxHoldSec"": 1800, ""StopPips"": 9.0, ""MaxBasketRiskPct"": 3.0, ""AddMinSec"": 30, ""Session"": ""lateny_1923"", ""ZEntry"": 1.5, ""ZEmaBars"": 30, ""NewsBeforeMin"": 15, ""NewsAfterMin"": 15, ""NewsCloseMode"": 0, ""DailyLossPct"": 5.0, ""MaxSpreadPts"": 25}"
-92.3520000000085,-5.224570632391689,25.071029685591377,0.0,1.0,76.47999999991504,6.470759077151718,1648.1093908916587,5952.0,822.0,1633.0,"{""EntryMode"": 0, ""EntryTFMin"": 1, ""GridSpacingPts"": 15, ""TP_Pips"": 8.0, ""MaxLayers"": 5, ""Ladder"": ""flat"", ""MaxHoldSec"": 1800, ""StopPips"": 11.0, ""MaxBasketRiskPct"": 2.0, ""AddMinSec"": 60, ""Session"": ""asia_0109"", ""ZEntry"": 1.0, ""ZEmaBars"": 30, ""NewsBeforeMin"": 60, ""NewsAfterMin"": 15, ""NewsCloseMode"": 2, ""DailyLossPct"": 3.0, ""MaxSpreadPts"": 0}"
-92.36300000000027,-5.251865315680071,25.04661890274103,0.0,1.0,76.36999999999726,1.9873319777811032,770.1798698813542,1469.0,84.0,1029.0,"{""EntryMode"": 0, ""EntryTFMin"": 5, ""GridSpacingPts"": 85, ""TP_Pips"": 4.0, ""MaxLayers"": 1, ""Ladder"": ""flat"", ""MaxHoldSec"": 900, ""StopPips"": 13.0, ""MaxBasketRiskPct"": 5.0, ""AddMinSec"": 30, ""Session"": ""asia_0109"", ""ZEntry"": 2.75, ""ZEmaBars"": 120, ""NewsBeforeMin"": 15, ""NewsAfterMin"": 30, ""NewsCloseMode"": 0, ""DailyLossPct"": 8.0, ""MaxSpreadPts"": 0}"
-92.42499999999983,-5.406298915730612,25.552825552821812,0.0,1.0,75.75000000000179,1.1576093317516574,34.56233421750622,1126.0,0.0,378.0,"{""EntryMode"": 1, ""EntryTFMin"": 1, ""GridSpacingPts"": 65, ""TP_Pips"": 1.5, ""MaxLayers"": 2, ""Ladder"": ""step2"", ""MaxHoldSec"": 30, ""StopPips"": 15.0, ""MaxBasketRiskPct"": 5.0, ""AddMinSec"": 0, ""Session"": ""asia_0109"", ""ZEntry"": 2.25, ""ZEmaBars"": 120, ""NewsBeforeMin"": 15, ""NewsAfterMin"": 60, ""NewsCloseMode"": 0, ""DailyLossPct"": 3.0, ""MaxSpreadPts"": 25}"
-92.44799999999984,-5.463845953210377,25.042183622827118,0.0,1.0,75.5200000000016,4.1863278958758405,126.79779411764716,5218.0,21.0,200.0,"{""EntryMode"": 0, ""EntryTFMin"": 5, ""GridSpacingPts"": 25, ""TP_Pips"": 9.0, ""MaxLayers"": 1, ""Ladder"": ""flat"", ""MaxHoldSec"": 120, ""StopPips"": 19.0, ""MaxBasketRiskPct"": 3.0, ""AddMinSec"": 15, ""Session"": ""ny_1519"", ""ZEntry"": 1.75, ""ZEmaBars"": 120, ""NewsBeforeMin"": 30, ""NewsAfterMin"": 60, ""NewsCloseMode"": 2, ""DailyLossPct"": 5.0, ""MaxSpreadPts"": 25}"
-92.44899999998816,-5.466351176701245,25.029785543964778,0.0,1.0,75.51000000011837,4.571171423718812,123.89111556446916,124.0,2743.0,3072.0,"{""EntryMode"": 0, ""EntryTFMin"": 1, ""GridSpacingPts"": 105, ""TP_Pips"": 3.5, ""MaxLayers"": 3, ""Ladder"": ""step1"", ""MaxHoldSec"": 600, ""StopPips"": 4.0, ""MaxBasketRiskPct"": 1.0, ""AddMinSec"": 60, ""Session"": ""ny_1519"", ""ZEntry"": 1.5, ""ZEmaBars"": 30, ""NewsBeforeMin"": 60, ""NewsAfterMin"": 15, ""NewsCloseMode"": 0, ""DailyLossPct"": 5.0, ""MaxSpreadPts"": 25}"
-92.45700000000093,-5.486402524384937,25.743256546565966,0.0,1.0,75.4299999999907,5.3339312959035805,299.1263112516151,6486.0,31.0,413.0,"{""EntryMode"": 0, ""EntryTFMin"": 1, ""GridSpacingPts"": 135, ""TP_Pips"": 9.0, ""MaxLayers"": 2, ""Ladder"": ""step2"", ""MaxHoldSec"": 300, ""StopPips"": 20.0, ""MaxBasketRiskPct"": 5.0, ""AddMinSec"": 30, ""Session"": ""allday_0123"", ""ZEntry"": 3.0, ""ZEmaBars"": 120, ""NewsBeforeMin"": 30, ""NewsAfterMin"": 30, ""NewsCloseMode"": 0, ""DailyLossPct"": 3.0, ""MaxSpreadPts"": 25}"
-92.46099999999979,-5.496434577792342,25.052192066803602,0.0,1.0,75.39000000000216,0.5149206402538955,59.55223880597016,655.0,13.0,1.0,"{""EntryMode"": 1, ""EntryTFMin"": 5, ""GridSpacingPts"": 140, ""TP_Pips"": 9.5, ""MaxLayers"": 6, ""Ladder"": ""step1"", ""MaxHoldSec"": 60, ""StopPips"": 10.0, ""MaxBasketRiskPct"": 3.0, ""AddMinSec"": 15, ""Session"": ""allday_0123"", ""ZEntry"": 2.0, ""ZEmaBars"": 120, ""NewsBeforeMin"": 30, ""NewsAfterMin"": 60, ""NewsCloseMode"": 0, ""DailyLossPct"": 5.0, ""MaxSpreadPts"": 25}"
-92.46899999999934,-5.51651146409916,25.082114063893275,0.0,1.0,75.31000000000655,0.14777991469170093,521.73469387755,71.0,101.0,20.0,"{""EntryMode"": 1, ""EntryTFMin"": 5, ""GridSpacingPts"": 90, ""TP_Pips"": 11.0, ""MaxLayers"": 5, ""Ladder"": ""flat"", ""MaxHoldSec"": 900, ""StopPips"": 6.0, ""MaxBasketRiskPct"": 5.0, ""AddMinSec"": 30, ""Session"": ""london_1013"", ""ZEntry"": 2.75, ""ZEmaBars"": 120, ""NewsBeforeMin"": 30, ""NewsAfterMin"": 15, ""NewsCloseMode"": 2, ""DailyLossPct"": 8.0, ""MaxSpreadPts"": 0}"
-92.46900000000103,-5.516511464103413,25.027376804390595,0.0,1.0,75.30999999998964,0.7396692605141907,780.5490196078518,226.0,146.0,589.0,"{""EntryMode"": 0, ""EntryTFMin"": 1, ""GridSpacingPts"": 80, ""TP_Pips"": 4.0, ""MaxLayers"": 1, ""Ladder"": ""step1"", ""MaxHoldSec"": 1800, ""StopPips"": 12.0, ""MaxBasketRiskPct"": 2.0, ""AddMinSec"": 30, ""Session"": ""lateny_1923"", ""ZEntry"": 3.0, ""ZEmaBars"": 30, ""NewsBeforeMin"": 30, ""NewsAfterMin"": 60, ""NewsCloseMode"": 2, ""DailyLossPct"": 8.0, ""MaxSpreadPts"": 25}"
-92.47700000000054,-5.536605416888484,25.166616930274888,0.0,1.0,75.22999999999452,1.0783315650160052,59.41595441595419,490.0,1.0,910.0,"{""EntryMode"": 0, ""EntryTFMin"": 1, ""GridSpacingPts"": 150, ""TP_Pips"": 1.0, ""MaxLayers"": 2, ""Ladder"": ""step1"", ""MaxHoldSec"": 120, ""StopPips"": 22.0, ""MaxBasketRiskPct"": 5.0, ""AddMinSec"": 15, ""Session"": ""ny_1519"", ""ZEntry"": 2.25, ""ZEmaBars"": 90, ""NewsBeforeMin"": 60, ""NewsAfterMin"": 60, ""NewsCloseMode"": 0, ""DailyLossPct"": 8.0, ""MaxSpreadPts"": 0}"
-92.49399999999942,-5.579361881917777,25.05990415334883,0.0,1.0,75.06000000000583,0.6165193316044398,632.9212121212094,160.0,12.0,629.0,"{""EntryMode"": 0, ""EntryTFMin"": 1, ""GridSpacingPts"": 90, ""TP_Pips"": 1.5, ""MaxLayers"": 2, ""Ladder"": ""step1"", ""MaxHoldSec"": 1800, ""StopPips"": 19.0, ""MaxBasketRiskPct"": 3.0, ""AddMinSec"": 60, ""Session"": ""asia_0309"", ""ZEntry"": 1.0, ""ZEmaBars"": 60, ""NewsBeforeMin"": 60, ""NewsAfterMin"": 30, ""NewsCloseMode"": 2, ""DailyLossPct"": 5.0, ""MaxSpreadPts"": 25}"
-92.501,-5.596990001395996,25.084915084915288,0.0,1.0,74.98999999999997,0.17317958752933704,23.451327433628315,74.0,4.0,147.0,"{""EntryMode"": 1, ""EntryTFMin"": 1, ""GridSpacingPts"": 55, ""TP_Pips"": 1.0, ""MaxLayers"": 3, ""Ladder"": ""step1"", ""MaxHoldSec"": 30, ""StopPips"": 10.0, ""MaxBasketRiskPct"": 5.0, ""AddMinSec"": 0, ""Session"": ""london_1013"", ""ZEntry"": 1.0, ""ZEmaBars"": 30, ""NewsBeforeMin"": 60, ""NewsAfterMin"": 60, ""NewsCloseMode"": 2, ""DailyLossPct"": 8.0, ""MaxSpreadPts"": 25}"
-92.50199999999745,-5.599509378517165,25.019999999974633,0.0,1.0,74.98000000002547,1.8103039549733364,643.3069554352297,813.0,512.0,1027.0,"{""EntryMode"": 0, ""EntryTFMin"": 1, ""GridSpacingPts"": 65, ""TP_Pips"": 3.5, ""MaxLayers"": 2, ""Ladder"": ""step1"", ""MaxHoldSec"": 900, ""StopPips"": 6.0, ""MaxBasketRiskPct"": 5.0, ""AddMinSec"": 15, ""Session"": ""asia_0309"", ""ZEntry"": 1.25, ""ZEmaBars"": 30, ""NewsBeforeMin"": 60, ""NewsAfterMin"": 30, ""NewsCloseMode"": 2, ""DailyLossPct"": 5.0, ""MaxSpreadPts"": 25}"
-92.50199999999991,-5.599509378523349,25.019999999999172,0.0,1.0,74.98000000000094,2.422205164243661,67.131979695432,2716.0,2.0,429.0,"{""EntryMode"": 0, ""EntryTFMin"": 1, ""GridSpacingPts"": 105, ""TP_Pips"": 2.0, ""MaxLayers"": 6, ""Ladder"": ""flat"", ""MaxHoldSec"": 60, ""StopPips"": 27.0, ""MaxBasketRiskPct"": 5.0, ""AddMinSec"": 0, ""Session"": ""allday_0123"", ""ZEntry"": 2.75, ""ZEmaBars"": 60, ""NewsBeforeMin"": 30, ""NewsAfterMin"": 60, ""NewsCloseMode"": 2, ""DailyLossPct"": 8.0, ""MaxSpreadPts"": 0}"
-92.50600000001148,-5.609589575505536,25.060000000115213,0.0,1.0,74.93999999988513,208.8422675674895,134.17485142550595,269986.0,482.0,866.0,"{""EntryMode"": 0, ""EntryTFMin"": 1, ""GridSpacingPts"": 135, ""TP_Pips"": 11.5, ""MaxLayers"": 6, ""Ladder"": ""step1"", ""MaxHoldSec"": 120, ""StopPips"": 14.0, ""MaxBasketRiskPct"": 2.0, ""AddMinSec"": 15, ""Session"": ""lateny_1923"", ""ZEntry"": 2.25, ""ZEmaBars"": 30, ""NewsBeforeMin"": 60, ""NewsAfterMin"": 60, ""NewsCloseMode"": 2, ""DailyLossPct"": 3.0, ""MaxSpreadPts"": 0}"
-92.50899999999723,-5.617152547857351,25.089999999972306,0.0,1.0,74.9100000000277,0.881291678760404,135.62446167097406,37.0,259.0,849.0,"{""EntryMode"": 0, ""EntryTFMin"": 1, ""GridSpacingPts"": 130, ""TP_Pips"": 2.0, ""MaxLayers"": 3, ""Ladder"": ""step2"", ""MaxHoldSec"": 600, ""StopPips"": 7.0, ""MaxBasketRiskPct"": 5.0, ""AddMinSec"": 15, ""Session"": ""london_1013"", ""ZEntry"": 1.5, ""ZEmaBars"": 30, ""NewsBeforeMin"": 30, ""NewsAfterMin"": 15, ""NewsCloseMode"": 2, ""DailyLossPct"": 3.0, ""MaxSpreadPts"": 0}"
-92.51199999999982,-5.6247179433393075,25.419999999998126,0.0,1.0,74.8800000000018,0.3217291892767239,38.755760368663466,407.0,8.0,3.0,"{""EntryMode"": 0, ""EntryTFMin"": 5, ""GridSpacingPts"": 30, ""TP_Pips"": 11.0, ""MaxLayers"": 5, ""Ladder"": ""step1"", ""MaxHoldSec"": 30, ""StopPips"": 8.0, ""MaxBasketRiskPct"": 5.0, ""AddMinSec"": 15, ""Session"": ""london_1013"", ""ZEntry"": 1.5, ""ZEmaBars"": 90, ""NewsBeforeMin"": 30, ""NewsAfterMin"": 30, ""NewsCloseMode"": 0, ""DailyLossPct"": 3.0, ""MaxSpreadPts"": 25}"
-92.51499999999774,-5.632285763644762,25.149999999977453,0.0,1.0,74.85000000002259,15.658513460874811,63.72997936523501,20092.0,92.0,160.0,"{""EntryMode"": 0, ""EntryTFMin"": 1, ""GridSpacingPts"": 45, ""TP_Pips"": 8.5, ""MaxLayers"": 3, ""Ladder"": ""flat"", ""MaxHoldSec"": 60, ""StopPips"": 10.0, ""MaxBasketRiskPct"": 2.0, ""AddMinSec"": 15, ""Session"": ""allday_0123"", ""ZEntry"": 3.0, ""ZEmaBars"": 60, ""NewsBeforeMin"": 60, ""NewsAfterMin"": 15, ""NewsCloseMode"": 2, ""DailyLossPct"": 5.0, ""MaxSpreadPts"": 25}"
-92.51599999999965,-5.63480890957443,25.561965386907538,0.0,1.0,74.8400000000035,135.88209218490763,66.46958866244525,176042.0,11.0,489.0,"{""EntryMode"": 0, ""EntryTFMin"": 1, ""GridSpacingPts"": 80, ""TP_Pips"": 6.0, ""MaxLayers"": 1, ""Ladder"": ""step2"", ""MaxHoldSec"": 60, ""StopPips"": 16.0, ""MaxBasketRiskPct"": 5.0, ""AddMinSec"": 0, ""Session"": ""asia_0309"", ""ZEntry"": 2.5, ""ZEmaBars"": 120, ""NewsBeforeMin"": 60, ""NewsAfterMin"": 15, ""NewsCloseMode"": 0, ""DailyLossPct"": 3.0, ""MaxSpreadPts"": 25}"
-92.52800000000026,-5.665107714703044,25.28000000000302,0.0,1.0,74.71999999999736,7.261227683341181,39.762611275968226,9327.0,10.0,97.0,"{""EntryMode"": 0, ""EntryTFMin"": 5, ""GridSpacingPts"": 10, ""TP_Pips"": 8.5, ""MaxLayers"": 4, ""Ladder"": ""step2"", ""MaxHoldSec"": 30, ""StopPips"": 19.0, ""MaxBasketRiskPct"": 5.0, ""AddMinSec"": 60, ""Session"": ""london_1013"", ""ZEntry"": 1.0, ""ZEmaBars"": 30, ""NewsBeforeMin"": 60, ""NewsAfterMin"": 30, ""NewsCloseMode"": 0, ""DailyLossPct"": 5.0, ""MaxSpreadPts"": 25}"
-92.58000000000048,-5.796854044418376,25.814837032598337,0.0,1.0,74.19999999999513,0.6049740257691507,28.181818181818056,237.0,1.0,548.0,"{""EntryMode"": 0, ""EntryTFMin"": 1, ""GridSpacingPts"": 125, ""TP_Pips"": 0.5, ""MaxLayers"": 5, ""Ladder"": ""step1"", ""MaxHoldSec"": 60, ""StopPips"": 27.0, ""MaxBasketRiskPct"": 5.0, ""AddMinSec"": 15, ""Session"": ""london_1013"", ""ZEntry"": 2.0, ""ZEmaBars"": 30, ""NewsBeforeMin"": 60, ""NewsAfterMin"": 30, ""NewsCloseMode"": 2, ""DailyLossPct"": 5.0, ""MaxSpreadPts"": 0}"
-92.59800000000071,-5.842630620071776,26.23081522823123,0.0,1.0,74.01999999999288,9.5926097750139,140.6007349416831,11820.0,5.0,638.0,"{""EntryMode"": 0, ""EntryTFMin"": 1, ""GridSpacingPts"": 75, ""TP_Pips"": 7.5, ""MaxLayers"": 2, ""Ladder"": ""step1"", ""MaxHoldSec"": 120, ""StopPips"": 28.0, ""MaxBasketRiskPct"": 5.0, ""AddMinSec"": 0, ""Session"": ""london_1013"", ""ZEntry"": 2.75, ""ZEmaBars"": 30, ""NewsBeforeMin"": 60, ""NewsAfterMin"": 30, ""NewsCloseMode"": 2, ""DailyLossPct"": 8.0, ""MaxSpreadPts"": 0}"
-92.64400000000009,-5.960021053620834,26.542840023967244,0.0,1.0,73.55999999999916,1.1599183929187151,113.19233311302115,1074.0,3.0,430.0,"{""EntryMode"": 0, ""EntryTFMin"": 5, ""GridSpacingPts"": 50, ""TP_Pips"": 1.5, ""MaxLayers"": 4, ""Ladder"": ""step1"", ""MaxHoldSec"": 120, ""StopPips"": 19.0, ""MaxBasketRiskPct"": 3.0, ""AddMinSec"": 30, ""Session"": ""allday_0123"", ""ZEntry"": 3.0, ""ZEmaBars"": 60, ""NewsBeforeMin"": 30, ""NewsAfterMin"": 30, ""NewsCloseMode"": 0, ""DailyLossPct"": 5.0, ""MaxSpreadPts"": 0}"
