BaseLot,MaxTotalLots,HaltCooldownMin,NewsFilter,NewsBeforeMin,NewsAfterMin,UseTimeFilter,RefCapital,GridSpacingPts,TP_Pips,MaxLayers,EmergencyCloseDD_Pct,FlatLayers,LotIncrement,LotIncEvery,LotSchedule,is_final_equity,oos_final_equity,is_cagr_pct,oos_cagr_pct,is_max_dd_pct,oos_max_dd_pct,is_min_equity,oos_min_equity,is_wins,oos_wins,is_losses,oos_losses,is_basket_stops,oos_basket_stops,is_stopouts,oos_stopouts,is_max_layers_used,oos_max_layers_used,is_grids_hit_max,oos_grids_hit_max,is_swap,oos_swap,is_score,oos_score,is_ruined,oos_ruined
0.01,1.0,1440,1,30,30,0,0,200,18.0,5,40,3,0.01,2,inc_every2,10.350000000012692,7.4244799999997895,-36.485745060145746,-53.874965886708324,91.24439556720071,92.77352540393262,10.35000000001245,7.424479999999626,28.0,46.0,0.0,0.0,4.0,5.0,0.0,1.0,5.0,5.0,4.0,6.0,-0.30000000000000004,-2.06,-98.96499999999875,-99.25755200000003,1,1
0.01,1.0,1440,1,30,30,0,0,75,3.0,12,25,99,0.0,1,flat,10.33000000022723,5.371150000000789,-36.510325195858954,-58.11121085141204,93.77860756431045,95.17850089766672,10.330000000225866,5.371150000000455,814.0,360.0,0.0,0.0,21.0,11.0,0.0,1.0,8.0,8.0,0.0,0.0,-2.3100000000000005,-2.8600000000000003,-98.96699999997742,-99.46288499999996,1,1
0.01,1.0,1440,1,30,30,0,0,75,3.0,18,25,99,0.0,1,flat,10.33000000022723,5.371150000000789,-36.510325195858954,-58.11121085141204,93.77860756431045,95.17850089766672,10.330000000225866,5.371150000000455,814.0,360.0,0.0,0.0,21.0,11.0,0.0,1.0,8.0,8.0,0.0,0.0,-2.3100000000000005,-2.8600000000000003,-98.96699999997742,-99.46288499999996,1,1
0.01,1.0,1440,1,30,30,0,0,75,3.0,8,25,99,0.0,1,flat,10.33000000022723,5.371150000000789,-36.510325195858954,-58.11121085141204,93.77860756431045,95.17850089766672,10.330000000225866,5.371150000000455,814.0,360.0,0.0,0.0,21.0,11.0,0.0,1.0,8.0,8.0,24.0,12.0,-2.3100000000000005,-2.8600000000000003,-98.96699999997742,-99.46288499999996,1,1
0.01,1.0,1440,1,30,30,0,0,150,3.0,8,0,99,0.0,1,flat,10.306240000001779,8.469999999998507,-36.539575920454126,-52.03071476196259,90.41903876545484,91.89861310378036,10.306240000000543,8.469999999998507,72.0,61.0,0.0,0.0,0.0,0.0,1.0,1.0,8.0,8.0,2.0,2.0,-2.24,-0.8500000000000001,-98.96937599999994,-99.15300000000015,1,1
0.01,1.0,1440,1,30,30,0,0,75,3.0,8,0,99,0.0,1,flat,10.306240000001281,8.417040000001109,-36.53957592045474,-52.12016522066677,91.06214552077067,91.59640575079831,10.306240000000514,8.417040000000483,89.0,43.0,0.0,0.0,0.0,0.0,1.0,1.0,8.0,8.0,2.0,2.0,-2.56,-0.88,-98.96937599999995,-99.15829599999995,1,1
0.01,1.0,1440,1,30,30,0,0,100,3.0,8,0,99,0.0,1,flat,10.30624000000114,8.453439999999134,-36.539575920454915,-52.0586425997698,91.0884219628193,91.58191595299833,10.30623999999986,8.453439999999134,86.0,47.0,0.0,0.0,0.0,0.0,1.0,1.0,8.0,8.0,2.0,2.0,-2.49,-0.8700000000000001,-98.96937600000001,-99.15465600000009,1,1
0.01,1.0,1440,1,30,30,0,0,50,3.0,8,0,99,0.0,1,flat,10.299200000000297,8.281920000002586,-36.54825315999531,-52.350190576583074,91.5863083081453,91.74285144566225,10.299200000000155,8.281920000000895,93.0,25.0,0.0,0.0,0.0,0.0,1.0,1.0,8.0,8.0,7.0,1.0,-3.0100000000000007,0.0,-98.97007999999998,-99.17180799999991,1,1
0.01,1.0,1440,1,30,30,0,0,75,5.3,8,0,99,0.0,1,flat,10.294560000000786,8.417040000000696,-36.553974843989224,-52.12016522066747,91.53268629708879,91.70980005909595,10.294560000000104,8.417040000000156,61.0,27.0,0.0,0.0,0.0,0.0,1.0,1.0,8.0,8.0,2.0,2.0,-2.6900000000000004,-0.88,-98.97054399999999,-99.15829599999998,1,1
0.01,1.0,1440,1,30,30,0,0,200,3.0,8,0,99,0.0,1,flat,10.294560000000047,8.482480000002326,-36.55397484399013,-52.0096930292442,90.61058008026357,92.30823358723244,10.29455999999982,8.482480000000791,80.0,67.0,0.0,0.0,0.0,0.0,1.0,1.0,8.0,8.0,2.0,2.0,-2.21,-0.36000000000000004,-98.97054400000002,-99.15175199999992,1,1
0.01,1.0,1440,1,30,30,0,0,150,5.3,8,0,99,0.0,1,flat,10.294560000000757,8.448320000001559,-36.55397484398926,-52.06728507049269,90.72979738856452,91.76416455449433,10.29455999999945,8.448320000000223,53.0,39.0,0.0,0.0,0.0,0.0,1.0,1.0,8.0,8.0,2.0,2.0,-2.24,-0.8500000000000001,-98.97054400000006,-99.15516799999997,1,1
0.01,1.0,1440,1,30,30,0,0,100,5.3,8,0,99,0.0,1,flat,10.285760000000835,8.43279999999912,-36.564831982018084,-52.09350505893647,91.61578089338093,91.70408263649887,10.285760000000664,8.43279999999912,71.0,32.0,0.0,0.0,0.0,0.0,1.0,1.0,8.0,8.0,2.0,2.0,-2.49,-0.8700000000000001,-98.97142399999993,-99.15672000000009,1,1
0.01,1.0,1440,1,30,30,0,0,150,8.0,8,0,99,0.0,1,flat,10.285760000001204,8.470720000001421,-36.56483198201763,-52.02950137850535,91.3550512691219,91.82126098291101,10.285760000000238,8.47071999999983,42.0,39.0,0.0,0.0,0.0,0.0,1.0,1.0,8.0,8.0,2.0,2.0,-2.24,-0.8500000000000001,-98.97142399999997,-99.15292800000002,1,1
0.01,1.0,1440,1,30,30,0,0,200,5.3,8,0,99,0.0,1,flat,10.285760000001034,8.464640000000173,-36.56483198201784,-52.03975000573298,91.39698895951929,92.22785786429209,10.285759999999584,8.464640000000173,63.0,46.0,0.0,0.0,0.0,0.0,1.0,1.0,8.0,8.0,2.0,2.0,-2.21,-0.39,-98.97142400000004,-99.15353599999999,1,1
0.01,1.0,1440,1,30,30,0,0,300,3.0,8,0,99,0.0,1,flat,10.264080000001101,8.9886399999981,-36.591611757285904,-51.174818133992936,90.30043470043422,96.84077042035817,10.26408000000076,8.9886399999981,70.0,767.0,0.0,2.0,0.0,0.0,1.0,1.0,8.0,8.0,1.0,5.0,-1.6000000000000003,-48.55000000000001,-98.97359199999993,-99.1011360000002,1,1
0.01,1.0,1440,1,30,30,0,0,300,3.0,18,0,99,0.0,1,flat,10.264080000001101,3.3652200000008747,-36.591611757285904,-63.55199582384385,90.30043470043422,98.93187964197298,10.26408000000076,3.3652200000003774,70.0,864.0,0.0,4.0,0.0,0.0,1.0,2.0,8.0,14.0,0.0,0.0,-1.6000000000000003,-44.76000000000003,-98.97359199999993,-99.66347799999997,1,1
0.01,1.0,1440,1,30,30,0,0,300,3.0,12,0,99,0.0,1,flat,10.264080000001101,3.3277200000005536,-36.591611757285904,-63.67333398918033,90.30043470043422,98.94378213673598,10.26408000000076,3.3277200000001237,70.0,849.0,0.0,4.0,0.0,0.0,1.0,2.0,8.0,12.0,0.0,2.0,-1.6000000000000003,-44.510000000000026,-98.97359199999993,-99.667228,1,1
0.01,1.0,1440,1,30,30,0,0,200,12.0,8,0,99,0.0,1,flat,10.263440000001111,8.539680000000146,-36.59240299143186,-51.91362042415382,92.0598483676308,92.86337957546412,10.263440000000827,8.539680000000146,35.0,54.0,0.0,0.0,0.0,0.0,1.0,1.0,8.0,8.0,2.0,3.0,-2.0700000000000003,-2.21,-98.97365599999992,-99.14603199999999,1,1
0.01,1.0,1440,1,30,30,0,0,200,8.0,8,0,99,0.0,1,flat,10.263439999999918,8.479999999999535,-36.592402991433325,-52.01386869438976,91.95150564617381,92.45954117019501,10.263439999999918,8.479999999999109,49.0,37.0,0.0,0.0,0.0,0.0,1.0,1.0,8.0,8.0,2.0,2.0,-2.21,-0.39,-98.973656,-99.15200000000009,1,1
0.01,1.0,1440,1,30,30,0,0,300,5.3,8,0,99,0.0,1,flat,10.263440000000045,8.478800000000945,-36.59240299143317,-52.015889485472464,90.90684858687055,92.06847521047746,10.263439999999264,8.478799999999694,59.0,50.0,0.0,0.0,0.0,0.0,1.0,1.0,8.0,8.0,1.0,1.0,-1.6000000000000003,-0.33,-98.97365600000008,-99.15212000000002,1,1
0.01,1.0,1440,1,30,30,0,0,75,8.0,8,0,99,0.0,1,flat,10.263360000002223,8.446719999999885,-36.59250189847363,-52.06998659707405,91.76229231880579,91.83339456637425,10.26336000000066,8.446719999999374,46.0,27.0,0.0,0.0,0.0,0.0,1.0,1.0,8.0,8.0,2.0,2.0,-2.68,-0.88,-98.97366399999993,-99.15532800000007,1,1
0.01,1.0,1440,1,30,30,0,0,100,8.0,8,0,99,0.0,1,flat,10.263360000001256,8.44232000000018,-36.592501898474815,-52.07741764905772,91.80831670524398,91.82579395817199,10.263360000000063,8.442320000000137,49.0,26.0,0.0,0.0,0.0,0.0,1.0,1.0,8.0,8.0,2.0,2.0,-2.48,-0.8700000000000001,-98.973664,-99.15576799999998,1,1
0.01,1.0,1440,1,30,30,0,0,150,12.0,8,0,99,0.0,1,flat,10.263360000001256,8.482160000000249,-36.592501898474815,-52.01023177655932,91.19176107106107,92.1729629971406,10.263359999999835,8.48215999999934,31.0,32.0,0.0,0.0,0.0,0.0,1.0,1.0,8.0,8.0,2.0,2.0,-2.24,-1.06,-98.97366400000001,-99.15178400000006,1,1
0.01,1.0,1440,1,30,30,0,0,50,5.3,8,0,99,0.0,1,flat,10.263360000001711,8.427360000001428,-36.59250189847426,-52.102703592931256,92.10571494500495,91.70780281412962,10.263359999999665,8.427360000000476,69.0,26.0,0.0,0.0,0.0,0.0,1.0,1.0,8.0,8.0,7.0,3.0,-3.0100000000000007,-1.09,-98.97366400000003,-99.15726399999996,1,1
0.01,1.0,1440,1,30,30,0,0,50,8.0,12,0,99,0.0,1,flat,10.25792000000143,4.154479999999149,-36.59922902457544,-61.19363521417971,92.81607955739209,96.01374016503647,10.257920000000752,4.154479999999149,57.0,14.0,0.0,0.0,0.0,0.0,2.0,2.0,12.0,12.0,2.0,1.0,-4.01,0.0,-98.97420799999992,-99.58455200000009,1,1
0.01,1.0,1440,1,30,30,0,0,300,8.0,8,0,99,0.0,1,flat,10.253280000002263,9.186559999999645,-36.60496912279241,-50.85734399483919,91.07634464751997,97.59928918622298,10.253279999999705,9.186559999999645,43.0,422.0,0.0,2.0,0.0,0.0,1.0,1.0,8.0,8.0,1.0,6.0,-1.6000000000000003,-65.08999999999997,-98.97467200000003,-99.08134400000003,1,1
0.01,1.0,1440,1,30,30,0,0,300,12.0,8,0,99,0.0,1,flat,10.240160000002447,9.195360000000619,-36.62121099670339,-50.843340352019496,91.32998052662718,97.57474350520903,10.240160000000827,9.195360000000278,32.0,268.0,0.0,1.0,0.0,0.0,1.0,1.0,8.0,8.0,1.0,6.0,-1.5900000000000003,-68.49999999999993,-98.97598399999991,-99.08046399999998,1,1
0.01,1.0,1440,1,30,30,0,0,150,18.0,8,0,99,0.0,1,flat,10.240160000000117,8.48752000000269,-36.621210996706274,-52.00120964158008,91.35048568291285,91.63791133004867,10.240159999999776,8.487520000000643,25.0,19.0,0.0,0.0,0.0,0.0,1.0,1.0,8.0,8.0,2.0,2.0,-2.24,-1.06,-98.97598400000003,-99.15124799999994,1,1
0.01,1.0,1440,1,30,30,0,0,100,12.0,8,0,99,0.0,1,flat,10.240160000001254,8.457280000001134,-36.62121099670487,-52.0521631593343,91.98484658735194,91.8491904394757,10.240159999999264,8.457280000000111,40.0,23.0,0.0,0.0,0.0,0.0,1.0,1.0,8.0,8.0,2.0,2.0,-2.3400000000000003,-1.08,-98.97598400000007,-99.15427199999999,1,1
0.01,1.0,1440,1,30,30,0,0,200,18.0,8,0,99,0.0,1,flat,10.240160000000913,8.709919999998363,-36.62121099670529,-51.63033542311766,92.79622933521038,92.80231385836272,10.240159999999179,8.709919999998363,26.0,80.0,0.0,1.0,0.0,0.0,1.0,1.0,8.0,8.0,2.0,4.0,-2.14,-35.549999999999955,-98.97598400000008,-99.12900800000017,1,1
0.01,1.0,1440,1,30,30,0,0,75,18.0,5,25,5,0.01,1,inc_every1,10.230000000081851,-1.3999999998826382,-36.63379998501869,-99.94670849517411,92.6190476189908,100.8129609197389,10.230000000081851,-1.3999999998826382,121.0,175.0,0.0,0.0,27.0,35.0,0.0,1.0,5.0,5.0,51.0,79.0,-5.510000000000001,-18.28,-98.97699999999182,-100.13999999998826,1,1
0.01,1.0,1440,1,30,30,0,0,75,18.0,5,25,5,0.01,3,inc_every3,10.230000000081851,-1.3999999998826382,-36.63379998501869,-99.94670849517411,92.6190476189908,100.8129609197389,10.230000000081851,-1.3999999998826382,121.0,175.0,0.0,0.0,27.0,35.0,0.0,1.0,5.0,5.0,51.0,79.0,-5.510000000000001,-18.28,-98.97699999999182,-100.13999999998826,1,1
0.01,1.0,1440,1,30,30,0,0,75,18.0,5,25,99,0.0,1,flat,10.230000000081851,-1.3999999998826382,-36.63379998501869,-99.94670849517411,92.6190476189908,100.8129609197389,10.230000000081851,-1.3999999998826382,121.0,175.0,0.0,0.0,27.0,35.0,0.0,1.0,5.0,5.0,51.0,79.0,-5.510000000000001,-18.28,-98.97699999999182,-100.13999999998826,1,1
0.01,1.0,1440,1,30,30,0,0,75,12.0,8,0,99,0.0,1,flat,10.227280000002793,8.454719999999895,-36.6371719624913,-52.05648255661717,92.31493838292745,91.89151241968031,10.227280000000775,8.454719999999583,43.0,23.0,0.0,0.0,0.0,0.0,1.0,1.0,8.0,8.0,2.0,2.0,-2.54,-1.09,-98.97727199999993,-99.15452800000004,1,1
0.01,1.0,1440,1,30,30,0,0,300,18.0,8,0,99,0.0,1,flat,10.226400000000552,8.559680000000554,-36.63826304993093,-51.880135271642835,92.0299275192899,92.44711903291316,10.226399999999416,8.559679999999986,26.0,38.0,0.0,0.0,0.0,0.0,1.0,1.0,8.0,8.0,1.0,1.0,-1.5900000000000003,-2.87,-98.97736000000006,-99.144032,1,1
0.01,1.0,1440,1,30,30,0,0,100,18.0,8,0,99,0.0,1,flat,10.220959999999451,8.8786399999982,-36.64500962170635,-51.35339158260359,91.7976406387936,94.10918259023559,10.220959999999451,8.8786399999982,29.0,95.0,0.0,1.0,0.0,0.0,1.0,1.0,8.0,8.0,2.0,13.0,-2.98,-73.70999999999997,-98.97790400000005,-99.11213600000018,1,1
0.01,1.0,1440,1,30,30,0,0,50,8.0,8,0,99,0.0,1,flat,10.212320000000233,8.453440000000853,-36.65573067090983,-52.05864259976689,92.77055075746925,91.8888505085397,10.212319999999636,8.453440000000228,71.0,28.0,0.0,0.0,0.0,0.0,1.0,1.0,8.0,8.0,7.0,3.0,-3.56,-1.3,-98.97876800000003,-99.15465599999997,1,1
0.01,1.0,1440,1,30,30,0,0,75,18.0,8,0,99,0.0,1,flat,10.167520000001105,8.923199999998928,-36.711437926517185,-51.28086687421174,92.41569446516463,94.43968095713224,10.167520000000877,8.923199999998928,34.0,90.0,0.0,1.0,0.0,0.0,1.0,1.0,8.0,8.0,2.0,18.0,-3.13,-77.70999999999998,-98.98324799999992,-99.1076800000001,1,1
0.01,1.0,1440,1,30,30,0,0,50,12.0,8,0,99,0.0,1,flat,10.167520000000366,8.487839999999693,-36.71143792651811,-52.00067113327505,93.08049544031603,91.93171102661687,10.167520000000366,8.487839999999437,48.0,24.0,0.0,0.0,0.0,0.0,1.0,1.0,8.0,8.0,7.0,4.0,-3.37,-1.3,-98.98324799999996,-99.15121600000006,1,1
0.01,1.0,1440,1,30,30,0,0,75,12.0,18,25,5,0.01,3,inc_every3,10.16000000018592,5.380050000000534,-36.72080802285961,-58.090568144097745,94.86920513070278,96.7899463007165,10.16000000018592,5.380050000000534,274.0,213.0,0.0,0.0,40.0,31.0,0.0,1.0,8.0,8.0,0.0,0.0,-5.010000000000001,-10.09,-98.9839999999814,-99.46199499999994,1,1
0.01,1.0,1440,1,30,30,0,0,75,12.0,12,25,5,0.01,3,inc_every3,10.16000000018592,5.380050000000534,-36.72080802285961,-58.090568144097745,94.86920513070278,96.7899463007165,10.16000000018592,5.380050000000534,274.0,213.0,0.0,0.0,40.0,31.0,0.0,1.0,8.0,8.0,0.0,0.0,-5.010000000000001,-10.09,-98.9839999999814,-99.46199499999994,1,1
0.01,1.0,1440,1,30,30,0,0,75,12.0,8,25,5,0.01,3,inc_every3,10.16000000018592,5.380050000000534,-36.72080802285961,-58.090568144097745,94.86920513070278,96.7899463007165,10.16000000018592,5.380050000000534,274.0,213.0,0.0,0.0,40.0,31.0,0.0,1.0,8.0,8.0,39.0,31.0,-5.010000000000001,-10.09,-98.9839999999814,-99.46199499999994,1,1
0.01,1.0,1440,1,30,30,0,0,50,18.0,8,0,99,0.0,1,flat,10.15336000000076,8.887199999998984,-36.72908623180944,-51.339439739461355,92.90817908779842,93.85053971768878,10.153359999999793,8.887199999998984,33.0,68.0,0.0,2.0,0.0,0.0,1.0,1.0,8.0,8.0,6.0,24.0,-4.130000000000001,-80.99999999999999,-98.98466400000002,-99.11128000000011,1,1
0.01,1.0,1440,1,30,30,0,0,150,18.0,18,25,3,0.01,2,inc_every2,10.14000000011616,0.2600000000976692,-36.74575551692173,-82.98794824661859,92.43791483323595,99.83545345225137,10.14000000011616,0.2600000000976692,222.0,188.0,0.0,0.0,39.0,30.0,0.0,1.0,5.0,6.0,0.0,0.0,-8.09,-14.770000000000007,-98.98599999998838,-99.97399999999023,1,1
0.01,1.0,1440,1,30,30,0,0,150,18.0,5,25,3,0.01,2,inc_every2,10.14000000011616,0.5900000000984207,-36.74575551692173,-78.2900991974757,92.43791483323595,99.62660591095609,10.14000000011616,0.5900000000984207,222.0,188.0,0.0,0.0,39.0,30.0,0.0,1.0,5.0,5.0,52.0,36.0,-8.09,-14.780000000000006,-98.98599999998838,-99.94099999999015,1,1
0.01,1.0,1440,1,30,30,0,0,150,18.0,8,25,3,0.01,2,inc_every2,10.14000000011616,0.2600000000976692,-36.74575551692173,-82.98794824661859,92.43791483323595,99.83545345225137,10.14000000011616,0.2600000000976692,222.0,188.0,0.0,0.0,39.0,30.0,0.0,1.0,5.0,6.0,0.0,0.0,-8.09,-14.770000000000007,-98.98599999998838,-99.97399999999023,1,1
0.01,1.0,1440,1,30,30,0,0,150,18.0,12,25,3,0.01,2,inc_every2,10.14000000011616,0.2600000000976692,-36.74575551692173,-82.98794824661859,92.43791483323595,99.83545345225137,10.14000000011616,0.2600000000976692,222.0,188.0,0.0,0.0,39.0,30.0,0.0,1.0,5.0,6.0,0.0,0.0,-8.09,-14.770000000000007,-98.98599999998838,-99.97399999999023,1,1
0.01,1.0,1440,1,30,30,0,0,150,18.0,12,40,5,0.01,3,inc_every3,10.030000000023428,7.51183999999914,-36.88367461083515,-53.71412536594957,91.56008078086269,92.59917241379398,10.030000000023428,7.51183999999914,34.0,56.0,0.0,0.0,5.0,6.0,0.0,1.0,7.0,7.0,0.0,0.0,-0.68,-2.6300000000000003,-98.99699999999766,-99.24881600000009,1,1
0.01,1.0,1440,1,30,30,0,0,150,18.0,8,40,5,0.01,3,inc_every3,10.030000000023428,7.51183999999914,-36.88367461083515,-53.71412536594957,91.56008078086269,92.59917241379398,10.030000000023428,7.51183999999914,34.0,56.0,0.0,0.0,5.0,6.0,0.0,1.0,7.0,7.0,0.0,0.0,-0.68,-2.6300000000000003,-98.99699999999766,-99.24881600000009,1,1
0.01,1.0,1440,1,30,30,0,0,150,18.0,18,40,5,0.01,3,inc_every3,10.030000000023428,7.51183999999914,-36.88367461083515,-53.71412536594957,91.56008078086269,92.59917241379398,10.030000000023428,7.51183999999914,34.0,56.0,0.0,0.0,5.0,6.0,0.0,1.0,7.0,7.0,0.0,0.0,-0.68,-2.6300000000000003,-98.99699999999766,-99.24881600000009,1,1
0.01,1.0,1440,1,30,30,0,0,50,18.0,5,25,3,0.01,2,inc_every2,10.280000000065495,5.390850000001233,-36.57194249618632,-58.065550755893995,93.66179275267373,96.44309184481405,9.970000000044678,5.390850000000192,141.0,54.0,0.0,0.0,42.0,17.0,0.0,1.0,5.0,5.0,88.0,31.0,-4.41,-2.3,-99.00299999999554,-99.46091499999999,1,1
0.01,1.0,1440,1,30,30,0,0,200,18.0,18,15,3,0.01,2,inc_every2,9.950000000094537,5.320000000051056,-36.984741316883486,-58.2303166390984,92.31244688241478,96.15245534096371,9.950000000093766,5.320000000050168,246.0,153.0,0.0,0.0,54.0,35.0,0.0,0.0,4.0,4.0,0.0,0.0,-7.099999999999999,-10.34,-99.00499999999062,-99.46799999999499,1,1
0.01,1.0,1440,1,30,30,0,0,200,18.0,5,15,3,0.01,2,inc_every2,9.950000000094537,5.320000000051056,-36.984741316883486,-58.2303166390984,92.31244688241478,96.15245534096371,9.950000000093766,5.320000000050168,246.0,153.0,0.0,0.0,54.0,35.0,0.0,0.0,4.0,4.0,0.0,0.0,-7.099999999999999,-10.34,-99.00499999999062,-99.46799999999499,1,1
0.01,1.0,1440,1,30,30,0,0,200,18.0,12,15,3,0.01,2,inc_every2,9.950000000094537,5.320000000051056,-36.984741316883486,-58.2303166390984,92.31244688241478,96.15245534096371,9.950000000093766,5.320000000050168,246.0,153.0,0.0,0.0,54.0,35.0,0.0,0.0,4.0,4.0,0.0,0.0,-7.099999999999999,-10.34,-99.00499999999062,-99.46799999999499,1,1
0.01,1.0,1440,1,30,30,0,0,200,18.0,8,15,3,0.01,2,inc_every2,9.950000000094537,5.320000000051056,-36.984741316883486,-58.2303166390984,92.31244688241478,96.15245534096371,9.950000000093766,5.320000000050168,246.0,153.0,0.0,0.0,54.0,35.0,0.0,0.0,4.0,4.0,0.0,0.0,-7.099999999999999,-10.34,-99.00499999999062,-99.46799999999499,1,1
0.01,1.0,1440,1,30,30,0,0,50,18.0,3,25,3,0.01,2,inc_every2,9.86000000007963,3.441900000000558,-37.09922128005167,-63.306809528965424,91.77167654170204,97.34421296296338,9.86000000007963,3.4419000000000537,232.0,263.0,0.0,0.0,43.0,47.0,0.0,1.0,3.0,3.0,188.0,213.0,-10.98,-29.70000000000006,-99.01399999999204,-99.65580999999999,1,1
0.01,1.0,1440,1,30,30,0,0,50,18.0,3,25,5,0.01,1,inc_every1,9.86000000007963,3.441900000000558,-37.09922128005167,-63.306809528965424,91.77167654170204,97.34421296296338,9.86000000007963,3.4419000000000537,232.0,263.0,0.0,0.0,43.0,47.0,0.0,1.0,3.0,3.0,188.0,213.0,-10.98,-29.70000000000006,-99.01399999999204,-99.65580999999999,1,1
0.01,1.0,1440,1,30,30,0,0,50,18.0,3,25,5,0.01,3,inc_every3,9.86000000007963,3.441900000000558,-37.09922128005167,-63.306809528965424,91.77167654170204,97.34421296296338,9.86000000007963,3.4419000000000537,232.0,263.0,0.0,0.0,43.0,47.0,0.0,1.0,3.0,3.0,188.0,213.0,-10.98,-29.70000000000006,-99.01399999999204,-99.65580999999999,1,1
0.01,1.0,1440,1,30,30,0,0,50,18.0,3,25,99,0.0,1,flat,9.86000000007963,3.441900000000558,-37.09922128005167,-63.306809528965424,91.77167654170204,97.34421296296338,9.86000000007963,3.4419000000000537,232.0,263.0,0.0,0.0,43.0,47.0,0.0,1.0,3.0,3.0,188.0,213.0,-10.98,-29.70000000000006,-99.01399999999204,-99.65580999999999,1,1
0.01,1.0,1440,1,30,30,0,0,100,12.0,5,15,5,0.01,1,inc_every1,9.84000000004701,4.302560000000478,-37.12477471204589,-60.787080368442204,92.61593876628713,95.85335389360037,9.840000000046267,4.302560000000316,277.0,73.0,0.0,0.0,50.0,16.0,0.0,1.0,5.0,5.0,62.0,19.0,-3.41,-1.1900000000000002,-99.01599999999537,-99.56974399999997,1,1
0.01,1.0,1440,1,30,30,0,0,100,12.0,5,15,99,0.0,1,flat,9.84000000004701,4.302560000000478,-37.12477471204589,-60.787080368442204,92.61593876628713,95.85335389360037,9.840000000046267,4.302560000000316,277.0,73.0,0.0,0.0,50.0,16.0,0.0,1.0,5.0,5.0,62.0,19.0,-3.41,-1.1900000000000002,-99.01599999999537,-99.56974399999997,1,1
0.01,1.0,1440,1,30,30,0,0,100,12.0,5,15,5,0.01,3,inc_every3,9.84000000004701,4.302560000000478,-37.12477471204589,-60.787080368442204,92.61593876628713,95.85335389360037,9.840000000046267,4.302560000000316,277.0,73.0,0.0,0.0,50.0,16.0,0.0,1.0,5.0,5.0,62.0,19.0,-3.41,-1.1900000000000002,-99.01599999999537,-99.56974399999997,1,1
0.01,1.0,1440,1,30,30,0,0,50,18.0,18,15,99,0.0,1,flat,9.830000000014984,10.300000000056594,-37.13756701028613,-49.15555511849258,91.48475398474139,90.78876766226543,9.830000000014984,10.300000000056329,24.0,69.0,0.0,0.0,13.0,32.0,0.0,0.0,8.0,9.0,0.0,0.0,-0.6100000000000001,-1.9200000000000004,-99.0169999999985,-98.96999999999437,1,1
0.01,1.0,1440,1,30,30,0,0,50,18.0,12,15,99,0.0,1,flat,9.830000000014984,10.300000000056594,-37.13756701028613,-49.15555511849258,91.48475398474139,90.78876766226543,9.830000000014984,10.300000000056329,24.0,69.0,0.0,0.0,13.0,32.0,0.0,0.0,8.0,9.0,0.0,0.0,-0.6100000000000001,-1.9200000000000004,-99.0169999999985,-98.96999999999437,1,1
0.01,1.0,1440,1,30,30,0,0,50,18.0,8,15,99,0.0,1,flat,9.830000000014984,5.293850000000711,-37.13756701028613,-58.29151941743176,91.48475398474139,95.26573958147077,9.830000000014984,5.293850000000171,24.0,70.0,0.0,0.0,13.0,32.0,0.0,1.0,8.0,8.0,10.0,30.0,-0.6100000000000001,-1.9200000000000004,-99.0169999999985,-99.47061499999998,1,1
0.01,1.0,1440,1,30,30,0,0,75,3.0,3,25,5,0.01,3,inc_every3,9.790000000060992,8.4600000000618,-37.18884052941582,-52.047574805796074,91.10969851066176,91.9329073481816,9.790000000059912,8.080000000061379,304.0,413.0,0.0,0.0,9.0,11.0,0.0,0.0,3.0,3.0,55.0,68.0,-1.05,-3.7599999999999993,-99.020999999994,-99.19199999999387,1,1
0.01,1.0,1440,1,30,30,0,0,75,3.0,3,25,99,0.0,1,flat,9.790000000060992,8.4600000000618,-37.18884052941582,-52.047574805796074,91.10969851066176,91.9329073481816,9.790000000059912,8.080000000061379,304.0,413.0,0.0,0.0,9.0,11.0,0.0,0.0,3.0,3.0,55.0,68.0,-1.05,-3.7599999999999993,-99.020999999994,-99.19199999999387,1,1
0.01,1.0,1440,1,30,30,0,0,75,3.0,3,25,3,0.01,2,inc_every2,9.790000000060992,8.4600000000618,-37.18884052941582,-52.047574805796074,91.10969851066176,91.9329073481816,9.790000000059912,8.080000000061379,304.0,413.0,0.0,0.0,9.0,11.0,0.0,0.0,3.0,3.0,55.0,68.0,-1.05,-3.7599999999999993,-99.020999999994,-99.19199999999387,1,1
0.01,1.0,1440,1,30,30,0,0,75,3.0,3,25,5,0.01,1,inc_every1,9.790000000060992,8.4600000000618,-37.18884052941582,-52.047574805796074,91.10969851066176,91.9329073481816,9.790000000059912,8.080000000061379,304.0,413.0,0.0,0.0,9.0,11.0,0.0,0.0,3.0,3.0,55.0,68.0,-1.05,-3.7599999999999993,-99.020999999994,-99.19199999999387,1,1
0.01,1.0,1440,1,30,30,0,0,50,5.3,5,15,3,0.01,2,inc_every2,9.790000000021085,5.365599999999457,-37.18884052946706,-58.12409571665664,92.1257942572021,94.68331351565656,9.790000000021085,5.365599999999457,123.0,88.0,0.0,0.0,16.0,13.0,0.0,1.0,5.0,5.0,27.0,23.0,-0.22999999999999998,-0.22999999999999998,-99.0209999999979,-99.46344000000005,1,1
0.01,1.0,1440,1,30,30,0,0,300,5.3,8,25,3,0.01,2,inc_every2,9.770000000017362,3.1997100000007386,-37.21454015356308,-64.09491329192505,90.91669765710606,96.82410918114131,9.770000000016807,3.1997100000001844,142.0,164.0,0.0,0.0,7.0,7.0,0.0,1.0,4.0,4.0,0.0,0.0,-0.56,-1.8400000000000003,-99.02299999999832,-99.68002899999998,1,1
0.01,1.0,1440,1,30,30,0,0,300,5.3,18,25,3,0.01,2,inc_every2,9.770000000017362,3.1997100000007386,-37.21454015356308,-64.09491329192505,90.91669765710606,96.82410918114131,9.770000000016807,3.1997100000001844,142.0,164.0,0.0,0.0,7.0,7.0,0.0,1.0,4.0,4.0,0.0,0.0,-0.56,-1.8400000000000003,-99.02299999999832,-99.68002899999998,1,1
0.01,1.0,1440,1,30,30,0,0,300,5.3,12,25,3,0.01,2,inc_every2,9.770000000017362,3.1997100000007386,-37.21454015356308,-64.09491329192505,90.91669765710606,96.82410918114131,9.770000000016807,3.1997100000001844,142.0,164.0,0.0,0.0,7.0,7.0,0.0,1.0,4.0,4.0,0.0,0.0,-0.56,-1.8400000000000003,-99.02299999999832,-99.68002899999998,1,1
0.01,1.0,1440,1,30,30,0,0,300,5.3,5,25,3,0.01,2,inc_every2,9.770000000017362,3.1997100000007386,-37.21454015356308,-64.09491329192505,90.91669765710606,96.82410918114131,9.770000000016807,3.1997100000001844,142.0,164.0,0.0,0.0,7.0,7.0,0.0,1.0,4.0,4.0,0.0,0.0,-0.56,-1.8400000000000003,-99.02299999999832,-99.68002899999998,1,1
0.01,1.0,1440,1,30,30,0,0,75,8.0,12,15,5,0.01,1,inc_every1,9.730000000034472,5.365500000000434,-37.26606590438527,-58.124327962229216,91.45141451411676,94.81243352992378,9.73000000003282,5.365499999999997,89.0,111.0,0.0,0.0,15.0,17.0,0.0,1.0,6.0,6.0,0.0,0.0,-0.51,-0.85,-99.02699999999672,-99.46345,1,1
0.01,1.0,1440,1,30,30,0,0,75,8.0,18,15,5,0.01,3,inc_every3,9.730000000034472,5.365500000000434,-37.26606590438527,-58.124327962229216,91.45141451411676,94.81243352992378,9.73000000003282,5.365499999999997,89.0,111.0,0.0,0.0,15.0,17.0,0.0,1.0,6.0,6.0,0.0,0.0,-0.51,-0.85,-99.02699999999672,-99.46345,1,1
0.01,1.0,1440,1,30,30,0,0,75,8.0,18,15,5,0.01,1,inc_every1,9.730000000034472,5.365500000000434,-37.26606590438527,-58.124327962229216,91.45141451411676,94.81243352992378,9.73000000003282,5.365499999999997,89.0,111.0,0.0,0.0,15.0,17.0,0.0,1.0,6.0,6.0,0.0,0.0,-0.51,-0.85,-99.02699999999672,-99.46345,1,1
0.01,1.0,1440,1,30,30,0,0,75,8.0,8,15,5,0.01,3,inc_every3,9.730000000034472,5.365500000000434,-37.26606590438527,-58.124327962229216,91.45141451411676,94.81243352992378,9.73000000003282,5.365499999999997,89.0,111.0,0.0,0.0,15.0,17.0,0.0,1.0,6.0,6.0,0.0,0.0,-0.51,-0.85,-99.02699999999672,-99.46345,1,1
0.01,1.0,1440,1,30,30,0,0,75,8.0,12,15,5,0.01,3,inc_every3,9.730000000034472,5.365500000000434,-37.26606590438527,-58.124327962229216,91.45141451411676,94.81243352992378,9.73000000003282,5.365499999999997,89.0,111.0,0.0,0.0,15.0,17.0,0.0,1.0,6.0,6.0,0.0,0.0,-0.51,-0.85,-99.02699999999672,-99.46345,1,1
0.01,1.0,1440,1,30,30,0,0,75,8.0,8,15,5,0.01,1,inc_every1,9.730000000034472,5.365500000000434,-37.26606590438527,-58.124327962229216,91.45141451411676,94.81243352992378,9.73000000003282,5.365499999999997,89.0,111.0,0.0,0.0,15.0,17.0,0.0,1.0,6.0,6.0,0.0,0.0,-0.51,-0.85,-99.02699999999672,-99.46345,1,1
0.01,1.0,1440,1,30,30,0,0,100,18.0,12,15,5,0.01,1,inc_every1,9.700000000060685,3.1744800000001465,-37.30482152228147,-64.17939598552226,94.5624754750494,97.54316229394038,9.700000000060275,3.1744799999998143,242.0,86.0,0.0,0.0,71.0,27.0,0.0,1.0,6.0,6.0,0.0,0.0,-6.53,-3.11,-99.02999999999398,-99.68255200000002,1,1
0.01,1.0,1440,1,30,30,0,0,100,18.0,18,15,5,0.01,1,inc_every1,9.700000000060685,3.1744800000001465,-37.30482152228147,-64.17939598552226,94.5624754750494,97.54316229394038,9.700000000060275,3.1744799999998143,242.0,86.0,0.0,0.0,71.0,27.0,0.0,1.0,6.0,6.0,0.0,0.0,-6.53,-3.11,-99.02999999999398,-99.68255200000002,1,1
0.01,1.0,1440,1,30,30,0,0,100,18.0,8,15,5,0.01,3,inc_every3,9.700000000060685,3.1744800000001465,-37.30482152228147,-64.17939598552226,94.5624754750494,97.54316229394038,9.700000000060275,3.1744799999998143,242.0,86.0,0.0,0.0,71.0,27.0,0.0,1.0,6.0,6.0,0.0,0.0,-6.53,-3.11,-99.02999999999398,-99.68255200000002,1,1
0.01,1.0,1440,1,30,30,0,0,100,18.0,8,15,5,0.01,1,inc_every1,9.700000000060685,3.1744800000001465,-37.30482152228147,-64.17939598552226,94.5624754750494,97.54316229394038,9.700000000060275,3.1744799999998143,242.0,86.0,0.0,0.0,71.0,27.0,0.0,1.0,6.0,6.0,0.0,0.0,-6.53,-3.11,-99.02999999999398,-99.68255200000002,1,1
0.01,1.0,1440,1,30,30,0,0,100,18.0,12,15,5,0.01,3,inc_every3,9.700000000060685,3.1744800000001465,-37.30482152228147,-64.17939598552226,94.5624754750494,97.54316229394038,9.700000000060275,3.1744799999998143,242.0,86.0,0.0,0.0,71.0,27.0,0.0,1.0,6.0,6.0,0.0,0.0,-6.53,-3.11,-99.02999999999398,-99.68255200000002,1,1
0.01,1.0,1440,1,30,30,0,0,100,18.0,18,15,5,0.01,3,inc_every3,9.700000000060685,3.1744800000001465,-37.30482152228147,-64.17939598552226,94.5624754750494,97.54316229394038,9.700000000060275,3.1744799999998143,242.0,86.0,0.0,0.0,71.0,27.0,0.0,1.0,6.0,6.0,0.0,0.0,-6.53,-3.11,-99.02999999999398,-99.68255200000002,1,1
0.01,1.0,1440,1,30,30,0,0,100,3.0,5,25,3,0.01,2,inc_every2,9.63000000004925,5.368300000000897,-37.39562553915492,-58.11782623507362,91.83275379522617,94.74726027397273,9.63000000004925,5.368300000000254,523.0,443.0,0.0,0.0,14.0,12.0,0.0,1.0,5.0,5.0,30.0,26.0,-1.4200000000000004,-3.48,-99.03699999999507,-99.46316999999998,1,1
0.01,1.0,1440,1,30,30,0,0,300,18.0,3,25,5,0.01,3,inc_every3,9.60000000001816,3.546660000001232,-37.43470323528136,-62.9779629306489,91.43927233813295,97.45576757532307,9.600000000017843,3.5466599999998323,204.0,310.0,0.0,0.0,24.0,35.0,0.0,1.0,3.0,3.0,47.0,71.0,-5.139999999999998,-27.860000000000074,-99.03999999999822,-99.64533400000002,1,1
0.01,1.0,1440,1,30,30,0,0,300,18.0,3,25,3,0.01,2,inc_every2,9.60000000001816,3.546660000001232,-37.43470323528136,-62.9779629306489,91.43927233813295,97.45576757532307,9.600000000017843,3.5466599999998323,204.0,310.0,0.0,0.0,24.0,35.0,0.0,1.0,3.0,3.0,47.0,71.0,-5.139999999999998,-27.860000000000074,-99.03999999999822,-99.64533400000002,1,1
0.01,1.0,1440,1,30,30,0,0,300,18.0,3,25,99,0.0,1,flat,9.60000000001816,3.546660000001232,-37.43470323528136,-62.9779629306489,91.43927233813295,97.45576757532307,9.600000000017843,3.5466599999998323,204.0,310.0,0.0,0.0,24.0,35.0,0.0,1.0,3.0,3.0,47.0,71.0,-5.139999999999998,-27.860000000000074,-99.03999999999822,-99.64533400000002,1,1
0.01,1.0,1440,1,30,30,0,0,300,18.0,3,25,5,0.01,1,inc_every1,9.60000000001816,3.546660000001232,-37.43470323528136,-62.9779629306489,91.43927233813295,97.45576757532307,9.600000000017843,3.5466599999998323,204.0,310.0,0.0,0.0,24.0,35.0,0.0,1.0,3.0,3.0,47.0,71.0,-5.139999999999998,-27.860000000000074,-99.03999999999822,-99.64533400000002,1,1
0.01,1.0,1440,1,30,30,0,0,50,12.0,3,40,3,0.01,2,inc_every2,9.590000000053344,3.368400000000758,-37.447750840558626,-63.54175011453593,91.54917166015844,97.11461367140699,9.590000000052406,3.368400000000161,322.0,267.0,0.0,0.0,24.0,20.0,0.0,1.0,3.0,3.0,205.0,167.0,-12.270000000000003,-27.960000000000054,-99.04099999999475,-99.66315999999999,1,1
0.01,1.0,1440,1,30,30,0,0,50,12.0,3,40,5,0.01,3,inc_every3,9.590000000053344,3.368400000000758,-37.447750840558626,-63.54175011453593,91.54917166015844,97.11461367140699,9.590000000052406,3.368400000000161,322.0,267.0,0.0,0.0,24.0,20.0,0.0,1.0,3.0,3.0,205.0,167.0,-12.270000000000003,-27.960000000000054,-99.04099999999475,-99.66315999999999,1,1
0.01,1.0,1440,1,30,30,0,0,50,12.0,3,40,5,0.01,1,inc_every1,9.590000000053344,3.368400000000758,-37.447750840558626,-63.54175011453593,91.54917166015844,97.11461367140699,9.590000000052406,3.368400000000161,322.0,267.0,0.0,0.0,24.0,20.0,0.0,1.0,3.0,3.0,205.0,167.0,-12.270000000000003,-27.960000000000054,-99.04099999999475,-99.66315999999999,1,1
0.01,1.0,1440,1,30,30,0,0,50,12.0,3,40,99,0.0,1,flat,9.590000000053344,3.368400000000758,-37.447750840558626,-63.54175011453593,91.54917166015844,97.11461367140699,9.590000000052406,3.368400000000161,322.0,267.0,0.0,0.0,24.0,20.0,0.0,1.0,3.0,3.0,205.0,167.0,-12.270000000000003,-27.960000000000054,-99.04099999999475,-99.66315999999999,1,1
0.01,1.0,1440,1,30,30,0,0,100,12.0,18,15,99,0.0,1,flat,9.550000000046884,4.302560000000291,-37.5000503395016,-60.787080368442716,92.82602163458073,95.85335389360063,9.55000000004662,4.302560000000046,275.0,72.0,0.0,0.0,50.0,16.0,0.0,1.0,6.0,6.0,0.0,0.0,-3.37,-1.1900000000000002,-99.04499999999534,-99.569744,1,1
0.01,1.0,1440,1,30,30,0,0,100,12.0,8,15,99,0.0,1,flat,9.550000000046884,4.302560000000291,-37.5000503395016,-60.787080368442716,92.82602163458073,95.85335389360063,9.55000000004662,4.302560000000046,275.0,72.0,0.0,0.0,50.0,16.0,0.0,1.0,6.0,6.0,0.0,0.0,-3.37,-1.1900000000000002,-99.04499999999534,-99.569744,1,1
0.01,1.0,1440,1,30,30,0,0,100,12.0,12,15,99,0.0,1,flat,9.550000000046884,4.302560000000291,-37.5000503395016,-60.787080368442716,92.82602163458073,95.85335389360063,9.55000000004662,4.302560000000046,275.0,72.0,0.0,0.0,50.0,16.0,0.0,1.0,6.0,6.0,0.0,0.0,-3.37,-1.1900000000000002,-99.04499999999534,-99.569744,1,1
0.01,1.0,1440,1,30,30,0,0,300,8.0,18,40,3,0.01,2,inc_every2,9.550000000004175,3.1960800000002862,-37.50005033955753,-64.10703946616707,91.0930796493161,96.87333202895738,9.550000000003358,3.196079999999796,110.0,228.0,0.0,0.0,5.0,8.0,0.0,1.0,5.0,5.0,0.0,0.0,-2.28,-5.1599999999999975,-99.04499999999966,-99.68039200000003,1,1
0.01,1.0,1440,1,30,30,0,0,300,8.0,12,40,3,0.01,2,inc_every2,9.550000000004175,3.1960800000002862,-37.50005033955753,-64.10703946616707,91.0930796493161,96.87333202895738,9.550000000003358,3.196079999999796,110.0,228.0,0.0,0.0,5.0,8.0,0.0,1.0,5.0,5.0,0.0,0.0,-2.28,-5.1599999999999975,-99.04499999999966,-99.68039200000003,1,1
0.01,1.0,1440,1,30,30,0,0,300,8.0,5,40,3,0.01,2,inc_every2,9.550000000004175,3.1960800000002862,-37.50005033955753,-64.10703946616707,91.0930796493161,96.87333202895738,9.550000000003358,3.196079999999796,110.0,228.0,0.0,0.0,5.0,8.0,0.0,1.0,5.0,5.0,4.0,8.0,-2.28,-5.1599999999999975,-99.04499999999966,-99.68039200000003,1,1
0.01,1.0,1440,1,30,30,0,0,300,8.0,8,40,3,0.01,2,inc_every2,9.550000000004175,3.1960800000002862,-37.50005033955753,-64.10703946616707,91.0930796493161,96.87333202895738,9.550000000003358,3.196079999999796,110.0,228.0,0.0,0.0,5.0,8.0,0.0,1.0,5.0,5.0,0.0,0.0,-2.28,-5.1599999999999975,-99.04499999999966,-99.68039200000003,1,1
0.01,1.0,1440,1,30,30,0,0,75,18.0,8,25,5,0.01,1,inc_every1,9.480000000128832,7.533959999998466,-37.59199759068144,-53.67360836095756,95.6192236598308,96.2712397921326,9.480000000128832,7.533959999998466,154.0,130.0,0.0,0.0,38.0,32.0,0.0,1.0,8.0,8.0,34.0,29.0,-4.1,-9.0,-99.05199999998712,-99.24660400000015,1,1
0.01,1.0,1440,1,30,30,0,0,75,18.0,18,25,5,0.01,1,inc_every1,9.480000000128832,7.533959999998466,-37.59199759068144,-53.67360836095756,95.6192236598308,96.2712397921326,9.480000000128832,7.533959999998466,154.0,130.0,0.0,0.0,38.0,32.0,0.0,1.0,8.0,8.0,0.0,0.0,-4.1,-9.0,-99.05199999998712,-99.24660400000015,1,1
0.01,1.0,1440,1,30,30,0,0,75,18.0,12,25,5,0.01,1,inc_every1,9.480000000128832,7.533959999998466,-37.59199759068144,-53.67360836095756,95.6192236598308,96.2712397921326,9.480000000128832,7.533959999998466,154.0,130.0,0.0,0.0,38.0,32.0,0.0,1.0,8.0,8.0,0.0,0.0,-4.1,-9.0,-99.05199999998712,-99.24660400000015,1,1
0.01,1.0,1440,1,30,30,0,0,200,12.0,8,25,3,0.01,2,inc_every2,9.480000000031204,6.980000000030724,-37.59199759081005,-54.714570724099886,91.86335936826922,94.86349253070149,9.48000000002984,6.980000000030579,136.0,247.0,0.0,0.0,14.0,22.0,0.0,0.0,5.0,5.0,0.0,0.0,-1.5200000000000005,-10.36,-99.05199999999702,-99.30199999999694,1,1
0.01,1.0,1440,1,30,30,0,0,200,12.0,12,25,3,0.01,2,inc_every2,9.480000000031204,6.980000000030724,-37.59199759081005,-54.714570724099886,91.86335936826922,94.86349253070149,9.48000000002984,6.980000000030579,136.0,247.0,0.0,0.0,14.0,22.0,0.0,0.0,5.0,5.0,0.0,0.0,-1.5200000000000005,-10.36,-99.05199999999702,-99.30199999999694,1,1
0.01,1.0,1440,1,30,30,0,0,200,12.0,18,25,3,0.01,2,inc_every2,9.480000000031204,6.980000000030724,-37.59199759081005,-54.714570724099886,91.86335936826922,94.86349253070149,9.48000000002984,6.980000000030579,136.0,247.0,0.0,0.0,14.0,22.0,0.0,0.0,5.0,5.0,0.0,0.0,-1.5200000000000005,-10.36,-99.05199999999702,-99.30199999999694,1,1
0.01,1.0,1440,1,30,30,0,0,200,12.0,5,25,3,0.01,2,inc_every2,9.480000000031204,6.980000000030724,-37.59199759081005,-54.714570724099886,91.86335936826922,94.86349253070149,9.48000000002984,6.980000000030579,136.0,247.0,0.0,0.0,14.0,22.0,0.0,0.0,5.0,5.0,14.0,21.0,-1.5200000000000005,-10.36,-99.05199999999702,-99.30199999999694,1,1
0.01,1.0,1440,1,30,30,0,0,75,8.0,18,40,5,0.01,1,inc_every1,9.377479999999778,4.298640000000452,-37.727645971974155,-60.79771508765426,96.5130405681804,96.6576160485198,9.377479999999778,4.298639999999899,466.0,117.0,0.0,0.0,28.0,8.0,1.0,1.0,9.0,9.0,0.0,0.0,-7.539999999999998,-2.1,-99.06225200000003,-99.570136,1,1
0.01,1.0,1440,1,30,30,0,0,75,8.0,12,40,5,0.01,1,inc_every1,9.377479999999778,4.298640000000452,-37.727645971974155,-60.79771508765426,96.5130405681804,96.6576160485198,9.377479999999778,4.298639999999899,466.0,117.0,0.0,0.0,28.0,8.0,1.0,1.0,9.0,9.0,0.0,0.0,-7.539999999999998,-2.1,-99.06225200000003,-99.570136,1,1
0.01,1.0,1440,1,30,30,0,0,150,18.0,8,15,3,0.01,2,inc_every2,9.34000000007987,5.492400000000751,-37.777533452947296,-57.832022175412526,93.10497563850728,96.36818091648641,9.340000000079318,5.492400000000586,166.0,195.0,0.0,0.0,42.0,45.0,0.0,1.0,5.0,5.0,0.0,0.0,-3.9099999999999993,-14.150000000000002,-99.06599999999207,-99.45075999999995,1,1
0.01,1.0,1440,1,30,30,0,0,150,18.0,5,15,3,0.01,2,inc_every2,9.34000000007987,5.492400000000751,-37.777533452947296,-57.832022175412526,93.10497563850728,96.36818091648641,9.340000000079318,5.492400000000586,166.0,195.0,0.0,0.0,42.0,45.0,0.0,1.0,5.0,5.0,1.0,1.0,-3.9099999999999993,-14.150000000000002,-99.06599999999207,-99.45075999999995,1,1
0.01,1.0,1440,1,30,30,0,0,150,18.0,18,15,3,0.01,2,inc_every2,9.34000000007987,5.492400000000751,-37.777533452947296,-57.832022175412526,93.10497563850728,96.36818091648641,9.340000000079318,5.492400000000586,166.0,195.0,0.0,0.0,42.0,45.0,0.0,1.0,5.0,5.0,0.0,0.0,-3.9099999999999993,-14.150000000000002,-99.06599999999207,-99.45075999999995,1,1
0.01,1.0,1440,1,30,30,0,0,150,18.0,12,15,3,0.01,2,inc_every2,9.34000000007987,5.492400000000751,-37.777533452947296,-57.832022175412526,93.10497563850728,96.36818091648641,9.340000000079318,5.492400000000586,166.0,195.0,0.0,0.0,42.0,45.0,0.0,1.0,5.0,5.0,0.0,0.0,-3.9099999999999993,-14.150000000000002,-99.06599999999207,-99.45075999999995,1,1
0.01,1.0,1440,1,30,30,0,0,50,18.0,8,40,5,0.01,3,inc_every3,9.3285499999992,9.58428000000223,-37.792805821730944,-50.23362695662568,94.93646528795959,94.49874870852976,9.3285499999992,9.58428000000071,217.0,86.0,0.0,0.0,48.0,18.0,1.0,1.0,8.0,8.0,89.0,29.0,-10.52,-5.95,-99.06714500000008,-99.04157199999993,1,1
0.01,1.0,1440,1,30,30,0,0,75,5.3,18,40,5,0.01,3,inc_every3,9.319799999999972,9.549899999999987,-37.804486956491104,-50.28681683316556,95.89200863931198,93.99264012078271,9.319799999999972,9.549899999999553,807.0,387.0,0.0,0.0,27.0,13.0,1.0,1.0,9.0,9.0,0.0,0.0,-6.859999999999999,-5.59,-99.06802,-99.04501000000005,1,1
0.01,1.0,1440,1,30,30,0,0,75,5.3,12,40,5,0.01,3,inc_every3,9.319799999999972,9.549899999999987,-37.804486956491104,-50.28681683316556,95.89200863931198,93.99264012078271,9.319799999999972,9.549899999999553,807.0,387.0,0.0,0.0,27.0,13.0,1.0,1.0,9.0,9.0,0.0,0.0,-6.859999999999999,-5.59,-99.06802,-99.04501000000005,1,1
0.01,1.0,1440,1,30,30,0,0,50,12.0,5,25,3,0.01,2,inc_every2,9.310140000001006,5.350900000000536,-37.817393121878695,-58.15826849344503,93.8550986733549,95.00522729394201,9.310140000000644,5.350900000000173,184.0,75.0,0.0,0.0,34.0,14.0,1.0,1.0,5.0,5.0,84.0,29.0,-2.3400000000000003,-1.7400000000000002,-99.06898599999994,-99.46490999999999,1,1
0.01,1.0,1440,1,30,30,0,0,50,8.0,18,40,99,0.0,1,flat,9.30012999999774,6.320820000001188,-37.830778207415214,-56.03183951549067,96.4638288973413,96.82848971400054,9.30012999999774,6.320819999999596,651.0,271.0,0.0,0.0,44.0,19.0,1.0,1.0,13.0,13.0,0.0,0.0,-13.119999999999997,-8.579999999999998,-99.06998700000022,-99.36791800000005,1,1
0.01,1.0,1440,1,30,30,0,0,50,8.0,12,40,99,0.0,1,flat,9.2969799999981,3.162030000000591,-37.83499268098552,-64.2212587098032,96.46448889565283,98.41343201204289,9.2969799999981,3.1620300000001595,651.0,265.0,0.0,0.0,44.0,18.0,1.0,2.0,12.0,12.0,54.0,20.0,-12.759999999999996,-8.729999999999999,-99.0703020000002,-99.68379699999998,1,1
0.01,1.0,1440,1,30,30,0,0,75,8.0,3,15,99,0.0,1,flat,9.280000000076713,3.2315400000003116,-37.85773039344754,-63.98899541827203,91.93043478254295,97.36028426727688,9.280000000075994,3.23153999999999,291.0,276.0,0.0,0.0,35.0,32.0,0.0,1.0,3.0,3.0,127.0,113.0,-3.329999999999999,-5.659999999999998,-99.0719999999924,-99.676846,1,1
0.01,1.0,1440,1,30,30,0,0,75,8.0,3,15,3,0.01,2,inc_every2,9.280000000076713,3.2315400000003116,-37.85773039344754,-63.98899541827203,91.93043478254295,97.36028426727688,9.280000000075994,3.23153999999999,291.0,276.0,0.0,0.0,35.0,32.0,0.0,1.0,3.0,3.0,127.0,113.0,-3.329999999999999,-5.659999999999998,-99.0719999999924,-99.676846,1,1
0.01,1.0,1440,1,30,30,0,0,75,8.0,3,15,5,0.01,1,inc_every1,9.280000000076713,3.2315400000003116,-37.85773039344754,-63.98899541827203,91.93043478254295,97.36028426727688,9.280000000075994,3.23153999999999,291.0,276.0,0.0,0.0,35.0,32.0,0.0,1.0,3.0,3.0,127.0,113.0,-3.329999999999999,-5.659999999999998,-99.0719999999924,-99.676846,1,1
0.01,1.0,1440,1,30,30,0,0,75,8.0,3,15,5,0.01,3,inc_every3,9.280000000076713,3.2315400000003116,-37.85773039344754,-63.98899541827203,91.93043478254295,97.36028426727688,9.280000000075994,3.23153999999999,291.0,276.0,0.0,0.0,35.0,32.0,0.0,1.0,3.0,3.0,127.0,113.0,-3.329999999999999,-5.659999999999998,-99.0719999999924,-99.676846,1,1
0.01,1.0,1440,1,30,30,0,0,75,18.0,5,40,3,0.01,2,inc_every2,9.275140000001354,7.453599999999707,-37.86424448599147,-53.82120537395657,93.62883637862357,96.85223193547176,9.275140000000555,7.453599999999579,131.0,164.0,0.0,0.0,21.0,27.0,1.0,1.0,5.0,5.0,52.0,67.0,-6.060000000000001,-20.980000000000004,-99.07248599999994,-99.25464000000004,1,1
0.01,1.0,1440,1,30,30,0,0,75,5.3,18,25,3,0.01,2,inc_every2,9.27000000016562,7.434000000001451,-37.87113684707777,-53.857374064574245,92.8161810290106,92.82432432432441,9.27000000016562,7.434000000000346,338.0,33.0,0.0,0.0,20.0,4.0,0.0,1.0,7.0,7.0,0.0,0.0,-1.82,-0.7100000000000001,-99.07299999998344,-99.25659999999996,1,1
0.01,1.0,1440,1,30,30,0,0,75,5.3,8,25,3,0.01,2,inc_every2,9.27000000016562,7.434000000001451,-37.87113684707777,-53.857374064574245,92.8161810290106,92.82432432432441,9.27000000016562,7.434000000000346,338.0,33.0,0.0,0.0,20.0,4.0,0.0,1.0,7.0,7.0,0.0,0.0,-1.82,-0.7100000000000001,-99.07299999998344,-99.25659999999996,1,1
0.01,1.0,1440,1,30,30,0,0,75,5.3,12,25,3,0.01,2,inc_every2,9.27000000016562,7.434000000001451,-37.87113684707777,-53.857374064574245,92.8161810290106,92.82432432432441,9.27000000016562,7.434000000000346,338.0,33.0,0.0,0.0,20.0,4.0,0.0,1.0,7.0,7.0,0.0,0.0,-1.82,-0.7100000000000001,-99.07299999998344,-99.25659999999996,1,1
0.01,1.0,1440,1,30,30,0,0,200,8.0,18,40,3,0.01,2,inc_every2,10.320000000015028,7.329909999998897,-36.52262954170262,-54.050586452982955,92.20615436353089,92.7798364854227,9.270000000016807,7.329909999998897,96.0,60.0,0.0,0.0,5.0,3.0,0.0,1.0,6.0,6.0,0.0,0.0,-1.4400000000000002,-0.47000000000000003,-99.07299999999832,-99.26700900000012,1,1
0.01,1.0,1440,1,30,30,0,0,200,8.0,12,40,3,0.01,2,inc_every2,10.320000000015028,7.329909999998897,-36.52262954170262,-54.050586452982955,92.20615436353089,92.7798364854227,9.270000000016807,7.329909999998897,96.0,60.0,0.0,0.0,5.0,3.0,0.0,1.0,6.0,6.0,0.0,0.0,-1.4400000000000002,-0.47000000000000003,-99.07299999999832,-99.26700900000012,1,1
0.01,1.0,1440,1,30,30,0,0,200,8.0,8,40,3,0.01,2,inc_every2,10.320000000015028,7.329909999998897,-36.52262954170262,-54.050586452982955,92.20615436353089,92.7798364854227,9.270000000016807,7.329909999998897,96.0,60.0,0.0,0.0,5.0,3.0,0.0,1.0,6.0,6.0,0.0,0.0,-1.4400000000000002,-0.47000000000000003,-99.07299999999832,-99.26700900000012,1,1
0.01,1.0,1440,1,30,30,0,0,75,18.0,5,25,3,0.01,2,inc_every2,9.23894999999878,7.383950000000144,-37.912837742007596,-53.95003830428989,94.49964279335921,95.12127518995823,9.23894999999878,7.383949999999157,178.0,85.0,0.0,0.0,44.0,22.0,1.0,1.0,5.0,5.0,80.0,42.0,-6.109999999999999,-5.749999999999998,-99.07610500000013,-99.26160500000009,1,1
0.01,1.0,1440,1,30,30,0,0,75,18.0,12,40,99,0.0,1,flat,9.233839999999006,6.384840000000402,-37.91971133343648,-55.89978889194484,94.33715196860322,97.1784701047339,9.233839999999006,6.3848400000001675,105.0,136.0,0.0,0.0,16.0,21.0,1.0,1.0,11.0,11.0,0.0,0.0,-4.89,-14.949999999999996,-99.0766160000001,-99.36151599999998,1,1
0.01,1.0,1440,1,30,30,0,0,75,18.0,18,40,99,0.0,1,flat,9.233839999999006,6.384840000000402,-37.91971133343648,-55.89978889194484,94.33715196860322,97.1784701047339,9.233839999999006,6.3848400000001675,105.0,136.0,0.0,0.0,16.0,21.0,1.0,1.0,11.0,11.0,0.0,0.0,-4.89,-14.949999999999996,-99.0766160000001,-99.36151599999998,1,1
0.01,1.0,1440,1,30,30,0,0,200,3.0,5,15,3,0.01,2,inc_every2,9.230000000086681,4.410000000055158,-37.92487861791525,-60.498215416624305,91.58000364889074,95.58999999994545,9.230000000086179,4.410000000054556,730.0,434.0,0.0,0.0,24.0,17.0,0.0,0.0,4.0,4.0,0.0,0.0,-2.9699999999999998,-2.7399999999999993,-99.07699999999139,-99.55899999999454,1,1
0.01,1.0,1440,1,30,30,0,0,200,3.0,12,15,3,0.01,2,inc_every2,9.230000000086681,4.410000000055158,-37.92487861791525,-60.498215416624305,91.58000364889074,95.58999999994545,9.230000000086179,4.410000000054556,730.0,434.0,0.0,0.0,24.0,17.0,0.0,0.0,4.0,4.0,0.0,0.0,-2.9699999999999998,-2.7399999999999993,-99.07699999999139,-99.55899999999454,1,1
0.01,1.0,1440,1,30,30,0,0,200,3.0,8,15,3,0.01,2,inc_every2,9.230000000086681,4.410000000055158,-37.92487861791525,-60.498215416624305,91.58000364889074,95.58999999994545,9.230000000086179,4.410000000054556,730.0,434.0,0.0,0.0,24.0,17.0,0.0,0.0,4.0,4.0,0.0,0.0,-2.9699999999999998,-2.7399999999999993,-99.07699999999139,-99.55899999999454,1,1
0.01,1.0,1440,1,30,30,0,0,200,3.0,18,15,3,0.01,2,inc_every2,9.230000000086681,4.410000000055158,-37.92487861791525,-60.498215416624305,91.58000364889074,95.58999999994545,9.230000000086179,4.410000000054556,730.0,434.0,0.0,0.0,24.0,17.0,0.0,0.0,4.0,4.0,0.0,0.0,-2.9699999999999998,-2.7399999999999993,-99.07699999999139,-99.55899999999454,1,1
0.01,1.0,1440,1,30,30,0,0,50,5.3,5,40,3,0.01,2,inc_every2,9.226980000000566,7.535430000000442,-37.92894368016948,-53.67091873776643,93.39750983900059,92.67622703858652,9.226980000000566,7.5354300000000904,309.0,233.0,0.0,0.0,13.0,10.0,1.0,1.0,5.0,5.0,66.0,52.0,-3.27,-3.3600000000000003,-99.07730199999995,-99.24645699999999,1,1
0.01,1.0,1440,1,30,30,0,0,75,5.3,18,40,3,0.01,2,inc_every2,9.225509999998803,3.2251200000001337,-37.93092275445795,-64.01029949366087,93.69454582735624,97.71608243042382,9.225509999998803,3.2251200000001337,370.0,186.0,0.0,0.0,14.0,8.0,1.0,1.0,8.0,8.0,0.0,0.0,-2.630000000000001,-2.4799999999999995,-99.07744900000012,-99.67748799999998,1,1
0.01,1.0,1440,1,30,30,0,0,75,5.3,8,40,3,0.01,2,inc_every2,9.225509999998803,3.2251200000001337,-37.93092275445795,-64.01029949366087,93.69454582735624,97.71608243042382,9.225509999998803,3.2251200000001337,370.0,186.0,0.0,0.0,14.0,8.0,1.0,1.0,8.0,8.0,12.0,8.0,-2.630000000000001,-2.4799999999999995,-99.07744900000012,-99.67748799999998,1,1
0.01,1.0,1440,1,30,30,0,0,75,5.3,12,40,3,0.01,2,inc_every2,9.225509999998803,3.2251200000001337,-37.93092275445795,-64.01029949366087,93.69454582735624,97.71608243042382,9.225509999998803,3.2251200000001337,370.0,186.0,0.0,0.0,14.0,8.0,1.0,1.0,8.0,8.0,0.0,0.0,-2.630000000000001,-2.4799999999999995,-99.07744900000012,-99.67748799999998,1,1
0.01,1.0,1440,1,30,30,0,0,75,18.0,8,40,5,0.01,1,inc_every1,9.224949999999353,4.462719999999456,-37.931676753867826,-60.3582768963016,93.43700199203528,98.8762005489669,9.224949999999161,4.462719999999456,78.0,270.0,0.0,0.0,14.0,46.0,1.0,2.0,8.0,8.0,16.0,60.0,-3.1500000000000004,-33.33000000000002,-99.07750500000009,-99.55372800000005,1,1
0.01,1.0,1440,1,30,30,0,0,100,12.0,18,40,5,0.01,1,inc_every1,9.218019999998411,4.228960000000708,-37.94101052781402,-60.98789973982483,92.78489355040834,97.66806727322867,9.218019999998411,4.228960000000111,139.0,229.0,0.0,0.0,12.0,19.0,1.0,1.0,8.0,8.0,0.0,0.0,-2.73,-12.579999999999997,-99.07819800000016,-99.57710399999999,1,1
0.01,1.0,1440,1,30,30,0,0,100,12.0,8,40,5,0.01,1,inc_every1,9.218019999998411,4.228960000000708,-37.94101052781402,-60.98789973982483,92.78489355040834,97.66806727322867,9.218019999998411,4.228960000000111,139.0,229.0,0.0,0.0,12.0,19.0,1.0,1.0,8.0,8.0,11.0,19.0,-2.73,-12.579999999999997,-99.07819800000016,-99.57710399999999,1,1
0.01,1.0,1440,1,30,30,0,0,100,12.0,12,40,5,0.01,1,inc_every1,9.218019999998411,4.228960000000708,-37.94101052781402,-60.98789973982483,92.78489355040834,97.66806727322867,9.218019999998411,4.228960000000111,139.0,229.0,0.0,0.0,12.0,19.0,1.0,1.0,8.0,8.0,0.0,0.0,-2.73,-12.579999999999997,-99.07819800000016,-99.57710399999999,1,1
0.01,1.0,1440,1,30,30,0,0,50,5.3,12,40,5,0.01,1,inc_every1,9.217740000000042,7.441349999999023,-37.94138776794684,-53.84380296487996,93.86628959276504,92.92916191562276,9.217739999999786,7.441349999998909,350.0,129.0,0.0,0.0,16.0,5.0,1.0,3.0,10.0,10.0,0.0,0.0,-3.08,-1.9800000000000002,-99.07822600000002,-99.25586500000011,1,1
0.01,1.0,1440,1,30,30,0,0,50,5.3,18,40,5,0.01,1,inc_every1,9.217740000000042,7.441349999999023,-37.94138776794684,-53.84380296487996,93.86628959276504,92.92916191562276,9.217739999999786,7.441349999998909,350.0,129.0,0.0,0.0,16.0,5.0,1.0,3.0,10.0,10.0,0.0,0.0,-3.08,-1.9800000000000002,-99.07822600000002,-99.25586500000011,1,1
0.01,1.0,1440,1,30,30,0,0,100,18.0,5,25,3,0.01,2,inc_every2,9.217460000001417,-28.019999999981238,-37.941765017246055,-99.94670849517411,94.44865092748762,111.38469039492118,9.217460000000791,-28.019999999981238,197.0,186.0,0.0,0.0,42.0,37.0,1.0,1.0,5.0,5.0,68.0,63.0,-8.530000000000003,-17.520000000000003,-99.07825399999992,-102.80199999999812,1,1
0.01,1.0,1440,1,30,30,0,0,100,8.0,18,40,5,0.01,3,inc_every3,9.214449999999967,7.38696000000002,-37.94582102626251,-53.94445304223886,93.68354126679547,93.40744310575761,9.214449999999466,7.3869599999995685,217.0,372.0,0.0,0.0,11.0,17.0,1.0,1.0,8.0,8.0,0.0,0.0,-2.68,-14.639999999999997,-99.07855500000005,-99.26130400000004,1,1
0.01,1.0,1440,1,30,30,0,0,100,8.0,12,40,5,0.01,3,inc_every3,9.214449999999967,7.38696000000002,-37.94582102626251,-53.94445304223886,93.68354126679547,93.40744310575761,9.214449999999466,7.3869599999995685,217.0,372.0,0.0,0.0,11.0,17.0,1.0,1.0,8.0,8.0,0.0,0.0,-2.68,-14.639999999999997,-99.07855500000005,-99.26130400000004,1,1
0.01,1.0,1440,1,30,30,0,0,100,8.0,8,40,5,0.01,3,inc_every3,9.214449999999967,7.38696000000002,-37.94582102626251,-53.94445304223886,93.68354126679547,93.40744310575761,9.214449999999466,7.3869599999995685,217.0,372.0,0.0,0.0,11.0,17.0,1.0,1.0,8.0,8.0,13.0,19.0,-2.68,-14.639999999999997,-99.07855500000005,-99.26130400000004,1,1
0.01,1.0,1440,1,30,30,0,0,100,5.3,8,40,5,0.01,3,inc_every3,9.214099999998684,7.423359999998965,-37.94629272399707,-53.87703655432857,93.47397124442486,92.6971372356136,9.214099999998684,7.423359999998965,348.0,99.0,0.0,0.0,10.0,4.0,1.0,1.0,8.0,8.0,11.0,5.0,-2.18,-1.29,-99.07859000000013,-99.2576640000001,1,1
0.01,1.0,1440,1,30,30,0,0,100,5.3,18,40,5,0.01,3,inc_every3,9.214099999998684,7.423359999998965,-37.94629272399707,-53.87703655432857,93.47397124442486,92.6971372356136,9.214099999998684,7.423359999998965,348.0,99.0,0.0,0.0,10.0,4.0,1.0,1.0,8.0,8.0,0.0,0.0,-2.18,-1.29,-99.07859000000013,-99.2576640000001,1,1
0.01,1.0,1440,1,30,30,0,0,100,5.3,12,40,5,0.01,3,inc_every3,9.214099999998684,7.423359999998965,-37.94629272399707,-53.87703655432857,93.47397124442486,92.6971372356136,9.214099999998684,7.423359999998965,348.0,99.0,0.0,0.0,10.0,4.0,1.0,1.0,8.0,8.0,0.0,0.0,-2.18,-1.29,-99.07859000000013,-99.2576640000001,1,1
0.01,1.0,1440,1,30,30,0,0,100,5.3,8,40,5,0.01,1,inc_every1,9.210809999998922,7.44393999999852,-37.95072738337466,-53.839023011406596,96.25424562830514,92.67689129365634,9.210809999998922,7.44393999999852,996.0,150.0,0.0,0.0,27.0,5.0,1.0,1.0,8.0,8.0,31.0,4.0,-6.6099999999999985,-1.64,-99.07891900000011,-99.25560600000014,1,1
0.01,1.0,1440,1,30,30,0,0,100,5.3,12,40,5,0.01,1,inc_every1,9.210809999998922,7.44393999999852,-37.95072738337466,-53.839023011406596,96.25424562830514,92.67689129365634,9.210809999998922,7.44393999999852,996.0,150.0,0.0,0.0,27.0,5.0,1.0,1.0,8.0,8.0,0.0,0.0,-6.6099999999999985,-1.64,-99.07891900000011,-99.25560600000014,1,1
0.01,1.0,1440,1,30,30,0,0,100,5.3,18,40,5,0.01,1,inc_every1,9.210809999998922,7.44393999999852,-37.95072738337466,-53.839023011406596,96.25424562830514,92.67689129365634,9.210809999998922,7.44393999999852,996.0,150.0,0.0,0.0,27.0,5.0,1.0,1.0,8.0,8.0,0.0,0.0,-6.6099999999999985,-1.64,-99.07891900000011,-99.25560600000014,1,1
0.01,1.0,1440,1,30,30,0,0,150,12.0,3,15,3,0.01,2,inc_every2,9.200000000086323,9.320000000053668,-37.96530733344002,-50.646001234867775,92.10435976649029,94.85593070527682,9.200000000085673,5.820000000050269,336.0,220.0,0.0,0.0,50.0,33.0,0.0,0.0,3.0,3.0,109.0,64.0,-5.8999999999999995,-6.3699999999999966,-99.07999999999143,-99.41799999999498,1,1
0.01,1.0,1440,1,30,30,0,0,150,12.0,3,15,99,0.0,1,flat,9.200000000086323,9.320000000053668,-37.96530733344002,-50.646001234867775,92.10435976649029,94.85593070527682,9.200000000085673,5.820000000050269,336.0,220.0,0.0,0.0,50.0,33.0,0.0,0.0,3.0,3.0,109.0,64.0,-5.8999999999999995,-6.3699999999999966,-99.07999999999143,-99.41799999999498,1,1
0.01,1.0,1440,1,30,30,0,0,150,12.0,3,15,5,0.01,3,inc_every3,9.200000000086323,9.320000000053668,-37.96530733344002,-50.646001234867775,92.10435976649029,94.85593070527682,9.200000000085673,5.820000000050269,336.0,220.0,0.0,0.0,50.0,33.0,0.0,0.0,3.0,3.0,109.0,64.0,-5.8999999999999995,-6.3699999999999966,-99.07999999999143,-99.41799999999498,1,1
0.01,1.0,1440,1,30,30,0,0,150,12.0,3,15,5,0.01,1,inc_every1,9.200000000086323,9.320000000053668,-37.96530733344002,-50.646001234867775,92.10435976649029,94.85593070527682,9.200000000085673,5.820000000050269,336.0,220.0,0.0,0.0,50.0,33.0,0.0,0.0,3.0,3.0,109.0,64.0,-5.8999999999999995,-6.3699999999999966,-99.07999999999143,-99.41799999999498,1,1
0.01,1.0,1440,1,30,30,0,0,300,18.0,8,15,99,0.0,1,flat,9.200000000018287,2.289519999999964,-37.965307333531825,-67.49887343703209,91.79596932404326,97.95560317885551,9.200000000018022,2.2895199999998805,142.0,255.0,0.0,0.0,28.0,47.0,0.0,1.0,3.0,3.0,0.0,0.0,-2.39,-15.829999999999997,-99.0799999999982,-99.77104800000001,1,1
0.01,1.0,1440,1,30,30,0,0,300,18.0,12,15,99,0.0,1,flat,9.200000000018287,2.289519999999964,-37.965307333531825,-67.49887343703209,91.79596932404326,97.95560317885551,9.200000000018022,2.2895199999998805,142.0,255.0,0.0,0.0,28.0,47.0,0.0,1.0,3.0,3.0,0.0,0.0,-2.39,-15.829999999999997,-99.0799999999982,-99.77104800000001,1,1
0.01,1.0,1440,1,30,30,0,0,300,18.0,3,15,5,0.01,3,inc_every3,9.200000000018287,2.289519999999964,-37.965307333531825,-67.49887343703209,91.79596932404326,97.95560317885551,9.200000000018022,2.2895199999998805,142.0,255.0,0.0,0.0,28.0,47.0,0.0,1.0,3.0,3.0,36.0,62.0,-2.39,-15.829999999999997,-99.0799999999982,-99.77104800000001,1,1
0.01,1.0,1440,1,30,30,0,0,300,18.0,8,15,5,0.01,1,inc_every1,9.200000000018287,2.289519999999964,-37.965307333531825,-67.49887343703209,91.79596932404326,97.95560317885551,9.200000000018022,2.2895199999998805,142.0,255.0,0.0,0.0,28.0,47.0,0.0,1.0,3.0,3.0,0.0,0.0,-2.39,-15.829999999999997,-99.0799999999982,-99.77104800000001,1,1
0.01,1.0,1440,1,30,30,0,0,300,18.0,3,15,99,0.0,1,flat,9.200000000018287,2.289519999999964,-37.965307333531825,-67.49887343703209,91.79596932404326,97.95560317885551,9.200000000018022,2.2895199999998805,142.0,255.0,0.0,0.0,28.0,47.0,0.0,1.0,3.0,3.0,36.0,62.0,-2.39,-15.829999999999997,-99.0799999999982,-99.77104800000001,1,1
0.01,1.0,1440,1,30,30,0,0,300,18.0,5,15,99,0.0,1,flat,9.200000000018287,2.289519999999964,-37.965307333531825,-67.49887343703209,91.79596932404326,97.95560317885551,9.200000000018022,2.2895199999998805,142.0,255.0,0.0,0.0,28.0,47.0,0.0,1.0,3.0,3.0,0.0,0.0,-2.39,-15.829999999999997,-99.0799999999982,-99.77104800000001,1,1
0.01,1.0,1440,1,30,30,0,0,300,18.0,5,15,5,0.01,1,inc_every1,9.200000000018287,2.289519999999964,-37.965307333531825,-67.49887343703209,91.79596932404326,97.95560317885551,9.200000000018022,2.2895199999998805,142.0,255.0,0.0,0.0,28.0,47.0,0.0,1.0,3.0,3.0,0.0,0.0,-2.39,-15.829999999999997,-99.0799999999982,-99.77104800000001,1,1
0.01,1.0,1440,1,30,30,0,0,300,18.0,8,15,3,0.01,2,inc_every2,9.200000000018287,2.289519999999964,-37.965307333531825,-67.49887343703209,91.79596932404326,97.95560317885551,9.200000000018022,2.2895199999998805,142.0,255.0,0.0,0.0,28.0,47.0,0.0,1.0,3.0,3.0,0.0,0.0,-2.39,-15.829999999999997,-99.0799999999982,-99.77104800000001,1,1
0.01,1.0,1440,1,30,30,0,0,300,18.0,5,15,3,0.01,2,inc_every2,9.200000000018287,2.289519999999964,-37.965307333531825,-67.49887343703209,91.79596932404326,97.95560317885551,9.200000000018022,2.2895199999998805,142.0,255.0,0.0,0.0,28.0,47.0,0.0,1.0,3.0,3.0,0.0,0.0,-2.39,-15.829999999999997,-99.0799999999982,-99.77104800000001,1,1
0.01,1.0,1440,1,30,30,0,0,300,18.0,8,15,5,0.01,3,inc_every3,9.200000000018287,2.289519999999964,-37.965307333531825,-67.49887343703209,91.79596932404326,97.95560317885551,9.200000000018022,2.2895199999998805,142.0,255.0,0.0,0.0,28.0,47.0,0.0,1.0,3.0,3.0,0.0,0.0,-2.39,-15.829999999999997,-99.0799999999982,-99.77104800000001,1,1
0.01,1.0,1440,1,30,30,0,0,300,18.0,5,15,5,0.01,3,inc_every3,9.200000000018287,2.289519999999964,-37.965307333531825,-67.49887343703209,91.79596932404326,97.95560317885551,9.200000000018022,2.2895199999998805,142.0,255.0,0.0,0.0,28.0,47.0,0.0,1.0,3.0,3.0,0.0,0.0,-2.39,-15.829999999999997,-99.0799999999982,-99.77104800000001,1,1
0.01,1.0,1440,1,30,30,0,0,300,18.0,12,15,3,0.01,2,inc_every2,9.200000000018287,2.289519999999964,-37.965307333531825,-67.49887343703209,91.79596932404326,97.95560317885551,9.200000000018022,2.2895199999998805,142.0,255.0,0.0,0.0,28.0,47.0,0.0,1.0,3.0,3.0,0.0,0.0,-2.39,-15.829999999999997,-99.0799999999982,-99.77104800000001,1,1
0.01,1.0,1440,1,30,30,0,0,300,18.0,18,15,5,0.01,1,inc_every1,9.200000000018287,2.289519999999964,-37.965307333531825,-67.49887343703209,91.79596932404326,97.95560317885551,9.200000000018022,2.2895199999998805,142.0,255.0,0.0,0.0,28.0,47.0,0.0,1.0,3.0,3.0,0.0,0.0,-2.39,-15.829999999999997,-99.0799999999982,-99.77104800000001,1,1
0.01,1.0,1440,1,30,30,0,0,300,18.0,18,15,3,0.01,2,inc_every2,9.200000000018287,2.289519999999964,-37.965307333531825,-67.49887343703209,91.79596932404326,97.95560317885551,9.200000000018022,2.2895199999998805,142.0,255.0,0.0,0.0,28.0,47.0,0.0,1.0,3.0,3.0,0.0,0.0,-2.39,-15.829999999999997,-99.0799999999982,-99.77104800000001,1,1
0.01,1.0,1440,1,30,30,0,0,300,18.0,3,15,5,0.01,1,inc_every1,9.200000000018287,2.289519999999964,-37.965307333531825,-67.49887343703209,91.79596932404326,97.95560317885551,9.200000000018022,2.2895199999998805,142.0,255.0,0.0,0.0,28.0,47.0,0.0,1.0,3.0,3.0,36.0,62.0,-2.39,-15.829999999999997,-99.0799999999982,-99.77104800000001,1,1
0.01,1.0,1440,1,30,30,0,0,300,18.0,18,15,99,0.0,1,flat,9.200000000018287,2.289519999999964,-37.965307333531825,-67.49887343703209,91.79596932404326,97.95560317885551,9.200000000018022,2.2895199999998805,142.0,255.0,0.0,0.0,28.0,47.0,0.0,1.0,3.0,3.0,0.0,0.0,-2.39,-15.829999999999997,-99.0799999999982,-99.77104800000001,1,1
0.01,1.0,1440,1,30,30,0,0,300,18.0,18,15,5,0.01,3,inc_every3,9.200000000018287,2.289519999999964,-37.965307333531825,-67.49887343703209,91.79596932404326,97.95560317885551,9.200000000018022,2.2895199999998805,142.0,255.0,0.0,0.0,28.0,47.0,0.0,1.0,3.0,3.0,0.0,0.0,-2.39,-15.829999999999997,-99.0799999999982,-99.77104800000001,1,1
0.01,1.0,1440,1,30,30,0,0,300,18.0,3,15,3,0.01,2,inc_every2,9.200000000018287,2.289519999999964,-37.965307333531825,-67.49887343703209,91.79596932404326,97.95560317885551,9.200000000018022,2.2895199999998805,142.0,255.0,0.0,0.0,28.0,47.0,0.0,1.0,3.0,3.0,36.0,62.0,-2.39,-15.829999999999997,-99.0799999999982,-99.77104800000001,1,1
0.01,1.0,1440,1,30,30,0,0,300,18.0,12,15,5,0.01,1,inc_every1,9.200000000018287,2.289519999999964,-37.965307333531825,-67.49887343703209,91.79596932404326,97.95560317885551,9.200000000018022,2.2895199999998805,142.0,255.0,0.0,0.0,28.0,47.0,0.0,1.0,3.0,3.0,0.0,0.0,-2.39,-15.829999999999997,-99.0799999999982,-99.77104800000001,1,1
0.01,1.0,1440,1,30,30,0,0,300,18.0,12,15,5,0.01,3,inc_every3,9.200000000018287,2.289519999999964,-37.965307333531825,-67.49887343703209,91.79596932404326,97.95560317885551,9.200000000018022,2.2895199999998805,142.0,255.0,0.0,0.0,28.0,47.0,0.0,1.0,3.0,3.0,0.0,0.0,-2.39,-15.829999999999997,-99.0799999999982,-99.77104800000001,1,1
0.01,1.0,1440,1,30,30,0,0,100,3.0,18,25,3,0.01,2,inc_every2,9.199189999998008,7.474040000000901,-37.96640037002297,-53.78355768954057,92.20275470419047,94.43426256387345,9.199189999998008,5.7700000000329155,564.0,323.0,0.0,0.0,14.0,9.0,1.0,1.0,6.0,6.0,0.0,0.0,-1.3600000000000003,-1.5100000000000002,-99.0800810000002,-99.4229999999967,1,1
0.01,1.0,1440,1,30,30,0,0,100,3.0,12,25,3,0.01,2,inc_every2,9.199189999998008,7.474040000000901,-37.96640037002297,-53.78355768954057,92.20275470419047,94.43426256387345,9.199189999998008,5.7700000000329155,564.0,323.0,0.0,0.0,14.0,9.0,1.0,1.0,6.0,6.0,0.0,0.0,-1.3600000000000003,-1.5100000000000002,-99.0800810000002,-99.4229999999967,1,1
0.01,1.0,1440,1,30,30,0,0,100,3.0,8,25,3,0.01,2,inc_every2,9.199189999998008,7.474040000000901,-37.96640037002297,-53.78355768954057,92.20275470419047,94.43426256387345,9.199189999998008,5.7700000000329155,564.0,323.0,0.0,0.0,14.0,9.0,1.0,1.0,6.0,6.0,0.0,0.0,-1.3600000000000003,-1.5100000000000002,-99.0800810000002,-99.4229999999967,1,1
0.01,1.0,1440,1,30,30,0,0,50,5.3,12,40,99,0.0,1,flat,9.196949999999763,5.367450000001163,-37.96942348900871,-58.119799721822005,94.4388982948409,95.77399417368791,9.196949999999763,5.367450000000279,571.0,171.0,0.0,0.0,23.0,8.0,1.0,1.0,12.0,12.0,28.0,7.0,-5.380000000000001,-2.9499999999999997,-99.08030500000002,-99.46325499999998,1,1
0.01,1.0,1440,1,30,30,0,0,50,5.3,18,40,99,0.0,1,flat,9.196949999998075,5.36744999999995,-37.96942348901099,-58.11979972182482,94.43081627710338,95.77399417368792,9.196949999998075,5.36744999999995,571.0,171.0,0.0,0.0,23.0,8.0,1.0,1.0,13.0,13.0,0.0,0.0,-5.380000000000001,-2.9499999999999997,-99.0803050000002,-99.463255,1,1
0.01,1.0,1440,1,30,30,0,0,75,18.0,12,25,3,0.01,2,inc_every2,9.196739999998734,7.502110000001494,-37.969706936609825,-53.73197426180827,93.96182785109465,94.3660934214485,9.196739999998734,7.502110000000439,105.0,48.0,0.0,0.0,28.0,14.0,1.0,1.0,7.0,7.0,0.0,0.0,-2.1,-1.9800000000000002,-99.08032600000013,-99.24978899999995,1,1
0.01,1.0,1440,1,30,30,0,0,75,18.0,18,25,3,0.01,2,inc_every2,9.196739999998734,7.502110000001494,-37.969706936609825,-53.73197426180827,93.96182785109465,94.3660934214485,9.196739999998734,7.502110000000439,105.0,48.0,0.0,0.0,28.0,14.0,1.0,1.0,7.0,7.0,0.0,0.0,-2.1,-1.9800000000000002,-99.08032600000013,-99.24978899999995,1,1
0.01,1.0,1440,1,30,30,0,0,75,18.0,8,25,3,0.01,2,inc_every2,9.196739999998734,7.502110000001494,-37.969706936609825,-53.73197426180827,93.96182785109465,94.3660934214485,9.196739999998734,7.502110000000439,105.0,48.0,0.0,0.0,28.0,14.0,1.0,1.0,7.0,7.0,0.0,0.0,-2.1,-1.9800000000000002,-99.08032600000013,-99.24978899999995,1,1
0.01,1.0,1440,1,30,30,0,0,50,18.0,5,40,3,0.01,2,inc_every2,9.186099999999769,-84.18999999990254,-37.98407506254243,-99.94670849517411,94.58366745283134,137.4111269107221,9.186099999999676,-84.18999999990254,124.0,165.0,0.0,0.0,24.0,32.0,1.0,1.0,5.0,5.0,73.0,102.0,-6.47,-28.999999999999986,-99.08139000000003,-108.41899999999025,1,1
0.01,1.0,1440,1,30,30,0,0,100,12.0,18,25,5,0.01,1,inc_every1,9.176860000000893,4.3087199999993935,-37.99656344929737,-60.77038240902416,93.98869382942569,97.68957048635365,9.176859999999962,4.3087199999993935,186.0,219.0,0.0,0.0,24.0,28.0,1.0,1.0,7.0,7.0,0.0,0.0,-3.1399999999999992,-7.959999999999997,-99.082314,-99.56912800000006,1,1
0.01,1.0,1440,1,30,30,0,0,100,12.0,8,25,5,0.01,1,inc_every1,9.176860000000893,4.3087199999993935,-37.99656344929737,-60.77038240902416,93.98869382942569,97.68957048635365,9.176859999999962,4.3087199999993935,186.0,219.0,0.0,0.0,24.0,28.0,1.0,1.0,7.0,7.0,0.0,0.0,-3.1399999999999992,-7.959999999999997,-99.082314,-99.56912800000006,1,1
0.01,1.0,1440,1,30,30,0,0,100,12.0,12,25,5,0.01,1,inc_every1,9.176860000000893,4.3087199999993935,-37.99656344929737,-60.77038240902416,93.98869382942569,97.68957048635365,9.176859999999962,4.3087199999993935,186.0,219.0,0.0,0.0,24.0,28.0,1.0,1.0,7.0,7.0,0.0,0.0,-3.1399999999999992,-7.959999999999997,-99.082314,-99.56912800000006,1,1
0.01,1.0,1440,1,30,30,0,0,100,18.0,12,40,5,0.01,3,inc_every3,9.179170000000834,5.282100000000234,-37.99344041000698,-58.319088870235035,92.7549972347259,96.4979778558643,9.170000000007683,5.282100000000135,100.0,109.0,0.0,0.0,14.0,15.0,1.0,1.0,8.0,9.0,0.0,0.0,-2.0900000000000003,-11.07,-99.08299999999923,-99.47178999999998,1,1
0.01,1.0,1440,1,30,30,0,0,100,18.0,18,40,5,0.01,3,inc_every3,9.179170000000834,5.282100000000234,-37.99344041000698,-58.319088870235035,92.7549972347259,96.4979778558643,9.170000000007683,5.282100000000135,100.0,109.0,0.0,0.0,14.0,15.0,1.0,1.0,8.0,9.0,0.0,0.0,-2.0900000000000003,-11.07,-99.08299999999923,-99.47178999999998,1,1
0.01,1.0,1440,1,30,30,0,0,100,18.0,8,40,5,0.01,3,inc_every3,9.179170000000834,7.527799999998816,-37.99344041000698,-53.68488317347586,92.7549972347259,96.67822787044457,9.170000000007683,7.527799999998816,100.0,148.0,0.0,0.0,14.0,20.0,1.0,1.0,8.0,8.0,15.0,21.0,-2.0900000000000003,-14.999999999999996,-99.08299999999923,-99.24722000000011,1,1
0.01,1.0,1440,1,30,30,0,0,75,5.3,8,40,5,0.01,1,inc_every1,9.168949999999228,7.487690000001088,-38.00726225830603,-53.758456513125275,95.77953970081565,94.11807541241325,9.168949999999228,7.487690000000818,1211.0,194.0,0.0,0.0,40.0,7.0,1.0,1.0,8.0,8.0,64.0,9.0,-12.419999999999998,-2.1199999999999997,-99.08310500000007,-99.25123099999992,1,1
0.01,1.0,1440,1,30,30,0,0,75,18.0,8,40,5,0.01,3,inc_every3,9.166639999999237,5.446899999999978,-38.01038808205409,-57.93627754062688,93.50988388559104,98.52705332359484,9.166639999999237,5.04115999999865,110.0,242.0,0.0,0.0,18.0,38.0,1.0,2.0,8.0,8.0,24.0,52.0,-5.2,-31.960000000000004,-99.08333600000007,-99.49588400000013,1,1
0.01,1.0,1440,1,30,30,0,0,75,12.0,5,25,3,0.01,2,inc_every2,9.166570000000082,7.417059999999687,-38.010482813820126,-53.88868815040831,94.89952704206856,95.4031236442528,9.166569999999112,7.417059999999523,274.0,127.0,0.0,0.0,40.0,19.0,1.0,1.0,5.0,5.0,79.0,36.0,-5.66,-4.27,-99.08334300000008,-99.25829400000005,1,1
0.01,1.0,1440,1,30,30,0,0,75,8.0,5,40,3,0.01,2,inc_every2,9.162019999999742,7.487620000000376,-38.016641620249345,-53.75858515508172,93.01622074853391,95.63378622660436,9.162019999999366,7.487620000000248,201.0,354.0,0.0,0.0,12.0,20.0,1.0,1.0,5.0,5.0,39.0,73.0,-2.98,-13.570000000000002,-99.08379800000006,-99.25123799999997,1,1
0.01,1.0,1440,1,30,30,0,0,50,3.0,8,15,3,0.01,2,inc_every2,9.160000000045693,7.475299999999164,-38.01937664371341,-53.781239309520714,92.37619642110297,92.54705882353036,9.160000000045429,7.475299999999164,151.0,130.0,0.0,0.0,12.0,11.0,0.0,1.0,7.0,7.0,0.0,0.0,-0.6200000000000001,-0.25,-99.08399999999546,-99.25247000000009,1,1
0.01,1.0,1440,1,30,30,0,0,50,3.0,18,15,3,0.01,2,inc_every2,9.160000000045693,7.475299999999164,-38.01937664371341,-53.781239309520714,92.37619642110297,92.54705882353036,9.160000000045429,7.475299999999164,151.0,130.0,0.0,0.0,12.0,11.0,0.0,1.0,7.0,7.0,0.0,0.0,-0.6200000000000001,-0.25,-99.08399999999546,-99.25247000000009,1,1
0.01,1.0,1440,1,30,30,0,0,50,3.0,12,15,3,0.01,2,inc_every2,9.160000000045693,7.475299999999164,-38.01937664371341,-53.781239309520714,92.37619642110297,92.54705882353036,9.160000000045429,7.475299999999164,151.0,130.0,0.0,0.0,12.0,11.0,0.0,1.0,7.0,7.0,0.0,0.0,-0.6200000000000001,-0.25,-99.08399999999546,-99.25247000000009,1,1
0.01,1.0,1440,1,30,30,0,0,200,8.0,12,25,3,0.01,2,inc_every2,9.160000000022407,10.280000000050322,-38.01937664374494,-49.18495403874162,92.29863796870528,95.54676319551587,9.160000000022379,5.29000000004763,161.0,339.0,0.0,0.0,11.0,19.0,0.0,0.0,5.0,5.0,0.0,0.0,-1.1900000000000002,-8.869999999999997,-99.08399999999776,-99.47099999999524,1,1
0.01,1.0,1440,1,30,30,0,0,200,8.0,8,25,3,0.01,2,inc_every2,9.160000000022407,10.280000000050322,-38.01937664374494,-49.18495403874162,92.29863796870528,95.54676319551587,9.160000000022379,5.29000000004763,161.0,339.0,0.0,0.0,11.0,19.0,0.0,0.0,5.0,5.0,0.0,0.0,-1.1900000000000002,-8.869999999999997,-99.08399999999776,-99.47099999999524,1,1
0.01,1.0,1440,1,30,30,0,0,200,8.0,18,25,3,0.01,2,inc_every2,9.160000000022407,10.280000000050322,-38.01937664374494,-49.18495403874162,92.29863796870528,95.54676319551587,9.160000000022379,5.29000000004763,161.0,339.0,0.0,0.0,11.0,19.0,0.0,0.0,5.0,5.0,0.0,0.0,-1.1900000000000002,-8.869999999999997,-99.08399999999776,-99.47099999999524,1,1
0.01,1.0,1440,1,30,30,0,0,200,8.0,5,25,3,0.01,2,inc_every2,9.160000000022407,10.280000000050322,-38.01937664374494,-49.18495403874162,92.29863796870528,95.54676319551587,9.160000000022379,5.29000000004763,161.0,339.0,0.0,0.0,11.0,19.0,0.0,0.0,5.0,5.0,10.0,18.0,-1.1900000000000002,-8.869999999999997,-99.08399999999776,-99.47099999999524,1,1
0.01,1.0,1440,1,30,30,0,0,75,12.0,8,40,5,0.01,1,inc_every1,9.157539999999532,7.3532199999998795,-38.02270806658999,-54.00715165101177,93.36506303434521,98.18735362997654,9.157539999999532,4.411800000003222,115.0,218.0,0.0,0.0,13.0,21.0,1.0,2.0,8.0,8.0,15.0,30.0,-3.0900000000000003,-10.280000000000001,-99.08424600000005,-99.55881999999968,1,1
0.01,1.0,1440,1,30,30,0,0,75,12.0,8,40,99,0.0,1,flat,9.15753999999911,8.931360000000932,-38.022708066590575,-51.26761344233175,93.11877066426318,96.00189802587711,9.15753999999911,8.931359999999998,122.0,402.0,0.0,0.0,12.0,36.0,1.0,1.0,8.0,8.0,18.0,65.0,-2.8400000000000003,-33.59000000000002,-99.08424600000009,-99.106864,1,1
0.01,1.0,1440,1,30,30,0,0,75,8.0,8,0,3,0.01,2,inc_every2,9.147879999999727,5.189050000001492,-38.035796923758014,-58.53895147693806,93.35810644013773,95.10651640890237,9.147879999999361,5.189050000000222,36.0,10.0,0.0,0.0,0.0,0.0,2.0,2.0,8.0,8.0,1.0,1.0,-0.7100000000000001,0.0,-99.08521200000007,-99.48109499999998,1,1
0.01,1.0,1440,1,30,30,0,0,50,3.0,5,40,3,0.01,2,inc_every2,9.138220000000587,7.462419999999426,-38.048896841240655,-53.804951256726355,92.88965141612559,92.56657037553812,9.13822000000006,7.462419999999426,445.0,263.0,0.0,0.0,9.0,6.0,1.0,1.0,5.0,5.0,56.0,28.0,-2.52,-1.87,-99.08617799999999,-99.25375800000006,1,1
0.01,1.0,1440,1,30,30,0,0,50,12.0,18,25,99,0.0,1,flat,9.129189999998296,7.489720000001565,-38.06115243675592,-53.75472626383877,93.8374578101812,92.88049429657698,9.129189999998296,7.489720000001338,356.0,51.0,0.0,0.0,60.0,9.0,1.0,1.0,11.0,11.0,0.0,0.0,-7.18,-0.66,-99.08708100000017,-99.25102799999986,1,1
0.01,1.0,1440,1,30,30,0,0,50,12.0,12,25,99,0.0,1,flat,9.129189999998296,7.489720000001565,-38.06115243675592,-53.75472626383877,93.8374578101812,92.88049429657698,9.129189999998296,7.489720000001338,356.0,51.0,0.0,0.0,60.0,9.0,1.0,1.0,11.0,11.0,0.0,0.0,-7.18,-0.66,-99.08708100000017,-99.25102799999986,1,1
0.01,1.0,1440,1,30,30,0,0,75,12.0,18,25,5,0.01,1,inc_every1,9.123380000000836,7.500080000000015,-38.06904294734452,-53.73570018206954,93.86828415888202,92.80705859787147,9.123380000000836,7.5000799999996275,173.0,50.0,0.0,0.0,26.0,8.0,1.0,1.0,8.0,8.0,0.0,0.0,-2.18,-1.02,-99.08766199999991,-99.24999200000003,1,1
0.01,1.0,1440,1,30,30,0,0,75,12.0,12,25,5,0.01,1,inc_every1,9.123380000000836,7.500080000000015,-38.06904294734452,-53.73570018206954,93.86828415888202,92.80705859787147,9.123380000000836,7.5000799999996275,173.0,50.0,0.0,0.0,26.0,8.0,1.0,1.0,8.0,8.0,0.0,0.0,-2.18,-1.02,-99.08766199999991,-99.24999200000003,1,1
0.01,1.0,1440,1,30,30,0,0,75,12.0,8,25,5,0.01,1,inc_every1,9.123380000000836,7.500080000000015,-38.06904294734452,-53.73570018206954,93.86828415888202,92.80705859787147,9.123380000000836,7.5000799999996275,173.0,50.0,0.0,0.0,26.0,8.0,1.0,1.0,8.0,8.0,23.0,7.0,-2.18,-1.02,-99.08766199999991,-99.24999200000003,1,1
0.01,1.0,1440,1,30,30,0,0,75,8.0,5,25,3,0.01,2,inc_every2,9.123379999999461,8.950000000027728,-38.0690429473464,-51.23737032035329,93.04567421297486,91.55978875893321,9.123379999999273,8.950000000027728,292.0,82.0,0.0,0.0,26.0,9.0,1.0,0.0,5.0,5.0,62.0,15.0,-3.730000000000001,-1.53,-99.08766200000008,-99.10499999999723,1,1
0.01,1.0,1440,1,30,30,0,0,100,12.0,5,25,3,0.01,2,inc_every2,9.123379999997788,9.400000000016298,-38.06904294734866,-50.52031427022974,93.27977312905304,96.21565362198132,9.123379999997788,9.090000000001114,185.0,375.0,0.0,0.0,25.0,45.0,1.0,0.0,5.0,5.0,45.0,83.0,-2.5900000000000003,-18.780000000000015,-99.08766200000022,-99.0909999999999,1,1
0.01,1.0,1440,1,30,30,0,0,50,5.3,12,0,99,0.0,1,flat,9.11876000000061,4.154479999999488,-38.075320198533525,-61.193635214178755,93.1225884305,95.91215192364531,9.11876000000061,4.154479999999488,61.0,17.0,0.0,0.0,0.0,0.0,2.0,2.0,12.0,12.0,1.0,1.0,-0.89,0.0,-99.08812399999994,-99.58455200000004,1,1
0.01,1.0,1440,1,30,30,0,0,75,5.3,12,0,3,0.01,2,inc_every2,9.118759999999462,7.2914100000014415,-38.07532019853508,-54.12253856840803,92.93338499690134,92.96195945945897,9.118759999999376,7.291410000000937,62.0,17.0,0.0,0.0,0.0,0.0,3.0,2.0,10.0,9.0,0.0,0.0,-0.9400000000000001,0.0,-99.08812400000006,-99.2708589999999,1,1
0.01,1.0,1440,1,30,30,0,0,75,5.3,18,0,3,0.01,2,inc_every2,9.118759999999462,7.2914100000014415,-38.07532019853508,-54.12253856840803,92.93338499690134,92.96195945945897,9.118759999999376,7.291410000000937,62.0,17.0,0.0,0.0,0.0,0.0,3.0,2.0,10.0,9.0,0.0,0.0,-0.9400000000000001,0.0,-99.08812400000006,-99.2708589999999,1,1
0.01,1.0,1440,1,30,30,0,0,75,5.3,18,0,5,0.01,1,inc_every1,9.118480000000055,5.223300000000091,-38.07570071975358,-58.457704439279944,92.62258899676443,94.88313087774365,9.11848000000002,5.223300000000091,41.0,37.0,0.0,0.0,0.0,0.0,2.0,3.0,10.0,10.0,0.0,0.0,-0.51,-0.15000000000000002,-99.088152,-99.47766999999999,1,1
0.01,1.0,1440,1,30,30,0,0,75,5.3,12,0,5,0.01,1,inc_every1,9.118480000000055,5.223300000000091,-38.07570071975358,-58.457704439279944,92.62258899676443,94.88313087774365,9.11848000000002,5.223300000000091,41.0,37.0,0.0,0.0,0.0,0.0,2.0,3.0,10.0,10.0,0.0,0.0,-0.51,-0.15000000000000002,-99.088152,-99.47766999999999,1,1
0.01,1.0,1440,1,30,30,0,0,75,3.0,12,0,5,0.01,1,inc_every1,9.118480000000648,7.291410000000784,-38.07570071975278,-54.12253856840926,92.31480825958825,93.18687161278373,9.118479999999622,7.2914100000000985,65.0,28.0,0.0,0.0,0.0,0.0,2.0,2.0,10.0,10.0,0.0,0.0,-0.51,0.0,-99.08815200000004,-99.27085899999999,1,1
0.01,1.0,1440,1,30,30,0,0,75,3.0,18,0,3,0.01,2,inc_every2,9.118479999999902,7.285530000000332,-38.07570071975379,-54.13355109393654,92.55937984496283,92.90807943152006,9.118479999999678,7.285529999999699,68.0,23.0,0.0,0.0,0.0,0.0,2.0,2.0,10.0,9.0,0.0,0.0,-0.7200000000000001,0.0,-99.08815200000004,-99.27144700000002,1,1
0.01,1.0,1440,1,30,30,0,0,75,3.0,18,0,5,0.01,1,inc_every1,9.118480000000648,7.291410000000784,-38.07570071975278,-54.12253856840926,92.31480825958825,93.18687161278373,9.118479999999622,7.2914100000000985,65.0,28.0,0.0,0.0,0.0,0.0,2.0,2.0,10.0,10.0,0.0,0.0,-0.51,0.0,-99.08815200000004,-99.27085899999999,1,1
0.01,1.0,1440,1,30,30,0,0,75,3.0,12,0,3,0.01,2,inc_every2,9.118479999999902,7.285530000000332,-38.07570071975379,-54.13355109393654,92.55937984496283,92.90807943152006,9.118479999999678,7.285529999999699,68.0,23.0,0.0,0.0,0.0,0.0,2.0,2.0,10.0,9.0,0.0,0.0,-0.7200000000000001,0.0,-99.08815200000004,-99.27144700000002,1,1
0.01,1.0,1440,1,30,30,0,0,50,5.3,18,0,3,0.01,2,inc_every2,9.11595999999835,7.274680000000981,-38.07912583138066,-54.15388822521112,94.15193738773577,93.15775018811141,9.11595999999835,7.274680000000362,58.0,11.0,0.0,0.0,0.0,0.0,3.0,2.0,11.0,10.0,0.0,0.0,-1.5000000000000002,0.0,-99.08840400000017,-99.27253199999997,1,1
0.01,1.0,1440,1,30,30,0,0,50,5.3,12,0,3,0.01,2,inc_every2,9.11595999999835,7.274680000000981,-38.07912583138066,-54.15388822521112,94.15193738773577,93.15775018811141,9.11595999999835,7.274680000000362,58.0,11.0,0.0,0.0,0.0,0.0,3.0,2.0,11.0,10.0,0.0,0.0,-1.5000000000000002,0.0,-99.08840400000017,-99.27253199999997,1,1
0.01,1.0,1440,1,30,30,0,0,75,18.0,18,25,5,0.01,3,inc_every3,9.114699999998564,9.53000000023323,-38.08083867120803,-50.31766594170648,95.1661540093363,96.49310027590472,9.114699999998564,9.53000000023323,166.0,208.0,0.0,0.0,40.0,50.0,1.0,0.0,8.0,8.0,0.0,0.0,-5.27,-21.68000000000001,-99.08853000000015,-99.04699999997668,1,1
0.01,1.0,1440,1,30,30,0,0,75,18.0,12,25,5,0.01,3,inc_every3,9.114699999998564,9.53000000023323,-38.08083867120803,-50.31766594170648,95.1661540093363,96.49310027590472,9.114699999998564,9.53000000023323,166.0,208.0,0.0,0.0,40.0,50.0,1.0,0.0,8.0,8.0,0.0,0.0,-5.27,-21.68000000000001,-99.08853000000015,-99.04699999997668,1,1
0.01,1.0,1440,1,30,30,0,0,75,18.0,8,25,5,0.01,3,inc_every3,9.114699999998564,9.53000000023323,-38.08083867120803,-50.31766594170648,95.1661540093363,96.49310027590472,9.114699999998564,9.53000000023323,166.0,208.0,0.0,0.0,40.0,50.0,1.0,0.0,8.0,8.0,40.0,49.0,-5.27,-21.68000000000001,-99.08853000000015,-99.04699999997668,1,1
0.01,1.0,1440,1,30,30,0,0,50,5.3,8,0,3,0.01,2,inc_every2,9.11189999999884,7.269289999998573,-38.084645660126014,-54.16399910916131,93.93227675301455,93.162819789317,9.11189999999884,7.269289999998573,56.0,14.0,0.0,0.0,0.0,0.0,2.0,2.0,8.0,8.0,3.0,1.0,-1.2200000000000002,0.0,-99.08881000000011,-99.27307100000014,1,1
0.01,1.0,1440,1,30,30,0,0,75,3.0,8,0,5,0.01,1,inc_every1,9.109800000000654,5.201400000001611,-38.0875015159404,-58.509611795131114,92.32212389380568,94.8069089456866,9.109800000000632,5.201400000000351,103.0,30.0,0.0,0.0,0.0,0.0,2.0,2.0,8.0,8.0,1.0,1.0,-0.8,0.0,-99.08901999999993,-99.47985999999996,1,1
0.01,1.0,1440,1,30,30,0,0,75,3.0,18,0,99,0.0,1,flat,9.109800000000018,4.158199999999592,-38.087501515941256,-61.18329828836848,92.09973115948426,95.84844249201326,9.10979999999973,4.158199999999557,96.0,23.0,0.0,0.0,0.0,0.0,2.0,2.0,15.0,14.0,0.0,0.0,-0.7300000000000001,0.0,-99.08902000000003,-99.58418000000005,1,1
0.01,1.0,1440,1,30,30,0,0,100,3.0,8,0,5,0.01,1,inc_every1,9.107279999998447,4.163160000000216,-38.090929238105275,-61.16952582020873,92.12513618677207,95.85425214100806,9.107279999998447,4.163159999999731,95.0,23.0,0.0,0.0,0.0,0.0,2.0,2.0,8.0,8.0,1.0,1.0,-0.5900000000000001,0.0,-99.08927200000015,-99.58368400000003,1,1
0.01,1.0,1440,1,30,30,0,0,100,18.0,8,0,5,0.01,1,inc_every1,9.101959999999192,4.163160000000568,-38.09816803255976,-61.16952582020776,92.93874321179277,96.07545248868777,9.101959999999192,4.1631600000000155,19.0,8.0,0.0,0.0,0.0,0.0,2.0,2.0,8.0,8.0,1.0,1.0,-0.45000000000000007,0.0,-99.08980400000009,-99.583684,1,1
0.01,1.0,1440,1,30,30,0,0,100,12.0,8,0,5,0.01,1,inc_every1,9.10111999999804,4.162200000000285,-38.09931130945582,-61.17219055934464,93.0467415386983,95.98862760215867,9.10111999999804,4.162200000000212,27.0,13.0,0.0,0.0,0.0,0.0,2.0,2.0,8.0,8.0,1.0,1.0,-0.39,0.0,-99.0898880000002,-99.58377999999998,1,1
0.01,1.0,1440,1,30,30,0,0,100,8.0,8,0,5,0.01,1,inc_every1,9.099299999997566,4.162200000000569,-38.10178869897549,-61.17219055934386,92.8464622641531,95.96998450813352,9.099299999997566,4.16219999999978,43.0,14.0,0.0,0.0,0.0,0.0,2.0,2.0,8.0,8.0,1.0,1.0,-0.51,0.0,-99.09007000000024,-99.58378000000002,1,1
0.01,1.0,1440,1,30,30,0,0,150,3.0,18,0,3,0.01,2,inc_every2,9.095380000000631,3.12840000000004,-38.107125961349155,-64.33492028706651,91.62642238998319,96.87159999999999,9.095380000000631,3.128400000000017,86.0,23.0,0.0,0.0,0.0,0.0,2.0,2.0,8.0,8.0,0.0,0.0,-0.37,0.0,-99.09046199999993,-99.68715999999999,1,1
0.01,1.0,1440,1,30,30,0,0,150,3.0,8,0,3,0.01,2,inc_every2,9.095380000000631,3.1284000000007346,-38.107125961349155,-64.33492028706415,91.62642238998319,96.87159999999949,9.095380000000631,3.1284000000005143,86.0,23.0,0.0,0.0,0.0,0.0,2.0,2.0,8.0,8.0,1.0,1.0,-0.37,0.0,-99.09046199999993,-99.68715999999995,1,1
0.01,1.0,1440,1,30,30,0,0,150,3.0,12,0,3,0.01,2,inc_every2,9.095380000000631,3.12840000000004,-38.107125961349155,-64.33492028706651,91.62642238998319,96.87159999999999,9.095380000000631,3.128400000000017,86.0,23.0,0.0,0.0,0.0,0.0,2.0,2.0,8.0,8.0,0.0,0.0,-0.37,0.0,-99.09046199999993,-99.68715999999999,1,1
0.01,1.0,1440,1,30,30,0,0,150,18.0,18,0,3,0.01,2,inc_every2,9.09510000000082,5.210200000000782,-38.10750726477791,-58.48873562964445,92.56085391787987,94.8667980295559,9.09510000000072,5.210200000000782,17.0,9.0,0.0,0.0,0.0,0.0,2.0,2.0,8.0,8.0,0.0,0.0,-0.38,0.0,-99.09048999999993,-99.47897999999992,1,1
0.01,1.0,1440,1,30,30,0,0,150,18.0,8,0,3,0.01,2,inc_every2,9.09510000000082,5.210200000000778,-38.10750726477791,-58.48873562964446,92.56085391787987,94.8667980295559,9.09510000000072,5.210200000000778,17.0,9.0,0.0,0.0,0.0,0.0,2.0,2.0,8.0,8.0,1.0,1.0,-0.38,0.0,-99.09048999999993,-99.47897999999992,1,1
0.01,1.0,1440,1,30,30,0,0,150,18.0,12,0,3,0.01,2,inc_every2,9.09510000000082,5.210200000000782,-38.10750726477791,-58.48873562964445,92.56085391787987,94.8667980295559,9.09510000000072,5.210200000000782,17.0,9.0,0.0,0.0,0.0,0.0,2.0,2.0,8.0,8.0,0.0,0.0,-0.38,0.0,-99.09048999999993,-99.47897999999992,1,1
0.01,1.0,1440,1,30,30,0,0,100,3.0,18,0,5,0.01,3,inc_every3,9.09509999999976,4.166519999999281,-38.10750726477935,-61.16020263085817,92.13566796368401,95.850906193986,9.09509999999976,4.166519999999281,106.0,25.0,0.0,0.0,0.0,0.0,2.0,2.0,10.0,10.0,0.0,0.0,-0.5900000000000001,0.0,-99.09049000000002,-99.58334800000007,1,1
0.01,1.0,1440,1,30,30,0,0,100,3.0,12,0,5,0.01,3,inc_every3,9.09509999999976,4.166519999999281,-38.10750726477935,-61.16020263085817,92.13566796368401,95.850906193986,9.09509999999976,4.166519999999281,106.0,25.0,0.0,0.0,0.0,0.0,2.0,2.0,10.0,10.0,0.0,0.0,-0.5900000000000001,0.0,-99.09049000000002,-99.58334800000007,1,1
0.01,1.0,1440,1,30,30,0,0,100,3.0,18,0,5,0.01,1,inc_every1,9.09509999999942,5.2081500000013286,-38.10750726477982,-58.49359661319144,92.52047697368504,94.81363274248127,9.09509999999942,5.208150000000341,110.0,26.0,0.0,0.0,0.0,0.0,2.0,2.0,9.0,9.0,0.0,0.0,-0.5900000000000001,0.0,-99.09049000000006,-99.47918499999997,1,1
0.01,1.0,1440,1,30,30,0,0,100,3.0,12,0,5,0.01,1,inc_every1,9.09509999999942,5.2081500000013286,-38.10750726477982,-58.49359661319144,92.52047697368504,94.81363274248127,9.09509999999942,5.208150000000341,110.0,26.0,0.0,0.0,0.0,0.0,2.0,2.0,9.0,9.0,0.0,0.0,-0.5900000000000001,0.0,-99.09049000000006,-99.47918499999997,1,1
0.01,1.0,1440,1,30,30,0,0,150,8.0,12,0,3,0.01,2,inc_every2,9.095100000000109,3.128400000000344,-38.107507264778874,-64.33492028706547,92.05112742527672,96.94730679156923,9.095099999999263,3.1283999999998926,36.0,14.0,0.0,0.0,0.0,0.0,2.0,2.0,8.0,8.0,0.0,0.0,-0.39,0.0,-99.09049000000007,-99.68716,1,1
0.01,1.0,1440,1,30,30,0,0,150,8.0,18,0,3,0.01,2,inc_every2,9.095100000000109,3.128400000000344,-38.107507264778874,-64.33492028706547,92.05112742527672,96.94730679156923,9.095099999999263,3.1283999999998926,36.0,14.0,0.0,0.0,0.0,0.0,2.0,2.0,8.0,8.0,0.0,0.0,-0.39,0.0,-99.09049000000007,-99.68716,1,1
0.01,1.0,1440,1,30,30,0,0,150,8.0,8,0,3,0.01,2,inc_every2,9.095100000000109,3.128399999999651,-38.107507264778874,-64.33492028706783,92.05112742527672,96.94730679156955,9.095099999999263,3.1283999999995658,36.0,14.0,0.0,0.0,0.0,0.0,2.0,2.0,8.0,8.0,1.0,1.0,-0.39,0.0,-99.09049000000007,-99.68716000000005,1,1
0.01,1.0,1440,1,30,30,0,0,150,5.3,8,0,3,0.01,2,inc_every2,9.095099999999547,3.128399999999809,-38.10750726477964,-64.33492028706729,91.80990544799742,96.89272943980953,9.095099999999178,3.128399999999809,59.0,17.0,0.0,0.0,0.0,0.0,2.0,2.0,8.0,8.0,1.0,1.0,-0.37,0.0,-99.09049000000009,-99.68716000000002,1,1
0.01,1.0,1440,1,30,30,0,0,150,5.3,18,0,3,0.01,2,inc_every2,9.095099999999547,3.1284000000005037,-38.10750726477964,-64.33492028706493,91.80990544799742,96.89272943980924,9.095099999999178,3.1284000000001058,59.0,17.0,0.0,0.0,0.0,0.0,2.0,2.0,8.0,8.0,0.0,0.0,-0.37,0.0,-99.09049000000009,-99.68715999999999,1,1
0.01,1.0,1440,1,30,30,0,0,150,5.3,12,0,3,0.01,2,inc_every2,9.095099999999547,3.1284000000005037,-38.10750726477964,-64.33492028706493,91.80990544799742,96.89272943980924,9.095099999999178,3.1284000000001058,59.0,17.0,0.0,0.0,0.0,0.0,2.0,2.0,8.0,8.0,0.0,0.0,-0.37,0.0,-99.09049000000009,-99.68715999999999,1,1
0.01,1.0,1440,1,30,30,0,0,150,5.3,18,0,5,0.01,1,inc_every1,9.093280000000114,4.170200000001017,-38.109985965964874,-61.149997576287895,91.81154434939235,95.85796583233974,9.093280000000114,4.170200000000413,55.0,17.0,0.0,0.0,0.0,0.0,2.0,2.0,9.0,9.0,0.0,0.0,-0.33,0.0,-99.09067199999998,-99.58297999999996,1,1
0.01,1.0,1440,1,30,30,0,0,150,5.3,12,0,5,0.01,1,inc_every1,9.093280000000114,4.170200000001017,-38.109985965964874,-61.149997576287895,91.81154434939235,95.85796583233974,9.093280000000114,4.170200000000413,55.0,17.0,0.0,0.0,0.0,0.0,2.0,2.0,9.0,9.0,0.0,0.0,-0.33,0.0,-99.09067199999998,-99.58297999999996,1,1
0.01,1.0,1440,1,30,30,0,0,150,8.0,18,0,5,0.01,1,inc_every1,9.091739999998381,4.171200000001015,-38.11208363847559,-61.147225556707596,92.05614678899386,95.9297423887589,9.091739999998381,4.171199999999931,36.0,15.0,0.0,0.0,0.0,0.0,2.0,2.0,9.0,9.0,0.0,0.0,-0.37,0.0,-99.09082600000016,-99.58288,1,1
0.01,1.0,1440,1,30,30,0,0,150,8.0,12,0,5,0.01,1,inc_every1,9.091739999998381,4.171200000001015,-38.11208363847559,-61.147225556707596,92.05614678899386,95.9297423887589,9.091739999998381,4.171199999999931,36.0,15.0,0.0,0.0,0.0,0.0,2.0,2.0,9.0,9.0,0.0,0.0,-0.37,0.0,-99.09082600000016,-99.58288,1,1
0.01,1.0,1440,1,30,30,0,0,75,5.3,8,15,5,0.01,1,inc_every1,9.090000000030875,9.94000000002672,-38.11445407793893,-49.690997972594985,91.92860948319101,94.85866246427209,9.09000000003061,5.2200000000247435,120.0,135.0,0.0,0.0,13.0,14.0,0.0,0.0,6.0,6.0,0.0,0.0,-0.51,-0.7100000000000001,-99.09099999999694,-99.47799999999752,1,1
0.01,1.0,1440,1,30,30,0,0,75,5.3,18,15,5,0.01,1,inc_every1,9.090000000030875,9.94000000002672,-38.11445407793893,-49.690997972594985,91.92860948319101,94.85866246427209,9.09000000003061,5.2200000000247435,120.0,135.0,0.0,0.0,13.0,14.0,0.0,0.0,6.0,6.0,0.0,0.0,-0.51,-0.7100000000000001,-99.09099999999694,-99.47799999999752,1,1
0.01,1.0,1440,1,30,30,0,0,75,5.3,12,15,5,0.01,3,inc_every3,9.090000000030875,9.94000000002672,-38.11445407793893,-49.690997972594985,91.92860948319101,94.85866246427209,9.09000000003061,5.2200000000247435,120.0,135.0,0.0,0.0,13.0,14.0,0.0,0.0,6.0,6.0,0.0,0.0,-0.51,-0.7100000000000001,-99.09099999999694,-99.47799999999752,1,1
0.01,1.0,1440,1,30,30,0,0,75,5.3,12,15,5,0.01,1,inc_every1,9.090000000030875,9.94000000002672,-38.11445407793893,-49.690997972594985,91.92860948319101,94.85866246427209,9.09000000003061,5.2200000000247435,120.0,135.0,0.0,0.0,13.0,14.0,0.0,0.0,6.0,6.0,0.0,0.0,-0.51,-0.7100000000000001,-99.09099999999694,-99.47799999999752,1,1
0.01,1.0,1440,1,30,30,0,0,75,5.3,18,15,5,0.01,3,inc_every3,9.090000000030875,9.94000000002672,-38.11445407793893,-49.690997972594985,91.92860948319101,94.85866246427209,9.09000000003061,5.2200000000247435,120.0,135.0,0.0,0.0,13.0,14.0,0.0,0.0,6.0,6.0,0.0,0.0,-0.51,-0.7100000000000001,-99.09099999999694,-99.47799999999752,1,1
0.01,1.0,1440,1,30,30,0,0,75,5.3,8,15,5,0.01,3,inc_every3,9.090000000030875,9.94000000002672,-38.11445407793893,-49.690997972594985,91.92860948319101,94.85866246427209,9.09000000003061,5.2200000000247435,120.0,135.0,0.0,0.0,13.0,14.0,0.0,0.0,6.0,6.0,0.0,0.0,-0.51,-0.7100000000000001,-99.09099999999694,-99.47799999999752,1,1
0.01,1.0,1440,1,30,30,0,0,50,8.0,18,0,3,0.01,2,inc_every2,9.088799999998336,5.197399999999874,-38.11608907532492,-58.51910916322417,94.77985181781811,95.29774721795046,9.088799999998336,5.197399999999675,62.0,13.0,0.0,0.0,0.0,0.0,4.0,3.0,12.0,10.0,0.0,0.0,-2.2,0.0,-99.09112000000016,-99.48026000000003,1,1
0.01,1.0,1440,1,30,30,0,0,50,8.0,12,0,3,0.01,2,inc_every2,9.088799999998336,5.197399999999874,-38.11608907532492,-58.51910916322417,94.77985181781811,95.29774721795046,9.088799999998336,5.197399999999675,62.0,13.0,0.0,0.0,0.0,0.0,4.0,3.0,12.0,10.0,1.0,0.0,-2.2,0.0,-99.09112000000016,-99.48026000000003,1,1
0.01,1.0,1440,1,30,30,0,0,50,3.0,8,40,5,0.01,1,inc_every1,9.088239999998542,5.347300000000589,-38.11685213317628,-58.16664738675672,93.93146367521938,94.81549350397546,9.088239999998542,5.34729999999988,524.0,213.0,0.0,0.0,11.0,6.0,1.0,1.0,8.0,8.0,22.0,13.0,-1.4500000000000002,-1.86,-99.09117600000015,-99.46527000000002,1,1
0.01,1.0,1440,1,30,30,0,0,150,12.0,12,0,3,0.01,2,inc_every2,9.0829199999989,5.20814999999928,-38.124103059148965,-58.493596613196296,92.36087468461032,94.89597216777818,9.0829199999989,5.20814999999928,29.0,12.0,0.0,0.0,0.0,0.0,2.0,2.0,8.0,8.0,0.0,0.0,-0.34,0.0,-99.09170800000011,-99.47918500000007,1,1
0.01,1.0,1440,1,30,30,0,0,150,12.0,18,0,3,0.01,2,inc_every2,9.0829199999989,5.20814999999928,-38.124103059148965,-58.493596613196296,92.36087468461032,94.89597216777818,9.0829199999989,5.20814999999928,29.0,12.0,0.0,0.0,0.0,0.0,2.0,2.0,8.0,8.0,0.0,0.0,-0.34,0.0,-99.09170800000011,-99.47918500000007,1,1
0.01,1.0,1440,1,30,30,0,0,150,12.0,8,0,3,0.01,2,inc_every2,9.0829199999989,5.20814999999928,-38.124103059148965,-58.493596613196296,92.36087468461032,94.89597216777818,9.0829199999989,5.20814999999928,29.0,12.0,0.0,0.0,0.0,0.0,2.0,2.0,8.0,8.0,1.0,1.0,-0.34,0.0,-99.09170800000011,-99.47918500000007,1,1
0.01,1.0,1440,1,30,30,0,0,150,18.0,18,0,5,0.01,1,inc_every1,9.082919999998389,4.1752000000001,-38.12410305914965,-61.13614214412901,92.66678507993193,95.8865024630541,9.082919999998389,4.1752000000001,20.0,10.0,0.0,0.0,0.0,0.0,2.0,2.0,9.0,9.0,0.0,0.0,-0.37,-0.04,-99.09170800000017,-99.58247999999999,1,1
0.01,1.0,1440,1,30,30,0,0,150,18.0,12,0,5,0.01,1,inc_every1,9.082919999998389,4.1752000000001,-38.12410305914965,-61.13614214412901,92.66678507993193,95.8865024630541,9.082919999998389,4.1752000000001,20.0,10.0,0.0,0.0,0.0,0.0,2.0,2.0,9.0,9.0,0.0,0.0,-0.37,-0.04,-99.09170800000017,-99.58247999999999,1,1
0.01,1.0,1440,1,30,30,0,0,100,12.0,8,40,99,0.0,1,flat,9.071160000000823,7.403199999999742,-38.14014348422494,-53.91434615337346,92.89984345648081,92.86507324595253,9.07116000000022,7.403199999999742,96.0,162.0,0.0,0.0,8.0,12.0,1.0,1.0,8.0,8.0,9.0,12.0,-1.5700000000000003,-8.229999999999997,-99.09288399999998,-99.25968000000003,1,1
0.01,1.0,1440,1,30,30,0,0,75,5.3,5,40,3,0.01,2,inc_every2,9.071159999999104,7.3863999999984316,-38.140143484227295,-53.945492039705556,92.68454838709806,94.22982579486602,9.071159999999104,7.3863999999984316,236.0,485.0,0.0,0.0,8.0,16.0,1.0,1.0,5.0,5.0,33.0,68.0,-1.9500000000000002,-10.680000000000001,-99.09288400000008,-99.26136000000015,1,1
0.01,1.0,1440,1,30,30,0,0,50,12.0,8,0,3,0.01,2,inc_every2,9.066539999999684,7.268589999998786,-38.14644963090315,-54.1653125972917,94.99224523612311,93.39038828771652,9.066539999999684,7.268589999998786,43.0,8.0,0.0,0.0,0.0,0.0,3.0,2.0,8.0,8.0,5.0,1.0,-1.3,0.0,-99.09334600000003,-99.27314100000012,1,1
0.01,1.0,1440,1,30,30,0,0,75,3.0,5,40,3,0.01,2,inc_every2,9.062619999999256,7.428539999998897,-38.15180231680152,-53.86746155537539,92.19950077466159,92.76886985301408,9.062619999999256,7.428539999998897,404.0,183.0,0.0,0.0,7.0,4.0,1.0,1.0,5.0,5.0,27.0,14.0,-2.0300000000000002,-1.0,-99.09373800000007,-99.2571460000001,1,1
0.01,1.0,1440,1,30,30,0,0,100,12.0,8,25,99,0.0,1,flat,9.060000000023734,5.628600000000308,-38.15538090986957,-57.52352566405956,93.76676986582547,97.43197372023029,9.060000000023734,5.628599999999569,267.0,379.0,0.0,0.0,33.0,42.0,0.0,1.0,7.0,7.0,0.0,0.0,-6.660000000000001,-20.71000000000001,-99.09399999999762,-99.43714000000004,1,1
0.01,1.0,1440,1,30,30,0,0,100,12.0,12,25,99,0.0,1,flat,9.060000000023734,5.628600000000308,-38.15538090986957,-57.52352566405956,93.76676986582547,97.43197372023029,9.060000000023734,5.628599999999569,267.0,379.0,0.0,0.0,33.0,42.0,0.0,1.0,7.0,7.0,0.0,0.0,-6.660000000000001,-20.71000000000001,-99.09399999999762,-99.43714000000004,1,1
0.01,1.0,1440,1,30,30,0,0,100,12.0,18,25,99,0.0,1,flat,9.060000000023734,5.628600000000308,-38.15538090986957,-57.52352566405956,93.76676986582547,97.43197372023029,9.060000000023734,5.628599999999569,267.0,379.0,0.0,0.0,33.0,42.0,0.0,1.0,7.0,7.0,0.0,0.0,-6.660000000000001,-20.71000000000001,-99.09399999999762,-99.43714000000004,1,1
0.01,1.0,1440,1,30,30,0,0,75,12.0,18,0,5,0.01,1,inc_every1,9.059330000001598,7.308980000000453,-38.15629617920923,-54.089669218123284,93.43193648952402,92.99033278987223,9.059330000000198,7.308980000000453,33.0,19.0,0.0,0.0,0.0,0.0,3.0,3.0,10.0,10.0,0.0,0.0,-0.6,-0.09000000000000001,-99.09406699999998,-99.26910199999996,1,1
0.01,1.0,1440,1,30,30,0,0,75,12.0,12,0,5,0.01,1,inc_every1,9.059330000001598,7.308980000000453,-38.15629617920923,-54.089669218123284,93.43193648952402,92.99033278987223,9.059330000000198,7.308980000000453,33.0,19.0,0.0,0.0,0.0,0.0,3.0,3.0,10.0,10.0,0.0,0.0,-0.6,-0.09000000000000001,-99.09406699999998,-99.26910199999996,1,1
0.01,1.0,1440,1,30,30,0,0,75,8.0,12,0,3,0.01,2,inc_every2,9.059329999999274,7.291410000000923,-38.15629617921239,-54.122538568409006,93.42239889639278,93.12390607318083,9.059329999999274,7.291409999999459,55.0,14.0,0.0,0.0,0.0,0.0,3.0,2.0,10.0,9.0,0.0,0.0,-1.07,0.0,-99.09406700000007,-99.27085900000006,1,1
0.01,1.0,1440,1,30,30,0,0,75,8.0,18,0,3,0.01,2,inc_every2,9.059329999999274,7.291410000000923,-38.15629617921239,-54.122538568409006,93.42239889639278,93.12390607318083,9.059329999999274,7.291409999999459,55.0,14.0,0.0,0.0,0.0,0.0,3.0,2.0,10.0,9.0,0.0,0.0,-1.07,0.0,-99.09406700000007,-99.27085900000006,1,1
0.01,1.0,1440,1,30,30,0,0,100,5.3,3,15,99,0.0,1,flat,9.300000000065202,9.490000000032923,-37.830952115389934,-50.37981135004075,93.7856995388743,93.13679903280291,9.030000000063165,7.380000000027255,782.0,393.0,0.0,0.0,49.0,27.0,0.0,0.0,3.0,3.0,191.0,95.0,-5.6499999999999995,-4.429999999999998,-99.09699999999368,-99.26199999999727,1,1
0.01,1.0,1440,1,30,30,0,0,100,5.3,3,15,5,0.01,3,inc_every3,9.300000000065202,9.490000000032923,-37.830952115389934,-50.37981135004075,93.7856995388743,93.13679903280291,9.030000000063165,7.380000000027255,782.0,393.0,0.0,0.0,49.0,27.0,0.0,0.0,3.0,3.0,191.0,95.0,-5.6499999999999995,-4.429999999999998,-99.09699999999368,-99.26199999999727,1,1
0.01,1.0,1440,1,30,30,0,0,100,5.3,3,15,3,0.01,2,inc_every2,9.300000000065202,9.490000000032923,-37.830952115389934,-50.37981135004075,93.7856995388743,93.13679903280291,9.030000000063165,7.380000000027255,782.0,393.0,0.0,0.0,49.0,27.0,0.0,0.0,3.0,3.0,191.0,95.0,-5.6499999999999995,-4.429999999999998,-99.09699999999368,-99.26199999999727,1,1
0.01,1.0,1440,1,30,30,0,0,100,5.3,3,15,5,0.01,1,inc_every1,9.300000000065202,9.490000000032923,-37.830952115389934,-50.37981135004075,93.7856995388743,93.13679903280291,9.030000000063165,7.380000000027255,782.0,393.0,0.0,0.0,49.0,27.0,0.0,0.0,3.0,3.0,191.0,95.0,-5.6499999999999995,-4.429999999999998,-99.09699999999368,-99.26199999999727,1,1
0.01,1.0,1440,1,30,30,0,0,75,18.0,18,0,5,0.01,1,inc_every1,9.024820000000211,10.350200000000978,-38.20351276312477,-49.08194004966363,93.47634812780265,90.40404227702759,9.024820000000211,10.35019999999956,29.0,6.0,0.0,0.0,0.0,0.0,4.0,2.0,11.0,10.0,0.0,0.0,-1.0100000000000002,0.0,-99.09751799999998,-98.96498000000004,1,1
0.01,1.0,1440,1,30,30,0,0,75,18.0,12,0,5,0.01,1,inc_every1,9.024820000000211,10.350200000000978,-38.20351276312477,-49.08194004966363,93.47634812780265,90.40404227702759,9.024820000000211,10.35019999999956,29.0,6.0,0.0,0.0,0.0,0.0,4.0,2.0,11.0,10.0,0.0,0.0,-1.0100000000000002,0.0,-99.09751799999998,-98.96498000000004,1,1
0.01,1.0,1440,1,30,30,0,0,50,8.0,8,25,99,0.0,1,flat,9.02257999999916,8.98000000005014,-38.20658251946342,-51.188788538812744,93.61278493558082,92.99641241612274,9.02257999999916,8.980000000048776,93.0,119.0,0.0,0.0,11.0,14.0,1.0,0.0,8.0,8.0,16.0,21.0,-0.7000000000000002,-1.4600000000000002,-99.09774200000008,-99.10199999999512,1,1
0.01,1.0,1440,1,30,30,0,0,75,3.0,8,40,5,0.01,3,inc_every3,9.01900999999986,7.42924000000022,-38.211476203845606,-53.86616799633832,92.29539552366404,94.09944089451797,9.01900999999986,5.910000000050836,462.0,173.0,0.0,0.0,8.0,4.0,1.0,1.0,8.0,8.0,12.0,6.0,-1.3500000000000003,-0.9800000000000001,-99.09809900000002,-99.40899999999492,1,1
0.01,1.0,1440,1,30,30,0,0,50,8.0,12,25,3,0.01,2,inc_every2,9.017680000000794,7.461019999999792,-38.2132997373104,-53.80753037402543,93.45976211198142,95.56462343651094,9.017680000000794,5.000000000021494,96.0,70.0,0.0,0.0,12.0,10.0,1.0,1.0,8.0,8.0,0.0,0.0,-0.62,-0.22999999999999998,-99.09823199999992,-99.49999999999785,1,1
0.01,1.0,1440,1,30,30,0,0,50,8.0,18,25,3,0.01,2,inc_every2,9.017680000000794,7.461019999999792,-38.2132997373104,-53.80753037402543,93.45976211198142,95.56462343651094,9.017680000000794,5.000000000021494,96.0,70.0,0.0,0.0,12.0,10.0,1.0,1.0,8.0,8.0,0.0,0.0,-0.62,-0.22999999999999998,-99.09823199999992,-99.49999999999785,1,1
0.01,1.0,1440,1,30,30,0,0,50,8.0,8,25,3,0.01,2,inc_every2,9.017680000000794,7.461019999999792,-38.2132997373104,-53.80753037402543,93.45976211198142,95.56462343651094,9.017680000000794,5.000000000021494,96.0,70.0,0.0,0.0,12.0,10.0,1.0,1.0,8.0,8.0,10.0,7.0,-0.62,-0.22999999999999998,-99.09823199999992,-99.49999999999785,1,1
0.01,1.0,1440,1,30,30,0,0,150,3.0,5,0,3,0.01,2,inc_every2,9.01179999999863,7.458990000000966,-38.22136425363093,-53.81127069799183,91.70336954520508,93.19807587087413,9.01179999999863,7.4589900000001705,70.0,124.0,0.0,0.0,0.0,0.0,1.0,1.0,5.0,5.0,2.0,5.0,-2.0500000000000003,-2.3100000000000005,-99.09882000000013,-99.25410099999998,1,1
0.01,1.0,1440,1,30,30,0,0,50,5.3,5,25,3,0.01,2,inc_every2,9.00928000000008,5.257800000001836,-38.224821763397934,-58.376241804104126,93.259049756829,94.79013079666954,9.009279999999304,5.257800000001151,151.0,42.0,0.0,0.0,11.0,5.0,1.0,1.0,5.0,5.0,31.0,6.0,-1.12,-0.51,-99.09907200000006,-99.47421999999989,1,1
0.01,1.0,1440,1,30,30,0,0,200,3.0,5,0,3,0.01,2,inc_every2,9.007740000000297,7.420000000000471,-38.22693506686795,-53.88324987415095,91.78275862068958,92.92727099418593,9.007740000000297,7.419999999999916,73.0,59.0,0.0,0.0,0.0,0.0,1.0,1.0,5.0,5.0,2.0,2.0,-1.9900000000000002,-0.75,-99.09922599999997,-99.25800000000001,1,1
0.01,1.0,1440,1,30,30,0,0,75,3.0,5,0,3,0.01,2,inc_every2,9.007739999998478,7.382270000001071,-38.226935066870446,-53.95315635528779,92.2467378206254,92.81391025017038,9.007739999998478,7.382270000000219,89.0,47.0,0.0,0.0,0.0,0.0,1.0,1.0,5.0,5.0,7.0,4.0,-2.6100000000000003,-0.77,-99.09922600000016,-99.26177299999998,1,1
0.01,1.0,1440,1,30,30,0,0,100,5.3,5,40,3,0.01,2,inc_every2,9.005989999999478,7.427420000000186,-38.22933689891039,-53.86953142793152,92.84955140928982,92.79450911913068,9.005989999999478,7.427420000000186,301.0,101.0,0.0,0.0,9.0,4.0,1.0,1.0,5.0,5.0,27.0,9.0,-1.6000000000000003,-1.48,-99.09940100000006,-99.25725799999998,1,1
0.01,1.0,1440,1,30,30,0,0,150,5.3,5,0,3,0.01,2,inc_every2,9.000040000000553,7.426579999999433,-38.237505921240256,-53.871083976233514,91.89550652859063,92.62357965832406,9.00004000000041,7.426579999999433,54.0,40.0,0.0,0.0,0.0,0.0,1.0,1.0,5.0,5.0,2.0,4.0,-2.0500000000000003,-0.77,-99.09999599999996,-99.25734200000005,1,1
0.01,1.0,1440,1,30,30,0,0,50,3.0,5,0,3,0.01,2,inc_every2,9.000039999999984,7.3786999999986875,-38.237505921241045,-53.959783868972664,92.55271824575985,92.64336989033043,9.000039999999984,7.3786999999986875,99.0,42.0,0.0,0.0,0.0,0.0,1.0,1.0,5.0,5.0,12.0,5.0,-2.7600000000000002,-0.77,-99.099996,-99.26213000000013,1,1
0.01,1.0,1440,1,30,30,0,0,200,5.3,5,0,3,0.01,2,inc_every2,9.0000399999997,7.472080000000005,-38.237505921241436,-53.78716460421027,91.97356639614777,93.17680577116278,9.0000399999997,7.472080000000005,59.0,98.0,0.0,0.0,0.0,0.0,1.0,1.0,5.0,5.0,2.0,3.0,-1.9900000000000002,-2.22,-99.09999600000003,-99.252792,1,1
0.01,1.0,1440,1,30,30,0,0,300,3.0,5,0,3,0.01,2,inc_every2,9.00003999999845,7.857289999999523,-38.23750592124314,-53.0906851948177,91.6286484978159,97.04390895410128,9.00003999999845,7.857289999999523,68.0,783.0,0.0,2.0,0.0,0.0,1.0,1.0,5.0,5.0,2.0,16.0,-1.8200000000000003,-47.060000000000045,-99.09999600000016,-99.21427100000005,1,1
0.01,1.0,1440,1,30,30,0,0,300,18.0,18,25,99,0.0,1,flat,9.890000000010826,4.282319999999814,-37.060968759342025,-60.84206360528975,91.98323524165369,96.59863383637844,8.99000000000968,4.282319999999814,85.0,137.0,0.0,0.0,12.0,16.0,0.0,1.0,4.0,4.0,0.0,0.0,-1.1600000000000004,-7.8699999999999966,-99.10099999999903,-99.57176800000002,1,1
0.01,1.0,1440,1,30,30,0,0,300,18.0,18,25,5,0.01,3,inc_every3,9.890000000010826,4.282319999999814,-37.060968759342025,-60.84206360528975,91.98323524165369,96.59863383637844,8.99000000000968,4.282319999999814,85.0,137.0,0.0,0.0,12.0,16.0,0.0,1.0,4.0,4.0,0.0,0.0,-1.1600000000000004,-7.8699999999999966,-99.10099999999903,-99.57176800000002,1,1
0.01,1.0,1440,1,30,30,0,0,300,18.0,8,25,5,0.01,1,inc_every1,9.890000000010826,4.282319999999814,-37.060968759342025,-60.84206360528975,91.98323524165369,96.59863383637844,8.99000000000968,4.282319999999814,85.0,137.0,0.0,0.0,12.0,16.0,0.0,1.0,4.0,4.0,0.0,0.0,-1.1600000000000004,-7.8699999999999966,-99.10099999999903,-99.57176800000002,1,1
0.01,1.0,1440,1,30,30,0,0,300,18.0,12,25,5,0.01,3,inc_every3,9.890000000010826,4.282319999999814,-37.060968759342025,-60.84206360528975,91.98323524165369,96.59863383637844,8.99000000000968,4.282319999999814,85.0,137.0,0.0,0.0,12.0,16.0,0.0,1.0,4.0,4.0,0.0,0.0,-1.1600000000000004,-7.8699999999999966,-99.10099999999903,-99.57176800000002,1,1
0.01,1.0,1440,1,30,30,0,0,300,18.0,18,25,5,0.01,1,inc_every1,9.890000000010826,4.282319999999814,-37.060968759342025,-60.84206360528975,91.98323524165369,96.59863383637844,8.99000000000968,4.282319999999814,85.0,137.0,0.0,0.0,12.0,16.0,0.0,1.0,4.0,4.0,0.0,0.0,-1.1600000000000004,-7.8699999999999966,-99.10099999999903,-99.57176800000002,1,1
0.01,1.0,1440,1,30,30,0,0,300,18.0,12,25,5,0.01,1,inc_every1,9.890000000010826,4.282319999999814,-37.060968759342025,-60.84206360528975,91.98323524165369,96.59863383637844,8.99000000000968,4.282319999999814,85.0,137.0,0.0,0.0,12.0,16.0,0.0,1.0,4.0,4.0,0.0,0.0,-1.1600000000000004,-7.8699999999999966,-99.10099999999903,-99.57176800000002,1,1
0.01,1.0,1440,1,30,30,0,0,300,18.0,12,25,99,0.0,1,flat,9.890000000010826,4.282319999999814,-37.060968759342025,-60.84206360528975,91.98323524165369,96.59863383637844,8.99000000000968,4.282319999999814,85.0,137.0,0.0,0.0,12.0,16.0,0.0,1.0,4.0,4.0,0.0,0.0,-1.1600000000000004,-7.8699999999999966,-99.10099999999903,-99.57176800000002,1,1
0.01,1.0,1440,1,30,30,0,0,300,18.0,8,25,99,0.0,1,flat,9.890000000010826,4.282319999999814,-37.060968759342025,-60.84206360528975,91.98323524165369,96.59863383637844,8.99000000000968,4.282319999999814,85.0,137.0,0.0,0.0,12.0,16.0,0.0,1.0,4.0,4.0,0.0,0.0,-1.1600000000000004,-7.8699999999999966,-99.10099999999903,-99.57176800000002,1,1
0.01,1.0,1440,1,30,30,0,0,300,18.0,5,25,5,0.01,3,inc_every3,9.890000000010826,4.282319999999814,-37.060968759342025,-60.84206360528975,91.98323524165369,96.59863383637844,8.99000000000968,4.282319999999814,85.0,137.0,0.0,0.0,12.0,16.0,0.0,1.0,4.0,4.0,0.0,0.0,-1.1600000000000004,-7.8699999999999966,-99.10099999999903,-99.57176800000002,1,1
0.01,1.0,1440,1,30,30,0,0,300,18.0,5,25,99,0.0,1,flat,9.890000000010826,4.282319999999814,-37.060968759342025,-60.84206360528975,91.98323524165369,96.59863383637844,8.99000000000968,4.282319999999814,85.0,137.0,0.0,0.0,12.0,16.0,0.0,1.0,4.0,4.0,0.0,0.0,-1.1600000000000004,-7.8699999999999966,-99.10099999999903,-99.57176800000002,1,1
0.01,1.0,1440,1,30,30,0,0,300,18.0,8,25,5,0.01,3,inc_every3,9.890000000010826,4.282319999999814,-37.060968759342025,-60.84206360528975,91.98323524165369,96.59863383637844,8.99000000000968,4.282319999999814,85.0,137.0,0.0,0.0,12.0,16.0,0.0,1.0,4.0,4.0,0.0,0.0,-1.1600000000000004,-7.8699999999999966,-99.10099999999903,-99.57176800000002,1,1
0.01,1.0,1440,1,30,30,0,0,300,18.0,5,25,5,0.01,1,inc_every1,9.890000000010826,4.282319999999814,-37.060968759342025,-60.84206360528975,91.98323524165369,96.59863383637844,8.99000000000968,4.282319999999814,85.0,137.0,0.0,0.0,12.0,16.0,0.0,1.0,4.0,4.0,0.0,0.0,-1.1600000000000004,-7.8699999999999966,-99.10099999999903,-99.57176800000002,1,1
0.01,1.0,1440,1,30,30,0,0,50,18.0,12,15,5,0.01,1,inc_every1,8.990000000007493,7.990000000074806,-38.25130008818272,-52.85630046370591,92.33262260127344,94.77223816349066,8.990000000007228,5.830000000075305,17.0,59.0,0.0,0.0,11.0,29.0,0.0,0.0,8.0,8.0,0.0,0.0,-0.28,-1.4000000000000001,-99.10099999999927,-99.41699999999247,1,1
0.01,1.0,1440,1,30,30,0,0,50,18.0,18,15,5,0.01,1,inc_every1,8.990000000007493,7.990000000074806,-38.25130008818272,-52.85630046370591,92.33262260127344,94.77223816349066,8.990000000007228,5.830000000075305,17.0,59.0,0.0,0.0,11.0,29.0,0.0,0.0,8.0,8.0,0.0,0.0,-0.28,-1.4000000000000001,-99.10099999999927,-99.41699999999247,1,1
0.01,1.0,1440,1,30,30,0,0,50,18.0,8,15,5,0.01,1,inc_every1,8.990000000007493,7.990000000074806,-38.25130008818272,-52.85630046370591,92.33262260127344,94.77223816349066,8.990000000007228,5.830000000075305,17.0,59.0,0.0,0.0,11.0,29.0,0.0,0.0,8.0,8.0,2.0,5.0,-0.28,-1.4000000000000001,-99.10099999999927,-99.41699999999247,1,1
0.01,1.0,1440,1,30,30,0,0,50,8.0,12,40,3,0.01,2,inc_every2,8.983520000001494,7.372819999999347,-38.26020964079968,-53.9707046855556,94.84031933835023,93.32957568081164,8.983519999999821,7.372819999999347,72.0,21.0,0.0,0.0,7.0,3.0,1.0,1.0,9.0,10.0,0.0,0.0,-1.4900000000000002,0.0,-99.10164800000001,-99.26271800000006,1,1
0.01,1.0,1440,1,30,30,0,0,50,8.0,18,40,3,0.01,2,inc_every2,8.983520000001494,7.372819999999347,-38.26020964079968,-53.9707046855556,94.84031933835023,93.32957568081164,8.983519999999821,7.372819999999347,72.0,21.0,0.0,0.0,7.0,3.0,1.0,1.0,9.0,10.0,0.0,0.0,-1.4900000000000002,0.0,-99.10164800000001,-99.26271800000006,1,1
0.01,1.0,1440,1,30,30,0,0,150,8.0,5,0,3,0.01,2,inc_every2,8.981070000000017,7.745359999999835,-38.263579560881396,-53.2905409120912,92.02462481129594,94.81186951570974,8.981070000000017,7.745359999999835,41.0,255.0,0.0,1.0,0.0,0.0,1.0,1.0,5.0,5.0,2.0,17.0,-2.0500000000000003,-58.80000000000005,-99.101893,-99.22546400000002,1,1
0.01,1.0,1440,1,30,30,0,0,200,8.0,5,0,3,0.01,2,inc_every2,8.980510000001146,7.610819999999649,-38.26434993157141,-53.53347086456483,92.44954598957429,93.49558157422635,8.980510000000777,7.610819999999649,45.0,185.0,0.0,1.0,0.0,0.0,1.0,1.0,5.0,5.0,2.0,7.0,-1.9900000000000002,-31.9,-99.10194899999992,-99.23891800000004,1,1
0.01,1.0,1440,1,30,30,0,0,200,12.0,5,0,3,0.01,2,inc_every2,8.980509999999668,7.7348600000009355,-38.264349931573435,-53.30939294177838,92.29206935027112,94.3184515939494,8.980509999999413,7.734860000000367,32.0,159.0,0.0,1.0,0.0,0.0,1.0,1.0,5.0,5.0,2.0,12.0,-1.8500000000000003,-52.620000000000054,-99.10194900000006,-99.22651399999997,1,1
0.01,1.0,1440,1,30,30,0,0,75,5.3,5,0,3,0.01,2,inc_every2,8.980509999998873,7.390880000000763,-38.264349931574536,-53.937181608701444,92.75765322580793,92.86594594594563,8.980509999998873,7.390880000000763,69.0,31.0,0.0,0.0,0.0,0.0,1.0,1.0,5.0,5.0,7.0,4.0,-2.6100000000000003,-0.77,-99.10194900000012,-99.26091199999992,1,1
0.01,1.0,1440,1,30,30,0,0,300,8.0,5,0,3,0.01,2,inc_every2,8.980509999998247,7.461719999999701,-38.264349931575396,-53.80624077288745,92.33025023486373,93.35436408977593,8.980509999998247,7.461719999999701,40.0,71.0,0.0,0.0,0.0,0.0,1.0,1.0,5.0,5.0,2.0,3.0,-1.8200000000000003,-1.6400000000000001,-99.10194900000018,-99.25382800000003,1,1
0.01,1.0,1440,1,30,30,0,0,300,5.3,5,0,3,0.01,2,inc_every2,8.980509999997935,7.426859999999294,-38.26434993157582,-53.87056644642878,92.1765746145153,93.15307458283505,8.980509999997935,7.42685999999901,56.0,43.0,0.0,0.0,0.0,0.0,1.0,1.0,5.0,5.0,2.0,2.0,-1.8200000000000003,-0.31000000000000005,-99.1019490000002,-99.2573140000001,1,1
0.01,1.0,1440,1,30,30,0,0,100,3.0,5,0,3,0.01,2,inc_every2,8.980509999997878,7.378699999999881,-38.2643499315759,-53.959783868970455,92.3835891781889,92.75603769880244,8.980509999997878,7.378699999999881,102.0,44.0,0.0,0.0,0.0,0.0,1.0,1.0,5.0,5.0,7.0,2.0,-2.47,-0.77,-99.10194900000022,-99.26213000000001,1,1
0.01,1.0,1440,1,30,30,0,0,100,8.0,8,40,99,0.0,1,flat,8.97259999999887,9.34000000002225,-38.27523552426815,-50.614508666038994,92.83853459972971,92.9520072441737,8.97259999999887,9.34000000002186,148.0,271.0,0.0,0.0,7.0,13.0,1.0,0.0,8.0,8.0,8.0,15.0,-1.6900000000000004,-8.51,-99.10274000000011,-99.06599999999781,1,1
0.01,1.0,1440,1,30,30,0,0,75,8.0,8,0,5,0.01,3,inc_every3,8.97189999999803,3.118440000000424,-38.27619922071243,-64.36874741922674,93.01308309321922,96.98497534564461,8.97189999999803,3.1184399999998593,54.0,14.0,0.0,0.0,0.0,0.0,2.0,2.0,8.0,8.0,2.0,1.0,-3.3300000000000005,0.0,-99.1028100000002,-99.68815600000002,1,1
0.01,1.0,1440,1,30,30,0,0,75,12.0,12,15,99,0.0,1,flat,8.970000000114995,10.32000000006203,-38.27881527123949,-49.12619626898667,92.21624435949815,90.36144578307753,8.97000000011473,10.320000000060379,172.0,98.0,0.0,0.0,37.0,22.0,0.0,0.0,7.0,7.0,0.0,0.0,-1.3400000000000003,-1.02,-99.10299999998853,-98.96799999999396,1,1
0.01,1.0,1440,1,30,30,0,0,75,12.0,18,15,99,0.0,1,flat,8.970000000114995,10.32000000006203,-38.27881527123949,-49.12619626898667,92.21624435949815,90.36144578307753,8.97000000011473,10.320000000060379,172.0,98.0,0.0,0.0,37.0,22.0,0.0,0.0,7.0,7.0,0.0,0.0,-1.3400000000000003,-1.02,-99.10299999998853,-98.96799999999396,1,1
0.01,1.0,1440,1,30,30,0,0,75,12.0,8,15,99,0.0,1,flat,8.970000000114995,10.32000000006203,-38.27881527123949,-49.12619626898667,92.21624435949815,90.36144578307753,8.97000000011473,10.320000000060379,172.0,98.0,0.0,0.0,37.0,22.0,0.0,0.0,7.0,7.0,0.0,0.0,-1.3400000000000003,-1.02,-99.10299999998853,-98.96799999999396,1,1
0.01,1.0,1440,1,30,30,0,0,50,3.0,3,15,99,0.0,1,flat,8.970000000070188,5.860000000055679,-38.278815271301184,-57.01120941950939,93.19578244703924,94.46543256511647,8.97000000006923,5.860000000055679,432.0,311.0,0.0,0.0,21.0,17.0,0.0,0.0,3.0,3.0,143.0,88.0,-1.57,-1.1,-99.10299999999307,-99.41399999999443,1,1
0.01,1.0,1440,1,30,30,0,0,50,3.0,3,15,5,0.01,1,inc_every1,8.970000000070188,5.860000000055679,-38.278815271301184,-57.01120941950939,93.19578244703924,94.46543256511647,8.97000000006923,5.860000000055679,432.0,311.0,0.0,0.0,21.0,17.0,0.0,0.0,3.0,3.0,143.0,88.0,-1.57,-1.1,-99.10299999999307,-99.41399999999443,1,1
0.01,1.0,1440,1,30,30,0,0,50,3.0,3,15,5,0.01,3,inc_every3,8.970000000070188,5.860000000055679,-38.278815271301184,-57.01120941950939,93.19578244703924,94.46543256511647,8.97000000006923,5.860000000055679,432.0,311.0,0.0,0.0,21.0,17.0,0.0,0.0,3.0,3.0,143.0,88.0,-1.57,-1.1,-99.10299999999307,-99.41399999999443,1,1
0.01,1.0,1440,1,30,30,0,0,50,3.0,3,15,3,0.01,2,inc_every2,8.970000000070188,5.860000000055679,-38.278815271301184,-57.01120941950939,93.19578244703924,94.46543256511647,8.97000000006923,5.860000000055679,432.0,311.0,0.0,0.0,21.0,17.0,0.0,0.0,3.0,3.0,143.0,88.0,-1.57,-1.1,-99.10299999999307,-99.41399999999443,1,1
0.01,1.0,1440,1,30,30,0,0,100,3.0,18,40,5,0.01,1,inc_every1,8.965740000000594,7.3490900000004835,-38.28468234376906,-54.01484024957968,92.24752269779562,92.68164708225409,8.965739999999691,7.3490900000004835,388.0,124.0,0.0,0.0,6.0,3.0,1.0,1.0,8.0,8.0,0.0,0.0,-1.1300000000000001,-0.5900000000000001,-99.10342600000003,-99.26509099999996,1,1
0.01,1.0,1440,1,30,30,0,0,100,3.0,12,40,5,0.01,1,inc_every1,8.965740000000594,7.3490900000004835,-38.28468234376906,-54.01484024957968,92.24752269779562,92.68164708225409,8.965739999999691,7.3490900000004835,388.0,124.0,0.0,0.0,6.0,3.0,1.0,1.0,8.0,8.0,0.0,0.0,-1.1300000000000001,-0.5900000000000001,-99.10342600000003,-99.26509099999996,1,1
0.01,1.0,1440,1,30,30,0,0,100,3.0,8,40,5,0.01,1,inc_every1,8.965740000000594,7.3490900000004835,-38.28468234376906,-54.01484024957968,92.24752269779562,92.68164708225409,8.965739999999691,7.3490900000004835,388.0,124.0,0.0,0.0,6.0,3.0,1.0,1.0,8.0,8.0,6.0,3.0,-1.1300000000000001,-0.5900000000000001,-99.10342600000003,-99.26509099999996,1,1
0.01,1.0,1440,1,30,30,0,0,50,12.0,8,25,99,0.0,1,flat,8.962380000000849,7.489720000000194,-38.28931146696514,-53.75472626384129,93.90065332788895,92.88049429657853,8.962380000000621,7.489719999999721,56.0,49.0,0.0,0.0,11.0,9.0,1.0,1.0,8.0,8.0,14.0,11.0,-0.5900000000000001,-0.45000000000000007,-99.10376199999993,-99.25102800000003,1,1
0.01,1.0,1440,1,30,30,0,0,150,12.0,5,0,3,0.01,2,inc_every2,8.961539999998678,7.426580000000058,-38.290468964663525,-53.871083976232356,92.30901132852857,92.72189337514713,8.961539999998678,7.426580000000058,37.0,29.0,0.0,0.0,0.0,0.0,1.0,1.0,5.0,5.0,2.0,3.0,-2.0500000000000003,-0.98,-99.10384600000013,-99.257342,1,1
0.01,1.0,1440,1,30,30,0,0,100,8.0,5,0,3,0.01,2,inc_every2,8.96014000000045,7.419160000000289,-38.29239832035572,-53.88480351289776,93.05523174701582,92.93278719756131,8.960140000000365,7.419160000000289,55.0,38.0,0.0,0.0,0.0,0.0,1.0,1.0,5.0,5.0,7.0,3.0,-2.46,-0.98,-99.10398599999996,-99.25808399999997,1,1
0.01,1.0,1440,1,30,30,0,0,300,12.0,5,0,3,0.01,2,inc_every2,8.960139999998518,7.5351499999986515,-38.29239832035839,-53.671431018531976,92.7206596799104,94.90833840124449,8.960139999998518,7.5351499999986515,33.0,82.0,0.0,0.0,0.0,0.0,1.0,1.0,5.0,5.0,2.0,3.0,-1.8200000000000003,-3.739999999999999,-99.10398600000015,-99.24648500000013,1,1
0.01,1.0,1440,1,30,30,0,0,100,3.0,5,40,3,0.01,2,inc_every2,8.956849999999406,7.347339999999328,-38.29693325556677,-54.01809904582198,92.40365533033754,92.7868250539964,8.956849999999406,7.347339999999328,371.0,130.0,0.0,0.0,6.0,3.0,1.0,1.0,5.0,5.0,21.0,7.0,-1.8700000000000003,-0.8500000000000001,-99.10431500000006,-99.26526600000007,1,1
0.01,1.0,1440,1,30,30,0,0,50,5.3,18,25,5,0.01,1,inc_every1,8.956640000001688,5.330300000000266,-38.29722276474842,-58.206268006553366,92.61368959261102,94.93510072215939,8.956640000000334,5.330299999999671,133.0,77.0,0.0,0.0,10.0,7.0,1.0,1.0,9.0,9.0,0.0,0.0,-0.51,-0.51,-99.10433599999996,-99.46697000000003,1,1
0.01,1.0,1440,1,30,30,0,0,50,5.3,12,25,5,0.01,1,inc_every1,8.956640000001688,5.330300000000266,-38.29722276474842,-58.206268006553366,92.61368959261102,94.93510072215939,8.956640000000334,5.330299999999671,133.0,77.0,0.0,0.0,10.0,7.0,1.0,1.0,9.0,9.0,0.0,0.0,-0.51,-0.51,-99.10433599999996,-99.46697000000003,1,1
0.01,1.0,1440,1,30,30,0,0,50,5.3,8,25,5,0.01,1,inc_every1,8.956640000000295,7.434070000000343,-38.29722276475034,-53.85724477156422,92.61368959261111,94.41277080956144,8.956640000000235,5.880000000017773,133.0,81.0,0.0,0.0,10.0,7.0,1.0,1.0,8.0,8.0,10.0,6.0,-0.51,-0.51,-99.10433599999998,-99.41199999999822,1,1
0.01,1.0,1440,1,30,30,0,0,200,18.0,5,0,3,0.01,2,inc_every2,8.95272000000034,7.734860000001504,-38.30262793307708,-53.309392941777354,92.42642754420166,93.81359673678472,8.952719999999573,7.734860000000708,25.0,96.0,0.0,1.0,0.0,0.0,1.0,1.0,5.0,5.0,2.0,12.0,-1.9200000000000004,-56.75000000000006,-99.10472800000004,-99.22651399999992,1,1
0.01,1.0,1440,1,30,30,0,0,100,5.3,5,0,3,0.01,2,inc_every2,8.952369999999775,7.390879999999527,-38.30311062944445,-53.93718160870373,92.89212385867427,92.82995731470756,8.952369999999775,7.390879999999527,83.0,32.0,0.0,0.0,0.0,0.0,1.0,1.0,5.0,5.0,8.0,2.0,-2.47,-0.77,-99.10476300000002,-99.26091200000005,1,1
0.01,1.0,1440,1,30,30,0,0,50,3.0,8,25,3,0.01,2,inc_every2,8.949640000000912,7.438970000000438,-38.30687617924931,-53.848196384991596,92.80459881010037,93.73613169417382,8.94964000000001,7.438970000000239,246.0,123.0,0.0,0.0,10.0,6.0,1.0,1.0,8.0,8.0,9.0,6.0,-0.17,0.0,-99.105036,-99.25610299999998,1,1
0.01,1.0,1440,1,30,30,0,0,50,3.0,12,25,3,0.01,2,inc_every2,8.949640000000912,7.438970000000438,-38.30687617924931,-53.848196384991596,92.80459881010037,93.73613169417382,8.94964000000001,7.438970000000239,246.0,123.0,0.0,0.0,10.0,6.0,1.0,1.0,8.0,8.0,0.0,0.0,-0.17,0.0,-99.105036,-99.25610299999998,1,1
0.01,1.0,1440,1,30,30,0,0,50,3.0,18,25,3,0.01,2,inc_every2,8.949640000000912,7.438970000000438,-38.30687617924931,-53.848196384991596,92.80459881010037,93.73613169417382,8.94964000000001,7.438970000000239,246.0,123.0,0.0,0.0,10.0,6.0,1.0,1.0,8.0,8.0,0.0,0.0,-0.17,0.0,-99.105036,-99.25610299999998,1,1
0.01,1.0,1440,1,30,30,0,0,150,18.0,5,0,3,0.01,2,inc_every2,8.948869999999516,7.768810000000997,-38.30793842351737,-53.24850276911259,92.44119435763218,94.39479797979925,8.948869999999516,7.768810000000997,26.0,97.0,0.0,1.0,0.0,0.0,1.0,1.0,5.0,5.0,2.0,17.0,-2.0500000000000003,-63.84000000000006,-99.10511300000005,-99.2231189999999,1,1
0.01,1.0,1440,1,30,30,0,0,300,18.0,5,0,3,0.01,2,inc_every2,8.948869999998294,7.532699999999579,-38.30793842351905,-53.675914045669785,93.24052420877844,93.41547202797256,8.948869999998294,7.532699999999579,26.0,49.0,0.0,0.0,0.0,0.0,1.0,1.0,5.0,5.0,2.0,3.0,-1.8200000000000003,-4.300000000000001,-99.10511300000017,-99.24673000000004,1,1
0.01,1.0,1440,1,30,30,0,0,200,18.0,12,40,3,0.01,2,inc_every2,8.944809999999691,7.424480000001012,-38.31354055715994,-53.874965886706065,92.43311902546372,92.77352540393228,8.944809999999691,7.424479999999988,26.0,46.0,0.0,0.0,3.0,5.0,1.0,1.0,6.0,6.0,0.0,0.0,-0.37,-2.06,-99.10551900000003,-99.257552,1,1
0.01,1.0,1440,1,30,30,0,0,200,18.0,8,40,3,0.01,2,inc_every2,8.944809999999691,7.424480000001012,-38.31354055715994,-53.874965886706065,92.43311902546372,92.77352540393228,8.944809999999691,7.424479999999988,26.0,46.0,0.0,0.0,3.0,5.0,1.0,1.0,6.0,6.0,0.0,0.0,-0.37,-2.06,-99.10551900000003,-99.257552,1,1
0.01,1.0,1440,1,30,30,0,0,200,18.0,18,40,3,0.01,2,inc_every2,8.944809999999691,7.424480000001012,-38.31354055715994,-53.874965886706065,92.43311902546372,92.77352540393228,8.944809999999691,7.424479999999988,26.0,46.0,0.0,0.0,3.0,5.0,1.0,1.0,6.0,6.0,0.0,0.0,-0.37,-2.06,-99.10551900000003,-99.257552,1,1
0.01,1.0,1440,1,30,30,0,0,50,5.3,5,0,3,0.01,2,inc_every2,8.943339999998045,7.420000000000385,-38.315569417425934,-53.883249874151105,93.12050769230953,92.64764169639336,8.943339999998045,7.419999999999902,87.0,48.0,0.0,0.0,0.0,0.0,1.0,1.0,5.0,5.0,13.0,7.0,-3.2500000000000004,-0.98,-99.1056660000002,-99.25800000000001,1,1
0.01,1.0,1440,1,30,30,0,0,100,8.0,18,40,3,0.01,2,inc_every2,8.94110000000083,3.218280000000533,-38.31866152699811,-64.03303009456998,93.06998914896903,98.32625338048702,8.941100000000347,3.2182799999998863,90.0,478.0,0.0,0.0,5.0,25.0,1.0,1.0,7.0,7.0,0.0,0.0,-1.9400000000000002,-17.229999999999997,-99.10588999999996,-99.67817200000002,1,1
0.01,1.0,1440,1,30,30,0,0,100,8.0,8,40,3,0.01,2,inc_every2,8.94110000000083,3.218280000000533,-38.31866152699811,-64.03303009456998,93.06998914896903,98.32625338048702,8.941100000000347,3.2182799999998863,90.0,478.0,0.0,0.0,5.0,25.0,1.0,1.0,7.0,7.0,0.0,0.0,-1.9400000000000002,-17.229999999999997,-99.10588999999996,-99.67817200000002,1,1
0.01,1.0,1440,1,30,30,0,0,100,8.0,12,40,3,0.01,2,inc_every2,8.94110000000083,3.218280000000533,-38.31866152699811,-64.03303009456998,93.06998914896903,98.32625338048702,8.941100000000347,3.2182799999998863,90.0,478.0,0.0,0.0,5.0,25.0,1.0,1.0,7.0,7.0,0.0,0.0,-1.9400000000000002,-17.229999999999997,-99.10588999999996,-99.67817200000002,1,1
0.01,1.0,1440,1,30,30,0,0,200,12.0,5,40,3,0.01,2,inc_every2,8.938440000000575,9.050000000005618,-38.32233421202563,-51.075872762656346,92.32817783881227,91.15347018572265,8.938440000000128,9.050000000005618,37.0,42.0,0.0,0.0,3.0,4.0,1.0,0.0,5.0,5.0,4.0,4.0,-0.30000000000000004,-0.7700000000000001,-99.10615599999998,-99.09499999999944,1,1
0.01,1.0,1440,1,30,30,0,0,200,12.0,18,40,3,0.01,2,inc_every2,8.93843999999961,9.050000000005973,-38.322334212026966,-51.075872762655784,92.32817783881289,91.15347018572231,8.938439999999403,9.050000000005973,37.0,42.0,0.0,0.0,3.0,4.0,1.0,0.0,6.0,6.0,0.0,0.0,-0.37,-0.7700000000000001,-99.10615600000006,-99.0949999999994,1,1
0.01,1.0,1440,1,30,30,0,0,200,12.0,8,40,3,0.01,2,inc_every2,8.93843999999961,9.050000000005973,-38.322334212026966,-51.075872762655784,92.32817783881289,91.15347018572231,8.938439999999403,9.050000000005973,37.0,42.0,0.0,0.0,3.0,4.0,1.0,0.0,6.0,6.0,0.0,0.0,-0.37,-0.7700000000000001,-99.10615600000006,-99.0949999999994,1,1
0.01,1.0,1440,1,30,30,0,0,200,12.0,12,40,3,0.01,2,inc_every2,8.93843999999961,9.050000000005973,-38.322334212026966,-51.075872762655784,92.32817783881289,91.15347018572231,8.938439999999403,9.050000000005973,37.0,42.0,0.0,0.0,3.0,4.0,1.0,0.0,6.0,6.0,0.0,0.0,-0.37,-0.7700000000000001,-99.10615600000006,-99.0949999999994,1,1
0.01,1.0,1440,1,30,30,0,0,50,18.0,12,25,5,0.01,3,inc_every3,8.93773999999786,7.464939999999565,-38.32330085338989,-53.80030970194065,94.51268418467758,93.25416591360991,8.93773999999786,7.464939999999565,22.0,26.0,0.0,0.0,8.0,9.0,1.0,1.0,10.0,9.0,0.0,0.0,-0.9000000000000001,-1.3100000000000003,-99.10622600000022,-99.25350600000004,1,1
0.01,1.0,1440,1,30,30,0,0,50,18.0,18,25,5,0.01,3,inc_every3,8.93773999999786,7.464939999999565,-38.32330085338989,-53.80030970194065,94.51268418467758,93.25416591360991,8.93773999999786,7.464939999999565,22.0,26.0,0.0,0.0,8.0,9.0,1.0,1.0,10.0,9.0,0.0,0.0,-0.9000000000000001,-1.3100000000000003,-99.10622600000022,-99.25350600000004,1,1
0.01,1.0,1440,1,30,30,0,0,50,8.0,12,40,5,0.01,1,inc_every1,8.932140000001436,3.2161800000006036,-38.331036165091234,-64.04001559581025,94.57309678595338,97.29414437152964,8.932140000000448,3.216180000000568,49.0,124.0,0.0,0.0,5.0,9.0,1.0,3.0,10.0,10.0,0.0,0.0,-1.35,-1.1300000000000001,-99.10678599999996,-99.67838199999994,1,1
0.01,1.0,1440,1,30,30,0,0,50,8.0,18,40,5,0.01,1,inc_every1,8.932140000001436,3.2161800000006036,-38.331036165091234,-64.04001559581025,94.57309678595338,97.29414437152964,8.932140000000448,3.216180000000568,49.0,124.0,0.0,0.0,5.0,9.0,1.0,3.0,10.0,10.0,0.0,0.0,-1.35,-1.1300000000000001,-99.10678599999996,-99.67838199999994,1,1
0.01,1.0,1440,1,30,30,0,0,150,8.0,18,40,5,0.01,3,inc_every3,8.932070000001872,5.312350000001185,-38.331132881031714,-58.24819917661846,92.06813782079705,94.81620804059357,8.932070000000799,5.312349999999775,59.0,108.0,0.0,0.0,3.0,5.0,1.0,1.0,7.0,7.0,0.0,0.0,-0.44,-2.2800000000000002,-99.10679299999993,-99.46876500000002,1,1
0.01,1.0,1440,1,30,30,0,0,150,8.0,8,40,5,0.01,3,inc_every3,8.932070000001872,5.312350000001185,-38.331132881031714,-58.24819917661846,92.06813782079705,94.81620804059357,8.932070000000799,5.312349999999775,59.0,108.0,0.0,0.0,3.0,5.0,1.0,1.0,7.0,7.0,0.0,0.0,-0.44,-2.2800000000000002,-99.10679299999993,-99.46876500000002,1,1
0.01,1.0,1440,1,30,30,0,0,150,8.0,12,40,5,0.01,3,inc_every3,8.932070000001872,5.312350000001185,-38.331132881031714,-58.24819917661846,92.06813782079705,94.81620804059357,8.932070000000799,5.312349999999775,59.0,108.0,0.0,0.0,3.0,5.0,1.0,1.0,7.0,7.0,0.0,0.0,-0.44,-2.2800000000000002,-99.10679299999993,-99.46876500000002,1,1
0.01,1.0,1440,1,30,30,0,0,150,8.0,18,40,5,0.01,1,inc_every1,8.9320699999991,5.31230000000069,-38.331132881035536,-58.24831611543001,92.06813782079855,94.81625683060156,8.9320699999991,5.312299999999578,59.0,109.0,0.0,0.0,3.0,5.0,1.0,1.0,7.0,7.0,0.0,0.0,-0.44,-2.2800000000000002,-99.1067930000001,-99.46877000000005,1,1
0.01,1.0,1440,1,30,30,0,0,150,8.0,12,40,5,0.01,1,inc_every1,8.9320699999991,5.31230000000069,-38.331132881035536,-58.24831611543001,92.06813782079855,94.81625683060156,8.9320699999991,5.312299999999578,59.0,109.0,0.0,0.0,3.0,5.0,1.0,1.0,7.0,7.0,0.0,0.0,-0.44,-2.2800000000000002,-99.1067930000001,-99.46877000000005,1,1
0.01,1.0,1440,1,30,30,0,0,150,8.0,8,40,5,0.01,1,inc_every1,8.9320699999991,5.31230000000069,-38.331132881035536,-58.24831611543001,92.06813782079855,94.81625683060156,8.9320699999991,5.312299999999578,59.0,109.0,0.0,0.0,3.0,5.0,1.0,1.0,7.0,7.0,0.0,0.0,-0.44,-2.2800000000000002,-99.1067930000001,-99.46877000000005,1,1
0.01,1.0,1440,1,30,30,0,0,300,3.0,3,40,99,0.0,1,flat,8.930000000037133,8.530000000043941,-38.33399318361249,-51.929847023466905,91.47005444642592,91.46999999995617,8.930000000036841,8.530000000043835,325.0,557.0,0.0,3.0,5.0,7.0,0.0,0.0,3.0,3.0,15.0,29.0,-2.4099999999999997,-12.169999999999998,-99.10699999999632,-99.14699999999561,1,1
0.01,1.0,1440,1,30,30,0,0,300,3.0,3,40,5,0.01,3,inc_every3,8.930000000037133,8.530000000043941,-38.33399318361249,-51.929847023466905,91.47005444642592,91.46999999995617,8.930000000036841,8.530000000043835,325.0,557.0,0.0,3.0,5.0,7.0,0.0,0.0,3.0,3.0,15.0,29.0,-2.4099999999999997,-12.169999999999998,-99.10699999999632,-99.14699999999561,1,1
0.01,1.0,1440,1,30,30,0,0,300,3.0,3,40,3,0.01,2,inc_every2,8.930000000037133,8.530000000043941,-38.33399318361249,-51.929847023466905,91.47005444642592,91.46999999995617,8.930000000036841,8.530000000043835,325.0,557.0,0.0,3.0,5.0,7.0,0.0,0.0,3.0,3.0,15.0,29.0,-2.4099999999999997,-12.169999999999998,-99.10699999999632,-99.14699999999561,1,1
0.01,1.0,1440,1,30,30,0,0,300,3.0,3,40,5,0.01,1,inc_every1,8.930000000037133,8.530000000043941,-38.33399318361249,-51.929847023466905,91.47005444642592,91.46999999995617,8.930000000036841,8.530000000043835,325.0,557.0,0.0,3.0,5.0,7.0,0.0,0.0,3.0,3.0,15.0,29.0,-2.4099999999999997,-12.169999999999998,-99.10699999999632,-99.14699999999561,1,1
0.01,1.0,1440,1,30,30,0,0,150,8.0,5,40,3,0.01,2,inc_every2,8.929059999999168,7.50106000000013,-38.335292240152775,-53.73390137351477,92.07081076281075,92.68046448087426,8.929059999999168,7.50106000000013,60.0,220.0,0.0,0.0,3.0,9.0,1.0,1.0,5.0,5.0,4.0,17.0,-0.44,-5.219999999999998,-99.10709400000009,-99.24989399999998,1,1
0.01,1.0,1440,1,30,30,0,0,75,8.0,5,0,3,0.01,2,inc_every2,8.923599999997634,7.421889999999962,-38.342839987362964,-53.87975463862873,93.19795716137155,93.00085816673102,8.923599999997634,7.421889999998854,70.0,35.0,0.0,0.0,0.0,0.0,1.0,1.0,5.0,5.0,7.0,6.0,-3.1000000000000005,-0.77,-99.10764000000023,-99.25781100000012,1,1
0.01,1.0,1440,1,30,30,0,0,100,12.0,12,40,3,0.01,2,inc_every2,8.91855999999953,7.4403000000002635,-38.34981041802694,-53.84574111676918,93.33440956651759,97.28545368309702,8.91855999999953,7.440299999999581,60.0,247.0,0.0,0.0,6.0,22.0,1.0,1.0,7.0,7.0,0.0,0.0,-1.8,-14.389999999999995,-99.10814400000005,-99.25597000000005,1,1
0.01,1.0,1440,1,30,30,0,0,100,12.0,18,40,3,0.01,2,inc_every2,8.91855999999953,7.4403000000002635,-38.34981041802694,-53.84574111676918,93.33440956651759,97.28545368309702,8.91855999999953,7.440299999999581,60.0,247.0,0.0,0.0,6.0,22.0,1.0,1.0,7.0,7.0,0.0,0.0,-1.8,-14.389999999999995,-99.10814400000005,-99.25597000000005,1,1
0.01,1.0,1440,1,30,30,0,0,100,12.0,8,40,3,0.01,2,inc_every2,8.91855999999953,7.4403000000002635,-38.34981041802694,-53.84574111676918,93.33440956651759,97.28545368309702,8.91855999999953,7.440299999999581,60.0,247.0,0.0,0.0,6.0,22.0,1.0,1.0,7.0,7.0,0.0,0.0,-1.8,-14.389999999999995,-99.10814400000005,-99.25597000000005,1,1
0.01,1.0,1440,1,30,30,0,0,100,18.0,8,40,3,0.01,2,inc_every2,8.913660000000007,7.649600000000525,-38.35659024700671,-53.46314102278067,93.078381736295,97.61263341863811,8.913659999999496,7.64960000000012,37.0,216.0,0.0,0.0,6.0,32.0,1.0,1.0,7.0,8.0,0.0,2.0,-1.6800000000000002,-26.660000000000007,-99.10863400000005,-99.23503999999998,1,1
0.01,1.0,1440,1,30,30,0,0,100,18.0,12,40,3,0.01,2,inc_every2,8.913660000000007,7.649600000000525,-38.35659024700671,-53.46314102278067,93.078381736295,97.61263341863811,8.913659999999496,7.64960000000012,37.0,216.0,0.0,0.0,6.0,32.0,1.0,1.0,7.0,8.0,0.0,0.0,-1.6800000000000002,-26.660000000000007,-99.10863400000005,-99.23503999999998,1,1
0.01,1.0,1440,1,30,30,0,0,100,18.0,18,40,3,0.01,2,inc_every2,8.913660000000007,7.649600000000525,-38.35659024700671,-53.46314102278067,93.078381736295,97.61263341863811,8.913659999999496,7.64960000000012,37.0,216.0,0.0,0.0,6.0,32.0,1.0,1.0,7.0,8.0,0.0,0.0,-1.6800000000000002,-26.660000000000007,-99.10863400000005,-99.23503999999998,1,1
0.01,1.0,1440,1,30,30,0,0,100,12.0,5,0,3,0.01,2,inc_every2,8.904769999999218,7.426859999999664,-38.368898408355264,-53.8705664464281,93.34471599402157,92.89703519510368,8.904769999999218,7.426859999999664,50.0,28.0,0.0,0.0,0.0,0.0,1.0,1.0,5.0,5.0,7.0,3.0,-2.75,-0.98,-99.10952300000008,-99.25731400000004,1,1
0.01,1.0,1440,1,30,30,0,0,75,18.0,5,0,3,0.01,2,inc_every2,8.900000000129694,7.803669999999329,-38.37550650190947,-53.18617467010309,95.31060645970514,94.72439832342137,8.900000000129694,7.803669999999329,148.0,75.0,0.0,2.0,0.0,0.0,1.0,1.0,5.0,5.0,50.0,27.0,-156.48999999999933,-70.83999999999995,-99.10999999998702,-99.21963300000007,1,1
0.01,1.0,1440,1,30,30,0,0,150,3.0,5,40,3,0.01,2,inc_every2,8.899799999997672,5.241500000001388,-38.37578363288624,-58.414683007290066,91.80648131099495,94.7585,8.899799999997672,5.241499999999995,239.0,126.0,0.0,0.0,4.0,3.0,1.0,1.0,5.0,5.0,7.0,4.0,-0.5800000000000001,-0.43,-99.11002000000023,-99.47585,1,1
0.01,1.0,1440,1,30,30,0,0,150,3.0,8,0,5,0.01,3,inc_every3,8.896999999998805,3.120180000000273,-38.37966398715223,-64.36283239460008,92.3545587350713,96.87981999999973,8.896999999998805,3.120180000000273,146.0,20.0,0.0,0.0,0.0,0.0,2.0,2.0,8.0,8.0,2.0,1.0,-2.88,0.0,-99.11030000000012,-99.68798199999998,1,1
0.01,1.0,1440,1,30,30,0,0,150,5.3,8,0,5,0.01,3,inc_every3,8.895039999999767,3.170520000000952,-38.3823808163821,-64.19269883143788,92.74466557912037,97.17018921813644,8.895039999999767,3.1705200000003266,107.0,44.0,0.0,0.0,0.0,0.0,2.0,2.0,8.0,8.0,2.0,2.0,-3.16,-0.52,-99.11049600000003,-99.68294799999997,1,1
0.01,1.0,1440,1,30,30,0,0,150,3.0,18,40,3,0.01,2,inc_every2,8.890489999999232,7.342159999997726,-38.388689587931445,-54.027748279179164,91.81505247652471,92.65784000000227,8.890489999999232,7.342159999997726,257.0,128.0,0.0,0.0,4.0,3.0,1.0,1.0,6.0,6.0,0.0,0.0,-0.6500000000000001,-0.43,-99.11095100000007,-99.26578400000022,1,1
0.01,1.0,1440,1,30,30,0,0,150,3.0,12,40,3,0.01,2,inc_every2,8.890489999999232,7.342159999997726,-38.388689587931445,-54.027748279179164,91.81505247652471,92.65784000000227,8.890489999999232,7.342159999997726,257.0,128.0,0.0,0.0,4.0,3.0,1.0,1.0,6.0,6.0,0.0,0.0,-0.6500000000000001,-0.43,-99.11095100000007,-99.26578400000022,1,1
0.01,1.0,1440,1,30,30,0,0,150,3.0,8,40,3,0.01,2,inc_every2,8.890489999999232,7.342159999997726,-38.388689587931445,-54.027748279179164,91.81505247652471,92.65784000000227,8.890489999999232,7.342159999997726,257.0,128.0,0.0,0.0,4.0,3.0,1.0,1.0,6.0,6.0,0.0,0.0,-0.6500000000000001,-0.43,-99.11095100000007,-99.26578400000022,1,1
0.01,1.0,1440,1,30,30,0,0,50,12.0,12,25,5,0.01,3,inc_every3,8.8895099999995,7.467459999999743,-38.3900487382818,-53.79566924764268,93.02728841477835,95.54576144034425,8.889509999999486,4.750000000017254,52.0,49.0,0.0,0.0,10.0,10.0,1.0,1.0,9.0,9.0,0.0,0.0,-0.75,-0.52,-99.11104900000005,-99.52499999999827,1,1
0.01,1.0,1440,1,30,30,0,0,50,12.0,18,25,5,0.01,3,inc_every3,8.8895099999995,7.467459999999743,-38.3900487382818,-53.79566924764268,93.02728841477835,95.54576144034425,8.889509999999486,4.750000000017254,52.0,49.0,0.0,0.0,10.0,10.0,1.0,1.0,9.0,9.0,0.0,0.0,-0.75,-0.52,-99.11104900000005,-99.52499999999827,1,1
0.01,1.0,1440,1,30,30,0,0,75,12.0,5,0,3,0.01,2,inc_every2,8.884190000000615,7.8745799999995825,-38.39742907502245,-53.05999181966449,93.50665838327744,95.95656996149218,8.884190000000615,7.8745799999995825,52.0,145.0,0.0,2.0,0.0,0.0,1.0,1.0,5.0,5.0,7.0,37.0,-3.47,-70.20999999999994,-99.11158099999994,-99.21254200000004,1,1
0.01,1.0,1440,1,30,30,0,0,50,8.0,5,0,3,0.01,2,inc_every2,8.88419000000107,7.927850000000717,-38.39742907502182,-52.96572300380908,93.38481757259933,95.58484629093648,8.884189999999819,7.927850000000149,71.0,246.0,0.0,4.0,0.0,0.0,1.0,1.0,5.0,5.0,15.0,65.0,-3.7800000000000002,-90.15999999999964,-99.11158100000002,-99.20721499999999,1,1
0.01,1.0,1440,1,30,30,0,0,150,8.0,8,0,5,0.01,3,inc_every3,8.884189999999045,4.201680000000561,-38.397429075024625,-61.062957438845956,92.75646962902752,96.48512631755104,8.884189999999045,4.201680000000017,78.0,41.0,0.0,0.0,0.0,0.0,2.0,2.0,8.0,8.0,2.0,2.0,-3.66,-0.52,-99.1115810000001,-99.579832,1,1
0.01,1.0,1440,1,30,30,0,0,200,12.0,8,15,5,0.01,3,inc_every3,8.880000000068605,3.360030000001178,-38.403244272654824,-63.56873221158018,93.15501426033657,98.00946090047414,8.880000000067785,3.3600300000000516,375.0,339.0,0.0,0.0,51.0,44.0,0.0,1.0,4.0,4.0,0.0,0.0,-5.759999999999997,-11.259999999999996,-99.11199999999322,-99.663997,1,1
0.01,1.0,1440,1,30,30,0,0,200,12.0,18,15,5,0.01,3,inc_every3,8.880000000068605,3.360030000001178,-38.403244272654824,-63.56873221158018,93.15501426033657,98.00946090047414,8.880000000067785,3.3600300000000516,375.0,339.0,0.0,0.0,51.0,44.0,0.0,1.0,4.0,4.0,0.0,0.0,-5.759999999999997,-11.259999999999996,-99.11199999999322,-99.663997,1,1
0.01,1.0,1440,1,30,30,0,0,200,12.0,18,15,99,0.0,1,flat,8.880000000068605,3.360030000001178,-38.403244272654824,-63.56873221158018,93.15501426033657,98.00946090047414,8.880000000067785,3.3600300000000516,375.0,339.0,0.0,0.0,51.0,44.0,0.0,1.0,4.0,4.0,0.0,0.0,-5.759999999999997,-11.259999999999996,-99.11199999999322,-99.663997,1,1
0.01,1.0,1440,1,30,30,0,0,200,12.0,18,15,5,0.01,1,inc_every1,8.880000000068605,3.360030000001178,-38.403244272654824,-63.56873221158018,93.15501426033657,98.00946090047414,8.880000000067785,3.3600300000000516,375.0,339.0,0.0,0.0,51.0,44.0,0.0,1.0,4.0,4.0,0.0,0.0,-5.759999999999997,-11.259999999999996,-99.11199999999322,-99.663997,1,1
0.01,1.0,1440,1,30,30,0,0,200,12.0,8,15,5,0.01,1,inc_every1,8.880000000068605,3.360030000001178,-38.403244272654824,-63.56873221158018,93.15501426033657,98.00946090047414,8.880000000067785,3.3600300000000516,375.0,339.0,0.0,0.0,51.0,44.0,0.0,1.0,4.0,4.0,0.0,0.0,-5.759999999999997,-11.259999999999996,-99.11199999999322,-99.663997,1,1
0.01,1.0,1440,1,30,30,0,0,200,12.0,8,15,99,0.0,1,flat,8.880000000068605,3.360030000001178,-38.403244272654824,-63.56873221158018,93.15501426033657,98.00946090047414,8.880000000067785,3.3600300000000516,375.0,339.0,0.0,0.0,51.0,44.0,0.0,1.0,4.0,4.0,0.0,0.0,-5.759999999999997,-11.259999999999996,-99.11199999999322,-99.663997,1,1
0.01,1.0,1440,1,30,30,0,0,200,12.0,5,15,5,0.01,1,inc_every1,8.880000000068605,3.360030000001178,-38.403244272654824,-63.56873221158018,93.15501426033657,98.00946090047414,8.880000000067785,3.3600300000000516,375.0,339.0,0.0,0.0,51.0,44.0,0.0,1.0,4.0,4.0,0.0,0.0,-5.759999999999997,-11.259999999999996,-99.11199999999322,-99.663997,1,1
0.01,1.0,1440,1,30,30,0,0,200,12.0,12,15,99,0.0,1,flat,8.880000000068605,3.360030000001178,-38.403244272654824,-63.56873221158018,93.15501426033657,98.00946090047414,8.880000000067785,3.3600300000000516,375.0,339.0,0.0,0.0,51.0,44.0,0.0,1.0,4.0,4.0,0.0,0.0,-5.759999999999997,-11.259999999999996,-99.11199999999322,-99.663997,1,1
0.01,1.0,1440,1,30,30,0,0,200,12.0,5,15,99,0.0,1,flat,8.880000000068605,3.360030000001178,-38.403244272654824,-63.56873221158018,93.15501426033657,98.00946090047414,8.880000000067785,3.3600300000000516,375.0,339.0,0.0,0.0,51.0,44.0,0.0,1.0,4.0,4.0,0.0,0.0,-5.759999999999997,-11.259999999999996,-99.11199999999322,-99.663997,1,1
0.01,1.0,1440,1,30,30,0,0,200,12.0,12,15,5,0.01,1,inc_every1,8.880000000068605,3.360030000001178,-38.403244272654824,-63.56873221158018,93.15501426033657,98.00946090047414,8.880000000067785,3.3600300000000516,375.0,339.0,0.0,0.0,51.0,44.0,0.0,1.0,4.0,4.0,0.0,0.0,-5.759999999999997,-11.259999999999996,-99.11199999999322,-99.663997,1,1
0.01,1.0,1440,1,30,30,0,0,200,12.0,12,15,5,0.01,3,inc_every3,8.880000000068605,3.360030000001178,-38.403244272654824,-63.56873221158018,93.15501426033657,98.00946090047414,8.880000000067785,3.3600300000000516,375.0,339.0,0.0,0.0,51.0,44.0,0.0,1.0,4.0,4.0,0.0,0.0,-5.759999999999997,-11.259999999999996,-99.11199999999322,-99.663997,1,1
0.01,1.0,1440,1,30,30,0,0,200,12.0,5,15,5,0.01,3,inc_every3,8.880000000068605,3.360030000001178,-38.403244272654824,-63.56873221158018,93.15501426033657,98.00946090047414,8.880000000067785,3.3600300000000516,375.0,339.0,0.0,0.0,51.0,44.0,0.0,1.0,4.0,4.0,0.0,0.0,-5.759999999999997,-11.259999999999996,-99.11199999999322,-99.663997,1,1
0.01,1.0,1440,1,30,30,0,0,100,18.0,5,0,3,0.01,2,inc_every2,8.879010000001642,7.871849999998858,-38.40461858988956,-53.06483499280823,93.43219912715462,95.80794014272139,8.879010000000221,7.871849999998858,36.0,97.0,0.0,1.0,0.0,0.0,1.0,1.0,5.0,5.0,6.0,26.0,-3.3500000000000005,-69.50999999999996,-99.11209899999997,-99.21281500000012,1,1
0.01,1.0,1440,1,30,30,0,0,50,18.0,12,40,5,0.01,1,inc_every1,8.878659999999584,5.306500000000664,-38.40510448891523,-58.261886267047444,94.97614440106439,96.60666325617106,8.878659999999584,5.306500000000323,26.0,29.0,0.0,0.0,6.0,7.0,2.0,2.0,10.0,10.0,0.0,0.0,-0.7300000000000001,-1.8,-99.11213400000004,-99.46934999999996,1,1
0.01,1.0,1440,1,30,30,0,0,50,18.0,18,40,5,0.01,1,inc_every1,8.878659999999584,5.306500000000664,-38.40510448891523,-58.261886267047444,94.97614440106439,96.60666325617106,8.878659999999584,5.306500000000323,26.0,29.0,0.0,0.0,6.0,7.0,2.0,2.0,10.0,10.0,0.0,0.0,-0.7300000000000001,-1.8,-99.11213400000004,-99.46934999999996,1,1
0.01,1.0,1440,1,30,30,0,0,50,18.0,12,25,5,0.01,1,inc_every1,8.849819999999337,7.489719999998911,-38.4451953156096,-53.754726263843644,94.99246307927423,93.28155722999774,8.849819999999337,7.489719999998911,23.0,23.0,0.0,0.0,9.0,9.0,1.0,1.0,9.0,9.0,0.0,0.0,-1.0100000000000002,-0.9900000000000001,-99.11501800000006,-99.2510280000001,1,1
0.01,1.0,1440,1,30,30,0,0,50,18.0,18,25,5,0.01,1,inc_every1,8.849819999999337,7.489719999998911,-38.4451953156096,-53.754726263843644,94.99246307927423,93.28155722999774,8.849819999999337,7.489719999998911,23.0,23.0,0.0,0.0,9.0,9.0,1.0,1.0,9.0,9.0,0.0,0.0,-1.0100000000000002,-0.9900000000000001,-99.11501800000006,-99.2510280000001,1,1
0.01,1.0,1440,1,30,30,0,0,50,3.0,12,25,5,0.01,3,inc_every3,8.84771999999965,5.347299999999969,-38.44811863027553,-58.166647386758164,92.4268424206117,95.05703457201119,8.84771999999965,5.347299999999567,204.0,187.0,0.0,0.0,8.0,8.0,1.0,1.0,9.0,9.0,0.0,0.0,-0.14,-0.6300000000000001,-99.11522800000003,-99.46527000000005,1,1
0.01,1.0,1440,1,30,30,0,0,50,3.0,18,25,5,0.01,3,inc_every3,8.84771999999965,5.347299999999969,-38.44811863027553,-58.166647386758164,92.4268424206117,95.05703457201119,8.84771999999965,5.347299999999567,204.0,187.0,0.0,0.0,8.0,8.0,1.0,1.0,9.0,9.0,0.0,0.0,-0.14,-0.6300000000000001,-99.11522800000003,-99.46527000000005,1,1
0.01,1.0,1440,1,30,30,0,0,50,3.0,8,25,5,0.01,3,inc_every3,8.847719999998237,5.346399999999749,-38.448118630277506,-58.168742729173964,92.42684242061291,95.05786651876642,8.847719999998237,5.346399999999749,204.0,187.0,0.0,0.0,8.0,8.0,1.0,1.0,8.0,8.0,9.0,12.0,-0.14,-0.6300000000000001,-99.11522800000017,-99.46536000000002,1,1
0.01,1.0,1440,1,30,30,0,0,50,8.0,12,25,99,0.0,1,flat,8.847510000000725,4.245120000000606,-38.44841099226438,-60.943597689532105,93.8038308004767,95.9267702936101,8.847510000000096,4.245119999999714,71.0,52.0,0.0,0.0,9.0,7.0,1.0,1.0,10.0,10.0,0.0,0.0,-0.65,-0.9299999999999999,-99.11524899999999,-99.57548800000004,1,1
0.01,1.0,1440,1,30,30,0,0,50,8.0,18,25,99,0.0,1,flat,8.847510000000725,4.245120000000606,-38.44841099226438,-60.943597689532105,93.8038308004767,95.9267702936101,8.847510000000096,4.245119999999714,71.0,52.0,0.0,0.0,9.0,7.0,1.0,1.0,10.0,10.0,0.0,0.0,-0.65,-0.9299999999999999,-99.11524899999999,-99.57548800000004,1,1
0.01,1.0,1440,1,30,30,0,0,75,12.0,8,40,5,0.01,3,inc_every3,8.842540000000351,9.821880000002416,-38.45533184675134,-49.869647761120305,93.47124926166647,96.84234688956953,8.842539999999463,9.821880000000121,64.0,354.0,0.0,0.0,7.0,32.0,1.0,1.0,8.0,8.0,8.0,47.0,-1.8100000000000003,-21.46000000000001,-99.11574600000006,-99.01781199999999,1,1
0.01,1.0,1440,1,30,30,0,0,50,5.3,8,40,5,0.01,1,inc_every1,8.84212000000036,5.370300000000356,-38.45591685026232,-58.11318360249813,93.71696155759304,96.46644295302112,8.84212000000036,5.37029999999989,147.0,178.0,0.0,0.0,7.0,9.0,1.0,1.0,8.0,8.0,14.0,18.0,-2.09,-2.02,-99.11578799999997,-99.46297000000001,1,1
0.01,1.0,1440,1,30,30,0,0,150,12.0,12,40,99,0.0,1,flat,9.740000000010106,3.2113800000004478,-37.25316860520621,-64.05599449516473,92.43048403706258,96.82732661529384,8.820000000014822,3.211379999999579,58.0,78.0,0.0,0.0,5.0,6.0,0.0,1.0,7.0,7.0,0.0,0.0,-0.67,-2.6100000000000003,-99.11799999999852,-99.67886200000004,1,1
0.01,1.0,1440,1,30,30,0,0,150,12.0,18,40,99,0.0,1,flat,9.740000000010106,3.2113800000004478,-37.25316860520621,-64.05599449516473,92.43048403706258,96.82732661529384,8.820000000014822,3.211379999999579,58.0,78.0,0.0,0.0,5.0,6.0,0.0,1.0,7.0,7.0,0.0,0.0,-0.67,-2.6100000000000003,-99.11799999999852,-99.67886200000004,1,1
0.01,1.0,1440,1,30,30,0,0,150,12.0,8,40,99,0.0,1,flat,9.740000000010106,3.2113800000004478,-37.25316860520621,-64.05599449516473,92.43048403706258,96.82732661529384,8.820000000014822,3.211379999999579,58.0,78.0,0.0,0.0,5.0,6.0,0.0,1.0,7.0,7.0,0.0,0.0,-0.67,-2.6100000000000003,-99.11799999999852,-99.67886200000004,1,1
0.01,1.0,1440,1,30,30,0,0,50,12.0,5,0,3,0.01,2,inc_every2,8.816009999999892,7.695659999999975,-38.49232828636705,-53.37993309244826,94.72442702411819,94.09434425600665,8.816009999999324,7.695659999999805,122.0,82.0,2.0,2.0,0.0,0.0,1.0,1.0,5.0,5.0,50.0,32.0,-77.66999999999986,-67.48,-99.11839900000007,-99.23043400000002,1,1
0.01,1.0,1440,1,30,30,0,0,50,18.0,5,0,3,0.01,2,inc_every2,8.80053999999916,7.766500000000974,-38.513942530894454,-53.25263987905509,94.40525111252462,94.11985160508848,8.80053999999916,7.766500000000406,77.0,58.0,0.0,2.0,0.0,0.0,1.0,1.0,5.0,5.0,35.0,27.0,-78.30999999999985,-71.60999999999994,-99.11994600000008,-99.22334999999995,1,1
0.01,1.0,1440,1,30,30,0,0,200,5.3,3,15,5,0.01,3,inc_every3,8.800000000090238,5.430000000060234,-38.514697552189304,-57.97515675947028,92.27256761495619,95.59217468945653,8.800000000089973,5.430000000059277,760.0,597.0,0.0,0.0,41.0,33.0,0.0,0.0,3.0,3.0,94.0,76.0,-4.479999999999998,-9.519999999999996,-99.11999999999101,-99.45699999999407,1,1
0.01,1.0,1440,1,30,30,0,0,200,5.3,3,15,99,0.0,1,flat,8.800000000090238,5.430000000060234,-38.514697552189304,-57.97515675947028,92.27256761495619,95.59217468945653,8.800000000089973,5.430000000059277,760.0,597.0,0.0,0.0,41.0,33.0,0.0,0.0,3.0,3.0,94.0,76.0,-4.479999999999998,-9.519999999999996,-99.11999999999101,-99.45699999999407,1,1
0.01,1.0,1440,1,30,30,0,0,200,5.3,3,15,5,0.01,1,inc_every1,8.800000000090238,5.430000000060234,-38.514697552189304,-57.97515675947028,92.27256761495619,95.59217468945653,8.800000000089973,5.430000000059277,760.0,597.0,0.0,0.0,41.0,33.0,0.0,0.0,3.0,3.0,94.0,76.0,-4.479999999999998,-9.519999999999996,-99.11999999999101,-99.45699999999407,1,1
0.01,1.0,1440,1,30,30,0,0,200,5.3,3,15,3,0.01,2,inc_every2,8.800000000090238,5.430000000060234,-38.514697552189304,-57.97515675947028,92.27256761495619,95.59217468945653,8.800000000089973,5.430000000059277,760.0,597.0,0.0,0.0,41.0,33.0,0.0,0.0,3.0,3.0,94.0,76.0,-4.479999999999998,-9.519999999999996,-99.11999999999101,-99.45699999999407,1,1
0.01,1.0,1440,1,30,30,0,0,150,12.0,8,15,99,0.0,1,flat,8.760000000110432,-6.779999999913343,-38.570728389423735,-99.94670849517411,92.8942245294391,105.26234088785455,8.760000000109475,-6.779999999913343,368.0,266.0,0.0,0.0,56.0,38.0,0.0,1.0,5.0,5.0,0.0,0.0,-5.140000000000001,-10.319999999999999,-99.12399999998905,-100.67799999999133,1,1
0.01,1.0,1440,1,30,30,0,0,150,12.0,5,15,99,0.0,1,flat,8.760000000110432,-6.779999999913343,-38.570728389423735,-99.94670849517411,92.8942245294391,105.26234088785455,8.760000000109475,-6.779999999913343,368.0,266.0,0.0,0.0,56.0,38.0,0.0,1.0,5.0,5.0,13.0,19.0,-5.140000000000001,-10.319999999999999,-99.12399999998905,-100.67799999999133,1,1
0.01,1.0,1440,1,30,30,0,0,150,12.0,12,15,5,0.01,1,inc_every1,8.760000000110432,-6.779999999913343,-38.570728389423735,-99.94670849517411,92.8942245294391,105.26234088785455,8.760000000109475,-6.779999999913343,368.0,266.0,0.0,0.0,56.0,38.0,0.0,1.0,5.0,5.0,0.0,0.0,-5.140000000000001,-10.319999999999999,-99.12399999998905,-100.67799999999133,1,1
0.01,1.0,1440,1,30,30,0,0,150,12.0,8,15,5,0.01,3,inc_every3,8.760000000110432,-6.779999999913343,-38.570728389423735,-99.94670849517411,92.8942245294391,105.26234088785455,8.760000000109475,-6.779999999913343,368.0,266.0,0.0,0.0,56.0,38.0,0.0,1.0,5.0,5.0,0.0,0.0,-5.140000000000001,-10.319999999999999,-99.12399999998905,-100.67799999999133,1,1
0.01,1.0,1440,1,30,30,0,0,150,12.0,5,15,5,0.01,3,inc_every3,8.760000000110432,-6.779999999913343,-38.570728389423735,-99.94670849517411,92.8942245294391,105.26234088785455,8.760000000109475,-6.779999999913343,368.0,266.0,0.0,0.0,56.0,38.0,0.0,1.0,5.0,5.0,13.0,19.0,-5.140000000000001,-10.319999999999999,-99.12399999998905,-100.67799999999133,1,1
0.01,1.0,1440,1,30,30,0,0,150,12.0,8,15,5,0.01,1,inc_every1,8.760000000110432,-6.779999999913343,-38.570728389423735,-99.94670849517411,92.8942245294391,105.26234088785455,8.760000000109475,-6.779999999913343,368.0,266.0,0.0,0.0,56.0,38.0,0.0,1.0,5.0,5.0,0.0,0.0,-5.140000000000001,-10.319999999999999,-99.12399999998905,-100.67799999999133,1,1
0.01,1.0,1440,1,30,30,0,0,150,12.0,18,15,5,0.01,3,inc_every3,8.760000000110432,-6.779999999913343,-38.570728389423735,-99.94670849517411,92.8942245294391,105.26234088785455,8.760000000109475,-6.779999999913343,368.0,266.0,0.0,0.0,56.0,38.0,0.0,1.0,5.0,5.0,0.0,0.0,-5.140000000000001,-10.319999999999999,-99.12399999998905,-100.67799999999133,1,1
0.01,1.0,1440,1,30,30,0,0,150,12.0,12,15,5,0.01,3,inc_every3,8.760000000110432,-6.779999999913343,-38.570728389423735,-99.94670849517411,92.8942245294391,105.26234088785455,8.760000000109475,-6.779999999913343,368.0,266.0,0.0,0.0,56.0,38.0,0.0,1.0,5.0,5.0,0.0,0.0,-5.140000000000001,-10.319999999999999,-99.12399999998905,-100.67799999999133,1,1
0.01,1.0,1440,1,30,30,0,0,150,12.0,18,15,99,0.0,1,flat,8.760000000110432,-6.779999999913343,-38.570728389423735,-99.94670849517411,92.8942245294391,105.26234088785455,8.760000000109475,-6.779999999913343,368.0,266.0,0.0,0.0,56.0,38.0,0.0,1.0,5.0,5.0,0.0,0.0,-5.140000000000001,-10.319999999999999,-99.12399999998905,-100.67799999999133,1,1
0.01,1.0,1440,1,30,30,0,0,150,12.0,18,15,5,0.01,1,inc_every1,8.760000000110432,-6.779999999913343,-38.570728389423735,-99.94670849517411,92.8942245294391,105.26234088785455,8.760000000109475,-6.779999999913343,368.0,266.0,0.0,0.0,56.0,38.0,0.0,1.0,5.0,5.0,0.0,0.0,-5.140000000000001,-10.319999999999999,-99.12399999998905,-100.67799999999133,1,1
0.01,1.0,1440,1,30,30,0,0,150,12.0,12,15,99,0.0,1,flat,8.760000000110432,-6.779999999913343,-38.570728389423735,-99.94670849517411,92.8942245294391,105.26234088785455,8.760000000109475,-6.779999999913343,368.0,266.0,0.0,0.0,56.0,38.0,0.0,1.0,5.0,5.0,0.0,0.0,-5.140000000000001,-10.319999999999999,-99.12399999998905,-100.67799999999133,1,1
0.01,1.0,1440,1,30,30,0,0,150,12.0,5,15,5,0.01,1,inc_every1,8.760000000110432,-6.779999999913343,-38.570728389423735,-99.94670849517411,92.8942245294391,105.26234088785455,8.760000000109475,-6.779999999913343,368.0,266.0,0.0,0.0,56.0,38.0,0.0,1.0,5.0,5.0,13.0,19.0,-5.140000000000001,-10.319999999999999,-99.12399999998905,-100.67799999999133,1,1
0.01,1.0,1440,1,30,30,0,0,150,12.0,5,40,3,0.01,2,inc_every2,8.756510000001676,7.5074299999999035,-38.57562678034071,-53.72221313984558,92.48497253690373,92.64265974127822,8.75650999999992,7.5074299999999035,114.0,85.0,0.0,0.0,8.0,6.0,1.0,1.0,5.0,5.0,13.0,9.0,-2.91,-3.46,-99.12434900000001,-99.24925700000001,1,1
0.01,1.0,1440,1,30,30,0,0,100,3.0,3,15,3,0.01,2,inc_every2,8.740000000058513,3.1657199999999843,-38.59882058653012,-64.20883914946494,92.76130528403388,97.0556919642859,8.740000000058249,3.1657199999999843,656.0,415.0,0.0,0.0,25.0,17.0,0.0,1.0,3.0,3.0,117.0,67.0,-2.25,-2.869999999999999,-99.12599999999418,-99.683428,1,1
0.01,1.0,1440,1,30,30,0,0,100,3.0,3,15,5,0.01,3,inc_every3,8.740000000058513,3.1657199999999843,-38.59882058653012,-64.20883914946494,92.76130528403388,97.0556919642859,8.740000000058249,3.1657199999999843,656.0,415.0,0.0,0.0,25.0,17.0,0.0,1.0,3.0,3.0,117.0,67.0,-2.25,-2.869999999999999,-99.12599999999418,-99.683428,1,1
0.01,1.0,1440,1,30,30,0,0,100,3.0,3,15,5,0.01,1,inc_every1,8.740000000058513,3.1657199999999843,-38.59882058653012,-64.20883914946494,92.76130528403388,97.0556919642859,8.740000000058249,3.1657199999999843,656.0,415.0,0.0,0.0,25.0,17.0,0.0,1.0,3.0,3.0,117.0,67.0,-2.25,-2.869999999999999,-99.12599999999418,-99.683428,1,1
0.01,1.0,1440,1,30,30,0,0,100,3.0,3,15,99,0.0,1,flat,8.740000000058513,3.1657199999999843,-38.59882058653012,-64.20883914946494,92.76130528403388,97.0556919642859,8.740000000058249,3.1657199999999843,656.0,415.0,0.0,0.0,25.0,17.0,0.0,1.0,3.0,3.0,117.0,67.0,-2.25,-2.869999999999999,-99.12599999999418,-99.683428,1,1
0.01,1.0,1440,1,30,30,0,0,50,18.0,3,15,3,0.01,2,inc_every2,8.660000000082004,3.36750000000079,-38.71170617696143,-63.544649153993404,92.68766359868175,96.84543325526964,8.660000000081808,3.367499999999797,233.0,191.0,0.0,0.0,68.0,55.0,0.0,1.0,3.0,3.0,207.0,163.0,-9.56,-12.620000000000003,-99.13399999999181,-99.66325000000002,1,1
0.01,1.0,1440,1,30,30,0,0,50,18.0,3,15,5,0.01,1,inc_every1,8.660000000082004,3.36750000000079,-38.71170617696143,-63.544649153993404,92.68766359868175,96.84543325526964,8.660000000081808,3.367499999999797,233.0,191.0,0.0,0.0,68.0,55.0,0.0,1.0,3.0,3.0,207.0,163.0,-9.56,-12.620000000000003,-99.13399999999181,-99.66325000000002,1,1
0.01,1.0,1440,1,30,30,0,0,50,18.0,3,15,5,0.01,3,inc_every3,8.660000000082004,3.36750000000079,-38.71170617696143,-63.544649153993404,92.68766359868175,96.84543325526964,8.660000000081808,3.367499999999797,233.0,191.0,0.0,0.0,68.0,55.0,0.0,1.0,3.0,3.0,207.0,163.0,-9.56,-12.620000000000003,-99.13399999999181,-99.66325000000002,1,1
0.01,1.0,1440,1,30,30,0,0,50,18.0,3,15,99,0.0,1,flat,8.660000000082004,3.36750000000079,-38.71170617696143,-63.544649153993404,92.68766359868175,96.84543325526964,8.660000000081808,3.367499999999797,233.0,191.0,0.0,0.0,68.0,55.0,0.0,1.0,3.0,3.0,207.0,163.0,-9.56,-12.620000000000003,-99.13399999999181,-99.66325000000002,1,1
0.01,1.0,1440,1,30,30,0,0,150,18.0,8,25,5,0.01,3,inc_every3,8.640000000030746,5.431199999999031,-38.74005784885915,-57.97239330387096,92.70208632483276,95.85182922172338,8.640000000030746,5.431199999999031,84.0,228.0,0.0,0.0,15.0,35.0,0.0,1.0,6.0,6.0,0.0,0.0,-1.6000000000000003,-18.860000000000007,-99.13599999999693,-99.4568800000001,1,1
0.01,1.0,1440,1,30,30,0,0,150,18.0,8,25,5,0.01,1,inc_every1,8.640000000030746,5.431199999999031,-38.74005784885915,-57.97239330387096,92.70208632483276,95.85182922172338,8.640000000030746,5.431199999999031,84.0,228.0,0.0,0.0,15.0,35.0,0.0,1.0,6.0,6.0,0.0,0.0,-1.6000000000000003,-18.860000000000007,-99.13599999999693,-99.4568800000001,1,1
0.01,1.0,1440,1,30,30,0,0,150,18.0,18,25,5,0.01,1,inc_every1,8.640000000030746,5.431199999999031,-38.74005784885915,-57.97239330387096,92.70208632483276,95.85182922172338,8.640000000030746,5.431199999999031,84.0,228.0,0.0,0.0,15.0,35.0,0.0,1.0,6.0,6.0,0.0,0.0,-1.6000000000000003,-18.860000000000007,-99.13599999999693,-99.4568800000001,1,1
0.01,1.0,1440,1,30,30,0,0,150,18.0,12,25,5,0.01,1,inc_every1,8.640000000030746,5.431199999999031,-38.74005784885915,-57.97239330387096,92.70208632483276,95.85182922172338,8.640000000030746,5.431199999999031,84.0,228.0,0.0,0.0,15.0,35.0,0.0,1.0,6.0,6.0,0.0,0.0,-1.6000000000000003,-18.860000000000007,-99.13599999999693,-99.4568800000001,1,1
0.01,1.0,1440,1,30,30,0,0,150,18.0,12,25,5,0.01,3,inc_every3,8.640000000030746,5.431199999999031,-38.74005784885915,-57.97239330387096,92.70208632483276,95.85182922172338,8.640000000030746,5.431199999999031,84.0,228.0,0.0,0.0,15.0,35.0,0.0,1.0,6.0,6.0,0.0,0.0,-1.6000000000000003,-18.860000000000007,-99.13599999999693,-99.4568800000001,1,1
0.01,1.0,1440,1,30,30,0,0,150,18.0,18,25,5,0.01,3,inc_every3,8.640000000030746,5.431199999999031,-38.74005784885915,-57.97239330387096,92.70208632483276,95.85182922172338,8.640000000030746,5.431199999999031,84.0,228.0,0.0,0.0,15.0,35.0,0.0,1.0,6.0,6.0,0.0,0.0,-1.6000000000000003,-18.860000000000007,-99.13599999999693,-99.4568800000001,1,1
0.01,1.0,1440,1,30,30,0,0,100,5.3,18,25,5,0.01,3,inc_every3,8.420000000042606,5.327299999999923,-39.055443180838324,-58.2132690910777,93.2515829125261,95.16842009795107,8.420000000042606,5.327299999999642,537.0,288.0,0.0,0.0,24.0,14.0,0.0,1.0,7.0,7.0,0.0,0.0,-3.8500000000000005,-3.7499999999999996,-99.15799999999574,-99.46727000000004,1,1
0.01,1.0,1440,1,30,30,0,0,100,5.3,12,25,5,0.01,3,inc_every3,8.420000000042606,5.327299999999923,-39.055443180838324,-58.2132690910777,93.2515829125261,95.16842009795107,8.420000000042606,5.327299999999642,537.0,288.0,0.0,0.0,24.0,14.0,0.0,1.0,7.0,7.0,0.0,0.0,-3.8500000000000005,-3.7499999999999996,-99.15799999999574,-99.46727000000004,1,1
0.01,1.0,1440,1,30,30,0,0,100,5.3,8,25,5,0.01,3,inc_every3,8.420000000042606,5.327299999999923,-39.055443180838324,-58.2132690910777,93.2515829125261,95.16842009795107,8.420000000042606,5.327299999999642,537.0,288.0,0.0,0.0,24.0,14.0,0.0,1.0,7.0,7.0,0.0,0.0,-3.8500000000000005,-3.7499999999999996,-99.15799999999574,-99.46727000000004,1,1
0.01,1.0,1440,1,30,30,0,0,50,12.0,3,15,5,0.01,1,inc_every1,8.38000000005279,10.15000000002449,-39.11349249143329,-49.37703298374788,92.71874185415588,90.1379712397745,8.380000000052288,10.150000000024225,201.0,78.0,0.0,0.0,41.0,18.0,0.0,0.0,3.0,3.0,142.0,47.0,-3.6499999999999995,-1.6600000000000001,-99.16199999999478,-98.98499999999758,1,1
0.01,1.0,1440,1,30,30,0,0,50,12.0,3,15,3,0.01,2,inc_every2,8.38000000005279,10.15000000002449,-39.11349249143329,-49.37703298374788,92.71874185415588,90.1379712397745,8.380000000052288,10.150000000024225,201.0,78.0,0.0,0.0,41.0,18.0,0.0,0.0,3.0,3.0,142.0,47.0,-3.6499999999999995,-1.6600000000000001,-99.16199999999478,-98.98499999999758,1,1
0.01,1.0,1440,1,30,30,0,0,50,12.0,3,15,99,0.0,1,flat,8.38000000005279,10.15000000002449,-39.11349249143329,-49.37703298374788,92.71874185415588,90.1379712397745,8.380000000052288,10.150000000024225,201.0,78.0,0.0,0.0,41.0,18.0,0.0,0.0,3.0,3.0,142.0,47.0,-3.6499999999999995,-1.6600000000000001,-99.16199999999478,-98.98499999999758,1,1
0.01,1.0,1440,1,30,30,0,0,50,12.0,3,15,5,0.01,3,inc_every3,8.38000000005279,10.15000000002449,-39.11349249143329,-49.37703298374788,92.71874185415588,90.1379712397745,8.380000000052288,10.150000000024225,201.0,78.0,0.0,0.0,41.0,18.0,0.0,0.0,3.0,3.0,142.0,47.0,-3.6499999999999995,-1.6600000000000001,-99.16199999999478,-98.98499999999758,1,1
0.01,1.0,1440,1,30,30,0,0,50,12.0,18,0,3,0.01,2,inc_every2,9.143750000000448,5.193100000000234,-38.04139625839095,-58.52932456193698,95.3863904998623,95.2777121033011,8.352939999999805,5.1931000000002285,33.0,9.0,0.0,0.0,0.0,0.0,4.0,3.0,12.0,10.0,0.0,0.0,-0.9800000000000001,0.0,-99.16470600000002,-99.48068999999998,1,1
0.01,1.0,1440,1,30,30,0,0,50,12.0,12,0,3,0.01,2,inc_every2,9.143750000000448,5.193100000000234,-38.04139625839095,-58.52932456193698,95.3863904998623,95.2777121033011,8.352939999999805,5.1931000000002285,33.0,9.0,0.0,0.0,0.0,0.0,4.0,3.0,12.0,10.0,1.0,0.0,-0.9800000000000001,0.0,-99.16470600000002,-99.48068999999998,1,1
0.01,1.0,1440,1,30,30,0,0,50,8.0,18,40,5,0.01,3,inc_every3,8.245439999999014,7.5192599999994485,-39.31041150810108,-53.700524888812495,97.14601779100992,95.00414590392828,8.245439999999014,7.5192599999994485,724.0,163.0,0.0,0.0,53.0,13.0,2.0,1.0,11.0,11.0,0.0,0.0,-8.570000000000002,-4.05,-99.1754560000001,-99.24807400000006,1,1
0.01,1.0,1440,1,30,30,0,0,50,8.0,12,40,5,0.01,3,inc_every3,8.245439999999014,7.5192599999994485,-39.31041150810108,-53.700524888812495,97.14601779100992,95.00414590392828,8.245439999999014,7.5192599999994485,724.0,163.0,0.0,0.0,53.0,13.0,2.0,1.0,11.0,11.0,0.0,0.0,-8.570000000000002,-4.05,-99.1754560000001,-99.24807400000006,1,1
0.01,1.0,1440,1,30,30,0,0,300,5.3,5,40,5,0.01,1,inc_every1,8.200000000009354,4.259919999999358,-39.37749034611916,-60.90312783594529,92.37634808478134,96.44027742959885,8.200000000009254,4.259919999999358,116.0,389.0,0.0,0.0,4.0,8.0,0.0,1.0,5.0,5.0,4.0,11.0,-1.02,-8.249999999999995,-99.17999999999907,-99.57400800000006,1,1
0.01,1.0,1440,1,30,30,0,0,300,5.3,12,40,5,0.01,1,inc_every1,8.200000000009354,4.259919999999358,-39.37749034611916,-60.90312783594529,92.37634808478134,96.44027742959885,8.200000000009254,4.259919999999358,116.0,389.0,0.0,0.0,4.0,8.0,0.0,1.0,5.0,5.0,0.0,0.0,-1.02,-8.249999999999995,-99.17999999999907,-99.57400800000006,1,1
0.01,1.0,1440,1,30,30,0,0,300,5.3,18,40,99,0.0,1,flat,8.200000000009354,4.259919999999358,-39.37749034611916,-60.90312783594529,92.37634808478134,96.44027742959885,8.200000000009254,4.259919999999358,116.0,389.0,0.0,0.0,4.0,8.0,0.0,1.0,5.0,5.0,0.0,0.0,-1.02,-8.249999999999995,-99.17999999999907,-99.57400800000006,1,1
0.01,1.0,1440,1,30,30,0,0,300,5.3,5,40,5,0.01,3,inc_every3,8.200000000009354,4.259919999999358,-39.37749034611916,-60.90312783594529,92.37634808478134,96.44027742959885,8.200000000009254,4.259919999999358,116.0,389.0,0.0,0.0,4.0,8.0,0.0,1.0,5.0,5.0,4.0,11.0,-1.02,-8.249999999999995,-99.17999999999907,-99.57400800000006,1,1
0.01,1.0,1440,1,30,30,0,0,300,5.3,5,40,99,0.0,1,flat,8.200000000009354,4.259919999999358,-39.37749034611916,-60.90312783594529,92.37634808478134,96.44027742959885,8.200000000009254,4.259919999999358,116.0,389.0,0.0,0.0,4.0,8.0,0.0,1.0,5.0,5.0,4.0,11.0,-1.02,-8.249999999999995,-99.17999999999907,-99.57400800000006,1,1
0.01,1.0,1440,1,30,30,0,0,300,5.3,12,40,5,0.01,3,inc_every3,8.200000000009354,4.259919999999358,-39.37749034611916,-60.90312783594529,92.37634808478134,96.44027742959885,8.200000000009254,4.259919999999358,116.0,389.0,0.0,0.0,4.0,8.0,0.0,1.0,5.0,5.0,0.0,0.0,-1.02,-8.249999999999995,-99.17999999999907,-99.57400800000006,1,1
0.01,1.0,1440,1,30,30,0,0,300,5.3,8,40,5,0.01,1,inc_every1,8.200000000009354,4.259919999999358,-39.37749034611916,-60.90312783594529,92.37634808478134,96.44027742959885,8.200000000009254,4.259919999999358,116.0,389.0,0.0,0.0,4.0,8.0,0.0,1.0,5.0,5.0,0.0,0.0,-1.02,-8.249999999999995,-99.17999999999907,-99.57400800000006,1,1
0.01,1.0,1440,1,30,30,0,0,300,5.3,8,40,99,0.0,1,flat,8.200000000009354,4.259919999999358,-39.37749034611916,-60.90312783594529,92.37634808478134,96.44027742959885,8.200000000009254,4.259919999999358,116.0,389.0,0.0,0.0,4.0,8.0,0.0,1.0,5.0,5.0,0.0,0.0,-1.02,-8.249999999999995,-99.17999999999907,-99.57400800000006,1,1
0.01,1.0,1440,1,30,30,0,0,300,5.3,18,40,5,0.01,1,inc_every1,8.200000000009354,4.259919999999358,-39.37749034611916,-60.90312783594529,92.37634808478134,96.44027742959885,8.200000000009254,4.259919999999358,116.0,389.0,0.0,0.0,4.0,8.0,0.0,1.0,5.0,5.0,0.0,0.0,-1.02,-8.249999999999995,-99.17999999999907,-99.57400800000006,1,1
0.01,1.0,1440,1,30,30,0,0,300,5.3,8,40,5,0.01,3,inc_every3,8.200000000009354,4.259919999999358,-39.37749034611916,-60.90312783594529,92.37634808478134,96.44027742959885,8.200000000009254,4.259919999999358,116.0,389.0,0.0,0.0,4.0,8.0,0.0,1.0,5.0,5.0,0.0,0.0,-1.02,-8.249999999999995,-99.17999999999907,-99.57400800000006,1,1
0.01,1.0,1440,1,30,30,0,0,300,5.3,12,40,99,0.0,1,flat,8.200000000009354,4.259919999999358,-39.37749034611916,-60.90312783594529,92.37634808478134,96.44027742959885,8.200000000009254,4.259919999999358,116.0,389.0,0.0,0.0,4.0,8.0,0.0,1.0,5.0,5.0,0.0,0.0,-1.02,-8.249999999999995,-99.17999999999907,-99.57400800000006,1,1
0.01,1.0,1440,1,30,30,0,0,300,5.3,18,40,5,0.01,3,inc_every3,8.200000000009354,4.259919999999358,-39.37749034611916,-60.90312783594529,92.37634808478134,96.44027742959885,8.200000000009254,4.259919999999358,116.0,389.0,0.0,0.0,4.0,8.0,0.0,1.0,5.0,5.0,0.0,0.0,-1.02,-8.249999999999995,-99.17999999999907,-99.57400800000006,1,1
0.01,1.0,1440,1,30,30,0,0,50,5.3,12,0,5,0.01,3,inc_every3,8.187619999998866,9.36711000000314,-39.395817314303116,-50.571896020685415,94.14500858123708,90.9775476786749,8.187619999998866,9.367110000000288,57.0,17.0,0.0,0.0,0.0,0.0,3.0,2.0,12.0,12.0,1.0,1.0,-1.01,0.0,-99.1812380000001,-99.06328899999997,1,1
0.01,1.0,1440,1,30,30,0,0,300,12.0,8,40,3,0.01,2,inc_every2,8.110000000004533,3.2316900000008317,-39.511231448436035,-63.98849801506461,92.54321441706239,97.4744529540482,8.11000000000304,3.231690000000164,44.0,238.0,0.0,0.0,4.0,12.0,0.0,1.0,5.0,5.0,0.0,0.0,-1.0200000000000002,-11.92,-99.1889999999997,-99.67683099999998,1,1
0.01,1.0,1440,1,30,30,0,0,300,12.0,12,40,3,0.01,2,inc_every2,8.110000000004533,3.2316900000008317,-39.511231448436035,-63.98849801506461,92.54321441706239,97.4744529540482,8.11000000000304,3.231690000000164,44.0,238.0,0.0,0.0,4.0,12.0,0.0,1.0,5.0,5.0,0.0,0.0,-1.0200000000000002,-11.92,-99.1889999999997,-99.67683099999998,1,1
0.01,1.0,1440,1,30,30,0,0,300,12.0,18,40,3,0.01,2,inc_every2,8.110000000004533,3.2316900000008317,-39.511231448436035,-63.98849801506461,92.54321441706239,97.4744529540482,8.11000000000304,3.231690000000164,44.0,238.0,0.0,0.0,4.0,12.0,0.0,1.0,5.0,5.0,0.0,0.0,-1.0200000000000002,-11.92,-99.1889999999997,-99.67683099999998,1,1
0.01,1.0,1440,1,30,30,0,0,300,12.0,5,40,3,0.01,2,inc_every2,8.110000000004533,3.2316900000008317,-39.511231448436035,-63.98849801506461,92.54321441706239,97.4744529540482,8.11000000000304,3.231690000000164,44.0,238.0,0.0,0.0,4.0,12.0,0.0,1.0,5.0,5.0,3.0,13.0,-1.0200000000000002,-11.92,-99.1889999999997,-99.67683099999998,1,1
0.01,1.0,1440,1,30,30,0,0,300,18.0,8,40,3,0.01,2,inc_every2,8.070000000001286,5.378900000000137,-39.57105329117252,-58.09323411010892,92.80363830925616,95.39911042682458,8.07000000000027,5.378899999999689,30.0,163.0,0.0,0.0,4.0,13.0,0.0,1.0,5.0,5.0,0.0,0.0,-1.4600000000000002,-11.47,-99.19299999999997,-99.46211000000002,1,1
0.01,1.0,1440,1,30,30,0,0,300,18.0,5,40,3,0.01,2,inc_every2,8.070000000001286,5.378900000000137,-39.57105329117252,-58.09323411010892,92.80363830925616,95.39911042682458,8.07000000000027,5.378899999999689,30.0,163.0,0.0,0.0,4.0,13.0,0.0,1.0,5.0,5.0,3.0,15.0,-1.4600000000000002,-11.47,-99.19299999999997,-99.46211000000002,1,1
0.01,1.0,1440,1,30,30,0,0,300,18.0,18,40,3,0.01,2,inc_every2,8.070000000001286,5.378900000000137,-39.57105329117252,-58.09323411010892,92.80363830925616,95.39911042682458,8.07000000000027,5.378899999999689,30.0,163.0,0.0,0.0,4.0,13.0,0.0,1.0,5.0,5.0,0.0,0.0,-1.4600000000000002,-11.47,-99.19299999999997,-99.46211000000002,1,1
0.01,1.0,1440,1,30,30,0,0,300,18.0,12,40,3,0.01,2,inc_every2,8.070000000001286,5.378900000000137,-39.57105329117252,-58.09323411010892,92.80363830925616,95.39911042682458,8.07000000000027,5.378899999999689,30.0,163.0,0.0,0.0,4.0,13.0,0.0,1.0,5.0,5.0,0.0,0.0,-1.4600000000000002,-11.47,-99.19299999999997,-99.46211000000002,1,1
0.01,1.0,1440,1,30,30,0,0,75,18.0,5,40,5,0.01,1,inc_every1,8.56000000006123,5.345700000000658,-38.8539921796504,-58.17037261123815,93.85227098941091,95.765111304762,8.040000000048899,5.3456999999996455,90.0,171.0,0.0,0.0,13.0,23.0,0.0,1.0,5.0,5.0,31.0,66.0,-2.1900000000000004,-17.77,-99.19599999999511,-99.46543000000004,1,1
0.01,1.0,1440,1,30,30,0,0,75,18.0,5,40,5,0.01,3,inc_every3,8.56000000006123,5.345700000000658,-38.8539921796504,-58.17037261123815,93.85227098941091,95.765111304762,8.040000000048899,5.3456999999996455,90.0,171.0,0.0,0.0,13.0,23.0,0.0,1.0,5.0,5.0,31.0,66.0,-2.1900000000000004,-17.77,-99.19599999999511,-99.46543000000004,1,1
0.01,1.0,1440,1,30,30,0,0,75,18.0,5,40,99,0.0,1,flat,8.56000000006123,5.345700000000658,-38.8539921796504,-58.17037261123815,93.85227098941091,95.765111304762,8.040000000048899,5.3456999999996455,90.0,171.0,0.0,0.0,13.0,23.0,0.0,1.0,5.0,5.0,31.0,66.0,-2.1900000000000004,-17.77,-99.19599999999511,-99.46543000000004,1,1
0.01,1.0,1440,1,30,30,0,0,75,12.0,18,25,99,0.0,1,flat,7.987560000002208,10.170000000140352,-39.695098121131764,-49.34737033473969,95.42102728732195,93.57792371802309,7.987559999999792,10.170000000140352,337.0,219.0,0.0,0.0,47.0,31.0,1.0,0.0,8.0,8.0,0.0,0.0,-7.170000000000001,-10.079999999999998,-99.20124400000002,-98.98299999998596,1,1
0.01,1.0,1440,1,30,30,0,0,75,12.0,12,25,99,0.0,1,flat,7.987560000002208,10.170000000140352,-39.695098121131764,-49.34737033473969,95.42102728732195,93.57792371802309,7.987559999999792,10.170000000140352,337.0,219.0,0.0,0.0,47.0,31.0,1.0,0.0,8.0,8.0,0.0,0.0,-7.170000000000001,-10.079999999999998,-99.20124400000002,-98.98299999998596,1,1
0.01,1.0,1440,1,30,30,0,0,75,12.0,8,25,99,0.0,1,flat,7.987560000002208,10.170000000140352,-39.695098121131764,-49.34737033473969,95.42102728732195,93.57792371802309,7.987559999999792,10.170000000140352,337.0,219.0,0.0,0.0,47.0,31.0,1.0,0.0,8.0,8.0,53.0,33.0,-7.170000000000001,-10.079999999999998,-99.20124400000002,-98.98299999998596,1,1
0.01,1.0,1440,1,30,30,0,0,75,5.3,8,25,99,0.0,1,flat,7.926840000000212,6.339239999999521,-39.7871181115693,-55.993749670256165,93.48014476065204,96.09652709359887,7.926839999999757,6.339239999999521,532.0,325.0,0.0,0.0,26.0,17.0,1.0,1.0,8.0,8.0,31.0,19.0,-3.9800000000000004,-4.35,-99.20731600000002,-99.36607600000005,1,1
0.01,1.0,1440,1,30,30,0,0,75,5.3,12,25,99,0.0,1,flat,7.926840000000212,6.339239999999521,-39.7871181115693,-55.993749670256165,93.48014476065204,96.09652709359887,7.926839999999757,6.339239999999521,532.0,325.0,0.0,0.0,26.0,17.0,1.0,1.0,8.0,8.0,0.0,0.0,-3.9800000000000004,-4.35,-99.20731600000002,-99.36607600000005,1,1
0.01,1.0,1440,1,30,30,0,0,75,5.3,18,25,99,0.0,1,flat,7.926840000000212,6.339239999999521,-39.7871181115693,-55.993749670256165,93.48014476065204,96.09652709359887,7.926839999999757,6.339239999999521,532.0,325.0,0.0,0.0,26.0,17.0,1.0,1.0,8.0,8.0,0.0,0.0,-3.9800000000000004,-4.35,-99.20731600000002,-99.36607600000005,1,1
0.01,1.0,1440,1,30,30,0,0,75,5.3,8,40,99,0.0,1,flat,7.907579999999847,10.290000000140026,-39.816424045678275,-49.170249561362866,94.46519213271266,90.49542007281732,7.907579999998724,9.650000000068907,363.0,398.0,0.0,0.0,12.0,13.0,1.0,0.0,8.0,8.0,20.0,23.0,-3.0899999999999994,-9.08,-99.20924200000013,-99.0349999999931,1,1
0.01,1.0,1440,1,30,30,0,0,75,5.3,18,40,99,0.0,1,flat,7.904280000000174,6.341279999999788,-39.82145103962882,-55.989536034802235,94.50710215427759,94.33156342183692,7.904280000000028,6.34127999999961,364.0,510.0,0.0,0.0,12.0,16.0,1.0,1.0,10.0,10.0,0.0,0.0,-3.23,-11.2,-99.209572,-99.36587200000004,1,1
0.01,1.0,1440,1,30,30,0,0,75,5.3,12,40,99,0.0,1,flat,7.904280000000174,6.341279999999788,-39.82145103962882,-55.989536034802235,94.50710215427759,94.33156342183692,7.904280000000028,6.34127999999961,364.0,510.0,0.0,0.0,12.0,16.0,1.0,1.0,10.0,10.0,0.0,0.0,-3.23,-11.2,-99.209572,-99.36587200000004,1,1
0.01,1.0,1440,1,30,30,0,0,100,3.0,5,15,3,0.01,2,inc_every2,9.150000000060281,3.2271299999988816,-38.032923474285894,-64.00362632543599,92.77615215796008,96.83179854702645,7.900000000054973,3.2271299999988816,491.0,323.0,0.0,0.0,21.0,16.0,0.0,1.0,5.0,5.0,22.0,23.0,-0.7500000000000002,-0.6800000000000002,-99.20999999999451,-99.6772870000001,1,1
0.01,1.0,1440,1,30,30,0,0,100,3.0,8,15,3,0.01,2,inc_every2,9.150000000060281,3.2271299999988816,-38.032923474285894,-64.00362632543599,92.77615215796008,96.83179854702645,7.900000000054973,3.2271299999988816,491.0,323.0,0.0,0.0,21.0,16.0,0.0,1.0,5.0,5.0,0.0,0.0,-0.7500000000000002,-0.6800000000000002,-99.20999999999451,-99.6772870000001,1,1
0.01,1.0,1440,1,30,30,0,0,100,3.0,12,15,3,0.01,2,inc_every2,9.150000000060281,3.2271299999988816,-38.032923474285894,-64.00362632543599,92.77615215796008,96.83179854702645,7.900000000054973,3.2271299999988816,491.0,323.0,0.0,0.0,21.0,16.0,0.0,1.0,5.0,5.0,0.0,0.0,-0.7500000000000002,-0.6800000000000002,-99.20999999999451,-99.6772870000001,1,1
0.01,1.0,1440,1,30,30,0,0,100,3.0,18,15,3,0.01,2,inc_every2,9.150000000060281,3.2271299999988816,-38.032923474285894,-64.00362632543599,92.77615215796008,96.83179854702645,7.900000000054973,3.2271299999988816,491.0,323.0,0.0,0.0,21.0,16.0,0.0,1.0,5.0,5.0,0.0,0.0,-0.7500000000000002,-0.6800000000000002,-99.20999999999451,-99.6772870000001,1,1
0.01,1.0,1440,1,30,30,0,0,150,8.0,8,40,3,0.01,2,inc_every2,8.536430000000404,7.498959999999663,-38.88772248297673,-53.73775616544872,93.13057157837807,92.68251366120259,7.860000000020577,7.498959999999663,110.0,219.0,0.0,0.0,5.0,9.0,1.0,1.0,6.0,6.0,0.0,0.0,-1.1700000000000002,-5.249999999999998,-99.21399999999794,-99.25010400000004,1,1
0.01,1.0,1440,1,30,30,0,0,150,8.0,12,40,3,0.01,2,inc_every2,8.536430000000404,7.498959999999663,-38.88772248297673,-53.73775616544872,93.13057157837807,92.68251366120259,7.860000000020577,7.498959999999663,110.0,219.0,0.0,0.0,5.0,9.0,1.0,1.0,6.0,6.0,0.0,0.0,-1.1700000000000002,-5.249999999999998,-99.21399999999794,-99.25010400000004,1,1
0.01,1.0,1440,1,30,30,0,0,150,8.0,18,40,3,0.01,2,inc_every2,8.536430000000404,7.498959999999663,-38.88772248297673,-53.73775616544872,93.13057157837807,92.68251366120259,7.860000000020577,7.498959999999663,110.0,219.0,0.0,0.0,5.0,9.0,1.0,1.0,6.0,6.0,0.0,0.0,-1.1700000000000002,-5.249999999999998,-99.21399999999794,-99.25010400000004,1,1
0.01,1.0,1440,1,30,30,0,0,200,12.0,12,25,5,0.01,1,inc_every1,10.060000000021915,4.2567200000006835,-36.84594080052981,-60.911869696225864,93.0033825885523,95.82059891998041,7.860000000020509,4.256719999999941,91.0,146.0,0.0,0.0,10.0,13.0,0.0,1.0,5.0,5.0,0.0,0.0,-0.9900000000000002,-5.81,-99.21399999999795,-99.57432800000001,1,1
0.01,1.0,1440,1,30,30,0,0,200,12.0,12,25,5,0.01,3,inc_every3,10.060000000021915,4.2567200000006835,-36.84594080052981,-60.911869696225864,93.0033825885523,95.82059891998041,7.860000000020509,4.256719999999941,91.0,146.0,0.0,0.0,10.0,13.0,0.0,1.0,5.0,5.0,0.0,0.0,-0.9900000000000002,-5.81,-99.21399999999795,-99.57432800000001,1,1
0.01,1.0,1440,1,30,30,0,0,200,12.0,5,25,99,0.0,1,flat,10.060000000021915,4.2567200000006835,-36.84594080052981,-60.911869696225864,93.0033825885523,95.82059891998041,7.860000000020509,4.256719999999941,91.0,146.0,0.0,0.0,10.0,13.0,0.0,1.0,5.0,5.0,10.0,13.0,-0.9900000000000002,-5.81,-99.21399999999795,-99.57432800000001,1,1
0.01,1.0,1440,1,30,30,0,0,200,12.0,5,25,5,0.01,3,inc_every3,10.060000000021915,4.2567200000006835,-36.84594080052981,-60.911869696225864,93.0033825885523,95.82059891998041,7.860000000020509,4.256719999999941,91.0,146.0,0.0,0.0,10.0,13.0,0.0,1.0,5.0,5.0,10.0,13.0,-0.9900000000000002,-5.81,-99.21399999999795,-99.57432800000001,1,1
0.01,1.0,1440,1,30,30,0,0,200,12.0,12,25,99,0.0,1,flat,10.060000000021915,4.2567200000006835,-36.84594080052981,-60.911869696225864,93.0033825885523,95.82059891998041,7.860000000020509,4.256719999999941,91.0,146.0,0.0,0.0,10.0,13.0,0.0,1.0,5.0,5.0,0.0,0.0,-0.9900000000000002,-5.81,-99.21399999999795,-99.57432800000001,1,1
0.01,1.0,1440,1,30,30,0,0,200,12.0,8,25,5,0.01,1,inc_every1,10.060000000021915,4.2567200000006835,-36.84594080052981,-60.911869696225864,93.0033825885523,95.82059891998041,7.860000000020509,4.256719999999941,91.0,146.0,0.0,0.0,10.0,13.0,0.0,1.0,5.0,5.0,0.0,0.0,-0.9900000000000002,-5.81,-99.21399999999795,-99.57432800000001,1,1
0.01,1.0,1440,1,30,30,0,0,200,12.0,8,25,99,0.0,1,flat,10.060000000021915,4.2567200000006835,-36.84594080052981,-60.911869696225864,93.0033825885523,95.82059891998041,7.860000000020509,4.256719999999941,91.0,146.0,0.0,0.0,10.0,13.0,0.0,1.0,5.0,5.0,0.0,0.0,-0.9900000000000002,-5.81,-99.21399999999795,-99.57432800000001,1,1
0.01,1.0,1440,1,30,30,0,0,200,12.0,18,25,5,0.01,3,inc_every3,10.060000000021915,4.2567200000006835,-36.84594080052981,-60.911869696225864,93.0033825885523,95.82059891998041,7.860000000020509,4.256719999999941,91.0,146.0,0.0,0.0,10.0,13.0,0.0,1.0,5.0,5.0,0.0,0.0,-0.9900000000000002,-5.81,-99.21399999999795,-99.57432800000001,1,1
0.01,1.0,1440,1,30,30,0,0,200,12.0,18,25,5,0.01,1,inc_every1,10.060000000021915,4.2567200000006835,-36.84594080052981,-60.911869696225864,93.0033825885523,95.82059891998041,7.860000000020509,4.256719999999941,91.0,146.0,0.0,0.0,10.0,13.0,0.0,1.0,5.0,5.0,0.0,0.0,-0.9900000000000002,-5.81,-99.21399999999795,-99.57432800000001,1,1
0.01,1.0,1440,1,30,30,0,0,200,12.0,5,25,5,0.01,1,inc_every1,10.060000000021915,4.2567200000006835,-36.84594080052981,-60.911869696225864,93.0033825885523,95.82059891998041,7.860000000020509,4.256719999999941,91.0,146.0,0.0,0.0,10.0,13.0,0.0,1.0,5.0,5.0,10.0,13.0,-0.9900000000000002,-5.81,-99.21399999999795,-99.57432800000001,1,1
0.01,1.0,1440,1,30,30,0,0,200,12.0,18,25,99,0.0,1,flat,10.060000000021915,4.2567200000006835,-36.84594080052981,-60.911869696225864,93.0033825885523,95.82059891998041,7.860000000020509,4.256719999999941,91.0,146.0,0.0,0.0,10.0,13.0,0.0,1.0,5.0,5.0,0.0,0.0,-0.9900000000000002,-5.81,-99.21399999999795,-99.57432800000001,1,1
0.01,1.0,1440,1,30,30,0,0,200,12.0,8,25,5,0.01,3,inc_every3,10.060000000021915,4.2567200000006835,-36.84594080052981,-60.911869696225864,93.0033825885523,95.82059891998041,7.860000000020509,4.256719999999941,91.0,146.0,0.0,0.0,10.0,13.0,0.0,1.0,5.0,5.0,0.0,0.0,-0.9900000000000002,-5.81,-99.21399999999795,-99.57432800000001,1,1
0.01,1.0,1440,1,30,30,0,0,50,18.0,18,0,5,0.01,3,inc_every3,9.082919999999405,9.336599999998981,-38.124103059148275,-50.619859058692576,95.1851178781924,91.56280498825356,7.842480000000847,9.336599999998981,22.0,6.0,0.0,0.0,0.0,0.0,4.0,2.0,14.0,13.0,0.0,0.0,-0.9300000000000002,0.0,-99.21575199999991,-99.0663400000001,1,1
0.01,1.0,1440,1,30,30,0,0,150,3.0,18,25,99,0.0,1,flat,7.840000000076344,6.630000000076137,-39.91970723117677,-55.40254610536641,92.71172259916753,93.36999999992523,7.84000000007574,6.630000000074773,403.0,443.0,0.0,0.0,10.0,11.0,0.0,0.0,6.0,6.0,0.0,0.0,-0.7800000000000002,-3.829999999999999,-99.21599999999242,-99.33699999999253,1,1
0.01,1.0,1440,1,30,30,0,0,150,3.0,8,25,99,0.0,1,flat,7.840000000076344,6.630000000076137,-39.91970723117677,-55.40254610536641,92.71172259916753,93.36999999992523,7.84000000007574,6.630000000074773,403.0,443.0,0.0,0.0,10.0,11.0,0.0,0.0,6.0,6.0,0.0,0.0,-0.7800000000000002,-3.829999999999999,-99.21599999999242,-99.33699999999253,1,1
0.01,1.0,1440,1,30,30,0,0,150,3.0,12,25,99,0.0,1,flat,7.840000000076344,6.630000000076137,-39.91970723117677,-55.40254610536641,92.71172259916753,93.36999999992523,7.84000000007574,6.630000000074773,403.0,443.0,0.0,0.0,10.0,11.0,0.0,0.0,6.0,6.0,0.0,0.0,-0.7800000000000002,-3.829999999999999,-99.21599999999242,-99.33699999999253,1,1
0.01,1.0,1440,1,30,30,0,0,150,3.0,5,25,5,0.01,3,inc_every3,7.840000000072166,4.288920000000292,-39.919707231183175,-60.824114269782505,92.71172259917141,95.71108000000021,7.840000000071562,4.288919999999791,403.0,426.0,0.0,0.0,10.0,10.0,0.0,1.0,5.0,5.0,12.0,14.0,-0.7800000000000002,-3.839999999999999,-99.21599999999285,-99.57110800000002,1,1
0.01,1.0,1440,1,30,30,0,0,150,3.0,5,25,99,0.0,1,flat,7.840000000072166,4.288920000000292,-39.919707231183175,-60.824114269782505,92.71172259917141,95.71108000000021,7.840000000071562,4.288919999999791,403.0,426.0,0.0,0.0,10.0,10.0,0.0,1.0,5.0,5.0,12.0,14.0,-0.7800000000000002,-3.839999999999999,-99.21599999999285,-99.57110800000002,1,1
0.01,1.0,1440,1,30,30,0,0,150,3.0,5,25,5,0.01,1,inc_every1,7.840000000072166,4.288920000000292,-39.919707231183175,-60.824114269782505,92.71172259917141,95.71108000000021,7.840000000071562,4.288919999999791,403.0,426.0,0.0,0.0,10.0,10.0,0.0,1.0,5.0,5.0,12.0,14.0,-0.7800000000000002,-3.839999999999999,-99.21599999999285,-99.57110800000002,1,1
0.01,1.0,1440,1,30,30,0,0,150,5.3,18,40,99,0.0,1,flat,7.840000000024681,5.357900000000612,-39.919707231256,-58.14198752936205,92.94011706436363,94.6782876440211,7.840000000024439,5.357899999999635,145.0,322.0,0.0,0.0,5.0,8.0,0.0,1.0,7.0,7.0,0.0,0.0,-1.31,-4.179999999999999,-99.21599999999755,-99.46421000000004,1,1
0.01,1.0,1440,1,30,30,0,0,150,5.3,12,40,99,0.0,1,flat,7.840000000024681,5.357900000000612,-39.919707231256,-58.14198752936205,92.94011706436363,94.6782876440211,7.840000000024439,5.357899999999635,145.0,322.0,0.0,0.0,5.0,8.0,0.0,1.0,7.0,7.0,0.0,0.0,-1.31,-4.179999999999999,-99.21599999999755,-99.46421000000004,1,1
0.01,1.0,1440,1,30,30,0,0,150,5.3,8,40,99,0.0,1,flat,7.840000000024681,5.357900000000612,-39.919707231256,-58.14198752936205,92.94011706436363,94.6782876440211,7.840000000024439,5.357899999999635,145.0,322.0,0.0,0.0,5.0,8.0,0.0,1.0,7.0,7.0,0.0,0.0,-1.31,-4.179999999999999,-99.21599999999755,-99.46421000000004,1,1
0.01,1.0,1440,1,30,30,0,0,50,3.0,12,0,99,0.0,1,flat,7.818240000000863,5.197499999999845,-39.953114811479395,-58.518871666459574,93.70207829869571,94.81804586241324,7.818239999999879,5.1974999999995966,87.0,29.0,0.0,0.0,0.0,0.0,2.0,2.0,12.0,12.0,1.0,1.0,-1.08,0.0,-99.21817600000001,-99.48025000000004,1,1
0.01,1.0,1440,1,30,30,0,0,75,5.3,12,0,99,0.0,1,flat,7.8144000000012,3.120179999999891,-39.95901798526078,-64.36283239460138,93.57262707682142,96.92683935782594,7.814400000001008,3.1201799999994417,56.0,17.0,0.0,0.0,0.0,0.0,2.0,2.0,12.0,12.0,1.0,1.0,-0.5900000000000001,0.0,-99.2185599999999,-99.68798200000006,1,1
0.01,1.0,1440,1,30,30,0,0,75,18.0,18,0,99,0.0,1,flat,7.8144000000002976,5.201400000000749,-39.95901798526217,-58.50961179513317,94.17096822318469,95.13933277263769,7.814399999999075,5.2014000000005005,19.0,8.0,0.0,0.0,0.0,0.0,2.0,2.0,18.0,16.0,1.0,0.0,-0.6500000000000001,0.0,-99.2185600000001,-99.47985999999995,1,1
0.01,1.0,1440,1,30,30,0,0,50,18.0,8,25,99,0.0,1,flat,7.811640000001752,5.358049999999977,-39.963262324780246,-58.141638815118945,94.54380107564498,95.68803315628566,7.811639999999699,5.358049999999977,100.0,44.0,0.0,0.0,29.0,14.0,1.0,1.0,8.0,8.0,40.0,20.0,-1.9900000000000002,-1.6500000000000001,-99.21883600000002,-99.464195,1,1
0.01,1.0,1440,1,30,30,0,0,50,18.0,18,0,99,0.0,1,flat,7.810200000001043,9.371249999999495,-39.9654772389855,-50.56539622103795,94.66370593058228,91.45894094057687,7.810200000000428,9.371249999999243,14.0,10.0,0.0,0.0,0.0,0.0,2.0,2.0,18.0,18.0,1.0,1.0,-0.51,0.0,-99.21897999999996,-99.06287500000008,1,1
0.01,1.0,1440,1,30,30,0,0,50,12.0,18,0,99,0.0,1,flat,7.810199999999998,8.326320000001402,-39.96547723898711,-52.2743160842351,94.72782503037737,92.08524714828917,7.810199999999572,8.326320000000166,21.0,13.0,0.0,0.0,0.0,0.0,2.0,2.0,18.0,18.0,1.0,1.0,-0.51,0.0,-99.21898000000004,-99.16736799999998,1,1
0.01,1.0,1440,1,30,30,0,0,100,5.3,8,15,99,0.0,1,flat,7.740000000077506,6.350000000021437,-40.073852555520816,-55.971535534734706,94.51608332147099,94.46864111496505,7.7400000000772415,6.350000000020479,688.0,204.0,0.0,0.0,46.0,18.0,0.0,0.0,6.0,5.0,0.0,0.0,-3.3399999999999994,-1.6800000000000004,-99.22599999999228,-99.36499999999795,1,1
0.01,1.0,1440,1,30,30,0,0,100,5.3,18,15,99,0.0,1,flat,7.740000000077506,6.350000000021437,-40.073852555520816,-55.971535534734706,94.51608332147099,94.46864111496505,7.7400000000772415,6.350000000020479,688.0,204.0,0.0,0.0,46.0,18.0,0.0,0.0,6.0,5.0,0.0,0.0,-3.3399999999999994,-1.6800000000000004,-99.22599999999228,-99.36499999999795,1,1
0.01,1.0,1440,1,30,30,0,0,100,5.3,12,15,99,0.0,1,flat,7.740000000077506,6.350000000021437,-40.073852555520816,-55.971535534734706,94.51608332147099,94.46864111496505,7.7400000000772415,6.350000000020479,688.0,204.0,0.0,0.0,46.0,18.0,0.0,0.0,6.0,5.0,0.0,0.0,-3.3399999999999994,-1.6800000000000004,-99.22599999999228,-99.36499999999795,1,1
0.01,1.0,1440,1,30,30,0,0,100,12.0,5,40,3,0.01,2,inc_every2,9.099929999998729,9.310000000009808,-38.100931096213465,-50.66176532329243,94.24514200298461,94.70240127460488,7.7000000000066535,9.310000000009808,111.0,238.0,0.0,0.0,10.0,20.0,1.0,0.0,5.0,5.0,24.0,53.0,-2.0,-14.06,-99.22999999999934,-99.06899999999902,1,1
0.01,1.0,1440,1,30,30,0,0,75,8.0,12,0,99,0.0,1,flat,7.6901999999997805,4.158200000000063,-40.15121188777558,-61.18329828836717,93.82759450999343,95.97969641303304,7.6901999999997805,4.158200000000063,53.0,14.0,0.0,0.0,0.0,0.0,2.0,2.0,12.0,12.0,2.0,1.0,-3.4199999999999995,0.0,-99.23098000000002,-99.58417999999999,1,1
0.01,1.0,1440,1,30,30,0,0,100,3.0,18,40,99,0.0,1,flat,7.6849200000019025,7.344259999998819,-40.15943731504908,-54.02383585165944,93.35501945525272,92.6864568811006,7.684920000000517,7.344259999998819,367.0,127.0,0.0,0.0,6.0,3.0,1.0,1.0,9.0,9.0,0.0,0.0,-1.7100000000000002,-0.6100000000000001,-99.23150799999995,-99.26557400000011,1,1
0.01,1.0,1440,1,30,30,0,0,100,3.0,12,40,99,0.0,1,flat,7.6849200000019025,7.344259999998819,-40.15943731504908,-54.02383585165944,93.35501945525272,92.6864568811006,7.684920000000517,7.344259999998819,367.0,127.0,0.0,0.0,6.0,3.0,1.0,1.0,9.0,9.0,0.0,0.0,-1.7100000000000002,-0.6100000000000001,-99.23150799999995,-99.26557400000011,1,1
0.01,1.0,1440,1,30,30,0,0,100,3.0,8,40,99,0.0,1,flat,7.6849200000019025,7.344259999998798,-40.15943731504908,-54.023835851659484,93.35501945525306,92.68645688110063,7.684920000000133,7.344259999998798,367.0,127.0,0.0,0.0,6.0,3.0,1.0,1.0,8.0,8.0,6.0,4.0,-1.7100000000000002,-0.6100000000000001,-99.23150799999999,-99.26557400000011,1,1
0.01,1.0,1440,1,30,30,0,0,75,18.0,12,0,99,0.0,1,flat,7.680119999999814,4.158199999999596,-40.16691889982146,-61.18329828836848,94.2711323288087,96.11419493505325,7.680119999999494,4.158199999999596,29.0,8.0,0.0,0.0,0.0,0.0,2.0,2.0,12.0,12.0,2.0,1.0,-3.4199999999999995,0.0,-99.23198800000004,-99.58418000000005,1,1
0.01,1.0,1440,1,30,30,0,0,150,5.3,12,0,99,0.0,1,flat,7.6245000000009355,4.20168000000041,-40.25388568710901,-61.062957438846375,93.39927279023544,96.23235294117644,7.624500000000374,4.20168000000041,98.0,49.0,0.0,0.0,0.0,0.0,2.0,2.0,12.0,12.0,1.0,1.0,-3.4599999999999995,-0.49,-99.23754999999996,-99.57983199999995,1,1
0.01,1.0,1440,1,30,30,0,0,150,5.3,18,0,99,0.0,1,flat,7.6245000000009355,4.2016800000004135,-40.25388568710901,-61.062957438846354,93.39927279023544,96.2323529411765,7.624500000000374,4.201680000000344,98.0,49.0,0.0,0.0,0.0,0.0,2.0,2.0,12.0,12.0,0.0,0.0,-3.4599999999999995,-0.49,-99.23754999999996,-99.57983199999997,1,1
0.01,1.0,1440,1,30,30,0,0,150,3.0,18,0,99,0.0,1,flat,7.624500000001198,3.1516500000001653,-40.25388568710861,-64.25624971983544,93.4254548590168,97.19029152179772,7.624499999999827,3.151649999999833,148.0,68.0,0.0,0.0,0.0,0.0,2.0,2.0,12.0,12.0,0.0,0.0,-2.979999999999999,-0.43,-99.23755000000001,-99.68483500000002,1,1
0.01,1.0,1440,1,30,30,0,0,150,3.0,12,0,99,0.0,1,flat,7.624500000001198,3.1516500000001653,-40.25388568710861,-64.25624971983544,93.4254548590168,97.19029152179772,7.624499999999827,3.151649999999833,148.0,68.0,0.0,0.0,0.0,0.0,2.0,2.0,12.0,12.0,1.0,1.0,-2.979999999999999,-0.43,-99.23755000000001,-99.68483500000002,1,1
0.01,1.0,1440,1,30,30,0,0,75,12.0,8,40,3,0.01,2,inc_every2,9.148439999999301,5.34429999999967,-38.035037847628416,-58.17363282517589,95.61907784638744,97.96678714095619,7.591700000003193,5.34429999999967,152.0,224.0,0.0,0.0,18.0,25.0,2.0,2.0,8.0,8.0,21.0,29.0,-2.83,-16.810000000000002,-99.24082999999968,-99.46557000000003,1,1
0.01,1.0,1440,1,30,30,0,0,75,12.0,12,40,3,0.01,2,inc_every2,9.148439999999301,5.34429999999967,-38.035037847628416,-58.17363282517589,95.61907784638744,97.96678714095619,7.591700000003193,5.34429999999967,152.0,224.0,0.0,0.0,18.0,25.0,2.0,2.0,8.0,8.0,0.0,0.0,-2.83,-16.810000000000002,-99.24082999999968,-99.46557000000003,1,1
0.01,1.0,1440,1,30,30,0,0,75,12.0,18,40,3,0.01,2,inc_every2,9.148439999999301,5.34429999999967,-38.035037847628416,-58.17363282517589,95.61907784638744,97.96678714095619,7.591700000003193,5.34429999999967,152.0,224.0,0.0,0.0,18.0,25.0,2.0,2.0,8.0,8.0,0.0,0.0,-2.83,-16.810000000000002,-99.24082999999968,-99.46557000000003,1,1
0.01,1.0,1440,1,30,30,0,0,50,5.3,12,15,5,0.01,3,inc_every3,8.20000000011291,6.600000000049233,-39.377490345965946,-55.4626922641793,93.7489691571556,93.46016646844214,7.580000000033504,6.600000000048276,383.0,168.0,0.0,0.0,38.0,20.0,0.0,0.0,7.0,7.0,0.0,0.0,-0.5700000000000001,-0.54,-99.24199999999665,-99.33999999999517,1,1
0.01,1.0,1440,1,30,30,0,0,50,5.3,8,15,5,0.01,3,inc_every3,8.20000000011291,6.600000000049233,-39.377490345965946,-55.4626922641793,93.7489691571556,93.46016646844214,7.580000000033504,6.600000000048276,383.0,168.0,0.0,0.0,38.0,20.0,0.0,0.0,7.0,7.0,0.0,0.0,-0.5700000000000001,-0.54,-99.24199999999665,-99.33999999999517,1,1
0.01,1.0,1440,1,30,30,0,0,50,5.3,18,15,5,0.01,3,inc_every3,8.20000000011291,6.600000000049233,-39.377490345965946,-55.4626922641793,93.7489691571556,93.46016646844214,7.580000000033504,6.600000000048276,383.0,168.0,0.0,0.0,38.0,20.0,0.0,0.0,7.0,7.0,0.0,0.0,-0.5700000000000001,-0.54,-99.24199999999665,-99.33999999999517,1,1
0.01,1.0,1440,1,30,30,0,0,50,12.0,12,40,99,0.0,1,flat,7.8694800000001095,8.464800000000423,-39.874565433583165,-52.03948023878038,95.5370337530295,95.50722283460215,7.550000000003772,7.744199999999573,158.0,156.0,0.0,0.0,19.0,18.0,2.0,2.0,12.0,12.0,21.0,20.0,-2.7599999999999993,-10.85,-99.24499999999962,-99.22558000000004,1,1
0.01,1.0,1440,1,30,30,0,0,50,12.0,18,40,99,0.0,1,flat,7.869480000000326,8.464800000000462,-39.87456543358283,-52.039480238780314,95.54177738411576,95.5012199372617,7.5500000000025995,7.744200000001001,158.0,156.0,0.0,0.0,19.0,18.0,2.0,2.0,13.0,13.0,0.0,0.0,-3.0099999999999993,-10.85,-99.24499999999973,-99.2255799999999,1,1
0.01,1.0,1440,1,30,30,0,0,150,8.0,18,15,5,0.01,3,inc_every3,7.540000000097395,4.2590400000006845,-40.38698508797059,-60.90553138756667,93.30432466024675,96.69123679303925,7.540000000096438,4.259040000000212,433.0,349.0,0.0,0.0,42.0,33.0,0.0,1.0,5.0,5.0,0.0,0.0,-4.0699999999999985,-8.429999999999998,-99.24599999999036,-99.57409599999998,1,1
0.01,1.0,1440,1,30,30,0,0,150,8.0,12,15,5,0.01,1,inc_every1,7.540000000097395,4.2590400000006845,-40.38698508797059,-60.90553138756667,93.30432466024675,96.69123679303925,7.540000000096438,4.259040000000212,433.0,349.0,0.0,0.0,42.0,33.0,0.0,1.0,5.0,5.0,0.0,0.0,-4.0699999999999985,-8.429999999999998,-99.24599999999036,-99.57409599999998,1,1
0.01,1.0,1440,1,30,30,0,0,150,8.0,12,15,5,0.01,3,inc_every3,7.540000000097395,4.2590400000006845,-40.38698508797059,-60.90553138756667,93.30432466024675,96.69123679303925,7.540000000096438,4.259040000000212,433.0,349.0,0.0,0.0,42.0,33.0,0.0,1.0,5.0,5.0,0.0,0.0,-4.0699999999999985,-8.429999999999998,-99.24599999999036,-99.57409599999998,1,1
0.01,1.0,1440,1,30,30,0,0,150,8.0,5,15,99,0.0,1,flat,7.540000000097395,4.2590400000006845,-40.38698508797059,-60.90553138756667,93.30432466024675,96.69123679303925,7.540000000096438,4.259040000000212,433.0,349.0,0.0,0.0,42.0,33.0,0.0,1.0,5.0,5.0,6.0,11.0,-4.0699999999999985,-8.429999999999998,-99.24599999999036,-99.57409599999998,1,1
0.01,1.0,1440,1,30,30,0,0,150,8.0,8,15,5,0.01,1,inc_every1,7.540000000097395,4.2590400000006845,-40.38698508797059,-60.90553138756667,93.30432466024675,96.69123679303925,7.540000000096438,4.259040000000212,433.0,349.0,0.0,0.0,42.0,33.0,0.0,1.0,5.0,5.0,0.0,0.0,-4.0699999999999985,-8.429999999999998,-99.24599999999036,-99.57409599999998,1,1
0.01,1.0,1440,1,30,30,0,0,150,8.0,5,15,5,0.01,3,inc_every3,7.540000000097395,4.2590400000006845,-40.38698508797059,-60.90553138756667,93.30432466024675,96.69123679303925,7.540000000096438,4.259040000000212,433.0,349.0,0.0,0.0,42.0,33.0,0.0,1.0,5.0,5.0,6.0,11.0,-4.0699999999999985,-8.429999999999998,-99.24599999999036,-99.57409599999998,1,1
0.01,1.0,1440,1,30,30,0,0,150,8.0,18,15,99,0.0,1,flat,7.540000000097395,4.2590400000006845,-40.38698508797059,-60.90553138756667,93.30432466024675,96.69123679303925,7.540000000096438,4.259040000000212,433.0,349.0,0.0,0.0,42.0,33.0,0.0,1.0,5.0,5.0,0.0,0.0,-4.0699999999999985,-8.429999999999998,-99.24599999999036,-99.57409599999998,1,1
0.01,1.0,1440,1,30,30,0,0,150,8.0,12,15,99,0.0,1,flat,7.540000000097395,4.2590400000006845,-40.38698508797059,-60.90553138756667,93.30432466024675,96.69123679303925,7.540000000096438,4.259040000000212,433.0,349.0,0.0,0.0,42.0,33.0,0.0,1.0,5.0,5.0,0.0,0.0,-4.0699999999999985,-8.429999999999998,-99.24599999999036,-99.57409599999998,1,1
0.01,1.0,1440,1,30,30,0,0,150,8.0,18,15,5,0.01,1,inc_every1,7.540000000097395,4.2590400000006845,-40.38698508797059,-60.90553138756667,93.30432466024675,96.69123679303925,7.540000000096438,4.259040000000212,433.0,349.0,0.0,0.0,42.0,33.0,0.0,1.0,5.0,5.0,0.0,0.0,-4.0699999999999985,-8.429999999999998,-99.24599999999036,-99.57409599999998,1,1
0.01,1.0,1440,1,30,30,0,0,150,8.0,8,15,99,0.0,1,flat,7.540000000097395,4.2590400000006845,-40.38698508797059,-60.90553138756667,93.30432466024675,96.69123679303925,7.540000000096438,4.259040000000212,433.0,349.0,0.0,0.0,42.0,33.0,0.0,1.0,5.0,5.0,0.0,0.0,-4.0699999999999985,-8.429999999999998,-99.24599999999036,-99.57409599999998,1,1
0.01,1.0,1440,1,30,30,0,0,150,8.0,8,15,5,0.01,3,inc_every3,7.540000000097395,4.2590400000006845,-40.38698508797059,-60.90553138756667,93.30432466024675,96.69123679303925,7.540000000096438,4.259040000000212,433.0,349.0,0.0,0.0,42.0,33.0,0.0,1.0,5.0,5.0,0.0,0.0,-4.0699999999999985,-8.429999999999998,-99.24599999999036,-99.57409599999998,1,1
0.01,1.0,1440,1,30,30,0,0,150,8.0,5,15,5,0.01,1,inc_every1,7.540000000097395,4.2590400000006845,-40.38698508797059,-60.90553138756667,93.30432466024675,96.69123679303925,7.540000000096438,4.259040000000212,433.0,349.0,0.0,0.0,42.0,33.0,0.0,1.0,5.0,5.0,6.0,11.0,-4.0699999999999985,-8.429999999999998,-99.24599999999036,-99.57409599999998,1,1
0.01,1.0,1440,1,30,30,0,0,150,3.0,3,15,3,0.01,2,inc_every2,7.500000000128102,9.550000000077405,-40.45040719513072,-50.28666192647092,93.21573948428134,90.50884515993243,7.500000000127837,9.550000000076903,798.0,598.0,0.0,0.0,27.0,21.0,0.0,0.0,3.0,3.0,91.0,62.0,-2.43,-4.059999999999997,-99.24999999998721,-99.04499999999231,1,1
0.01,1.0,1440,1,30,30,0,0,150,3.0,3,15,5,0.01,3,inc_every3,7.500000000128102,9.550000000077405,-40.45040719513072,-50.28666192647092,93.21573948428134,90.50884515993243,7.500000000127837,9.550000000076903,798.0,598.0,0.0,0.0,27.0,21.0,0.0,0.0,3.0,3.0,91.0,62.0,-2.43,-4.059999999999997,-99.24999999998721,-99.04499999999231,1,1
0.01,1.0,1440,1,30,30,0,0,150,3.0,3,15,99,0.0,1,flat,7.500000000128102,9.550000000077405,-40.45040719513072,-50.28666192647092,93.21573948428134,90.50884515993243,7.500000000127837,9.550000000076903,798.0,598.0,0.0,0.0,27.0,21.0,0.0,0.0,3.0,3.0,91.0,62.0,-2.43,-4.059999999999997,-99.24999999998721,-99.04499999999231,1,1
0.01,1.0,1440,1,30,30,0,0,150,3.0,3,15,5,0.01,1,inc_every1,7.500000000128102,9.550000000077405,-40.45040719513072,-50.28666192647092,93.21573948428134,90.50884515993243,7.500000000127837,9.550000000076903,798.0,598.0,0.0,0.0,27.0,21.0,0.0,0.0,3.0,3.0,91.0,62.0,-2.43,-4.059999999999997,-99.24999999998721,-99.04499999999231,1,1
0.01,1.0,1440,1,30,30,0,0,100,8.0,5,15,99,0.0,1,flat,7.49000000003381,3.2292600000000693,-40.46630498603504,-63.99655794450283,94.21487603303184,96.8732958946555,7.49000000003381,3.2292599999998632,276.0,114.0,0.0,0.0,33.0,16.0,0.0,1.0,5.0,5.0,44.0,19.0,-1.7900000000000005,-1.3900000000000001,-99.25099999999662,-99.67707400000002,1,1
0.01,1.0,1440,1,30,30,0,0,100,8.0,5,15,5,0.01,3,inc_every3,7.49000000003381,3.2292600000000693,-40.46630498603504,-63.99655794450283,94.21487603303184,96.8732958946555,7.49000000003381,3.2292599999998632,276.0,114.0,0.0,0.0,33.0,16.0,0.0,1.0,5.0,5.0,44.0,19.0,-1.7900000000000005,-1.3900000000000001,-99.25099999999662,-99.67707400000002,1,1
0.01,1.0,1440,1,30,30,0,0,100,8.0,5,15,5,0.01,1,inc_every1,7.49000000003381,3.2292600000000693,-40.46630498603504,-63.99655794450283,94.21487603303184,96.8732958946555,7.49000000003381,3.2292599999998632,276.0,114.0,0.0,0.0,33.0,16.0,0.0,1.0,5.0,5.0,44.0,19.0,-1.7900000000000005,-1.3900000000000001,-99.25099999999662,-99.67707400000002,1,1
0.01,1.0,1440,1,30,30,0,0,300,8.0,3,40,5,0.01,1,inc_every1,7.43000000001917,5.15000000002172,-40.56204989102594,-58.63204584682021,93.70232242751467,95.56836761034273,7.430000000018474,5.1500000000211585,150.0,305.0,0.0,0.0,6.0,10.0,0.0,0.0,3.0,3.0,15.0,30.0,-2.1599999999999997,-13.350000000000001,-99.25699999999816,-99.48499999999788,1,1
0.01,1.0,1440,1,30,30,0,0,300,8.0,3,40,3,0.01,2,inc_every2,7.43000000001917,5.15000000002172,-40.56204989102594,-58.63204584682021,93.70232242751467,95.56836761034273,7.430000000018474,5.1500000000211585,150.0,305.0,0.0,0.0,6.0,10.0,0.0,0.0,3.0,3.0,15.0,30.0,-2.1599999999999997,-13.350000000000001,-99.25699999999816,-99.48499999999788,1,1
0.01,1.0,1440,1,30,30,0,0,300,8.0,3,40,99,0.0,1,flat,7.43000000001917,5.15000000002172,-40.56204989102594,-58.63204584682021,93.70232242751467,95.56836761034273,7.430000000018474,5.1500000000211585,150.0,305.0,0.0,0.0,6.0,10.0,0.0,0.0,3.0,3.0,15.0,30.0,-2.1599999999999997,-13.350000000000001,-99.25699999999816,-99.48499999999788,1,1
0.01,1.0,1440,1,30,30,0,0,300,8.0,3,40,5,0.01,3,inc_every3,7.43000000001917,5.15000000002172,-40.56204989102594,-58.63204584682021,93.70232242751467,95.56836761034273,7.430000000018474,5.1500000000211585,150.0,305.0,0.0,0.0,6.0,10.0,0.0,0.0,3.0,3.0,15.0,30.0,-2.1599999999999997,-13.350000000000001,-99.25699999999816,-99.48499999999788,1,1
0.01,1.0,1440,1,30,30,0,0,200,18.0,5,40,5,0.01,3,inc_every3,7.23000000000993,4.259200000000341,-40.88573230598351,-60.905094352236354,93.65956327281438,97.0489849650115,7.23000000000993,4.2591999999998045,50.0,166.0,0.0,0.0,6.0,15.0,0.0,1.0,5.0,5.0,7.0,25.0,-2.19,-16.250000000000007,-99.276999999999,-99.57408000000002,1,1
0.01,1.0,1440,1,30,30,0,0,200,18.0,5,40,5,0.01,1,inc_every1,7.23000000000993,4.259200000000341,-40.88573230598351,-60.905094352236354,93.65956327281438,97.0489849650115,7.23000000000993,4.2591999999998045,50.0,166.0,0.0,0.0,6.0,15.0,0.0,1.0,5.0,5.0,7.0,25.0,-2.19,-16.250000000000007,-99.276999999999,-99.57408000000002,1,1
0.01,1.0,1440,1,30,30,0,0,200,18.0,5,40,99,0.0,1,flat,7.23000000000993,4.259200000000341,-40.88573230598351,-60.905094352236354,93.65956327281438,97.0489849650115,7.23000000000993,4.2591999999998045,50.0,166.0,0.0,0.0,6.0,15.0,0.0,1.0,5.0,5.0,7.0,25.0,-2.19,-16.250000000000007,-99.276999999999,-99.57408000000002,1,1
0.01,1.0,1440,1,30,30,0,0,150,18.0,3,15,99,0.0,1,flat,7.190000000065519,5.230000000081331,-40.95132638268365,-58.441854650621195,93.98376704872851,95.45123062892907,7.190000000065254,4.990000000065137,177.0,236.0,0.0,0.0,43.0,54.0,0.0,0.0,3.0,3.0,86.0,114.0,-5.21,-17.360000000000017,-99.28099999999347,-99.50099999999348,1,1
0.01,1.0,1440,1,30,30,0,0,150,18.0,3,15,5,0.01,3,inc_every3,7.190000000065519,5.230000000081331,-40.95132638268365,-58.441854650621195,93.98376704872851,95.45123062892907,7.190000000065254,4.990000000065137,177.0,236.0,0.0,0.0,43.0,54.0,0.0,0.0,3.0,3.0,86.0,114.0,-5.21,-17.360000000000017,-99.28099999999347,-99.50099999999348,1,1
0.01,1.0,1440,1,30,30,0,0,150,18.0,3,15,5,0.01,1,inc_every1,7.190000000065519,5.230000000081331,-40.95132638268365,-58.441854650621195,93.98376704872851,95.45123062892907,7.190000000065254,4.990000000065137,177.0,236.0,0.0,0.0,43.0,54.0,0.0,0.0,3.0,3.0,86.0,114.0,-5.21,-17.360000000000017,-99.28099999999347,-99.50099999999348,1,1
0.01,1.0,1440,1,30,30,0,0,150,18.0,3,15,3,0.01,2,inc_every2,7.190000000065519,5.230000000081331,-40.95132638268365,-58.441854650621195,93.98376704872851,95.45123062892907,7.190000000065254,4.990000000065137,177.0,236.0,0.0,0.0,43.0,54.0,0.0,0.0,3.0,3.0,86.0,114.0,-5.21,-17.360000000000017,-99.28099999999347,-99.50099999999348,1,1
0.01,1.0,1440,1,30,30,0,0,300,8.0,12,25,5,0.01,1,inc_every1,7.180000000015259,7.850000000016493,-40.96777049741619,-53.10364069254019,93.30348815518138,92.320485227924,7.180000000014587,7.850000000016166,181.0,213.0,0.0,0.0,11.0,12.0,0.0,0.0,4.0,4.0,0.0,0.0,-1.5800000000000003,-4.969999999999997,-99.28199999999855,-99.21499999999838,1,1
0.01,1.0,1440,1,30,30,0,0,300,8.0,12,25,5,0.01,3,inc_every3,7.180000000015259,7.850000000016493,-40.96777049741619,-53.10364069254019,93.30348815518138,92.320485227924,7.180000000014587,7.850000000016166,181.0,213.0,0.0,0.0,11.0,12.0,0.0,0.0,4.0,4.0,0.0,0.0,-1.5800000000000003,-4.969999999999997,-99.28199999999855,-99.21499999999838,1,1
0.01,1.0,1440,1,30,30,0,0,300,8.0,5,25,5,0.01,3,inc_every3,7.180000000015259,7.850000000016493,-40.96777049741619,-53.10364069254019,93.30348815518138,92.320485227924,7.180000000014587,7.850000000016166,181.0,213.0,0.0,0.0,11.0,12.0,0.0,0.0,4.0,4.0,0.0,0.0,-1.5800000000000003,-4.969999999999997,-99.28199999999855,-99.21499999999838,1,1
0.01,1.0,1440,1,30,30,0,0,300,8.0,5,25,99,0.0,1,flat,7.180000000015259,7.850000000016493,-40.96777049741619,-53.10364069254019,93.30348815518138,92.320485227924,7.180000000014587,7.850000000016166,181.0,213.0,0.0,0.0,11.0,12.0,0.0,0.0,4.0,4.0,0.0,0.0,-1.5800000000000003,-4.969999999999997,-99.28199999999855,-99.21499999999838,1,1
0.01,1.0,1440,1,30,30,0,0,300,8.0,12,25,99,0.0,1,flat,7.180000000015259,7.850000000016493,-40.96777049741619,-53.10364069254019,93.30348815518138,92.320485227924,7.180000000014587,7.850000000016166,181.0,213.0,0.0,0.0,11.0,12.0,0.0,0.0,4.0,4.0,0.0,0.0,-1.5800000000000003,-4.969999999999997,-99.28199999999855,-99.21499999999838,1,1
0.01,1.0,1440,1,30,30,0,0,300,8.0,18,25,5,0.01,1,inc_every1,7.180000000015259,7.850000000016493,-40.96777049741619,-53.10364069254019,93.30348815518138,92.320485227924,7.180000000014587,7.850000000016166,181.0,213.0,0.0,0.0,11.0,12.0,0.0,0.0,4.0,4.0,0.0,0.0,-1.5800000000000003,-4.969999999999997,-99.28199999999855,-99.21499999999838,1,1
0.01,1.0,1440,1,30,30,0,0,300,8.0,18,25,99,0.0,1,flat,7.180000000015259,7.850000000016493,-40.96777049741619,-53.10364069254019,93.30348815518138,92.320485227924,7.180000000014587,7.850000000016166,181.0,213.0,0.0,0.0,11.0,12.0,0.0,0.0,4.0,4.0,0.0,0.0,-1.5800000000000003,-4.969999999999997,-99.28199999999855,-99.21499999999838,1,1
0.01,1.0,1440,1,30,30,0,0,300,8.0,8,25,5,0.01,1,inc_every1,7.180000000015259,7.850000000016493,-40.96777049741619,-53.10364069254019,93.30348815518138,92.320485227924,7.180000000014587,7.850000000016166,181.0,213.0,0.0,0.0,11.0,12.0,0.0,0.0,4.0,4.0,0.0,0.0,-1.5800000000000003,-4.969999999999997,-99.28199999999855,-99.21499999999838,1,1
0.01,1.0,1440,1,30,30,0,0,300,8.0,5,25,5,0.01,1,inc_every1,7.180000000015259,7.850000000016493,-40.96777049741619,-53.10364069254019,93.30348815518138,92.320485227924,7.180000000014587,7.850000000016166,181.0,213.0,0.0,0.0,11.0,12.0,0.0,0.0,4.0,4.0,0.0,0.0,-1.5800000000000003,-4.969999999999997,-99.28199999999855,-99.21499999999838,1,1
0.01,1.0,1440,1,30,30,0,0,300,8.0,8,25,99,0.0,1,flat,7.180000000015259,7.850000000016493,-40.96777049741619,-53.10364069254019,93.30348815518138,92.320485227924,7.180000000014587,7.850000000016166,181.0,213.0,0.0,0.0,11.0,12.0,0.0,0.0,4.0,4.0,0.0,0.0,-1.5800000000000003,-4.969999999999997,-99.28199999999855,-99.21499999999838,1,1
0.01,1.0,1440,1,30,30,0,0,300,8.0,8,25,5,0.01,3,inc_every3,7.180000000015259,7.850000000016493,-40.96777049741619,-53.10364069254019,93.30348815518138,92.320485227924,7.180000000014587,7.850000000016166,181.0,213.0,0.0,0.0,11.0,12.0,0.0,0.0,4.0,4.0,0.0,0.0,-1.5800000000000003,-4.969999999999997,-99.28199999999855,-99.21499999999838,1,1
0.01,1.0,1440,1,30,30,0,0,300,8.0,18,25,5,0.01,3,inc_every3,7.180000000015259,7.850000000016493,-40.96777049741619,-53.10364069254019,93.30348815518138,92.320485227924,7.180000000014587,7.850000000016166,181.0,213.0,0.0,0.0,11.0,12.0,0.0,0.0,4.0,4.0,0.0,0.0,-1.5800000000000003,-4.969999999999997,-99.28199999999855,-99.21499999999838,1,1
0.01,1.0,1440,1,30,30,0,0,50,5.3,18,15,5,0.01,1,inc_every1,7.170000000046258,5.381500000000916,-40.98423294164771,-58.08720727916481,94.08708560115105,94.66755846214805,7.170000000044606,5.3815000000002655,230.0,156.0,0.0,0.0,25.0,18.0,0.0,1.0,7.0,7.0,0.0,0.0,-0.44,-0.68,-99.28299999999554,-99.46184999999997,1,1
0.01,1.0,1440,1,30,30,0,0,50,5.3,12,15,5,0.01,1,inc_every1,7.170000000046258,5.381500000000916,-40.98423294164771,-58.08720727916481,94.08708560115105,94.66755846214805,7.170000000044606,5.3815000000002655,230.0,156.0,0.0,0.0,25.0,18.0,0.0,1.0,7.0,7.0,0.0,0.0,-0.44,-0.68,-99.28299999999554,-99.46184999999997,1,1
0.01,1.0,1440,1,30,30,0,0,50,5.3,8,15,5,0.01,1,inc_every1,7.170000000046258,5.381500000000916,-40.98423294164771,-58.08720727916481,94.08708560115105,94.66755846214805,7.170000000044606,5.3815000000002655,230.0,156.0,0.0,0.0,25.0,18.0,0.0,1.0,7.0,7.0,0.0,0.0,-0.44,-0.68,-99.28299999999554,-99.46184999999997,1,1
0.01,1.0,1440,1,30,30,0,0,50,18.0,18,0,3,0.01,2,inc_every2,8.994790000000354,7.276360000001418,-38.24471747031741,-54.15073785657771,96.352451905903,93.62561541830847,7.148100000002387,7.276360000001269,33.0,9.0,0.0,0.0,0.0,0.0,6.0,3.0,13.0,11.0,0.0,0.0,-1.62,0.0,-99.28518999999976,-99.27236399999987,1,1
0.01,1.0,1440,1,30,30,0,0,75,5.3,3,15,5,0.01,1,inc_every1,7.480000000136039,3.8200000000441303,-40.482219763468386,-62.15092137329366,93.98787470517583,96.68747832115598,7.140000000134737,3.820000000043379,565.0,239.0,0.0,0.0,40.0,20.0,0.0,0.0,3.0,3.0,178.0,73.0,-3.299999999999999,-2.78,-99.28599999998653,-99.61799999999566,1,1
0.01,1.0,1440,1,30,30,0,0,75,5.3,3,15,3,0.01,2,inc_every2,7.480000000136039,3.8200000000441303,-40.482219763468386,-62.15092137329366,93.98787470517583,96.68747832115598,7.140000000134737,3.820000000043379,565.0,239.0,0.0,0.0,40.0,20.0,0.0,0.0,3.0,3.0,178.0,73.0,-3.299999999999999,-2.78,-99.28599999998653,-99.61799999999566,1,1
0.01,1.0,1440,1,30,30,0,0,75,5.3,3,15,99,0.0,1,flat,7.480000000136039,3.8200000000441303,-40.482219763468386,-62.15092137329366,93.98787470517583,96.68747832115598,7.140000000134737,3.820000000043379,565.0,239.0,0.0,0.0,40.0,20.0,0.0,0.0,3.0,3.0,178.0,73.0,-3.299999999999999,-2.78,-99.28599999998653,-99.61799999999566,1,1
0.01,1.0,1440,1,30,30,0,0,75,5.3,3,15,5,0.01,3,inc_every3,7.480000000136039,3.8200000000441303,-40.482219763468386,-62.15092137329366,93.98787470517583,96.68747832115598,7.140000000134737,3.820000000043379,565.0,239.0,0.0,0.0,40.0,20.0,0.0,0.0,3.0,3.0,178.0,73.0,-3.299999999999999,-2.78,-99.28599999998653,-99.61799999999566,1,1
0.01,1.0,1440,1,30,30,0,0,100,12.0,3,15,99,0.0,1,flat,8.540000000086161,3.231540000000864,-38.88260878215482,-63.988995418270214,94.20783645650181,97.4399588053554,7.140000000070813,3.2315400000000363,643.0,178.0,0.0,0.0,101.0,31.0,0.0,1.0,3.0,3.0,293.0,83.0,-12.46,-5.9499999999999975,-99.28599999999292,-99.676846,1,1
0.01,1.0,1440,1,30,30,0,0,100,12.0,3,15,3,0.01,2,inc_every2,8.540000000086161,3.231540000000864,-38.88260878215482,-63.988995418270214,94.20783645650181,97.4399588053554,7.140000000070813,3.2315400000000363,643.0,178.0,0.0,0.0,101.0,31.0,0.0,1.0,3.0,3.0,293.0,83.0,-12.46,-5.9499999999999975,-99.28599999999292,-99.676846,1,1
0.01,1.0,1440,1,30,30,0,0,100,12.0,3,15,5,0.01,3,inc_every3,8.540000000086161,3.231540000000864,-38.88260878215482,-63.988995418270214,94.20783645650181,97.4399588053554,7.140000000070813,3.2315400000000363,643.0,178.0,0.0,0.0,101.0,31.0,0.0,1.0,3.0,3.0,293.0,83.0,-12.46,-5.9499999999999975,-99.28599999999292,-99.676846,1,1
0.01,1.0,1440,1,30,30,0,0,100,12.0,3,15,5,0.01,1,inc_every1,8.540000000086161,3.231540000000864,-38.88260878215482,-63.988995418270214,94.20783645650181,97.4399588053554,7.140000000070813,3.2315400000000363,643.0,178.0,0.0,0.0,101.0,31.0,0.0,1.0,3.0,3.0,293.0,83.0,-12.46,-5.9499999999999975,-99.28599999999292,-99.676846,1,1
0.01,1.0,1440,1,30,30,0,0,300,3.0,5,15,3,0.01,2,inc_every2,7.320000000032502,4.670000000040199,-40.73920026337876,-59.81907667393638,93.1989683828158,95.32999999996007,7.120000000030249,4.670000000039934,310.0,605.0,0.0,0.0,13.0,20.0,0.0,0.0,3.0,3.0,0.0,0.0,-0.6400000000000001,-5.539999999999995,-99.28799999999697,-99.53299999999601,1,1
0.01,1.0,1440,1,30,30,0,0,300,3.0,5,15,5,0.01,1,inc_every1,7.320000000032502,4.670000000040199,-40.73920026337876,-59.81907667393638,93.1989683828158,95.32999999996007,7.120000000030249,4.670000000039934,310.0,605.0,0.0,0.0,13.0,20.0,0.0,0.0,3.0,3.0,0.0,0.0,-0.6400000000000001,-5.539999999999995,-99.28799999999697,-99.53299999999601,1,1
0.01,1.0,1440,1,30,30,0,0,300,3.0,8,15,99,0.0,1,flat,7.320000000032502,4.670000000040199,-40.73920026337876,-59.81907667393638,93.1989683828158,95.32999999996007,7.120000000030249,4.670000000039934,310.0,605.0,0.0,0.0,13.0,20.0,0.0,0.0,3.0,3.0,0.0,0.0,-0.6400000000000001,-5.539999999999995,-99.28799999999697,-99.53299999999601,1,1
0.01,1.0,1440,1,30,30,0,0,300,3.0,3,15,5,0.01,1,inc_every1,7.320000000032502,4.670000000040199,-40.73920026337876,-59.81907667393638,93.1989683828158,95.32999999996007,7.120000000030249,4.670000000039934,310.0,605.0,0.0,0.0,13.0,20.0,0.0,0.0,3.0,3.0,15.0,31.0,-0.6400000000000001,-5.539999999999995,-99.28799999999697,-99.53299999999601,1,1
0.01,1.0,1440,1,30,30,0,0,300,3.0,8,15,5,0.01,1,inc_every1,7.320000000032502,4.670000000040199,-40.73920026337876,-59.81907667393638,93.1989683828158,95.32999999996007,7.120000000030249,4.670000000039934,310.0,605.0,0.0,0.0,13.0,20.0,0.0,0.0,3.0,3.0,0.0,0.0,-0.6400000000000001,-5.539999999999995,-99.28799999999697,-99.53299999999601,1,1
0.01,1.0,1440,1,30,30,0,0,300,3.0,8,15,5,0.01,3,inc_every3,7.320000000032502,4.670000000040199,-40.73920026337876,-59.81907667393638,93.1989683828158,95.32999999996007,7.120000000030249,4.670000000039934,310.0,605.0,0.0,0.0,13.0,20.0,0.0,0.0,3.0,3.0,0.0,0.0,-0.6400000000000001,-5.539999999999995,-99.28799999999697,-99.53299999999601,1,1
0.01,1.0,1440,1,30,30,0,0,300,3.0,8,15,3,0.01,2,inc_every2,7.320000000032502,4.670000000040199,-40.73920026337876,-59.81907667393638,93.1989683828158,95.32999999996007,7.120000000030249,4.670000000039934,310.0,605.0,0.0,0.0,13.0,20.0,0.0,0.0,3.0,3.0,0.0,0.0,-0.6400000000000001,-5.539999999999995,-99.28799999999697,-99.53299999999601,1,1
0.01,1.0,1440,1,30,30,0,0,300,3.0,5,15,99,0.0,1,flat,7.320000000032502,4.670000000040199,-40.73920026337876,-59.81907667393638,93.1989683828158,95.32999999996007,7.120000000030249,4.670000000039934,310.0,605.0,0.0,0.0,13.0,20.0,0.0,0.0,3.0,3.0,0.0,0.0,-0.6400000000000001,-5.539999999999995,-99.28799999999697,-99.53299999999601,1,1
0.01,1.0,1440,1,30,30,0,0,300,3.0,5,15,5,0.01,3,inc_every3,7.320000000032502,4.670000000040199,-40.73920026337876,-59.81907667393638,93.1989683828158,95.32999999996007,7.120000000030249,4.670000000039934,310.0,605.0,0.0,0.0,13.0,20.0,0.0,0.0,3.0,3.0,0.0,0.0,-0.6400000000000001,-5.539999999999995,-99.28799999999697,-99.53299999999601,1,1
0.01,1.0,1440,1,30,30,0,0,300,3.0,3,15,3,0.01,2,inc_every2,7.320000000032502,4.670000000040199,-40.73920026337876,-59.81907667393638,93.1989683828158,95.32999999996007,7.120000000030249,4.670000000039934,310.0,605.0,0.0,0.0,13.0,20.0,0.0,0.0,3.0,3.0,15.0,31.0,-0.6400000000000001,-5.539999999999995,-99.28799999999697,-99.53299999999601,1,1
0.01,1.0,1440,1,30,30,0,0,300,3.0,3,15,5,0.01,3,inc_every3,7.320000000032502,4.670000000040199,-40.73920026337876,-59.81907667393638,93.1989683828158,95.32999999996007,7.120000000030249,4.670000000039934,310.0,605.0,0.0,0.0,13.0,20.0,0.0,0.0,3.0,3.0,15.0,31.0,-0.6400000000000001,-5.539999999999995,-99.28799999999697,-99.53299999999601,1,1
0.01,1.0,1440,1,30,30,0,0,300,3.0,12,15,5,0.01,1,inc_every1,7.320000000032502,4.670000000040199,-40.73920026337876,-59.81907667393638,93.1989683828158,95.32999999996007,7.120000000030249,4.670000000039934,310.0,605.0,0.0,0.0,13.0,20.0,0.0,0.0,3.0,3.0,0.0,0.0,-0.6400000000000001,-5.539999999999995,-99.28799999999697,-99.53299999999601,1,1
0.01,1.0,1440,1,30,30,0,0,300,3.0,3,15,99,0.0,1,flat,7.320000000032502,4.670000000040199,-40.73920026337876,-59.81907667393638,93.1989683828158,95.32999999996007,7.120000000030249,4.670000000039934,310.0,605.0,0.0,0.0,13.0,20.0,0.0,0.0,3.0,3.0,15.0,31.0,-0.6400000000000001,-5.539999999999995,-99.28799999999697,-99.53299999999601,1,1
0.01,1.0,1440,1,30,30,0,0,300,3.0,12,15,5,0.01,3,inc_every3,7.320000000032502,4.670000000040199,-40.73920026337876,-59.81907667393638,93.1989683828158,95.32999999996007,7.120000000030249,4.670000000039934,310.0,605.0,0.0,0.0,13.0,20.0,0.0,0.0,3.0,3.0,0.0,0.0,-0.6400000000000001,-5.539999999999995,-99.28799999999697,-99.53299999999601,1,1
0.01,1.0,1440,1,30,30,0,0,300,3.0,18,15,5,0.01,1,inc_every1,7.320000000032502,4.670000000040199,-40.73920026337876,-59.81907667393638,93.1989683828158,95.32999999996007,7.120000000030249,4.670000000039934,310.0,605.0,0.0,0.0,13.0,20.0,0.0,0.0,3.0,3.0,0.0,0.0,-0.6400000000000001,-5.539999999999995,-99.28799999999697,-99.53299999999601,1,1
0.01,1.0,1440,1,30,30,0,0,300,3.0,18,15,3,0.01,2,inc_every2,7.320000000032502,4.670000000040199,-40.73920026337876,-59.81907667393638,93.1989683828158,95.32999999996007,7.120000000030249,4.670000000039934,310.0,605.0,0.0,0.0,13.0,20.0,0.0,0.0,3.0,3.0,0.0,0.0,-0.6400000000000001,-5.539999999999995,-99.28799999999697,-99.53299999999601,1,1
0.01,1.0,1440,1,30,30,0,0,300,3.0,18,15,5,0.01,3,inc_every3,7.320000000032502,4.670000000040199,-40.73920026337876,-59.81907667393638,93.1989683828158,95.32999999996007,7.120000000030249,4.670000000039934,310.0,605.0,0.0,0.0,13.0,20.0,0.0,0.0,3.0,3.0,0.0,0.0,-0.6400000000000001,-5.539999999999995,-99.28799999999697,-99.53299999999601,1,1
0.01,1.0,1440,1,30,30,0,0,300,3.0,18,15,99,0.0,1,flat,7.320000000032502,4.670000000040199,-40.73920026337876,-59.81907667393638,93.1989683828158,95.32999999996007,7.120000000030249,4.670000000039934,310.0,605.0,0.0,0.0,13.0,20.0,0.0,0.0,3.0,3.0,0.0,0.0,-0.6400000000000001,-5.539999999999995,-99.28799999999697,-99.53299999999601,1,1
0.01,1.0,1440,1,30,30,0,0,300,3.0,12,15,3,0.01,2,inc_every2,7.320000000032502,4.670000000040199,-40.73920026337876,-59.81907667393638,93.1989683828158,95.32999999996007,7.120000000030249,4.670000000039934,310.0,605.0,0.0,0.0,13.0,20.0,0.0,0.0,3.0,3.0,0.0,0.0,-0.6400000000000001,-5.539999999999995,-99.28799999999697,-99.53299999999601,1,1
0.01,1.0,1440,1,30,30,0,0,300,3.0,12,15,99,0.0,1,flat,7.320000000032502,4.670000000040199,-40.73920026337876,-59.81907667393638,93.1989683828158,95.32999999996007,7.120000000030249,4.670000000039934,310.0,605.0,0.0,0.0,13.0,20.0,0.0,0.0,3.0,3.0,0.0,0.0,-0.6400000000000001,-5.539999999999995,-99.28799999999697,-99.53299999999601,1,1
0.01,1.0,1440,1,30,30,0,0,100,5.3,8,0,5,0.01,1,inc_every1,9.101119999999867,4.162200000000551,-38.099311309453334,-61.17219055934391,94.19696772089611,95.90536153467768,7.119160000004928,4.1622000000002455,69.0,16.0,0.0,0.0,0.0,0.0,2.0,2.0,8.0,8.0,1.0,1.0,-0.5900000000000001,0.0,-99.2880839999995,-99.58377999999998,1,1
0.01,1.0,1440,1,30,30,0,0,200,12.0,18,40,5,0.01,3,inc_every3,10.250000000092484,10.16000000002672,-36.60902803197016,-49.362196532420846,93.9238653000838,90.51708045545517,7.110000000006099,10.16000000002672,402.0,166.0,0.0,0.0,23.0,10.0,0.0,0.0,6.0,6.0,0.0,0.0,-14.000000000000002,-6.8199999999999985,-99.28899999999939,-98.98399999999732,1,1
0.01,1.0,1440,1,30,30,0,0,200,12.0,18,40,5,0.01,1,inc_every1,10.250000000092484,10.16000000002672,-36.60902803197016,-49.362196532420846,93.9238653000838,90.51708045545517,7.110000000006099,10.16000000002672,402.0,166.0,0.0,0.0,23.0,10.0,0.0,0.0,6.0,6.0,0.0,0.0,-14.000000000000002,-6.8199999999999985,-99.28899999999939,-98.98399999999732,1,1
0.01,1.0,1440,1,30,30,0,0,200,12.0,12,40,5,0.01,3,inc_every3,10.250000000092484,10.16000000002672,-36.60902803197016,-49.362196532420846,93.9238653000838,90.51708045545517,7.110000000006099,10.16000000002672,402.0,166.0,0.0,0.0,23.0,10.0,0.0,0.0,6.0,6.0,0.0,0.0,-14.000000000000002,-6.8199999999999985,-99.28899999999939,-98.98399999999732,1,1
0.01,1.0,1440,1,30,30,0,0,200,12.0,8,40,5,0.01,3,inc_every3,10.250000000092484,10.16000000002672,-36.60902803197016,-49.362196532420846,93.9238653000838,90.51708045545517,7.110000000006099,10.16000000002672,402.0,166.0,0.0,0.0,23.0,10.0,0.0,0.0,6.0,6.0,0.0,0.0,-14.000000000000002,-6.8199999999999985,-99.28899999999939,-98.98399999999732,1,1
0.01,1.0,1440,1,30,30,0,0,200,12.0,8,40,5,0.01,1,inc_every1,10.250000000092484,10.16000000002672,-36.60902803197016,-49.362196532420846,93.9238653000838,90.51708045545517,7.110000000006099,10.16000000002672,402.0,166.0,0.0,0.0,23.0,10.0,0.0,0.0,6.0,6.0,0.0,0.0,-14.000000000000002,-6.8199999999999985,-99.28899999999939,-98.98399999999732,1,1
0.01,1.0,1440,1,30,30,0,0,200,12.0,12,40,5,0.01,1,inc_every1,10.250000000092484,10.16000000002672,-36.60902803197016,-49.362196532420846,93.9238653000838,90.51708045545517,7.110000000006099,10.16000000002672,402.0,166.0,0.0,0.0,23.0,10.0,0.0,0.0,6.0,6.0,0.0,0.0,-14.000000000000002,-6.8199999999999985,-99.28899999999939,-98.98399999999732,1,1
0.01,1.0,1440,1,30,30,0,0,75,18.0,8,0,5,0.01,1,inc_every1,9.10979999999963,4.160240000000117,-38.08750151594179,-61.17763240921113,94.78549977918638,96.11228857116153,7.084419999997891,4.160240000000117,19.0,8.0,0.0,0.0,0.0,0.0,2.0,2.0,8.0,8.0,1.0,1.0,-0.5700000000000001,0.0,-99.29155800000021,-99.58397599999999,1,1
0.01,1.0,1440,1,30,30,0,0,75,8.0,8,25,5,0.01,1,inc_every1,8.14156000000074,7.5000000000357545,-39.46419835512284,-53.73584703080727,95.79531222034733,92.74871894031264,7.050000000145154,7.500000000034866,330.0,98.0,0.0,0.0,28.0,10.0,1.0,0.0,8.0,8.0,25.0,5.0,-2.64,-1.6900000000000002,-99.29499999998548,-99.24999999999652,1,1
0.01,1.0,1440,1,30,30,0,0,75,8.0,12,25,5,0.01,1,inc_every1,8.14156000000074,7.5000000000357545,-39.46419835512284,-53.73584703080727,95.79531222034733,92.74871894031264,7.050000000145154,7.500000000034866,330.0,98.0,0.0,0.0,28.0,10.0,1.0,0.0,8.0,8.0,0.0,0.0,-2.64,-1.6900000000000002,-99.29499999998548,-99.24999999999652,1,1
0.01,1.0,1440,1,30,30,0,0,75,8.0,18,25,5,0.01,1,inc_every1,8.14156000000074,7.5000000000357545,-39.46419835512284,-53.73584703080727,95.79531222034733,92.74871894031264,7.050000000145154,7.500000000034866,330.0,98.0,0.0,0.0,28.0,10.0,1.0,0.0,8.0,8.0,0.0,0.0,-2.64,-1.6900000000000002,-99.29499999998548,-99.24999999999652,1,1
0.01,1.0,1440,1,30,30,0,0,75,3.0,12,0,99,0.0,1,flat,7.814399999999477,3.1201800000002855,-39.959017985263436,-64.36283239460003,93.89534298846507,96.88480431309881,7.039280000001739,3.120180000000264,91.0,25.0,0.0,0.0,0.0,0.0,2.0,2.0,12.0,12.0,1.0,1.0,-0.7200000000000001,0.0,-99.29607199999982,-99.68798199999998,1,1
0.01,1.0,1440,1,30,30,0,0,100,8.0,18,15,99,0.0,1,flat,7.01000000003841,3.229260000000071,-41.25016300715835,-63.99655794450283,94.58394498954014,96.87329589465561,7.01000000003841,3.2292599999997496,275.0,114.0,0.0,0.0,33.0,16.0,0.0,1.0,6.0,6.0,0.0,0.0,-1.7900000000000005,-1.3900000000000001,-99.29899999999616,-99.67707400000002,1,1
0.01,1.0,1440,1,30,30,0,0,100,8.0,12,15,99,0.0,1,flat,7.01000000003841,3.229260000000071,-41.25016300715835,-63.99655794450283,94.58394498954014,96.87329589465561,7.01000000003841,3.2292599999997496,275.0,114.0,0.0,0.0,33.0,16.0,0.0,1.0,6.0,6.0,0.0,0.0,-1.7900000000000005,-1.3900000000000001,-99.29899999999616,-99.67707400000002,1,1
0.01,1.0,1440,1,30,30,0,0,100,8.0,8,15,99,0.0,1,flat,7.01000000003841,3.229260000000071,-41.25016300715835,-63.99655794450283,94.58394498954014,96.87329589465561,7.01000000003841,3.2292599999997496,275.0,114.0,0.0,0.0,33.0,16.0,0.0,1.0,6.0,6.0,0.0,0.0,-1.7900000000000005,-1.3900000000000001,-99.29899999999616,-99.67707400000002,1,1
0.01,1.0,1440,1,30,30,0,0,75,8.0,18,0,99,0.0,1,flat,6.9820800000021706,4.16024000000024,-41.29706426527778,-61.177632409210794,94.39595473151991,95.9777240645851,6.982079999999897,4.160239999999757,86.0,15.0,0.0,0.0,0.0,0.0,4.0,2.0,16.0,15.0,0.0,0.0,-0.7800000000000001,0.0,-99.301792,-99.58397600000002,1,1
0.01,1.0,1440,1,30,30,0,0,50,8.0,5,40,3,0.01,2,inc_every2,9.328759999998933,7.396199999999187,-37.792525582208356,-53.927317566364906,94.99712478430342,93.04541607898672,6.960000000079457,7.396199999999187,429.0,209.0,0.0,0.0,29.0,14.0,1.0,1.0,5.0,5.0,128.0,59.0,-7.950000000000002,-9.16,-99.30399999999206,-99.26038000000008,1,1
0.01,1.0,1440,1,30,30,0,0,75,5.3,5,15,3,0.01,2,inc_every2,6.95000000010598,9.340000000041638,-41.35113925039916,-50.6145086660085,93.91578394458121,92.41312741308991,6.950000000105238,7.860000000039301,325.0,143.0,0.0,0.0,29.0,15.0,0.0,0.0,5.0,5.0,45.0,21.0,-0.8500000000000001,-0.6000000000000001,-99.30499999998948,-99.21399999999608,1,1
0.01,1.0,1440,1,30,30,0,0,200,3.0,5,25,3,0.01,2,inc_every2,6.850000000043522,5.361150000000293,-41.520993328316614,-58.134433588842406,93.75114030282491,94.63885000000028,6.850000000043494,5.361149999999732,430.0,401.0,0.0,0.0,10.0,9.0,0.0,1.0,5.0,5.0,10.0,9.0,-1.1400000000000003,-3.7199999999999984,-99.31499999999565,-99.46388500000003,1,1
0.01,1.0,1440,1,30,30,0,0,200,3.0,18,25,3,0.01,2,inc_every2,6.850000000043522,5.361150000000293,-41.520993328316614,-58.134433588842406,93.75114030282491,94.63885000000028,6.850000000043494,5.361149999999732,430.0,401.0,0.0,0.0,10.0,9.0,0.0,1.0,5.0,5.0,0.0,0.0,-1.1400000000000003,-3.7199999999999984,-99.31499999999565,-99.46388500000003,1,1
0.01,1.0,1440,1,30,30,0,0,200,3.0,8,25,3,0.01,2,inc_every2,6.850000000043522,5.361150000000293,-41.520993328316614,-58.134433588842406,93.75114030282491,94.63885000000028,6.850000000043494,5.361149999999732,430.0,401.0,0.0,0.0,10.0,9.0,0.0,1.0,5.0,5.0,0.0,0.0,-1.1400000000000003,-3.7199999999999984,-99.31499999999565,-99.46388500000003,1,1
0.01,1.0,1440,1,30,30,0,0,200,3.0,12,25,3,0.01,2,inc_every2,6.850000000043522,5.361150000000293,-41.520993328316614,-58.134433588842406,93.75114030282491,94.63885000000028,6.850000000043494,5.361149999999732,430.0,401.0,0.0,0.0,10.0,9.0,0.0,1.0,5.0,5.0,0.0,0.0,-1.1400000000000003,-3.7199999999999984,-99.31499999999565,-99.46388500000003,1,1
0.01,1.0,1440,1,30,30,0,0,75,18.0,5,15,5,0.01,1,inc_every1,6.800000000104056,10.02000000006766,-41.60666524685999,-49.57084783877011,94.8004281999526,94.49242300793121,6.800000000102404,6.760000000065936,155.0,83.0,0.0,0.0,52.0,30.0,0.0,0.0,5.0,5.0,76.0,43.0,-3.72,-3.15,-99.31999999998976,-99.3239999999934,1,1
0.01,1.0,1440,1,30,30,0,0,75,18.0,5,15,99,0.0,1,flat,6.800000000104056,10.02000000006766,-41.60666524685999,-49.57084783877011,94.8004281999526,94.49242300793121,6.800000000102404,6.760000000065936,155.0,83.0,0.0,0.0,52.0,30.0,0.0,0.0,5.0,5.0,76.0,43.0,-3.72,-3.15,-99.31999999998976,-99.3239999999934,1,1
0.01,1.0,1440,1,30,30,0,0,75,18.0,5,15,5,0.01,3,inc_every3,6.800000000104056,10.02000000006766,-41.60666524685999,-49.57084783877011,94.8004281999526,94.49242300793121,6.800000000102404,6.760000000065936,155.0,83.0,0.0,0.0,52.0,30.0,0.0,0.0,5.0,5.0,76.0,43.0,-3.72,-3.15,-99.31999999998976,-99.3239999999934,1,1
0.01,1.0,1440,1,30,30,0,0,100,18.0,3,40,99,0.0,1,flat,6.790000000030652,3.5112000000004784,-41.623860060726145,-63.08850032028441,94.93132278289823,96.68754716981098,6.790000000030169,3.5112000000003434,229.0,234.0,0.0,0.0,23.0,23.0,0.0,1.0,3.0,3.0,118.0,123.0,-12.430000000000001,-39.24000000000012,-99.32099999999699,-99.64887999999996,1,1
0.01,1.0,1440,1,30,30,0,0,100,18.0,3,40,3,0.01,2,inc_every2,6.790000000030652,3.5112000000004784,-41.623860060726145,-63.08850032028441,94.93132278289823,96.68754716981098,6.790000000030169,3.5112000000003434,229.0,234.0,0.0,0.0,23.0,23.0,0.0,1.0,3.0,3.0,118.0,123.0,-12.430000000000001,-39.24000000000012,-99.32099999999699,-99.64887999999996,1,1
0.01,1.0,1440,1,30,30,0,0,100,18.0,3,40,5,0.01,1,inc_every1,6.790000000030652,3.5112000000004784,-41.623860060726145,-63.08850032028441,94.93132278289823,96.68754716981098,6.790000000030169,3.5112000000003434,229.0,234.0,0.0,0.0,23.0,23.0,0.0,1.0,3.0,3.0,118.0,123.0,-12.430000000000001,-39.24000000000012,-99.32099999999699,-99.64887999999996,1,1
0.01,1.0,1440,1,30,30,0,0,100,18.0,3,40,5,0.01,3,inc_every3,6.790000000030652,3.5112000000004784,-41.623860060726145,-63.08850032028441,94.93132278289823,96.68754716981098,6.790000000030169,3.5112000000003434,229.0,234.0,0.0,0.0,23.0,23.0,0.0,1.0,3.0,3.0,118.0,123.0,-12.430000000000001,-39.24000000000012,-99.32099999999699,-99.64887999999996,1,1
0.01,1.0,1440,1,30,30,0,0,75,18.0,5,15,3,0.01,2,inc_every2,6.720000000057359,7.780000000065444,-41.74479428934787,-53.2284741855313,94.48954489540237,92.93946819124783,6.7200000000570945,7.780000000065179,64.0,82.0,0.0,0.0,25.0,34.0,0.0,0.0,5.0,5.0,27.0,45.0,-0.8600000000000001,-3.96,-99.32799999999429,-99.22199999999349,1,1
0.01,1.0,1440,1,30,30,0,0,100,8.0,5,0,5,0.01,1,inc_every1,6.712250000000438,5.583900000001506,-41.758245306006245,-57.62418855760689,94.6426291004872,95.52930344275475,6.712249999999756,5.583900000000256,172.0,205.0,2.0,2.0,0.0,0.0,1.0,1.0,5.0,5.0,24.0,26.0,-19.400000000000016,-47.79999999999998,-99.32877500000002,-99.44160999999997,1,1
0.01,1.0,1440,1,30,30,0,0,100,8.0,5,0,5,0.01,3,inc_every3,6.712250000000438,5.583900000001506,-41.758245306006245,-57.62418855760689,94.6426291004872,95.52930344275475,6.712249999999756,5.583900000000256,172.0,205.0,2.0,2.0,0.0,0.0,1.0,1.0,5.0,5.0,24.0,26.0,-19.400000000000016,-47.79999999999998,-99.32877500000002,-99.44160999999997,1,1
0.01,1.0,1440,1,30,30,0,0,100,8.0,5,0,99,0.0,1,flat,6.712250000000438,5.583900000001506,-41.758245306006245,-57.62418855760689,94.6426291004872,95.52930344275475,6.712249999999756,5.583900000000256,172.0,205.0,2.0,2.0,0.0,0.0,1.0,1.0,5.0,5.0,24.0,26.0,-19.400000000000016,-47.79999999999998,-99.32877500000002,-99.44160999999997,1,1
0.01,1.0,1440,1,30,30,0,0,50,18.0,5,40,5,0.01,1,inc_every1,6.702950000000381,5.587599999999377,-41.77440293363113,-57.61583484026116,94.78085338316635,95.97522149391429,6.702949999999763,5.587599999999377,165.0,263.0,0.0,0.0,26.0,40.0,1.0,1.0,5.0,5.0,93.0,138.0,-8.07,-39.040000000000035,-99.32970500000002,-99.44124000000006,1,1
0.01,1.0,1440,1,30,30,0,0,50,18.0,5,40,5,0.01,3,inc_every3,6.702950000000381,5.587599999999377,-41.77440293363113,-57.61583484026116,94.78085338316635,95.97522149391429,6.702949999999763,5.587599999999377,165.0,263.0,0.0,0.0,26.0,40.0,1.0,1.0,5.0,5.0,93.0,138.0,-8.07,-39.040000000000035,-99.32970500000002,-99.44124000000006,1,1
0.01,1.0,1440,1,30,30,0,0,50,18.0,5,40,99,0.0,1,flat,6.702950000000381,5.587599999999377,-41.77440293363113,-57.61583484026116,94.78085338316635,95.97522149391429,6.702949999999763,5.587599999999377,165.0,263.0,0.0,0.0,26.0,40.0,1.0,1.0,5.0,5.0,93.0,138.0,-8.07,-39.040000000000035,-99.32970500000002,-99.44124000000006,1,1
0.01,1.0,1440,1,30,30,0,0,150,3.0,5,25,3,0.01,2,inc_every2,6.6939500000008465,9.570000000076575,-41.790056429801595,-50.255703485777694,95.05470596927287,90.42999999992342,6.693950000000047,9.570000000076575,1133.0,442.0,0.0,0.0,22.0,11.0,1.0,0.0,5.0,5.0,35.0,15.0,-3.2499999999999996,-3.13,-99.33060499999999,-99.04299999999235,1,1
0.01,1.0,1440,1,30,30,0,0,150,3.0,8,25,3,0.01,2,inc_every2,6.6939500000008465,9.570000000076575,-41.790056429801595,-50.255703485777694,95.05470596927287,90.42999999992342,6.693950000000047,9.570000000076575,1133.0,442.0,0.0,0.0,22.0,11.0,1.0,0.0,5.0,5.0,0.0,0.0,-3.2499999999999996,-3.13,-99.33060499999999,-99.04299999999235,1,1
0.01,1.0,1440,1,30,30,0,0,150,3.0,12,25,3,0.01,2,inc_every2,6.6939500000008465,9.570000000076575,-41.790056429801595,-50.255703485777694,95.05470596927287,90.42999999992342,6.693950000000047,9.570000000076575,1133.0,442.0,0.0,0.0,22.0,11.0,1.0,0.0,5.0,5.0,0.0,0.0,-3.2499999999999996,-3.13,-99.33060499999999,-99.04299999999235,1,1
0.01,1.0,1440,1,30,30,0,0,150,3.0,18,25,3,0.01,2,inc_every2,6.6939500000008465,9.570000000076575,-41.790056429801595,-50.255703485777694,95.05470596927287,90.42999999992342,6.693950000000047,9.570000000076575,1133.0,442.0,0.0,0.0,22.0,11.0,1.0,0.0,5.0,5.0,0.0,0.0,-3.2499999999999996,-3.13,-99.33060499999999,-99.04299999999235,1,1
0.01,1.0,1440,1,30,30,0,0,75,8.0,18,40,3,0.01,2,inc_every2,6.686900000001188,5.296400000000407,-41.802330097750165,-58.2855419370466,97.3429888345879,97.51890195343779,6.68689999999976,5.296400000000283,488.0,252.0,0.0,0.0,32.0,16.0,1.0,2.0,8.0,8.0,0.0,0.0,-7.349999999999999,-8.04,-99.33131000000003,-99.47035999999997,1,1
0.01,1.0,1440,1,30,30,0,0,75,8.0,12,40,3,0.01,2,inc_every2,6.686900000001188,5.296400000000407,-41.802330097750165,-58.2855419370466,97.3429888345879,97.51890195343779,6.68689999999976,5.296400000000283,488.0,252.0,0.0,0.0,32.0,16.0,1.0,2.0,8.0,8.0,0.0,0.0,-7.349999999999999,-8.04,-99.33131000000003,-99.47035999999997,1,1
0.01,1.0,1440,1,30,30,0,0,75,8.0,8,40,3,0.01,2,inc_every2,6.686900000001188,5.296400000000407,-41.802330097750165,-58.2855419370466,97.3429888345879,97.51890195343779,6.68689999999976,5.296400000000283,488.0,252.0,0.0,0.0,32.0,16.0,1.0,2.0,8.0,8.0,39.0,18.0,-7.349999999999999,-8.04,-99.33131000000003,-99.47035999999997,1,1
0.01,1.0,1440,1,30,30,0,0,75,8.0,8,40,5,0.01,1,inc_every1,6.680700000000151,5.372600000000215,-41.81313251860931,-58.1078460762074,97.60968192064426,95.82969805169796,6.680699999999916,5.372599999999689,475.0,120.0,0.0,0.0,29.0,8.0,1.0,1.0,8.0,8.0,46.0,10.0,-8.659999999999998,-2.03,-99.33193000000001,-99.46274000000003,1,1
0.01,1.0,1440,1,30,30,0,0,100,12.0,12,15,5,0.01,3,inc_every3,6.670000000037318,4.302560000000289,-41.83179428217447,-60.787080368442716,94.9894831730493,95.85335389360043,6.670000000037053,4.302560000000259,268.0,72.0,0.0,0.0,49.0,16.0,0.0,1.0,6.0,6.0,0.0,0.0,-3.1599999999999997,-1.1900000000000002,-99.33299999999629,-99.56974399999997,1,1
0.01,1.0,1440,1,30,30,0,0,100,12.0,12,15,5,0.01,1,inc_every1,6.670000000037318,4.302560000000289,-41.83179428217447,-60.787080368442716,94.9894831730493,95.85335389360043,6.670000000037053,4.302560000000259,268.0,72.0,0.0,0.0,49.0,16.0,0.0,1.0,6.0,6.0,0.0,0.0,-3.1599999999999997,-1.1900000000000002,-99.33299999999629,-99.56974399999997,1,1
0.01,1.0,1440,1,30,30,0,0,100,12.0,18,15,5,0.01,3,inc_every3,6.670000000037318,4.302560000000289,-41.83179428217447,-60.787080368442716,94.9894831730493,95.85335389360043,6.670000000037053,4.302560000000259,268.0,72.0,0.0,0.0,49.0,16.0,0.0,1.0,6.0,6.0,0.0,0.0,-3.1599999999999997,-1.1900000000000002,-99.33299999999629,-99.56974399999997,1,1
0.01,1.0,1440,1,30,30,0,0,100,12.0,18,15,5,0.01,1,inc_every1,6.670000000037318,4.302560000000289,-41.83179428217447,-60.787080368442716,94.9894831730493,95.85335389360043,6.670000000037053,4.302560000000259,268.0,72.0,0.0,0.0,49.0,16.0,0.0,1.0,6.0,6.0,0.0,0.0,-3.1599999999999997,-1.1900000000000002,-99.33299999999629,-99.56974399999997,1,1
0.01,1.0,1440,1,30,30,0,0,100,12.0,8,15,5,0.01,1,inc_every1,6.670000000037318,4.302560000000289,-41.83179428217447,-60.787080368442716,94.9894831730493,95.85335389360043,6.670000000037053,4.302560000000259,268.0,72.0,0.0,0.0,49.0,16.0,0.0,1.0,6.0,6.0,0.0,0.0,-3.1599999999999997,-1.1900000000000002,-99.33299999999629,-99.56974399999997,1,1
0.01,1.0,1440,1,30,30,0,0,100,12.0,8,15,5,0.01,3,inc_every3,6.670000000037318,4.302560000000289,-41.83179428217447,-60.787080368442716,94.9894831730493,95.85335389360043,6.670000000037053,4.302560000000259,268.0,72.0,0.0,0.0,49.0,16.0,0.0,1.0,6.0,6.0,0.0,0.0,-3.1599999999999997,-1.1900000000000002,-99.33299999999629,-99.56974399999997,1,1
0.01,1.0,1440,1,30,30,0,0,100,5.3,5,25,5,0.01,1,inc_every1,6.655200000001823,5.402300000000658,-41.857646322636455,-58.039066109188695,94.57515487447016,95.8694854346666,6.65520000000026,5.402300000000174,686.0,550.0,0.0,0.0,28.0,23.0,1.0,1.0,5.0,5.0,71.0,56.0,-5.49,-9.989999999999995,-99.33447999999997,-99.45976999999998,1,1
0.01,1.0,1440,1,30,30,0,0,100,5.3,5,25,99,0.0,1,flat,6.655200000001823,5.402300000000658,-41.857646322636455,-58.039066109188695,94.57515487447016,95.8694854346666,6.65520000000026,5.402300000000174,686.0,550.0,0.0,0.0,28.0,23.0,1.0,1.0,5.0,5.0,71.0,56.0,-5.49,-9.989999999999995,-99.33447999999997,-99.45976999999998,1,1
0.01,1.0,1440,1,30,30,0,0,100,5.3,5,25,5,0.01,3,inc_every3,6.655200000001823,5.402300000000658,-41.857646322636455,-58.039066109188695,94.57515487447016,95.8694854346666,6.65520000000026,5.402300000000174,686.0,550.0,0.0,0.0,28.0,23.0,1.0,1.0,5.0,5.0,71.0,56.0,-5.49,-9.989999999999995,-99.33447999999997,-99.45976999999998,1,1
0.01,1.0,1440,1,30,30,0,0,75,8.0,8,25,99,0.0,1,flat,6.642950000001008,7.452059999999676,-41.87907893264139,-53.82404477964319,96.53579995828423,96.26238338850634,6.6429500000003046,7.452059999999676,570.0,302.0,0.0,0.0,46.0,25.0,1.0,1.0,8.0,8.0,55.0,28.0,-6.78,-10.55,-99.33570499999998,-99.25479400000003,1,1
0.01,1.0,1440,1,30,30,0,0,75,8.0,12,25,99,0.0,1,flat,6.642950000001008,7.452059999999676,-41.87907893264139,-53.82404477964319,96.53579995828423,96.26238338850634,6.6429500000003046,7.452059999999676,570.0,302.0,0.0,0.0,46.0,25.0,1.0,1.0,8.0,8.0,0.0,0.0,-6.78,-10.55,-99.33570499999998,-99.25479400000003,1,1
0.01,1.0,1440,1,30,30,0,0,75,8.0,18,25,99,0.0,1,flat,6.642950000001008,7.452059999999676,-41.87907893264139,-53.82404477964319,96.53579995828423,96.26238338850634,6.6429500000003046,7.452059999999676,570.0,302.0,0.0,0.0,46.0,25.0,1.0,1.0,8.0,8.0,0.0,0.0,-6.78,-10.55,-99.33570499999998,-99.25479400000003,1,1
0.01,1.0,1440,1,30,30,0,0,75,5.3,18,25,5,0.01,1,inc_every1,6.639899999998761,4.291040000000443,-41.88442013014597,-60.81835284283743,95.94930453880174,96.79725332139213,6.639899999998761,4.2910400000000735,737.0,259.0,0.0,0.0,36.0,15.0,1.0,1.0,8.0,8.0,0.0,0.0,-4.269999999999999,-2.1100000000000003,-99.33601000000013,-99.57089599999999,1,1
0.01,1.0,1440,1,30,30,0,0,75,5.3,12,25,5,0.01,1,inc_every1,6.639899999998761,4.291040000000443,-41.88442013014597,-60.81835284283743,95.94930453880174,96.79725332139213,6.639899999998761,4.2910400000000735,737.0,259.0,0.0,0.0,36.0,15.0,1.0,1.0,8.0,8.0,0.0,0.0,-4.269999999999999,-2.1100000000000003,-99.33601000000013,-99.57089599999999,1,1
0.01,1.0,1440,1,30,30,0,0,75,5.3,8,25,5,0.01,1,inc_every1,6.639899999998761,4.291040000000443,-41.88442013014597,-60.81835284283743,95.94930453880174,96.79725332139213,6.639899999998761,4.2910400000000735,737.0,259.0,0.0,0.0,36.0,15.0,1.0,1.0,8.0,8.0,30.0,12.0,-4.269999999999999,-2.1100000000000003,-99.33601000000013,-99.57089599999999,1,1
0.01,1.0,1440,1,30,30,0,0,50,18.0,8,40,5,0.01,1,inc_every1,6.638900000001392,5.293800000001351,-41.88617176963268,-58.29163664314312,97.9539248620829,98.26886854153088,6.638900000001215,5.293799999999916,196.0,107.0,0.0,0.0,46.0,26.0,1.0,1.0,8.0,8.0,76.0,45.0,-7.569999999999999,-8.42,-99.33610999999988,-99.47062000000001,1,1
0.01,1.0,1440,1,30,30,0,0,100,5.3,18,25,3,0.01,2,inc_every2,6.636350000001901,5.379100000001895,-41.890639405766564,-58.09277043508432,96.58974820143915,95.53268000996599,6.636350000000899,5.379100000000307,706.0,217.0,0.0,0.0,32.0,12.0,1.0,1.0,6.0,6.0,0.0,0.0,-4.42,-2.41,-99.33636499999992,-99.46208999999998,1,1
0.01,1.0,1440,1,30,30,0,0,100,5.3,8,25,3,0.01,2,inc_every2,6.636350000001901,5.379100000001895,-41.890639405766564,-58.09277043508432,96.58974820143915,95.53268000996599,6.636350000000899,5.379100000000307,706.0,217.0,0.0,0.0,32.0,12.0,1.0,1.0,6.0,6.0,0.0,0.0,-4.42,-2.41,-99.33636499999992,-99.46208999999998,1,1
0.01,1.0,1440,1,30,30,0,0,100,5.3,12,25,3,0.01,2,inc_every2,6.636350000001901,5.379100000001895,-41.890639405766564,-58.09277043508432,96.58974820143915,95.53268000996599,6.636350000000899,5.379100000000307,706.0,217.0,0.0,0.0,32.0,12.0,1.0,1.0,6.0,6.0,0.0,0.0,-4.42,-2.41,-99.33636499999992,-99.46208999999998,1,1
0.01,1.0,1440,1,30,30,0,0,75,8.0,5,0,99,0.0,1,flat,6.63420000000076,5.860200000001328,-41.89440730330113,-57.0107728222724,94.54827841235944,96.19195529274553,6.634200000000249,5.860200000000987,124.0,341.0,1.0,3.0,0.0,0.0,1.0,1.0,5.0,5.0,19.0,62.0,-13.480000000000006,-72.98999999999984,-99.33657999999997,-99.4139799999999,1,1
0.01,1.0,1440,1,30,30,0,0,75,8.0,5,0,5,0.01,1,inc_every1,6.63420000000076,5.860200000001328,-41.89440730330113,-57.0107728222724,94.54827841235944,96.19195529274553,6.634200000000249,5.860200000000987,124.0,341.0,1.0,3.0,0.0,0.0,1.0,1.0,5.0,5.0,19.0,62.0,-13.480000000000006,-72.98999999999984,-99.33657999999997,-99.4139799999999,1,1
0.01,1.0,1440,1,30,30,0,0,75,8.0,5,0,5,0.01,3,inc_every3,6.63420000000076,5.860200000001328,-41.89440730330113,-57.0107728222724,94.54827841235944,96.19195529274553,6.634200000000249,5.860200000000987,124.0,341.0,1.0,3.0,0.0,0.0,1.0,1.0,5.0,5.0,19.0,62.0,-13.480000000000006,-72.98999999999984,-99.33657999999997,-99.4139799999999,1,1
0.01,1.0,1440,1,30,30,0,0,50,5.3,8,40,5,0.01,3,inc_every3,6.633550000000334,5.381349999999813,-41.89554662739508,-58.087554925350425,96.79259742771674,96.61401245831584,6.633549999999836,5.381349999999795,763.0,265.0,0.0,0.0,32.0,12.0,1.0,1.0,8.0,8.0,82.0,30.0,-7.7299999999999995,-3.400000000000001,-99.33664500000002,-99.46186500000002,1,1
0.01,1.0,1440,1,30,30,0,0,75,5.3,8,40,5,0.01,3,inc_every3,8.257760000000477,7.465220000000041,-39.29227560331542,-53.7997940415732,96.77710480264614,93.16809737348177,6.63014000000099,7.465219999999263,891.0,198.0,0.0,0.0,28.0,6.0,2.0,2.0,8.0,8.0,50.0,9.0,-6.839999999999999,-2.2300000000000004,-99.3369859999999,-99.25347800000007,1,1
0.01,1.0,1440,1,30,30,0,0,50,5.3,12,40,3,0.01,2,inc_every2,6.620950000001102,7.380589999999739,-41.91764964942274,-53.95627490475674,97.66366138537171,93.05813581640395,6.6209500000003665,7.380589999999739,713.0,60.0,0.0,0.0,34.0,4.0,2.0,1.0,9.0,9.0,0.0,0.0,-8.21,-0.66,-99.33790499999996,-99.26194100000002,1,1
0.01,1.0,1440,1,30,30,0,0,50,5.3,18,40,3,0.01,2,inc_every2,6.620950000001102,7.380589999999739,-41.91764964942274,-53.95627490475674,97.66366138537171,93.05813581640395,6.6209500000003665,7.380589999999739,713.0,60.0,0.0,0.0,34.0,4.0,2.0,1.0,9.0,9.0,0.0,0.0,-8.21,-0.66,-99.33790499999996,-99.26194100000002,1,1
0.01,1.0,1440,1,30,30,0,0,50,5.3,5,25,99,0.0,1,flat,6.619200000001321,6.140000000044832,-41.920722174011885,-56.40995388843651,95.64698145468975,94.78467680281724,6.619200000001136,6.140000000044161,581.0,193.0,0.0,0.0,32.0,13.0,1.0,0.0,5.0,5.0,138.0,49.0,-6.609999999999999,-2.0800000000000005,-99.33807999999989,-99.38599999999559,1,1
0.01,1.0,1440,1,30,30,0,0,50,5.3,5,25,5,0.01,3,inc_every3,6.619200000001321,6.140000000044832,-41.920722174011885,-56.40995388843651,95.64698145468975,94.78467680281724,6.619200000001136,6.140000000044161,581.0,193.0,0.0,0.0,32.0,13.0,1.0,0.0,5.0,5.0,138.0,49.0,-6.609999999999999,-2.0800000000000005,-99.33807999999989,-99.38599999999559,1,1
0.01,1.0,1440,1,30,30,0,0,50,5.3,5,25,5,0.01,1,inc_every1,6.619200000001321,6.140000000044832,-41.920722174011885,-56.40995388843651,95.64698145468975,94.78467680281724,6.619200000001136,6.140000000044161,581.0,193.0,0.0,0.0,32.0,13.0,1.0,0.0,5.0,5.0,138.0,49.0,-6.609999999999999,-2.0800000000000005,-99.33807999999989,-99.38599999999559,1,1
0.01,1.0,1440,1,30,30,0,0,50,3.0,5,25,5,0.01,3,inc_every3,6.614650000000466,5.349900000000794,-41.92871377992039,-58.16059556651763,94.83915892954724,94.66610169491514,6.614650000000214,5.349900000000211,725.0,216.0,0.0,0.0,21.0,8.0,1.0,1.0,5.0,5.0,109.0,34.0,-2.9,-1.2100000000000002,-99.33853499999998,-99.46500999999998,1,1
0.01,1.0,1440,1,30,30,0,0,50,3.0,5,25,5,0.01,1,inc_every1,6.614650000000466,5.349900000000794,-41.92871377992039,-58.16059556651763,94.83915892954724,94.66610169491514,6.614650000000214,5.349900000000211,725.0,216.0,0.0,0.0,21.0,8.0,1.0,1.0,5.0,5.0,109.0,34.0,-2.9,-1.2100000000000002,-99.33853499999998,-99.46500999999998,1,1
0.01,1.0,1440,1,30,30,0,0,50,3.0,5,25,99,0.0,1,flat,6.614650000000466,5.349900000000794,-41.92871377992039,-58.16059556651763,94.83915892954724,94.66610169491514,6.614650000000214,5.349900000000211,725.0,216.0,0.0,0.0,21.0,8.0,1.0,1.0,5.0,5.0,109.0,34.0,-2.9,-1.2100000000000002,-99.33853499999998,-99.46500999999998,1,1
0.01,1.0,1440,1,30,30,0,0,75,8.0,5,25,5,0.01,3,inc_every3,6.613800000000133,5.33499999999993,-41.93020720470201,-58.19530520350051,95.16641087481077,95.59854797459049,6.613799999999685,5.3349999999996776,528.0,285.0,0.0,0.0,40.0,23.0,1.0,1.0,5.0,5.0,106.0,66.0,-7.000000000000001,-9.349999999999996,-99.33862000000003,-99.46650000000004,1,1
0.01,1.0,1440,1,30,30,0,0,75,8.0,5,25,5,0.01,1,inc_every1,6.613800000000133,5.33499999999993,-41.93020720470201,-58.19530520350051,95.16641087481077,95.59854797459049,6.613799999999685,5.3349999999996776,528.0,285.0,0.0,0.0,40.0,23.0,1.0,1.0,5.0,5.0,106.0,66.0,-7.000000000000001,-9.349999999999996,-99.33862000000003,-99.46650000000004,1,1
0.01,1.0,1440,1,30,30,0,0,75,8.0,5,25,99,0.0,1,flat,6.613800000000133,5.33499999999993,-41.93020720470201,-58.19530520350051,95.16641087481077,95.59854797459049,6.613799999999685,5.3349999999996776,528.0,285.0,0.0,0.0,40.0,23.0,1.0,1.0,5.0,5.0,106.0,66.0,-7.000000000000001,-9.349999999999996,-99.33862000000003,-99.46650000000004,1,1
0.01,1.0,1440,1,30,30,0,0,150,8.0,12,25,3,0.01,2,inc_every2,6.610850000000237,3.2325600000009356,-41.935391458473035,-63.98561339622374,94.68367511058018,97.78576614836685,6.6108499999996795,3.23256000000052,558.0,507.0,0.0,0.0,35.0,31.0,1.0,1.0,5.0,5.0,0.0,0.0,-6.159999999999998,-14.499999999999998,-99.33891500000003,-99.67674399999994,1,1
0.01,1.0,1440,1,30,30,0,0,150,8.0,8,25,3,0.01,2,inc_every2,6.610850000000237,3.2325600000009356,-41.935391458473035,-63.98561339622374,94.68367511058018,97.78576614836685,6.6108499999996795,3.23256000000052,558.0,507.0,0.0,0.0,35.0,31.0,1.0,1.0,5.0,5.0,0.0,0.0,-6.159999999999998,-14.499999999999998,-99.33891500000003,-99.67674399999994,1,1
0.01,1.0,1440,1,30,30,0,0,150,8.0,5,25,3,0.01,2,inc_every2,6.610850000000237,3.2325600000009356,-41.935391458473035,-63.98561339622374,94.68367511058018,97.78576614836685,6.6108499999996795,3.23256000000052,558.0,507.0,0.0,0.0,35.0,31.0,1.0,1.0,5.0,5.0,53.0,44.0,-6.159999999999998,-14.499999999999998,-99.33891500000003,-99.67674399999994,1,1
0.01,1.0,1440,1,30,30,0,0,150,8.0,18,25,3,0.01,2,inc_every2,6.610850000000237,3.2325600000009356,-41.935391458473035,-63.98561339622374,94.68367511058018,97.78576614836685,6.6108499999996795,3.23256000000052,558.0,507.0,0.0,0.0,35.0,31.0,1.0,1.0,5.0,5.0,0.0,0.0,-6.159999999999998,-14.499999999999998,-99.33891500000003,-99.67674399999994,1,1
0.01,1.0,1440,1,30,30,0,0,100,5.3,8,25,99,0.0,1,flat,6.610400000001601,6.386700000000964,-41.93618243949958,-55.89596630066191,94.61167264427807,94.06495678840302,6.610399999999913,6.386699999999749,563.0,301.0,0.0,0.0,24.0,14.0,1.0,1.0,7.0,7.0,0.0,0.0,-4.04,-4.09,-99.33896000000001,-99.36133000000002,1,1
0.01,1.0,1440,1,30,30,0,0,100,5.3,18,25,99,0.0,1,flat,6.610400000001601,6.386700000000964,-41.93618243949958,-55.89596630066191,94.61167264427807,94.06495678840302,6.610399999999913,6.386699999999749,563.0,301.0,0.0,0.0,24.0,14.0,1.0,1.0,7.0,7.0,0.0,0.0,-4.04,-4.09,-99.33896000000001,-99.36133000000002,1,1
0.01,1.0,1440,1,30,30,0,0,100,5.3,12,25,99,0.0,1,flat,6.610400000001601,6.386700000000964,-41.93618243949958,-55.89596630066191,94.61167264427807,94.06495678840302,6.610399999999913,6.386699999999749,563.0,301.0,0.0,0.0,24.0,14.0,1.0,1.0,7.0,7.0,0.0,0.0,-4.04,-4.09,-99.33896000000001,-99.36133000000002,1,1
0.01,1.0,1440,1,30,30,0,0,100,18.0,18,25,3,0.01,2,inc_every2,6.607649999999746,7.49546000000009,-41.941017148523706,-53.74418250403659,97.04487924865892,95.16580692703391,6.607649999999719,6.560000000015453,275.0,73.0,0.0,0.0,60.0,16.0,1.0,1.0,6.0,6.0,0.0,0.0,-10.070000000000002,-2.8399999999999994,-99.33923500000003,-99.34399999999846,1,1
0.01,1.0,1440,1,30,30,0,0,100,18.0,12,25,3,0.01,2,inc_every2,6.607649999999746,7.49546000000009,-41.941017148523706,-53.74418250403659,97.04487924865892,95.16580692703391,6.607649999999719,6.560000000015453,275.0,73.0,0.0,0.0,60.0,16.0,1.0,1.0,6.0,6.0,0.0,0.0,-10.070000000000002,-2.8399999999999994,-99.33923500000003,-99.34399999999846,1,1
0.01,1.0,1440,1,30,30,0,0,100,18.0,8,25,3,0.01,2,inc_every2,6.607649999999746,7.49546000000009,-41.941017148523706,-53.74418250403659,97.04487924865892,95.16580692703391,6.607649999999719,6.560000000015453,275.0,73.0,0.0,0.0,60.0,16.0,1.0,1.0,6.0,6.0,0.0,0.0,-10.070000000000002,-2.8399999999999994,-99.33923500000003,-99.34399999999846,1,1
0.01,1.0,1440,1,30,30,0,0,100,5.3,18,25,5,0.01,1,inc_every1,6.605700000000898,3.1996200000007065,-41.94444637208409,-64.09521382402163,94.70569848521329,97.09811354979104,6.605700000000898,3.1996200000006656,553.0,277.0,0.0,0.0,24.0,14.0,1.0,1.0,7.0,7.0,0.0,0.0,-4.06,-3.7499999999999996,-99.33942999999991,-99.68003799999994,1,1
0.01,1.0,1440,1,30,30,0,0,100,5.3,8,25,5,0.01,1,inc_every1,6.605700000000898,3.1996200000007065,-41.94444637208409,-64.09521382402163,94.70569848521329,97.09811354979104,6.605700000000898,3.1996200000006656,553.0,277.0,0.0,0.0,24.0,14.0,1.0,1.0,7.0,7.0,0.0,0.0,-4.06,-3.7499999999999996,-99.33942999999991,-99.68003799999994,1,1
0.01,1.0,1440,1,30,30,0,0,100,5.3,12,25,5,0.01,1,inc_every1,6.605700000000898,3.1996200000007065,-41.94444637208409,-64.09521382402163,94.70569848521329,97.09811354979104,6.605700000000898,3.1996200000006656,553.0,277.0,0.0,0.0,24.0,14.0,1.0,1.0,7.0,7.0,0.0,0.0,-4.06,-3.7499999999999996,-99.33942999999991,-99.68003799999994,1,1
0.01,1.0,1440,1,30,30,0,0,75,8.0,8,40,99,0.0,1,flat,6.60550000000131,6.303120000000661,-41.94479813310189,-56.06851403496271,94.98138580763128,95.9368787468608,6.60550000000012,6.3031199999993,241.0,280.0,0.0,0.0,14.0,15.0,1.0,1.0,8.0,8.0,21.0,26.0,-2.42,-9.139999999999999,-99.33944999999999,-99.36968800000007,1,1
0.01,1.0,1440,1,30,30,0,0,75,8.0,12,15,99,0.0,1,flat,6.602500000000379,9.430000000064753,-41.95007557095494,-50.47337537687966,94.70061802712947,90.88272261426646,6.602499999999914,9.430000000064489,242.0,117.0,0.0,0.0,33.0,18.0,1.0,0.0,6.0,6.0,0.0,0.0,-1.3000000000000003,-0.92,-99.33975000000001,-99.05699999999355,1,1
0.01,1.0,1440,1,30,30,0,0,75,8.0,18,15,99,0.0,1,flat,6.602500000000379,9.430000000064753,-41.95007557095494,-50.47337537687966,94.70061802712947,90.88272261426646,6.602499999999914,9.430000000064489,242.0,117.0,0.0,0.0,33.0,18.0,1.0,0.0,6.0,6.0,0.0,0.0,-1.3000000000000003,-0.92,-99.33975000000001,-99.05699999999355,1,1
0.01,1.0,1440,1,30,30,0,0,75,8.0,8,15,99,0.0,1,flat,6.602500000000379,9.430000000064753,-41.95007557095494,-50.47337537687966,94.70061802712947,90.88272261426646,6.602499999999914,9.430000000064489,242.0,117.0,0.0,0.0,33.0,18.0,1.0,0.0,6.0,6.0,0.0,0.0,-1.3000000000000003,-0.92,-99.33975000000001,-99.05699999999355,1,1
0.01,1.0,1440,1,30,30,0,0,100,8.0,5,25,3,0.01,2,inc_every2,6.600900000000678,-31.469999999963903,-41.952890988790216,-99.94670849517411,96.10037218644821,116.24677336084824,6.600899999999719,-31.469999999963903,568.0,503.0,0.0,0.0,42.0,35.0,1.0,1.0,5.0,5.0,82.0,75.0,-7.35,-15.310000000000006,-99.33991000000003,-103.1469999999964,1,1
0.01,1.0,1440,1,30,30,0,0,100,18.0,5,40,3,0.01,2,inc_every2,9.11245999999835,7.432740000001054,-38.08388418749098,-53.859701485039224,94.87498058703864,95.50402855068928,6.600000000011793,7.432740000000699,79.0,146.0,0.0,0.0,11.0,20.0,1.0,1.0,5.0,5.0,22.0,43.0,-1.9500000000000004,-16.560000000000006,-99.33999999999882,-99.25672599999993,1,1
0.01,1.0,1440,1,30,30,0,0,75,8.0,18,25,5,0.01,3,inc_every3,6.599400000001065,5.307199999999817,-41.95553093881047,-58.26024793747949,96.29351305813057,95.05340665486453,6.59940000000044,5.307199999999817,515.0,204.0,0.0,0.0,43.0,18.0,1.0,1.0,8.0,8.0,0.0,0.0,-6.569999999999998,-5.540000000000001,-99.34005999999995,-99.46928000000001,1,1
0.01,1.0,1440,1,30,30,0,0,75,8.0,8,25,5,0.01,3,inc_every3,6.599400000001065,5.307199999999817,-41.95553093881047,-58.26024793747949,96.29351305813057,95.05340665486453,6.59940000000044,5.307199999999817,515.0,204.0,0.0,0.0,43.0,18.0,1.0,1.0,8.0,8.0,43.0,17.0,-6.569999999999998,-5.540000000000001,-99.34005999999995,-99.46928000000001,1,1
0.01,1.0,1440,1,30,30,0,0,75,8.0,12,25,5,0.01,3,inc_every3,6.599400000001065,5.307199999999817,-41.95553093881047,-58.26024793747949,96.29351305813057,95.05340665486453,6.59940000000044,5.307199999999817,515.0,204.0,0.0,0.0,43.0,18.0,1.0,1.0,8.0,8.0,0.0,0.0,-6.569999999999998,-5.540000000000001,-99.34005999999995,-99.46928000000001,1,1
0.01,1.0,1440,1,30,30,0,0,50,8.0,18,15,5,0.01,1,inc_every1,6.593500000000121,5.289950000000918,-41.96591940122653,-58.30066535949279,94.87644727640185,94.7100500000006,6.593499999998976,5.28994999999939,125.0,144.0,0.0,0.0,21.0,25.0,1.0,1.0,7.0,7.0,0.0,0.0,-0.5,-1.3200000000000003,-99.3406500000001,-99.47100500000006,1,1
0.01,1.0,1440,1,30,30,0,0,50,8.0,8,15,5,0.01,1,inc_every1,6.593500000000121,5.289950000000918,-41.96591940122653,-58.30066535949279,94.87644727640185,94.7100500000006,6.593499999998976,5.28994999999939,125.0,144.0,0.0,0.0,21.0,25.0,1.0,1.0,7.0,7.0,0.0,0.0,-0.5,-1.3200000000000003,-99.3406500000001,-99.47100500000006,1,1
0.01,1.0,1440,1,30,30,0,0,50,8.0,12,15,5,0.01,1,inc_every1,6.593500000000121,5.289950000000918,-41.96591940122653,-58.30066535949279,94.87644727640185,94.7100500000006,6.593499999998976,5.28994999999939,125.0,144.0,0.0,0.0,21.0,25.0,1.0,1.0,7.0,7.0,0.0,0.0,-0.5,-1.3200000000000003,-99.3406500000001,-99.47100500000006,1,1
0.01,1.0,1440,1,30,30,0,0,75,18.0,8,40,99,0.0,1,flat,6.591149999999907,5.301800000000686,-41.97005924932272,-58.27289041321562,95.08343279128802,97.56250287343194,6.591149999999665,5.301799999999776,99.0,143.0,0.0,0.0,16.0,22.0,1.0,1.0,8.0,8.0,25.0,33.0,-4.340000000000001,-14.180000000000001,-99.34088500000003,-99.46982000000003,1,1
0.01,1.0,1440,1,30,30,0,0,100,3.0,12,25,99,0.0,1,flat,6.589900000000387,9.59000000002979,-41.97226177722213,-50.22479045790945,96.58536711746869,90.45010953990312,6.5898999999997585,9.590000000029335,1351.0,443.0,0.0,0.0,28.0,12.0,1.0,0.0,7.0,7.0,0.0,0.0,-5.799999999999998,-3.2100000000000004,-99.34101000000003,-99.04099999999707,1,1
0.01,1.0,1440,1,30,30,0,0,100,3.0,18,25,99,0.0,1,flat,6.589900000000387,9.59000000002979,-41.97226177722213,-50.22479045790945,96.58536711746869,90.45010953990312,6.5898999999997585,9.590000000029335,1351.0,443.0,0.0,0.0,28.0,12.0,1.0,0.0,7.0,7.0,0.0,0.0,-5.799999999999998,-3.2100000000000004,-99.34101000000003,-99.04099999999707,1,1
0.01,1.0,1440,1,30,30,0,0,100,3.0,8,25,99,0.0,1,flat,6.589900000000387,9.59000000002979,-41.97226177722213,-50.22479045790945,96.58536711746869,90.45010953990312,6.5898999999997585,9.590000000029335,1351.0,443.0,0.0,0.0,28.0,12.0,1.0,0.0,7.0,7.0,0.0,0.0,-5.799999999999998,-3.2100000000000004,-99.34101000000003,-99.04099999999707,1,1
0.01,1.0,1440,1,30,30,0,0,100,12.0,8,40,5,0.01,3,inc_every3,6.585149999999228,3.1897800000003524,-41.980634432153785,-64.12810787718122,94.8456872260495,98.05025672371659,6.585149999999228,3.189779999999793,138.0,228.0,0.0,0.0,12.0,19.0,1.0,1.0,8.0,8.0,12.0,20.0,-2.5900000000000003,-15.649999999999999,-99.34148500000008,-99.68102200000003,1,1
0.01,1.0,1440,1,30,30,0,0,100,12.0,18,40,5,0.01,3,inc_every3,6.585149999999228,3.1897800000003524,-41.980634432153785,-64.12810787718122,94.8456872260495,98.05025672371659,6.585149999999228,3.189779999999793,138.0,228.0,0.0,0.0,12.0,19.0,1.0,1.0,8.0,8.0,0.0,0.0,-2.5900000000000003,-15.649999999999999,-99.34148500000008,-99.68102200000003,1,1
0.01,1.0,1440,1,30,30,0,0,100,12.0,12,40,5,0.01,3,inc_every3,6.585149999999228,3.1897800000003524,-41.980634432153785,-64.12810787718122,94.8456872260495,98.05025672371659,6.585149999999228,3.189779999999793,138.0,228.0,0.0,0.0,12.0,19.0,1.0,1.0,8.0,8.0,0.0,0.0,-2.5900000000000003,-15.649999999999999,-99.34148500000008,-99.68102200000003,1,1
0.01,1.0,1440,1,30,30,0,0,50,5.3,5,0,99,0.0,1,flat,6.584850000000301,5.608700000000169,-41.981163393577184,-57.568270185784186,94.63861748900896,94.95620503597486,6.584849999999449,5.608699999999942,136.0,281.0,1.0,3.0,0.0,0.0,1.0,1.0,5.0,5.0,28.0,59.0,-9.7,-50.629999999999974,-99.34151500000006,-99.43913,1,1
0.01,1.0,1440,1,30,30,0,0,50,5.3,5,0,5,0.01,3,inc_every3,6.584850000000301,5.608700000000169,-41.981163393577184,-57.568270185784186,94.63861748900896,94.95620503597486,6.584849999999449,5.608699999999942,136.0,281.0,1.0,3.0,0.0,0.0,1.0,1.0,5.0,5.0,28.0,59.0,-9.7,-50.629999999999974,-99.34151500000006,-99.43913,1,1
0.01,1.0,1440,1,30,30,0,0,50,5.3,5,0,5,0.01,1,inc_every1,6.584850000000301,5.608700000000169,-41.981163393577184,-57.568270185784186,94.63861748900896,94.95620503597486,6.584849999999449,5.608699999999942,136.0,281.0,1.0,3.0,0.0,0.0,1.0,1.0,5.0,5.0,28.0,59.0,-9.7,-50.629999999999974,-99.34151500000006,-99.43913,1,1
0.01,1.0,1440,1,30,30,0,0,100,8.0,5,25,5,0.01,1,inc_every1,6.584300000001917,5.445100000000025,-41.9821332062544,-57.94041448725524,94.74475217495387,97.18730306317526,6.58430000000045,5.44509999999984,182.0,483.0,0.0,0.0,14.0,31.0,1.0,1.0,5.0,5.0,30.0,78.0,-1.8600000000000005,-15.209999999999996,-99.34156999999996,-99.45549000000001,1,1
0.01,1.0,1440,1,30,30,0,0,100,8.0,5,25,99,0.0,1,flat,6.584300000001917,5.445100000000025,-41.9821332062544,-57.94041448725524,94.74475217495387,97.18730306317526,6.58430000000045,5.44509999999984,182.0,483.0,0.0,0.0,14.0,31.0,1.0,1.0,5.0,5.0,30.0,78.0,-1.8600000000000005,-15.209999999999996,-99.34156999999996,-99.45549000000001,1,1
0.01,1.0,1440,1,30,30,0,0,100,8.0,5,25,5,0.01,3,inc_every3,6.584300000001917,5.445100000000025,-41.9821332062544,-57.94041448725524,94.74475217495387,97.18730306317526,6.58430000000045,5.44509999999984,182.0,483.0,0.0,0.0,14.0,31.0,1.0,1.0,5.0,5.0,30.0,78.0,-1.8600000000000005,-15.209999999999996,-99.34156999999996,-99.45549000000001,1,1
0.01,1.0,1440,1,30,30,0,0,100,3.0,12,25,5,0.01,3,inc_every3,6.583499999999937,4.305960000000095,-41.983543958563715,-60.77786188743366,95.04515692029962,95.71204939255121,6.583499999999937,4.305960000000095,690.0,363.0,0.0,0.0,16.0,10.0,1.0,1.0,7.0,7.0,0.0,0.0,-1.6800000000000004,-2.6300000000000003,-99.34165,-99.56940399999999,1,1
0.01,1.0,1440,1,30,30,0,0,100,3.0,18,25,5,0.01,3,inc_every3,6.583499999999937,4.305960000000095,-41.983543958563715,-60.77786188743366,95.04515692029962,95.71204939255121,6.583499999999937,4.305960000000095,690.0,363.0,0.0,0.0,16.0,10.0,1.0,1.0,7.0,7.0,0.0,0.0,-1.6800000000000004,-2.6300000000000003,-99.34165,-99.56940399999999,1,1
0.01,1.0,1440,1,30,30,0,0,100,3.0,8,25,5,0.01,3,inc_every3,6.583499999999937,4.305960000000095,-41.983543958563715,-60.77786188743366,95.04515692029962,95.71204939255121,6.583499999999937,4.305960000000095,690.0,363.0,0.0,0.0,16.0,10.0,1.0,1.0,7.0,7.0,0.0,0.0,-1.6800000000000004,-2.6300000000000003,-99.34165,-99.56940399999999,1,1
0.01,1.0,1440,1,30,30,0,0,100,3.0,5,25,5,0.01,3,inc_every3,6.581750000001303,5.3000500000011534,-41.98663045734982,-58.276989452334284,94.30890618244715,94.72211710814553,6.581750000000131,5.300050000000301,454.0,598.0,0.0,0.0,11.0,14.0,1.0,1.0,5.0,5.0,23.0,40.0,-1.17,-5.629999999999997,-99.34182499999999,-99.46999499999997,1,1
0.01,1.0,1440,1,30,30,0,0,100,3.0,5,25,5,0.01,1,inc_every1,6.581750000001303,5.3000500000011534,-41.98663045734982,-58.276989452334284,94.30890618244715,94.72211710814553,6.581750000000131,5.300050000000301,454.0,598.0,0.0,0.0,11.0,14.0,1.0,1.0,5.0,5.0,23.0,40.0,-1.17,-5.629999999999997,-99.34182499999999,-99.46999499999997,1,1
0.01,1.0,1440,1,30,30,0,0,100,3.0,5,25,99,0.0,1,flat,6.581750000001303,5.3000500000011534,-41.98663045734982,-58.276989452334284,94.30890618244715,94.72211710814553,6.581750000000131,5.300050000000301,454.0,598.0,0.0,0.0,11.0,14.0,1.0,1.0,5.0,5.0,23.0,40.0,-1.17,-5.629999999999997,-99.34182499999999,-99.46999499999997,1,1
0.01,1.0,1440,1,30,30,0,0,50,8.0,5,40,99,0.0,1,flat,6.581749999999591,4.237120000000422,-41.98663045735284,-60.96551456337911,95.0613416372785,95.96157072054984,6.581749999999591,4.237119999999704,187.0,216.0,0.0,0.0,11.0,13.0,1.0,1.0,5.0,5.0,53.0,56.0,-2.0700000000000003,-9.57,-99.34182500000004,-99.57628800000003,1,1
0.01,1.0,1440,1,30,30,0,0,50,8.0,5,40,5,0.01,1,inc_every1,6.581749999999591,4.237120000000422,-41.98663045735284,-60.96551456337911,95.0613416372785,95.96157072054984,6.581749999999591,4.237119999999704,187.0,216.0,0.0,0.0,11.0,13.0,1.0,1.0,5.0,5.0,53.0,56.0,-2.0700000000000003,-9.57,-99.34182500000004,-99.57628800000003,1,1
0.01,1.0,1440,1,30,30,0,0,50,8.0,5,40,5,0.01,3,inc_every3,6.581749999999591,4.237120000000422,-41.98663045735284,-60.96551456337911,95.0613416372785,95.96157072054984,6.581749999999591,4.237119999999704,187.0,216.0,0.0,0.0,11.0,13.0,1.0,1.0,5.0,5.0,53.0,56.0,-2.0700000000000003,-9.57,-99.34182500000004,-99.57628800000003,1,1
0.01,1.0,1440,1,30,30,0,0,50,3.0,8,25,99,0.0,1,flat,6.580700000001695,6.414720000000912,-41.98848267172198,-55.838475204400595,95.60818206086513,93.60446660019957,6.580700000001187,6.414719999999935,764.0,306.0,0.0,0.0,23.0,11.0,1.0,1.0,8.0,8.0,38.0,20.0,-3.25,-1.59,-99.34192999999988,-99.358528,1,1
0.01,1.0,1440,1,30,30,0,0,50,3.0,18,25,99,0.0,1,flat,6.579900000001306,5.37140000000068,-41.98989404134713,-58.11063067223904,95.66655690200326,94.644666001994,6.57989999999992,5.371400000000111,754.0,246.0,0.0,0.0,23.0,10.0,1.0,1.0,10.0,10.0,0.0,0.0,-3.63,-0.95,-99.34201,-99.46285999999999,1,1
0.01,1.0,1440,1,30,30,0,0,50,3.0,12,25,99,0.0,1,flat,6.579900000001306,5.37140000000068,-41.98989404134713,-58.11063067223904,95.66655690200326,94.644666001994,6.57989999999992,5.371400000000111,754.0,246.0,0.0,0.0,23.0,10.0,1.0,1.0,10.0,10.0,0.0,0.0,-3.63,-0.95,-99.34201,-99.46285999999999,1,1
0.01,1.0,1440,1,30,30,0,0,75,8.0,12,15,3,0.01,2,inc_every2,6.579100000000668,9.190000000061664,-41.99130554823719,-50.85186872217342,94.50183854253747,92.52168992829307,6.579100000000153,7.930000000038479,210.0,129.0,0.0,0.0,29.0,21.0,1.0,0.0,6.0,6.0,0.0,0.0,-0.9500000000000002,-1.7300000000000002,-99.34208999999998,-99.20699999999616,1,1
0.01,1.0,1440,1,30,30,0,0,75,8.0,18,15,3,0.01,2,inc_every2,6.579100000000668,9.190000000061664,-41.99130554823719,-50.85186872217342,94.50183854253747,92.52168992829307,6.579100000000153,7.930000000038479,210.0,129.0,0.0,0.0,29.0,21.0,1.0,0.0,6.0,6.0,0.0,0.0,-0.9500000000000002,-1.7300000000000002,-99.34208999999998,-99.20699999999616,1,1
0.01,1.0,1440,1,30,30,0,0,75,8.0,8,15,3,0.01,2,inc_every2,6.579100000000668,9.190000000061664,-41.99130554823719,-50.85186872217342,94.50183854253747,92.52168992829307,6.579100000000153,7.930000000038479,210.0,129.0,0.0,0.0,29.0,21.0,1.0,0.0,6.0,6.0,0.0,0.0,-0.9500000000000002,-1.7300000000000002,-99.34208999999998,-99.20699999999616,1,1
0.01,1.0,1440,1,30,30,0,0,75,8.0,5,15,3,0.01,2,inc_every2,6.579100000000766,3.203970000000906,-41.99130554823702,-64.08069489306378,94.50183854253797,96.97852697095473,6.579099999999556,3.2039699999997904,211.0,86.0,0.0,0.0,29.0,15.0,1.0,1.0,5.0,5.0,39.0,20.0,-0.9500000000000002,-0.33000000000000007,-99.34209000000004,-99.67960300000001,1,1
0.01,1.0,1440,1,30,30,0,0,150,12.0,8,25,5,0.01,1,inc_every1,6.578900000000534,5.349500000000738,-41.99165844641076,-58.161526481297464,94.35384483350518,95.66736859156168,6.5788999999998765,5.3495000000003365,323.0,219.0,0.0,0.0,31.0,21.0,1.0,1.0,6.0,6.0,0.0,0.0,-5.159999999999999,-9.849999999999998,-99.34211000000002,-99.46504999999996,1,1
0.01,1.0,1440,1,30,30,0,0,150,12.0,8,25,5,0.01,3,inc_every3,6.578900000000534,5.349500000000738,-41.99165844641076,-58.161526481297464,94.35384483350518,95.66736859156168,6.5788999999998765,5.3495000000003365,323.0,219.0,0.0,0.0,31.0,21.0,1.0,1.0,6.0,6.0,0.0,0.0,-5.159999999999999,-9.849999999999998,-99.34211000000002,-99.46504999999996,1,1
0.01,1.0,1440,1,30,30,0,0,150,12.0,12,25,5,0.01,1,inc_every1,6.578900000000534,5.349500000000738,-41.99165844641076,-58.161526481297464,94.35384483350518,95.66736859156168,6.5788999999998765,5.3495000000003365,323.0,219.0,0.0,0.0,31.0,21.0,1.0,1.0,6.0,6.0,0.0,0.0,-5.159999999999999,-9.849999999999998,-99.34211000000002,-99.46504999999996,1,1
0.01,1.0,1440,1,30,30,0,0,150,12.0,12,25,5,0.01,3,inc_every3,6.578900000000534,5.349500000000738,-41.99165844641076,-58.161526481297464,94.35384483350518,95.66736859156168,6.5788999999998765,5.3495000000003365,323.0,219.0,0.0,0.0,31.0,21.0,1.0,1.0,6.0,6.0,0.0,0.0,-5.159999999999999,-9.849999999999998,-99.34211000000002,-99.46504999999996,1,1
0.01,1.0,1440,1,30,30,0,0,150,12.0,18,25,5,0.01,3,inc_every3,6.578900000000534,5.349500000000738,-41.99165844641076,-58.161526481297464,94.35384483350518,95.66736859156168,6.5788999999998765,5.3495000000003365,323.0,219.0,0.0,0.0,31.0,21.0,1.0,1.0,6.0,6.0,0.0,0.0,-5.159999999999999,-9.849999999999998,-99.34211000000002,-99.46504999999996,1,1
0.01,1.0,1440,1,30,30,0,0,150,12.0,18,25,5,0.01,1,inc_every1,6.578900000000534,5.349500000000738,-41.99165844641076,-58.161526481297464,94.35384483350518,95.66736859156168,6.5788999999998765,5.3495000000003365,323.0,219.0,0.0,0.0,31.0,21.0,1.0,1.0,6.0,6.0,0.0,0.0,-5.159999999999999,-9.849999999999998,-99.34211000000002,-99.46504999999996,1,1
0.01,1.0,1440,1,30,30,0,0,50,8.0,12,15,99,0.0,1,flat,6.577400000000608,9.510000000056916,-41.994305456274425,-50.34871569518853,94.77528000635512,90.88381901835221,6.577400000000043,9.510000000055264,111.0,152.0,0.0,0.0,19.0,27.0,1.0,0.0,8.0,8.0,0.0,0.0,-0.5,-1.1600000000000004,-99.34226,-99.04899999999448,1,1
0.01,1.0,1440,1,30,30,0,0,50,8.0,8,15,99,0.0,1,flat,6.577400000000608,9.510000000056916,-41.994305456274425,-50.34871569518853,94.77528000635512,90.88381901835221,6.577400000000043,9.510000000055264,111.0,152.0,0.0,0.0,19.0,27.0,1.0,0.0,8.0,8.0,18.0,24.0,-0.5,-1.1600000000000004,-99.34226,-99.04899999999448,1,1
0.01,1.0,1440,1,30,30,0,0,50,8.0,18,15,99,0.0,1,flat,6.577400000000608,9.510000000056916,-41.994305456274425,-50.34871569518853,94.77528000635512,90.88381901835221,6.577400000000043,9.510000000055264,111.0,152.0,0.0,0.0,19.0,27.0,1.0,0.0,8.0,8.0,0.0,0.0,-0.5,-1.1600000000000004,-99.34226,-99.04899999999448,1,1
0.01,1.0,1440,1,30,30,0,0,50,8.0,12,15,3,0.01,2,inc_every2,6.577399999999804,8.99000000007972,-41.99430545627584,-51.17261994797906,95.22961995938553,91.02973458383617,6.577399999999804,8.990000000079455,102.0,122.0,0.0,0.0,19.0,25.0,1.0,0.0,7.0,7.0,0.0,0.0,-0.43,-0.30000000000000004,-99.34226000000002,-99.10099999999206,1,1
0.01,1.0,1440,1,30,30,0,0,50,8.0,8,15,3,0.01,2,inc_every2,6.577399999999804,8.99000000007972,-41.99430545627584,-51.17261994797906,95.22961995938553,91.02973458383617,6.577399999999804,8.990000000079455,102.0,122.0,0.0,0.0,19.0,25.0,1.0,0.0,7.0,7.0,0.0,0.0,-0.43,-0.30000000000000004,-99.34226000000002,-99.10099999999206,1,1
0.01,1.0,1440,1,30,30,0,0,50,8.0,18,15,3,0.01,2,inc_every2,6.577399999999804,8.99000000007972,-41.99430545627584,-51.17261994797906,95.22961995938553,91.02973458383617,6.577399999999804,8.990000000079455,102.0,122.0,0.0,0.0,19.0,25.0,1.0,0.0,7.0,7.0,0.0,0.0,-0.43,-0.30000000000000004,-99.34226000000002,-99.10099999999206,1,1
0.01,1.0,1440,1,30,30,0,0,75,8.0,18,25,3,0.01,2,inc_every2,6.570450000000736,5.370800000000905,-42.00657624056636,-58.112023134122346,95.22947070355121,94.93511882308607,6.570449999999674,5.370799999999829,274.0,160.0,0.0,0.0,25.0,16.0,1.0,1.0,7.0,7.0,0.0,0.0,-1.81,-3.36,-99.34295500000003,-99.46292000000001,1,1
0.01,1.0,1440,1,30,30,0,0,75,8.0,8,25,3,0.01,2,inc_every2,6.570450000000736,5.370800000000905,-42.00657624056636,-58.112023134122346,95.22947070355121,94.93511882308607,6.570449999999674,5.370799999999829,274.0,160.0,0.0,0.0,25.0,16.0,1.0,1.0,7.0,7.0,0.0,0.0,-1.81,-3.36,-99.34295500000003,-99.46292000000001,1,1
0.01,1.0,1440,1,30,30,0,0,75,8.0,12,25,3,0.01,2,inc_every2,6.570450000000736,5.370800000000905,-42.00657624056636,-58.112023134122346,95.22947070355121,94.93511882308607,6.570449999999674,5.370799999999829,274.0,160.0,0.0,0.0,25.0,16.0,1.0,1.0,7.0,7.0,0.0,0.0,-1.81,-3.36,-99.34295500000003,-99.46292000000001,1,1
0.01,1.0,1440,1,30,30,0,0,150,18.0,5,40,99,0.0,1,flat,6.566100000000986,5.339200000000449,-42.014261799304855,-58.18551439443167,94.45383900667316,94.7397044334977,6.566099999999828,5.339199999999856,92.0,66.0,0.0,0.0,10.0,7.0,1.0,1.0,5.0,5.0,21.0,12.0,-2.2800000000000002,-3.0300000000000002,-99.34339000000001,-99.46608000000002,1,1
0.01,1.0,1440,1,30,30,0,0,150,18.0,5,40,5,0.01,3,inc_every3,6.566100000000986,5.339200000000449,-42.014261799304855,-58.18551439443167,94.45383900667316,94.7397044334977,6.566099999999828,5.339199999999856,92.0,66.0,0.0,0.0,10.0,7.0,1.0,1.0,5.0,5.0,21.0,12.0,-2.2800000000000002,-3.0300000000000002,-99.34339000000001,-99.46608000000002,1,1
0.01,1.0,1440,1,30,30,0,0,150,18.0,5,40,5,0.01,1,inc_every1,6.566100000000986,5.339200000000449,-42.014261799304855,-58.18551439443167,94.45383900667316,94.7397044334977,6.566099999999828,5.339199999999856,92.0,66.0,0.0,0.0,10.0,7.0,1.0,1.0,5.0,5.0,21.0,12.0,-2.2800000000000002,-3.0300000000000002,-99.34339000000001,-99.46608000000002,1,1
0.01,1.0,1440,1,30,30,0,0,200,18.0,5,25,3,0.01,2,inc_every2,6.564200000001826,3.1707600000006746,-42.01761998800194,-64.19189226622434,94.44700109973778,97.15601399228642,6.564200000000241,3.170760000000179,84.0,101.0,0.0,0.0,13.0,15.0,1.0,1.0,5.0,5.0,14.0,15.0,-1.5200000000000005,-6.6999999999999975,-99.34357999999997,-99.68292399999999,1,1
0.01,1.0,1440,1,30,30,0,0,200,18.0,8,25,3,0.01,2,inc_every2,6.564200000001826,3.1707600000006746,-42.01761998800194,-64.19189226622434,94.44700109973778,97.15601399228642,6.564200000000241,3.170760000000179,84.0,101.0,0.0,0.0,13.0,15.0,1.0,1.0,5.0,5.0,0.0,0.0,-1.5200000000000005,-6.6999999999999975,-99.34357999999997,-99.68292399999999,1,1
0.01,1.0,1440,1,30,30,0,0,200,18.0,12,25,3,0.01,2,inc_every2,6.564200000001826,3.1707600000006746,-42.01761998800194,-64.19189226622434,94.44700109973778,97.15601399228642,6.564200000000241,3.170760000000179,84.0,101.0,0.0,0.0,13.0,15.0,1.0,1.0,5.0,5.0,0.0,0.0,-1.5200000000000005,-6.6999999999999975,-99.34357999999997,-99.68292399999999,1,1
0.01,1.0,1440,1,30,30,0,0,200,18.0,18,25,3,0.01,2,inc_every2,6.564200000001826,3.1707600000006746,-42.01761998800194,-64.19189226622434,94.44700109973778,97.15601399228642,6.564200000000241,3.170760000000179,84.0,101.0,0.0,0.0,13.0,15.0,1.0,1.0,5.0,5.0,0.0,0.0,-1.5200000000000005,-6.6999999999999975,-99.34357999999997,-99.68292399999999,1,1
0.01,1.0,1440,1,30,30,0,0,75,18.0,12,40,3,0.01,2,inc_every2,6.563399999999868,5.385900000000653,-42.01903419480282,-58.07701268454941,96.13417363647373,98.43017867032037,6.563399999999868,5.385900000000422,95.0,146.0,0.0,0.0,19.0,30.0,2.0,1.0,8.0,8.0,0.0,0.0,-2.3400000000000003,-19.049999999999997,-99.34366000000001,-99.46140999999996,1,1
0.01,1.0,1440,1,30,30,0,0,75,18.0,18,40,3,0.01,2,inc_every2,6.563399999999868,5.385900000000653,-42.01903419480282,-58.07701268454941,96.13417363647373,98.43017867032037,6.563399999999868,5.385900000000422,95.0,146.0,0.0,0.0,19.0,30.0,2.0,1.0,8.0,8.0,0.0,0.0,-2.3400000000000003,-19.049999999999997,-99.34366000000001,-99.46140999999996,1,1
0.01,1.0,1440,1,30,30,0,0,75,18.0,8,40,3,0.01,2,inc_every2,6.563399999999868,5.385900000000653,-42.01903419480282,-58.07701268454941,96.13417363647373,98.43017867032037,6.563399999999868,5.385900000000422,95.0,146.0,0.0,0.0,19.0,30.0,2.0,1.0,8.0,8.0,22.0,34.0,-2.3400000000000003,-19.049999999999997,-99.34366000000001,-99.46140999999996,1,1
0.01,1.0,1440,1,30,30,0,0,50,5.3,18,40,5,0.01,3,inc_every3,6.563300000000703,7.5199600000010385,-42.01921098034551,-53.69924231163623,96.57054028634198,94.92648765348882,6.563300000000703,7.5199600000009035,383.0,190.0,0.0,0.0,17.0,9.0,1.0,1.0,11.0,11.0,0.0,0.0,-3.37,-2.2300000000000004,-99.34366999999993,-99.24800399999991,1,1
0.01,1.0,1440,1,30,30,0,0,50,5.3,12,40,5,0.01,3,inc_every3,6.563300000000703,7.5199600000010385,-42.01921098034551,-53.69924231163623,96.57054028634198,94.92648765348882,6.563300000000703,7.5199600000009035,383.0,190.0,0.0,0.0,17.0,9.0,1.0,1.0,11.0,11.0,0.0,0.0,-3.37,-2.2300000000000004,-99.34366999999993,-99.24800399999991,1,1
0.01,1.0,1440,1,30,30,0,0,50,12.0,12,15,5,0.01,1,inc_every1,6.562150000000235,4.206400000000235,-42.02124416897617,-61.04994647659172,94.85281198525416,96.30434018625907,6.562149999999779,4.2064000000001105,83.0,116.0,0.0,0.0,24.0,34.0,1.0,1.0,8.0,8.0,0.0,0.0,-0.6500000000000001,-2.0800000000000005,-99.34378500000003,-99.57936,1,1
0.01,1.0,1440,1,30,30,0,0,50,12.0,8,15,5,0.01,1,inc_every1,6.562150000000235,4.206400000000235,-42.02124416897617,-61.04994647659172,94.85281198525416,96.30434018625907,6.562149999999779,4.2064000000001105,83.0,116.0,0.0,0.0,24.0,34.0,1.0,1.0,8.0,8.0,2.0,1.0,-0.6500000000000001,-2.0800000000000005,-99.34378500000003,-99.57936,1,1
0.01,1.0,1440,1,30,30,0,0,50,12.0,18,15,5,0.01,1,inc_every1,6.562150000000235,4.206400000000235,-42.02124416897617,-61.04994647659172,94.85281198525416,96.30434018625907,6.562149999999779,4.2064000000001105,83.0,116.0,0.0,0.0,24.0,34.0,1.0,1.0,8.0,8.0,0.0,0.0,-0.6500000000000001,-2.0800000000000005,-99.34378500000003,-99.57936,1,1
0.01,1.0,1440,1,30,30,0,0,150,18.0,5,25,99,0.0,1,flat,6.559450000000215,4.53508000000131,-42.02601886261047,-60.168084762110084,94.45945603513843,96.46938108213357,6.559449999999792,4.535080000000448,85.0,312.0,0.0,0.0,14.0,47.0,1.0,1.0,5.0,5.0,19.0,66.0,-1.4200000000000004,-25.900000000000027,-99.34405500000003,-99.54649199999996,1,1
0.01,1.0,1440,1,30,30,0,0,150,18.0,5,25,5,0.01,3,inc_every3,6.559450000000215,4.53508000000131,-42.02601886261047,-60.168084762110084,94.45945603513843,96.46938108213357,6.559449999999792,4.535080000000448,85.0,312.0,0.0,0.0,14.0,47.0,1.0,1.0,5.0,5.0,19.0,66.0,-1.4200000000000004,-25.900000000000027,-99.34405500000003,-99.54649199999996,1,1
0.01,1.0,1440,1,30,30,0,0,150,18.0,5,25,5,0.01,1,inc_every1,6.559450000000215,4.53508000000131,-42.02601886261047,-60.168084762110084,94.45945603513843,96.46938108213357,6.559449999999792,4.535080000000448,85.0,312.0,0.0,0.0,14.0,47.0,1.0,1.0,5.0,5.0,19.0,66.0,-1.4200000000000004,-25.900000000000027,-99.34405500000003,-99.54649199999996,1,1
0.01,1.0,1440,1,30,30,0,0,50,18.0,18,40,5,0.01,3,inc_every3,6.559200000002086,4.289440000000074,-42.02646104338405,-60.82270090446531,97.94208264047975,97.46711544139409,6.559200000000981,4.289440000000068,159.0,42.0,0.0,0.0,38.0,10.0,1.0,2.0,11.0,11.0,0.0,0.0,-6.429999999999999,-3.1100000000000003,-99.3440799999999,-99.571056,1,1
0.01,1.0,1440,1,30,30,0,0,50,18.0,12,40,5,0.01,3,inc_every3,6.559200000002086,4.289440000000074,-42.02646104338405,-60.82270090446531,97.94208264047975,97.46711544139409,6.559200000000981,4.289440000000068,159.0,42.0,0.0,0.0,38.0,10.0,1.0,2.0,11.0,11.0,0.0,0.0,-6.429999999999999,-3.1100000000000003,-99.3440799999999,-99.571056,1,1
0.01,1.0,1440,1,30,30,0,0,75,5.3,5,25,5,0.01,3,inc_every3,6.558800000000264,10.400000000112438,-42.027168560671115,-49.00915894637406,94.54977563570166,92.41429613413129,6.558800000000144,10.400000000111497,440.0,378.0,0.0,0.0,21.0,19.0,1.0,0.0,5.0,5.0,66.0,54.0,-4.22,-5.0299999999999985,-99.34411999999999,-98.95999999998885,1,1
0.01,1.0,1440,1,30,30,0,0,75,5.3,5,25,5,0.01,1,inc_every1,6.558800000000264,10.400000000112438,-42.027168560671115,-49.00915894637406,94.54977563570166,92.41429613413129,6.558800000000144,10.400000000111497,440.0,378.0,0.0,0.0,21.0,19.0,1.0,0.0,5.0,5.0,66.0,54.0,-4.22,-5.0299999999999985,-99.34411999999999,-98.95999999998885,1,1
0.01,1.0,1440,1,30,30,0,0,75,5.3,5,25,99,0.0,1,flat,6.558800000000264,10.400000000112438,-42.027168560671115,-49.00915894637406,94.54977563570166,92.41429613413129,6.558800000000144,10.400000000111497,440.0,378.0,0.0,0.0,21.0,19.0,1.0,0.0,5.0,5.0,66.0,54.0,-4.22,-5.0299999999999985,-99.34411999999999,-98.95999999998885,1,1
0.01,1.0,1440,1,30,30,0,0,100,18.0,8,25,99,0.0,1,flat,6.550000000000821,4.25920000000079,-42.042742679944624,-60.905094352235125,95.10609683203836,97.74836117572443,6.55000000000021,4.259199999999911,244.0,159.0,0.0,0.0,47.0,31.0,1.0,1.0,7.0,8.0,0.0,1.0,-11.05,-13.31,-99.34499999999998,-99.57408000000001,1,1
0.01,1.0,1440,1,30,30,0,0,100,18.0,18,25,99,0.0,1,flat,6.550000000000821,4.25920000000079,-42.042742679944624,-60.905094352235125,95.10609683203836,97.74836117572443,6.55000000000021,4.259199999999911,244.0,159.0,0.0,0.0,47.0,31.0,1.0,1.0,7.0,8.0,0.0,0.0,-11.05,-13.31,-99.34499999999998,-99.57408000000001,1,1
0.01,1.0,1440,1,30,30,0,0,100,18.0,12,25,99,0.0,1,flat,6.550000000000821,4.25920000000079,-42.042742679944624,-60.905094352235125,95.10609683203836,97.74836117572443,6.55000000000021,4.259199999999911,244.0,159.0,0.0,0.0,47.0,31.0,1.0,1.0,7.0,8.0,0.0,0.0,-11.05,-13.31,-99.34499999999998,-99.57408000000001,1,1
0.01,1.0,1440,1,30,30,0,0,100,12.0,18,25,3,0.01,2,inc_every2,6.531200000001551,5.274249999999707,-42.076070815166275,-58.337531623470525,96.04313582939602,96.82216665662503,6.531200000000048,5.274249999999707,400.0,154.0,0.0,0.0,51.0,21.0,1.0,1.0,6.0,6.0,0.0,0.0,-6.069999999999999,-5.2299999999999995,-99.34688,-99.47257500000003,1,1
0.01,1.0,1440,1,30,30,0,0,100,12.0,8,25,3,0.01,2,inc_every2,6.531200000001551,5.274249999999707,-42.076070815166275,-58.337531623470525,96.04313582939602,96.82216665662503,6.531200000000048,5.274249999999707,400.0,154.0,0.0,0.0,51.0,21.0,1.0,1.0,6.0,6.0,0.0,0.0,-6.069999999999999,-5.2299999999999995,-99.34688,-99.47257500000003,1,1
0.01,1.0,1440,1,30,30,0,0,100,12.0,12,25,3,0.01,2,inc_every2,6.531200000001551,5.274249999999707,-42.076070815166275,-58.337531623470525,96.04313582939602,96.82216665662503,6.531200000000048,5.274249999999707,400.0,154.0,0.0,0.0,51.0,21.0,1.0,1.0,6.0,6.0,0.0,0.0,-6.069999999999999,-5.2299999999999995,-99.34688,-99.47257500000003,1,1
0.01,1.0,1440,1,30,30,0,0,50,18.0,5,25,5,0.01,1,inc_every1,6.53060000000014,5.3723000000000845,-42.07713574199946,-58.108542184255505,95.22022981775659,95.97369407179853,6.530599999999531,5.372299999999655,159.0,62.0,0.0,0.0,39.0,15.0,1.0,1.0,5.0,5.0,102.0,36.0,-8.19,-3.6700000000000004,-99.34694000000005,-99.46277000000003,1,1
0.01,1.0,1440,1,30,30,0,0,50,18.0,5,25,99,0.0,1,flat,6.53060000000014,5.3723000000000845,-42.07713574199946,-58.108542184255505,95.22022981775659,95.97369407179853,6.530599999999531,5.372299999999655,159.0,62.0,0.0,0.0,39.0,15.0,1.0,1.0,5.0,5.0,102.0,36.0,-8.19,-3.6700000000000004,-99.34694000000005,-99.46277000000003,1,1
0.01,1.0,1440,1,30,30,0,0,50,18.0,5,25,5,0.01,3,inc_every3,6.53060000000014,5.3723000000000845,-42.07713574199946,-58.108542184255505,95.22022981775659,95.97369407179853,6.530599999999531,5.372299999999655,159.0,62.0,0.0,0.0,39.0,15.0,1.0,1.0,5.0,5.0,102.0,36.0,-8.19,-3.6700000000000004,-99.34694000000005,-99.46277000000003,1,1
0.01,1.0,1440,1,30,30,0,0,75,8.0,12,40,5,0.01,3,inc_every3,9.21571000000154,9.571320000000618,-37.94412303307715,-50.25366182810858,97.5389138052957,92.05501784676832,6.53000000041682,9.571320000000412,577.0,112.0,0.0,0.0,33.0,7.0,1.0,1.0,9.0,9.0,0.0,0.0,-8.11,-2.4499999999999997,-99.34699999995831,-99.04286799999996,1,1
0.01,1.0,1440,1,30,30,0,0,75,8.0,18,40,5,0.01,3,inc_every3,9.21571000000154,9.571320000000618,-37.94412303307715,-50.25366182810858,97.5389138052957,92.05501784676832,6.53000000041682,9.571320000000412,577.0,112.0,0.0,0.0,33.0,7.0,1.0,1.0,9.0,9.0,0.0,0.0,-8.11,-2.4499999999999997,-99.34699999995831,-99.04286799999996,1,1
0.01,1.0,1440,1,30,30,0,0,50,8.0,5,15,3,0.01,2,inc_every2,6.525700000001544,5.349000000000705,-42.08583557505299,-58.162690193531944,94.80272379738794,94.66274196767101,6.525700000000203,5.34900000000016,124.0,119.0,0.0,0.0,22.0,23.0,1.0,1.0,5.0,5.0,36.0,34.0,-0.5700000000000001,-0.91,-99.34742999999997,-99.46509999999998,1,1
0.01,1.0,1440,1,30,30,0,0,50,5.3,12,25,3,0.01,2,inc_every2,6.52230000000082,7.441349999999115,-42.09187526512924,-53.84380296487979,95.00857120991836,93.00098758465134,6.522299999999987,7.441349999999115,249.0,109.0,0.0,0.0,19.0,8.0,1.0,2.0,8.0,8.0,0.0,0.0,-0.9900000000000002,-0.8900000000000001,-99.34777,-99.25586500000009,1,1
0.01,1.0,1440,1,30,30,0,0,50,5.3,8,25,3,0.01,2,inc_every2,6.52230000000082,7.441349999999115,-42.09187526512924,-53.84380296487979,95.00857120991836,93.00098758465134,6.522299999999987,7.441349999999115,249.0,109.0,0.0,0.0,19.0,8.0,1.0,2.0,8.0,8.0,18.0,6.0,-0.9900000000000002,-0.8900000000000001,-99.34777,-99.25586500000009,1,1
0.01,1.0,1440,1,30,30,0,0,50,5.3,18,25,3,0.01,2,inc_every2,6.52230000000082,7.441349999999115,-42.09187526512924,-53.84380296487979,95.00857120991836,93.00098758465134,6.522299999999987,7.441349999999115,249.0,109.0,0.0,0.0,19.0,8.0,1.0,2.0,8.0,8.0,0.0,0.0,-0.9900000000000002,-0.8900000000000001,-99.34777,-99.25586500000009,1,1
0.01,1.0,1440,1,30,30,0,0,75,12.0,12,0,3,0.01,2,inc_every2,6.521550000000747,7.261799999998875,-42.09320788872417,-54.17805804554631,95.54478070774766,93.16857949200522,6.5215499999997775,7.261799999998875,25.0,9.0,0.0,0.0,0.0,0.0,3.0,2.0,10.0,9.0,0.0,0.0,-0.8500000000000001,0.0,-99.34784500000002,-99.27382000000011,1,1
0.01,1.0,1440,1,30,30,0,0,75,12.0,18,0,3,0.01,2,inc_every2,6.521550000000747,7.261799999998875,-42.09320788872417,-54.17805804554631,95.54478070774766,93.16857949200522,6.5215499999997775,7.261799999998875,25.0,9.0,0.0,0.0,0.0,0.0,3.0,2.0,10.0,9.0,0.0,0.0,-0.8500000000000001,0.0,-99.34784500000002,-99.27382000000011,1,1
0.01,1.0,1440,1,30,30,0,0,75,18.0,8,25,99,0.0,1,flat,6.516700000000135,4.307599999999772,-42.10182848207443,-60.773417153829534,95.45018501710658,97.92464829446982,6.516700000000135,4.307599999999706,111.0,127.0,0.0,0.0,26.0,31.0,1.0,1.0,8.0,8.0,27.0,36.0,-2.4100000000000006,-10.459999999999999,-99.34832999999999,-99.56924000000004,1,1
0.01,1.0,1440,1,30,30,0,0,75,12.0,5,25,5,0.01,3,inc_every3,6.516699999999645,5.312999999999629,-42.10182848207531,-58.246679042435304,94.96702193388997,97.0842580545608,6.516699999999624,3.810000000105944,186.0,203.0,0.0,0.0,25.0,26.0,1.0,1.0,5.0,5.0,57.0,58.0,-4.7700000000000005,-9.369999999999996,-99.34833000000003,-99.6189999999894,1,1
0.01,1.0,1440,1,30,30,0,0,75,12.0,5,25,99,0.0,1,flat,6.516699999999645,5.312999999999629,-42.10182848207531,-58.246679042435304,94.96702193388997,97.0842580545608,6.516699999999624,3.810000000105944,186.0,203.0,0.0,0.0,25.0,26.0,1.0,1.0,5.0,5.0,57.0,58.0,-4.7700000000000005,-9.369999999999996,-99.34833000000003,-99.6189999999894,1,1
0.01,1.0,1440,1,30,30,0,0,75,12.0,5,25,5,0.01,1,inc_every1,6.516699999999645,5.312999999999629,-42.10182848207531,-58.246679042435304,94.96702193388997,97.0842580545608,6.516699999999624,3.810000000105944,186.0,203.0,0.0,0.0,25.0,26.0,1.0,1.0,5.0,5.0,57.0,58.0,-4.7700000000000005,-9.369999999999996,-99.34833000000003,-99.6189999999894,1,1
0.01,1.0,1440,1,30,30,0,0,75,18.0,12,25,99,0.0,1,flat,6.516699999998838,4.307160000000309,-42.10182848207674,-60.774609526642735,95.45018501710753,97.9248602813652,6.516699999998838,4.30715999999963,111.0,127.0,0.0,0.0,26.0,31.0,1.0,1.0,9.0,9.0,0.0,0.0,-2.4800000000000004,-10.459999999999999,-99.34833000000012,-99.56928400000004,1,1
0.01,1.0,1440,1,30,30,0,0,75,18.0,18,25,99,0.0,1,flat,6.516699999998838,4.307160000000309,-42.10182848207674,-60.774609526642735,95.45018501710753,97.9248602813652,6.516699999998838,4.30715999999963,111.0,127.0,0.0,0.0,26.0,31.0,1.0,1.0,9.0,9.0,0.0,0.0,-2.4800000000000004,-10.459999999999999,-99.34833000000012,-99.56928400000004,1,1
0.01,1.0,1440,1,30,30,0,0,50,3.0,8,0,5,0.01,3,inc_every3,6.5152000000010375,4.162160000000759,-42.104495683983615,-61.17230159950917,94.830026979845,95.87455644761621,6.5151999999999965,4.162160000000146,83.0,21.0,0.0,0.0,0.0,0.0,2.0,2.0,8.0,8.0,3.0,1.0,-1.1500000000000001,0.0,-99.34848,-99.58378399999998,1,1
0.01,1.0,1440,1,30,30,0,0,75,3.0,8,0,5,0.01,3,inc_every3,6.515200000000629,3.118439999999941,-42.10449568398433,-64.36874741922838,94.43430719289347,96.8865415335465,6.515199999999627,3.11843999999984,83.0,24.0,0.0,0.0,0.0,0.0,2.0,2.0,8.0,8.0,1.0,1.0,-0.79,0.0,-99.34848000000004,-99.68815600000002,1,1
0.01,1.0,1440,1,30,30,0,0,50,12.0,12,0,5,0.01,3,inc_every3,6.512700000001342,9.34398000000138,-42.108942112224035,-50.60824729721101,95.93286704552564,91.23782820705173,6.512700000000208,9.343980000000705,26.0,10.0,0.0,0.0,0.0,0.0,3.0,2.0,12.0,12.0,1.0,1.0,-0.9300000000000002,0.0,-99.34872999999997,-99.06560199999993,1,1
0.01,1.0,1440,1,30,30,0,0,75,5.3,8,0,5,0.01,3,inc_every3,6.51200000000005,3.118440000000419,-42.11018735678563,-64.36874741922675,94.73139158576119,96.92855313700387,6.511999999999766,3.118440000000083,54.0,18.0,0.0,0.0,0.0,0.0,2.0,2.0,8.0,8.0,1.0,1.0,-0.66,0.0,-99.34880000000003,-99.68815599999999,1,1
0.01,1.0,1440,1,30,30,0,0,50,5.3,8,0,5,0.01,1,inc_every1,6.511050000002626,7.276569999999319,-42.11187750280724,-54.15034409642805,95.37337454700456,93.08573736222073,6.5110500000012514,7.276569999999193,46.0,22.0,0.0,0.0,0.0,0.0,2.0,2.0,8.0,8.0,3.0,1.0,-1.01,0.0,-99.34889499999987,-99.27234300000008,1,1
0.01,1.0,1440,1,30,30,0,0,50,5.3,18,0,5,0.01,3,inc_every3,6.511050000001216,9.36711000000314,-42.11187750280975,-50.571896020685415,95.34392877574389,90.9775476786749,6.51105000000037,9.367110000000288,54.0,17.0,0.0,0.0,0.0,0.0,3.0,2.0,13.0,12.0,0.0,0.0,-1.01,0.0,-99.34889499999996,-99.06328899999997,1,1
0.01,1.0,1440,1,30,30,0,0,50,18.0,18,0,5,0.01,1,inc_every1,6.511050000001287,7.276570000001101,-42.11187750280963,-54.15034409642472,96.31582074350736,94.41514172945695,6.511049999999926,6.226000000001733,14.0,9.0,0.0,0.0,0.0,0.0,3.0,3.0,12.0,11.0,0.0,0.0,-0.7300000000000001,0.0,-99.34889500000001,-99.37739999999982,1,1
0.01,1.0,1440,1,30,30,0,0,50,18.0,12,0,5,0.01,1,inc_every1,6.511050000001287,7.276570000001101,-42.11187750280963,-54.15034409642472,96.31582074350736,94.41514172945695,6.511049999999926,6.226000000001733,14.0,9.0,0.0,0.0,0.0,0.0,3.0,3.0,12.0,11.0,1.0,0.0,-0.7300000000000001,0.0,-99.34889500000001,-99.37739999999982,1,1
0.01,1.0,1440,1,30,30,0,0,100,8.0,18,15,5,0.01,1,inc_every1,6.510000000036506,3.2292600000000693,-42.113745788387035,-63.99655794450283,94.96480779639856,96.87329589465557,6.510000000036506,3.2292599999997815,275.0,114.0,0.0,0.0,33.0,16.0,0.0,1.0,6.0,6.0,0.0,0.0,-1.7900000000000005,-1.3900000000000001,-99.34899999999635,-99.67707400000002,1,1
0.01,1.0,1440,1,30,30,0,0,100,8.0,8,15,5,0.01,3,inc_every3,6.510000000036506,3.2292600000000693,-42.113745788387035,-63.99655794450283,94.96480779639856,96.87329589465557,6.510000000036506,3.2292599999997815,275.0,114.0,0.0,0.0,33.0,16.0,0.0,1.0,6.0,6.0,0.0,0.0,-1.7900000000000005,-1.3900000000000001,-99.34899999999635,-99.67707400000002,1,1
0.01,1.0,1440,1,30,30,0,0,100,8.0,12,15,5,0.01,3,inc_every3,6.510000000036506,3.2292600000000693,-42.113745788387035,-63.99655794450283,94.96480779639856,96.87329589465557,6.510000000036506,3.2292599999997815,275.0,114.0,0.0,0.0,33.0,16.0,0.0,1.0,6.0,6.0,0.0,0.0,-1.7900000000000005,-1.3900000000000001,-99.34899999999635,-99.67707400000002,1,1
0.01,1.0,1440,1,30,30,0,0,100,8.0,8,15,5,0.01,1,inc_every1,6.510000000036506,3.2292600000000693,-42.113745788387035,-63.99655794450283,94.96480779639856,96.87329589465557,6.510000000036506,3.2292599999997815,275.0,114.0,0.0,0.0,33.0,16.0,0.0,1.0,6.0,6.0,0.0,0.0,-1.7900000000000005,-1.3900000000000001,-99.34899999999635,-99.67707400000002,1,1
0.01,1.0,1440,1,30,30,0,0,100,8.0,18,15,5,0.01,3,inc_every3,6.510000000036506,3.2292600000000693,-42.113745788387035,-63.99655794450283,94.96480779639856,96.87329589465557,6.510000000036506,3.2292599999997815,275.0,114.0,0.0,0.0,33.0,16.0,0.0,1.0,6.0,6.0,0.0,0.0,-1.7900000000000005,-1.3900000000000001,-99.34899999999635,-99.67707400000002,1,1
0.01,1.0,1440,1,30,30,0,0,100,8.0,12,15,5,0.01,1,inc_every1,6.510000000036506,3.2292600000000693,-42.113745788387035,-63.99655794450283,94.96480779639856,96.87329589465557,6.510000000036506,3.2292599999997815,275.0,114.0,0.0,0.0,33.0,16.0,0.0,1.0,6.0,6.0,0.0,0.0,-1.7900000000000005,-1.3900000000000001,-99.34899999999635,-99.67707400000002,1,1
0.01,1.0,1440,1,30,30,0,0,50,8.0,5,25,99,0.0,1,flat,6.509699999999647,8.830000000064004,-42.11427962862102,-51.432849245887134,94.85032829681262,93.52639296183136,6.509699999999622,8.83000000006318,262.0,203.0,0.0,0.0,25.0,19.0,1.0,0.0,5.0,5.0,90.0,58.0,-5.37,-5.849999999999999,-99.34903000000004,-99.11699999999368,1,1
0.01,1.0,1440,1,30,30,0,0,50,8.0,5,25,5,0.01,1,inc_every1,6.509699999999647,8.830000000064004,-42.11427962862102,-51.432849245887134,94.85032829681262,93.52639296183136,6.509699999999622,8.83000000006318,262.0,203.0,0.0,0.0,25.0,19.0,1.0,0.0,5.0,5.0,90.0,58.0,-5.37,-5.849999999999999,-99.34903000000004,-99.11699999999368,1,1
0.01,1.0,1440,1,30,30,0,0,50,8.0,5,25,5,0.01,3,inc_every3,6.509699999999647,8.830000000064004,-42.11427962862102,-51.432849245887134,94.85032829681262,93.52639296183136,6.509699999999622,8.83000000006318,262.0,203.0,0.0,0.0,25.0,19.0,1.0,0.0,5.0,5.0,90.0,58.0,-5.37,-5.849999999999999,-99.34903000000004,-99.11699999999368,1,1
0.01,1.0,1440,1,30,30,0,0,50,8.0,8,0,3,0.01,2,inc_every2,6.508499999999877,3.1254000000002016,-42.116415186101484,-64.34510121118228,96.10035949670593,97.17235139781054,6.508499999998641,3.1254000000001927,33.0,16.0,0.0,0.0,0.0,0.0,2.0,3.0,8.0,8.0,3.0,1.0,-1.2100000000000002,0.0,-99.34915000000014,-99.68745999999999,1,1
0.01,1.0,1440,1,30,30,0,0,100,3.0,18,0,99,0.0,1,flat,6.507600000000664,3.122370000000533,-42.11801706090409,-64.35539091462503,94.37302204928713,96.89068910575594,6.507599999999677,3.1223699999999077,80.0,24.0,0.0,0.0,0.0,0.0,2.0,2.0,13.0,13.0,0.0,0.0,-0.5800000000000001,0.0,-99.34924000000004,-99.687763,1,1
0.01,1.0,1440,1,30,30,0,0,150,5.3,8,0,5,0.01,1,inc_every1,6.499500000000694,3.1248899999999633,-42.132441914101356,-64.34683265086785,94.14723097703728,96.89621573301562,6.499500000000317,3.1248899999999136,52.0,16.0,0.0,0.0,0.0,0.0,2.0,2.0,8.0,8.0,1.0,1.0,-0.37,0.0,-99.35004999999997,-99.68751100000001,1,1
0.01,1.0,1440,1,30,30,0,0,50,3.0,5,25,3,0.01,2,inc_every2,6.497600000001409,7.521079999999712,-42.13582760355803,-53.69719036258294,95.87060692723298,93.13080646634573,6.49760000000073,7.521079999999712,380.0,259.0,0.0,0.0,13.0,10.0,1.0,1.0,5.0,5.0,51.0,33.0,-1.4700000000000002,-1.1,-99.35023999999993,-99.24789200000004,1,1
0.01,1.0,1440,1,30,30,0,0,50,12.0,12,40,5,0.01,3,inc_every3,6.496750000000878,4.29016000000018,-42.137342510493205,-60.82074413577714,96.26859456665413,97.90427433930977,6.496749999999672,4.290159999999826,93.0,83.0,0.0,0.0,13.0,10.0,1.0,3.0,11.0,11.0,0.0,0.0,-1.4600000000000002,-2.14,-99.35032500000003,-99.57098400000002,1,1
0.01,1.0,1440,1,30,30,0,0,50,12.0,18,40,5,0.01,3,inc_every3,6.496750000000878,4.29016000000018,-42.137342510493205,-60.82074413577714,96.26859456665413,97.90427433930977,6.496749999999672,4.290159999999826,93.0,83.0,0.0,0.0,13.0,10.0,1.0,3.0,11.0,11.0,0.0,0.0,-1.4600000000000002,-2.14,-99.35032500000003,-99.57098400000002,1,1
0.01,1.0,1440,1,30,30,0,0,50,3.0,12,0,3,0.01,2,inc_every2,6.496500000000875,5.2089000000006465,-42.13778810152778,-58.4918180486987,95.47817916057683,95.0852026571653,6.496500000000399,5.105000000002557,134.0,39.0,0.0,0.0,0.0,0.0,4.0,3.0,11.0,10.0,0.0,0.0,-0.8,-0.02,-99.35034999999996,-99.48949999999975,1,1
0.01,1.0,1440,1,30,30,0,0,50,3.0,18,0,3,0.01,2,inc_every2,6.496500000000875,5.2089000000006465,-42.13778810152778,-58.4918180486987,95.47817916057683,95.0852026571653,6.496500000000399,5.105000000002557,134.0,39.0,0.0,0.0,0.0,0.0,4.0,3.0,11.0,10.0,0.0,0.0,-0.8,-0.02,-99.35034999999996,-99.48949999999975,1,1
0.01,1.0,1440,1,30,30,0,0,200,5.3,12,0,3,0.01,2,inc_every2,6.496500000001031,3.1509000000006004,-42.1377881015275,-64.25878110598423,94.2062784268261,97.50265514781667,6.496500000000022,3.150900000000057,55.0,121.0,0.0,0.0,0.0,0.0,2.0,3.0,8.0,8.0,0.0,0.0,-0.37,-1.1700000000000002,-99.35034999999999,-99.68490999999999,1,1
0.01,1.0,1440,1,30,30,0,0,200,5.3,18,0,3,0.01,2,inc_every2,6.496500000001031,3.1509000000006004,-42.1377881015275,-64.25878110598423,94.2062784268261,97.50265514781667,6.496500000000022,3.150900000000057,55.0,121.0,0.0,0.0,0.0,0.0,2.0,3.0,8.0,8.0,0.0,0.0,-0.37,-1.1700000000000002,-99.35034999999999,-99.68490999999999,1,1
0.01,1.0,1440,1,30,30,0,0,200,5.3,8,0,3,0.01,2,inc_every2,6.496500000001031,3.1509000000006004,-42.1377881015275,-64.25878110598423,94.2062784268261,97.50265514781667,6.496500000000022,3.150900000000057,55.0,121.0,0.0,0.0,0.0,0.0,2.0,3.0,8.0,8.0,1.0,1.0,-0.37,-1.1700000000000002,-99.35034999999999,-99.68490999999999,1,1
0.01,1.0,1440,1,30,30,0,0,150,8.0,18,0,5,0.01,3,inc_every3,6.496499999999468,3.1248899999999615,-42.13778810153029,-64.34683265086785,94.23097415860151,96.95073185011766,6.496499999999102,3.124889999999448,37.0,13.0,0.0,0.0,0.0,0.0,2.0,2.0,10.0,9.0,0.0,0.0,-0.37,0.0,-99.35035000000009,-99.68751100000006,1,1
0.01,1.0,1440,1,30,30,0,0,150,8.0,12,0,5,0.01,3,inc_every3,6.496499999999468,3.1248899999999615,-42.13778810153029,-64.34683265086785,94.23097415860151,96.95073185011766,6.496499999999102,3.124889999999448,37.0,13.0,0.0,0.0,0.0,0.0,2.0,2.0,10.0,9.0,0.0,0.0,-0.37,0.0,-99.35035000000009,-99.68751100000006,1,1
0.01,1.0,1440,1,30,30,0,0,50,3.0,8,0,3,0.01,2,inc_every2,6.495200000000185,5.191100000001997,-42.140105396033064,-58.534077934667636,95.34294113429506,95.00231058053257,6.4951999999995955,5.191100000000969,129.0,18.0,0.0,0.0,0.0,0.0,3.0,2.0,8.0,8.0,3.0,1.0,-0.33,0.0,-99.35048000000005,-99.4808899999999,1,1
0.01,1.0,1440,1,30,30,0,0,150,12.0,12,0,5,0.01,1,inc_every1,6.492700000000063,4.171200000000386,-42.14456277452952,-61.14722555670933,94.62791659771756,95.91459353574973,6.492700000000063,4.171199999999985,27.0,12.0,0.0,0.0,0.0,0.0,2.0,2.0,9.0,9.0,0.0,0.0,-0.37,0.0,-99.35073,-99.58288,1,1
0.01,1.0,1440,1,30,30,0,0,150,12.0,18,0,5,0.01,1,inc_every1,6.492700000000063,4.171200000000386,-42.14456277452952,-61.14722555670933,94.62791659771756,95.91459353574973,6.492700000000063,4.171199999999985,27.0,12.0,0.0,0.0,0.0,0.0,2.0,2.0,9.0,9.0,0.0,0.0,-0.37,0.0,-99.35073,-99.58288,1,1
0.01,1.0,1440,1,30,30,0,0,100,12.0,5,40,5,0.01,3,inc_every3,6.488399999999395,5.350500000001233,-42.152232677919535,-58.1591992860121,94.92141515341318,94.84338858905174,6.488399999999395,5.35049999999999,101.0,147.0,0.0,0.0,8.0,10.0,1.0,1.0,5.0,5.0,19.0,27.0,-1.4600000000000004,-5.8599999999999985,-99.35116000000006,-99.46495,1,1
0.01,1.0,1440,1,30,30,0,0,100,12.0,5,40,5,0.01,1,inc_every1,6.488399999999395,5.350500000001233,-42.152232677919535,-58.1591992860121,94.92141515341318,94.84338858905174,6.488399999999395,5.35049999999999,101.0,147.0,0.0,0.0,8.0,10.0,1.0,1.0,5.0,5.0,19.0,27.0,-1.4600000000000004,-5.8599999999999985,-99.35116000000006,-99.46495,1,1
0.01,1.0,1440,1,30,30,0,0,100,12.0,5,40,99,0.0,1,flat,6.488399999999395,5.350500000001233,-42.152232677919535,-58.1591992860121,94.92141515341318,94.84338858905174,6.488399999999395,5.35049999999999,101.0,147.0,0.0,0.0,8.0,10.0,1.0,1.0,5.0,5.0,19.0,27.0,-1.4600000000000004,-5.8599999999999985,-99.35116000000006,-99.46495,1,1
0.01,1.0,1440,1,30,30,0,0,50,8.0,18,0,5,0.01,3,inc_every3,6.487800000000799,7.32788000000043,-42.15330322021086,-54.05437365363478,95.84355179704059,93.14831229546519,6.487800000000078,7.327880000000132,56.0,34.0,0.0,0.0,0.0,0.0,4.0,4.0,14.0,12.0,0.0,0.0,-1.5,-0.22999999999999998,-99.35122,-99.26721199999999,1,1
0.01,1.0,1440,1,30,30,0,0,100,3.0,12,0,99,0.0,1,flat,6.486900000001864,3.1201800000000866,-42.15490918214496,-64.36283239460072,94.39092088197131,96.89286994622645,6.486900000000418,3.1201799999994115,96.0,24.0,0.0,0.0,0.0,0.0,2.0,2.0,12.0,12.0,1.0,1.0,-0.52,0.0,-99.35130999999996,-99.68798200000006,1,1
0.01,1.0,1440,1,30,30,0,0,50,3.0,12,40,3,0.01,2,inc_every2,6.486900000000459,5.331199999999603,-42.15490918214746,-58.204168220931884,94.60099875156108,95.16982766920134,6.4868999999998245,5.017100000000708,53.0,209.0,0.0,0.0,2.0,5.0,2.0,2.0,9.0,9.0,0.0,0.0,0.0,-1.45,-99.35131000000001,-99.49828999999993,1,1
0.01,1.0,1440,1,30,30,0,0,50,3.0,8,40,3,0.01,2,inc_every2,6.4869000000004515,7.443660000000461,-42.15490918214747,-53.839539706804864,94.60099875156108,92.83367671127388,6.486899999999817,7.44366000000003,53.0,219.0,0.0,0.0,2.0,5.0,2.0,2.0,8.0,8.0,2.0,8.0,0.0,-0.8200000000000001,-99.35131000000001,-99.255634,1,1
0.01,1.0,1440,1,30,30,0,0,50,3.0,18,40,3,0.01,2,inc_every2,6.486900000000459,5.331199999999603,-42.15490918214746,-58.204168220931884,94.60099875156108,95.16982766920134,6.4868999999998245,5.017100000000708,53.0,209.0,0.0,0.0,2.0,5.0,2.0,2.0,9.0,9.0,0.0,0.0,0.0,-1.45,-99.35131000000001,-99.49828999999993,1,1
0.01,1.0,1440,1,30,30,0,0,50,5.3,5,40,99,0.0,1,flat,6.4835499999998305,5.325500000000531,-42.16088849613254,-58.21747107117321,94.72109591271814,94.72304795877916,6.4835499999998305,5.32550000000014,215.0,219.0,0.0,0.0,8.0,8.0,1.0,1.0,5.0,5.0,50.0,43.0,-1.7800000000000002,-4.1499999999999995,-99.35164500000002,-99.46744999999999,1,1
0.01,1.0,1440,1,30,30,0,0,50,5.3,5,40,5,0.01,3,inc_every3,6.4835499999998305,5.325500000000531,-42.16088849613254,-58.21747107117321,94.72109591271814,94.72304795877916,6.4835499999998305,5.32550000000014,215.0,219.0,0.0,0.0,8.0,8.0,1.0,1.0,5.0,5.0,50.0,43.0,-1.7800000000000002,-4.1499999999999995,-99.35164500000002,-99.46744999999999,1,1
0.01,1.0,1440,1,30,30,0,0,50,5.3,5,40,5,0.01,1,inc_every1,6.4835499999998305,5.325500000000531,-42.16088849613254,-58.21747107117321,94.72109591271814,94.72304795877916,6.4835499999998305,5.32550000000014,215.0,219.0,0.0,0.0,8.0,8.0,1.0,1.0,5.0,5.0,50.0,43.0,-1.7800000000000002,-4.1499999999999995,-99.35164500000002,-99.46744999999999,1,1
0.01,1.0,1440,1,30,30,0,0,50,5.3,18,0,99,0.0,1,flat,6.482000000001754,7.283500000001123,-42.163655880637144,-54.13735448698736,95.11124519194544,92.83331693397565,6.481999999999935,7.283500000000906,83.0,21.0,0.0,0.0,0.0,0.0,3.0,2.0,18.0,18.0,1.0,1.0,-1.1,0.0,-99.35180000000001,-99.27164999999991,1,1
0.01,1.0,1440,1,30,30,0,0,100,3.0,8,0,5,0.01,3,inc_every3,6.482000000000276,3.1187100000005827,-42.16365588063978,-64.36782941864618,94.39515780371869,96.89433379804817,6.481999999999573,3.1187100000000534,103.0,24.0,0.0,0.0,0.0,0.0,2.0,2.0,8.0,8.0,1.0,1.0,-0.52,0.0,-99.35180000000004,-99.68812899999999,1,1
0.01,1.0,1440,1,30,30,0,0,50,5.3,18,0,5,0.01,1,inc_every1,6.478700000001908,7.274819999998694,-42.16954949509187,-54.15362567497829,95.64046833995036,93.08740022805169,6.478700000000245,7.274819999998694,87.0,11.0,0.0,0.0,0.0,0.0,4.0,2.0,11.0,10.0,0.0,0.0,-1.6600000000000001,0.0,-99.35212999999997,-99.27251800000013,1,1
0.01,1.0,1440,1,30,30,0,0,50,5.3,12,0,5,0.01,1,inc_every1,6.478700000001908,7.274819999998694,-42.16954949509187,-54.15362567497829,95.64046833995036,93.08740022805169,6.478700000000245,7.274819999998694,87.0,11.0,0.0,0.0,0.0,0.0,4.0,2.0,11.0,10.0,0.0,0.0,-1.6600000000000001,0.0,-99.35212999999997,-99.27251800000013,1,1
0.01,1.0,1440,1,30,30,0,0,50,8.0,18,0,99,0.0,1,flat,6.478700000001393,8.326320000000496,-42.169549495092795,-52.27431608423665,95.462777505428,92.01082325849221,6.478699999999936,8.326319999999733,53.0,18.0,0.0,0.0,0.0,0.0,3.0,2.0,18.0,18.0,1.0,1.0,-1.08,0.0,-99.35213,-99.16736800000002,1,1
0.01,1.0,1440,1,30,30,0,0,100,5.3,8,40,99,0.0,1,flat,6.475000000000751,7.442819999999543,-42.17616034320104,-53.841089874930326,94.72204108249089,92.67799311362607,6.475000000000417,7.442819999999287,268.0,159.0,0.0,0.0,8.0,5.0,1.0,1.0,8.0,8.0,9.0,6.0,-1.6800000000000002,-3.2800000000000002,-99.35249999999996,-99.25571800000007,1,1
0.01,1.0,1440,1,30,30,0,0,100,5.3,12,40,99,0.0,1,flat,6.4750000000001116,7.442820000000623,-42.176160343202184,-53.841089874928336,94.7220410824914,92.67799311362558,6.474999999999788,7.442819999999784,267.0,158.0,0.0,0.0,8.0,5.0,1.0,1.0,9.0,9.0,0.0,0.0,-1.6800000000000002,-3.2800000000000002,-99.35250000000002,-99.25571800000002,1,1
0.01,1.0,1440,1,30,30,0,0,100,5.3,18,40,99,0.0,1,flat,6.4750000000001116,7.442820000000623,-42.176160343202184,-53.841089874928336,94.7220410824914,92.67799311362558,6.474999999999788,7.442819999999784,267.0,158.0,0.0,0.0,8.0,5.0,1.0,1.0,9.0,9.0,0.0,0.0,-1.6800000000000002,-3.2800000000000002,-99.35250000000002,-99.25571800000002,1,1
0.01,1.0,1440,1,30,30,0,0,100,8.0,8,0,3,0.01,2,inc_every2,6.4747000000008,7.290710000000402,-42.17669649033275,-54.12384925616789,94.98163075492182,93.05514383692108,6.474700000000002,7.290710000000402,53.0,18.0,0.0,0.0,0.0,0.0,3.0,2.0,8.0,8.0,1.0,1.0,-0.72,0.0,-99.35253,-99.27092899999997,1,1
0.01,1.0,1440,1,30,30,0,0,100,8.0,18,0,3,0.01,2,inc_every2,6.47470000000042,7.291410000000742,-42.176696490333434,-54.12253856840934,95.35863799283172,93.05447704324588,6.47469999999991,7.291410000000621,50.0,19.0,0.0,0.0,0.0,0.0,3.0,2.0,9.0,9.0,0.0,0.0,-0.6400000000000001,0.0,-99.35253000000002,-99.27085899999994,1,1
0.01,1.0,1440,1,30,30,0,0,100,8.0,12,0,3,0.01,2,inc_every2,6.47470000000042,7.291410000000742,-42.176696490333434,-54.12253856840934,95.35863799283172,93.05447704324588,6.47469999999991,7.291410000000621,50.0,19.0,0.0,0.0,0.0,0.0,3.0,2.0,9.0,9.0,0.0,0.0,-0.6400000000000001,0.0,-99.35253000000002,-99.27085899999994,1,1
0.01,1.0,1440,1,30,30,0,0,100,5.3,8,0,3,0.01,2,inc_every2,6.4736999999991625,5.208149999999918,-42.17848379096362,-58.49359661319479,94.86010321556255,94.9474679860304,6.473699999998981,5.208149999999911,89.0,20.0,0.0,0.0,0.0,0.0,3.0,2.0,8.0,8.0,1.0,1.0,-0.73,0.0,-99.3526300000001,-99.47918500000002,1,1
0.01,1.0,1440,1,30,30,0,0,100,18.0,8,0,3,0.01,2,inc_every2,6.470950000001096,5.176200000001163,-42.18340000662967,-58.569531114866265,95.01813072599933,95.1606207928195,6.4709499999997355,5.176200000000307,22.0,7.0,0.0,0.0,0.0,0.0,3.0,2.0,8.0,8.0,1.0,1.0,-0.5800000000000001,0.0,-99.35290500000002,-99.48237999999996,1,1
0.01,1.0,1440,1,30,30,0,0,100,12.0,18,0,3,0.01,2,inc_every2,6.469450000001096,7.291409999999754,-42.18608228322942,-54.122538568411194,95.57129654983542,93.02657804131731,6.469450000000439,7.291409999998688,38.0,13.0,0.0,0.0,0.0,0.0,3.0,2.0,10.0,9.0,0.0,0.0,-0.6,0.0,-99.35305499999996,-99.27085900000013,1,1
0.01,1.0,1440,1,30,30,0,0,100,12.0,12,0,3,0.01,2,inc_every2,6.469450000001096,7.291409999999754,-42.18608228322942,-54.122538568411194,95.57129654983542,93.02657804131731,6.469450000000439,7.291409999998688,38.0,13.0,0.0,0.0,0.0,0.0,3.0,2.0,10.0,9.0,0.0,0.0,-0.6,0.0,-99.35305499999996,-99.27085900000013,1,1
0.01,1.0,1440,1,30,30,0,0,75,18.0,8,0,3,0.01,2,inc_every2,6.469450000001423,7.291410000000283,-42.18608228322884,-54.12253856841021,95.75244567001549,93.36178987618361,6.469450000000101,7.291410000000283,23.0,10.0,0.0,0.0,0.0,0.0,3.0,2.0,8.0,8.0,2.0,1.0,-0.78,0.0,-99.35305499999998,-99.27085899999997,1,1
0.01,1.0,1440,1,30,30,0,0,75,12.0,18,0,5,0.01,3,inc_every3,6.469449999999917,7.291409999999395,-42.18608228323153,-54.12253856841187,95.61630979807668,93.00718327419325,6.469449999999821,7.291409999998905,35.0,14.0,0.0,0.0,0.0,0.0,3.0,2.0,12.0,11.0,0.0,0.0,-0.68,0.0,-99.35305500000001,-99.27085900000012,1,1
0.01,1.0,1440,1,30,30,0,0,75,12.0,12,0,5,0.01,3,inc_every3,6.469449999999917,7.291409999999395,-42.18608228323153,-54.12253856841187,95.61630979807668,93.00718327419325,6.469449999999821,7.291409999998905,35.0,14.0,0.0,0.0,0.0,0.0,3.0,2.0,12.0,11.0,1.0,0.0,-0.68,0.0,-99.35305500000001,-99.27085900000012,1,1
0.01,1.0,1440,1,30,30,0,0,100,12.0,18,0,5,0.01,1,inc_every1,6.4690500000001485,5.211500000000825,-42.186797641004745,-58.48565375077426,95.5658030022622,94.977351580571,6.4690500000001485,5.2114999999995995,36.0,13.0,0.0,0.0,0.0,0.0,3.0,2.0,10.0,9.0,0.0,0.0,-0.53,0.0,-99.35309499999998,-99.47885000000004,1,1
0.01,1.0,1440,1,30,30,0,0,100,12.0,12,0,5,0.01,1,inc_every1,6.4690500000001485,5.211500000000825,-42.186797641004745,-58.48565375077426,95.5658030022622,94.977351580571,6.4690500000001485,5.2114999999995995,36.0,13.0,0.0,0.0,0.0,0.0,3.0,2.0,10.0,9.0,0.0,0.0,-0.53,0.0,-99.35309499999998,-99.47885000000004,1,1
0.01,1.0,1440,1,30,30,0,0,100,18.0,18,0,3,0.01,2,inc_every2,6.464900000001425,7.293159999999688,-42.194221566429,-54.11926223566179,95.45141771617574,93.1814136125658,6.464899999999748,7.2931599999996735,22.0,10.0,0.0,0.0,0.0,0.0,3.0,2.0,9.0,9.0,0.0,0.0,-0.6500000000000001,0.0,-99.35351000000003,-99.27068400000003,1,1
0.01,1.0,1440,1,30,30,0,0,100,18.0,12,0,3,0.01,2,inc_every2,6.464900000001425,7.293159999999688,-42.194221566429,-54.11926223566179,95.45141771617574,93.1814136125658,6.464899999999748,7.2931599999996735,22.0,10.0,0.0,0.0,0.0,0.0,3.0,2.0,9.0,9.0,0.0,0.0,-0.6500000000000001,0.0,-99.35351000000003,-99.27068400000003,1,1
0.01,1.0,1440,1,30,30,0,0,75,8.0,12,0,5,0.01,3,inc_every3,6.464900000000217,7.29141000000039,-42.19422156643117,-54.12253856841001,95.40975575120844,92.95039156917706,6.464899999999659,7.29141000000039,47.0,18.0,0.0,0.0,0.0,0.0,3.0,2.0,12.0,11.0,1.0,0.0,-0.75,0.0,-99.35351000000003,-99.27085899999996,1,1
0.01,1.0,1440,1,30,30,0,0,75,8.0,18,0,5,0.01,3,inc_every3,6.464900000000217,7.29141000000039,-42.19422156643117,-54.12253856841001,95.40975575120844,92.95039156917706,6.464899999999659,7.29141000000039,47.0,18.0,0.0,0.0,0.0,0.0,3.0,2.0,12.0,11.0,0.0,0.0,-0.75,0.0,-99.35351000000003,-99.27085899999996,1,1
0.01,1.0,1440,1,30,30,0,0,75,18.0,12,0,5,0.01,3,inc_every3,6.46340000000183,7.296100000001143,-42.19690585088344,-54.11375923956964,95.72554725216649,93.18185216334855,6.463400000000405,7.296100000000834,22.0,10.0,0.0,0.0,0.0,0.0,3.0,2.0,12.0,11.0,1.0,0.0,-0.66,0.0,-99.35365999999996,-99.27038999999992,1,1
0.01,1.0,1440,1,30,30,0,0,75,18.0,18,0,5,0.01,3,inc_every3,6.46340000000183,7.296100000001143,-42.19690585088344,-54.11375923956964,95.72554725216649,93.18185216334855,6.463400000000405,7.296100000000834,22.0,10.0,0.0,0.0,0.0,0.0,3.0,2.0,12.0,11.0,0.0,0.0,-0.66,0.0,-99.35365999999996,-99.27038999999992,1,1
0.01,1.0,1440,1,30,30,0,0,200,18.0,5,0,5,0.01,3,inc_every3,6.460000000067453,5.61790000000093,-42.202992074150615,-57.54757043966736,96.58092516139206,95.963282316592,6.460000000067453,5.617900000000191,184.0,101.0,0.0,1.0,0.0,0.0,1.0,1.0,5.0,5.0,25.0,13.0,-142.2399999999995,-45.08999999999999,-99.35399999999325,-99.43820999999998,1,1
0.01,1.0,1440,1,30,30,0,0,200,18.0,5,0,99,0.0,1,flat,6.460000000067453,5.61790000000093,-42.202992074150615,-57.54757043966736,96.58092516139206,95.963282316592,6.460000000067453,5.617900000000191,184.0,101.0,0.0,1.0,0.0,0.0,1.0,1.0,5.0,5.0,25.0,13.0,-142.2399999999995,-45.08999999999999,-99.35399999999325,-99.43820999999998,1,1
0.01,1.0,1440,1,30,30,0,0,200,18.0,5,0,5,0.01,1,inc_every1,6.460000000067453,5.61790000000093,-42.202992074150615,-57.54757043966736,96.58092516139206,95.963282316592,6.460000000067453,5.617900000000191,184.0,101.0,0.0,1.0,0.0,0.0,1.0,1.0,5.0,5.0,25.0,13.0,-142.2399999999995,-45.08999999999999,-99.35399999999325,-99.43820999999998,1,1
0.01,1.0,1440,1,30,30,0,0,150,12.0,5,40,5,0.01,1,inc_every1,6.451650000000527,5.3303000000000935,-42.21795000334594,-58.20626800655377,94.46305355303828,95.6334070615229,6.4516499999999155,5.330300000000044,99.0,229.0,0.0,0.0,7.0,14.0,1.0,1.0,5.0,5.0,11.0,25.0,-1.7800000000000002,-11.979999999999995,-99.35483500000001,-99.46696999999999,1,1
0.01,1.0,1440,1,30,30,0,0,150,12.0,5,40,99,0.0,1,flat,6.451650000000527,5.3303000000000935,-42.21795000334594,-58.20626800655377,94.46305355303828,95.6334070615229,6.4516499999999155,5.330300000000044,99.0,229.0,0.0,0.0,7.0,14.0,1.0,1.0,5.0,5.0,11.0,25.0,-1.7800000000000002,-11.979999999999995,-99.35483500000001,-99.46696999999999,1,1
0.01,1.0,1440,1,30,30,0,0,150,12.0,5,40,5,0.01,3,inc_every3,6.451650000000527,5.3303000000000935,-42.21795000334594,-58.20626800655377,94.46305355303828,95.6334070615229,6.4516499999999155,5.330300000000044,99.0,229.0,0.0,0.0,7.0,14.0,1.0,1.0,5.0,5.0,11.0,25.0,-1.7800000000000002,-11.979999999999995,-99.35483500000001,-99.46696999999999,1,1
0.01,1.0,1440,1,30,30,0,0,50,3.0,8,15,5,0.01,3,inc_every3,6.450850000001454,5.328299999999446,-42.21938391106524,-58.2109350886019,94.47843019772316,95.57328015950257,6.450850000000258,4.4400000000189905,226.0,116.0,0.0,0.0,14.0,10.0,1.0,1.0,7.0,7.0,0.0,0.0,-0.12000000000000001,-0.16,-99.35491499999998,-99.55599999999811,1,1
0.01,1.0,1440,1,30,30,0,0,50,3.0,18,15,5,0.01,3,inc_every3,6.450850000001454,5.328299999999446,-42.21938391106524,-58.2109350886019,94.47843019772316,95.57328015950257,6.450850000000258,4.4400000000189905,226.0,116.0,0.0,0.0,14.0,10.0,1.0,1.0,7.0,7.0,0.0,0.0,-0.12000000000000001,-0.16,-99.35491499999998,-99.55599999999811,1,1
0.01,1.0,1440,1,30,30,0,0,50,3.0,12,15,5,0.01,3,inc_every3,6.450850000001454,5.328299999999446,-42.21938391106524,-58.2109350886019,94.47843019772316,95.57328015950257,6.450850000000258,4.4400000000189905,226.0,116.0,0.0,0.0,14.0,10.0,1.0,1.0,7.0,7.0,0.0,0.0,-0.12000000000000001,-0.16,-99.35491499999998,-99.55599999999811,1,1
0.01,1.0,1440,1,30,30,0,0,50,3.0,8,15,5,0.01,1,inc_every1,6.450850000000219,5.328300000000992,-42.21938391106745,-58.21093508859829,94.47843019772365,95.57328015949827,6.450849999999683,4.440000000023311,226.0,114.0,0.0,0.0,14.0,10.0,1.0,1.0,7.0,7.0,0.0,0.0,-0.12000000000000001,-0.16,-99.35491500000003,-99.55599999999767,1,1
0.01,1.0,1440,1,30,30,0,0,50,3.0,18,15,5,0.01,1,inc_every1,6.450850000000219,5.328300000000992,-42.21938391106745,-58.21093508859829,94.47843019772365,95.57328015949827,6.450849999999683,4.440000000023311,226.0,114.0,0.0,0.0,14.0,10.0,1.0,1.0,7.0,7.0,0.0,0.0,-0.12000000000000001,-0.16,-99.35491500000003,-99.55599999999767,1,1
0.01,1.0,1440,1,30,30,0,0,50,3.0,12,15,5,0.01,1,inc_every1,6.450850000000219,5.328300000000992,-42.21938391106745,-58.21093508859829,94.47843019772365,95.57328015949827,6.450849999999683,4.440000000023311,226.0,114.0,0.0,0.0,14.0,10.0,1.0,1.0,7.0,7.0,0.0,0.0,-0.12000000000000001,-0.16,-99.35491500000003,-99.55599999999767,1,1
0.01,1.0,1440,1,30,30,0,0,100,8.0,5,40,3,0.01,2,inc_every2,6.440900000000795,7.384090000000434,-42.23723003521733,-53.94977848920024,95.00782824368315,94.42289274924526,6.440900000000106,7.384090000000192,173.0,293.0,0.0,0.0,9.0,14.0,1.0,1.0,5.0,5.0,22.0,42.0,-2.07,-9.269999999999998,-99.35591,-99.26159099999998,1,1
0.01,1.0,1440,1,30,30,0,0,75,12.0,5,40,5,0.01,3,inc_every3,6.4408999999999175,4.253040000000221,-42.23723003521891,-60.921928544114266,95.02556379363737,96.06309358511629,6.440899999998678,4.253040000000219,98.0,216.0,0.0,0.0,9.0,18.0,1.0,1.0,5.0,5.0,25.0,57.0,-1.7500000000000002,-14.669999999999998,-99.35591000000014,-99.57469599999997,1,1
0.01,1.0,1440,1,30,30,0,0,75,12.0,5,40,99,0.0,1,flat,6.4408999999999175,4.253040000000221,-42.23723003521891,-60.921928544114266,95.02556379363737,96.06309358511629,6.440899999998678,4.253040000000219,98.0,216.0,0.0,0.0,9.0,18.0,1.0,1.0,5.0,5.0,25.0,57.0,-1.7500000000000002,-14.669999999999998,-99.35591000000014,-99.57469599999997,1,1
0.01,1.0,1440,1,30,30,0,0,75,12.0,5,40,5,0.01,1,inc_every1,6.4408999999999175,4.253040000000221,-42.23723003521891,-60.921928544114266,95.02556379363737,96.06309358511629,6.440899999998678,4.253040000000219,98.0,216.0,0.0,0.0,9.0,18.0,1.0,1.0,5.0,5.0,25.0,57.0,-1.7500000000000002,-14.669999999999998,-99.35591000000014,-99.57469599999997,1,1
0.01,1.0,1440,1,30,30,0,0,50,5.3,8,15,3,0.01,2,inc_every2,6.740000000046985,9.400000000042446,-41.71013922839034,-50.520314270188784,95.07920716304827,90.6856916368982,6.430000000045132,9.400000000042446,152.0,104.0,0.0,0.0,19.0,15.0,0.0,0.0,7.0,7.0,0.0,0.0,-0.22999999999999998,-0.22999999999999998,-99.35699999999548,-99.05999999999575,1,1
0.01,1.0,1440,1,30,30,0,0,50,5.3,12,15,3,0.01,2,inc_every2,6.740000000046985,9.400000000042446,-41.71013922839034,-50.520314270188784,95.07920716304827,90.6856916368982,6.430000000045132,9.400000000042446,152.0,104.0,0.0,0.0,19.0,15.0,0.0,0.0,7.0,7.0,0.0,0.0,-0.22999999999999998,-0.22999999999999998,-99.35699999999548,-99.05999999999575,1,1
0.01,1.0,1440,1,30,30,0,0,50,5.3,18,15,3,0.01,2,inc_every2,6.740000000046985,9.400000000042446,-41.71013922839034,-50.520314270188784,95.07920716304827,90.6856916368982,6.430000000045132,9.400000000042446,152.0,104.0,0.0,0.0,19.0,15.0,0.0,0.0,7.0,7.0,0.0,0.0,-0.22999999999999998,-0.22999999999999998,-99.35699999999548,-99.05999999999575,1,1
0.01,1.0,1440,1,30,30,0,0,150,18.0,18,40,5,0.01,1,inc_every1,6.427899999999362,7.511840000000209,-42.260579836716595,-53.714125365947616,94.59113093234689,92.59917241379297,6.427899999999362,7.511840000000156,40.0,57.0,0.0,0.0,5.0,6.0,1.0,1.0,7.0,7.0,0.0,0.0,-0.7200000000000001,-2.6300000000000003,-99.35721000000007,-99.24881599999999,1,1
0.01,1.0,1440,1,30,30,0,0,150,18.0,12,40,5,0.01,1,inc_every1,6.427899999999362,7.511840000000209,-42.260579836716595,-53.714125365947616,94.59113093234689,92.59917241379297,6.427899999999362,7.511840000000156,40.0,57.0,0.0,0.0,5.0,6.0,1.0,1.0,7.0,7.0,0.0,0.0,-0.7200000000000001,-2.6300000000000003,-99.35721000000007,-99.24881599999999,1,1
0.01,1.0,1440,1,30,30,0,0,150,18.0,8,40,5,0.01,1,inc_every1,6.427899999999362,7.511840000000209,-42.260579836716595,-53.714125365947616,94.59113093234689,92.59917241379297,6.427899999999362,7.511840000000156,40.0,57.0,0.0,0.0,5.0,6.0,1.0,1.0,7.0,7.0,0.0,0.0,-0.7200000000000001,-2.6300000000000003,-99.35721000000007,-99.24881599999999,1,1
0.01,1.0,1440,1,30,30,0,0,50,12.0,8,0,5,0.01,1,inc_every1,6.424850000002172,7.27657000000022,-42.266063529394984,-54.15034409642636,95.98772872041472,93.3266966250923,6.424850000000379,7.276569999999872,35.0,12.0,0.0,0.0,0.0,0.0,2.0,2.0,8.0,8.0,5.0,1.0,-4.5,0.0,-99.35751499999996,-99.272343,1,1
0.01,1.0,1440,1,30,30,0,0,100,5.3,5,40,5,0.01,3,inc_every3,6.423500000000189,5.309900000000127,-42.26849140245815,-58.25393008774651,94.76402021519431,94.77629119527803,6.423499999999869,5.309900000000013,156.0,99.0,0.0,0.0,5.0,4.0,1.0,1.0,5.0,5.0,13.0,8.0,-1.2100000000000002,-0.77,-99.35765,-99.46901,1,1
0.01,1.0,1440,1,30,30,0,0,100,5.3,5,40,99,0.0,1,flat,6.423500000000189,5.309900000000127,-42.26849140245815,-58.25393008774651,94.76402021519431,94.77629119527803,6.423499999999869,5.309900000000013,156.0,99.0,0.0,0.0,5.0,4.0,1.0,1.0,5.0,5.0,13.0,8.0,-1.2100000000000002,-0.77,-99.35765,-99.46901,1,1
0.01,1.0,1440,1,30,30,0,0,100,5.3,5,40,5,0.01,1,inc_every1,6.423500000000189,5.309900000000127,-42.26849140245815,-58.25393008774651,94.76402021519431,94.77629119527803,6.423499999999869,5.309900000000013,156.0,99.0,0.0,0.0,5.0,4.0,1.0,1.0,5.0,5.0,13.0,8.0,-1.2100000000000002,-0.77,-99.35765,-99.46901,1,1
0.01,1.0,1440,1,30,30,0,0,50,18.0,18,40,3,0.01,2,inc_every2,6.417600000000487,5.334850000000781,-42.27910689905537,-58.19565497537014,96.725213042813,97.13826306190352,6.417599999999805,5.334850000000062,33.0,52.0,0.0,0.0,7.0,15.0,3.0,2.0,9.0,10.0,0.0,0.0,-1.2100000000000002,-3.13,-99.35824000000002,-99.46651499999999,1,1
0.01,1.0,1440,1,30,30,0,0,50,18.0,12,40,3,0.01,2,inc_every2,6.417600000000487,5.334850000000781,-42.27910689905537,-58.19565497537014,96.725213042813,97.13826306190352,6.417599999999805,5.334850000000062,33.0,52.0,0.0,0.0,7.0,15.0,3.0,2.0,9.0,10.0,0.0,0.0,-1.2100000000000002,-3.13,-99.35824000000002,-99.46651499999999,1,1
0.01,1.0,1440,1,30,30,0,0,200,5.3,18,0,5,0.01,1,inc_every1,6.41465000000013,4.2273599999997415,-42.28441757498687,-60.99229254714287,95.00377755276931,96.230619705752,6.41465000000013,4.227359999999681,74.0,51.0,0.0,0.0,0.0,0.0,2.0,2.0,9.0,8.0,0.0,0.0,-0.7300000000000001,-0.4800000000000001,-99.35853499999999,-99.57726400000003,1,1
0.01,1.0,1440,1,30,30,0,0,200,5.3,12,0,5,0.01,1,inc_every1,6.41465000000013,4.2273599999997415,-42.28441757498687,-60.99229254714287,95.00377755276931,96.230619705752,6.41465000000013,4.227359999999681,74.0,51.0,0.0,0.0,0.0,0.0,2.0,2.0,9.0,8.0,0.0,0.0,-0.7300000000000001,-0.4800000000000001,-99.35853499999999,-99.57726400000003,1,1
0.01,1.0,1440,1,30,30,0,0,100,8.0,18,0,99,0.0,1,flat,6.414650000000101,3.1223700000003447,-42.28441757498692,-64.35539091462567,95.5151716423132,96.97679124709542,6.41464999999987,3.122369999999913,55.0,14.0,0.0,0.0,0.0,0.0,2.0,2.0,16.0,13.0,0.0,0.0,-4.130000000000001,0.0,-99.35853500000002,-99.687763,1,1
0.01,1.0,1440,1,30,30,0,0,50,18.0,12,0,3,0.01,2,inc_every2,6.412600000001559,7.276360000001418,-42.288109195281024,-54.15073785657771,96.72776445374326,93.62561541830847,6.412599999999781,7.276360000001269,37.0,9.0,0.0,0.0,0.0,0.0,7.0,3.0,12.0,11.0,2.0,0.0,-1.9600000000000002,0.0,-99.35874000000003,-99.27236399999987,1,1
0.01,1.0,1440,1,30,30,0,0,100,12.0,18,0,99,0.0,1,flat,6.41235000000049,4.162200000000274,-42.28855945745666,-61.17219055934468,95.92866666666657,95.9886276021592,6.41235000000049,4.1621999999996575,38.0,12.0,0.0,0.0,0.0,0.0,2.0,2.0,18.0,14.0,1.0,0.0,-4.300000000000001,0.0,-99.35876499999995,-99.58378000000003,1,1
0.01,1.0,1440,1,30,30,0,0,100,18.0,18,0,99,0.0,1,flat,6.412350000000256,4.163160000000566,-42.288559457457076,-61.169525820207774,96.09122218835724,96.07545248868784,6.41234999999994,4.1631599999999445,25.0,8.0,0.0,0.0,0.0,0.0,2.0,2.0,18.0,14.0,1.0,0.0,-4.520000000000001,0.0,-99.358765,-99.583684,1,1
0.01,1.0,1440,1,30,30,0,0,150,18.0,5,40,3,0.01,2,inc_every2,6.4072500000003885,7.463050000000585,-42.29774787222092,-53.80379076482254,94.58801419038826,92.6472413793098,6.4072499999995145,7.463050000000578,27.0,72.0,0.0,0.0,4.0,8.0,1.0,1.0,5.0,5.0,4.0,12.0,-0.45,-4.429999999999999,-99.35927500000005,-99.25369499999994,1,1
0.01,1.0,1440,1,30,30,0,0,150,8.0,12,0,99,0.0,1,flat,6.400100000000958,4.199039999999677,-42.31063952442498,-61.07023923431277,94.76045845272297,96.46396631579013,6.400100000000258,4.199039999999677,56.0,42.0,0.0,0.0,0.0,0.0,2.0,2.0,12.0,12.0,1.0,1.0,-3.1099999999999994,-0.49,-99.35998999999997,-99.58009600000003,1,1
0.01,1.0,1440,1,30,30,0,0,50,18.0,8,0,5,0.01,1,inc_every1,6.40010000000029,7.288749999999965,-42.31063952442617,-54.12751965221294,96.13099987909584,93.46183171869431,6.400100000000165,7.288749999999965,28.0,10.0,0.0,0.0,0.0,0.0,2.0,2.0,8.0,8.0,6.0,1.0,-4.710000000000001,0.0,-99.35998999999998,-99.271125,1,1
0.01,1.0,1440,1,30,30,0,0,150,3.0,5,0,5,0.01,3,inc_every3,6.400100000000194,5.445050000001771,-42.31063952442635,-57.940529416146816,94.05029283257474,94.56690281381232,6.400099999999554,5.445050000000265,83.0,377.0,0.0,1.0,0.0,0.0,1.0,1.0,5.0,5.0,2.0,12.0,-1.58,-25.15000000000003,-99.35999000000004,-99.45549499999997,1,1
0.01,1.0,1440,1,30,30,0,0,150,3.0,5,0,5,0.01,1,inc_every1,6.400100000000194,5.445050000001771,-42.31063952442635,-57.940529416146816,94.05029283257474,94.56690281381232,6.400099999999554,5.445050000000265,83.0,377.0,0.0,1.0,0.0,0.0,1.0,1.0,5.0,5.0,2.0,12.0,-1.58,-25.15000000000003,-99.35999000000004,-99.45549499999997,1,1
0.01,1.0,1440,1,30,30,0,0,150,3.0,5,0,99,0.0,1,flat,6.400100000000194,5.445050000001771,-42.31063952442635,-57.940529416146816,94.05029283257474,94.56690281381232,6.400099999999554,5.445050000000265,83.0,377.0,0.0,1.0,0.0,0.0,1.0,1.0,5.0,5.0,2.0,12.0,-1.58,-25.15000000000003,-99.35999000000004,-99.45549499999997,1,1
0.01,1.0,1440,1,30,30,0,0,150,8.0,3,40,3,0.01,2,inc_every2,6.400000000044379,3.3427200000004493,-42.310819908843534,-63.62468403958134,94.31666814666225,97.21625582944735,6.400000000043896,3.34272,191.0,412.0,0.0,1.0,8.0,15.0,0.0,1.0,3.0,3.0,36.0,89.0,-1.7500000000000004,-22.42000000000004,-99.35999999999561,-99.665728,1,1
0.01,1.0,1440,1,30,30,0,0,150,8.0,3,40,5,0.01,1,inc_every1,6.400000000044379,3.3427200000004493,-42.310819908843534,-63.62468403958134,94.31666814666225,97.21625582944735,6.400000000043896,3.34272,191.0,412.0,0.0,1.0,8.0,15.0,0.0,1.0,3.0,3.0,36.0,89.0,-1.7500000000000004,-22.42000000000004,-99.35999999999561,-99.665728,1,1
0.01,1.0,1440,1,30,30,0,0,150,8.0,3,40,5,0.01,3,inc_every3,6.400000000044379,3.3427200000004493,-42.310819908843534,-63.62468403958134,94.31666814666225,97.21625582944735,6.400000000043896,3.34272,191.0,412.0,0.0,1.0,8.0,15.0,0.0,1.0,3.0,3.0,36.0,89.0,-1.7500000000000004,-22.42000000000004,-99.35999999999561,-99.665728,1,1
0.01,1.0,1440,1,30,30,0,0,150,8.0,3,40,99,0.0,1,flat,6.400000000044379,3.3427200000004493,-42.310819908843534,-63.62468403958134,94.31666814666225,97.21625582944735,6.400000000043896,3.34272,191.0,412.0,0.0,1.0,8.0,15.0,0.0,1.0,3.0,3.0,36.0,89.0,-1.7500000000000004,-22.42000000000004,-99.35999999999561,-99.665728,1,1
0.01,1.0,1440,1,30,30,0,0,150,18.0,12,0,5,0.01,3,inc_every3,6.399850000000235,3.1261200000001192,-42.31109048989568,-64.34265716357412,96.10619980530619,96.9200788177339,6.399849999999738,3.1261200000001192,27.0,8.0,0.0,0.0,0.0,0.0,2.0,2.0,11.0,9.0,0.0,0.0,-4.78,0.0,-99.36001500000003,-99.68738799999998,1,1
0.01,1.0,1440,1,30,30,0,0,150,18.0,18,0,5,0.01,3,inc_every3,6.399850000000235,3.1261200000001192,-42.31109048989568,-64.34265716357412,96.10619980530619,96.9200788177339,6.399849999999738,3.1261200000001192,27.0,8.0,0.0,0.0,0.0,0.0,2.0,2.0,11.0,9.0,0.0,0.0,-4.78,0.0,-99.36001500000003,-99.68738799999998,1,1
0.01,1.0,1440,1,30,30,0,0,100,8.0,18,40,99,0.0,1,flat,6.399200000001379,5.288150000000513,-42.31226306606306,-58.30488816103101,94.89248942453521,96.00773818511317,6.399199999999997,5.288149999999483,144.0,278.0,0.0,0.0,7.0,13.0,1.0,1.0,9.0,9.0,0.0,0.0,-1.6900000000000004,-8.88,-99.36008,-99.47118500000005,1,1
0.01,1.0,1440,1,30,30,0,0,100,8.0,12,40,99,0.0,1,flat,6.399200000001379,5.288150000000513,-42.31226306606306,-58.30488816103101,94.89248942453521,96.00773818511317,6.399199999999997,5.288149999999483,144.0,278.0,0.0,0.0,7.0,13.0,1.0,1.0,9.0,9.0,0.0,0.0,-1.6900000000000004,-8.88,-99.36008,-99.47118500000005,1,1
0.01,1.0,1440,1,30,30,0,0,100,18.0,8,0,5,0.01,3,inc_every3,6.398199999999548,3.1201800000006106,-42.31406721544702,-64.36283239459894,94.86542011074614,97.05865384615372,6.3981999999993135,3.1201800000001434,28.0,8.0,0.0,0.0,0.0,0.0,2.0,2.0,8.0,8.0,2.0,1.0,-3.0800000000000005,0.0,-99.36018000000007,-99.68798199999999,1,1
0.01,1.0,1440,1,30,30,0,0,75,3.0,5,40,99,0.0,1,flat,6.397600000000022,8.230000000033165,-42.315149813340625,-52.43927916877068,94.37820738137151,91.78314696482481,6.397599999999674,8.230000000031538,344.0,146.0,0.0,0.0,6.0,4.0,1.0,0.0,5.0,5.0,23.0,11.0,-1.4500000000000002,-0.78,-99.36024000000003,-99.17699999999685,1,1
0.01,1.0,1440,1,30,30,0,0,75,3.0,5,40,5,0.01,1,inc_every1,6.397600000000022,8.230000000033165,-42.315149813340625,-52.43927916877068,94.37820738137151,91.78314696482481,6.397599999999674,8.230000000031538,344.0,146.0,0.0,0.0,6.0,4.0,1.0,0.0,5.0,5.0,23.0,11.0,-1.4500000000000002,-0.78,-99.36024000000003,-99.17699999999685,1,1
0.01,1.0,1440,1,30,30,0,0,75,3.0,5,40,5,0.01,3,inc_every3,6.397600000000022,8.230000000033165,-42.315149813340625,-52.43927916877068,94.37820738137151,91.78314696482481,6.397599999999674,8.230000000031538,344.0,146.0,0.0,0.0,6.0,4.0,1.0,0.0,5.0,5.0,23.0,11.0,-1.4500000000000002,-0.78,-99.36024000000003,-99.17699999999685,1,1
0.01,1.0,1440,1,30,30,0,0,200,12.0,8,0,3,0.01,2,inc_every2,6.397250000000756,7.414399999999553,-42.31578136628299,-53.893609800476725,95.62221994114819,94.30668816708976,6.397250000000636,7.414399999999553,38.0,34.0,0.0,0.0,0.0,0.0,2.0,2.0,8.0,8.0,2.0,1.0,-4.0200000000000005,-0.79,-99.36027499999993,-99.25856000000005,1,1
0.01,1.0,1440,1,30,30,0,0,200,12.0,18,0,3,0.01,2,inc_every2,6.397250000000756,7.41439999999956,-42.31578136628299,-53.89360980047672,95.62221994114819,94.30668816709009,6.397250000000636,7.414399999999127,38.0,34.0,0.0,0.0,0.0,0.0,2.0,2.0,8.0,8.0,0.0,0.0,-4.0200000000000005,-0.79,-99.36027499999993,-99.25856000000009,1,1
0.01,1.0,1440,1,30,30,0,0,200,12.0,12,0,3,0.01,2,inc_every2,6.397250000000756,7.41439999999956,-42.31578136628299,-53.89360980047672,95.62221994114819,94.30668816709009,6.397250000000636,7.414399999999127,38.0,34.0,0.0,0.0,0.0,0.0,2.0,2.0,8.0,8.0,0.0,0.0,-4.0200000000000005,-0.79,-99.36027499999993,-99.25856000000009,1,1
0.01,1.0,1440,1,30,30,0,0,200,18.0,8,0,3,0.01,2,inc_every2,6.397250000000604,7.423079999999267,-42.31578136628327,-53.877554255520685,95.94623281160932,94.64540142826327,6.397249999999641,7.423079999999267,26.0,23.0,0.0,0.0,0.0,0.0,2.0,2.0,8.0,8.0,2.0,1.0,-4.050000000000001,-0.5800000000000001,-99.36027500000003,-99.25769200000008,1,1
0.01,1.0,1440,1,30,30,0,0,50,3.0,5,40,5,0.01,3,inc_every3,6.396950000000425,5.3415000000004245,-42.31632271937632,-58.18015505319255,94.50905579399141,94.67447657028919,6.396950000000263,5.341500000000021,146.0,278.0,0.0,0.0,4.0,6.0,1.0,1.0,5.0,5.0,19.0,32.0,-0.76,-2.7100000000000004,-99.36030499999997,-99.46585,1,1
0.01,1.0,1440,1,30,30,0,0,50,3.0,5,40,5,0.01,1,inc_every1,6.396950000000425,5.3415000000004245,-42.31632271937632,-58.18015505319255,94.50905579399141,94.67447657028919,6.396950000000263,5.341500000000021,146.0,278.0,0.0,0.0,4.0,6.0,1.0,1.0,5.0,5.0,19.0,32.0,-0.76,-2.7100000000000004,-99.36030499999997,-99.46585,1,1
0.01,1.0,1440,1,30,30,0,0,50,3.0,5,40,99,0.0,1,flat,6.396950000000425,5.3415000000004245,-42.31632271937632,-58.18015505319255,94.50905579399141,94.67447657028919,6.396950000000263,5.341500000000021,146.0,278.0,0.0,0.0,4.0,6.0,1.0,1.0,5.0,5.0,19.0,32.0,-0.76,-2.7100000000000004,-99.36030499999997,-99.46585,1,1
0.01,1.0,1440,1,30,30,0,0,150,12.0,12,0,5,0.01,3,inc_every3,6.394800000001155,7.4118799999995915,-42.320203010927656,-53.8982735605321,95.75209246711967,94.54928665980455,6.394799999999911,7.4118799999995915,39.0,39.0,0.0,0.0,0.0,0.0,2.0,2.0,11.0,10.0,0.0,0.0,-4.78,-0.91,-99.36052000000001,-99.25881200000003,1,1
0.01,1.0,1440,1,30,30,0,0,150,12.0,18,0,5,0.01,3,inc_every3,6.394800000001155,7.4118799999995915,-42.320203010927656,-53.8982735605321,95.75209246711967,94.54928665980455,6.394799999999911,7.4118799999995915,39.0,39.0,0.0,0.0,0.0,0.0,2.0,2.0,11.0,10.0,0.0,0.0,-4.78,-0.91,-99.36052000000001,-99.25881200000003,1,1
0.01,1.0,1440,1,30,30,0,0,200,18.0,18,0,5,0.01,1,inc_every1,6.3945500000022015,3.155280000000488,-42.320654275339464,-64.24400378737516,95.91898015189206,97.7415503543053,6.394550000001033,3.1552800000003245,26.0,47.0,0.0,0.0,0.0,0.0,2.0,3.0,9.0,9.0,0.0,0.0,-4.51,-1.24,-99.3605449999999,-99.68447199999997,1,1
0.01,1.0,1440,1,30,30,0,0,200,18.0,12,0,5,0.01,1,inc_every1,6.3945500000022015,3.155280000000488,-42.320654275339464,-64.24400378737516,95.91898015189206,97.7415503543053,6.394550000001033,3.1552800000003245,26.0,47.0,0.0,0.0,0.0,0.0,2.0,3.0,9.0,9.0,0.0,0.0,-4.51,-1.24,-99.3605449999999,-99.68447199999997,1,1
0.01,1.0,1440,1,30,30,0,0,200,3.0,5,0,5,0.01,3,inc_every3,6.3945500000008195,5.445050000000009,-42.320654275341965,-57.940529416150866,94.1666210545524,95.43085508097768,6.3945499999998106,5.445049999999753,88.0,390.0,0.0,1.0,0.0,0.0,1.0,1.0,5.0,5.0,2.0,8.0,-1.55,-22.970000000000027,-99.36054500000002,-99.45549500000003,1,1
0.01,1.0,1440,1,30,30,0,0,200,3.0,5,0,5,0.01,1,inc_every1,6.3945500000008195,5.445050000000009,-42.320654275341965,-57.940529416150866,94.1666210545524,95.43085508097768,6.3945499999998106,5.445049999999753,88.0,390.0,0.0,1.0,0.0,0.0,1.0,1.0,5.0,5.0,2.0,8.0,-1.55,-22.970000000000027,-99.36054500000002,-99.45549500000003,1,1
0.01,1.0,1440,1,30,30,0,0,200,3.0,5,0,99,0.0,1,flat,6.3945500000008195,5.445050000000009,-42.320654275341965,-57.940529416150866,94.1666210545524,95.43085508097768,6.3945499999998106,5.445049999999753,88.0,390.0,0.0,1.0,0.0,0.0,1.0,1.0,5.0,5.0,2.0,8.0,-1.55,-22.970000000000027,-99.36054500000002,-99.45549500000003,1,1
0.01,1.0,1440,1,30,30,0,0,200,18.0,12,0,3,0.01,2,inc_every2,6.3945499999998,7.423079999999267,-42.320654275343806,-53.877554255520685,96.01660125833249,94.64540142826327,6.3945499999998,7.423079999999267,26.0,23.0,0.0,0.0,0.0,0.0,2.0,2.0,9.0,8.0,0.0,0.0,-4.89,-0.5800000000000001,-99.36054500000002,-99.25769200000008,1,1
0.01,1.0,1440,1,30,30,0,0,200,18.0,18,0,3,0.01,2,inc_every2,6.3945499999998,7.423079999999267,-42.320654275343806,-53.877554255520685,96.01660125833249,94.64540142826327,6.3945499999998,7.423079999999267,26.0,23.0,0.0,0.0,0.0,0.0,2.0,2.0,9.0,8.0,0.0,0.0,-4.89,-0.5800000000000001,-99.36054500000002,-99.25769200000008,1,1
0.01,1.0,1440,1,30,30,0,0,150,8.0,18,0,99,0.0,1,flat,6.3934000000003195,4.195920000000864,-42.32273027342583,-61.07884913978337,94.7659435120767,96.46659368421058,6.393399999999666,4.195920000000395,56.0,43.0,0.0,0.0,0.0,0.0,2.0,2.0,13.0,13.0,0.0,0.0,-3.1099999999999994,-0.49,-99.36066000000004,-99.58040799999996,1,1
0.01,1.0,1440,1,30,30,0,0,100,3.0,5,0,5,0.01,3,inc_every3,6.3920500000012055,5.43155000000084,-42.32516769581092,-57.97158737673097,94.47293558149605,94.5911670981872,6.392050000000069,5.431550000000442,104.0,355.0,0.0,1.0,0.0,0.0,1.0,1.0,5.0,5.0,6.0,18.0,-1.83,-26.900000000000034,-99.360795,-99.45684499999996,1,1
0.01,1.0,1440,1,30,30,0,0,100,3.0,5,0,99,0.0,1,flat,6.3920500000012055,5.43155000000084,-42.32516769581092,-57.97158737673097,94.47293558149605,94.5911670981872,6.392050000000069,5.431550000000442,104.0,355.0,0.0,1.0,0.0,0.0,1.0,1.0,5.0,5.0,6.0,18.0,-1.83,-26.900000000000034,-99.360795,-99.45684499999996,1,1
0.01,1.0,1440,1,30,30,0,0,100,3.0,5,0,5,0.01,1,inc_every1,6.3920500000012055,5.43155000000084,-42.32516769581092,-57.97158737673097,94.47293558149605,94.5911670981872,6.392050000000069,5.431550000000442,104.0,355.0,0.0,1.0,0.0,0.0,1.0,1.0,5.0,5.0,6.0,18.0,-1.83,-26.900000000000034,-99.360795,-99.45684499999996,1,1
0.01,1.0,1440,1,30,30,0,0,300,3.0,5,0,5,0.01,3,inc_every3,6.392050000000907,5.423799999999062,-42.32516769581145,-57.98944145219872,93.92563907630932,95.56987666421747,6.3920499999999265,5.423799999999062,78.0,342.0,0.0,1.0,0.0,0.0,1.0,1.0,5.0,5.0,2.0,4.0,-1.3800000000000001,-20.83000000000002,-99.36079500000001,-99.45762000000009,1,1
0.01,1.0,1440,1,30,30,0,0,300,3.0,5,0,5,0.01,1,inc_every1,6.392050000000907,5.423799999999062,-42.32516769581145,-57.98944145219872,93.92563907630932,95.56987666421747,6.3920499999999265,5.423799999999062,78.0,342.0,0.0,1.0,0.0,0.0,1.0,1.0,5.0,5.0,2.0,4.0,-1.3800000000000001,-20.83000000000002,-99.36079500000001,-99.45762000000009,1,1
0.01,1.0,1440,1,30,30,0,0,300,3.0,5,0,99,0.0,1,flat,6.392050000000907,5.423799999999062,-42.32516769581145,-57.98944145219872,93.92563907630932,95.56987666421747,6.3920499999999265,5.423799999999062,78.0,342.0,0.0,1.0,0.0,0.0,1.0,1.0,5.0,5.0,2.0,4.0,-1.3800000000000001,-20.83000000000002,-99.36079500000001,-99.45762000000009,1,1
0.01,1.0,1440,1,30,30,0,0,75,3.0,5,0,5,0.01,1,inc_every1,6.388100000000634,2.9800000001879994,-42.332301778911564,-64.84698782918215,94.38655536028135,97.02476038319891,6.388100000000264,2.9800000001879994,108.0,481.0,0.0,2.0,0.0,0.0,1.0,1.0,5.0,5.0,7.0,42.0,-2.2500000000000004,-43.0,-99.36118999999998,-99.7019999999812,1,1
0.01,1.0,1440,1,30,30,0,0,75,3.0,5,0,99,0.0,1,flat,6.388100000000634,2.9800000001879994,-42.332301778911564,-64.84698782918215,94.38655536028135,97.02476038319891,6.388100000000264,2.9800000001879994,108.0,481.0,0.0,2.0,0.0,0.0,1.0,1.0,5.0,5.0,7.0,42.0,-2.2500000000000004,-43.0,-99.36118999999998,-99.7019999999812,1,1
0.01,1.0,1440,1,30,30,0,0,75,3.0,5,0,5,0.01,3,inc_every3,6.388100000000634,2.9800000001879994,-42.332301778911564,-64.84698782918215,94.38655536028135,97.02476038319891,6.388100000000264,2.9800000001879994,108.0,481.0,0.0,2.0,0.0,0.0,1.0,1.0,5.0,5.0,7.0,42.0,-2.2500000000000004,-43.0,-99.36118999999998,-99.7019999999812,1,1
0.01,1.0,1440,1,30,30,0,0,200,8.0,12,0,3,0.01,2,inc_every2,6.388100000000826,5.304899999999886,-42.332301778911216,-58.26563159048188,95.43902613165825,96.08985037222735,6.38809999999981,5.304899999999719,62.0,46.0,0.0,0.0,0.0,0.0,2.0,2.0,8.0,8.0,0.0,0.0,-4.4399999999999995,-0.49000000000000005,-99.36119000000002,-99.46951000000003,1,1
0.01,1.0,1440,1,30,30,0,0,50,8.0,8,0,5,0.01,1,inc_every1,6.3881000000010815,7.2804199999990225,-42.332301778910754,-54.1431265744893,95.8921612758028,93.29858247422781,6.388099999999774,7.2804199999990225,63.0,19.0,0.0,0.0,0.0,0.0,3.0,2.0,8.0,8.0,6.0,1.0,-4.99,0.0,-99.36119000000002,-99.2719580000001,1,1
0.01,1.0,1440,1,30,30,0,0,200,8.0,18,0,3,0.01,2,inc_every2,6.388100000000826,5.304899999999886,-42.332301778911216,-58.26563159048188,95.43902613165825,96.08985037222735,6.38809999999981,5.304899999999719,62.0,46.0,0.0,0.0,0.0,0.0,2.0,2.0,8.0,8.0,0.0,0.0,-4.4399999999999995,-0.49000000000000005,-99.36119000000002,-99.46951000000003,1,1
0.01,1.0,1440,1,30,30,0,0,200,8.0,8,0,3,0.01,2,inc_every2,6.388100000000826,5.304900000000586,-42.332301778911216,-58.26563159048024,95.43902613165825,96.08985037222669,6.38809999999981,5.304900000000586,62.0,46.0,0.0,0.0,0.0,0.0,2.0,2.0,8.0,8.0,2.0,1.0,-4.4399999999999995,-0.49000000000000005,-99.36119000000002,-99.46950999999994,1,1
0.01,1.0,1440,1,30,30,0,0,50,18.0,8,25,3,0.01,2,inc_every2,6.386900000000566,5.3448000000005536,-42.33446979408958,-58.172468394194965,95.42944038929446,96.06826541121129,6.386900000000239,5.34479999999995,13.0,55.0,0.0,0.0,6.0,21.0,1.0,1.0,8.0,8.0,4.0,20.0,0.0,-1.6700000000000002,-99.36130999999997,-99.46552,1,1
0.01,1.0,1440,1,30,30,0,0,50,18.0,18,25,3,0.01,2,inc_every2,6.386900000000566,5.3448000000005536,-42.33446979408958,-58.172468394194965,95.42944038929446,96.06826541121129,6.386900000000239,5.34479999999995,13.0,55.0,0.0,0.0,6.0,21.0,1.0,1.0,8.0,8.0,0.0,0.0,0.0,-1.6700000000000002,-99.36130999999997,-99.46552,1,1
0.01,1.0,1440,1,30,30,0,0,50,18.0,12,25,3,0.01,2,inc_every2,6.386900000000566,5.3448000000005536,-42.33446979408958,-58.172468394194965,95.42944038929446,96.06826541121129,6.386900000000239,5.34479999999995,13.0,55.0,0.0,0.0,6.0,21.0,1.0,1.0,8.0,8.0,0.0,0.0,0.0,-1.6700000000000002,-99.36130999999997,-99.46552,1,1
0.01,1.0,1440,1,30,30,0,0,150,5.3,5,40,5,0.01,3,inc_every3,6.384700000000713,5.363400000000421,-42.33844533495468,-58.1292058217954,94.25060783430872,94.67282479141875,6.384700000000372,5.363399999999693,137.0,167.0,0.0,0.0,4.0,5.0,1.0,1.0,5.0,5.0,7.0,9.0,-1.2500000000000002,-2.5500000000000003,-99.36152999999996,-99.46366000000003,1,1
0.01,1.0,1440,1,30,30,0,0,150,5.3,5,40,5,0.01,1,inc_every1,6.384700000000713,5.363400000000421,-42.33844533495468,-58.1292058217954,94.25060783430872,94.67282479141875,6.384700000000372,5.363399999999693,137.0,167.0,0.0,0.0,4.0,5.0,1.0,1.0,5.0,5.0,7.0,9.0,-1.2500000000000002,-2.5500000000000003,-99.36152999999996,-99.46366000000003,1,1
0.01,1.0,1440,1,30,30,0,0,150,5.3,5,40,99,0.0,1,flat,6.384700000000713,5.363400000000421,-42.33844533495468,-58.1292058217954,94.25060783430872,94.67282479141875,6.384700000000372,5.363399999999693,137.0,167.0,0.0,0.0,4.0,5.0,1.0,1.0,5.0,5.0,7.0,9.0,-1.2500000000000002,-2.5500000000000003,-99.36152999999996,-99.46366000000003,1,1
0.01,1.0,1440,1,30,30,0,0,50,18.0,8,25,5,0.01,3,inc_every3,6.384700000000674,7.4845399999995905,-42.33844533495474,-53.76424623762034,95.94493489996844,93.23645400325441,6.384700000000052,7.484539999998965,22.0,48.0,0.0,0.0,8.0,16.0,1.0,1.0,8.0,8.0,8.0,21.0,-0.9000000000000001,-1.5900000000000003,-99.36152999999999,-99.2515460000001,1,1
0.01,1.0,1440,1,30,30,0,0,100,3.0,5,40,5,0.01,1,inc_every1,6.382000000000367,4.279919999999876,-42.34332590568698,-60.84859545410253,94.48162559446664,95.73798048197585,6.381999999999579,4.279919999999876,153.0,262.0,0.0,0.0,3.0,5.0,1.0,1.0,5.0,5.0,6.0,17.0,-0.4600000000000001,-2.8800000000000003,-99.36180000000004,-99.57200800000001,1,1
0.01,1.0,1440,1,30,30,0,0,100,3.0,5,40,5,0.01,3,inc_every3,6.382000000000367,4.279919999999876,-42.34332590568698,-60.84859545410253,94.48162559446664,95.73798048197585,6.381999999999579,4.279919999999876,153.0,262.0,0.0,0.0,3.0,5.0,1.0,1.0,5.0,5.0,6.0,17.0,-0.4600000000000001,-2.8800000000000003,-99.36180000000004,-99.57200800000001,1,1
0.01,1.0,1440,1,30,30,0,0,100,3.0,5,40,99,0.0,1,flat,6.382000000000367,4.279919999999876,-42.34332590568698,-60.84859545410253,94.48162559446664,95.73798048197585,6.381999999999579,4.279919999999876,153.0,262.0,0.0,0.0,3.0,5.0,1.0,1.0,5.0,5.0,6.0,17.0,-0.4600000000000001,-2.8800000000000003,-99.36180000000004,-99.57200800000001,1,1
0.01,1.0,1440,1,30,30,0,0,50,5.3,12,15,99,0.0,1,flat,6.37810000000097,5.379500000000675,-42.35037853556376,-58.09184312137394,94.66847780657099,94.9535647279549,6.37809999999952,5.379500000000412,112.0,186.0,0.0,0.0,14.0,20.0,1.0,1.0,8.0,8.0,0.0,0.0,-0.22999999999999998,-0.7200000000000001,-99.36219000000006,-99.46204999999996,1,1
0.01,1.0,1440,1,30,30,0,0,50,5.3,8,15,99,0.0,1,flat,6.37810000000097,5.379500000000675,-42.35037853556376,-58.09184312137394,94.66847780657099,94.9535647279549,6.37809999999952,5.379500000000412,112.0,186.0,0.0,0.0,14.0,20.0,1.0,1.0,8.0,8.0,13.0,18.0,-0.22999999999999998,-0.7200000000000001,-99.36219000000006,-99.46204999999996,1,1
0.01,1.0,1440,1,30,30,0,0,50,5.3,18,15,99,0.0,1,flat,6.37810000000097,5.379500000000675,-42.35037853556376,-58.09184312137394,94.66847780657099,94.9535647279549,6.37809999999952,5.379500000000412,112.0,186.0,0.0,0.0,14.0,20.0,1.0,1.0,8.0,8.0,0.0,0.0,-0.22999999999999998,-0.7200000000000001,-99.36219000000006,-99.46204999999996,1,1
0.01,1.0,1440,1,30,30,0,0,150,5.3,8,40,5,0.01,3,inc_every3,6.377900000000942,8.530000000018468,-42.350740301864484,-51.92984702350962,94.25673120216109,91.52761223677183,6.3779000000003165,8.530000000018227,86.0,92.0,0.0,0.0,3.0,4.0,1.0,0.0,7.0,7.0,0.0,0.0,-0.44,-0.49,-99.36220999999996,-99.14699999999817,1,1
0.01,1.0,1440,1,30,30,0,0,150,5.3,12,40,5,0.01,3,inc_every3,6.377900000000942,8.530000000018468,-42.350740301864484,-51.92984702350962,94.25673120216109,91.52761223677183,6.3779000000003165,8.530000000018227,86.0,92.0,0.0,0.0,3.0,4.0,1.0,0.0,7.0,7.0,0.0,0.0,-0.44,-0.49,-99.36220999999996,-99.14699999999817,1,1
0.01,1.0,1440,1,30,30,0,0,150,5.3,18,40,5,0.01,3,inc_every3,6.377900000000942,8.530000000018468,-42.350740301864484,-51.92984702350962,94.25673120216109,91.52761223677183,6.3779000000003165,8.530000000018227,86.0,92.0,0.0,0.0,3.0,4.0,1.0,0.0,7.0,7.0,0.0,0.0,-0.44,-0.49,-99.36220999999996,-99.14699999999817,1,1
0.01,1.0,1440,1,30,30,0,0,150,5.3,18,40,5,0.01,1,inc_every1,6.377899999999723,8.270000000027665,-42.350740301866686,-52.37060911951623,94.25673120216236,91.78585617796254,6.377899999998917,8.270000000027423,85.0,92.0,0.0,0.0,3.0,4.0,1.0,0.0,7.0,7.0,0.0,0.0,-0.44,-0.49,-99.3622100000001,-99.17299999999726,1,1
0.01,1.0,1440,1,30,30,0,0,150,5.3,12,40,5,0.01,1,inc_every1,6.377899999999723,8.270000000027665,-42.350740301866686,-52.37060911951623,94.25673120216236,91.78585617796254,6.377899999998917,8.270000000027423,85.0,92.0,0.0,0.0,3.0,4.0,1.0,0.0,7.0,7.0,0.0,0.0,-0.44,-0.49,-99.3622100000001,-99.17299999999726,1,1
0.01,1.0,1440,1,30,30,0,0,150,5.3,8,40,5,0.01,1,inc_every1,6.377899999999723,8.270000000027665,-42.350740301866686,-52.37060911951623,94.25673120216236,91.78585617796254,6.377899999998917,8.270000000027423,85.0,92.0,0.0,0.0,3.0,4.0,1.0,0.0,7.0,7.0,0.0,0.0,-0.44,-0.49,-99.3622100000001,-99.17299999999726,1,1
0.01,1.0,1440,1,30,30,0,0,150,8.0,5,40,5,0.01,3,inc_every3,6.376400000001176,4.238079999999822,-42.35345383839666,-60.96288300461674,94.33762543290942,96.23716594157956,6.376400000000949,4.238079999999822,112.0,251.0,0.0,0.0,5.0,10.0,1.0,1.0,5.0,5.0,9.0,18.0,-1.4900000000000004,-7.979999999999999,-99.36235999999991,-99.57619200000002,1,1
0.01,1.0,1440,1,30,30,0,0,150,8.0,5,40,5,0.01,1,inc_every1,6.376400000001176,4.238079999999822,-42.35345383839666,-60.96288300461674,94.33762543290942,96.23716594157956,6.376400000000949,4.238079999999822,112.0,251.0,0.0,0.0,5.0,10.0,1.0,1.0,5.0,5.0,9.0,18.0,-1.4900000000000004,-7.979999999999999,-99.36235999999991,-99.57619200000002,1,1
0.01,1.0,1440,1,30,30,0,0,150,8.0,5,40,99,0.0,1,flat,6.376400000001176,4.238079999999822,-42.35345383839666,-60.96288300461674,94.33762543290942,96.23716594157956,6.376400000000949,4.238079999999822,112.0,251.0,0.0,0.0,5.0,10.0,1.0,1.0,5.0,5.0,9.0,18.0,-1.4900000000000004,-7.979999999999999,-99.36235999999991,-99.57619200000002,1,1
0.01,1.0,1440,1,30,30,0,0,200,18.0,18,40,99,0.0,1,flat,6.376399999999244,5.30510000000109,-42.353453838400156,-58.26516338166079,94.40813820924397,96.34980988590337,6.376399999999244,5.280000000041998,50.0,142.0,0.0,0.0,5.0,13.0,1.0,1.0,6.0,6.0,0.0,0.0,-1.2700000000000002,-12.560000000000002,-99.36236000000008,-99.4719999999958,1,1
0.01,1.0,1440,1,30,30,0,0,200,18.0,8,40,99,0.0,1,flat,6.376399999999244,5.30510000000109,-42.353453838400156,-58.26516338166079,94.40813820924397,96.34980988590337,6.376399999999244,5.280000000041998,50.0,142.0,0.0,0.0,5.0,13.0,1.0,1.0,6.0,6.0,0.0,0.0,-1.2700000000000002,-12.560000000000002,-99.36236000000008,-99.4719999999958,1,1
0.01,1.0,1440,1,30,30,0,0,200,18.0,12,40,99,0.0,1,flat,6.376399999999244,5.30510000000109,-42.353453838400156,-58.26516338166079,94.40813820924397,96.34980988590337,6.376399999999244,5.280000000041998,50.0,142.0,0.0,0.0,5.0,13.0,1.0,1.0,6.0,6.0,0.0,0.0,-1.2700000000000002,-12.560000000000002,-99.36236000000008,-99.4719999999958,1,1
0.01,1.0,1440,1,30,30,0,0,200,8.0,18,0,5,0.01,1,inc_every1,6.37400000000148,5.300000000000331,-42.35779655907675,-58.27710658170804,95.44323706033755,95.51303758889333,6.374000000000443,5.299999999999869,74.0,44.0,0.0,0.0,0.0,0.0,2.0,2.0,9.0,9.0,0.0,0.0,-4.909999999999999,-0.4800000000000001,-99.36259999999996,-99.47000000000001,1,1
0.01,1.0,1440,1,30,30,0,0,200,8.0,12,0,5,0.01,1,inc_every1,6.37400000000148,5.300000000000331,-42.35779655907675,-58.27710658170804,95.44323706033755,95.51303758889333,6.374000000000443,5.299999999999869,74.0,44.0,0.0,0.0,0.0,0.0,2.0,2.0,9.0,9.0,0.0,0.0,-4.909999999999999,-0.4800000000000001,-99.36259999999996,-99.47000000000001,1,1
0.01,1.0,1440,1,30,30,0,0,150,5.3,5,0,5,0.01,3,inc_every3,6.3740000000004216,5.474250000000723,-42.35779655907868,-57.87353675486422,94.26024313372349,94.56272348033387,6.374000000000279,5.474249999999927,86.0,251.0,0.0,1.0,0.0,0.0,1.0,1.0,5.0,5.0,2.0,14.0,-1.9400000000000002,-38.010000000000026,-99.36259999999997,-99.45257500000001,1,1
0.01,1.0,1440,1,30,30,0,0,150,5.3,5,0,99,0.0,1,flat,6.3740000000004216,5.474250000000723,-42.35779655907868,-57.87353675486422,94.26024313372349,94.56272348033387,6.374000000000279,5.474249999999927,86.0,251.0,0.0,1.0,0.0,0.0,1.0,1.0,5.0,5.0,2.0,14.0,-1.9400000000000002,-38.010000000000026,-99.36259999999997,-99.45257500000001,1,1
0.01,1.0,1440,1,30,30,0,0,150,5.3,5,0,5,0.01,1,inc_every1,6.3740000000004216,5.474250000000723,-42.35779655907868,-57.87353675486422,94.26024313372349,94.56272348033387,6.374000000000279,5.474249999999927,86.0,251.0,0.0,1.0,0.0,0.0,1.0,1.0,5.0,5.0,2.0,14.0,-1.9400000000000002,-38.010000000000026,-99.36259999999997,-99.45257500000001,1,1
0.01,1.0,1440,1,30,30,0,0,300,5.3,5,0,5,0.01,1,inc_every1,6.37399999999991,5.436300000000614,-42.357796559079596,-57.960653399357064,94.29976748345629,95.32361290322609,6.373999999999228,5.436300000000017,74.0,219.0,0.0,1.0,0.0,0.0,1.0,1.0,5.0,5.0,2.0,4.0,-1.7400000000000002,-21.490000000000023,-99.36260000000007,-99.45636999999999,1,1
0.01,1.0,1440,1,30,30,0,0,300,5.3,5,0,99,0.0,1,flat,6.37399999999991,5.436300000000614,-42.357796559079596,-57.960653399357064,94.29976748345629,95.32361290322609,6.373999999999228,5.436300000000017,74.0,219.0,0.0,1.0,0.0,0.0,1.0,1.0,5.0,5.0,2.0,4.0,-1.7400000000000002,-21.490000000000023,-99.36260000000007,-99.45636999999999,1,1
0.01,1.0,1440,1,30,30,0,0,300,5.3,5,0,5,0.01,3,inc_every3,6.37399999999991,5.436300000000614,-42.357796559079596,-57.960653399357064,94.29976748345629,95.32361290322609,6.373999999999228,5.436300000000017,74.0,219.0,0.0,1.0,0.0,0.0,1.0,1.0,5.0,5.0,2.0,4.0,-1.7400000000000002,-21.490000000000023,-99.36260000000007,-99.45636999999999,1,1
0.01,1.0,1440,1,30,30,0,0,200,8.0,5,40,5,0.01,1,inc_every1,6.3734500000011565,3.171540000000297,-42.35879195010806,-64.18927122540362,94.5103789836353,96.85487901626358,6.373449999999551,3.1715399999998333,90.0,241.0,0.0,0.0,4.0,9.0,1.0,1.0,5.0,5.0,5.0,17.0,-2.19,-7.479999999999996,-99.36265500000005,-99.68284600000001,1,1
0.01,1.0,1440,1,30,30,0,0,200,8.0,5,40,5,0.01,3,inc_every3,6.3734500000011565,3.171540000000297,-42.35879195010806,-64.18927122540362,94.5103789836353,96.85487901626358,6.373449999999551,3.1715399999998333,90.0,241.0,0.0,0.0,4.0,9.0,1.0,1.0,5.0,5.0,5.0,17.0,-2.19,-7.479999999999996,-99.36265500000005,-99.68284600000001,1,1
0.01,1.0,1440,1,30,30,0,0,200,8.0,5,40,99,0.0,1,flat,6.3734500000011565,3.171540000000297,-42.35879195010806,-64.18927122540362,94.5103789836353,96.85487901626358,6.373449999999551,3.1715399999998333,90.0,241.0,0.0,0.0,4.0,9.0,1.0,1.0,5.0,5.0,5.0,17.0,-2.19,-7.479999999999996,-99.36265500000005,-99.68284600000001,1,1
0.01,1.0,1440,1,30,30,0,0,200,5.3,5,0,5,0.01,3,inc_every3,6.373150000001914,5.511299999999665,-42.35933491962881,-57.788894410122246,94.31628466957893,94.48870000000034,6.373150000001289,5.511299999999665,85.0,291.0,0.0,1.0,0.0,0.0,1.0,1.0,5.0,5.0,2.0,10.0,-1.9100000000000001,-38.440000000000005,-99.36268499999987,-99.44887000000003,1,1
0.01,1.0,1440,1,30,30,0,0,200,5.3,5,0,99,0.0,1,flat,6.373150000001914,5.511299999999665,-42.35933491962881,-57.788894410122246,94.31628466957893,94.48870000000034,6.373150000001289,5.511299999999665,85.0,291.0,0.0,1.0,0.0,0.0,1.0,1.0,5.0,5.0,2.0,10.0,-1.9100000000000001,-38.440000000000005,-99.36268499999987,-99.44887000000003,1,1
0.01,1.0,1440,1,30,30,0,0,200,5.3,5,0,5,0.01,1,inc_every1,6.373150000001914,5.511299999999665,-42.35933491962881,-57.788894410122246,94.31628466957893,94.48870000000034,6.373150000001289,5.511299999999665,85.0,291.0,0.0,1.0,0.0,0.0,1.0,1.0,5.0,5.0,2.0,10.0,-1.9100000000000001,-38.440000000000005,-99.36268499999987,-99.44887000000003,1,1
0.01,1.0,1440,1,30,30,0,0,200,12.0,18,0,99,0.0,1,flat,6.373150000001054,3.19671000000009,-42.35933491963036,-64.10493422998513,95.06951106297396,97.32850576633804,6.373150000000088,3.19671000000009,47.0,93.0,0.0,0.0,0.0,0.0,2.0,3.0,11.0,11.0,0.0,0.0,-2.5700000000000003,-2.8399999999999994,-99.36268499999998,-99.68032899999999,1,1
0.01,1.0,1440,1,30,30,0,0,200,12.0,12,0,99,0.0,1,flat,6.373150000001054,3.19671000000009,-42.35933491963036,-64.10493422998513,95.06951106297396,97.32850576633804,6.373150000000088,3.19671000000009,47.0,93.0,0.0,0.0,0.0,0.0,2.0,3.0,11.0,11.0,0.0,0.0,-2.5700000000000003,-2.8399999999999994,-99.36268499999998,-99.68032899999999,1,1
0.01,1.0,1440,1,30,30,0,0,300,8.0,5,0,5,0.01,1,inc_every1,6.368100000000851,-0.14999999996774704,-42.36847797662061,-99.94670849517411,94.41933222329332,100.1431844215042,6.368100000000055,-0.1499999999678039,53.0,190.0,0.0,1.0,0.0,0.0,1.0,1.0,5.0,5.0,2.0,5.0,-1.7400000000000002,-35.49000000000003,-99.36318999999999,-100.01499999999677,1,1
0.01,1.0,1440,1,30,30,0,0,300,8.0,5,0,5,0.01,3,inc_every3,6.368100000000851,-0.14999999996774704,-42.36847797662061,-99.94670849517411,94.41933222329332,100.1431844215042,6.368100000000055,-0.1499999999678039,53.0,190.0,0.0,1.0,0.0,0.0,1.0,1.0,5.0,5.0,2.0,5.0,-1.7400000000000002,-35.49000000000003,-99.36318999999999,-100.01499999999677,1,1
0.01,1.0,1440,1,30,30,0,0,300,8.0,5,0,99,0.0,1,flat,6.368100000000851,-0.14999999996774704,-42.36847797662061,-99.94670849517411,94.41933222329332,100.1431844215042,6.368100000000055,-0.1499999999678039,53.0,190.0,0.0,1.0,0.0,0.0,1.0,1.0,5.0,5.0,2.0,5.0,-1.7400000000000002,-35.49000000000003,-99.36318999999999,-100.01499999999677,1,1
0.01,1.0,1440,1,30,30,0,0,150,5.3,18,40,3,0.01,2,inc_every2,6.368050000001375,3.183179999999993,-42.36856853092712,-64.15021091900776,94.26560108059337,96.83831942789055,6.368050000001297,3.1831799999998367,194.0,98.0,0.0,0.0,6.0,4.0,1.0,1.0,6.0,6.0,0.0,0.0,-1.03,-0.71,-99.36319499999988,-99.68168200000002,1,1
0.01,1.0,1440,1,30,30,0,0,150,5.3,8,40,3,0.01,2,inc_every2,6.368050000001375,3.183179999999993,-42.36856853092712,-64.15021091900776,94.26560108059337,96.83831942789055,6.368050000001297,3.1831799999998367,194.0,98.0,0.0,0.0,6.0,4.0,1.0,1.0,6.0,6.0,0.0,0.0,-1.03,-0.71,-99.36319499999988,-99.68168200000002,1,1
0.01,1.0,1440,1,30,30,0,0,150,5.3,12,40,3,0.01,2,inc_every2,6.368050000001375,3.183179999999993,-42.36856853092712,-64.15021091900776,94.26560108059337,96.83831942789055,6.368050000001297,3.1831799999998367,194.0,98.0,0.0,0.0,6.0,4.0,1.0,1.0,6.0,6.0,0.0,0.0,-1.03,-0.71,-99.36319499999988,-99.68168200000002,1,1
0.01,1.0,1440,1,30,30,0,0,200,18.0,18,0,99,0.0,1,flat,6.366000000001122,7.3265499999997985,-42.37228174729486,-54.05685532262774,95.52163207878954,93.87053459382632,6.366000000001122,7.3265499999997985,31.0,37.0,0.0,0.0,0.0,0.0,2.0,2.0,12.0,12.0,0.0,0.0,-2.6399999999999997,-1.56,-99.36339999999988,-99.26734500000002,1,1
0.01,1.0,1440,1,30,30,0,0,200,18.0,12,0,99,0.0,1,flat,6.366000000001122,7.3265499999997985,-42.37228174729486,-54.05685532262774,95.52163207878954,93.87053459382632,6.366000000001122,7.3265499999997985,31.0,37.0,0.0,0.0,0.0,0.0,2.0,2.0,12.0,12.0,1.0,1.0,-2.6399999999999997,-1.56,-99.36339999999988,-99.26734500000002,1,1
0.01,1.0,1440,1,30,30,0,0,200,18.0,8,0,5,0.01,3,inc_every3,6.3660000000013675,7.329909999999842,-42.372281747294416,-54.05058645298118,95.75146823278187,94.86006380069576,6.365999999999957,6.767240000004357,31.0,37.0,0.0,0.0,0.0,0.0,2.0,2.0,8.0,8.0,2.0,2.0,-3.09,-1.1900000000000002,-99.3634,-99.32327599999957,1,1
0.01,1.0,1440,1,30,30,0,0,50,3.0,5,0,5,0.01,3,inc_every3,6.36359999999911,5.532599999999945,-42.37663014296913,-57.74041443634115,94.53768240343446,94.48394815553355,6.36359999999911,5.532599999999945,131.0,449.0,0.0,3.0,0.0,0.0,1.0,1.0,5.0,5.0,15.0,62.0,-2.36,-48.29999999999998,-99.36364000000009,-99.44674,1,1
0.01,1.0,1440,1,30,30,0,0,50,3.0,5,0,99,0.0,1,flat,6.36359999999911,5.532599999999945,-42.37663014296913,-57.74041443634115,94.53768240343446,94.48394815553355,6.36359999999911,5.532599999999945,131.0,449.0,0.0,3.0,0.0,0.0,1.0,1.0,5.0,5.0,15.0,62.0,-2.36,-48.29999999999998,-99.36364000000009,-99.44674,1,1
0.01,1.0,1440,1,30,30,0,0,50,3.0,5,0,5,0.01,1,inc_every1,6.36359999999911,5.532599999999945,-42.37663014296913,-57.74041443634115,94.53768240343446,94.48394815553355,6.36359999999911,5.532599999999945,131.0,449.0,0.0,3.0,0.0,0.0,1.0,1.0,5.0,5.0,15.0,62.0,-2.36,-48.29999999999998,-99.36364000000009,-99.44674,1,1
0.01,1.0,1440,1,30,30,0,0,50,12.0,8,15,3,0.01,2,inc_every2,6.361500000001927,5.450000000054176,-42.38043606538221,-57.929155049568934,96.30853594847295,94.9127228600271,6.361499999999829,5.450000000053219,244.0,54.0,0.0,0.0,72.0,20.0,1.0,0.0,7.0,7.0,0.0,0.0,-2.34,0.0,-99.36385000000001,-99.45499999999468,1,1
0.01,1.0,1440,1,30,30,0,0,50,12.0,12,15,3,0.01,2,inc_every2,6.361500000001927,5.450000000054176,-42.38043606538221,-57.929155049568934,96.30853594847295,94.9127228600271,6.361499999999829,5.450000000053219,244.0,54.0,0.0,0.0,72.0,20.0,1.0,0.0,7.0,7.0,0.0,0.0,-2.34,0.0,-99.36385000000001,-99.45499999999468,1,1
0.01,1.0,1440,1,30,30,0,0,50,12.0,18,15,3,0.01,2,inc_every2,6.361500000001927,5.450000000054176,-42.38043606538221,-57.929155049568934,96.30853594847295,94.9127228600271,6.361499999999829,5.450000000053219,244.0,54.0,0.0,0.0,72.0,20.0,1.0,0.0,7.0,7.0,0.0,0.0,-2.34,0.0,-99.36385000000001,-99.45499999999468,1,1
0.01,1.0,1440,1,30,30,0,0,50,18.0,8,0,3,0.01,2,inc_every2,6.36054999999989,5.19110000000113,-42.38215812234343,-58.534077934669696,96.75432464152718,95.45238720981176,6.360549999999616,5.191100000000155,40.0,6.0,0.0,0.0,0.0,0.0,4.0,2.0,8.0,8.0,6.0,1.0,-6.109999999999999,0.0,-99.36394500000004,-99.48088999999999,1,1
0.01,1.0,1440,1,30,30,0,0,150,8.0,5,0,5,0.01,1,inc_every1,6.359600000000086,5.58200000000096,-42.38388038504497,-57.62847981538437,94.3525441790251,95.61680408323686,6.359600000000086,5.582000000000278,59.0,230.0,0.0,1.0,0.0,0.0,1.0,1.0,5.0,5.0,2.0,17.0,-1.9400000000000002,-45.06999999999999,-99.36403999999999,-99.44179999999997,1,1
0.01,1.0,1440,1,30,30,0,0,150,8.0,5,0,99,0.0,1,flat,6.359600000000086,5.58200000000096,-42.38388038504497,-57.62847981538437,94.3525441790251,95.61680408323686,6.359600000000086,5.582000000000278,59.0,230.0,0.0,1.0,0.0,0.0,1.0,1.0,5.0,5.0,2.0,17.0,-1.9400000000000002,-45.06999999999999,-99.36403999999999,-99.44179999999997,1,1
0.01,1.0,1440,1,30,30,0,0,150,8.0,5,0,5,0.01,3,inc_every3,6.359600000000086,5.58200000000096,-42.38388038504497,-57.62847981538437,94.3525441790251,95.61680408323686,6.359600000000086,5.582000000000278,59.0,230.0,0.0,1.0,0.0,0.0,1.0,1.0,5.0,5.0,2.0,17.0,-1.9400000000000002,-45.06999999999999,-99.36403999999999,-99.44179999999997,1,1
0.01,1.0,1440,1,30,30,0,0,100,5.3,5,0,99,0.0,1,flat,6.359050000000025,5.540700000000697,-42.38487757856411,-57.72201279771909,94.81655526573228,94.54923757993097,6.359049999999883,5.5407000000002995,102.0,299.0,0.0,3.0,0.0,0.0,1.0,1.0,5.0,5.0,7.0,25.0,-2.54,-46.40999999999999,-99.364095,-99.44592999999998,1,1
0.01,1.0,1440,1,30,30,0,0,100,5.3,5,0,5,0.01,1,inc_every1,6.359050000000025,5.540700000000697,-42.38487757856411,-57.72201279771909,94.81655526573228,94.54923757993097,6.359049999999883,5.5407000000002995,102.0,299.0,0.0,3.0,0.0,0.0,1.0,1.0,5.0,5.0,7.0,25.0,-2.54,-46.40999999999999,-99.364095,-99.44592999999998,1,1
0.01,1.0,1440,1,30,30,0,0,100,5.3,5,0,5,0.01,3,inc_every3,6.359050000000025,5.540700000000697,-42.38487757856411,-57.72201279771909,94.81655526573228,94.54923757993097,6.359049999999883,5.5407000000002995,102.0,299.0,0.0,3.0,0.0,0.0,1.0,1.0,5.0,5.0,7.0,25.0,-2.54,-46.40999999999999,-99.364095,-99.44592999999998,1,1
0.01,1.0,1440,1,30,30,0,0,300,12.0,5,0,5,0.01,3,inc_every3,6.357650000000461,5.540700000001152,-42.38741620067733,-57.72201279771805,94.6171789010242,95.23790287924454,6.357650000000433,5.540699999999845,38.0,140.0,0.0,1.0,0.0,0.0,1.0,1.0,5.0,5.0,2.0,6.0,-1.7400000000000002,-39.88000000000001,-99.36423499999995,-99.44593000000002,1,1
0.01,1.0,1440,1,30,30,0,0,300,12.0,5,0,99,0.0,1,flat,6.357650000000461,5.540700000001152,-42.38741620067733,-57.72201279771805,94.6171789010242,95.23790287924454,6.357650000000433,5.540699999999845,38.0,140.0,0.0,1.0,0.0,0.0,1.0,1.0,5.0,5.0,2.0,6.0,-1.7400000000000002,-39.88000000000001,-99.36423499999995,-99.44593000000002,1,1
0.01,1.0,1440,1,30,30,0,0,300,12.0,5,0,5,0.01,1,inc_every1,6.357650000000461,5.540700000001152,-42.38741620067733,-57.72201279771805,94.6171789010242,95.23790287924454,6.357650000000433,5.540699999999845,38.0,140.0,0.0,1.0,0.0,0.0,1.0,1.0,5.0,5.0,2.0,6.0,-1.7400000000000002,-39.88000000000001,-99.36423499999995,-99.44593000000002,1,1
0.01,1.0,1440,1,30,30,0,0,75,12.0,12,25,3,0.01,2,inc_every2,6.35740000000045,7.4900000000003,-42.38786957310751,-53.754211802433694,95.65692034431014,92.95390404515547,6.357399999999615,7.4900000000001725,53.0,50.0,0.0,0.0,10.0,9.0,1.0,1.0,7.0,7.0,0.0,0.0,-0.5800000000000001,-0.37000000000000005,-99.36426000000004,-99.25099999999998,1,1
0.01,1.0,1440,1,30,30,0,0,75,12.0,18,25,3,0.01,2,inc_every2,6.35740000000045,7.4900000000003,-42.38786957310751,-53.754211802433694,95.65692034431014,92.95390404515547,6.357399999999615,7.4900000000001725,53.0,50.0,0.0,0.0,10.0,9.0,1.0,1.0,7.0,7.0,0.0,0.0,-0.5800000000000001,-0.37000000000000005,-99.36426000000004,-99.25099999999998,1,1
0.01,1.0,1440,1,30,30,0,0,75,12.0,8,25,3,0.01,2,inc_every2,6.35740000000045,7.4900000000003,-42.38786957310751,-53.754211802433694,95.65692034431014,92.95390404515547,6.357399999999615,7.4900000000001725,53.0,50.0,0.0,0.0,10.0,9.0,1.0,1.0,7.0,7.0,0.0,0.0,-0.5800000000000001,-0.37000000000000005,-99.36426000000004,-99.25099999999998,1,1
0.01,1.0,1440,1,30,30,0,0,200,8.0,5,0,5,0.01,3,inc_every3,6.355000000001581,5.540200000000425,-42.39222267417851,-57.72314815392024,94.52627045650306,94.83575689783962,6.3550000000001035,5.540199999999572,63.0,215.0,0.0,1.0,0.0,0.0,1.0,1.0,5.0,5.0,2.0,12.0,-1.9100000000000001,-42.06,-99.36449999999999,-99.44598000000005,1,1
0.01,1.0,1440,1,30,30,0,0,200,8.0,5,0,99,0.0,1,flat,6.355000000001581,5.540200000000425,-42.39222267417851,-57.72314815392024,94.52627045650306,94.83575689783962,6.3550000000001035,5.540199999999572,63.0,215.0,0.0,1.0,0.0,0.0,1.0,1.0,5.0,5.0,2.0,12.0,-1.9100000000000001,-42.06,-99.36449999999999,-99.44598000000005,1,1
0.01,1.0,1440,1,30,30,0,0,200,8.0,5,0,5,0.01,1,inc_every1,6.355000000001581,5.540200000000425,-42.39222267417851,-57.72314815392024,94.52627045650306,94.83575689783962,6.3550000000001035,5.540199999999572,63.0,215.0,0.0,1.0,0.0,0.0,1.0,1.0,5.0,5.0,2.0,12.0,-1.9100000000000001,-42.06,-99.36449999999999,-99.44598000000005,1,1
0.01,1.0,1440,1,30,30,0,0,200,12.0,5,0,99,0.0,1,flat,6.354700000000605,5.576500000001033,-42.39276690426976,-57.64090766386245,94.3433327398967,95.76414736042548,6.354700000000179,5.576500000001033,40.0,150.0,0.0,1.0,0.0,0.0,1.0,1.0,5.0,5.0,2.0,11.0,-1.7700000000000002,-43.440000000000005,-99.36452999999999,-99.44234999999989,1,1
0.01,1.0,1440,1,30,30,0,0,200,12.0,5,0,5,0.01,1,inc_every1,6.354700000000605,5.576500000001033,-42.39276690426976,-57.64090766386245,94.3433327398967,95.76414736042548,6.354700000000179,5.576500000001033,40.0,150.0,0.0,1.0,0.0,0.0,1.0,1.0,5.0,5.0,2.0,11.0,-1.7700000000000002,-43.440000000000005,-99.36452999999999,-99.44234999999989,1,1
0.01,1.0,1440,1,30,30,0,0,200,12.0,5,0,5,0.01,3,inc_every3,6.354700000000605,5.576500000001033,-42.39276690426976,-57.64090766386245,94.3433327398967,95.76414736042548,6.354700000000179,5.576500000001033,40.0,150.0,0.0,1.0,0.0,0.0,1.0,1.0,5.0,5.0,2.0,11.0,-1.7700000000000002,-43.440000000000005,-99.36452999999999,-99.44234999999989,1,1
0.01,1.0,1440,1,30,30,0,0,200,3.0,8,0,5,0.01,3,inc_every3,6.353350000001061,5.3025000000005065,-42.39521619402107,-58.27125106367266,94.37208787315043,95.24354144241121,6.353350000001061,5.302500000000407,138.0,132.0,0.0,0.0,0.0,0.0,2.0,2.0,8.0,8.0,2.0,2.0,-3.06,-0.74,-99.36466499999989,-99.46974999999996,1,1
0.01,1.0,1440,1,30,30,0,0,200,3.0,12,0,99,0.0,1,flat,6.353350000000596,4.238240000000349,-42.39521619402191,-60.962444452197076,94.20526267785542,96.15683714182092,6.353349999999807,4.23824000000025,145.0,112.0,0.0,0.0,0.0,0.0,2.0,2.0,10.0,10.0,0.0,0.0,-2.6399999999999997,-0.6300000000000001,-99.36466500000002,-99.57617599999998,1,1
0.01,1.0,1440,1,30,30,0,0,200,3.0,18,0,99,0.0,1,flat,6.353350000000596,4.238240000000349,-42.39521619402191,-60.962444452197076,94.20526267785542,96.15683714182092,6.353349999999807,4.23824000000025,145.0,112.0,0.0,0.0,0.0,0.0,2.0,2.0,10.0,10.0,0.0,0.0,-2.6399999999999997,-0.6300000000000001,-99.36466500000002,-99.57617599999998,1,1
0.01,1.0,1440,1,30,30,0,0,50,12.0,8,25,5,0.01,3,inc_every3,6.350700000001051,9.62964000000137,-42.4000252699539,-50.163654407515736,95.01866813083384,90.96995498874801,6.350700000000238,9.629639999999831,49.0,47.0,0.0,0.0,10.0,9.0,1.0,1.0,8.0,8.0,10.0,11.0,-0.6799999999999999,-0.8000000000000002,-99.36492999999997,-99.03703600000001,1,1
0.01,1.0,1440,1,30,30,0,0,50,8.0,5,25,3,0.01,2,inc_every2,6.349649999999253,5.364599999999786,-42.401931196878685,-58.126418309236485,95.2720402084894,94.77490990552288,6.349649999999253,5.364599999999786,73.0,91.0,0.0,0.0,10.0,11.0,1.0,1.0,5.0,5.0,24.0,22.0,-0.5900000000000001,-1.1700000000000002,-99.36503500000008,-99.46354000000002,1,1
0.01,1.0,1440,1,30,30,0,0,200,8.0,18,40,99,0.0,1,flat,6.346900000002144,5.280599999999943,-42.40692410526581,-58.32261147455857,94.53324720068902,94.76338754462559,6.346900000000204,5.280599999999602,91.0,255.0,0.0,0.0,4.0,9.0,1.0,1.0,6.0,6.0,0.0,0.0,-1.22,-7.129999999999996,-99.36530999999998,-99.47194000000005,1,1
0.01,1.0,1440,1,30,30,0,0,200,8.0,8,40,99,0.0,1,flat,6.346900000002144,5.280599999999943,-42.40692410526581,-58.32261147455857,94.53324720068902,94.76338754462559,6.346900000000204,5.280599999999602,91.0,255.0,0.0,0.0,4.0,9.0,1.0,1.0,6.0,6.0,0.0,0.0,-1.22,-7.129999999999996,-99.36530999999998,-99.47194000000005,1,1
0.01,1.0,1440,1,30,30,0,0,200,8.0,12,40,99,0.0,1,flat,6.346900000002144,5.280599999999943,-42.40692410526581,-58.32261147455857,94.53324720068902,94.76338754462559,6.346900000000204,5.280599999999602,91.0,255.0,0.0,0.0,4.0,9.0,1.0,1.0,6.0,6.0,0.0,0.0,-1.22,-7.129999999999996,-99.36530999999998,-99.47194000000005,1,1
0.01,1.0,1440,1,30,30,0,0,200,8.0,12,0,99,0.0,1,flat,6.3458500000017395,8.527679999998526,-42.40883094496293,-51.933737964560265,95.02364335006219,92.41714387337888,6.345850000001164,8.527679999998526,77.0,104.0,0.0,0.0,0.0,0.0,2.0,2.0,11.0,11.0,0.0,0.0,-3.07,-1.6600000000000001,-99.36541499999989,-99.14723200000014,1,1
0.01,1.0,1440,1,30,30,0,0,200,8.0,18,0,99,0.0,1,flat,6.3458500000017395,8.527679999998526,-42.40883094496293,-51.933737964560265,95.02364335006219,92.41714387337888,6.345850000001164,8.527679999998526,77.0,104.0,0.0,0.0,0.0,0.0,2.0,2.0,11.0,11.0,0.0,0.0,-3.07,-1.6600000000000001,-99.36541499999989,-99.14723200000014,1,1
0.01,1.0,1440,1,30,30,0,0,150,12.0,5,0,5,0.01,1,inc_every1,6.34585000000061,5.608700000000226,-42.40883094496498,-57.56827018578405,94.55385341572268,95.7051075886379,6.345850000000041,5.608699999999828,44.0,153.0,0.0,1.0,0.0,0.0,1.0,1.0,5.0,5.0,2.0,16.0,-2.3,-46.98999999999999,-99.365415,-99.43913000000002,1,1
0.01,1.0,1440,1,30,30,0,0,150,12.0,5,0,99,0.0,1,flat,6.34585000000061,5.608700000000226,-42.40883094496498,-57.56827018578405,94.55385341572268,95.7051075886379,6.345850000000041,5.608699999999828,44.0,153.0,0.0,1.0,0.0,0.0,1.0,1.0,5.0,5.0,2.0,16.0,-2.3,-46.98999999999999,-99.365415,-99.43913000000002,1,1
0.01,1.0,1440,1,30,30,0,0,150,12.0,5,0,5,0.01,3,inc_every3,6.34585000000061,5.608700000000226,-42.40883094496498,-57.56827018578405,94.55385341572268,95.7051075886379,6.345850000000041,5.608699999999828,44.0,153.0,0.0,1.0,0.0,0.0,1.0,1.0,5.0,5.0,2.0,16.0,-2.3,-46.98999999999999,-99.365415,-99.43913000000002,1,1
0.01,1.0,1440,1,30,30,0,0,200,3.0,8,0,5,0.01,1,inc_every1,6.345850000000333,4.240000000000496,-42.40883094496548,-60.95762114295794,94.61622974463467,96.91234436143972,6.3458499999997,3.471759999997534,147.0,77.0,0.0,0.0,0.0,0.0,2.0,2.0,8.0,8.0,2.0,2.0,-4.0,-0.39,-99.36541500000003,-99.65282400000025,1,1
0.01,1.0,1440,1,30,30,0,0,200,3.0,12,0,5,0.01,1,inc_every1,6.345850000000333,4.240000000000496,-42.40883094496548,-60.95762114295794,94.61622974463467,96.91234436143972,6.3458499999997,3.471759999997534,147.0,77.0,0.0,0.0,0.0,0.0,2.0,2.0,8.0,8.0,0.0,0.0,-4.0,-0.39,-99.36541500000003,-99.65282400000025,1,1
0.01,1.0,1440,1,30,30,0,0,200,3.0,18,0,5,0.01,1,inc_every1,6.345850000000333,4.240000000000496,-42.40883094496548,-60.95762114295794,94.61622974463467,96.91234436143972,6.3458499999997,3.471759999997534,147.0,77.0,0.0,0.0,0.0,0.0,2.0,2.0,8.0,8.0,0.0,0.0,-4.0,-0.39,-99.36541500000003,-99.65282400000025,1,1
0.01,1.0,1440,1,30,30,0,0,200,3.0,18,0,5,0.01,3,inc_every3,6.345850000001121,3.1469400000002885,-42.40883094496405,-64.27215384644347,94.37873150854901,97.17712594187357,6.345849999999615,3.146939999999603,148.0,66.0,0.0,0.0,0.0,0.0,2.0,2.0,9.0,9.0,0.0,0.0,-4.04,-0.39,-99.36541500000004,-99.68530600000004,1,1
0.01,1.0,1440,1,30,30,0,0,75,5.3,5,0,5,0.01,3,inc_every3,6.34585000000061,5.805300000000557,-42.40883094496498,-57.1310137880378,94.66331679421471,95.76317325938317,6.345849999999643,5.805299999999761,97.0,539.0,0.0,5.0,0.0,0.0,1.0,1.0,5.0,5.0,7.0,67.0,-2.6100000000000003,-67.8199999999999,-99.36541500000004,-99.41947000000002,1,1
0.01,1.0,1440,1,30,30,0,0,75,5.3,5,0,5,0.01,1,inc_every1,6.34585000000061,5.805300000000557,-42.40883094496498,-57.1310137880378,94.66331679421471,95.76317325938317,6.345849999999643,5.805299999999761,97.0,539.0,0.0,5.0,0.0,0.0,1.0,1.0,5.0,5.0,7.0,67.0,-2.6100000000000003,-67.8199999999999,-99.36541500000004,-99.41947000000002,1,1
0.01,1.0,1440,1,30,30,0,0,75,5.3,5,0,99,0.0,1,flat,6.34585000000061,5.805300000000557,-42.40883094496498,-57.1310137880378,94.66331679421471,95.76317325938317,6.345849999999643,5.805299999999761,97.0,539.0,0.0,5.0,0.0,0.0,1.0,1.0,5.0,5.0,7.0,67.0,-2.6100000000000003,-67.8199999999999,-99.36541500000004,-99.41947000000002,1,1
0.01,1.0,1440,1,30,30,0,0,200,3.0,12,0,5,0.01,3,inc_every3,6.345850000001121,3.1469400000002885,-42.40883094496405,-64.27215384644347,94.37873150854901,97.17712594187357,6.345849999999615,3.146939999999603,148.0,66.0,0.0,0.0,0.0,0.0,2.0,2.0,9.0,9.0,0.0,0.0,-4.04,-0.39,-99.36541500000004,-99.68530600000004,1,1
0.01,1.0,1440,1,30,30,0,0,50,8.0,8,40,3,0.01,2,inc_every2,6.345300000000794,7.370229999999804,-42.409829866479356,-53.97551698616244,96.19814260036009,93.33191893603605,6.345299999999824,7.370229999999804,78.0,22.0,0.0,0.0,6.0,3.0,3.0,1.0,8.0,8.0,10.0,3.0,-1.2100000000000002,0.0,-99.36547000000002,-99.26297700000002,1,1
0.01,1.0,1440,1,30,30,0,0,50,5.3,12,25,99,0.0,1,flat,6.345300000000261,7.530740000000325,-42.40982986648032,-53.67950120486277,95.21434497322619,93.5502398081543,6.3452999999997886,7.530740000000129,120.0,218.0,0.0,0.0,9.0,15.0,1.0,1.0,10.0,10.0,0.0,0.0,-1.2700000000000002,-1.99,-99.36547000000002,-99.24692599999999,1,1
0.01,1.0,1440,1,30,30,0,0,50,5.3,18,25,99,0.0,1,flat,6.345300000000261,7.530740000000325,-42.40982986648032,-53.67950120486277,95.21434497322619,93.5502398081543,6.3452999999997886,7.530740000000129,120.0,218.0,0.0,0.0,9.0,15.0,1.0,1.0,10.0,10.0,0.0,0.0,-1.2700000000000002,-1.99,-99.36547000000002,-99.24692599999999,1,1
0.01,1.0,1440,1,30,30,0,0,150,3.0,5,40,5,0.01,1,inc_every1,6.345250000000924,5.337100000000262,-42.40992068096012,-58.19040912246005,94.1012828855628,94.66289999999992,6.345250000000291,5.337100000000085,158.0,345.0,0.0,0.0,3.0,5.0,1.0,1.0,5.0,5.0,5.0,12.0,-0.9700000000000001,-2.9599999999999995,-99.36547499999998,-99.46628999999999,1,1
0.01,1.0,1440,1,30,30,0,0,150,3.0,5,40,99,0.0,1,flat,6.345250000000924,5.337100000000262,-42.40992068096012,-58.19040912246005,94.1012828855628,94.66289999999992,6.345250000000291,5.337100000000085,158.0,345.0,0.0,0.0,3.0,5.0,1.0,1.0,5.0,5.0,5.0,12.0,-0.9700000000000001,-2.9599999999999995,-99.36547499999998,-99.46628999999999,1,1
0.01,1.0,1440,1,30,30,0,0,150,3.0,5,40,5,0.01,3,inc_every3,6.345250000000924,5.337100000000262,-42.40992068096012,-58.19040912246005,94.1012828855628,94.66289999999992,6.345250000000291,5.337100000000085,158.0,345.0,0.0,0.0,3.0,5.0,1.0,1.0,5.0,5.0,5.0,12.0,-0.9700000000000001,-2.9599999999999995,-99.36547499999998,-99.46628999999999,1,1
0.01,1.0,1440,1,30,30,0,0,50,12.0,12,40,5,0.01,1,inc_every1,6.344100000000786,5.327849999999685,-42.41200957202377,-58.211985351636095,96.23383793410513,95.41568941867044,6.34410000000036,5.327849999999685,42.0,47.0,0.0,0.0,6.0,5.0,2.0,3.0,10.0,10.0,0.0,0.0,-0.7200000000000001,-1.4100000000000001,-99.36558999999997,-99.46721500000004,1,1
0.01,1.0,1440,1,30,30,0,0,50,12.0,18,40,5,0.01,1,inc_every1,6.344100000000786,5.327849999999685,-42.41200957202377,-58.211985351636095,96.23383793410513,95.41568941867044,6.34410000000036,5.327849999999685,42.0,47.0,0.0,0.0,6.0,5.0,2.0,3.0,10.0,10.0,0.0,0.0,-0.7200000000000001,-1.4100000000000001,-99.36558999999997,-99.46721500000004,1,1
0.01,1.0,1440,1,30,30,0,0,50,12.0,12,40,3,0.01,2,inc_every2,6.344100000000521,7.372820000001415,-42.412009572024246,-53.970704685551766,96.49594034797046,93.29560789306127,6.344099999999887,7.372820000001166,47.0,15.0,0.0,0.0,6.0,3.0,3.0,1.0,9.0,9.0,0.0,0.0,-0.93,0.0,-99.36559000000001,-99.26271799999988,1,1
0.01,1.0,1440,1,30,30,0,0,50,12.0,18,40,3,0.01,2,inc_every2,6.344100000000521,7.372820000001415,-42.412009572024246,-53.970704685551766,96.49594034797046,93.29560789306127,6.344099999999887,7.372820000001166,47.0,15.0,0.0,0.0,6.0,3.0,3.0,1.0,9.0,9.0,0.0,0.0,-0.93,0.0,-99.36559000000001,-99.26271799999988,1,1
0.01,1.0,1440,1,30,30,0,0,50,12.0,8,40,3,0.01,2,inc_every2,6.344100000000523,7.3728200000000506,-42.412009572024246,-53.9707046855543,96.49594034797072,93.2956078930623,6.344099999999411,7.3728200000000506,47.0,15.0,0.0,0.0,6.0,3.0,3.0,1.0,8.0,8.0,7.0,3.0,-0.93,0.0,-99.36559000000005,-99.26271799999999,1,1
0.01,1.0,1440,1,30,30,0,0,300,18.0,5,0,99,0.0,1,flat,6.34215000000043,5.571200000000374,-42.4155522970128,-57.652891739158385,95.05716623801713,95.29618372171653,6.342150000000402,5.571199999999635,31.0,95.0,0.0,1.0,0.0,0.0,1.0,1.0,5.0,5.0,2.0,7.0,-2.1,-40.98,-99.36578499999996,-99.44288000000003,1,1
0.01,1.0,1440,1,30,30,0,0,300,18.0,5,0,5,0.01,3,inc_every3,6.34215000000043,5.571200000000374,-42.4155522970128,-57.652891739158385,95.05716623801713,95.29618372171653,6.342150000000402,5.571199999999635,31.0,95.0,0.0,1.0,0.0,0.0,1.0,1.0,5.0,5.0,2.0,7.0,-2.1,-40.98,-99.36578499999996,-99.44288000000003,1,1
0.01,1.0,1440,1,30,30,0,0,300,18.0,5,0,5,0.01,1,inc_every1,6.34215000000043,5.571200000000374,-42.4155522970128,-57.652891739158385,95.05716623801713,95.29618372171653,6.342150000000402,5.571199999999635,31.0,95.0,0.0,1.0,0.0,0.0,1.0,1.0,5.0,5.0,2.0,7.0,-2.1,-40.98,-99.36578499999996,-99.44288000000003,1,1
0.01,1.0,1440,1,30,30,0,0,300,5.3,8,40,3,0.01,2,inc_every2,6.3367000000012155,5.260499999999965,-42.42545838176993,-58.369882327409265,94.10868352547396,95.36887049916383,6.336700000000242,5.260499999999965,97.0,339.0,0.0,0.0,3.0,7.0,1.0,1.0,5.0,5.0,0.0,0.0,-0.8600000000000001,-5.649999999999995,-99.36632999999998,-99.47395,1,1
0.01,1.0,1440,1,30,30,0,0,300,5.3,18,40,3,0.01,2,inc_every2,6.3367000000012155,5.260499999999965,-42.42545838176993,-58.369882327409265,94.10868352547396,95.36887049916383,6.336700000000242,5.260499999999965,97.0,339.0,0.0,0.0,3.0,7.0,1.0,1.0,5.0,5.0,0.0,0.0,-0.8600000000000001,-5.649999999999995,-99.36632999999998,-99.47395,1,1
0.01,1.0,1440,1,30,30,0,0,300,5.3,12,40,3,0.01,2,inc_every2,6.3367000000012155,5.260499999999965,-42.42545838176993,-58.369882327409265,94.10868352547396,95.36887049916383,6.336700000000242,5.260499999999965,97.0,339.0,0.0,0.0,3.0,7.0,1.0,1.0,5.0,5.0,0.0,0.0,-0.8600000000000001,-5.649999999999995,-99.36632999999998,-99.47395,1,1
0.01,1.0,1440,1,30,30,0,0,300,5.3,5,40,3,0.01,2,inc_every2,6.3367000000012155,5.260499999999965,-42.42545838176993,-58.369882327409265,94.10868352547396,95.36887049916383,6.336700000000242,5.260499999999965,97.0,339.0,0.0,0.0,3.0,7.0,1.0,1.0,5.0,5.0,3.0,8.0,-0.8600000000000001,-5.649999999999995,-99.36632999999998,-99.47395,1,1
0.01,1.0,1440,1,30,30,0,0,50,18.0,8,40,3,0.01,2,inc_every2,6.326700000000693,3.2014200000002244,-42.44365242202039,-64.08920430993106,96.77159769352468,98.28268426134537,6.326700000000098,3.2014200000001782,32.0,54.0,0.0,0.0,8.0,15.0,2.0,2.0,8.0,8.0,10.0,18.0,-0.93,-2.16,-99.36733,-99.67985799999998,1,1
0.01,1.0,1440,1,30,30,0,0,50,12.0,8,25,3,0.01,2,inc_every2,6.323200000001126,5.33330000000114,-42.45002577056501,-58.199269689276,95.60644802668146,95.43511866872262,6.323200000000384,5.020000000006172,36.0,40.0,0.0,0.0,9.0,10.0,1.0,1.0,8.0,8.0,5.0,7.0,0.0,-0.22,-99.36767999999996,-99.49799999999938,1,1
0.01,1.0,1440,1,30,30,0,0,50,12.0,12,25,3,0.01,2,inc_every2,6.323200000001126,5.33330000000114,-42.45002577056501,-58.199269689276,95.60644802668146,95.43511866872262,6.323200000000384,5.020000000006172,36.0,40.0,0.0,0.0,9.0,10.0,1.0,1.0,8.0,8.0,0.0,0.0,0.0,-0.22,-99.36767999999996,-99.49799999999938,1,1
0.01,1.0,1440,1,30,30,0,0,50,12.0,18,25,3,0.01,2,inc_every2,6.323200000001126,5.33330000000114,-42.45002577056501,-58.199269689276,95.60644802668146,95.43511866872262,6.323200000000384,5.020000000006172,36.0,40.0,0.0,0.0,9.0,10.0,1.0,1.0,8.0,8.0,0.0,0.0,0.0,-0.22,-99.36767999999996,-99.49799999999938,1,1
0.01,1.0,1440,1,30,30,0,0,50,12.0,12,25,5,0.01,1,inc_every1,6.321300000000733,4.261999999999778,-42.45348677012547,-60.89744810001477,95.04172876304044,96.09134262655954,6.321300000000026,4.261999999999778,41.0,58.0,0.0,0.0,9.0,11.0,1.0,2.0,9.0,9.0,0.0,0.0,-0.63,-0.67,-99.36787,-99.57380000000002,1,1
0.01,1.0,1440,1,30,30,0,0,50,12.0,18,25,5,0.01,1,inc_every1,6.321300000000733,4.261999999999778,-42.45348677012547,-60.89744810001477,95.04172876304044,96.09134262655954,6.321300000000026,4.261999999999778,41.0,58.0,0.0,0.0,9.0,11.0,1.0,2.0,9.0,9.0,0.0,0.0,-0.63,-0.67,-99.36787,-99.57380000000002,1,1
0.01,1.0,1440,1,30,30,0,0,75,12.0,5,40,3,0.01,2,inc_every2,6.321300000000848,5.326900000000432,-42.45348677012526,-58.214202778236476,95.37984212834438,96.97730238892544,6.321299999999823,5.3269000000000375,62.0,259.0,0.0,0.0,7.0,26.0,1.0,1.0,5.0,5.0,14.0,77.0,-1.56,-22.020000000000003,-99.36787000000001,-99.46731,1,1
0.01,1.0,1440,1,30,30,0,0,75,12.0,5,0,5,0.01,3,inc_every3,6.316900000000089,5.7900000000011005,-42.4615049123201,-57.16466580402343,95.12133147976542,96.60868037251946,6.316900000000089,5.790000000000191,114.0,179.0,2.0,1.0,0.0,0.0,1.0,1.0,5.0,5.0,31.0,46.0,-54.679999999999964,-71.53999999999982,-99.36831,-99.42099999999998,1,1
0.01,1.0,1440,1,30,30,0,0,75,12.0,5,0,5,0.01,1,inc_every1,6.316900000000089,5.7900000000011005,-42.4615049123201,-57.16466580402343,95.12133147976542,96.60868037251946,6.316900000000089,5.790000000000191,114.0,179.0,2.0,1.0,0.0,0.0,1.0,1.0,5.0,5.0,31.0,46.0,-54.679999999999964,-71.53999999999982,-99.36831,-99.42099999999998,1,1
0.01,1.0,1440,1,30,30,0,0,75,12.0,5,0,99,0.0,1,flat,6.316900000000089,5.7900000000011005,-42.4615049123201,-57.16466580402343,95.12133147976542,96.60868037251946,6.316900000000089,5.790000000000191,114.0,179.0,2.0,1.0,0.0,0.0,1.0,1.0,5.0,5.0,31.0,46.0,-54.679999999999964,-71.53999999999982,-99.36831,-99.42099999999998,1,1
0.01,1.0,1440,1,30,30,0,0,100,12.0,5,0,99,0.0,1,flat,6.31234999999981,5.805299999999875,-42.46980110001595,-57.13101378803928,95.05921258609924,96.31900323378434,6.312349999999697,5.805299999999761,132.0,211.0,2.0,1.0,0.0,0.0,1.0,1.0,5.0,5.0,24.0,43.0,-54.09999999999997,-69.28999999999988,-99.36876500000002,-99.41947000000002,1,1
0.01,1.0,1440,1,30,30,0,0,100,12.0,5,0,5,0.01,3,inc_every3,6.31234999999981,5.805299999999875,-42.46980110001595,-57.13101378803928,95.05921258609924,96.31900323378434,6.312349999999697,5.805299999999761,132.0,211.0,2.0,1.0,0.0,0.0,1.0,1.0,5.0,5.0,24.0,43.0,-54.09999999999997,-69.28999999999988,-99.36876500000002,-99.41947000000002,1,1
0.01,1.0,1440,1,30,30,0,0,100,12.0,5,0,5,0.01,1,inc_every1,6.31234999999981,5.805299999999875,-42.46980110001595,-57.13101378803928,95.05921258609924,96.31900323378434,6.312349999999697,5.805299999999761,132.0,211.0,2.0,1.0,0.0,0.0,1.0,1.0,5.0,5.0,24.0,43.0,-54.09999999999997,-69.28999999999988,-99.36876500000002,-99.41947000000002,1,1
0.01,1.0,1440,1,30,30,0,0,150,5.3,8,15,3,0.01,2,inc_every2,6.31000000016504,8.660000000060048,-42.4740878172766,-51.71299788996804,95.24706236806104,92.83171922849237,6.310000000165015,8.660000000059433,701.0,255.0,0.0,0.0,43.0,19.0,0.0,0.0,4.0,4.0,0.0,0.0,-3.779999999999999,-2.64,-99.3689999999835,-99.13399999999406,1,1
0.01,1.0,1440,1,30,30,0,0,150,5.3,18,15,3,0.01,2,inc_every2,6.31000000016504,8.660000000060048,-42.4740878172766,-51.71299788996804,95.24706236806104,92.83171922849237,6.310000000165015,8.660000000059433,701.0,255.0,0.0,0.0,43.0,19.0,0.0,0.0,4.0,4.0,0.0,0.0,-3.779999999999999,-2.64,-99.3689999999835,-99.13399999999406,1,1
0.01,1.0,1440,1,30,30,0,0,150,5.3,5,15,3,0.01,2,inc_every2,6.31000000016504,8.660000000060048,-42.4740878172766,-51.71299788996804,95.24706236806104,92.83171922849237,6.310000000165015,8.660000000059433,701.0,255.0,0.0,0.0,43.0,19.0,0.0,0.0,4.0,4.0,0.0,0.0,-3.779999999999999,-2.64,-99.3689999999835,-99.13399999999406,1,1
0.01,1.0,1440,1,30,30,0,0,150,5.3,12,15,3,0.01,2,inc_every2,6.31000000016504,8.660000000060048,-42.4740878172766,-51.71299788996804,95.24706236806104,92.83171922849237,6.310000000165015,8.660000000059433,701.0,255.0,0.0,0.0,43.0,19.0,0.0,0.0,4.0,4.0,0.0,0.0,-3.779999999999999,-2.64,-99.3689999999835,-99.13399999999406,1,1
0.01,1.0,1440,1,30,30,0,0,100,18.0,5,0,99,0.0,1,flat,6.290050000000747,5.766600000001063,-42.51053084386934,-57.21625462130569,94.9522108980017,95.57538555973393,6.290050000000178,5.766599999999698,86.0,115.0,0.0,1.0,0.0,0.0,1.0,1.0,5.0,5.0,21.0,32.0,-55.039999999999964,-70.69999999999985,-99.37099499999998,-99.42334000000002,1,1
0.01,1.0,1440,1,30,30,0,0,100,18.0,5,0,5,0.01,1,inc_every1,6.290050000000747,5.766600000001063,-42.51053084386934,-57.21625462130569,94.9522108980017,95.57538555973393,6.290050000000178,5.766599999999698,86.0,115.0,0.0,1.0,0.0,0.0,1.0,1.0,5.0,5.0,21.0,32.0,-55.039999999999964,-70.69999999999985,-99.37099499999998,-99.42334000000002,1,1
0.01,1.0,1440,1,30,30,0,0,100,18.0,5,0,5,0.01,3,inc_every3,6.290050000000747,5.766600000001063,-42.51053084386934,-57.21625462130569,94.9522108980017,95.57538555973393,6.290050000000178,5.766599999999698,86.0,115.0,0.0,1.0,0.0,0.0,1.0,1.0,5.0,5.0,21.0,32.0,-55.039999999999964,-70.69999999999985,-99.37099499999998,-99.42334000000002,1,1
0.01,1.0,1440,1,30,30,0,0,150,18.0,5,0,5,0.01,3,inc_every3,6.288949999999431,5.782800000000975,-42.51254292178604,-57.18052366325824,94.77618572971367,95.54312138728457,6.288949999998806,5.782799999999838,98.0,139.0,0.0,1.0,0.0,0.0,1.0,1.0,5.0,5.0,17.0,24.0,-53.24999999999998,-65.7999999999999,-99.37110500000011,-99.42172000000002,1,1
0.01,1.0,1440,1,30,30,0,0,150,18.0,5,0,5,0.01,1,inc_every1,6.288949999999431,5.782800000000975,-42.51254292178604,-57.18052366325824,94.77618572971367,95.54312138728457,6.288949999998806,5.782799999999838,98.0,139.0,0.0,1.0,0.0,0.0,1.0,1.0,5.0,5.0,17.0,24.0,-53.24999999999998,-65.7999999999999,-99.37110500000011,-99.42172000000002,1,1
0.01,1.0,1440,1,30,30,0,0,150,18.0,5,0,99,0.0,1,flat,6.288949999999431,5.782800000000975,-42.51254292178604,-57.18052366325824,94.77618572971367,95.54312138728457,6.288949999998806,5.782799999999838,98.0,139.0,0.0,1.0,0.0,0.0,1.0,1.0,5.0,5.0,17.0,24.0,-53.24999999999998,-65.7999999999999,-99.37110500000011,-99.42172000000002,1,1
0.01,1.0,1440,1,30,30,0,0,50,12.0,5,0,5,0.01,3,inc_every3,6.286100000000317,5.540699999999333,-42.517757342572615,-57.72201279772218,95.35120544298215,95.42317858913091,6.286099999999919,5.540699999999049,104.0,82.0,2.0,2.0,0.0,0.0,1.0,1.0,5.0,5.0,43.0,30.0,-55.82999999999996,-51.86999999999997,-99.37139,-99.44593000000009,1,1
0.01,1.0,1440,1,30,30,0,0,50,12.0,5,0,5,0.01,1,inc_every1,6.286100000000317,5.540699999999333,-42.517757342572615,-57.72201279772218,95.35120544298215,95.42317858913091,6.286099999999919,5.540699999999049,104.0,82.0,2.0,2.0,0.0,0.0,1.0,1.0,5.0,5.0,43.0,30.0,-55.82999999999996,-51.86999999999997,-99.37139,-99.44593000000009,1,1
0.01,1.0,1440,1,30,30,0,0,50,12.0,5,0,99,0.0,1,flat,6.286100000000317,5.540699999999333,-42.517757342572615,-57.72201279772218,95.35120544298215,95.42317858913091,6.286099999999919,5.540699999999049,104.0,82.0,2.0,2.0,0.0,0.0,1.0,1.0,5.0,5.0,43.0,30.0,-55.82999999999996,-51.86999999999997,-99.37139,-99.44593000000009,1,1
0.01,1.0,1440,1,30,30,0,0,75,18.0,5,0,99,0.0,1,flat,6.275900000000206,5.763400000001411,-42.53643498863311,-57.22332092520996,95.2011775500843,95.72923304927872,6.275900000000149,5.763400000000502,78.0,103.0,0.0,2.0,0.0,0.0,1.0,1.0,5.0,5.0,24.0,37.0,-55.61999999999996,-72.44999999999983,-99.37240999999999,-99.42365999999996,1,1
0.01,1.0,1440,1,30,30,0,0,75,18.0,5,0,5,0.01,3,inc_every3,6.275900000000206,5.763400000001411,-42.53643498863311,-57.22332092520996,95.2011775500843,95.72923304927872,6.275900000000149,5.763400000000502,78.0,103.0,0.0,2.0,0.0,0.0,1.0,1.0,5.0,5.0,24.0,37.0,-55.61999999999996,-72.44999999999983,-99.37240999999999,-99.42365999999996,1,1
0.01,1.0,1440,1,30,30,0,0,75,18.0,5,0,5,0.01,1,inc_every1,6.275900000000206,5.763400000001411,-42.53643498863311,-57.22332092520996,95.2011775500843,95.72923304927872,6.275900000000149,5.763400000000502,78.0,103.0,0.0,2.0,0.0,0.0,1.0,1.0,5.0,5.0,24.0,37.0,-55.61999999999996,-72.44999999999983,-99.37240999999999,-99.42365999999996,1,1
0.01,1.0,1440,1,30,30,0,0,75,8.0,12,40,99,0.0,1,flat,7.897740000000798,7.349790000000656,-39.8314185899046,-54.01353688370546,95.72466274634026,95.2615627619137,6.18000000016924,7.349790000000656,279.0,280.0,0.0,0.0,16.0,15.0,1.0,1.0,10.0,10.0,0.0,0.0,-3.54,-8.519999999999998,-99.38199999998308,-99.26502099999993,1,1
0.01,1.0,1440,1,30,30,0,0,75,8.0,18,40,99,0.0,1,flat,7.897740000000798,7.349790000000656,-39.8314185899046,-54.01353688370546,95.72466274634026,95.2615627619137,6.18000000016924,7.349790000000656,279.0,280.0,0.0,0.0,16.0,15.0,1.0,1.0,10.0,10.0,0.0,0.0,-3.54,-8.519999999999998,-99.38199999998308,-99.26502099999993,1,1
0.01,1.0,1440,1,30,30,0,0,50,8.0,5,0,5,0.01,1,inc_every1,6.180000000054662,5.675200000000302,-42.71323943757248,-57.41918010809681,95.11114627003067,95.74827689541651,6.180000000054662,5.675200000000302,161.0,205.0,2.0,4.0,0.0,0.0,1.0,1.0,5.0,5.0,49.0,58.0,-52.06999999999997,-66.1999999999999,-99.38199999999453,-99.43247999999997,1,1
0.01,1.0,1440,1,30,30,0,0,50,8.0,5,0,99,0.0,1,flat,6.180000000054662,5.675200000000302,-42.71323943757248,-57.41918010809681,95.11114627003067,95.74827689541651,6.180000000054662,5.675200000000302,161.0,205.0,2.0,4.0,0.0,0.0,1.0,1.0,5.0,5.0,49.0,58.0,-52.06999999999997,-66.1999999999999,-99.38199999999453,-99.43247999999997,1,1
0.01,1.0,1440,1,30,30,0,0,50,8.0,5,0,5,0.01,3,inc_every3,6.180000000054662,5.675200000000302,-42.71323943757248,-57.41918010809681,95.11114627003067,95.74827689541651,6.180000000054662,5.675200000000302,161.0,205.0,2.0,4.0,0.0,0.0,1.0,1.0,5.0,5.0,49.0,58.0,-52.06999999999997,-66.1999999999999,-99.38199999999453,-99.43247999999997,1,1
0.01,1.0,1440,1,30,30,0,0,150,12.0,3,40,99,0.0,1,flat,6.170000000068306,3.402000000000541,-42.73180185594253,-63.43390646907885,94.70477171295273,97.61530912659505,6.170000000067574,3.402000000000175,269.0,353.0,0.0,0.0,16.0,20.0,0.0,1.0,3.0,3.0,76.0,106.0,-6.949999999999999,-30.320000000000068,-99.38299999999325,-99.65979999999998,1,1
0.01,1.0,1440,1,30,30,0,0,150,12.0,3,40,3,0.01,2,inc_every2,6.170000000068306,3.402000000000541,-42.73180185594253,-63.43390646907885,94.70477171295273,97.61530912659505,6.170000000067574,3.402000000000175,269.0,353.0,0.0,0.0,16.0,20.0,0.0,1.0,3.0,3.0,76.0,106.0,-6.949999999999999,-30.320000000000068,-99.38299999999325,-99.65979999999998,1,1
0.01,1.0,1440,1,30,30,0,0,150,12.0,3,40,5,0.01,1,inc_every1,6.170000000068306,3.402000000000541,-42.73180185594253,-63.43390646907885,94.70477171295273,97.61530912659505,6.170000000067574,3.402000000000175,269.0,353.0,0.0,0.0,16.0,20.0,0.0,1.0,3.0,3.0,76.0,106.0,-6.949999999999999,-30.320000000000068,-99.38299999999325,-99.65979999999998,1,1
0.01,1.0,1440,1,30,30,0,0,150,12.0,3,40,5,0.01,3,inc_every3,6.170000000068306,3.402000000000541,-42.73180185594253,-63.43390646907885,94.70477171295273,97.61530912659505,6.170000000067574,3.402000000000175,269.0,353.0,0.0,0.0,16.0,20.0,0.0,1.0,3.0,3.0,76.0,106.0,-6.949999999999999,-30.320000000000068,-99.38299999999325,-99.65979999999998,1,1
0.01,1.0,1440,1,30,30,0,0,100,5.3,18,0,99,0.0,1,flat,6.510100000000495,3.1223700000001458,-42.11356784610116,-64.35539091462634,95.00114118030774,96.9283128381704,6.132599999998696,3.122369999999881,60.0,16.0,0.0,0.0,0.0,0.0,2.0,2.0,15.0,13.0,0.0,0.0,-0.5800000000000001,0.0,-99.38674000000013,-99.68776300000002,1,1
0.01,1.0,1440,1,30,30,0,0,50,8.0,8,40,99,0.0,1,flat,8.457360000000243,8.589119999999632,-39.00142401011284,-51.83094497137925,95.66960215205921,96.78920003642725,6.1171200000015595,7.040000000132224,206.0,371.0,0.0,0.0,13.0,24.0,2.0,1.0,8.0,8.0,33.0,64.0,-3.7800000000000007,-11.840000000000002,-99.38828799999985,-99.29599999998678,1,1
0.01,1.0,1440,1,30,30,0,0,75,8.0,3,40,5,0.01,3,inc_every3,6.110000000052196,7.720000000109444,-42.84368452212721,-53.336103798960146,94.68695652169417,92.28385807085597,6.110000000051954,7.720000000108698,168.0,410.0,0.0,1.0,9.0,18.0,0.0,0.0,3.0,3.0,73.0,155.0,-3.399999999999999,-24.66000000000004,-99.38899999999481,-99.22799999998912,1,1
0.01,1.0,1440,1,30,30,0,0,75,8.0,3,40,5,0.01,1,inc_every1,6.110000000052196,7.720000000109444,-42.84368452212721,-53.336103798960146,94.68695652169417,92.28385807085597,6.110000000051954,7.720000000108698,168.0,410.0,0.0,1.0,9.0,18.0,0.0,0.0,3.0,3.0,73.0,155.0,-3.399999999999999,-24.66000000000004,-99.38899999999481,-99.22799999998912,1,1
0.01,1.0,1440,1,30,30,0,0,75,8.0,3,40,3,0.01,2,inc_every2,6.110000000052196,7.720000000109444,-42.84368452212721,-53.336103798960146,94.68695652169417,92.28385807085597,6.110000000051954,7.720000000108698,168.0,410.0,0.0,1.0,9.0,18.0,0.0,0.0,3.0,3.0,73.0,155.0,-3.399999999999999,-24.66000000000004,-99.38899999999481,-99.22799999998912,1,1
0.01,1.0,1440,1,30,30,0,0,75,8.0,3,40,99,0.0,1,flat,6.110000000052196,7.720000000109444,-42.84368452212721,-53.336103798960146,94.68695652169417,92.28385807085597,6.110000000051954,7.720000000108698,168.0,410.0,0.0,1.0,9.0,18.0,0.0,0.0,3.0,3.0,73.0,155.0,-3.399999999999999,-24.66000000000004,-99.38899999999481,-99.22799999998912,1,1
0.01,1.0,1440,1,30,30,0,0,50,3.0,5,15,3,0.01,2,inc_every2,6.061499999999519,7.600000000013695,-42.93476712144341,-53.55313848004013,94.87919236293052,92.42273180457298,6.061499999999519,7.600000000013431,244.0,131.0,0.0,0.0,15.0,12.0,1.0,0.0,5.0,5.0,27.0,24.0,-0.12000000000000001,-0.25,-99.39385000000004,-99.23999999999866,1,1
0.01,1.0,1440,1,30,30,0,0,100,18.0,8,25,5,0.01,1,inc_every1,6.601000000000607,-35.819999999947825,-41.95271500918438,-99.94670849517411,95.99622539762017,117.99547852295625,5.940000000091047,-35.81999999994818,293.0,183.0,0.0,0.0,57.0,36.0,1.0,1.0,7.0,7.0,0.0,0.0,-9.47,-14.989999999999998,-99.4059999999909,-103.58199999999482,1,1
0.01,1.0,1440,1,30,30,0,0,100,18.0,18,25,5,0.01,1,inc_every1,6.601000000000607,-35.819999999947825,-41.95271500918438,-99.94670849517411,95.99622539762017,117.99547852295625,5.940000000091047,-35.81999999994818,293.0,183.0,0.0,0.0,57.0,36.0,1.0,1.0,7.0,7.0,0.0,0.0,-9.47,-14.989999999999998,-99.4059999999909,-103.58199999999482,1,1
0.01,1.0,1440,1,30,30,0,0,100,18.0,12,25,5,0.01,1,inc_every1,6.601000000000607,-35.819999999947825,-41.95271500918438,-99.94670849517411,95.99622539762017,117.99547852295625,5.940000000091047,-35.81999999994818,293.0,183.0,0.0,0.0,57.0,36.0,1.0,1.0,7.0,7.0,0.0,0.0,-9.47,-14.989999999999998,-99.4059999999909,-103.58199999999482,1,1
0.01,1.0,1440,1,30,30,0,0,75,5.3,5,15,5,0.01,1,inc_every1,8.920000000049683,4.285360000000372,-38.347818544895695,-60.83379362045335,95.00462534686507,95.77921796513324,5.940000000043078,4.285360000000372,143.0,141.0,0.0,0.0,15.0,14.0,0.0,1.0,5.0,5.0,24.0,22.0,-0.45000000000000007,-0.7100000000000001,-99.40599999999569,-99.57146399999996,1,1
0.01,1.0,1440,1,30,30,0,0,75,5.3,5,15,5,0.01,3,inc_every3,8.920000000049683,4.285360000000372,-38.347818544895695,-60.83379362045335,95.00462534686507,95.77921796513324,5.940000000043078,4.285360000000372,143.0,141.0,0.0,0.0,15.0,14.0,0.0,1.0,5.0,5.0,24.0,22.0,-0.45000000000000007,-0.7100000000000001,-99.40599999999569,-99.57146399999996,1,1
0.01,1.0,1440,1,30,30,0,0,75,5.3,5,15,99,0.0,1,flat,8.920000000049683,4.285360000000372,-38.347818544895695,-60.83379362045335,95.00462534686507,95.77921796513324,5.940000000043078,4.285360000000372,143.0,141.0,0.0,0.0,15.0,14.0,0.0,1.0,5.0,5.0,24.0,22.0,-0.45000000000000007,-0.7100000000000001,-99.40599999999569,-99.57146399999996,1,1
0.01,1.0,1440,1,30,30,0,0,50,8.0,12,0,5,0.01,3,inc_every3,6.516000000000483,7.32788000000043,-42.10307311518093,-54.05437365363478,96.23529374079189,93.14831229546519,5.876329999998603,7.327880000000132,44.0,34.0,0.0,0.0,0.0,0.0,3.0,4.0,12.0,12.0,1.0,1.0,-1.21,-0.22999999999999998,-99.41236700000015,-99.26721199999999,1,1
0.01,1.0,1440,1,30,30,0,0,50,3.0,18,0,5,0.01,3,inc_every3,5.8533000000009565,9.367110000002327,-43.33251635356123,-50.5718960206867,95.57473349966031,90.71552185548634,5.853299999999788,9.36711000000016,85.0,27.0,0.0,0.0,0.0,0.0,3.0,2.0,13.0,12.0,0.0,0.0,-1.01,0.0,-99.41467000000002,-99.06328899999998,1,1
0.01,1.0,1440,1,30,30,0,0,50,3.0,12,0,5,0.01,3,inc_every3,5.853300000000608,9.367110000002327,-43.332516353561914,-50.5718960206867,95.57473349966045,90.71552185548634,5.853299999999617,9.36711000000016,89.0,27.0,0.0,0.0,0.0,0.0,3.0,2.0,12.0,12.0,1.0,1.0,-1.01,0.0,-99.41467000000004,-99.06328899999998,1,1
0.01,1.0,1440,1,30,30,0,0,100,5.3,18,0,5,0.01,3,inc_every3,5.821300000000154,5.208150000000774,-43.3946493518131,-58.49359661319276,95.25489077274239,94.87638957206073,5.821299999999862,5.208150000000401,98.0,19.0,0.0,0.0,0.0,0.0,3.0,2.0,11.0,10.0,0.0,0.0,-0.5800000000000001,0.0,-99.41787000000001,-99.47918499999996,1,1
0.01,1.0,1440,1,30,30,0,0,100,5.3,12,0,5,0.01,3,inc_every3,5.821300000000154,5.208150000000774,-43.3946493518131,-58.49359661319276,95.25489077274239,94.87638957206073,5.821299999999862,5.208150000000401,98.0,19.0,0.0,0.0,0.0,0.0,3.0,2.0,11.0,10.0,0.0,0.0,-0.5800000000000001,0.0,-99.41787000000001,-99.47918499999996,1,1
0.01,1.0,1440,1,30,30,0,0,200,18.0,8,15,5,0.01,1,inc_every1,5.800000000058223,-31.409999999959595,-43.43615824029643,-99.94670849517411,94.89391671797046,124.37718277062973,5.800000000057452,-31.409999999959595,244.0,158.0,0.0,0.0,53.0,34.0,0.0,1.0,4.0,4.0,0.0,0.0,-7.089999999999998,-9.979999999999997,-99.41999999999426,-103.14099999999596,1,1
0.01,1.0,1440,1,30,30,0,0,200,18.0,5,15,5,0.01,1,inc_every1,5.800000000058223,-31.409999999959595,-43.43615824029643,-99.94670849517411,94.89391671797046,124.37718277062973,5.800000000057452,-31.409999999959595,244.0,158.0,0.0,0.0,53.0,34.0,0.0,1.0,4.0,4.0,0.0,0.0,-7.089999999999998,-9.979999999999997,-99.41999999999426,-103.14099999999596,1,1
0.01,1.0,1440,1,30,30,0,0,200,18.0,18,15,5,0.01,3,inc_every3,5.800000000058223,-31.409999999959595,-43.43615824029643,-99.94670849517411,94.89391671797046,124.37718277062973,5.800000000057452,-31.409999999959595,244.0,158.0,0.0,0.0,53.0,34.0,0.0,1.0,4.0,4.0,0.0,0.0,-7.089999999999998,-9.979999999999997,-99.41999999999426,-103.14099999999596,1,1
0.01,1.0,1440,1,30,30,0,0,200,18.0,8,15,99,0.0,1,flat,5.800000000058223,-31.409999999959595,-43.43615824029643,-99.94670849517411,94.89391671797046,124.37718277062973,5.800000000057452,-31.409999999959595,244.0,158.0,0.0,0.0,53.0,34.0,0.0,1.0,4.0,4.0,0.0,0.0,-7.089999999999998,-9.979999999999997,-99.41999999999426,-103.14099999999596,1,1
0.01,1.0,1440,1,30,30,0,0,200,18.0,12,15,5,0.01,1,inc_every1,5.800000000058223,-31.409999999959595,-43.43615824029643,-99.94670849517411,94.89391671797046,124.37718277062973,5.800000000057452,-31.409999999959595,244.0,158.0,0.0,0.0,53.0,34.0,0.0,1.0,4.0,4.0,0.0,0.0,-7.089999999999998,-9.979999999999997,-99.41999999999426,-103.14099999999596,1,1
0.01,1.0,1440,1,30,30,0,0,200,18.0,12,15,5,0.01,3,inc_every3,5.800000000058223,-31.409999999959595,-43.43615824029643,-99.94670849517411,94.89391671797046,124.37718277062973,5.800000000057452,-31.409999999959595,244.0,158.0,0.0,0.0,53.0,34.0,0.0,1.0,4.0,4.0,0.0,0.0,-7.089999999999998,-9.979999999999997,-99.41999999999426,-103.14099999999596,1,1
0.01,1.0,1440,1,30,30,0,0,200,18.0,18,15,5,0.01,1,inc_every1,5.800000000058223,-31.409999999959595,-43.43615824029643,-99.94670849517411,94.89391671797046,124.37718277062973,5.800000000057452,-31.409999999959595,244.0,158.0,0.0,0.0,53.0,34.0,0.0,1.0,4.0,4.0,0.0,0.0,-7.089999999999998,-9.979999999999997,-99.41999999999426,-103.14099999999596,1,1
0.01,1.0,1440,1,30,30,0,0,200,18.0,18,15,99,0.0,1,flat,5.800000000058223,-31.409999999959595,-43.43615824029643,-99.94670849517411,94.89391671797046,124.37718277062973,5.800000000057452,-31.409999999959595,244.0,158.0,0.0,0.0,53.0,34.0,0.0,1.0,4.0,4.0,0.0,0.0,-7.089999999999998,-9.979999999999997,-99.41999999999426,-103.14099999999596,1,1
0.01,1.0,1440,1,30,30,0,0,200,18.0,5,15,5,0.01,3,inc_every3,5.800000000058223,-31.409999999959595,-43.43615824029643,-99.94670849517411,94.89391671797046,124.37718277062973,5.800000000057452,-31.409999999959595,244.0,158.0,0.0,0.0,53.0,34.0,0.0,1.0,4.0,4.0,0.0,0.0,-7.089999999999998,-9.979999999999997,-99.41999999999426,-103.14099999999596,1,1
0.01,1.0,1440,1,30,30,0,0,200,18.0,8,15,5,0.01,3,inc_every3,5.800000000058223,-31.409999999959595,-43.43615824029643,-99.94670849517411,94.89391671797046,124.37718277062973,5.800000000057452,-31.409999999959595,244.0,158.0,0.0,0.0,53.0,34.0,0.0,1.0,4.0,4.0,0.0,0.0,-7.089999999999998,-9.979999999999997,-99.41999999999426,-103.14099999999596,1,1
0.01,1.0,1440,1,30,30,0,0,200,18.0,5,15,99,0.0,1,flat,5.800000000058223,-31.409999999959595,-43.43615824029643,-99.94670849517411,94.89391671797046,124.37718277062973,5.800000000057452,-31.409999999959595,244.0,158.0,0.0,0.0,53.0,34.0,0.0,1.0,4.0,4.0,0.0,0.0,-7.089999999999998,-9.979999999999997,-99.41999999999426,-103.14099999999596,1,1
0.01,1.0,1440,1,30,30,0,0,200,18.0,12,15,99,0.0,1,flat,5.800000000058223,-31.409999999959595,-43.43615824029643,-99.94670849517411,94.89391671797046,124.37718277062973,5.800000000057452,-31.409999999959595,244.0,158.0,0.0,0.0,53.0,34.0,0.0,1.0,4.0,4.0,0.0,0.0,-7.089999999999998,-9.979999999999997,-99.41999999999426,-103.14099999999596,1,1
0.01,1.0,1440,1,30,30,0,0,75,3.0,5,25,3,0.01,2,inc_every2,9.398129999999586,7.530249999999629,-37.70022804751842,-53.68039809712861,96.2346361447042,92.81807343824798,5.790000000292849,7.530249999999629,1071.0,375.0,0.0,0.0,27.0,12.0,1.0,1.0,5.0,5.0,82.0,37.0,-3.1000000000000005,-2.8200000000000007,-99.42099999997072,-99.24697500000003,1,1
0.01,1.0,1440,1,30,30,0,0,50,18.0,5,0,5,0.01,1,inc_every1,5.78000000003567,5.76849999999979,-43.47524486760504,-57.21206030649033,95.49949388769336,95.76375119336238,5.78000000003567,5.76849999999979,115.0,88.0,0.0,2.0,0.0,0.0,1.0,1.0,5.0,5.0,54.0,42.0,-138.4199999999994,-75.8799999999998,-99.42199999999643,-99.42315000000002,1,1
0.01,1.0,1440,1,30,30,0,0,50,18.0,5,0,5,0.01,3,inc_every3,5.78000000003567,5.76849999999979,-43.47524486760504,-57.21206030649033,95.49949388769336,95.76375119336238,5.78000000003567,5.76849999999979,115.0,88.0,0.0,2.0,0.0,0.0,1.0,1.0,5.0,5.0,54.0,42.0,-138.4199999999994,-75.8799999999998,-99.42199999999643,-99.42315000000002,1,1
0.01,1.0,1440,1,30,30,0,0,50,18.0,5,0,99,0.0,1,flat,5.78000000003567,5.76849999999979,-43.47524486760504,-57.21206030649033,95.49949388769336,95.76375119336238,5.78000000003567,5.76849999999979,115.0,88.0,0.0,2.0,0.0,0.0,1.0,1.0,5.0,5.0,54.0,42.0,-138.4199999999994,-75.8799999999998,-99.42199999999643,-99.42315000000002,1,1
0.01,1.0,1440,1,30,30,0,0,50,3.0,12,40,5,0.01,3,inc_every3,5.777900000000509,5.3152500000004235,-43.479355236489155,-58.2414180480012,96.00615193198576,94.73163841807941,5.777900000000262,5.3152499999998675,610.0,220.0,0.0,0.0,11.0,5.0,3.0,2.0,11.0,11.0,0.0,0.0,-2.41,-2.24,-99.42220999999998,-99.46847500000001,1,1
0.01,1.0,1440,1,30,30,0,0,50,3.0,18,40,5,0.01,3,inc_every3,5.777900000000509,5.3152500000004235,-43.479355236489155,-58.2414180480012,96.00615193198576,94.73163841807941,5.777900000000262,5.3152499999998675,610.0,220.0,0.0,0.0,11.0,5.0,3.0,2.0,11.0,11.0,0.0,0.0,-2.41,-2.24,-99.42220999999998,-99.46847500000001,1,1
0.01,1.0,1440,1,30,30,0,0,200,8.0,8,40,5,0.01,3,inc_every3,6.349500000001406,5.373999999999061,-42.402203492728404,-58.104597932946035,95.03014642548918,94.67076556921955,5.770000000007208,5.373999999999061,89.0,118.0,0.0,0.0,4.0,5.0,1.0,1.0,6.0,6.0,0.0,0.0,-1.1500000000000001,-2.1899999999999995,-99.42299999999928,-99.4626000000001,1,1
0.01,1.0,1440,1,30,30,0,0,200,8.0,18,40,5,0.01,1,inc_every1,6.349500000001406,5.373999999999061,-42.402203492728404,-58.104597932946035,95.03014642548918,94.67076556921955,5.770000000007208,5.373999999999061,89.0,118.0,0.0,0.0,4.0,5.0,1.0,1.0,6.0,6.0,0.0,0.0,-1.1500000000000001,-2.1899999999999995,-99.42299999999928,-99.4626000000001,1,1
0.01,1.0,1440,1,30,30,0,0,200,8.0,12,40,5,0.01,3,inc_every3,6.349500000001406,5.373999999999061,-42.402203492728404,-58.104597932946035,95.03014642548918,94.67076556921955,5.770000000007208,5.373999999999061,89.0,118.0,0.0,0.0,4.0,5.0,1.0,1.0,6.0,6.0,0.0,0.0,-1.1500000000000001,-2.1899999999999995,-99.42299999999928,-99.4626000000001,1,1
0.01,1.0,1440,1,30,30,0,0,200,8.0,8,40,5,0.01,1,inc_every1,6.349500000001406,5.373999999999061,-42.402203492728404,-58.104597932946035,95.03014642548918,94.67076556921955,5.770000000007208,5.373999999999061,89.0,118.0,0.0,0.0,4.0,5.0,1.0,1.0,6.0,6.0,0.0,0.0,-1.1500000000000001,-2.1899999999999995,-99.42299999999928,-99.4626000000001,1,1
0.01,1.0,1440,1,30,30,0,0,200,8.0,18,40,5,0.01,3,inc_every3,6.349500000001406,5.373999999999061,-42.402203492728404,-58.104597932946035,95.03014642548918,94.67076556921955,5.770000000007208,5.373999999999061,89.0,118.0,0.0,0.0,4.0,5.0,1.0,1.0,6.0,6.0,0.0,0.0,-1.1500000000000001,-2.1899999999999995,-99.42299999999928,-99.4626000000001,1,1
0.01,1.0,1440,1,30,30,0,0,200,8.0,12,40,5,0.01,1,inc_every1,6.349500000001406,5.373999999999061,-42.402203492728404,-58.104597932946035,95.03014642548918,94.67076556921955,5.770000000007208,5.373999999999061,89.0,118.0,0.0,0.0,4.0,5.0,1.0,1.0,6.0,6.0,0.0,0.0,-1.1500000000000001,-2.1899999999999995,-99.42299999999928,-99.4626000000001,1,1
0.01,1.0,1440,1,30,30,0,0,50,5.3,12,25,5,0.01,3,inc_every3,5.69960000000173,7.427420000000705,-43.63347312528268,-53.86953142793055,95.29968662378339,92.845867848199,5.699600000000558,7.427420000000243,125.0,86.0,0.0,0.0,9.0,7.0,2.0,1.0,9.0,9.0,0.0,0.0,-0.51,-0.51,-99.43003999999995,-99.25725799999998,1,1
0.01,1.0,1440,1,30,30,0,0,50,5.3,18,25,5,0.01,3,inc_every3,5.69960000000173,7.427420000000705,-43.63347312528268,-53.86953142793055,95.29968662378339,92.845867848199,5.699600000000558,7.427420000000243,125.0,86.0,0.0,0.0,9.0,7.0,2.0,1.0,9.0,9.0,0.0,0.0,-0.51,-0.51,-99.43003999999995,-99.25725799999998,1,1
0.01,1.0,1440,1,30,30,0,0,50,5.3,8,25,5,0.01,3,inc_every3,5.699600000001396,9.760000000013662,-43.63347312528333,-49.96384073018333,95.29968662378349,90.59911385088319,5.699600000000441,9.760000000013662,125.0,70.0,0.0,0.0,9.0,7.0,2.0,0.0,8.0,8.0,11.0,7.0,-0.51,-0.51,-99.43003999999996,-99.02399999999864,1,1
0.01,1.0,1440,1,30,30,0,0,200,3.0,3,15,99,0.0,1,flat,5.68000000009282,3.171660000000575,-43.67231664897713,-64.18886802854293,94.8184637838967,96.82834,5.680000000092555,3.171660000000003,816.0,598.0,0.0,0.0,26.0,20.0,0.0,1.0,3.0,3.0,58.0,50.0,-3.07,-4.789999999999997,-99.43199999999075,-99.682834,1,1
0.01,1.0,1440,1,30,30,0,0,200,3.0,3,15,3,0.01,2,inc_every2,5.68000000009282,3.171660000000575,-43.67231664897713,-64.18886802854293,94.8184637838967,96.82834,5.680000000092555,3.171660000000003,816.0,598.0,0.0,0.0,26.0,20.0,0.0,1.0,3.0,3.0,58.0,50.0,-3.07,-4.789999999999997,-99.43199999999075,-99.682834,1,1
0.01,1.0,1440,1,30,30,0,0,200,3.0,3,15,5,0.01,1,inc_every1,5.68000000009282,3.171660000000575,-43.67231664897713,-64.18886802854293,94.8184637838967,96.82834,5.680000000092555,3.171660000000003,816.0,598.0,0.0,0.0,26.0,20.0,0.0,1.0,3.0,3.0,58.0,50.0,-3.07,-4.789999999999997,-99.43199999999075,-99.682834,1,1
0.01,1.0,1440,1,30,30,0,0,200,3.0,3,15,5,0.01,3,inc_every3,5.68000000009282,3.171660000000575,-43.67231664897713,-64.18886802854293,94.8184637838967,96.82834,5.680000000092555,3.171660000000003,816.0,598.0,0.0,0.0,26.0,20.0,0.0,1.0,3.0,3.0,58.0,50.0,-3.07,-4.789999999999997,-99.43199999999075,-99.682834,1,1
0.01,1.0,1440,1,30,30,0,0,75,5.3,5,40,5,0.01,1,inc_every1,5.777300000000867,5.352299999999346,-43.48052984705987,-58.155011104295596,95.23168783107896,94.72835615089275,5.67000000006434,5.352299999998756,205.0,171.0,0.0,0.0,7.0,6.0,1.0,1.0,5.0,5.0,25.0,23.0,-1.3300000000000003,-2.8300000000000005,-99.43299999999357,-99.46477000000013,1,1
0.01,1.0,1440,1,30,30,0,0,75,5.3,5,40,5,0.01,3,inc_every3,5.777300000000867,5.352299999999346,-43.48052984705987,-58.155011104295596,95.23168783107896,94.72835615089275,5.67000000006434,5.352299999998756,205.0,171.0,0.0,0.0,7.0,6.0,1.0,1.0,5.0,5.0,25.0,23.0,-1.3300000000000003,-2.8300000000000005,-99.43299999999357,-99.46477000000013,1,1
0.01,1.0,1440,1,30,30,0,0,75,5.3,5,40,99,0.0,1,flat,5.777300000000867,5.352299999999346,-43.48052984705987,-58.155011104295596,95.23168783107896,94.72835615089275,5.67000000006434,5.352299999998756,205.0,171.0,0.0,0.0,7.0,6.0,1.0,1.0,5.0,5.0,25.0,23.0,-1.3300000000000003,-2.8300000000000005,-99.43299999999357,-99.46477000000013,1,1
0.01,1.0,1440,1,30,30,0,0,50,8.0,3,15,99,0.0,1,flat,5.670000000040728,3.1983000000001685,-43.69217609357815,-64.09962231046083,95.08324661807191,97.18285915617068,5.6700000000396,3.198299999999799,153.0,303.0,0.0,0.0,23.0,38.0,0.0,1.0,3.0,3.0,87.0,161.0,-1.43,-6.809999999999998,-99.43299999999604,-99.68017000000002,1,1
0.01,1.0,1440,1,30,30,0,0,50,8.0,3,15,3,0.01,2,inc_every2,5.670000000040728,3.1983000000001685,-43.69217609357815,-64.09962231046083,95.08324661807191,97.18285915617068,5.6700000000396,3.198299999999799,153.0,303.0,0.0,0.0,23.0,38.0,0.0,1.0,3.0,3.0,87.0,161.0,-1.43,-6.809999999999998,-99.43299999999604,-99.68017000000002,1,1
0.01,1.0,1440,1,30,30,0,0,50,8.0,3,15,5,0.01,1,inc_every1,5.670000000040728,3.1983000000001685,-43.69217609357815,-64.09962231046083,95.08324661807191,97.18285915617068,5.6700000000396,3.198299999999799,153.0,303.0,0.0,0.0,23.0,38.0,0.0,1.0,3.0,3.0,87.0,161.0,-1.43,-6.809999999999998,-99.43299999999604,-99.68017000000002,1,1
0.01,1.0,1440,1,30,30,0,0,50,8.0,3,15,5,0.01,3,inc_every3,5.670000000040728,3.1983000000001685,-43.69217609357815,-64.09962231046083,95.08324661807191,97.18285915617068,5.6700000000396,3.198299999999799,153.0,303.0,0.0,0.0,23.0,38.0,0.0,1.0,3.0,3.0,87.0,161.0,-1.43,-6.809999999999998,-99.43299999999604,-99.68017000000002,1,1
0.01,1.0,1440,1,30,30,0,0,200,18.0,8,40,5,0.01,3,inc_every3,6.418600000000399,5.313499999999696,-42.27730711307276,-58.245509797335494,95.04516355344236,96.43484970477823,5.65000000000979,5.313499999999589,61.0,129.0,0.0,0.0,6.0,12.0,1.0,1.0,6.0,6.0,0.0,0.0,-1.3400000000000003,-10.620000000000001,-99.43499999999902,-99.46865000000004,1,1
0.01,1.0,1440,1,30,30,0,0,200,18.0,8,40,5,0.01,1,inc_every1,6.418600000000399,5.313499999999696,-42.27730711307276,-58.245509797335494,95.04516355344236,96.43484970477823,5.65000000000979,5.313499999999589,61.0,129.0,0.0,0.0,6.0,12.0,1.0,1.0,6.0,6.0,0.0,0.0,-1.3400000000000003,-10.620000000000001,-99.43499999999902,-99.46865000000004,1,1
0.01,1.0,1440,1,30,30,0,0,200,18.0,18,40,5,0.01,1,inc_every1,6.418600000000399,5.313499999999696,-42.27730711307276,-58.245509797335494,95.04516355344236,96.43484970477823,5.65000000000979,5.313499999999589,61.0,129.0,0.0,0.0,6.0,12.0,1.0,1.0,6.0,6.0,0.0,0.0,-1.3400000000000003,-10.620000000000001,-99.43499999999902,-99.46865000000004,1,1
0.01,1.0,1440,1,30,30,0,0,200,18.0,12,40,5,0.01,3,inc_every3,6.418600000000399,5.313499999999696,-42.27730711307276,-58.245509797335494,95.04516355344236,96.43484970477823,5.65000000000979,5.313499999999589,61.0,129.0,0.0,0.0,6.0,12.0,1.0,1.0,6.0,6.0,0.0,0.0,-1.3400000000000003,-10.620000000000001,-99.43499999999902,-99.46865000000004,1,1
0.01,1.0,1440,1,30,30,0,0,200,18.0,12,40,5,0.01,1,inc_every1,6.418600000000399,5.313499999999696,-42.27730711307276,-58.245509797335494,95.04516355344236,96.43484970477823,5.65000000000979,5.313499999999589,61.0,129.0,0.0,0.0,6.0,12.0,1.0,1.0,6.0,6.0,0.0,0.0,-1.3400000000000003,-10.620000000000001,-99.43499999999902,-99.46865000000004,1,1
0.01,1.0,1440,1,30,30,0,0,200,18.0,18,40,5,0.01,3,inc_every3,6.418600000000399,5.313499999999696,-42.27730711307276,-58.245509797335494,95.04516355344236,96.43484970477823,5.65000000000979,5.313499999999589,61.0,129.0,0.0,0.0,6.0,12.0,1.0,1.0,6.0,6.0,0.0,0.0,-1.3400000000000003,-10.620000000000001,-99.43499999999902,-99.46865000000004,1,1
0.01,1.0,1440,1,30,30,0,0,75,18.0,3,25,99,0.0,1,flat,8.24000000006895,3.6024600000002565,-39.318426468980626,-62.80558226423199,95.1867077765788,97.12653744915089,5.620000000066739,3.602459999999855,187.0,557.0,0.0,0.0,32.0,89.0,0.0,1.0,3.0,3.0,124.0,367.0,-6.43,-53.57000000000025,-99.43799999999332,-99.63975400000001,1,1
0.01,1.0,1440,1,30,30,0,0,75,18.0,3,25,5,0.01,3,inc_every3,8.24000000006895,3.6024600000002565,-39.318426468980626,-62.80558226423199,95.1867077765788,97.12653744915089,5.620000000066739,3.602459999999855,187.0,557.0,0.0,0.0,32.0,89.0,0.0,1.0,3.0,3.0,124.0,367.0,-6.43,-53.57000000000025,-99.43799999999332,-99.63975400000001,1,1
0.01,1.0,1440,1,30,30,0,0,75,18.0,3,25,3,0.01,2,inc_every2,8.24000000006895,3.6024600000002565,-39.318426468980626,-62.80558226423199,95.1867077765788,97.12653744915089,5.620000000066739,3.602459999999855,187.0,557.0,0.0,0.0,32.0,89.0,0.0,1.0,3.0,3.0,124.0,367.0,-6.43,-53.57000000000025,-99.43799999999332,-99.63975400000001,1,1
0.01,1.0,1440,1,30,30,0,0,75,18.0,3,25,5,0.01,1,inc_every1,8.24000000006895,3.6024600000002565,-39.318426468980626,-62.80558226423199,95.1867077765788,97.12653744915089,5.620000000066739,3.602459999999855,187.0,557.0,0.0,0.0,32.0,89.0,0.0,1.0,3.0,3.0,124.0,367.0,-6.43,-53.57000000000025,-99.43799999999332,-99.63975400000001,1,1
0.01,1.0,1440,1,30,30,0,0,50,3.0,18,25,5,0.01,1,inc_every1,5.598550000001795,7.490769999999571,-43.834892968645846,-53.75279710321775,95.20795172472833,93.46868079170156,5.5985500000000705,7.490769999999571,221.0,197.0,0.0,0.0,9.0,8.0,1.0,1.0,9.0,9.0,0.0,0.0,-0.1,-0.6300000000000001,-99.44014499999999,-99.25092300000004,1,1
0.01,1.0,1440,1,30,30,0,0,50,3.0,8,25,5,0.01,1,inc_every1,5.598550000001788,7.488669999999818,-43.83489296864585,-53.756655614448675,95.20795172472835,93.42002460240954,5.598550000000063,7.488669999999818,221.0,195.0,0.0,0.0,9.0,8.0,1.0,1.0,8.0,8.0,8.0,11.0,-0.1,-0.6300000000000001,-99.44014499999999,-99.25113300000002,1,1
0.01,1.0,1440,1,30,30,0,0,50,3.0,12,25,5,0.01,1,inc_every1,5.598550000001795,7.490769999999571,-43.834892968645846,-53.75279710321775,95.20795172472833,93.46868079170156,5.5985500000000705,7.490769999999571,221.0,197.0,0.0,0.0,9.0,8.0,1.0,1.0,9.0,9.0,0.0,0.0,-0.1,-0.6300000000000001,-99.44014499999999,-99.25092300000004,1,1
0.01,1.0,1440,1,30,30,0,0,100,8.0,8,15,3,0.01,2,inc_every2,5.59094999999993,8.640000000007044,-43.850159067380815,-51.746209782868526,95.6666020771975,93.97980567726711,5.5909499999999,6.320000000005123,317.0,64.0,0.0,0.0,37.0,11.0,1.0,0.0,5.0,5.0,0.0,0.0,-2.0,-0.5,-99.44090500000001,-99.36799999999948,1,1
0.01,1.0,1440,1,30,30,0,0,100,8.0,12,15,3,0.01,2,inc_every2,5.59094999999993,8.640000000007044,-43.850159067380815,-51.746209782868526,95.6666020771975,93.97980567726711,5.5909499999999,6.320000000005123,317.0,64.0,0.0,0.0,37.0,11.0,1.0,0.0,5.0,5.0,0.0,0.0,-2.0,-0.5,-99.44090500000001,-99.36799999999948,1,1
0.01,1.0,1440,1,30,30,0,0,100,8.0,18,15,3,0.01,2,inc_every2,5.59094999999993,8.640000000007044,-43.850159067380815,-51.746209782868526,95.6666020771975,93.97980567726711,5.5909499999999,6.320000000005123,317.0,64.0,0.0,0.0,37.0,11.0,1.0,0.0,5.0,5.0,0.0,0.0,-2.0,-0.5,-99.44090500000001,-99.36799999999948,1,1
0.01,1.0,1440,1,30,30,0,0,100,8.0,5,15,3,0.01,2,inc_every2,5.59094999999993,8.640000000007044,-43.850159067380815,-51.746209782868526,95.6666020771975,93.97980567726711,5.5909499999999,6.320000000005123,317.0,64.0,0.0,0.0,37.0,11.0,1.0,0.0,5.0,5.0,42.0,10.0,-2.0,-0.5,-99.44090500000001,-99.36799999999948,1,1
0.01,1.0,1440,1,30,30,0,0,100,3.0,8,0,3,0.01,2,inc_every2,6.43410000000069,5.206250000000946,-42.249439070582206,-58.49810311523373,95.2836909507242,94.88881798547013,5.561000000001323,5.206250000000164,148.0,26.0,0.0,0.0,0.0,0.0,3.0,2.0,8.0,8.0,1.0,1.0,-0.79,0.0,-99.44389999999987,-99.47937499999999,1,1
0.01,1.0,1440,1,30,30,0,0,100,3.0,12,0,3,0.01,2,inc_every2,6.434100000001532,5.2081499999999465,-42.2494390705807,-58.49359661319471,95.48308392973217,94.88695268014958,5.554000000001688,5.208149999999659,159.0,21.0,0.0,0.0,0.0,0.0,3.0,2.0,9.0,9.0,0.0,0.0,-0.79,0.0,-99.44459999999984,-99.47918500000003,1,1
0.01,1.0,1440,1,30,30,0,0,100,3.0,18,0,3,0.01,2,inc_every2,6.434100000001532,5.2081499999999465,-42.2494390705807,-58.49359661319471,95.48308392973217,94.88695268014958,5.554000000001688,5.208149999999659,159.0,21.0,0.0,0.0,0.0,0.0,3.0,2.0,9.0,9.0,0.0,0.0,-0.79,0.0,-99.44459999999984,-99.47918500000003,1,1
0.01,1.0,1440,1,30,30,0,0,75,8.0,3,25,5,0.01,3,inc_every3,5.490000000084571,9.180000000110002,-44.05452845547059,-50.867789205197724,95.22608695644922,94.1858273651473,5.4900000000836116,6.17000000010659,307.0,438.0,0.0,0.0,22.0,30.0,0.0,0.0,3.0,3.0,121.0,165.0,-3.579999999999999,-14.790000000000004,-99.45099999999164,-99.38299999998934,1,1
0.01,1.0,1440,1,30,30,0,0,75,8.0,3,25,99,0.0,1,flat,5.490000000084571,9.180000000110002,-44.05452845547059,-50.867789205197724,95.22608695644922,94.1858273651473,5.4900000000836116,6.17000000010659,307.0,438.0,0.0,0.0,22.0,30.0,0.0,0.0,3.0,3.0,121.0,165.0,-3.579999999999999,-14.790000000000004,-99.45099999999164,-99.38299999998934,1,1
0.01,1.0,1440,1,30,30,0,0,75,8.0,3,25,3,0.01,2,inc_every2,5.490000000084571,9.180000000110002,-44.05452845547059,-50.867789205197724,95.22608695644922,94.1858273651473,5.4900000000836116,6.17000000010659,307.0,438.0,0.0,0.0,22.0,30.0,0.0,0.0,3.0,3.0,121.0,165.0,-3.579999999999999,-14.790000000000004,-99.45099999999164,-99.38299999998934,1,1
0.01,1.0,1440,1,30,30,0,0,75,8.0,3,25,5,0.01,1,inc_every1,5.490000000084571,9.180000000110002,-44.05452845547059,-50.867789205197724,95.22608695644922,94.1858273651473,5.4900000000836116,6.17000000010659,307.0,438.0,0.0,0.0,22.0,30.0,0.0,0.0,3.0,3.0,121.0,165.0,-3.579999999999999,-14.790000000000004,-99.45099999999164,-99.38299999998934,1,1
0.01,1.0,1440,1,30,30,0,0,75,3.0,8,15,5,0.01,3,inc_every3,6.540000000193112,10.030000000060575,-42.06046087133546,-49.555876505456666,95.03937720633708,91.2309844377893,5.480000000159702,10.030000000058923,778.0,314.0,0.0,0.0,32.0,16.0,0.0,0.0,6.0,6.0,0.0,0.0,-1.4300000000000002,-0.81,-99.45199999998403,-98.9969999999941,1,1
0.01,1.0,1440,1,30,30,0,0,75,3.0,18,15,5,0.01,3,inc_every3,6.540000000193112,10.030000000060575,-42.06046087133546,-49.555876505456666,95.03937720633708,91.2309844377893,5.480000000159702,10.030000000058923,778.0,314.0,0.0,0.0,32.0,16.0,0.0,0.0,6.0,6.0,0.0,0.0,-1.4300000000000002,-0.81,-99.45199999998403,-98.9969999999941,1,1
0.01,1.0,1440,1,30,30,0,0,75,3.0,8,15,5,0.01,1,inc_every1,6.540000000193112,10.030000000060575,-42.06046087133546,-49.555876505456666,95.03937720633708,91.2309844377893,5.480000000159702,10.030000000058923,778.0,314.0,0.0,0.0,32.0,16.0,0.0,0.0,6.0,6.0,0.0,0.0,-1.4300000000000002,-0.81,-99.45199999998403,-98.9969999999941,1,1
0.01,1.0,1440,1,30,30,0,0,75,3.0,12,15,5,0.01,3,inc_every3,6.540000000193112,10.030000000060575,-42.06046087133546,-49.555876505456666,95.03937720633708,91.2309844377893,5.480000000159702,10.030000000058923,778.0,314.0,0.0,0.0,32.0,16.0,0.0,0.0,6.0,6.0,0.0,0.0,-1.4300000000000002,-0.81,-99.45199999998403,-98.9969999999941,1,1
0.01,1.0,1440,1,30,30,0,0,75,3.0,12,15,5,0.01,1,inc_every1,6.540000000193112,10.030000000060575,-42.06046087133546,-49.555876505456666,95.03937720633708,91.2309844377893,5.480000000159702,10.030000000058923,778.0,314.0,0.0,0.0,32.0,16.0,0.0,0.0,6.0,6.0,0.0,0.0,-1.4300000000000002,-0.81,-99.45199999998403,-98.9969999999941,1,1
0.01,1.0,1440,1,30,30,0,0,75,3.0,18,15,5,0.01,1,inc_every1,6.540000000193112,10.030000000060575,-42.06046087133546,-49.555876505456666,95.03937720633708,91.2309844377893,5.480000000159702,10.030000000058923,778.0,314.0,0.0,0.0,32.0,16.0,0.0,0.0,6.0,6.0,0.0,0.0,-1.4300000000000002,-0.81,-99.45199999998403,-98.9969999999941,1,1
0.01,1.0,1440,1,30,30,0,0,200,8.0,3,15,99,0.0,1,flat,5.460000000068709,7.400000000083098,-44.115841459935204,-53.92027487254675,95.29715762268077,94.97145963571539,5.460000000067751,7.400000000082258,440.0,488.0,0.0,0.0,38.0,41.0,0.0,0.0,3.0,3.0,77.0,81.0,-4.2299999999999995,-12.079999999999998,-99.45399999999323,-99.25999999999178,1,1
0.01,1.0,1440,1,30,30,0,0,200,8.0,3,15,3,0.01,2,inc_every2,5.460000000068709,7.400000000083098,-44.115841459935204,-53.92027487254675,95.29715762268077,94.97145963571539,5.460000000067751,7.400000000082258,440.0,488.0,0.0,0.0,38.0,41.0,0.0,0.0,3.0,3.0,77.0,81.0,-4.2299999999999995,-12.079999999999998,-99.45399999999323,-99.25999999999178,1,1
0.01,1.0,1440,1,30,30,0,0,200,8.0,3,15,5,0.01,1,inc_every1,5.460000000068709,7.400000000083098,-44.115841459935204,-53.92027487254675,95.29715762268077,94.97145963571539,5.460000000067751,7.400000000082258,440.0,488.0,0.0,0.0,38.0,41.0,0.0,0.0,3.0,3.0,77.0,81.0,-4.2299999999999995,-12.079999999999998,-99.45399999999323,-99.25999999999178,1,1
0.01,1.0,1440,1,30,30,0,0,200,8.0,3,15,5,0.01,3,inc_every3,5.460000000068709,7.400000000083098,-44.115841459935204,-53.92027487254675,95.29715762268077,94.97145963571539,5.460000000067751,7.400000000082258,440.0,488.0,0.0,0.0,38.0,41.0,0.0,0.0,3.0,3.0,77.0,81.0,-4.2299999999999995,-12.079999999999998,-99.45399999999323,-99.25999999999178,1,1
0.01,1.0,1440,1,30,30,0,0,75,12.0,8,15,5,0.01,3,inc_every3,8.410000000114556,4.239519999999905,-39.06993479433607,-60.95893645144035,95.31412703912846,96.06760040812588,5.4000000001086015,4.239519999999905,240.0,114.0,0.0,0.0,49.0,25.0,0.0,1.0,7.0,6.0,0.0,0.0,-1.9300000000000004,-1.26,-99.45999999998914,-99.57604800000001,1,1
0.01,1.0,1440,1,30,30,0,0,75,12.0,18,15,5,0.01,3,inc_every3,8.410000000114556,4.239519999999905,-39.06993479433607,-60.95893645144035,95.31412703912846,96.06760040812588,5.4000000001086015,4.239519999999905,240.0,114.0,0.0,0.0,49.0,25.0,0.0,1.0,7.0,6.0,0.0,0.0,-1.9300000000000004,-1.26,-99.45999999998914,-99.57604800000001,1,1
0.01,1.0,1440,1,30,30,0,0,75,12.0,12,15,5,0.01,3,inc_every3,8.410000000114556,4.239519999999905,-39.06993479433607,-60.95893645144035,95.31412703912846,96.06760040812588,5.4000000001086015,4.239519999999905,240.0,114.0,0.0,0.0,49.0,25.0,0.0,1.0,7.0,6.0,0.0,0.0,-1.9300000000000004,-1.26,-99.45999999998914,-99.57604800000001,1,1
0.01,1.0,1440,1,30,30,0,0,150,18.0,8,25,99,0.0,1,flat,5.396300000001226,4.495000000000397,-44.24692826092084,-60.27316604371013,95.44192921699444,96.58745824476223,5.396300000000441,4.495000000000285,128.0,253.0,0.0,0.0,20.0,39.0,1.0,1.0,6.0,6.0,0.0,0.0,-1.8400000000000005,-21.11000000000001,-99.46036999999995,-99.55049999999997,1,1
0.01,1.0,1440,1,30,30,0,0,150,18.0,18,25,99,0.0,1,flat,5.396300000001226,4.495000000000397,-44.24692826092084,-60.27316604371013,95.44192921699444,96.58745824476223,5.396300000000441,4.495000000000285,128.0,253.0,0.0,0.0,20.0,39.0,1.0,1.0,6.0,6.0,0.0,0.0,-1.8400000000000005,-21.11000000000001,-99.46036999999995,-99.55049999999997,1,1
0.01,1.0,1440,1,30,30,0,0,150,18.0,12,25,99,0.0,1,flat,5.396300000001226,4.495000000000397,-44.24692826092084,-60.27316604371013,95.44192921699444,96.58745824476223,5.396300000000441,4.495000000000285,128.0,253.0,0.0,0.0,20.0,39.0,1.0,1.0,6.0,6.0,0.0,0.0,-1.8400000000000005,-21.11000000000001,-99.46036999999995,-99.55049999999997,1,1
0.01,1.0,1440,1,30,30,0,0,50,8.0,5,15,5,0.01,1,inc_every1,5.386239999998889,5.337800000000822,-44.26774354159668,-58.18877739615955,95.47792796574711,94.806577155089,5.386239999998889,5.337799999999703,260.0,137.0,0.0,0.0,39.0,22.0,1.0,1.0,5.0,5.0,75.0,43.0,-1.2400000000000002,-2.1900000000000004,-99.46137600000012,-99.46622000000004,1,1
0.01,1.0,1440,1,30,30,0,0,50,8.0,5,15,5,0.01,3,inc_every3,5.386239999998889,5.337800000000822,-44.26774354159668,-58.18877739615955,95.47792796574711,94.806577155089,5.386239999998889,5.337799999999703,260.0,137.0,0.0,0.0,39.0,22.0,1.0,1.0,5.0,5.0,75.0,43.0,-1.2400000000000002,-2.1900000000000004,-99.46137600000012,-99.46622000000004,1,1
0.01,1.0,1440,1,30,30,0,0,50,8.0,5,15,99,0.0,1,flat,5.386239999998889,5.337800000000822,-44.26774354159668,-58.18877739615955,95.47792796574711,94.806577155089,5.386239999998889,5.337799999999703,260.0,137.0,0.0,0.0,39.0,22.0,1.0,1.0,5.0,5.0,75.0,43.0,-1.2400000000000002,-2.1900000000000004,-99.46137600000012,-99.46622000000004,1,1
0.01,1.0,1440,1,30,30,0,0,75,12.0,5,15,5,0.01,1,inc_every1,5.345600000000333,5.38340000000041,-44.35215019113774,-58.082804349873776,95.36133287053129,94.83705763882256,5.345599999999987,5.383399999999881,266.0,86.0,0.0,0.0,53.0,19.0,1.0,1.0,5.0,5.0,78.0,27.0,-2.8499999999999996,-0.81,-99.46544,-99.46166000000001,1,1
0.01,1.0,1440,1,30,30,0,0,75,12.0,5,15,99,0.0,1,flat,5.345600000000333,5.38340000000041,-44.35215019113774,-58.082804349873776,95.36133287053129,94.83705763882256,5.345599999999987,5.383399999999881,266.0,86.0,0.0,0.0,53.0,19.0,1.0,1.0,5.0,5.0,78.0,27.0,-2.8499999999999996,-0.81,-99.46544,-99.46166000000001,1,1
0.01,1.0,1440,1,30,30,0,0,75,12.0,5,15,5,0.01,3,inc_every3,5.345600000000333,5.38340000000041,-44.35215019113774,-58.082804349873776,95.36133287053129,94.83705763882256,5.345599999999987,5.383399999999881,266.0,86.0,0.0,0.0,53.0,19.0,1.0,1.0,5.0,5.0,78.0,27.0,-2.8499999999999996,-0.81,-99.46544,-99.46166000000001,1,1
0.01,1.0,1440,1,30,30,0,0,300,12.0,18,15,5,0.01,1,inc_every1,5.3300000000326815,6.170000000022878,-44.38468674363809,-56.34668429011186,95.09930121365174,94.41679486017418,5.330000000032417,6.170000000022156,212.0,237.0,0.0,0.0,28.0,29.0,0.0,0.0,3.0,3.0,0.0,0.0,-2.4900000000000007,-8.499999999999993,-99.46699999999676,-99.38299999999778,1,1
0.01,1.0,1440,1,30,30,0,0,300,12.0,18,15,99,0.0,1,flat,5.3300000000326815,6.170000000022878,-44.38468674363809,-56.34668429011186,95.09930121365174,94.41679486017418,5.330000000032417,6.170000000022156,212.0,237.0,0.0,0.0,28.0,29.0,0.0,0.0,3.0,3.0,0.0,0.0,-2.4900000000000007,-8.499999999999993,-99.46699999999676,-99.38299999999778,1,1
0.01,1.0,1440,1,30,30,0,0,300,12.0,18,15,5,0.01,3,inc_every3,5.3300000000326815,6.170000000022878,-44.38468674363809,-56.34668429011186,95.09930121365174,94.41679486017418,5.330000000032417,6.170000000022156,212.0,237.0,0.0,0.0,28.0,29.0,0.0,0.0,3.0,3.0,0.0,0.0,-2.4900000000000007,-8.499999999999993,-99.46699999999676,-99.38299999999778,1,1
0.01,1.0,1440,1,30,30,0,0,300,12.0,3,15,99,0.0,1,flat,5.3300000000326815,6.170000000022878,-44.38468674363809,-56.34668429011186,95.09930121365174,94.41679486017418,5.330000000032417,6.170000000022156,212.0,237.0,0.0,0.0,28.0,29.0,0.0,0.0,3.0,3.0,41.0,37.0,-2.4900000000000007,-8.499999999999993,-99.46699999999676,-99.38299999999778,1,1
0.01,1.0,1440,1,30,30,0,0,300,12.0,3,15,5,0.01,3,inc_every3,5.3300000000326815,6.170000000022878,-44.38468674363809,-56.34668429011186,95.09930121365174,94.41679486017418,5.330000000032417,6.170000000022156,212.0,237.0,0.0,0.0,28.0,29.0,0.0,0.0,3.0,3.0,41.0,37.0,-2.4900000000000007,-8.499999999999993,-99.46699999999676,-99.38299999999778,1,1
0.01,1.0,1440,1,30,30,0,0,300,12.0,8,15,5,0.01,3,inc_every3,5.3300000000326815,6.170000000022878,-44.38468674363809,-56.34668429011186,95.09930121365174,94.41679486017418,5.330000000032417,6.170000000022156,212.0,237.0,0.0,0.0,28.0,29.0,0.0,0.0,3.0,3.0,0.0,0.0,-2.4900000000000007,-8.499999999999993,-99.46699999999676,-99.38299999999778,1,1
0.01,1.0,1440,1,30,30,0,0,300,12.0,12,15,99,0.0,1,flat,5.3300000000326815,6.170000000022878,-44.38468674363809,-56.34668429011186,95.09930121365174,94.41679486017418,5.330000000032417,6.170000000022156,212.0,237.0,0.0,0.0,28.0,29.0,0.0,0.0,3.0,3.0,0.0,0.0,-2.4900000000000007,-8.499999999999993,-99.46699999999676,-99.38299999999778,1,1
0.01,1.0,1440,1,30,30,0,0,300,12.0,18,15,3,0.01,2,inc_every2,5.3300000000326815,6.170000000022878,-44.38468674363809,-56.34668429011186,95.09930121365174,94.41679486017418,5.330000000032417,6.170000000022156,212.0,237.0,0.0,0.0,28.0,29.0,0.0,0.0,3.0,3.0,0.0,0.0,-2.4900000000000007,-8.499999999999993,-99.46699999999676,-99.38299999999778,1,1
0.01,1.0,1440,1,30,30,0,0,300,12.0,12,15,3,0.01,2,inc_every2,5.3300000000326815,6.170000000022878,-44.38468674363809,-56.34668429011186,95.09930121365174,94.41679486017418,5.330000000032417,6.170000000022156,212.0,237.0,0.0,0.0,28.0,29.0,0.0,0.0,3.0,3.0,0.0,0.0,-2.4900000000000007,-8.499999999999993,-99.46699999999676,-99.38299999999778,1,1
0.01,1.0,1440,1,30,30,0,0,300,12.0,3,15,3,0.01,2,inc_every2,5.3300000000326815,6.170000000022878,-44.38468674363809,-56.34668429011186,95.09930121365174,94.41679486017418,5.330000000032417,6.170000000022156,212.0,237.0,0.0,0.0,28.0,29.0,0.0,0.0,3.0,3.0,41.0,37.0,-2.4900000000000007,-8.499999999999993,-99.46699999999676,-99.38299999999778,1,1
0.01,1.0,1440,1,30,30,0,0,300,12.0,5,15,5,0.01,1,inc_every1,5.3300000000326815,6.170000000022878,-44.38468674363809,-56.34668429011186,95.09930121365174,94.41679486017418,5.330000000032417,6.170000000022156,212.0,237.0,0.0,0.0,28.0,29.0,0.0,0.0,3.0,3.0,0.0,0.0,-2.4900000000000007,-8.499999999999993,-99.46699999999676,-99.38299999999778,1,1
0.01,1.0,1440,1,30,30,0,0,300,12.0,3,15,5,0.01,1,inc_every1,5.3300000000326815,6.170000000022878,-44.38468674363809,-56.34668429011186,95.09930121365174,94.41679486017418,5.330000000032417,6.170000000022156,212.0,237.0,0.0,0.0,28.0,29.0,0.0,0.0,3.0,3.0,41.0,37.0,-2.4900000000000007,-8.499999999999993,-99.46699999999676,-99.38299999999778,1,1
0.01,1.0,1440,1,30,30,0,0,300,12.0,5,15,99,0.0,1,flat,5.3300000000326815,6.170000000022878,-44.38468674363809,-56.34668429011186,95.09930121365174,94.41679486017418,5.330000000032417,6.170000000022156,212.0,237.0,0.0,0.0,28.0,29.0,0.0,0.0,3.0,3.0,0.0,0.0,-2.4900000000000007,-8.499999999999993,-99.46699999999676,-99.38299999999778,1,1
0.01,1.0,1440,1,30,30,0,0,300,12.0,5,15,5,0.01,3,inc_every3,5.3300000000326815,6.170000000022878,-44.38468674363809,-56.34668429011186,95.09930121365174,94.41679486017418,5.330000000032417,6.170000000022156,212.0,237.0,0.0,0.0,28.0,29.0,0.0,0.0,3.0,3.0,0.0,0.0,-2.4900000000000007,-8.499999999999993,-99.46699999999676,-99.38299999999778,1,1
0.01,1.0,1440,1,30,30,0,0,300,12.0,8,15,99,0.0,1,flat,5.3300000000326815,6.170000000022878,-44.38468674363809,-56.34668429011186,95.09930121365174,94.41679486017418,5.330000000032417,6.170000000022156,212.0,237.0,0.0,0.0,28.0,29.0,0.0,0.0,3.0,3.0,0.0,0.0,-2.4900000000000007,-8.499999999999993,-99.46699999999676,-99.38299999999778,1,1
0.01,1.0,1440,1,30,30,0,0,300,12.0,5,15,3,0.01,2,inc_every2,5.3300000000326815,6.170000000022878,-44.38468674363809,-56.34668429011186,95.09930121365174,94.41679486017418,5.330000000032417,6.170000000022156,212.0,237.0,0.0,0.0,28.0,29.0,0.0,0.0,3.0,3.0,0.0,0.0,-2.4900000000000007,-8.499999999999993,-99.46699999999676,-99.38299999999778,1,1
0.01,1.0,1440,1,30,30,0,0,300,12.0,12,15,5,0.01,1,inc_every1,5.3300000000326815,6.170000000022878,-44.38468674363809,-56.34668429011186,95.09930121365174,94.41679486017418,5.330000000032417,6.170000000022156,212.0,237.0,0.0,0.0,28.0,29.0,0.0,0.0,3.0,3.0,0.0,0.0,-2.4900000000000007,-8.499999999999993,-99.46699999999676,-99.38299999999778,1,1
0.01,1.0,1440,1,30,30,0,0,300,12.0,12,15,5,0.01,3,inc_every3,5.3300000000326815,6.170000000022878,-44.38468674363809,-56.34668429011186,95.09930121365174,94.41679486017418,5.330000000032417,6.170000000022156,212.0,237.0,0.0,0.0,28.0,29.0,0.0,0.0,3.0,3.0,0.0,0.0,-2.4900000000000007,-8.499999999999993,-99.46699999999676,-99.38299999999778,1,1
0.01,1.0,1440,1,30,30,0,0,300,12.0,8,15,3,0.01,2,inc_every2,5.3300000000326815,6.170000000022878,-44.38468674363809,-56.34668429011186,95.09930121365174,94.41679486017418,5.330000000032417,6.170000000022156,212.0,237.0,0.0,0.0,28.0,29.0,0.0,0.0,3.0,3.0,0.0,0.0,-2.4900000000000007,-8.499999999999993,-99.46699999999676,-99.38299999999778,1,1
0.01,1.0,1440,1,30,30,0,0,300,12.0,8,15,5,0.01,1,inc_every1,5.3300000000326815,6.170000000022878,-44.38468674363809,-56.34668429011186,95.09930121365174,94.41679486017418,5.330000000032417,6.170000000022156,212.0,237.0,0.0,0.0,28.0,29.0,0.0,0.0,3.0,3.0,0.0,0.0,-2.4900000000000007,-8.499999999999993,-99.46699999999676,-99.38299999999778,1,1
0.01,1.0,1440,1,30,30,0,0,75,3.0,5,15,5,0.01,3,inc_every3,5.298879999999674,4.280480000000324,-44.44982120133687,-60.84707112596479,95.20333122114654,96.15824807036547,5.298879999999674,4.280479999999624,562.0,352.0,0.0,0.0,24.0,18.0,1.0,1.0,5.0,5.0,45.0,36.0,-1.5400000000000003,-1.0800000000000003,-99.47011200000003,-99.57195200000004,1,1
0.01,1.0,1440,1,30,30,0,0,75,3.0,5,15,99,0.0,1,flat,5.298879999999674,4.280480000000324,-44.44982120133687,-60.84707112596479,95.20333122114654,96.15824807036547,5.298879999999674,4.280479999999624,562.0,352.0,0.0,0.0,24.0,18.0,1.0,1.0,5.0,5.0,45.0,36.0,-1.5400000000000003,-1.0800000000000003,-99.47011200000003,-99.57195200000004,1,1
0.01,1.0,1440,1,30,30,0,0,75,3.0,5,15,5,0.01,1,inc_every1,5.298879999999674,4.280480000000324,-44.44982120133687,-60.84707112596479,95.20333122114654,96.15824807036547,5.298879999999674,4.280479999999624,562.0,352.0,0.0,0.0,24.0,18.0,1.0,1.0,5.0,5.0,45.0,36.0,-1.5400000000000003,-1.0800000000000003,-99.47011200000003,-99.57195200000004,1,1
0.01,1.0,1440,1,30,30,0,0,150,12.0,18,25,99,0.0,1,flat,5.292039999999869,6.580000000096604,-44.46417838755674,-55.502896469238564,95.45825609337497,94.13338088436628,5.292039999999577,6.580000000096149,231.0,253.0,0.0,0.0,23.0,25.0,1.0,0.0,6.0,6.0,0.0,0.0,-3.2999999999999994,-12.129999999999994,-99.47079600000004,-99.34199999999038,1,1
0.01,1.0,1440,1,30,30,0,0,150,12.0,12,25,99,0.0,1,flat,5.292039999999869,6.580000000096604,-44.46417838755674,-55.502896469238564,95.45825609337497,94.13338088436628,5.292039999999577,6.580000000096149,231.0,253.0,0.0,0.0,23.0,25.0,1.0,0.0,6.0,6.0,0.0,0.0,-3.2999999999999994,-12.129999999999994,-99.47079600000004,-99.34199999999038,1,1
0.01,1.0,1440,1,30,30,0,0,150,12.0,8,25,99,0.0,1,flat,5.292039999999869,6.580000000096604,-44.46417838755674,-55.502896469238564,95.45825609337497,94.13338088436628,5.292039999999577,6.580000000096149,231.0,253.0,0.0,0.0,23.0,25.0,1.0,0.0,6.0,6.0,0.0,0.0,-3.2999999999999994,-12.129999999999994,-99.47079600000004,-99.34199999999038,1,1
0.01,1.0,1440,1,30,30,0,0,300,18.0,8,40,99,0.0,1,flat,5.291960000000202,3.516120000000896,-44.46434639565846,-63.07311677926217,95.28093454610297,97.94822897823444,5.291960000000202,3.5161199999997947,84.0,293.0,0.0,0.0,7.0,22.0,1.0,1.0,5.0,5.0,0.0,0.0,-2.6399999999999992,-31.740000000000055,-99.47080399999999,-99.64838800000003,1,1
0.01,1.0,1440,1,30,30,0,0,300,18.0,18,40,5,0.01,1,inc_every1,5.291960000000202,3.516120000000896,-44.46434639565846,-63.07311677926217,95.28093454610297,97.94822897823444,5.291960000000202,3.5161199999997947,84.0,293.0,0.0,0.0,7.0,22.0,1.0,1.0,5.0,5.0,0.0,0.0,-2.6399999999999992,-31.740000000000055,-99.47080399999999,-99.64838800000003,1,1
0.01,1.0,1440,1,30,30,0,0,300,18.0,18,40,5,0.01,3,inc_every3,5.291960000000202,3.516120000000896,-44.46434639565846,-63.07311677926217,95.28093454610297,97.94822897823444,5.291960000000202,3.5161199999997947,84.0,293.0,0.0,0.0,7.0,22.0,1.0,1.0,5.0,5.0,0.0,0.0,-2.6399999999999992,-31.740000000000055,-99.47080399999999,-99.64838800000003,1,1
0.01,1.0,1440,1,30,30,0,0,300,18.0,18,40,99,0.0,1,flat,5.291960000000202,3.516120000000896,-44.46434639565846,-63.07311677926217,95.28093454610297,97.94822897823444,5.291960000000202,3.5161199999997947,84.0,293.0,0.0,0.0,7.0,22.0,1.0,1.0,5.0,5.0,0.0,0.0,-2.6399999999999992,-31.740000000000055,-99.47080399999999,-99.64838800000003,1,1
0.01,1.0,1440,1,30,30,0,0,300,18.0,12,40,5,0.01,3,inc_every3,5.291960000000202,3.516120000000896,-44.46434639565846,-63.07311677926217,95.28093454610297,97.94822897823444,5.291960000000202,3.5161199999997947,84.0,293.0,0.0,0.0,7.0,22.0,1.0,1.0,5.0,5.0,0.0,0.0,-2.6399999999999992,-31.740000000000055,-99.47080399999999,-99.64838800000003,1,1
0.01,1.0,1440,1,30,30,0,0,300,18.0,5,40,5,0.01,1,inc_every1,5.291960000000202,3.516120000000896,-44.46434639565846,-63.07311677926217,95.28093454610297,97.94822897823444,5.291960000000202,3.5161199999997947,84.0,293.0,0.0,0.0,7.0,22.0,1.0,1.0,5.0,5.0,9.0,29.0,-2.6399999999999992,-31.740000000000055,-99.47080399999999,-99.64838800000003,1,1
0.01,1.0,1440,1,30,30,0,0,300,18.0,12,40,99,0.0,1,flat,5.291960000000202,3.516120000000896,-44.46434639565846,-63.07311677926217,95.28093454610297,97.94822897823444,5.291960000000202,3.5161199999997947,84.0,293.0,0.0,0.0,7.0,22.0,1.0,1.0,5.0,5.0,0.0,0.0,-2.6399999999999992,-31.740000000000055,-99.47080399999999,-99.64838800000003,1,1
0.01,1.0,1440,1,30,30,0,0,300,18.0,12,40,5,0.01,1,inc_every1,5.291960000000202,3.516120000000896,-44.46434639565846,-63.07311677926217,95.28093454610297,97.94822897823444,5.291960000000202,3.5161199999997947,84.0,293.0,0.0,0.0,7.0,22.0,1.0,1.0,5.0,5.0,0.0,0.0,-2.6399999999999992,-31.740000000000055,-99.47080399999999,-99.64838800000003,1,1
0.01,1.0,1440,1,30,30,0,0,300,18.0,8,40,5,0.01,1,inc_every1,5.291960000000202,3.516120000000896,-44.46434639565846,-63.07311677926217,95.28093454610297,97.94822897823444,5.291960000000202,3.5161199999997947,84.0,293.0,0.0,0.0,7.0,22.0,1.0,1.0,5.0,5.0,0.0,0.0,-2.6399999999999992,-31.740000000000055,-99.47080399999999,-99.64838800000003,1,1
0.01,1.0,1440,1,30,30,0,0,300,18.0,5,40,5,0.01,3,inc_every3,5.291960000000202,3.516120000000896,-44.46434639565846,-63.07311677926217,95.28093454610297,97.94822897823444,5.291960000000202,3.5161199999997947,84.0,293.0,0.0,0.0,7.0,22.0,1.0,1.0,5.0,5.0,9.0,29.0,-2.6399999999999992,-31.740000000000055,-99.47080399999999,-99.64838800000003,1,1
0.01,1.0,1440,1,30,30,0,0,300,18.0,5,40,99,0.0,1,flat,5.291960000000202,3.516120000000896,-44.46434639565846,-63.07311677926217,95.28093454610297,97.94822897823444,5.291960000000202,3.5161199999997947,84.0,293.0,0.0,0.0,7.0,22.0,1.0,1.0,5.0,5.0,9.0,29.0,-2.6399999999999992,-31.740000000000055,-99.47080399999999,-99.64838800000003,1,1
0.01,1.0,1440,1,30,30,0,0,300,18.0,8,40,5,0.01,3,inc_every3,5.291960000000202,3.516120000000896,-44.46434639565846,-63.07311677926217,95.28093454610297,97.94822897823444,5.291960000000202,3.5161199999997947,84.0,293.0,0.0,0.0,7.0,22.0,1.0,1.0,5.0,5.0,0.0,0.0,-2.6399999999999992,-31.740000000000055,-99.47080399999999,-99.64838800000003,1,1
0.01,1.0,1440,1,30,30,0,0,75,18.0,8,15,3,0.01,2,inc_every2,6.306200000001494,3.1717200000004055,-42.481022233833784,-64.1886664341319,95.66215662149973,97.11241806263685,5.2900000000812994,3.171719999999837,92.0,87.0,0.0,0.0,34.0,37.0,1.0,1.0,6.0,6.0,0.0,0.0,-1.36,-2.2100000000000004,-99.47099999999188,-99.68282800000001,1,1
0.01,1.0,1440,1,30,30,0,0,75,18.0,12,15,3,0.01,2,inc_every2,6.306200000001494,3.1717200000004055,-42.481022233833784,-64.1886664341319,95.66215662149973,97.11241806263685,5.2900000000812994,3.171719999999837,92.0,87.0,0.0,0.0,34.0,37.0,1.0,1.0,6.0,6.0,0.0,0.0,-1.36,-2.2100000000000004,-99.47099999999188,-99.68282800000001,1,1
0.01,1.0,1440,1,30,30,0,0,75,18.0,18,15,3,0.01,2,inc_every2,6.306200000001494,3.1717200000004055,-42.481022233833784,-64.1886664341319,95.66215662149973,97.11241806263685,5.2900000000812994,3.171719999999837,92.0,87.0,0.0,0.0,34.0,37.0,1.0,1.0,6.0,6.0,0.0,0.0,-1.36,-2.2100000000000004,-99.47099999999188,-99.68282800000001,1,1
0.01,1.0,1440,1,30,30,0,0,150,12.0,5,25,5,0.01,3,inc_every3,5.288360000000466,3.346620000000277,-44.47190886378167,-63.61206017856209,95.4614143494678,97.58227134807227,5.288360000000214,3.346619999999543,231.0,372.0,0.0,0.0,23.0,35.0,1.0,1.0,5.0,5.0,35.0,49.0,-3.369999999999999,-18.630000000000003,-99.47116399999997,-99.66533800000005,1,1
0.01,1.0,1440,1,30,30,0,0,150,12.0,5,25,5,0.01,1,inc_every1,5.288360000000466,3.346620000000277,-44.47190886378167,-63.61206017856209,95.4614143494678,97.58227134807227,5.288360000000214,3.346619999999543,231.0,372.0,0.0,0.0,23.0,35.0,1.0,1.0,5.0,5.0,35.0,49.0,-3.369999999999999,-18.630000000000003,-99.47116399999997,-99.66533800000005,1,1
0.01,1.0,1440,1,30,30,0,0,150,12.0,5,25,99,0.0,1,flat,5.288360000000466,3.346620000000277,-44.47190886378167,-63.61206017856209,95.4614143494678,97.58227134807227,5.288360000000214,3.346619999999543,231.0,372.0,0.0,0.0,23.0,35.0,1.0,1.0,5.0,5.0,35.0,49.0,-3.369999999999999,-18.630000000000003,-99.47116399999997,-99.66533800000005,1,1
0.01,1.0,1440,1,30,30,0,0,100,18.0,5,40,5,0.01,1,inc_every1,5.27992000000105,5.290700000000005,-44.4896548071892,-58.29890615673627,95.76284407350911,95.67329080798228,5.279920000000381,5.290699999999788,157.0,110.0,0.0,0.0,20.0,13.0,1.0,1.0,5.0,5.0,55.0,32.0,-5.77,-10.37,-99.47200799999996,-99.47093000000002,1,1
0.01,1.0,1440,1,30,30,0,0,100,18.0,5,40,5,0.01,3,inc_every3,5.27992000000105,5.290700000000005,-44.4896548071892,-58.29890615673627,95.76284407350911,95.67329080798228,5.279920000000381,5.290699999999788,157.0,110.0,0.0,0.0,20.0,13.0,1.0,1.0,5.0,5.0,55.0,32.0,-5.77,-10.37,-99.47200799999996,-99.47093000000002,1,1
0.01,1.0,1440,1,30,30,0,0,100,18.0,5,40,99,0.0,1,flat,5.27992000000105,5.290700000000005,-44.4896548071892,-58.29890615673627,95.76284407350911,95.67329080798228,5.279920000000381,5.290699999999788,157.0,110.0,0.0,0.0,20.0,13.0,1.0,1.0,5.0,5.0,55.0,32.0,-5.77,-10.37,-99.47200799999996,-99.47093000000002,1,1
0.01,1.0,1440,1,30,30,0,0,50,18.0,12,40,99,0.0,1,flat,5.278320000001161,-28.609999999809247,-44.49302152518424,-99.94670849517411,97.82471873068265,108.6367204008339,5.278320000000399,-28.609999999809247,133.0,190.0,0.0,0.0,26.0,37.0,2.0,1.0,12.0,12.0,29.0,39.0,-4.959999999999999,-28.849999999999998,-99.47216799999995,-102.86099999998092,1,1
0.01,1.0,1440,1,30,30,0,0,50,18.0,18,40,99,0.0,1,flat,5.2783200000001145,-30.669999999842474,-44.493021525186435,-99.94670849517411,97.82686812960677,109.26362208524756,5.27831999999983,-30.669999999842474,133.0,189.0,0.0,0.0,26.0,37.0,2.0,1.0,13.0,13.0,0.0,0.0,-5.029999999999999,-28.99,-99.47216800000001,-103.06699999998425,1,1
0.01,1.0,1440,1,30,30,0,0,50,8.0,8,15,5,0.01,3,inc_every3,5.274799999999319,7.350000000074283,-44.50043117917455,-54.01314589080919,95.90115782112139,92.64999999992668,5.274799999999319,7.350000000073326,124.0,163.0,0.0,0.0,21.0,30.0,1.0,0.0,7.0,7.0,0.0,0.0,-0.5,-3.1399999999999997,-99.47252000000007,-99.26499999999267,1,1
0.01,1.0,1440,1,30,30,0,0,50,8.0,12,15,5,0.01,3,inc_every3,5.274799999999319,7.350000000074283,-44.50043117917455,-54.01314589080919,95.90115782112139,92.64999999992668,5.274799999999319,7.350000000073326,124.0,163.0,0.0,0.0,21.0,30.0,1.0,0.0,7.0,7.0,0.0,0.0,-0.5,-3.1399999999999997,-99.47252000000007,-99.26499999999267,1,1
0.01,1.0,1440,1,30,30,0,0,50,8.0,18,15,5,0.01,3,inc_every3,5.274799999999319,7.350000000074283,-44.50043117917455,-54.01314589080919,95.90115782112139,92.64999999992668,5.274799999999319,7.350000000073326,124.0,163.0,0.0,0.0,21.0,30.0,1.0,0.0,7.0,7.0,0.0,0.0,-0.5,-3.1399999999999997,-99.47252000000007,-99.26499999999267,1,1
0.01,1.0,1440,1,30,30,0,0,50,8.0,8,40,5,0.01,3,inc_every3,5.273200000001111,9.675000000002541,-44.50380051125277,-50.09391299758663,97.30257302163868,92.80562165377889,5.273200000000429,9.675000000000246,356.0,118.0,0.0,0.0,25.0,9.0,3.0,1.0,8.0,8.0,58.0,17.0,-4.61,-2.69,-99.47267999999995,-99.03249999999997,1,1
0.01,1.0,1440,1,30,30,0,0,150,5.3,5,25,5,0.01,3,inc_every3,5.267880000000222,9.920000000097183,-44.515009423436325,-49.72114157510522,95.25629896443041,90.14700039720272,5.267880000000222,9.920000000096437,261.0,462.0,0.0,0.0,11.0,18.0,1.0,0.0,5.0,5.0,16.0,28.0,-1.2000000000000002,-8.649999999999997,-99.47321199999998,-99.00799999999036,1,1
0.01,1.0,1440,1,30,30,0,0,150,5.3,5,25,5,0.01,1,inc_every1,5.267880000000222,9.920000000097183,-44.515009423436325,-49.72114157510522,95.25629896443041,90.14700039720272,5.267880000000222,9.920000000096437,261.0,462.0,0.0,0.0,11.0,18.0,1.0,0.0,5.0,5.0,16.0,28.0,-1.2000000000000002,-8.649999999999997,-99.47321199999998,-99.00799999999036,1,1
0.01,1.0,1440,1,30,30,0,0,150,5.3,5,25,99,0.0,1,flat,5.267880000000222,9.920000000097183,-44.515009423436325,-49.72114157510522,95.25629896443041,90.14700039720272,5.267880000000222,9.920000000096437,261.0,462.0,0.0,0.0,11.0,18.0,1.0,0.0,5.0,5.0,16.0,28.0,-1.2000000000000002,-8.649999999999997,-99.47321199999998,-99.00799999999036,1,1
0.01,1.0,1440,1,30,30,0,0,150,8.0,5,25,5,0.01,1,inc_every1,5.267439999999258,3.150059999999879,-44.51593688166678,-64.26161676099258,95.32240475979128,97.0647968691771,5.267439999999258,3.15005999999981,193.0,235.0,0.0,0.0,13.0,15.0,1.0,1.0,5.0,5.0,19.0,21.0,-1.2900000000000003,-6.8599999999999985,-99.47325600000008,-99.68499400000002,1,1
0.01,1.0,1440,1,30,30,0,0,150,8.0,5,25,5,0.01,3,inc_every3,5.267439999999258,3.150059999999879,-44.51593688166678,-64.26161676099258,95.32240475979128,97.0647968691771,5.267439999999258,3.15005999999981,193.0,235.0,0.0,0.0,13.0,15.0,1.0,1.0,5.0,5.0,19.0,21.0,-1.2900000000000003,-6.8599999999999985,-99.47325600000008,-99.68499400000002,1,1
0.01,1.0,1440,1,30,30,0,0,150,8.0,5,25,99,0.0,1,flat,5.267439999999258,3.150059999999879,-44.51593688166678,-64.26161676099258,95.32240475979128,97.0647968691771,5.267439999999258,3.15005999999981,193.0,235.0,0.0,0.0,13.0,15.0,1.0,1.0,5.0,5.0,19.0,21.0,-1.2900000000000003,-6.8599999999999985,-99.47325600000008,-99.68499400000002,1,1
0.01,1.0,1440,1,30,30,0,0,150,5.3,18,25,99,0.0,1,flat,5.26688000000021,4.277599999999829,-44.51711737267493,-60.85491202069352,95.25719945970282,95.77937839171283,5.26688000000021,4.277599999999712,261.0,476.0,0.0,0.0,11.0,18.0,1.0,1.0,6.0,6.0,0.0,0.0,-1.2000000000000002,-8.829999999999998,-99.47331199999998,-99.57224000000002,1,1
0.01,1.0,1440,1,30,30,0,0,150,5.3,12,25,99,0.0,1,flat,5.26688000000021,4.277599999999829,-44.51711737267493,-60.85491202069352,95.25719945970282,95.77937839171283,5.26688000000021,4.277599999999712,261.0,476.0,0.0,0.0,11.0,18.0,1.0,1.0,6.0,6.0,0.0,0.0,-1.2000000000000002,-8.829999999999998,-99.47331199999998,-99.57224000000002,1,1
0.01,1.0,1440,1,30,30,0,0,150,5.3,8,25,99,0.0,1,flat,5.26688000000021,4.277599999999829,-44.51711737267493,-60.85491202069352,95.25719945970282,95.77937839171283,5.26688000000021,4.277599999999712,261.0,476.0,0.0,0.0,11.0,18.0,1.0,1.0,6.0,6.0,0.0,0.0,-1.2000000000000002,-8.829999999999998,-99.47331199999998,-99.57224000000002,1,1
0.01,1.0,1440,1,30,30,0,0,100,18.0,18,40,99,0.0,1,flat,5.264680000001146,7.40207999999943,-44.52175598811048,-53.9164210003436,95.77507423160235,94.0243158149681,5.264680000000386,7.40207999999943,88.0,111.0,0.0,0.0,12.0,14.0,1.0,1.0,9.0,9.0,0.0,0.0,-2.3100000000000005,-11.420000000000002,-99.47353199999996,-99.25979200000006,1,1
0.01,1.0,1440,1,30,30,0,0,100,18.0,12,40,99,0.0,1,flat,5.264680000001146,7.40207999999943,-44.52175598811048,-53.9164210003436,95.77507423160235,94.0243158149681,5.264680000000386,7.40207999999943,88.0,111.0,0.0,0.0,12.0,14.0,1.0,1.0,9.0,9.0,0.0,0.0,-2.3100000000000005,-11.420000000000002,-99.47353199999996,-99.25979200000006,1,1
0.01,1.0,1440,1,30,30,0,0,100,18.0,8,40,99,0.0,1,flat,5.264680000000457,6.347760000000484,-44.521755988111934,-55.976157858366946,95.77507423160239,94.90016871535306,5.264680000000343,6.3477600000004415,88.0,111.0,0.0,0.0,12.0,14.0,1.0,1.0,8.0,8.0,13.0,15.0,-2.3100000000000005,-11.209999999999999,-99.47353199999996,-99.36522399999996,1,1
0.01,1.0,1440,1,30,30,0,0,150,8.0,12,25,5,0.01,3,inc_every3,5.264680000000283,4.308760000000145,-44.5217559881123,-60.77027403552765,95.3248556966521,96.2253526062208,5.264680000000283,4.308760000000145,192.0,349.0,0.0,0.0,13.0,21.0,1.0,1.0,6.0,6.0,0.0,0.0,-1.31,-9.879999999999995,-99.47353199999998,-99.56912399999999,1,1
0.01,1.0,1440,1,30,30,0,0,150,8.0,8,25,5,0.01,3,inc_every3,5.264680000000283,4.308760000000145,-44.5217559881123,-60.77027403552765,95.3248556966521,96.2253526062208,5.264680000000283,4.308760000000145,192.0,349.0,0.0,0.0,13.0,21.0,1.0,1.0,6.0,6.0,0.0,0.0,-1.31,-9.879999999999995,-99.47353199999998,-99.56912399999999,1,1
0.01,1.0,1440,1,30,30,0,0,150,8.0,18,25,5,0.01,3,inc_every3,5.264680000000283,4.308760000000145,-44.5217559881123,-60.77027403552765,95.3248556966521,96.2253526062208,5.264680000000283,4.308760000000145,192.0,349.0,0.0,0.0,13.0,21.0,1.0,1.0,6.0,6.0,0.0,0.0,-1.31,-9.879999999999995,-99.47353199999998,-99.56912399999999,1,1
0.01,1.0,1440,1,30,30,0,0,150,8.0,18,25,5,0.01,1,inc_every1,5.264680000000283,4.308760000000145,-44.5217559881123,-60.77027403552765,95.3248556966521,96.2253526062208,5.264680000000283,4.308760000000145,192.0,349.0,0.0,0.0,13.0,21.0,1.0,1.0,6.0,6.0,0.0,0.0,-1.31,-9.879999999999995,-99.47353199999998,-99.56912399999999,1,1
0.01,1.0,1440,1,30,30,0,0,150,8.0,12,25,5,0.01,1,inc_every1,5.264680000000283,4.308760000000145,-44.5217559881123,-60.77027403552765,95.3248556966521,96.2253526062208,5.264680000000283,4.308760000000145,192.0,349.0,0.0,0.0,13.0,21.0,1.0,1.0,6.0,6.0,0.0,0.0,-1.31,-9.879999999999995,-99.47353199999998,-99.56912399999999,1,1
0.01,1.0,1440,1,30,30,0,0,150,8.0,8,25,5,0.01,1,inc_every1,5.264680000000283,4.308760000000145,-44.5217559881123,-60.77027403552765,95.3248556966521,96.2253526062208,5.264680000000283,4.308760000000145,192.0,349.0,0.0,0.0,13.0,21.0,1.0,1.0,6.0,6.0,0.0,0.0,-1.31,-9.879999999999995,-99.47353199999998,-99.56912399999999,1,1
0.01,1.0,1440,1,30,30,0,0,150,8.0,12,25,99,0.0,1,flat,5.26468000000002,4.279600000000006,-44.52175598811286,-60.84946656165335,95.32485569665235,96.37509130747029,5.264679999999995,3.970000000059475,193.0,316.0,0.0,0.0,13.0,19.0,1.0,1.0,6.0,6.0,0.0,0.0,-1.2400000000000002,-9.489999999999995,-99.473532,-99.60299999999405,1,1
0.01,1.0,1440,1,30,30,0,0,150,8.0,8,25,99,0.0,1,flat,5.26468000000002,4.279600000000006,-44.52175598811286,-60.84946656165335,95.32485569665235,96.37509130747029,5.264679999999995,3.970000000059475,193.0,316.0,0.0,0.0,13.0,19.0,1.0,1.0,6.0,6.0,0.0,0.0,-1.2400000000000002,-9.489999999999995,-99.473532,-99.60299999999405,1,1
0.01,1.0,1440,1,30,30,0,0,150,8.0,18,25,99,0.0,1,flat,5.26468000000002,4.279600000000006,-44.52175598811286,-60.84946656165335,95.32485569665235,96.37509130747029,5.264679999999995,3.970000000059475,193.0,316.0,0.0,0.0,13.0,19.0,1.0,1.0,6.0,6.0,0.0,0.0,-1.2400000000000002,-9.489999999999995,-99.473532,-99.60299999999405,1,1
0.01,1.0,1440,1,30,30,0,0,75,8.0,5,15,99,0.0,1,flat,5.260160000000219,4.302560000001453,-44.53129110163422,-60.78708036843956,95.6774098118175,95.84012375519652,5.26015999999963,4.302560000000376,212.0,127.0,0.0,0.0,28.0,18.0,1.0,1.0,5.0,5.0,44.0,27.0,-1.07,-0.85,-99.47398400000003,-99.56974399999996,1,1
0.01,1.0,1440,1,30,30,0,0,75,8.0,5,15,5,0.01,3,inc_every3,5.260160000000219,4.302560000001453,-44.53129110163422,-60.78708036843956,95.6774098118175,95.84012375519652,5.26015999999963,4.302560000000376,212.0,127.0,0.0,0.0,28.0,18.0,1.0,1.0,5.0,5.0,44.0,27.0,-1.07,-0.85,-99.47398400000003,-99.56974399999996,1,1
0.01,1.0,1440,1,30,30,0,0,75,8.0,5,15,5,0.01,1,inc_every1,5.260160000000219,4.302560000001453,-44.53129110163422,-60.78708036843956,95.6774098118175,95.84012375519652,5.26015999999963,4.302560000000376,212.0,127.0,0.0,0.0,28.0,18.0,1.0,1.0,5.0,5.0,44.0,27.0,-1.07,-0.85,-99.47398400000003,-99.56974399999996,1,1
0.01,1.0,1440,1,30,30,0,0,200,8.0,8,25,5,0.01,1,inc_every1,5.2599600000004365,4.227159999999142,-44.531713160699674,-60.992841730169786,95.46945736434125,95.80805236017542,5.259959999999936,4.227159999999142,200.0,210.0,0.0,0.0,12.0,12.0,1.0,1.0,5.0,5.0,0.0,0.0,-1.2500000000000002,-4.7299999999999995,-99.47400400000001,-99.57728400000009,1,1
0.01,1.0,1440,1,30,30,0,0,200,8.0,8,25,5,0.01,3,inc_every3,5.2599600000004365,4.227159999999142,-44.531713160699674,-60.992841730169786,95.46945736434125,95.80805236017542,5.259959999999936,4.227159999999142,200.0,210.0,0.0,0.0,12.0,12.0,1.0,1.0,5.0,5.0,0.0,0.0,-1.2500000000000002,-4.7299999999999995,-99.47400400000001,-99.57728400000009,1,1
0.01,1.0,1440,1,30,30,0,0,200,8.0,18,25,5,0.01,1,inc_every1,5.2599600000004365,4.227159999999142,-44.531713160699674,-60.992841730169786,95.46945736434125,95.80805236017542,5.259959999999936,4.227159999999142,200.0,210.0,0.0,0.0,12.0,12.0,1.0,1.0,5.0,5.0,0.0,0.0,-1.2500000000000002,-4.7299999999999995,-99.47400400000001,-99.57728400000009,1,1
0.01,1.0,1440,1,30,30,0,0,200,8.0,18,25,5,0.01,3,inc_every3,5.2599600000004365,4.227159999999142,-44.531713160699674,-60.992841730169786,95.46945736434125,95.80805236017542,5.259959999999936,4.227159999999142,200.0,210.0,0.0,0.0,12.0,12.0,1.0,1.0,5.0,5.0,0.0,0.0,-1.2500000000000002,-4.7299999999999995,-99.47400400000001,-99.57728400000009,1,1
0.01,1.0,1440,1,30,30,0,0,200,8.0,12,25,99,0.0,1,flat,5.2599600000004365,4.227159999999142,-44.531713160699674,-60.992841730169786,95.46945736434125,95.80805236017542,5.259959999999936,4.227159999999142,200.0,210.0,0.0,0.0,12.0,12.0,1.0,1.0,5.0,5.0,0.0,0.0,-1.2500000000000002,-4.7299999999999995,-99.47400400000001,-99.57728400000009,1,1
0.01,1.0,1440,1,30,30,0,0,200,8.0,18,25,99,0.0,1,flat,5.2599600000004365,4.227159999999142,-44.531713160699674,-60.992841730169786,95.46945736434125,95.80805236017542,5.259959999999936,4.227159999999142,200.0,210.0,0.0,0.0,12.0,12.0,1.0,1.0,5.0,5.0,0.0,0.0,-1.2500000000000002,-4.7299999999999995,-99.47400400000001,-99.57728400000009,1,1
0.01,1.0,1440,1,30,30,0,0,200,8.0,12,25,5,0.01,3,inc_every3,5.2599600000004365,4.227159999999142,-44.531713160699674,-60.992841730169786,95.46945736434125,95.80805236017542,5.259959999999936,4.227159999999142,200.0,210.0,0.0,0.0,12.0,12.0,1.0,1.0,5.0,5.0,0.0,0.0,-1.2500000000000002,-4.7299999999999995,-99.47400400000001,-99.57728400000009,1,1
0.01,1.0,1440,1,30,30,0,0,200,8.0,12,25,5,0.01,1,inc_every1,5.2599600000004365,4.227159999999142,-44.531713160699674,-60.992841730169786,95.46945736434125,95.80805236017542,5.259959999999936,4.227159999999142,200.0,210.0,0.0,0.0,12.0,12.0,1.0,1.0,5.0,5.0,0.0,0.0,-1.2500000000000002,-4.7299999999999995,-99.47400400000001,-99.57728400000009,1,1
0.01,1.0,1440,1,30,30,0,0,200,8.0,8,25,99,0.0,1,flat,5.2599600000004365,4.227159999999142,-44.531713160699674,-60.992841730169786,95.46945736434125,95.80805236017542,5.259959999999936,4.227159999999142,200.0,210.0,0.0,0.0,12.0,12.0,1.0,1.0,5.0,5.0,0.0,0.0,-1.2500000000000002,-4.7299999999999995,-99.47400400000001,-99.57728400000009,1,1
0.01,1.0,1440,1,30,30,0,0,200,8.0,5,25,99,0.0,1,flat,5.2599600000004365,4.227159999999142,-44.531713160699674,-60.992841730169786,95.46945736434125,95.80805236017542,5.259959999999936,4.227159999999142,200.0,210.0,0.0,0.0,12.0,12.0,1.0,1.0,5.0,5.0,14.0,12.0,-1.2500000000000002,-4.7299999999999995,-99.47400400000001,-99.57728400000009,1,1
0.01,1.0,1440,1,30,30,0,0,200,8.0,5,25,5,0.01,1,inc_every1,5.2599600000004365,4.227159999999142,-44.531713160699674,-60.992841730169786,95.46945736434125,95.80805236017542,5.259959999999936,4.227159999999142,200.0,210.0,0.0,0.0,12.0,12.0,1.0,1.0,5.0,5.0,14.0,12.0,-1.2500000000000002,-4.7299999999999995,-99.47400400000001,-99.57728400000009,1,1
0.01,1.0,1440,1,30,30,0,0,200,8.0,5,25,5,0.01,3,inc_every3,5.2599600000004365,4.227159999999142,-44.531713160699674,-60.992841730169786,95.46945736434125,95.80805236017542,5.259959999999936,4.227159999999142,200.0,210.0,0.0,0.0,12.0,12.0,1.0,1.0,5.0,5.0,14.0,12.0,-1.2500000000000002,-4.7299999999999995,-99.47400400000001,-99.57728400000009,1,1
0.01,1.0,1440,1,30,30,0,0,50,12.0,18,15,5,0.01,3,inc_every3,5.249960000000311,8.470000000074277,-44.55283249909176,-52.03071476183489,95.88206133814423,92.5413878125462,5.249960000000165,8.470000000073103,84.0,114.0,0.0,0.0,24.0,34.0,1.0,0.0,8.0,8.0,0.0,0.0,-0.6500000000000001,-1.6900000000000004,-99.47500399999998,-99.15299999999269,1,1
0.01,1.0,1440,1,30,30,0,0,50,12.0,12,15,5,0.01,3,inc_every3,5.249960000000311,8.470000000074277,-44.55283249909176,-52.03071476183489,95.88206133814423,92.5413878125462,5.249960000000165,8.470000000073103,84.0,114.0,0.0,0.0,24.0,34.0,1.0,0.0,8.0,8.0,0.0,0.0,-0.6500000000000001,-1.6900000000000004,-99.47500399999998,-99.15299999999269,1,1
0.01,1.0,1440,1,30,30,0,0,50,12.0,8,15,5,0.01,3,inc_every3,5.249960000000311,8.470000000074277,-44.55283249909176,-52.03071476183489,95.88206133814423,92.5413878125462,5.249960000000165,8.470000000073103,84.0,114.0,0.0,0.0,24.0,34.0,1.0,0.0,8.0,8.0,2.0,4.0,-0.6500000000000001,-1.6900000000000004,-99.47500399999998,-99.15299999999269,1,1
0.01,1.0,1440,1,30,30,0,0,50,18.0,18,25,99,0.0,1,flat,5.249960000000055,6.429660000001768,-44.55283249909229,-55.80789356708485,96.41298168898633,94.97761287298917,5.249960000000055,6.429660000000059,78.0,43.0,0.0,0.0,23.0,14.0,1.0,1.0,12.0,11.0,0.0,0.0,-0.7500000000000001,-1.79,-99.475004,-99.357034,1,1
0.01,1.0,1440,1,30,30,0,0,50,18.0,12,25,99,0.0,1,flat,5.249960000000055,6.429660000001768,-44.55283249909229,-55.80789356708485,96.41298168898633,94.97761287298917,5.249960000000055,6.429660000000059,78.0,43.0,0.0,0.0,23.0,14.0,1.0,1.0,12.0,11.0,1.0,0.0,-0.7500000000000001,-1.79,-99.475004,-99.357034,1,1
0.01,1.0,1440,1,30,30,0,0,50,12.0,5,25,5,0.01,1,inc_every1,5.24735999999991,5.670000000052401,-44.5583287972793,-57.43079391752526,96.12426323953109,96.29895561354363,5.24735999999991,5.670000000051729,220.0,116.0,0.0,0.0,35.0,19.0,1.0,0.0,5.0,5.0,105.0,51.0,-4.3,-5.039999999999999,-99.47526400000001,-99.43299999999482,1,1
0.01,1.0,1440,1,30,30,0,0,50,12.0,5,25,99,0.0,1,flat,5.24735999999991,5.670000000052401,-44.5583287972793,-57.43079391752526,96.12426323953109,96.29895561354363,5.24735999999991,5.670000000051729,220.0,116.0,0.0,0.0,35.0,19.0,1.0,0.0,5.0,5.0,105.0,51.0,-4.3,-5.039999999999999,-99.47526400000001,-99.43299999999482,1,1
0.01,1.0,1440,1,30,30,0,0,50,12.0,5,25,5,0.01,3,inc_every3,5.24735999999991,5.670000000052401,-44.5583287972793,-57.43079391752526,96.12426323953109,96.29895561354363,5.24735999999991,5.670000000051729,220.0,116.0,0.0,0.0,35.0,19.0,1.0,0.0,5.0,5.0,105.0,51.0,-4.3,-5.039999999999999,-99.47526400000001,-99.43299999999482,1,1
0.01,1.0,1440,1,30,30,0,0,50,5.3,8,40,99,0.0,1,flat,5.2460400000004075,7.571060000001154,-44.56112005933521,-53.6058398242077,95.96489500807631,93.36570276901547,5.246040000000292,7.571060000000887,281.0,274.0,0.0,0.0,12.0,11.0,1.0,1.0,8.0,8.0,33.0,30.0,-2.5700000000000003,-5.27,-99.47539599999998,-99.24289399999991,1,1
0.01,1.0,1440,1,30,30,0,0,300,12.0,12,25,5,0.01,3,inc_every3,5.2437200000005575,4.340000000022108,-44.56602727553414,-60.685849256183864,95.17863184994503,96.18595658667579,5.243719999999822,4.340000000021913,133.0,183.0,0.0,0.0,11.0,15.0,1.0,0.0,4.0,4.0,0.0,0.0,-1.5400000000000005,-7.339999999999996,-99.47562800000001,-99.56599999999781,1,1
0.01,1.0,1440,1,30,30,0,0,300,12.0,8,25,5,0.01,3,inc_every3,5.2437200000005575,4.340000000022108,-44.56602727553414,-60.685849256183864,95.17863184994503,96.18595658667579,5.243719999999822,4.340000000021913,133.0,183.0,0.0,0.0,11.0,15.0,1.0,0.0,4.0,4.0,0.0,0.0,-1.5400000000000005,-7.339999999999996,-99.47562800000001,-99.56599999999781,1,1
0.01,1.0,1440,1,30,30,0,0,300,12.0,12,25,99,0.0,1,flat,5.2437200000005575,4.340000000022108,-44.56602727553414,-60.685849256183864,95.17863184994503,96.18595658667579,5.243719999999822,4.340000000021913,133.0,183.0,0.0,0.0,11.0,15.0,1.0,0.0,4.0,4.0,0.0,0.0,-1.5400000000000005,-7.339999999999996,-99.47562800000001,-99.56599999999781,1,1
0.01,1.0,1440,1,30,30,0,0,300,12.0,8,25,99,0.0,1,flat,5.2437200000005575,4.340000000022108,-44.56602727553414,-60.685849256183864,95.17863184994503,96.18595658667579,5.243719999999822,4.340000000021913,133.0,183.0,0.0,0.0,11.0,15.0,1.0,0.0,4.0,4.0,0.0,0.0,-1.5400000000000005,-7.339999999999996,-99.47562800000001,-99.56599999999781,1,1
0.01,1.0,1440,1,30,30,0,0,300,12.0,12,25,5,0.01,1,inc_every1,5.2437200000005575,4.340000000022108,-44.56602727553414,-60.685849256183864,95.17863184994503,96.18595658667579,5.243719999999822,4.340000000021913,133.0,183.0,0.0,0.0,11.0,15.0,1.0,0.0,4.0,4.0,0.0,0.0,-1.5400000000000005,-7.339999999999996,-99.47562800000001,-99.56599999999781,1,1
0.01,1.0,1440,1,30,30,0,0,300,12.0,8,25,5,0.01,1,inc_every1,5.2437200000005575,4.340000000022108,-44.56602727553414,-60.685849256183864,95.17863184994503,96.18595658667579,5.243719999999822,4.340000000021913,133.0,183.0,0.0,0.0,11.0,15.0,1.0,0.0,4.0,4.0,0.0,0.0,-1.5400000000000005,-7.339999999999996,-99.47562800000001,-99.56599999999781,1,1
0.01,1.0,1440,1,30,30,0,0,300,12.0,5,25,5,0.01,3,inc_every3,5.2437200000005575,4.340000000022108,-44.56602727553414,-60.685849256183864,95.17863184994503,96.18595658667579,5.243719999999822,4.340000000021913,133.0,183.0,0.0,0.0,11.0,15.0,1.0,0.0,4.0,4.0,0.0,0.0,-1.5400000000000005,-7.339999999999996,-99.47562800000001,-99.56599999999781,1,1
0.01,1.0,1440,1,30,30,0,0,300,12.0,5,25,5,0.01,1,inc_every1,5.2437200000005575,4.340000000022108,-44.56602727553414,-60.685849256183864,95.17863184994503,96.18595658667579,5.243719999999822,4.340000000021913,133.0,183.0,0.0,0.0,11.0,15.0,1.0,0.0,4.0,4.0,0.0,0.0,-1.5400000000000005,-7.339999999999996,-99.47562800000001,-99.56599999999781,1,1
0.01,1.0,1440,1,30,30,0,0,300,12.0,5,25,99,0.0,1,flat,5.2437200000005575,4.340000000022108,-44.56602727553414,-60.685849256183864,95.17863184994503,96.18595658667579,5.243719999999822,4.340000000021913,133.0,183.0,0.0,0.0,11.0,15.0,1.0,0.0,4.0,4.0,0.0,0.0,-1.5400000000000005,-7.339999999999996,-99.47562800000001,-99.56599999999781,1,1
0.01,1.0,1440,1,30,30,0,0,300,12.0,18,25,5,0.01,3,inc_every3,5.2437200000005575,4.340000000022108,-44.56602727553414,-60.685849256183864,95.17863184994503,96.18595658667579,5.243719999999822,4.340000000021913,133.0,183.0,0.0,0.0,11.0,15.0,1.0,0.0,4.0,4.0,0.0,0.0,-1.5400000000000005,-7.339999999999996,-99.47562800000001,-99.56599999999781,1,1
0.01,1.0,1440,1,30,30,0,0,300,12.0,18,25,5,0.01,1,inc_every1,5.2437200000005575,4.340000000022108,-44.56602727553414,-60.685849256183864,95.17863184994503,96.18595658667579,5.243719999999822,4.340000000021913,133.0,183.0,0.0,0.0,11.0,15.0,1.0,0.0,4.0,4.0,0.0,0.0,-1.5400000000000005,-7.339999999999996,-99.47562800000001,-99.56599999999781,1,1
0.01,1.0,1440,1,30,30,0,0,300,12.0,18,25,99,0.0,1,flat,5.2437200000005575,4.340000000022108,-44.56602727553414,-60.685849256183864,95.17863184994503,96.18595658667579,5.243719999999822,4.340000000021913,133.0,183.0,0.0,0.0,11.0,15.0,1.0,0.0,4.0,4.0,0.0,0.0,-1.5400000000000005,-7.339999999999996,-99.47562800000001,-99.56599999999781,1,1
0.01,1.0,1440,1,30,30,0,0,50,12.0,8,40,5,0.01,1,inc_every1,5.243680000000735,4.27263999999972,-44.566111897937475,-60.86842448069323,97.49477808036083,97.43323320917996,5.243679999999895,4.272639999999658,282.0,129.0,0.0,0.0,38.0,15.0,2.0,4.0,8.0,8.0,65.0,30.0,-6.58,-6.909999999999999,-99.475632,-99.57273600000003,1,1
0.01,1.0,1440,1,30,30,0,0,100,8.0,12,40,5,0.01,1,inc_every1,5.238960000000441,5.278600000000836,-44.57610096874374,-58.32730937383103,96.8581949025486,95.27430617726137,5.238960000000333,5.2786000000000755,246.0,334.0,0.0,0.0,12.0,16.0,2.0,1.0,8.0,8.0,0.0,0.0,-2.29,-10.979999999999999,-99.47610399999996,-99.47214,1,1
0.01,1.0,1440,1,30,30,0,0,100,8.0,8,40,5,0.01,1,inc_every1,5.238960000000441,5.278600000000836,-44.57610096874374,-58.32730937383103,96.8581949025486,95.27430617726137,5.238960000000333,5.2786000000000755,246.0,334.0,0.0,0.0,12.0,16.0,2.0,1.0,8.0,8.0,13.0,18.0,-2.29,-10.979999999999999,-99.47610399999996,-99.47214,1,1
0.01,1.0,1440,1,30,30,0,0,100,8.0,18,40,5,0.01,1,inc_every1,5.238960000000441,5.278600000000836,-44.57610096874374,-58.32730937383103,96.8581949025486,95.27430617726137,5.238960000000333,5.2786000000000755,246.0,334.0,0.0,0.0,12.0,16.0,2.0,1.0,8.0,8.0,0.0,0.0,-2.29,-10.979999999999999,-99.47610399999996,-99.47214,1,1
0.01,1.0,1440,1,30,30,0,0,100,18.0,12,40,5,0.01,1,inc_every1,5.235279999999758,7.483979999998489,-44.583894053193305,-53.76527570115761,95.79866784367252,97.10931633835521,5.235279999999758,7.483979999998489,80.0,171.0,0.0,0.0,12.0,24.0,1.0,1.0,8.0,8.0,0.0,0.0,-2.24,-17.749999999999996,-99.47647200000003,-99.25160200000015,1,1
0.01,1.0,1440,1,30,30,0,0,100,18.0,18,40,5,0.01,1,inc_every1,5.235279999999758,7.483979999998489,-44.583894053193305,-53.76527570115761,95.79866784367252,97.10931633835521,5.235279999999758,7.483979999998489,80.0,171.0,0.0,0.0,12.0,24.0,1.0,1.0,8.0,8.0,0.0,0.0,-2.24,-17.749999999999996,-99.47647200000003,-99.25160200000015,1,1
0.01,1.0,1440,1,30,30,0,0,100,18.0,8,40,5,0.01,1,inc_every1,5.235279999999758,7.483979999998489,-44.583894053193305,-53.76527570115761,95.79866784367252,97.10931633835521,5.235279999999758,7.483979999998489,80.0,171.0,0.0,0.0,12.0,24.0,1.0,1.0,8.0,8.0,12.0,25.0,-2.24,-17.749999999999996,-99.47647200000003,-99.25160200000015,1,1
0.01,1.0,1440,1,30,30,0,0,75,12.0,8,15,5,0.01,1,inc_every1,5.233280000000526,4.239519999999905,-44.58813126312594,-60.95893645144035,95.45879902811538,96.06760040812588,5.233280000000061,4.239519999999905,219.0,114.0,0.0,0.0,45.0,25.0,1.0,1.0,7.0,6.0,0.0,0.0,-1.8300000000000003,-1.26,-99.476672,-99.57604800000001,1,1
0.01,1.0,1440,1,30,30,0,0,75,12.0,12,15,5,0.01,1,inc_every1,5.233280000000526,4.239519999999905,-44.58813126312594,-60.95893645144035,95.45879902811538,96.06760040812588,5.233280000000061,4.239519999999905,219.0,114.0,0.0,0.0,45.0,25.0,1.0,1.0,7.0,6.0,0.0,0.0,-1.8300000000000003,-1.26,-99.476672,-99.57604800000001,1,1
0.01,1.0,1440,1,30,30,0,0,75,12.0,18,15,5,0.01,1,inc_every1,5.233280000000526,4.239519999999905,-44.58813126312594,-60.95893645144035,95.45879902811538,96.06760040812588,5.233280000000061,4.239519999999905,219.0,114.0,0.0,0.0,45.0,25.0,1.0,1.0,7.0,6.0,0.0,0.0,-1.8300000000000003,-1.26,-99.476672,-99.57604800000001,1,1
0.01,1.0,1440,1,30,30,0,0,50,12.0,18,15,99,0.0,1,flat,5.217840000000363,8.530000000045577,-44.62088619569021,-51.92984702346416,95.82906474820142,93.37452471478565,5.217840000000258,6.970000000045813,85.0,105.0,0.0,0.0,22.0,29.0,1.0,0.0,8.0,8.0,0.0,0.0,-0.78,-1.2000000000000004,-99.47821599999997,-99.30299999999542,1,1
0.01,1.0,1440,1,30,30,0,0,50,12.0,12,15,99,0.0,1,flat,5.217840000000363,8.530000000045577,-44.62088619569021,-51.92984702346416,95.82906474820142,93.37452471478565,5.217840000000258,6.970000000045813,85.0,105.0,0.0,0.0,22.0,29.0,1.0,0.0,8.0,8.0,0.0,0.0,-0.78,-1.2000000000000004,-99.47821599999997,-99.30299999999542,1,1
0.01,1.0,1440,1,30,30,0,0,50,12.0,8,15,99,0.0,1,flat,5.217840000000363,8.530000000045577,-44.62088619569021,-51.92984702346416,95.82906474820142,93.37452471478565,5.217840000000258,6.970000000045813,85.0,105.0,0.0,0.0,22.0,29.0,1.0,0.0,8.0,8.0,19.0,25.0,-0.78,-1.2000000000000004,-99.47821599999997,-99.30299999999542,1,1
0.01,1.0,1440,1,30,30,0,0,50,12.0,12,0,5,0.01,1,inc_every1,5.213279999999973,5.1974000000007425,-44.63057476084814,-58.519109163222105,96.90514692787224,95.39059060894644,5.213279999999596,5.026100000005137,28.0,13.0,0.0,0.0,0.0,0.0,4.0,3.0,12.0,11.0,1.0,0.0,-0.93,0.0,-99.47867200000005,-99.49738999999948,1,1
0.01,1.0,1440,1,30,30,0,0,50,12.0,18,0,5,0.01,1,inc_every1,5.213279999999973,5.1974000000007425,-44.63057476084814,-58.519109163222105,96.90514692787224,95.39059060894644,5.213279999999596,5.026100000005137,28.0,13.0,0.0,0.0,0.0,0.0,4.0,3.0,12.0,11.0,0.0,0.0,-0.93,0.0,-99.47867200000005,-99.49738999999948,1,1
0.01,1.0,1440,1,30,30,0,0,100,8.0,18,25,5,0.01,1,inc_every1,5.212400000000223,5.299200000000642,-44.63244526418908,-58.27898075722503,95.83973182217248,96.78524702508264,5.212400000000223,5.160000000040636,334.0,300.0,0.0,0.0,25.0,22.0,1.0,1.0,7.0,7.0,0.0,0.0,-4.32,-6.189999999999997,-99.47875999999998,-99.48399999999593,1,1
0.01,1.0,1440,1,30,30,0,0,100,8.0,8,25,5,0.01,1,inc_every1,5.212400000000223,5.299200000000642,-44.63244526418908,-58.27898075722503,95.83973182217248,96.78524702508264,5.212400000000223,5.160000000040636,334.0,300.0,0.0,0.0,25.0,22.0,1.0,1.0,7.0,7.0,0.0,0.0,-4.32,-6.189999999999997,-99.47875999999998,-99.48399999999593,1,1
0.01,1.0,1440,1,30,30,0,0,100,8.0,12,25,5,0.01,1,inc_every1,5.212400000000223,5.299200000000642,-44.63244526418908,-58.27898075722503,95.83973182217248,96.78524702508264,5.212400000000223,5.160000000040636,334.0,300.0,0.0,0.0,25.0,22.0,1.0,1.0,7.0,7.0,0.0,0.0,-4.32,-6.189999999999997,-99.47875999999998,-99.48399999999593,1,1
0.01,1.0,1440,1,30,30,0,0,100,8.0,18,25,5,0.01,3,inc_every3,5.211440000000863,9.49000000003791,-44.63448610139598,-50.37981135003298,95.84049804453676,94.01072893655099,5.211440000000028,9.490000000036673,331.0,288.0,0.0,0.0,25.0,22.0,1.0,0.0,7.0,7.0,0.0,0.0,-4.250000000000001,-5.899999999999997,-99.478856,-99.05099999999634,1,1
0.01,1.0,1440,1,30,30,0,0,100,8.0,8,25,5,0.01,3,inc_every3,5.211440000000863,9.49000000003791,-44.63448610139598,-50.37981135003298,95.84049804453676,94.01072893655099,5.211440000000028,9.490000000036673,331.0,288.0,0.0,0.0,25.0,22.0,1.0,0.0,7.0,7.0,0.0,0.0,-4.250000000000001,-5.899999999999997,-99.478856,-99.05099999999634,1,1
0.01,1.0,1440,1,30,30,0,0,100,8.0,12,25,5,0.01,3,inc_every3,5.211440000000863,9.49000000003791,-44.63448610139598,-50.37981135003298,95.84049804453676,94.01072893655099,5.211440000000028,9.490000000036673,331.0,288.0,0.0,0.0,25.0,22.0,1.0,0.0,7.0,7.0,0.0,0.0,-4.250000000000001,-5.899999999999997,-99.478856,-99.05099999999634,1,1
0.01,1.0,1440,1,30,30,0,0,150,5.3,18,0,5,0.01,3,inc_every3,5.202640000000432,3.124889999999956,-44.65320780173799,-64.34683265086787,95.31504727600209,96.89621573301565,5.20263999999985,3.1248899999998994,47.0,16.0,0.0,0.0,0.0,0.0,2.0,2.0,9.0,9.0,0.0,0.0,-0.36,0.0,-99.47973600000002,-99.68751100000001,1,1
0.01,1.0,1440,1,30,30,0,0,150,5.3,12,0,5,0.01,3,inc_every3,5.202640000000432,3.124889999999956,-44.65320780173799,-64.34683265086787,95.31504727600209,96.89621573301565,5.20263999999985,3.1248899999998994,47.0,16.0,0.0,0.0,0.0,0.0,2.0,2.0,9.0,9.0,0.0,0.0,-0.36,0.0,-99.47973600000002,-99.68751100000001,1,1
0.01,1.0,1440,1,30,30,0,0,150,3.0,12,0,5,0.01,3,inc_every3,5.2011200000005005,3.124890000000354,-44.65644411497639,-64.34683265086653,95.16489727619268,96.87511000000005,5.201119999999712,3.1248899999999544,68.0,20.0,0.0,0.0,0.0,0.0,2.0,2.0,9.0,9.0,0.0,0.0,-0.37,0.0,-99.47988800000003,-99.687511,1,1
0.01,1.0,1440,1,30,30,0,0,150,3.0,18,0,5,0.01,3,inc_every3,5.2011200000005005,3.124890000000354,-44.65644411497639,-64.34683265086653,95.16489727619268,96.87511000000005,5.201119999999712,3.1248899999999544,68.0,20.0,0.0,0.0,0.0,0.0,2.0,2.0,9.0,9.0,0.0,0.0,-0.37,0.0,-99.47988800000003,-99.687511,1,1
0.01,1.0,1440,1,30,30,0,0,150,3.0,8,0,5,0.01,1,inc_every1,5.20111999999996,3.1248900000003577,-44.656444114977546,-64.34683265086652,95.16489727619279,96.87510999999992,5.20111999999957,3.1248900000000823,69.0,20.0,0.0,0.0,0.0,0.0,2.0,2.0,8.0,8.0,1.0,1.0,-0.37,0.0,-99.47988800000005,-99.68751099999999,1,1
0.01,1.0,1440,1,30,30,0,0,150,3.0,12,0,5,0.01,1,inc_every1,5.20111999999996,3.1248900000003577,-44.656444114977546,-64.34683265086652,95.16489727619279,96.87510999999992,5.20111999999957,3.1248900000000823,69.0,20.0,0.0,0.0,0.0,0.0,2.0,2.0,8.0,8.0,0.0,0.0,-0.37,0.0,-99.47988800000005,-99.68751099999999,1,1
0.01,1.0,1440,1,30,30,0,0,150,3.0,18,0,5,0.01,1,inc_every1,5.20111999999996,3.1248900000003577,-44.656444114977546,-64.34683265086652,95.16489727619279,96.87510999999992,5.20111999999957,3.1248900000000823,69.0,20.0,0.0,0.0,0.0,0.0,2.0,2.0,8.0,8.0,0.0,0.0,-0.37,0.0,-99.47988800000005,-99.68751099999999,1,1
0.01,1.0,1440,1,30,30,0,0,150,8.0,8,0,5,0.01,1,inc_every1,5.199600000000931,3.1248899999999615,-44.6596811848267,-64.34683265086785,95.38264807743533,96.95073185011735,5.199600000000288,3.124889999999775,35.0,13.0,0.0,0.0,0.0,0.0,2.0,2.0,8.0,8.0,1.0,1.0,-0.36,0.0,-99.48003999999997,-99.68751100000003,1,1
0.01,1.0,1440,1,30,30,0,0,100,8.0,5,40,5,0.01,3,inc_every3,5.19103999999998,5.352199999999971,-44.677925146511654,-58.155243755098674,95.85678026977438,95.97911501765547,5.191039999999806,5.352199999999325,164.0,218.0,0.0,0.0,8.0,10.0,1.0,1.0,5.0,5.0,19.0,31.0,-1.58,-5.579999999999998,-99.48089600000002,-99.46478000000006,1,1
0.01,1.0,1440,1,30,30,0,0,100,8.0,5,40,99,0.0,1,flat,5.19103999999998,5.352199999999971,-44.677925146511654,-58.155243755098674,95.85678026977438,95.97911501765547,5.191039999999806,5.352199999999325,164.0,218.0,0.0,0.0,8.0,10.0,1.0,1.0,5.0,5.0,19.0,31.0,-1.58,-5.579999999999998,-99.48089600000002,-99.46478000000006,1,1
0.01,1.0,1440,1,30,30,0,0,100,8.0,5,40,5,0.01,1,inc_every1,5.19103999999998,5.352199999999971,-44.677925146511654,-58.155243755098674,95.85678026977438,95.97911501765547,5.191039999999806,5.352199999999325,164.0,218.0,0.0,0.0,8.0,10.0,1.0,1.0,5.0,5.0,19.0,31.0,-1.58,-5.579999999999998,-99.48089600000002,-99.46478000000006,1,1
0.01,1.0,1440,1,30,30,0,0,50,3.0,18,0,5,0.01,1,inc_every1,5.185600000000946,4.167200000000449,-44.68953194951795,-61.1583164375231,96.29308742583481,95.9596664727553,5.185600000000225,4.167200000000303,146.0,37.0,0.0,0.0,0.0,0.0,4.0,3.0,11.0,10.0,0.0,0.0,-0.33,-0.02,-99.48143999999998,-99.58327999999997,1,1
0.01,1.0,1440,1,30,30,0,0,50,3.0,12,0,5,0.01,1,inc_every1,5.185600000000946,4.167200000000449,-44.68953194951795,-61.1583164375231,96.29308742583481,95.9596664727553,5.185600000000225,4.167200000000303,146.0,37.0,0.0,0.0,0.0,0.0,4.0,3.0,11.0,10.0,0.0,0.0,-0.33,-0.02,-99.48143999999998,-99.58327999999997,1,1
0.01,1.0,1440,1,30,30,0,0,50,3.0,18,0,99,0.0,1,flat,5.185600000000047,5.191100000000958,-44.68953194951987,-58.5340779346701,95.82278073143293,94.82442671984074,5.185599999999656,5.191099999999821,120.0,18.0,0.0,0.0,0.0,0.0,3.0,2.0,18.0,17.0,1.0,0.0,-1.1,0.0,-99.48144000000003,-99.48089000000002,1,1
0.01,1.0,1440,1,30,30,0,0,50,3.0,8,0,5,0.01,1,inc_every1,5.1856000000000755,4.1534800000004015,-44.68953194951981,-61.196415066383736,96.16108972460827,95.97296878029913,5.185599999999571,4.153479999999602,132.0,17.0,0.0,0.0,0.0,0.0,3.0,2.0,8.0,8.0,3.0,1.0,-0.33,0.0,-99.48144000000005,-99.58465200000003,1,1
0.01,1.0,1440,1,30,30,0,0,75,3.0,12,0,5,0.01,3,inc_every3,5.185599999999427,5.208150000001005,-44.68953194952119,-58.4935966131922,95.57013497351883,94.80016972843418,5.185599999999427,5.208150000000355,127.0,24.0,0.0,0.0,0.0,0.0,3.0,2.0,11.0,11.0,0.0,0.0,-0.8,0.0,-99.48144000000006,-99.47918499999996,1,1
0.01,1.0,1440,1,30,30,0,0,75,3.0,18,0,5,0.01,3,inc_every3,5.185599999999427,5.208150000001005,-44.68953194952119,-58.4935966131922,95.57013497351883,94.80016972843418,5.185599999999427,5.208150000000355,127.0,24.0,0.0,0.0,0.0,0.0,3.0,2.0,11.0,11.0,0.0,0.0,-0.8,0.0,-99.48144000000006,-99.47918499999996,1,1
0.01,1.0,1440,1,30,30,0,0,75,5.3,8,0,5,0.01,1,inc_every1,5.184399999999796,5.203950000000393,-44.69209358479228,-58.503559900449396,95.80550161812353,94.87447059982301,5.184399999999796,5.203949999999878,76.0,21.0,0.0,0.0,0.0,0.0,3.0,2.0,8.0,8.0,1.0,1.0,-0.8,0.0,-99.48156000000002,-99.479605,1,1
0.01,1.0,1440,1,30,30,0,0,75,8.0,8,0,5,0.01,1,inc_every1,5.182960000000735,5.202500000001175,-44.69516817322824,-58.50700091835355,95.96374114165607,94.97002803828671,5.182959999999909,5.20250000000021,47.0,14.0,0.0,0.0,0.0,0.0,3.0,2.0,8.0,8.0,1.0,1.0,-0.65,0.0,-99.48170400000001,-99.47974999999998,1,1
0.01,1.0,1440,1,30,30,0,0,75,12.0,8,0,5,0.01,1,inc_every1,5.180880000000187,5.206250000001134,-44.6996104519213,-58.49810311523329,96.24383382875386,95.0069531025222,5.180880000000187,5.206250000000239,33.0,13.0,0.0,0.0,0.0,0.0,3.0,2.0,8.0,8.0,1.0,1.0,-0.5800000000000001,0.0,-99.48191199999998,-99.47937499999998,1,1
0.01,1.0,1440,1,30,30,0,0,100,8.0,18,0,5,0.01,3,inc_every3,5.1804000000002635,4.165000000000488,-44.70063579574166,-61.164419609726735,96.04911531421652,95.96727343144872,5.180399999999555,4.164999999999846,52.0,14.0,0.0,0.0,0.0,0.0,3.0,2.0,11.0,10.0,0.0,0.0,-0.5800000000000001,0.0,-99.48196000000004,-99.58350000000002,1,1
0.01,1.0,1440,1,30,30,0,0,100,8.0,12,0,5,0.01,3,inc_every3,5.1804000000002635,4.165000000000488,-44.70063579574166,-61.164419609726735,96.04911531421652,95.96727343144872,5.180399999999555,4.164999999999846,52.0,14.0,0.0,0.0,0.0,0.0,3.0,2.0,11.0,10.0,0.0,0.0,-0.5800000000000001,0.0,-99.48196000000004,-99.58350000000002,1,1
0.01,1.0,1440,1,30,30,0,0,100,18.0,18,0,5,0.01,1,inc_every1,5.176760000001501,7.2975700000008,-44.708413793908164,-54.11100832560811,96.4100138696255,93.12069193061802,5.176760000000225,7.297570000000423,21.0,10.0,0.0,0.0,0.0,0.0,3.0,2.0,10.0,9.0,0.0,0.0,-0.56,0.0,-99.48232399999998,-99.27024299999995,1,1
0.01,1.0,1440,1,30,30,0,0,100,18.0,12,0,5,0.01,1,inc_every1,5.176760000001501,7.2975700000008,-44.708413793908164,-54.11100832560811,96.4100138696255,93.12069193061802,5.176760000000225,7.297570000000423,21.0,10.0,0.0,0.0,0.0,0.0,3.0,2.0,10.0,9.0,0.0,0.0,-0.56,0.0,-99.48232399999998,-99.27024299999995,1,1
0.01,1.0,1440,1,30,30,0,0,100,12.0,12,0,5,0.01,3,inc_every3,5.176760000000572,5.214000000000031,-44.708413793910154,-58.479728578066634,96.15995846005518,94.97494217424848,5.1767599999998275,5.213999999999835,35.0,15.0,0.0,0.0,0.0,0.0,3.0,2.0,11.0,11.0,0.0,0.0,-0.48000000000000004,0.0,-99.48232400000002,-99.47860000000001,1,1
0.01,1.0,1440,1,30,30,0,0,100,12.0,18,0,5,0.01,3,inc_every3,5.176760000000572,5.214000000000031,-44.708413793910154,-58.479728578066634,96.15995846005518,94.97494217424848,5.1767599999998275,5.213999999999835,35.0,15.0,0.0,0.0,0.0,0.0,3.0,2.0,11.0,11.0,0.0,0.0,-0.48000000000000004,0.0,-99.48232400000002,-99.47860000000001,1,1
0.01,1.0,1440,1,30,30,0,0,100,8.0,18,0,5,0.01,1,inc_every1,5.1729600000008915,5.214000000000862,-44.716538350752266,-58.47972857806467,96.36219409282718,94.95158791634381,5.1729600000001135,5.2140000000002225,52.0,18.0,0.0,0.0,0.0,0.0,3.0,2.0,10.0,9.0,0.0,0.0,-0.6,0.0,-99.48270399999998,-99.47859999999997,1,1
0.01,1.0,1440,1,30,30,0,0,100,8.0,12,0,5,0.01,1,inc_every1,5.1729600000008915,5.214000000000862,-44.716538350752266,-58.47972857806467,96.36219409282718,94.95158791634381,5.1729600000001135,5.2140000000002225,52.0,18.0,0.0,0.0,0.0,0.0,3.0,2.0,10.0,9.0,0.0,0.0,-0.6,0.0,-99.48270399999998,-99.47859999999997,1,1
0.01,1.0,1440,1,30,30,0,0,100,3.0,3,25,3,0.01,2,inc_every2,5.1700000000286614,7.530000000026661,-44.72287026109958,-53.68085571096677,95.37318775726852,92.50149372632282,5.170000000028278,7.530000000026661,310.0,319.0,0.0,0.0,9.0,9.0,0.0,0.0,3.0,3.0,49.0,43.0,-1.05,-2.34,-99.48299999999718,-99.24699999999733,1,1
0.01,1.0,1440,1,30,30,0,0,100,3.0,3,25,99,0.0,1,flat,5.1700000000286614,7.530000000026661,-44.72287026109958,-53.68085571096677,95.37318775726852,92.50149372632282,5.170000000028278,7.530000000026661,310.0,319.0,0.0,0.0,9.0,9.0,0.0,0.0,3.0,3.0,49.0,43.0,-1.05,-2.34,-99.48299999999718,-99.24699999999733,1,1
0.01,1.0,1440,1,30,30,0,0,100,3.0,3,25,5,0.01,1,inc_every1,5.1700000000286614,7.530000000026661,-44.72287026109958,-53.68085571096677,95.37318775726852,92.50149372632282,5.170000000028278,7.530000000026661,310.0,319.0,0.0,0.0,9.0,9.0,0.0,0.0,3.0,3.0,49.0,43.0,-1.05,-2.34,-99.48299999999718,-99.24699999999733,1,1
0.01,1.0,1440,1,30,30,0,0,100,3.0,3,25,5,0.01,3,inc_every3,5.1700000000286614,7.530000000026661,-44.72287026109958,-53.68085571096677,95.37318775726852,92.50149372632282,5.170000000028278,7.530000000026661,310.0,319.0,0.0,0.0,9.0,9.0,0.0,0.0,3.0,3.0,49.0,43.0,-1.05,-2.34,-99.48299999999718,-99.24699999999733,1,1
0.01,1.0,1440,1,30,30,0,0,75,8.0,5,40,99,0.0,1,flat,5.166760000000245,7.180000000053504,-44.72980446111664,-54.332266079116266,95.75416221546583,93.05810693217408,5.166759999999986,7.180000000052566,134.0,157.0,0.0,0.0,8.0,9.0,1.0,0.0,5.0,5.0,26.0,31.0,-1.7100000000000002,-5.010000000000001,-99.483324,-99.28199999999474,1,1
0.01,1.0,1440,1,30,30,0,0,75,8.0,5,40,5,0.01,3,inc_every3,5.166760000000245,7.180000000053504,-44.72980446111664,-54.332266079116266,95.75416221546583,93.05810693217408,5.166759999999986,7.180000000052566,134.0,157.0,0.0,0.0,8.0,9.0,1.0,0.0,5.0,5.0,26.0,31.0,-1.7100000000000002,-5.010000000000001,-99.483324,-99.28199999999474,1,1
0.01,1.0,1440,1,30,30,0,0,75,8.0,5,40,5,0.01,1,inc_every1,5.166760000000245,7.180000000053504,-44.72980446111664,-54.332266079116266,95.75416221546583,93.05810693217408,5.166759999999986,7.180000000052566,134.0,157.0,0.0,0.0,8.0,9.0,1.0,0.0,5.0,5.0,26.0,31.0,-1.7100000000000002,-5.010000000000001,-99.483324,-99.28199999999474,1,1
0.01,1.0,1440,1,30,30,0,0,75,3.0,8,40,99,0.0,1,flat,5.157560000000812,6.367319999998141,-44.74951314252928,-55.935833677230505,95.52722227040175,93.64285143770158,5.157560000000327,6.367319999998141,457.0,180.0,0.0,0.0,8.0,4.0,1.0,1.0,8.0,8.0,12.0,6.0,-1.3500000000000003,-0.88,-99.48424399999996,-99.36326800000019,1,1
0.01,1.0,1440,1,30,30,0,0,75,3.0,12,40,99,0.0,1,flat,5.154999999999708,6.366360000000668,-44.75500229819818,-55.93781074616102,95.52944237273515,93.64380990415343,5.154999999999708,6.366359999999968,457.0,181.0,0.0,0.0,8.0,4.0,1.0,1.0,10.0,10.0,0.0,0.0,-1.3500000000000003,-1.3,-99.48450000000003,-99.363364,1,1
0.01,1.0,1440,1,30,30,0,0,75,3.0,18,40,99,0.0,1,flat,5.154999999999708,6.366360000000668,-44.75500229819818,-55.93781074616102,95.52944237273515,93.64380990415343,5.154999999999708,6.366359999999968,457.0,181.0,0.0,0.0,8.0,4.0,1.0,1.0,10.0,10.0,0.0,0.0,-1.3500000000000003,-1.3,-99.48450000000003,-99.363364,1,1
0.01,1.0,1440,1,30,30,0,0,75,3.0,8,40,5,0.01,1,inc_every1,5.15500000000001,3.1954500000003847,-44.75500229819753,-64.10914499385892,95.78150572831841,96.80965455271564,5.15499999999961,3.1954500000000365,436.0,196.0,0.0,0.0,8.0,4.0,1.0,2.0,8.0,8.0,10.0,7.0,-1.3500000000000003,-1.5900000000000003,-99.48450000000004,-99.680455,1,1
0.01,1.0,1440,1,30,30,0,0,75,3.0,18,40,5,0.01,1,inc_every1,5.154999999999504,3.195450000000392,-44.75500229819862,-64.10914499385889,95.65528866413915,96.80965455271563,5.154999999999504,3.1954500000000436,437.0,196.0,0.0,0.0,8.0,4.0,1.0,2.0,9.0,9.0,0.0,0.0,-1.3500000000000003,-1.5900000000000003,-99.48450000000005,-99.680455,1,1
0.01,1.0,1440,1,30,30,0,0,75,3.0,12,40,5,0.01,1,inc_every1,5.154999999999504,3.195450000000392,-44.75500229819862,-64.10914499385889,95.65528866413915,96.80965455271563,5.154999999999504,3.1954500000000436,437.0,196.0,0.0,0.0,8.0,4.0,1.0,2.0,9.0,9.0,0.0,0.0,-1.3500000000000003,-1.5900000000000003,-99.48450000000005,-99.680455,1,1
0.01,1.0,1440,1,30,30,0,0,50,18.0,5,15,5,0.01,1,inc_every1,5.152440000000002,4.432559999999123,-44.76049363472869,-60.43818972198179,95.46599788806776,96.13383340601945,5.1524399999999595,4.432559999999123,56.0,166.0,0.0,0.0,22.0,67.0,1.0,1.0,5.0,5.0,34.0,118.0,-1.1500000000000001,-10.620000000000001,-99.484756,-99.5567440000001,1,1
0.01,1.0,1440,1,30,30,0,0,50,18.0,5,15,99,0.0,1,flat,5.152440000000002,4.432559999999123,-44.76049363472869,-60.43818972198179,95.46599788806776,96.13383340601945,5.1524399999999595,4.432559999999123,56.0,166.0,0.0,0.0,22.0,67.0,1.0,1.0,5.0,5.0,34.0,118.0,-1.1500000000000001,-10.620000000000001,-99.484756,-99.5567440000001,1,1
0.01,1.0,1440,1,30,30,0,0,50,18.0,5,15,5,0.01,3,inc_every3,5.152440000000002,4.432559999999123,-44.76049363472869,-60.43818972198179,95.46599788806776,96.13383340601945,5.1524399999999595,4.432559999999123,56.0,166.0,0.0,0.0,22.0,67.0,1.0,1.0,5.0,5.0,34.0,118.0,-1.1500000000000001,-10.620000000000001,-99.484756,-99.5567440000001,1,1
0.01,1.0,1440,1,30,30,0,0,200,12.0,12,40,99,0.0,1,flat,5.144399999999248,8.420000000050209,-44.77775406541903,-52.115155309352964,95.42068719957348,94.63491411753364,5.144399999999248,7.840000000050573,50.0,207.0,0.0,0.0,4.0,12.0,1.0,0.0,6.0,6.0,0.0,0.0,-1.1,-9.169999999999998,-99.48556000000008,-99.21599999999495,1,1
0.01,1.0,1440,1,30,30,0,0,200,12.0,8,40,99,0.0,1,flat,5.144399999999248,8.420000000050209,-44.77775406541903,-52.115155309352964,95.42068719957348,94.63491411753364,5.144399999999248,7.840000000050573,50.0,207.0,0.0,0.0,4.0,12.0,1.0,0.0,6.0,6.0,0.0,0.0,-1.1,-9.169999999999998,-99.48556000000008,-99.21599999999495,1,1
0.01,1.0,1440,1,30,30,0,0,200,12.0,18,40,99,0.0,1,flat,5.144399999999248,8.420000000050209,-44.77775406541903,-52.115155309352964,95.42068719957348,94.63491411753364,5.144399999999248,7.840000000050573,50.0,207.0,0.0,0.0,4.0,12.0,1.0,0.0,6.0,6.0,0.0,0.0,-1.1,-9.169999999999998,-99.48556000000008,-99.21599999999495,1,1
0.01,1.0,1440,1,30,30,0,0,150,18.0,18,40,99,0.0,1,flat,5.138799999999961,6.446160000002017,-44.78978900878568,-55.774176615187265,95.65943069516022,93.64910344827496,5.138799999999961,6.446160000000951,40.0,57.0,0.0,0.0,5.0,6.0,1.0,1.0,7.0,7.0,0.0,0.0,-0.7200000000000001,-2.6200000000000006,-99.48612,-99.3553839999999,1,1
0.01,1.0,1440,1,30,30,0,0,150,18.0,8,40,99,0.0,1,flat,5.138799999999961,6.446160000002017,-44.78978900878568,-55.774176615187265,95.65943069516022,93.64910344827496,5.138799999999961,6.446160000000951,40.0,57.0,0.0,0.0,5.0,6.0,1.0,1.0,7.0,7.0,0.0,0.0,-0.7200000000000001,-2.6200000000000006,-99.48612,-99.3553839999999,1,1
0.01,1.0,1440,1,30,30,0,0,150,18.0,12,40,99,0.0,1,flat,5.138799999999961,6.446160000002017,-44.78978900878568,-55.774176615187265,95.65943069516022,93.64910344827496,5.138799999999961,6.446160000000951,40.0,57.0,0.0,0.0,5.0,6.0,1.0,1.0,7.0,7.0,0.0,0.0,-0.7200000000000001,-2.6200000000000006,-99.48612,-99.3553839999999,1,1
0.01,1.0,1440,1,30,30,0,0,200,12.0,5,40,5,0.01,1,inc_every1,5.138799999999513,3.2399400000000345,-44.78978900878664,-63.96116577698764,95.42567206694018,97.79520925484914,5.138799999999513,3.239939999999933,48.0,255.0,0.0,0.0,4.0,14.0,1.0,1.0,5.0,5.0,4.0,23.0,-2.0200000000000005,-14.420000000000007,-99.48612000000004,-99.676006,1,1
0.01,1.0,1440,1,30,30,0,0,200,12.0,5,40,5,0.01,3,inc_every3,5.138799999999513,3.2399400000000345,-44.78978900878664,-63.96116577698764,95.42567206694018,97.79520925484914,5.138799999999513,3.239939999999933,48.0,255.0,0.0,0.0,4.0,14.0,1.0,1.0,5.0,5.0,4.0,23.0,-2.0200000000000005,-14.420000000000007,-99.48612000000004,-99.676006,1,1
0.01,1.0,1440,1,30,30,0,0,200,12.0,5,40,99,0.0,1,flat,5.138799999999513,3.2399400000000345,-44.78978900878664,-63.96116577698764,95.42567206694018,97.79520925484914,5.138799999999513,3.239939999999933,48.0,255.0,0.0,0.0,4.0,14.0,1.0,1.0,5.0,5.0,4.0,23.0,-2.0200000000000005,-14.420000000000007,-99.48612000000004,-99.676006,1,1
0.01,1.0,1440,1,30,30,0,0,75,12.0,8,0,5,0.01,3,inc_every3,5.137800000000146,3.118440000000298,-44.79193920961409,-64.36874741922716,96.20658594211478,97.00926440970578,5.13780000000002,3.118439999999879,32.0,12.0,0.0,0.0,0.0,0.0,2.0,2.0,8.0,8.0,2.0,1.0,-3.2600000000000007,0.0,-99.48622,-99.688156,1,1
0.01,1.0,1440,1,30,30,0,0,100,12.0,12,0,99,0.0,1,flat,5.133800000000184,3.1223700000004015,-44.80054336191592,-64.35539091462547,95.9816844082657,96.99077679259821,5.133799999999777,3.1223700000001315,33.0,12.0,0.0,0.0,0.0,0.0,2.0,2.0,12.0,12.0,2.0,1.0,-3.2199999999999993,0.0,-99.48662000000002,-99.68776299999999,1,1
0.01,1.0,1440,1,30,30,0,0,100,8.0,8,0,5,0.01,3,inc_every3,5.133040000000337,3.120180000000241,-44.8021787570254,-64.36283239460019,95.90307287093964,96.97891169635965,5.133039999999841,3.1201799999998148,50.0,14.0,0.0,0.0,0.0,0.0,2.0,2.0,8.0,8.0,2.0,1.0,-3.0400000000000005,0.0,-99.48669600000001,-99.68798200000002,1,1
0.01,1.0,1440,1,30,30,0,0,100,18.0,12,0,99,0.0,1,flat,5.1321600000010825,5.252750000001516,-44.80407261439906,-58.38814254122751,96.12696400271675,95.30836906037852,5.132160000000223,5.2527500000001695,23.0,19.0,0.0,0.0,0.0,0.0,2.0,2.0,12.0,12.0,2.0,2.0,-3.2999999999999994,-1.4799999999999998,-99.48678399999997,-99.47472499999998,1,1
0.01,1.0,1440,1,30,30,0,0,75,12.0,12,0,99,0.0,1,flat,5.1320400000008455,4.158199999999944,-44.804330887802855,-61.1832982883675,96.14364292155095,96.01208401265961,5.132040000000298,4.158199999999944,33.0,12.0,0.0,0.0,0.0,0.0,2.0,2.0,12.0,12.0,2.0,1.0,-3.4199999999999995,0.0,-99.48679599999997,-99.58418,1,1
0.01,1.0,1440,1,30,30,0,0,100,8.0,12,0,99,0.0,1,flat,5.1320400000004085,3.1201800000005893,-44.8043308878038,-64.362832394599,96.21363435148304,96.97891169635925,5.132040000000295,3.120180000000227,53.0,14.0,0.0,0.0,0.0,0.0,2.0,2.0,12.0,12.0,2.0,1.0,-3.26,0.0,-99.48679599999997,-99.68798199999998,1,1
0.01,1.0,1440,1,30,30,0,0,150,18.0,8,0,5,0.01,1,inc_every1,5.131720000000186,3.1261200000001246,-44.80501964049649,-64.3426571635741,96.8147725156729,96.9200788177339,5.131720000000055,3.1261200000001104,24.0,8.0,0.0,0.0,0.0,0.0,2.0,2.0,8.0,8.0,2.0,1.0,-3.4900000000000007,0.0,-99.48682799999999,-99.68738799999998,1,1
0.01,1.0,1440,1,30,30,0,0,150,18.0,18,0,99,0.0,1,flat,5.1317200000010335,3.1532100000005947,-44.80501964049467,-64.25098579172202,96.41263893743512,97.33749050071803,5.131719999999714,3.153209999999877,23.0,19.0,0.0,0.0,0.0,0.0,2.0,2.0,14.0,13.0,0.0,0.0,-3.1099999999999994,-1.26,-99.48682800000003,-99.68467900000002,1,1
0.01,1.0,1440,1,30,30,0,0,200,3.0,8,25,99,0.0,1,flat,5.131440000000222,8.240000000039611,-44.8056223272836,-52.42208971612035,95.31888341543544,94.76999999996374,5.131439999999788,5.230000000036259,288.0,367.0,0.0,0.0,7.0,9.0,1.0,0.0,5.0,5.0,0.0,0.0,-0.9200000000000002,-3.349999999999999,-99.48685600000002,-99.47699999999638,1,1
0.01,1.0,1440,1,30,30,0,0,200,3.0,8,25,5,0.01,1,inc_every1,5.131440000000222,8.240000000039611,-44.8056223272836,-52.42208971612035,95.31888341543544,94.76999999996374,5.131439999999788,5.230000000036259,288.0,367.0,0.0,0.0,7.0,9.0,1.0,0.0,5.0,5.0,0.0,0.0,-0.9200000000000002,-3.349999999999999,-99.48685600000002,-99.47699999999638,1,1
0.01,1.0,1440,1,30,30,0,0,200,3.0,8,25,5,0.01,3,inc_every3,5.131440000000222,8.240000000039611,-44.8056223272836,-52.42208971612035,95.31888341543544,94.76999999996374,5.131439999999788,5.230000000036259,288.0,367.0,0.0,0.0,7.0,9.0,1.0,0.0,5.0,5.0,0.0,0.0,-0.9200000000000002,-3.349999999999999,-99.48685600000002,-99.47699999999638,1,1
0.01,1.0,1440,1,30,30,0,0,200,3.0,5,25,5,0.01,3,inc_every3,5.131440000000222,8.240000000039611,-44.8056223272836,-52.42208971612035,95.31888341543544,94.76999999996374,5.131439999999788,5.230000000036259,288.0,367.0,0.0,0.0,7.0,9.0,1.0,0.0,5.0,5.0,8.0,9.0,-0.9200000000000002,-3.349999999999999,-99.48685600000002,-99.47699999999638,1,1
0.01,1.0,1440,1,30,30,0,0,200,3.0,18,25,5,0.01,1,inc_every1,5.131440000000222,8.240000000039611,-44.8056223272836,-52.42208971612035,95.31888341543544,94.76999999996374,5.131439999999788,5.230000000036259,288.0,367.0,0.0,0.0,7.0,9.0,1.0,0.0,5.0,5.0,0.0,0.0,-0.9200000000000002,-3.349999999999999,-99.48685600000002,-99.47699999999638,1,1
0.01,1.0,1440,1,30,30,0,0,200,3.0,12,25,5,0.01,1,inc_every1,5.131440000000222,8.240000000039611,-44.8056223272836,-52.42208971612035,95.31888341543544,94.76999999996374,5.131439999999788,5.230000000036259,288.0,367.0,0.0,0.0,7.0,9.0,1.0,0.0,5.0,5.0,0.0,0.0,-0.9200000000000002,-3.349999999999999,-99.48685600000002,-99.47699999999638,1,1
0.01,1.0,1440,1,30,30,0,0,200,3.0,12,25,99,0.0,1,flat,5.131440000000222,8.240000000039611,-44.8056223272836,-52.42208971612035,95.31888341543544,94.76999999996374,5.131439999999788,5.230000000036259,288.0,367.0,0.0,0.0,7.0,9.0,1.0,0.0,5.0,5.0,0.0,0.0,-0.9200000000000002,-3.349999999999999,-99.48685600000002,-99.47699999999638,1,1
0.01,1.0,1440,1,30,30,0,0,200,3.0,12,25,5,0.01,3,inc_every3,5.131440000000222,8.240000000039611,-44.8056223272836,-52.42208971612035,95.31888341543544,94.76999999996374,5.131439999999788,5.230000000036259,288.0,367.0,0.0,0.0,7.0,9.0,1.0,0.0,5.0,5.0,0.0,0.0,-0.9200000000000002,-3.349999999999999,-99.48685600000002,-99.47699999999638,1,1
0.01,1.0,1440,1,30,30,0,0,200,3.0,5,25,5,0.01,1,inc_every1,5.131440000000222,8.240000000039611,-44.8056223272836,-52.42208971612035,95.31888341543544,94.76999999996374,5.131439999999788,5.230000000036259,288.0,367.0,0.0,0.0,7.0,9.0,1.0,0.0,5.0,5.0,8.0,9.0,-0.9200000000000002,-3.349999999999999,-99.48685600000002,-99.47699999999638,1,1
0.01,1.0,1440,1,30,30,0,0,200,3.0,5,25,99,0.0,1,flat,5.131440000000222,8.240000000039611,-44.8056223272836,-52.42208971612035,95.31888341543544,94.76999999996374,5.131439999999788,5.230000000036259,288.0,367.0,0.0,0.0,7.0,9.0,1.0,0.0,5.0,5.0,8.0,9.0,-0.9200000000000002,-3.349999999999999,-99.48685600000002,-99.47699999999638,1,1
0.01,1.0,1440,1,30,30,0,0,200,3.0,18,25,5,0.01,3,inc_every3,5.131440000000222,8.240000000039611,-44.8056223272836,-52.42208971612035,95.31888341543544,94.76999999996374,5.131439999999788,5.230000000036259,288.0,367.0,0.0,0.0,7.0,9.0,1.0,0.0,5.0,5.0,0.0,0.0,-0.9200000000000002,-3.349999999999999,-99.48685600000002,-99.47699999999638,1,1
0.01,1.0,1440,1,30,30,0,0,200,3.0,18,25,99,0.0,1,flat,5.131440000000222,8.240000000039611,-44.8056223272836,-52.42208971612035,95.31888341543544,94.76999999996374,5.131439999999788,5.230000000036259,288.0,367.0,0.0,0.0,7.0,9.0,1.0,0.0,5.0,5.0,0.0,0.0,-0.9200000000000002,-3.349999999999999,-99.48685600000002,-99.47699999999638,1,1
0.01,1.0,1440,1,30,30,0,0,100,5.3,8,0,5,0.01,3,inc_every3,5.128640000000196,3.120180000000749,-44.811650642380926,-64.36283239459846,95.8194978806653,96.93046728971952,5.128640000000004,3.120180000000195,78.0,16.0,0.0,0.0,0.0,0.0,2.0,2.0,8.0,8.0,2.0,1.0,-3.0100000000000002,0.0,-99.48713599999999,-99.68798199999998,1,1
0.01,1.0,1440,1,30,30,0,0,150,8.0,12,40,99,0.0,1,flat,5.128440000000772,3.1677600000006283,-44.812081337042066,-64.20197741533602,95.44583962347912,97.44308660908901,5.128440000000381,3.1677600000006283,126.0,249.0,0.0,0.0,6.0,10.0,1.0,1.0,7.0,7.0,0.0,0.0,-1.6300000000000001,-6.46,-99.48715599999996,-99.68322399999994,1,1
0.01,1.0,1440,1,30,30,0,0,150,8.0,18,40,99,0.0,1,flat,5.128440000000772,3.1677600000006283,-44.812081337042066,-64.20197741533602,95.44583962347912,97.44308660908901,5.128440000000381,3.1677600000006283,126.0,249.0,0.0,0.0,6.0,10.0,1.0,1.0,7.0,7.0,0.0,0.0,-1.6300000000000001,-6.46,-99.48715599999996,-99.68322399999994,1,1
0.01,1.0,1440,1,30,30,0,0,150,8.0,8,40,99,0.0,1,flat,5.128440000000772,3.1677600000006283,-44.812081337042066,-64.20197741533602,95.44583962347912,97.44308660908901,5.128440000000381,3.1677600000006283,126.0,249.0,0.0,0.0,6.0,10.0,1.0,1.0,7.0,7.0,0.0,0.0,-1.6300000000000001,-6.46,-99.48715599999996,-99.68322399999994,1,1
0.01,1.0,1440,1,30,30,0,0,100,5.3,12,0,99,0.0,1,flat,5.126640000000808,3.1201800000003974,-44.81595819370393,-64.36283239459965,96.31653973272016,96.93046728971989,5.126640000000389,3.1201799999998254,82.0,16.0,0.0,0.0,0.0,0.0,2.0,2.0,12.0,12.0,2.0,1.0,-3.2299999999999995,0.0,-99.48733599999996,-99.68798200000002,1,1
0.01,1.0,1440,1,30,30,0,0,150,12.0,8,0,5,0.01,1,inc_every1,5.1258000000007335,3.124890000000377,-44.817767766099024,-64.34683265086645,96.50283141161236,96.93938295788467,5.125800000000382,3.124890000000093,34.0,11.0,0.0,0.0,0.0,0.0,2.0,2.0,8.0,8.0,2.0,1.0,-3.4900000000000007,0.0,-99.48741999999996,-99.68751099999999,1,1
0.01,1.0,1440,1,30,30,0,0,75,18.0,8,0,5,0.01,3,inc_every3,5.120880000000673,4.158199999999599,-44.82837145612779,-61.18329828836847,96.23076696599443,96.11419493505325,5.120880000000323,4.158199999999599,26.0,8.0,0.0,0.0,0.0,0.0,2.0,2.0,8.0,8.0,2.0,1.0,-3.2600000000000007,0.0,-99.48791199999997,-99.58418000000005,1,1
0.01,1.0,1440,1,30,30,0,0,50,18.0,8,0,5,0.01,3,inc_every3,5.1188799999997805,4.154479999999573,-44.8326842289165,-61.193635214178535,96.74888536043221,96.2457256461238,5.1188799999997805,4.154479999999573,33.0,8.0,0.0,0.0,0.0,0.0,2.0,2.0,8.0,8.0,6.0,1.0,-4.660000000000001,0.0,-99.48811200000002,-99.58455200000004,1,1
0.01,1.0,1440,1,30,30,0,0,200,18.0,12,0,5,0.01,3,inc_every3,5.115640000000944,7.426439999999836,-44.839673782070236,-53.87134274627494,96.58593166043775,94.35938022178382,5.115640000000322,7.426439999999836,26.0,27.0,0.0,0.0,0.0,0.0,2.0,2.0,10.0,10.0,0.0,0.0,-3.43,-0.5000000000000001,-99.48843599999996,-99.25735600000002,1,1
0.01,1.0,1440,1,30,30,0,0,200,18.0,18,0,5,0.01,3,inc_every3,5.115640000000944,7.426439999999836,-44.839673782070236,-53.87134274627494,96.58593166043775,94.35938022178382,5.115640000000322,7.426439999999836,26.0,27.0,0.0,0.0,0.0,0.0,2.0,2.0,10.0,10.0,0.0,0.0,-3.43,-0.5000000000000001,-99.48843599999996,-99.25735600000002,1,1
0.01,1.0,1440,1,30,30,0,0,50,12.0,8,0,5,0.01,3,inc_every3,5.115639999999775,4.154480000000383,-44.83967378207275,-61.19363521417627,96.68031148604835,96.10420105026259,5.115639999999775,4.154480000000291,43.0,13.0,0.0,0.0,0.0,0.0,2.0,2.0,8.0,8.0,6.0,1.0,-3.6800000000000006,0.0,-99.48843600000002,-99.58455199999997,1,1
0.01,1.0,1440,1,30,30,0,0,150,18.0,12,0,99,0.0,1,flat,5.11448,3.1547999999999696,-44.84217707550854,-64.24562251627628,96.4246906675992,97.33614793548978,5.11448,3.1547999999997014,26.0,18.0,0.0,0.0,0.0,0.0,2.0,2.0,12.0,12.0,1.0,1.0,-3.1099999999999994,-1.26,-99.488552,-99.68452000000003,1,1
0.01,1.0,1440,1,30,30,0,0,200,12.0,12,0,5,0.01,1,inc_every1,5.113639999999769,5.299999999999535,-44.84399008875649,-58.2771065817099,96.40795167181852,95.86325320012554,5.113639999999769,5.299999999999535,37.0,34.0,0.0,0.0,0.0,0.0,2.0,2.0,9.0,9.0,0.0,0.0,-4.44,-0.6900000000000001,-99.48863600000003,-99.47000000000004,1,1
0.01,1.0,1440,1,30,30,0,0,200,12.0,18,0,5,0.01,1,inc_every1,5.113639999999769,5.299999999999535,-44.84399008875649,-58.2771065817099,96.40795167181852,95.86325320012554,5.113639999999769,5.299999999999535,37.0,34.0,0.0,0.0,0.0,0.0,2.0,2.0,9.0,9.0,0.0,0.0,-4.44,-0.6900000000000001,-99.48863600000003,-99.47000000000004,1,1
0.01,1.0,1440,1,30,30,0,0,200,12.0,18,0,5,0.01,3,inc_every3,5.113199999999118,3.150900000000682,-44.84493985743687,-64.25878110598396,96.21832704681701,97.46834324280915,5.113199999999118,3.150899999999936,37.0,66.0,0.0,0.0,0.0,0.0,2.0,3.0,10.0,9.0,0.0,0.0,-3.3600000000000003,-1.4000000000000001,-99.48868000000009,-99.68491,1,1
0.01,1.0,1440,1,30,30,0,0,200,12.0,12,0,5,0.01,3,inc_every3,5.113199999999118,3.150900000000682,-44.84493985743687,-64.25878110598396,96.21832704681701,97.46834324280915,5.113199999999118,3.150899999999936,37.0,66.0,0.0,0.0,0.0,0.0,2.0,3.0,10.0,9.0,0.0,0.0,-3.3600000000000003,-1.4000000000000001,-99.48868000000009,-99.68491,1,1
0.01,1.0,1440,1,30,30,0,0,200,8.0,8,0,5,0.01,3,inc_every3,5.112640000000859,3.14745000000112,-44.846148748487,-64.27043093668033,96.13469418613448,97.27870482448536,5.112640000000344,3.1474500000005214,59.0,38.0,0.0,0.0,0.0,0.0,2.0,2.0,8.0,8.0,2.0,2.0,-2.87,-0.45000000000000007,-99.48873599999996,-99.68525499999994,1,1
0.01,1.0,1440,1,30,30,0,0,200,5.3,8,0,5,0.01,1,inc_every1,5.11264000000056,4.227360000000445,-44.84614874848765,-60.992292547140934,96.01788301269582,96.23061970575192,5.112640000000365,4.227359999999781,77.0,51.0,0.0,0.0,0.0,0.0,2.0,2.0,8.0,8.0,2.0,2.0,-3.4300000000000006,-0.4800000000000001,-99.48873599999996,-99.57726400000003,1,1
0.01,1.0,1440,1,30,30,0,0,200,5.3,18,0,5,0.01,3,inc_every3,5.112639999999647,4.194399999999423,-44.846148748489625,-61.08304533829163,95.86021052631642,96.20416289592848,5.112639999999647,4.194399999999423,77.0,47.0,0.0,0.0,0.0,0.0,2.0,2.0,9.0,9.0,0.0,0.0,-3.5,-0.45000000000000007,-99.48873600000003,-99.58056000000006,1,1
0.01,1.0,1440,1,30,30,0,0,200,5.3,12,0,5,0.01,3,inc_every3,5.112639999999647,4.194399999999423,-44.846148748489625,-61.08304533829163,95.86021052631642,96.20416289592848,5.112639999999647,4.194399999999423,77.0,47.0,0.0,0.0,0.0,0.0,2.0,2.0,9.0,9.0,0.0,0.0,-3.5,-0.45000000000000007,-99.48873600000003,-99.58056000000006,1,1
0.01,1.0,1440,1,30,30,0,0,200,8.0,12,0,5,0.01,3,inc_every3,5.110480000000088,5.304700000000498,-44.85081260635022,-58.26609981169801,96.13632720949617,95.41353968528445,5.110479999999839,5.304700000000498,60.0,48.0,0.0,0.0,0.0,0.0,2.0,2.0,9.0,9.0,0.0,0.0,-3.7800000000000002,-0.45000000000000007,-99.48895200000001,-99.46952999999995,1,1
0.01,1.0,1440,1,30,30,0,0,200,8.0,18,0,5,0.01,3,inc_every3,5.110480000000088,5.304700000000498,-44.85081260635022,-58.26609981169801,96.13632720949617,95.41353968528445,5.110479999999839,5.304700000000498,60.0,48.0,0.0,0.0,0.0,0.0,2.0,2.0,9.0,9.0,0.0,0.0,-3.7800000000000002,-0.45000000000000007,-99.48895200000001,-99.46952999999995,1,1
0.01,1.0,1440,1,30,30,0,0,200,8.0,8,0,5,0.01,1,inc_every1,5.110479999999409,5.304699999999933,-44.85081260635169,-58.266099811699334,96.30104226983276,95.50905858449099,5.110479999999409,5.304699999999933,61.0,47.0,0.0,0.0,0.0,0.0,2.0,2.0,8.0,8.0,2.0,2.0,-3.8100000000000005,-0.4800000000000001,-99.48895200000005,-99.46953,1,1
0.01,1.0,1440,1,30,30,0,0,50,5.3,8,0,5,0.01,3,inc_every3,5.108560000001196,4.15447999999999,-44.85495958165853,-61.19363521417737,96.22371377882904,95.9983818146795,5.108560000000425,4.15447999999999,104.0,19.0,0.0,0.0,0.0,0.0,3.0,2.0,8.0,8.0,8.0,1.0,-3.7600000000000007,0.0,-99.48914399999995,-99.584552,1,1
0.01,1.0,1440,1,30,30,0,0,200,5.3,5,40,99,0.0,1,flat,5.10760000000057,3.193200000000422,-44.85703353684293,-64.11666711677036,95.44492999197331,96.80680000000004,5.107600000000435,3.1931999999999547,127.0,343.0,0.0,0.0,4.0,8.0,1.0,1.0,5.0,5.0,4.0,13.0,-1.19,-6.559999999999995,-99.48923999999995,-99.68068000000001,1,1
0.01,1.0,1440,1,30,30,0,0,200,5.3,5,40,5,0.01,1,inc_every1,5.10760000000057,3.193200000000422,-44.85703353684293,-64.11666711677036,95.44492999197331,96.80680000000004,5.107600000000435,3.1931999999999547,127.0,343.0,0.0,0.0,4.0,8.0,1.0,1.0,5.0,5.0,4.0,13.0,-1.19,-6.559999999999995,-99.48923999999995,-99.68068000000001,1,1
0.01,1.0,1440,1,30,30,0,0,200,5.3,5,40,5,0.01,3,inc_every3,5.10760000000057,3.193200000000422,-44.85703353684293,-64.11666711677036,95.44492999197331,96.80680000000004,5.107600000000435,3.1931999999999547,127.0,343.0,0.0,0.0,4.0,8.0,1.0,1.0,5.0,5.0,4.0,13.0,-1.19,-6.559999999999995,-99.48923999999995,-99.68068000000001,1,1
0.01,1.0,1440,1,30,30,0,0,300,3.0,18,40,5,0.01,1,inc_every1,5.104720000000498,3.207540000000325,-44.86325727376875,-64.06878969785996,95.1239659948418,96.83955069465036,5.104720000000203,3.2075399999995575,157.0,696.0,0.0,0.0,3.0,8.0,1.0,1.0,5.0,5.0,0.0,0.0,-0.8800000000000001,-8.659999999999995,-99.48952799999998,-99.67924600000005,1,1
0.01,1.0,1440,1,30,30,0,0,300,3.0,12,40,5,0.01,3,inc_every3,5.104720000000498,3.207540000000325,-44.86325727376875,-64.06878969785996,95.1239659948418,96.83955069465036,5.104720000000203,3.2075399999995575,157.0,696.0,0.0,0.0,3.0,8.0,1.0,1.0,5.0,5.0,0.0,0.0,-0.8800000000000001,-8.659999999999995,-99.48952799999998,-99.67924600000005,1,1
0.01,1.0,1440,1,30,30,0,0,300,3.0,8,40,99,0.0,1,flat,5.104720000000498,3.207540000000325,-44.86325727376875,-64.06878969785996,95.1239659948418,96.83955069465036,5.104720000000203,3.2075399999995575,157.0,696.0,0.0,0.0,3.0,8.0,1.0,1.0,5.0,5.0,0.0,0.0,-0.8800000000000001,-8.659999999999995,-99.48952799999998,-99.67924600000005,1,1
0.01,1.0,1440,1,30,30,0,0,300,3.0,5,40,5,0.01,1,inc_every1,5.104720000000498,3.207540000000325,-44.86325727376875,-64.06878969785996,95.1239659948418,96.83955069465036,5.104720000000203,3.2075399999995575,157.0,696.0,0.0,0.0,3.0,8.0,1.0,1.0,5.0,5.0,3.0,13.0,-0.8800000000000001,-8.659999999999995,-99.48952799999998,-99.67924600000005,1,1
0.01,1.0,1440,1,30,30,0,0,300,3.0,18,40,99,0.0,1,flat,5.104720000000498,3.207540000000325,-44.86325727376875,-64.06878969785996,95.1239659948418,96.83955069465036,5.104720000000203,3.2075399999995575,157.0,696.0,0.0,0.0,3.0,8.0,1.0,1.0,5.0,5.0,0.0,0.0,-0.8800000000000001,-8.659999999999995,-99.48952799999998,-99.67924600000005,1,1
0.01,1.0,1440,1,30,30,0,0,300,3.0,12,40,99,0.0,1,flat,5.104720000000498,3.207540000000325,-44.86325727376875,-64.06878969785996,95.1239659948418,96.83955069465036,5.104720000000203,3.2075399999995575,157.0,696.0,0.0,0.0,3.0,8.0,1.0,1.0,5.0,5.0,0.0,0.0,-0.8800000000000001,-8.659999999999995,-99.48952799999998,-99.67924600000005,1,1
0.01,1.0,1440,1,30,30,0,0,300,3.0,12,40,5,0.01,1,inc_every1,5.104720000000498,3.207540000000325,-44.86325727376875,-64.06878969785996,95.1239659948418,96.83955069465036,5.104720000000203,3.2075399999995575,157.0,696.0,0.0,0.0,3.0,8.0,1.0,1.0,5.0,5.0,0.0,0.0,-0.8800000000000001,-8.659999999999995,-99.48952799999998,-99.67924600000005,1,1
0.01,1.0,1440,1,30,30,0,0,300,3.0,8,40,5,0.01,3,inc_every3,5.104720000000498,3.207540000000325,-44.86325727376875,-64.06878969785996,95.1239659948418,96.83955069465036,5.104720000000203,3.2075399999995575,157.0,696.0,0.0,0.0,3.0,8.0,1.0,1.0,5.0,5.0,0.0,0.0,-0.8800000000000001,-8.659999999999995,-99.48952799999998,-99.67924600000005,1,1
0.01,1.0,1440,1,30,30,0,0,300,3.0,8,40,5,0.01,1,inc_every1,5.104720000000498,3.207540000000325,-44.86325727376875,-64.06878969785996,95.1239659948418,96.83955069465036,5.104720000000203,3.2075399999995575,157.0,696.0,0.0,0.0,3.0,8.0,1.0,1.0,5.0,5.0,0.0,0.0,-0.8800000000000001,-8.659999999999995,-99.48952799999998,-99.67924600000005,1,1
0.01,1.0,1440,1,30,30,0,0,300,3.0,5,40,5,0.01,3,inc_every3,5.104720000000498,3.207540000000325,-44.86325727376875,-64.06878969785996,95.1239659948418,96.83955069465036,5.104720000000203,3.2075399999995575,157.0,696.0,0.0,0.0,3.0,8.0,1.0,1.0,5.0,5.0,3.0,13.0,-0.8800000000000001,-8.659999999999995,-99.48952799999998,-99.67924600000005,1,1
0.01,1.0,1440,1,30,30,0,0,300,3.0,5,40,99,0.0,1,flat,5.104720000000498,3.207540000000325,-44.86325727376875,-64.06878969785996,95.1239659948418,96.83955069465036,5.104720000000203,3.2075399999995575,157.0,696.0,0.0,0.0,3.0,8.0,1.0,1.0,5.0,5.0,3.0,13.0,-0.8800000000000001,-8.659999999999995,-99.48952799999998,-99.67924600000005,1,1
0.01,1.0,1440,1,30,30,0,0,300,3.0,18,40,5,0.01,3,inc_every3,5.104720000000498,3.207540000000325,-44.86325727376875,-64.06878969785996,95.1239659948418,96.83955069465036,5.104720000000203,3.2075399999995575,157.0,696.0,0.0,0.0,3.0,8.0,1.0,1.0,5.0,5.0,0.0,0.0,-0.8800000000000001,-8.659999999999995,-99.48952799999998,-99.67924600000005,1,1
0.01,1.0,1440,1,30,30,0,0,50,8.0,8,40,5,0.01,1,inc_every1,5.104640000000206,5.391500000000638,-44.8634301954391,-58.06404620334238,96.71748440614807,96.65082618958985,5.104639999999719,5.391499999999642,64.0,186.0,0.0,0.0,5.0,14.0,2.0,2.0,8.0,8.0,8.0,29.0,-1.5899999999999999,-5.87,-99.48953600000003,-99.46085000000004,1,1
0.01,1.0,1440,1,30,30,0,0,75,3.0,12,25,5,0.01,1,inc_every1,5.100799999999529,5.378750000000961,-44.87173298594907,-58.09358187431973,96.21040118871052,94.62984225239617,5.100799999999529,5.378750000000039,738.0,391.0,0.0,0.0,19.0,12.0,1.0,1.0,8.0,8.0,0.0,0.0,-1.8900000000000003,-2.2900000000000005,-99.48992000000004,-99.462125,1,1
0.01,1.0,1440,1,30,30,0,0,75,3.0,8,25,5,0.01,1,inc_every1,5.100799999999529,5.378750000000961,-44.87173298594907,-58.09358187431973,96.21040118871052,94.62984225239617,5.100799999999529,5.378750000000039,738.0,391.0,0.0,0.0,19.0,12.0,1.0,1.0,8.0,8.0,15.0,10.0,-1.8900000000000003,-2.2900000000000005,-99.48992000000004,-99.462125,1,1
0.01,1.0,1440,1,30,30,0,0,75,3.0,18,25,5,0.01,1,inc_every1,5.100799999999529,5.378750000000961,-44.87173298594907,-58.09358187431973,96.21040118871052,94.62984225239617,5.100799999999529,5.378750000000039,738.0,391.0,0.0,0.0,19.0,12.0,1.0,1.0,8.0,8.0,0.0,0.0,-1.8900000000000003,-2.2900000000000005,-99.48992000000004,-99.462125,1,1
0.01,1.0,1440,1,30,30,0,0,300,12.0,18,40,5,0.01,3,inc_every3,5.099840000000434,4.2920800000004675,-44.87380946474554,-60.8155272134332,95.3109231335048,97.26287864294385,5.099840000000228,4.292080000000013,64.0,232.0,0.0,0.0,4.0,11.0,1.0,1.0,5.0,5.0,0.0,0.0,-1.3800000000000001,-12.119999999999992,-99.49001599999998,-99.570792,1,1
0.01,1.0,1440,1,30,30,0,0,300,12.0,5,40,99,0.0,1,flat,5.099840000000434,4.2920800000004675,-44.87380946474554,-60.8155272134332,95.3109231335048,97.26287864294385,5.099840000000228,4.292080000000013,64.0,232.0,0.0,0.0,4.0,11.0,1.0,1.0,5.0,5.0,4.0,14.0,-1.3800000000000001,-12.119999999999992,-99.49001599999998,-99.570792,1,1
0.01,1.0,1440,1,30,30,0,0,300,12.0,18,40,99,0.0,1,flat,5.099840000000434,4.2920800000004675,-44.87380946474554,-60.8155272134332,95.3109231335048,97.26287864294385,5.099840000000228,4.292080000000013,64.0,232.0,0.0,0.0,4.0,11.0,1.0,1.0,5.0,5.0,0.0,0.0,-1.3800000000000001,-12.119999999999992,-99.49001599999998,-99.570792,1,1
0.01,1.0,1440,1,30,30,0,0,300,12.0,18,40,5,0.01,1,inc_every1,5.099840000000434,4.2920800000004675,-44.87380946474554,-60.8155272134332,95.3109231335048,97.26287864294385,5.099840000000228,4.292080000000013,64.0,232.0,0.0,0.0,4.0,11.0,1.0,1.0,5.0,5.0,0.0,0.0,-1.3800000000000001,-12.119999999999992,-99.49001599999998,-99.570792,1,1
0.01,1.0,1440,1,30,30,0,0,300,12.0,5,40,5,0.01,1,inc_every1,5.099840000000434,4.2920800000004675,-44.87380946474554,-60.8155272134332,95.3109231335048,97.26287864294385,5.099840000000228,4.292080000000013,64.0,232.0,0.0,0.0,4.0,11.0,1.0,1.0,5.0,5.0,4.0,14.0,-1.3800000000000001,-12.119999999999992,-99.49001599999998,-99.570792,1,1
0.01,1.0,1440,1,30,30,0,0,300,12.0,12,40,5,0.01,1,inc_every1,5.099840000000434,4.2920800000004675,-44.87380946474554,-60.8155272134332,95.3109231335048,97.26287864294385,5.099840000000228,4.292080000000013,64.0,232.0,0.0,0.0,4.0,11.0,1.0,1.0,5.0,5.0,0.0,0.0,-1.3800000000000001,-12.119999999999992,-99.49001599999998,-99.570792,1,1
0.01,1.0,1440,1,30,30,0,0,300,12.0,12,40,99,0.0,1,flat,5.099840000000434,4.2920800000004675,-44.87380946474554,-60.8155272134332,95.3109231335048,97.26287864294385,5.099840000000228,4.292080000000013,64.0,232.0,0.0,0.0,4.0,11.0,1.0,1.0,5.0,5.0,0.0,0.0,-1.3800000000000001,-12.119999999999992,-99.49001599999998,-99.570792,1,1
0.01,1.0,1440,1,30,30,0,0,300,12.0,12,40,5,0.01,3,inc_every3,5.099840000000434,4.2920800000004675,-44.87380946474554,-60.8155272134332,95.3109231335048,97.26287864294385,5.099840000000228,4.292080000000013,64.0,232.0,0.0,0.0,4.0,11.0,1.0,1.0,5.0,5.0,0.0,0.0,-1.3800000000000001,-12.119999999999992,-99.49001599999998,-99.570792,1,1
0.01,1.0,1440,1,30,30,0,0,300,12.0,5,40,5,0.01,3,inc_every3,5.099840000000434,4.2920800000004675,-44.87380946474554,-60.8155272134332,95.3109231335048,97.26287864294385,5.099840000000228,4.292080000000013,64.0,232.0,0.0,0.0,4.0,11.0,1.0,1.0,5.0,5.0,4.0,14.0,-1.3800000000000001,-12.119999999999992,-99.49001599999998,-99.570792,1,1
0.01,1.0,1440,1,30,30,0,0,300,12.0,8,40,5,0.01,3,inc_every3,5.099840000000434,4.2920800000004675,-44.87380946474554,-60.8155272134332,95.3109231335048,97.26287864294385,5.099840000000228,4.292080000000013,64.0,232.0,0.0,0.0,4.0,11.0,1.0,1.0,5.0,5.0,0.0,0.0,-1.3800000000000001,-12.119999999999992,-99.49001599999998,-99.570792,1,1
0.01,1.0,1440,1,30,30,0,0,300,12.0,8,40,5,0.01,1,inc_every1,5.099840000000434,4.2920800000004675,-44.87380946474554,-60.8155272134332,95.3109231335048,97.26287864294385,5.099840000000228,4.292080000000013,64.0,232.0,0.0,0.0,4.0,11.0,1.0,1.0,5.0,5.0,0.0,0.0,-1.3800000000000001,-12.119999999999992,-99.49001599999998,-99.570792,1,1
0.01,1.0,1440,1,30,30,0,0,300,12.0,8,40,99,0.0,1,flat,5.099840000000434,4.2920800000004675,-44.87380946474554,-60.8155272134332,95.3109231335048,97.26287864294385,5.099840000000228,4.292080000000013,64.0,232.0,0.0,0.0,4.0,11.0,1.0,1.0,5.0,5.0,0.0,0.0,-1.3800000000000001,-12.119999999999992,-99.49001599999998,-99.570792,1,1
0.01,1.0,1440,1,30,30,0,0,300,12.0,18,0,5,0.01,3,inc_every3,5.0928000000004765,9.629640000002894,-44.889046536893275,-50.16365440751339,95.68808737617461,93.57758467383111,5.092800000000281,7.945170000003387,40.0,78.0,0.0,0.0,0.0,0.0,2.0,2.0,8.0,8.0,0.0,0.0,-2.02,-2.41,-99.49071999999997,-99.20548299999966,1,1
0.01,1.0,1440,1,30,30,0,0,300,12.0,8,0,5,0.01,3,inc_every3,5.0928000000004765,9.629640000004287,-44.889046536893275,-50.163654407511245,95.68808737617461,93.58176380243862,5.092800000000281,7.940000000003053,40.0,78.0,0.0,0.0,0.0,0.0,2.0,2.0,8.0,8.0,1.0,1.0,-2.02,-2.41,-99.49071999999997,-99.20599999999969,1,1
0.01,1.0,1440,1,30,30,0,0,300,12.0,12,0,5,0.01,3,inc_every3,5.0928000000004765,9.629640000002894,-44.889046536893275,-50.16365440751339,95.68808737617461,93.57758467383111,5.092800000000281,7.945170000003387,40.0,78.0,0.0,0.0,0.0,0.0,2.0,2.0,8.0,8.0,0.0,0.0,-2.02,-2.41,-99.49071999999997,-99.20548299999966,1,1
0.01,1.0,1440,1,30,30,0,0,150,3.0,12,40,5,0.01,3,inc_every3,5.092200000000034,5.241800000000598,-44.89034592997202,-58.41397474250406,95.2661522729387,94.7582000000009,5.092199999999991,5.24179999999911,117.0,129.0,0.0,0.0,3.0,3.0,1.0,1.0,7.0,7.0,0.0,0.0,-0.30000000000000004,-0.42,-99.49078,-99.47582000000008,1,1
0.01,1.0,1440,1,30,30,0,0,150,3.0,8,40,5,0.01,3,inc_every3,5.092200000000034,5.241800000000598,-44.89034592997202,-58.41397474250406,95.2661522729387,94.7582000000009,5.092199999999991,5.24179999999911,117.0,129.0,0.0,0.0,3.0,3.0,1.0,1.0,7.0,7.0,0.0,0.0,-0.30000000000000004,-0.42,-99.49078,-99.47582000000008,1,1
0.01,1.0,1440,1,30,30,0,0,150,3.0,18,40,5,0.01,3,inc_every3,5.092200000000034,5.241800000000598,-44.89034592997202,-58.41397474250406,95.2661522729387,94.7582000000009,5.092199999999991,5.24179999999911,117.0,129.0,0.0,0.0,3.0,3.0,1.0,1.0,7.0,7.0,0.0,0.0,-0.30000000000000004,-0.42,-99.49078,-99.47582000000008,1,1
0.01,1.0,1440,1,30,30,0,0,150,3.0,18,40,5,0.01,1,inc_every1,5.0921999999996785,5.241800000001444,-44.89034592997279,-58.41397474250207,95.266152272939,94.75819999999959,5.0921999999996785,5.24180000000041,118.0,127.0,0.0,0.0,3.0,3.0,1.0,1.0,7.0,7.0,0.0,0.0,-0.30000000000000004,-0.42,-99.49078000000003,-99.47581999999996,1,1
0.01,1.0,1440,1,30,30,0,0,150,3.0,8,40,5,0.01,1,inc_every1,5.0921999999996785,5.241800000001444,-44.89034592997279,-58.41397474250207,95.266152272939,94.75819999999959,5.0921999999996785,5.24180000000041,118.0,127.0,0.0,0.0,3.0,3.0,1.0,1.0,7.0,7.0,0.0,0.0,-0.30000000000000004,-0.42,-99.49078000000003,-99.47581999999996,1,1
0.01,1.0,1440,1,30,30,0,0,150,3.0,12,40,5,0.01,1,inc_every1,5.0921999999996785,5.241800000001444,-44.89034592997279,-58.41397474250207,95.266152272939,94.75819999999959,5.0921999999996785,5.24180000000041,118.0,127.0,0.0,0.0,3.0,3.0,1.0,1.0,7.0,7.0,0.0,0.0,-0.30000000000000004,-0.42,-99.49078000000003,-99.47581999999996,1,1
0.01,1.0,1440,1,30,30,0,0,50,18.0,12,0,99,0.0,1,flat,5.091680000000768,4.154480000000248,-44.89147216970214,-61.193635214176645,96.52112599070809,96.2135617936566,5.091680000000064,4.15448000000006,40.0,8.0,0.0,0.0,0.0,0.0,3.0,2.0,12.0,12.0,2.0,1.0,-4.289999999999999,0.0,-99.490832,-99.58455199999999,1,1
0.01,1.0,1440,1,30,30,0,0,300,18.0,12,0,5,0.01,1,inc_every1,5.090480000000561,5.881900000000144,-44.89407153564359,-56.96346405371139,96.03267087522386,99.35016682502152,5.090480000000412,5.881900000000144,30.0,269.0,0.0,0.0,0.0,0.0,2.0,3.0,8.0,12.0,0.0,2.0,-2.02,-105.43999999999987,-99.49095199999996,-99.41180999999999,1,1
0.01,1.0,1440,1,30,30,0,0,300,18.0,18,0,5,0.01,1,inc_every1,5.090480000000561,4.824079999999636,-44.89407153564359,-59.429063414107205,96.03267087522386,99.65130829502417,5.090480000000412,4.8240799999995865,30.0,330.0,0.0,0.0,0.0,0.0,2.0,3.0,8.0,16.0,0.0,0.0,-2.02,-110.32999999999952,-99.49095199999996,-99.51759200000004,1,1
0.01,1.0,1440,1,30,30,0,0,300,18.0,8,0,5,0.01,1,inc_every1,5.090480000000561,7.436239999999195,-44.89407153564359,-53.85323711228003,96.03267087522386,98.56961509252896,5.090480000000412,3.5786800000017607,30.0,82.0,0.0,0.0,0.0,0.0,2.0,2.0,8.0,8.0,1.0,2.0,-2.02,-10.629999999999999,-99.49095199999996,-99.64213199999982,1,1
0.01,1.0,1440,1,30,30,0,0,300,5.3,8,0,5,0.01,3,inc_every3,5.082679999999513,4.698360000000164,-44.91097937172811,-59.74661908586945,95.51870922235986,99.21378202446498,5.082679999999513,4.698359999999958,83.0,802.0,0.0,1.0,0.0,0.0,2.0,2.0,8.0,8.0,1.0,4.0,-2.04,-61.29000000000001,-99.49173200000004,-99.530164,1,1
0.01,1.0,1440,1,30,30,0,0,300,5.3,18,0,5,0.01,3,inc_every3,5.082679999999513,10.215359999999762,-44.91097937172811,-49.28024697800425,95.51870922235986,98.09624480515862,5.082679999999513,10.215359999999762,83.0,758.0,0.0,2.0,0.0,0.0,2.0,2.0,8.0,14.0,0.0,0.0,-2.04,-60.400000000000055,-99.49173200000004,-98.97846400000003,1,1
0.01,1.0,1440,1,30,30,0,0,300,5.3,12,0,5,0.01,3,inc_every3,5.082679999999513,3.543600000000179,-44.91097937172811,-62.98747100403931,95.51870922235986,99.46094411002787,5.082679999999513,2.8925200000015305,83.0,903.0,0.0,1.0,0.0,0.0,2.0,3.0,8.0,12.0,0.0,2.0,-2.04,-69.69000000000003,-99.49173200000004,-99.71074799999985,1,1
0.01,1.0,1440,1,30,30,0,0,200,3.0,12,40,99,0.0,1,flat,5.081200000000372,9.640000000074487,-44.91418986757195,-50.147705513689075,95.36471446816257,90.6444099378198,5.081200000000305,9.640000000074032,136.0,598.0,0.0,0.0,3.0,8.0,1.0,0.0,6.0,6.0,0.0,0.0,-0.9,-7.549999999999996,-99.49187999999997,-99.0359999999926,1,1
0.01,1.0,1440,1,30,30,0,0,200,3.0,8,40,99,0.0,1,flat,5.081200000000372,9.640000000074487,-44.91418986757195,-50.147705513689075,95.36471446816257,90.6444099378198,5.081200000000305,9.640000000074032,136.0,598.0,0.0,0.0,3.0,8.0,1.0,0.0,6.0,6.0,0.0,0.0,-0.9,-7.549999999999996,-99.49187999999997,-99.0359999999926,1,1
0.01,1.0,1440,1,30,30,0,0,200,3.0,18,40,99,0.0,1,flat,5.081200000000372,9.640000000074487,-44.91418986757195,-50.147705513689075,95.36471446816257,90.6444099378198,5.081200000000305,9.640000000074032,136.0,598.0,0.0,0.0,3.0,8.0,1.0,0.0,6.0,6.0,0.0,0.0,-0.9,-7.549999999999996,-99.49187999999997,-99.0359999999926,1,1
0.01,1.0,1440,1,30,30,0,0,200,3.0,12,40,5,0.01,1,inc_every1,5.081199999999683,3.1488599999997398,-44.91418986757344,-64.26566861823532,95.36471446816314,96.85114000000064,5.081199999999683,3.1488599999993525,135.0,104.0,0.0,0.0,3.0,3.0,1.0,1.0,6.0,6.0,0.0,0.0,-0.9,-0.39,-99.49188000000004,-99.68511400000007,1,1
0.01,1.0,1440,1,30,30,0,0,200,3.0,18,40,5,0.01,1,inc_every1,5.081199999999683,3.1488599999997398,-44.91418986757344,-64.26566861823532,95.36471446816314,96.85114000000064,5.081199999999683,3.1488599999993525,135.0,104.0,0.0,0.0,3.0,3.0,1.0,1.0,6.0,6.0,0.0,0.0,-0.9,-0.39,-99.49188000000004,-99.68511400000007,1,1
0.01,1.0,1440,1,30,30,0,0,200,3.0,18,40,5,0.01,3,inc_every3,5.081199999999683,3.1488599999997398,-44.91418986757344,-64.26566861823532,95.36471446816314,96.85114000000064,5.081199999999683,3.1488599999993525,135.0,104.0,0.0,0.0,3.0,3.0,1.0,1.0,6.0,6.0,0.0,0.0,-0.9,-0.39,-99.49188000000004,-99.68511400000007,1,1
0.01,1.0,1440,1,30,30,0,0,200,3.0,12,40,5,0.01,3,inc_every3,5.081199999999683,3.1488599999997398,-44.91418986757344,-64.26566861823532,95.36471446816314,96.85114000000064,5.081199999999683,3.1488599999993525,135.0,104.0,0.0,0.0,3.0,3.0,1.0,1.0,6.0,6.0,0.0,0.0,-0.9,-0.39,-99.49188000000004,-99.68511400000007,1,1
0.01,1.0,1440,1,30,30,0,0,200,3.0,8,40,5,0.01,1,inc_every1,5.081199999999683,3.1488599999997398,-44.91418986757344,-64.26566861823532,95.36471446816314,96.85114000000064,5.081199999999683,3.1488599999993525,135.0,104.0,0.0,0.0,3.0,3.0,1.0,1.0,6.0,6.0,0.0,0.0,-0.9,-0.39,-99.49188000000004,-99.68511400000007,1,1
0.01,1.0,1440,1,30,30,0,0,200,3.0,8,40,5,0.01,3,inc_every3,5.081199999999683,3.1488599999997398,-44.91418986757344,-64.26566861823532,95.36471446816314,96.85114000000064,5.081199999999683,3.1488599999993525,135.0,104.0,0.0,0.0,3.0,3.0,1.0,1.0,6.0,6.0,0.0,0.0,-0.9,-0.39,-99.49188000000004,-99.68511400000007,1,1
0.01,1.0,1440,1,30,30,0,0,200,3.0,5,40,5,0.01,3,inc_every3,5.080360000000269,5.408700000000273,-44.91601237364512,-58.02427963917687,95.36548075168788,96.38020345335408,5.080359999999857,5.408699999999719,134.0,892.0,0.0,1.0,3.0,10.0,1.0,1.0,5.0,5.0,3.0,25.0,-0.9,-13.499999999999998,-99.49196400000001,-99.45913000000003,1,1
0.01,1.0,1440,1,30,30,0,0,200,3.0,5,40,99,0.0,1,flat,5.080360000000269,5.408700000000273,-44.91601237364512,-58.02427963917687,95.36548075168788,96.38020345335408,5.080359999999857,5.408699999999719,134.0,892.0,0.0,1.0,3.0,10.0,1.0,1.0,5.0,5.0,3.0,25.0,-0.9,-13.499999999999998,-99.49196400000001,-99.45913000000003,1,1
0.01,1.0,1440,1,30,30,0,0,200,3.0,5,40,5,0.01,1,inc_every1,5.080360000000269,5.408700000000273,-44.91601237364512,-58.02427963917687,95.36548075168788,96.38020345335408,5.080359999999857,5.408699999999719,134.0,892.0,0.0,1.0,3.0,10.0,1.0,1.0,5.0,5.0,3.0,25.0,-0.9,-13.499999999999998,-99.49196400000001,-99.45913000000003,1,1
0.01,1.0,1440,1,30,30,0,0,50,5.3,8,25,99,0.0,1,flat,5.079720000000151,8.563840000001584,-44.91740111149068,-51.87317726587637,96.09282362895193,92.56417469827257,5.079719999999895,8.563840000000717,120.0,175.0,0.0,0.0,9.0,12.0,1.0,1.0,8.0,8.0,12.0,22.0,-1.2000000000000002,-1.59,-99.492028,-99.14361599999992,1,1
0.01,1.0,1440,1,30,30,0,0,300,8.0,12,0,5,0.01,3,inc_every3,5.076679999999911,7.461720000000362,-44.9239995281448,-53.80624077288623,95.68089161136649,93.78707743547031,5.076679999999911,7.461720000000298,60.0,90.0,0.0,0.0,0.0,0.0,2.0,2.0,8.0,8.0,0.0,0.0,-2.3200000000000003,-1.58,-99.492332,-99.25382799999997,1,1
0.01,1.0,1440,1,30,30,0,0,300,8.0,18,0,5,0.01,3,inc_every3,5.076679999999911,7.461720000000362,-44.9239995281448,-53.80624077288623,95.68089161136649,93.78707743547031,5.076679999999911,7.461720000000298,60.0,90.0,0.0,0.0,0.0,0.0,2.0,2.0,8.0,8.0,0.0,0.0,-2.3200000000000003,-1.58,-99.492332,-99.25382799999997,1,1
0.01,1.0,1440,1,30,30,0,0,300,8.0,8,0,5,0.01,3,inc_every3,5.076679999999911,7.461720000000362,-44.9239995281448,-53.80624077288623,95.68089161136649,93.78707743547031,5.076679999999911,7.461720000000298,60.0,90.0,0.0,0.0,0.0,0.0,2.0,2.0,8.0,8.0,1.0,1.0,-2.3200000000000003,-1.58,-99.492332,-99.25382799999997,1,1
0.01,1.0,1440,1,30,30,0,0,150,3.0,18,15,3,0.01,2,inc_every2,5.070000000130571,8.210000000055404,-44.9385097902858,-52.47370213637604,95.54050488158255,92.36634123658438,5.070000000129614,8.210000000054446,652.0,328.0,0.0,0.0,24.0,15.0,0.0,0.0,4.0,4.0,0.0,0.0,-1.6600000000000001,-1.7300000000000002,-99.49299999998703,-99.17899999999456,1,1
0.01,1.0,1440,1,30,30,0,0,150,3.0,8,15,3,0.01,2,inc_every2,5.070000000130571,8.210000000055404,-44.9385097902858,-52.47370213637604,95.54050488158255,92.36634123658438,5.070000000129614,8.210000000054446,652.0,328.0,0.0,0.0,24.0,15.0,0.0,0.0,4.0,4.0,0.0,0.0,-1.6600000000000001,-1.7300000000000002,-99.49299999998703,-99.17899999999456,1,1
0.01,1.0,1440,1,30,30,0,0,150,3.0,12,15,3,0.01,2,inc_every2,5.070000000130571,8.210000000055404,-44.9385097902858,-52.47370213637604,95.54050488158255,92.36634123658438,5.070000000129614,8.210000000054446,652.0,328.0,0.0,0.0,24.0,15.0,0.0,0.0,4.0,4.0,0.0,0.0,-1.6600000000000001,-1.7300000000000002,-99.49299999998703,-99.17899999999456,1,1
0.01,1.0,1440,1,30,30,0,0,150,3.0,5,15,3,0.01,2,inc_every2,5.070000000130571,8.210000000055404,-44.9385097902858,-52.47370213637604,95.54050488158255,92.36634123658438,5.070000000129614,8.210000000054446,652.0,328.0,0.0,0.0,24.0,15.0,0.0,0.0,4.0,4.0,0.0,0.0,-1.6600000000000001,-1.7300000000000002,-99.49299999998703,-99.17899999999456,1,1
0.01,1.0,1440,1,30,30,0,0,50,18.0,8,25,5,0.01,1,inc_every1,5.061440000001204,7.4897199999994015,-44.95712614979725,-53.75472626384274,96.94024906299119,93.28155722999732,5.061440000000392,7.4897199999994015,24.0,23.0,0.0,0.0,9.0,9.0,1.0,1.0,8.0,8.0,8.0,9.0,-1.0,-0.9900000000000001,-99.49385599999997,-99.25102800000006,1,1
0.01,1.0,1440,1,30,30,0,0,50,8.0,12,25,5,0.01,1,inc_every1,5.0614400000010065,4.254160000000926,-44.95712614979767,-60.91886650865841,96.06695158909014,96.08416789396142,5.061440000000321,4.254160000000381,73.0,56.0,0.0,0.0,9.0,7.0,1.0,2.0,9.0,9.0,0.0,0.0,-0.59,-0.7000000000000001,-99.49385599999997,-99.57458399999996,1,1
0.01,1.0,1440,1,30,30,0,0,50,8.0,18,25,5,0.01,1,inc_every1,5.0614400000010065,4.254160000000926,-44.95712614979767,-60.91886650865841,96.06695158909014,96.08416789396142,5.061440000000321,4.254160000000381,73.0,56.0,0.0,0.0,9.0,7.0,1.0,2.0,9.0,9.0,0.0,0.0,-0.59,-0.7000000000000001,-99.49385599999997,-99.57458399999996,1,1
0.01,1.0,1440,1,30,30,0,0,50,8.0,18,25,5,0.01,3,inc_every3,5.061440000000474,7.433860000000536,-44.95712614979883,-53.8576326531656,96.0669515890903,93.04921926133672,5.061440000000111,7.433860000000536,73.0,50.0,0.0,0.0,9.0,7.0,1.0,1.0,9.0,9.0,0.0,0.0,-0.5599999999999999,0.0,-99.493856,-99.25661399999994,1,1
0.01,1.0,1440,1,30,30,0,0,50,8.0,12,25,5,0.01,3,inc_every3,5.061440000000474,7.433860000000536,-44.95712614979883,-53.8576326531656,96.0669515890903,93.04921926133672,5.061440000000111,7.433860000000536,73.0,50.0,0.0,0.0,9.0,7.0,1.0,1.0,9.0,9.0,0.0,0.0,-0.5599999999999999,0.0,-99.493856,-99.25661399999994,1,1
0.01,1.0,1440,1,30,30,0,0,50,3.0,8,40,5,0.01,3,inc_every3,5.061440000000529,7.462069999998704,-44.95712614979871,-53.805596004187265,96.09697717458484,93.5202587704097,5.061440000000111,7.462069999998704,247.0,248.0,0.0,0.0,6.0,6.0,1.0,1.0,8.0,8.0,9.0,15.0,-2.12,-1.8800000000000006,-99.493856,-99.25379300000013,1,1
0.01,1.0,1440,1,30,30,0,0,50,8.0,8,25,5,0.01,1,inc_every1,5.061439999999973,4.2541600000010895,-44.95712614979992,-60.91886650865796,96.06695158909058,96.08416789396168,5.061439999999752,4.254160000000114,73.0,56.0,0.0,0.0,9.0,7.0,1.0,2.0,8.0,8.0,7.0,8.0,-0.59,-0.7000000000000001,-99.49385600000002,-99.57458399999999,1,1
0.01,1.0,1440,1,30,30,0,0,50,8.0,8,25,5,0.01,3,inc_every3,5.061439999999957,5.371400000000513,-44.95712614979996,-58.110630672239424,96.06695158909054,94.97765310892903,5.061439999999813,5.371400000000513,73.0,106.0,0.0,0.0,9.0,12.0,1.0,1.0,8.0,8.0,7.0,14.0,-0.5599999999999999,-0.66,-99.49385600000002,-99.46285999999995,1,1
0.01,1.0,1440,1,30,30,0,0,50,12.0,8,25,5,0.01,1,inc_every1,5.0614399999999975,5.367449999999918,-44.95712614979986,-58.119799721824904,96.0299317593541,95.07754035216486,5.061439999999703,5.36744999999981,41.0,60.0,0.0,0.0,9.0,12.0,1.0,1.0,8.0,8.0,9.0,11.0,-0.63,-0.67,-99.49385600000004,-99.46325500000002,1,1
0.01,1.0,1440,1,30,30,0,0,75,18.0,18,15,5,0.01,3,inc_every3,5.017999999999374,6.430000000047748,-45.05198988418152,-55.807198180505225,96.3064919770359,93.99121577418218,5.017999999999374,6.430000000047748,89.0,76.0,0.0,0.0,34.0,29.0,1.0,0.0,7.0,7.0,0.0,0.0,-1.7700000000000002,-2.41,-99.49820000000007,-99.35699999999522,1,1
0.01,1.0,1440,1,30,30,0,0,75,18.0,12,15,5,0.01,3,inc_every3,5.017999999999374,6.430000000047748,-45.05198988418152,-55.807198180505225,96.3064919770359,93.99121577418218,5.017999999999374,6.430000000047748,89.0,76.0,0.0,0.0,34.0,29.0,1.0,0.0,7.0,7.0,0.0,0.0,-1.7700000000000002,-2.41,-99.49820000000007,-99.35699999999522,1,1
0.01,1.0,1440,1,30,30,0,0,75,18.0,8,15,5,0.01,3,inc_every3,5.017999999999374,6.430000000047748,-45.05198988418152,-55.807198180505225,96.3064919770359,93.99121577418218,5.017999999999374,6.430000000047748,89.0,76.0,0.0,0.0,34.0,29.0,1.0,0.0,7.0,7.0,0.0,0.0,-1.7700000000000002,-2.41,-99.49820000000007,-99.35699999999522,1,1
0.01,1.0,1440,1,30,30,0,0,75,3.0,12,15,99,0.0,1,flat,4.9650399999994494,4.312000000000392,-45.16853598627839,-60.76149812840021,95.50553091337088,96.22019635343706,4.9650399999994494,4.31200000000006,728.0,326.0,0.0,0.0,30.0,17.0,1.0,1.0,6.0,6.0,0.0,0.0,-2.3000000000000003,-0.8500000000000001,-99.50349600000006,-99.5688,1,1
0.01,1.0,1440,1,30,30,0,0,75,3.0,18,15,99,0.0,1,flat,4.9650399999994494,4.312000000000392,-45.16853598627839,-60.76149812840021,95.50553091337088,96.22019635343706,4.9650399999994494,4.31200000000006,728.0,326.0,0.0,0.0,30.0,17.0,1.0,1.0,6.0,6.0,0.0,0.0,-2.3000000000000003,-0.8500000000000001,-99.50349600000006,-99.5688,1,1
0.01,1.0,1440,1,30,30,0,0,75,3.0,8,15,99,0.0,1,flat,4.9650399999994494,4.312000000000392,-45.16853598627839,-60.76149812840021,95.50553091337088,96.22019635343706,4.9650399999994494,4.31200000000006,728.0,326.0,0.0,0.0,30.0,17.0,1.0,1.0,6.0,6.0,0.0,0.0,-2.3000000000000003,-0.8500000000000001,-99.50349600000006,-99.5688,1,1
0.01,1.0,1440,1,30,30,0,0,75,18.0,12,15,5,0.01,1,inc_every1,4.961800000000798,6.430000000050164,-45.17569829448451,-55.807198180500286,96.34785808920951,93.99121577417992,4.961800000000286,6.430000000050164,89.0,76.0,0.0,0.0,34.0,29.0,1.0,0.0,7.0,7.0,0.0,0.0,-2.2500000000000004,-2.41,-99.50381999999998,-99.35699999999498,1,1
0.01,1.0,1440,1,30,30,0,0,75,18.0,8,15,5,0.01,1,inc_every1,4.961800000000798,6.430000000050164,-45.17569829448451,-55.807198180500286,96.34785808920951,93.99121577417992,4.961800000000286,6.430000000050164,89.0,76.0,0.0,0.0,34.0,29.0,1.0,0.0,7.0,7.0,0.0,0.0,-2.2500000000000004,-2.41,-99.50381999999998,-99.35699999999498,1,1
0.01,1.0,1440,1,30,30,0,0,75,18.0,18,15,5,0.01,1,inc_every1,4.961800000000798,6.430000000050164,-45.17569829448451,-55.807198180500286,96.34785808920951,93.99121577417992,4.961800000000286,6.430000000050164,89.0,76.0,0.0,0.0,34.0,29.0,1.0,0.0,7.0,7.0,0.0,0.0,-2.2500000000000004,-2.41,-99.50381999999998,-99.35699999999498,1,1
0.01,1.0,1440,1,30,30,0,0,75,3.0,5,25,99,0.0,1,flat,4.961799999999263,4.298239999999806,-45.17569829448791,-60.79880064605068,96.46947488259785,95.7086261980833,4.961799999999263,4.298239999999806,998.0,426.0,0.0,0.0,24.0,12.0,1.0,1.0,5.0,5.0,85.0,41.0,-4.05,-3.920000000000001,-99.50382000000008,-99.57017600000002,1,1
0.01,1.0,1440,1,30,30,0,0,75,3.0,5,25,5,0.01,1,inc_every1,4.961799999999263,4.298239999999806,-45.17569829448791,-60.79880064605068,96.46947488259785,95.7086261980833,4.961799999999263,4.298239999999806,998.0,426.0,0.0,0.0,24.0,12.0,1.0,1.0,5.0,5.0,85.0,41.0,-4.05,-3.920000000000001,-99.50382000000008,-99.57017600000002,1,1
0.01,1.0,1440,1,30,30,0,0,75,3.0,5,25,5,0.01,3,inc_every3,4.961799999999263,4.298239999999806,-45.17569829448791,-60.79880064605068,96.46947488259785,95.7086261980833,4.961799999999263,4.298239999999806,998.0,426.0,0.0,0.0,24.0,12.0,1.0,1.0,5.0,5.0,85.0,41.0,-4.05,-3.920000000000001,-99.50382000000008,-99.57017600000002,1,1
0.01,1.0,1440,1,30,30,0,0,100,3.0,12,25,5,0.01,1,inc_every1,4.960679999999922,4.305959999999978,-45.17817502421785,-60.77786188743397,96.27492678531331,95.71204939255142,4.960679999999922,4.305959999999892,976.0,353.0,0.0,0.0,22.0,10.0,1.0,1.0,7.0,7.0,0.0,0.0,-3.08,-2.48,-99.503932,-99.569404,1,1
0.01,1.0,1440,1,30,30,0,0,100,3.0,8,25,5,0.01,1,inc_every1,4.960679999999922,4.305959999999978,-45.17817502421785,-60.77786188743397,96.27492678531331,95.71204939255142,4.960679999999922,4.305959999999892,976.0,353.0,0.0,0.0,22.0,10.0,1.0,1.0,7.0,7.0,0.0,0.0,-3.08,-2.48,-99.503932,-99.569404,1,1
0.01,1.0,1440,1,30,30,0,0,100,3.0,18,25,5,0.01,1,inc_every1,4.960679999999922,4.305959999999978,-45.17817502421785,-60.77786188743397,96.27492678531331,95.71204939255142,4.960679999999922,4.305959999999892,976.0,353.0,0.0,0.0,22.0,10.0,1.0,1.0,7.0,7.0,0.0,0.0,-3.08,-2.48,-99.503932,-99.569404,1,1
0.01,1.0,1440,1,30,30,0,0,150,12.0,12,40,3,0.01,2,inc_every2,8.88334999999924,5.3126500000014225,-38.39859471448032,-58.2474975599904,95.8368376787058,96.15276269100046,4.9500000000191235,5.312650000000161,48.0,252.0,0.0,0.0,4.0,17.0,1.0,1.0,6.0,6.0,0.0,0.0,-0.7500000000000001,-12.809999999999999,-99.50499999999809,-99.46873499999998,1,1
0.01,1.0,1440,1,30,30,0,0,150,12.0,8,40,3,0.01,2,inc_every2,8.88334999999924,5.3126500000014225,-38.39859471448032,-58.2474975599904,95.8368376787058,96.15276269100046,4.9500000000191235,5.312650000000161,48.0,252.0,0.0,0.0,4.0,17.0,1.0,1.0,6.0,6.0,0.0,0.0,-0.7500000000000001,-12.809999999999999,-99.50499999999809,-99.46873499999998,1,1
0.01,1.0,1440,1,30,30,0,0,150,12.0,18,40,3,0.01,2,inc_every2,8.88334999999924,5.3126500000014225,-38.39859471448032,-58.2474975599904,95.8368376787058,96.15276269100046,4.9500000000191235,5.312650000000161,48.0,252.0,0.0,0.0,4.0,17.0,1.0,1.0,6.0,6.0,0.0,0.0,-0.7500000000000001,-12.809999999999999,-99.50499999999809,-99.46873499999998,1,1
0.01,1.0,1440,1,30,30,0,0,75,12.0,8,0,3,0.01,2,inc_every2,6.518600000002172,5.187000000000861,-42.0984507311872,-58.543826371810766,96.61948353600145,95.1204139228605,4.948400000001676,5.186999999999596,26.0,9.0,0.0,0.0,0.0,0.0,3.0,2.0,8.0,8.0,1.0,1.0,-0.64,0.0,-99.50515999999983,-99.48130000000005,1,1
0.01,1.0,1440,1,30,30,0,0,50,3.0,8,15,99,0.0,1,flat,4.909520000000173,10.45000000003422,-45.2917882996028,-48.9363314125863,96.30585402558384,90.06653992392349,4.909519999999995,10.450000000033956,292.0,201.0,0.0,0.0,17.0,14.0,1.0,0.0,8.0,8.0,15.0,12.0,-0.12000000000000001,-0.37,-99.509048,-98.9549999999966,1,1
0.01,1.0,1440,1,30,30,0,0,50,3.0,18,15,99,0.0,1,flat,4.909520000000173,10.45000000003422,-45.2917882996028,-48.9363314125863,96.30585402558384,90.06653992392349,4.909519999999995,10.450000000033956,292.0,201.0,0.0,0.0,17.0,14.0,1.0,0.0,8.0,8.0,0.0,0.0,-0.12000000000000001,-0.37,-99.509048,-98.9549999999966,1,1
0.01,1.0,1440,1,30,30,0,0,50,3.0,12,15,99,0.0,1,flat,4.909520000000173,10.45000000003422,-45.2917882996028,-48.9363314125863,96.30585402558384,90.06653992392349,4.909519999999995,10.450000000033956,292.0,201.0,0.0,0.0,17.0,14.0,1.0,0.0,8.0,8.0,0.0,0.0,-0.12000000000000001,-0.37,-99.509048,-98.9549999999966,1,1
0.01,1.0,1440,1,30,30,0,0,100,3.0,12,15,5,0.01,3,inc_every3,4.851440000000066,9.580000000030187,-45.42192272673049,-50.24024130537597,96.29491370093214,91.4357232254352,4.8514400000000215,9.58000000002923,593.0,373.0,0.0,0.0,23.0,17.0,1.0,0.0,5.0,5.0,0.0,0.0,-1.4600000000000002,-1.3800000000000003,-99.514856,-99.04199999999707,1,1
0.01,1.0,1440,1,30,30,0,0,100,3.0,8,15,99,0.0,1,flat,4.851440000000066,9.580000000030187,-45.42192272673049,-50.24024130537597,96.29491370093214,91.4357232254352,4.8514400000000215,9.58000000002923,593.0,373.0,0.0,0.0,23.0,17.0,1.0,0.0,5.0,5.0,0.0,0.0,-1.4600000000000002,-1.3800000000000003,-99.514856,-99.04199999999707,1,1
0.01,1.0,1440,1,30,30,0,0,100,3.0,8,15,5,0.01,1,inc_every1,4.851440000000066,9.580000000030187,-45.42192272673049,-50.24024130537597,96.29491370093214,91.4357232254352,4.8514400000000215,9.58000000002923,593.0,373.0,0.0,0.0,23.0,17.0,1.0,0.0,5.0,5.0,0.0,0.0,-1.4600000000000002,-1.3800000000000003,-99.514856,-99.04199999999707,1,1
0.01,1.0,1440,1,30,30,0,0,100,3.0,18,15,99,0.0,1,flat,4.851440000000066,9.580000000030187,-45.42192272673049,-50.24024130537597,96.29491370093214,91.4357232254352,4.8514400000000215,9.58000000002923,593.0,373.0,0.0,0.0,23.0,17.0,1.0,0.0,5.0,5.0,0.0,0.0,-1.4600000000000002,-1.3800000000000003,-99.514856,-99.04199999999707,1,1
0.01,1.0,1440,1,30,30,0,0,100,3.0,12,15,5,0.01,1,inc_every1,4.851440000000066,9.580000000030187,-45.42192272673049,-50.24024130537597,96.29491370093214,91.4357232254352,4.8514400000000215,9.58000000002923,593.0,373.0,0.0,0.0,23.0,17.0,1.0,0.0,5.0,5.0,0.0,0.0,-1.4600000000000002,-1.3800000000000003,-99.514856,-99.04199999999707,1,1
0.01,1.0,1440,1,30,30,0,0,100,3.0,12,15,99,0.0,1,flat,4.851440000000066,9.580000000030187,-45.42192272673049,-50.24024130537597,96.29491370093214,91.4357232254352,4.8514400000000215,9.58000000002923,593.0,373.0,0.0,0.0,23.0,17.0,1.0,0.0,5.0,5.0,0.0,0.0,-1.4600000000000002,-1.3800000000000003,-99.514856,-99.04199999999707,1,1
0.01,1.0,1440,1,30,30,0,0,100,3.0,5,15,5,0.01,1,inc_every1,4.851440000000066,9.580000000030187,-45.42192272673049,-50.24024130537597,96.29491370093214,91.4357232254352,4.8514400000000215,9.58000000002923,593.0,373.0,0.0,0.0,23.0,17.0,1.0,0.0,5.0,5.0,34.0,29.0,-1.4600000000000002,-1.3800000000000003,-99.514856,-99.04199999999707,1,1
0.01,1.0,1440,1,30,30,0,0,100,3.0,18,15,5,0.01,1,inc_every1,4.851440000000066,9.580000000030187,-45.42192272673049,-50.24024130537597,96.29491370093214,91.4357232254352,4.8514400000000215,9.58000000002923,593.0,373.0,0.0,0.0,23.0,17.0,1.0,0.0,5.0,5.0,0.0,0.0,-1.4600000000000002,-1.3800000000000003,-99.514856,-99.04199999999707,1,1
0.01,1.0,1440,1,30,30,0,0,100,3.0,8,15,5,0.01,3,inc_every3,4.851440000000066,9.580000000030187,-45.42192272673049,-50.24024130537597,96.29491370093214,91.4357232254352,4.8514400000000215,9.58000000002923,593.0,373.0,0.0,0.0,23.0,17.0,1.0,0.0,5.0,5.0,0.0,0.0,-1.4600000000000002,-1.3800000000000003,-99.514856,-99.04199999999707,1,1
0.01,1.0,1440,1,30,30,0,0,100,3.0,5,15,99,0.0,1,flat,4.851440000000066,9.580000000030187,-45.42192272673049,-50.24024130537597,96.29491370093214,91.4357232254352,4.8514400000000215,9.58000000002923,593.0,373.0,0.0,0.0,23.0,17.0,1.0,0.0,5.0,5.0,34.0,29.0,-1.4600000000000002,-1.3800000000000003,-99.514856,-99.04199999999707,1,1
0.01,1.0,1440,1,30,30,0,0,100,3.0,5,15,5,0.01,3,inc_every3,4.851440000000066,9.580000000030187,-45.42192272673049,-50.24024130537597,96.29491370093214,91.4357232254352,4.8514400000000215,9.58000000002923,593.0,373.0,0.0,0.0,23.0,17.0,1.0,0.0,5.0,5.0,34.0,29.0,-1.4600000000000002,-1.3800000000000003,-99.514856,-99.04199999999707,1,1
0.01,1.0,1440,1,30,30,0,0,100,3.0,18,15,5,0.01,3,inc_every3,4.851440000000066,9.580000000030187,-45.42192272673049,-50.24024130537597,96.29491370093214,91.4357232254352,4.8514400000000215,9.58000000002923,593.0,373.0,0.0,0.0,23.0,17.0,1.0,0.0,5.0,5.0,0.0,0.0,-1.4600000000000002,-1.3800000000000003,-99.514856,-99.04199999999707,1,1
0.01,1.0,1440,1,30,30,0,0,75,18.0,12,40,5,0.01,3,inc_every3,5.857549999999755,7.5339599999993965,-43.32428476743978,-53.67360836095586,96.65137582478526,97.14557854057884,4.770450000014259,7.5339599999993965,129.0,151.0,0.0,0.0,21.0,26.0,2.0,1.0,9.0,10.0,0.0,0.0,-6.199999999999998,-16.589999999999996,-99.52295499999857,-99.24660400000006,1,1
0.01,1.0,1440,1,30,30,0,0,75,18.0,18,40,5,0.01,3,inc_every3,5.857549999999755,7.5339599999993965,-43.32428476743978,-53.67360836095586,96.65137582478526,97.14557854057884,4.770450000014259,7.5339599999993965,129.0,151.0,0.0,0.0,21.0,26.0,2.0,1.0,9.0,10.0,0.0,0.0,-6.199999999999998,-16.589999999999996,-99.52295499999857,-99.24660400000006,1,1
0.01,1.0,1440,1,30,30,0,0,100,18.0,5,15,5,0.01,3,inc_every3,9.950000000078203,4.203640000000037,-36.98474131690419,-61.057553335811384,97.28728557583838,96.65288637630388,4.760000000077175,4.203640000000037,287.0,89.0,0.0,0.0,81.0,27.0,0.0,1.0,5.0,5.0,103.0,31.0,-7.729999999999999,-3.62,-99.52399999999228,-99.579636,1,1
0.01,1.0,1440,1,30,30,0,0,100,18.0,5,15,5,0.01,1,inc_every1,9.950000000078203,4.203640000000037,-36.98474131690419,-61.057553335811384,97.28728557583838,96.65288637630388,4.760000000077175,4.203640000000037,287.0,89.0,0.0,0.0,81.0,27.0,0.0,1.0,5.0,5.0,103.0,31.0,-7.729999999999999,-3.62,-99.52399999999228,-99.579636,1,1
0.01,1.0,1440,1,30,30,0,0,100,18.0,5,15,99,0.0,1,flat,9.950000000078203,4.203640000000037,-36.98474131690419,-61.057553335811384,97.28728557583838,96.65288637630388,4.760000000077175,4.203640000000037,287.0,89.0,0.0,0.0,81.0,27.0,0.0,1.0,5.0,5.0,103.0,31.0,-7.729999999999999,-3.62,-99.52399999999228,-99.579636,1,1
0.01,1.0,1440,1,30,30,0,0,50,12.0,18,0,5,0.01,3,inc_every3,4.714000000000343,9.339930000000741,-45.73490921688257,-50.61461880742042,97.0561418847188,91.24162603150783,4.714000000000077,9.339930000000741,29.0,10.0,0.0,0.0,0.0,0.0,4.0,2.0,14.0,13.0,0.0,0.0,-0.6500000000000001,0.0,-99.5286,-99.06600699999993,1,1
0.01,1.0,1440,1,30,30,0,0,50,18.0,3,40,5,0.01,3,inc_every3,4.690000000101072,3.5527800000008245,-45.79030999142505,-62.95896405699206,96.57664233569426,96.84028815368242,4.6900000001000635,3.55278000000002,390.0,216.0,0.0,0.0,44.0,25.0,0.0,1.0,3.0,3.0,287.0,163.0,-27.020000000000053,-42.250000000000156,-99.53099999998999,-99.644722,1,1
0.01,1.0,1440,1,30,30,0,0,50,18.0,3,40,3,0.01,2,inc_every2,4.690000000101072,3.5527800000008245,-45.79030999142505,-62.95896405699206,96.57664233569426,96.84028815368242,4.6900000001000635,3.55278000000002,390.0,216.0,0.0,0.0,44.0,25.0,0.0,1.0,3.0,3.0,287.0,163.0,-27.020000000000053,-42.250000000000156,-99.53099999998999,-99.644722,1,1
0.01,1.0,1440,1,30,30,0,0,50,18.0,3,40,5,0.01,1,inc_every1,4.690000000101072,3.5527800000008245,-45.79030999142505,-62.95896405699206,96.57664233569426,96.84028815368242,4.6900000001000635,3.55278000000002,390.0,216.0,0.0,0.0,44.0,25.0,0.0,1.0,3.0,3.0,287.0,163.0,-27.020000000000053,-42.250000000000156,-99.53099999998999,-99.644722,1,1
0.01,1.0,1440,1,30,30,0,0,50,18.0,3,40,99,0.0,1,flat,4.690000000101072,3.5527800000008245,-45.79030999142505,-62.95896405699206,96.57664233569426,96.84028815368242,4.6900000001000635,3.55278000000002,390.0,216.0,0.0,0.0,44.0,25.0,0.0,1.0,3.0,3.0,287.0,163.0,-27.020000000000053,-42.250000000000156,-99.53099999998999,-99.644722,1,1
0.01,1.0,1440,1,30,30,0,0,75,3.0,8,0,3,0.01,2,inc_every2,6.441400000000963,5.203949999999734,-42.23633271902043,-58.50355990045097,96.19290085679346,94.93434245108581,4.66560000000046,5.203949999999734,138.0,22.0,0.0,0.0,0.0,0.0,3.0,2.0,8.0,8.0,1.0,1.0,-1.1700000000000002,0.0,-99.53343999999996,-99.47960500000002,1,1
0.01,1.0,1440,1,30,30,0,0,50,3.0,8,40,99,0.0,1,flat,4.652320000000497,4.3049600000007615,-45.87774844628092,-60.78057267446434,97.01103758432475,95.734284581848,4.652320000000433,4.304960000000424,594.0,529.0,0.0,0.0,12.0,11.0,1.0,1.0,8.0,8.0,33.0,38.0,-3.1000000000000005,-5.279999999999999,-99.53476799999996,-99.56950399999995,1,1
0.01,1.0,1440,1,30,30,0,0,50,18.0,12,0,5,0.01,3,inc_every3,4.646760000000869,7.261800000000267,-45.890698640383235,-54.1780580455437,97.14712671905717,93.43773721308514,4.646760000000057,7.261800000000267,24.0,6.0,0.0,0.0,0.0,0.0,4.0,2.0,12.0,12.0,2.0,1.0,-1.03,0.0,-99.53532399999999,-99.27381999999997,1,1
0.01,1.0,1440,1,30,30,0,0,300,8.0,3,25,99,0.0,1,flat,4.600000000017623,3.1854600000002407,-46.00010401163475,-64.14257168640823,95.70975564258781,96.91958224543117,4.600000000017406,3.1854599999998996,181.0,285.0,0.0,0.0,11.0,14.0,0.0,1.0,3.0,3.0,22.0,27.0,-1.5100000000000005,-7.859999999999996,-99.53999999999826,-99.68145400000002,1,1
0.01,1.0,1440,1,30,30,0,0,300,8.0,3,25,5,0.01,3,inc_every3,4.600000000017623,3.1854600000002407,-46.00010401163475,-64.14257168640823,95.70975564258781,96.91958224543117,4.600000000017406,3.1854599999998996,181.0,285.0,0.0,0.0,11.0,14.0,0.0,1.0,3.0,3.0,22.0,27.0,-1.5100000000000005,-7.859999999999996,-99.53999999999826,-99.68145400000002,1,1
0.01,1.0,1440,1,30,30,0,0,300,8.0,3,25,3,0.01,2,inc_every2,4.600000000017623,3.1854600000002407,-46.00010401163475,-64.14257168640823,95.70975564258781,96.91958224543117,4.600000000017406,3.1854599999998996,181.0,285.0,0.0,0.0,11.0,14.0,0.0,1.0,3.0,3.0,22.0,27.0,-1.5100000000000005,-7.859999999999996,-99.53999999999826,-99.68145400000002,1,1
0.01,1.0,1440,1,30,30,0,0,300,8.0,3,25,5,0.01,1,inc_every1,4.600000000017623,3.1854600000002407,-46.00010401163475,-64.14257168640823,95.70975564258781,96.91958224543117,4.600000000017406,3.1854599999998996,181.0,285.0,0.0,0.0,11.0,14.0,0.0,1.0,3.0,3.0,22.0,27.0,-1.5100000000000005,-7.859999999999996,-99.53999999999826,-99.68145400000002,1,1
0.01,1.0,1440,1,30,30,0,0,50,5.3,5,15,5,0.01,1,inc_every1,4.597320000000359,4.311120000000495,-46.006401373317864,-60.76388124981025,96.12269545416211,95.72818073721805,4.597320000000131,4.311119999999589,132.0,177.0,0.0,0.0,15.0,19.0,1.0,1.0,5.0,5.0,27.0,41.0,-0.56,-0.92,-99.54026799999998,-99.56888800000004,1,1
0.01,1.0,1440,1,30,30,0,0,50,5.3,5,15,99,0.0,1,flat,4.597320000000359,4.311120000000495,-46.006401373317864,-60.76388124981025,96.12269545416211,95.72818073721805,4.597320000000131,4.311119999999589,132.0,177.0,0.0,0.0,15.0,19.0,1.0,1.0,5.0,5.0,27.0,41.0,-0.56,-0.92,-99.54026799999998,-99.56888800000004,1,1
0.01,1.0,1440,1,30,30,0,0,50,5.3,5,15,5,0.01,3,inc_every3,4.597320000000359,4.311120000000495,-46.006401373317864,-60.76388124981025,96.12269545416211,95.72818073721805,4.597320000000131,4.311119999999589,132.0,177.0,0.0,0.0,15.0,19.0,1.0,1.0,5.0,5.0,27.0,41.0,-0.56,-0.92,-99.54026799999998,-99.56888800000004,1,1
0.01,1.0,1440,1,30,30,0,0,50,12.0,12,0,99,0.0,1,flat,4.587199999999362,4.15448000000038,-46.030207473957205,-61.19363521417629,96.90346969083366,96.050874524715,4.587199999999362,4.154480000000007,47.0,13.0,0.0,0.0,0.0,0.0,3.0,2.0,12.0,12.0,2.0,1.0,-3.7299999999999995,0.0,-99.54128000000006,-99.584552,1,1
0.01,1.0,1440,1,30,30,0,0,150,12.0,8,15,3,0.01,2,inc_every2,6.9000000000996184,-10.029999999890904,-41.4358201581633,-99.94670849517411,96.65492957739426,108.38769024911387,4.560000000097206,-10.02999999989143,284.0,265.0,0.0,0.0,46.0,38.0,0.0,1.0,4.0,4.0,0.0,0.0,-3.2800000000000002,-9.859999999999998,-99.54399999999028,-101.00299999998914,1,1
0.01,1.0,1440,1,30,30,0,0,150,12.0,12,15,3,0.01,2,inc_every2,6.9000000000996184,-10.029999999890904,-41.4358201581633,-99.94670849517411,96.65492957739426,108.38769024911387,4.560000000097206,-10.02999999989143,284.0,265.0,0.0,0.0,46.0,38.0,0.0,1.0,4.0,4.0,0.0,0.0,-3.2800000000000002,-9.859999999999998,-99.54399999999028,-101.00299999998914,1,1
0.01,1.0,1440,1,30,30,0,0,150,12.0,5,15,3,0.01,2,inc_every2,6.9000000000996184,-10.029999999890904,-41.4358201581633,-99.94670849517411,96.65492957739426,108.38769024911387,4.560000000097206,-10.02999999989143,284.0,265.0,0.0,0.0,46.0,38.0,0.0,1.0,4.0,4.0,0.0,0.0,-3.2800000000000002,-9.859999999999998,-99.54399999999028,-101.00299999998914,1,1
0.01,1.0,1440,1,30,30,0,0,150,12.0,18,15,3,0.01,2,inc_every2,6.9000000000996184,-10.029999999890904,-41.4358201581633,-99.94670849517411,96.65492957739426,108.38769024911387,4.560000000097206,-10.02999999989143,284.0,265.0,0.0,0.0,46.0,38.0,0.0,1.0,4.0,4.0,0.0,0.0,-3.2800000000000002,-9.859999999999998,-99.54399999999028,-101.00299999998914,1,1
0.01,1.0,1440,1,30,30,0,0,50,3.0,5,15,99,0.0,1,flat,4.540920000000998,5.380100000001413,-46.139614052486564,-58.090452241610514,96.06198941982463,95.24179711683091,4.540920000000293,5.380100000000084,198.0,306.0,0.0,0.0,13.0,17.0,1.0,1.0,5.0,5.0,29.0,46.0,-0.13999999999999999,-0.9700000000000001,-99.54590799999997,-99.46198999999999,1,1
0.01,1.0,1440,1,30,30,0,0,50,3.0,5,15,5,0.01,3,inc_every3,4.540920000000998,5.380100000001413,-46.139614052486564,-58.090452241610514,96.06198941982463,95.24179711683091,4.540920000000293,5.380100000000084,198.0,306.0,0.0,0.0,13.0,17.0,1.0,1.0,5.0,5.0,29.0,46.0,-0.13999999999999999,-0.9700000000000001,-99.54590799999997,-99.46198999999999,1,1
0.01,1.0,1440,1,30,30,0,0,50,3.0,5,15,5,0.01,1,inc_every1,4.540920000000998,5.380100000001413,-46.139614052486564,-58.090452241610514,96.06198941982463,95.24179711683091,4.540920000000293,5.380100000000084,198.0,306.0,0.0,0.0,13.0,17.0,1.0,1.0,5.0,5.0,29.0,46.0,-0.13999999999999999,-0.9700000000000001,-99.54590799999997,-99.46198999999999,1,1
0.01,1.0,1440,1,30,30,0,0,200,3.0,3,40,5,0.01,1,inc_every1,4.53000000003469,3.186299999999985,-46.16555906442955,-64.13975820045543,95.86754241923548,97.01377694470564,4.530000000034185,3.186299999999875,299.0,582.0,0.0,2.0,5.0,7.0,0.0,1.0,3.0,3.0,14.0,44.0,-1.9300000000000002,-10.87,-99.54699999999659,-99.68137000000002,1,1
0.01,1.0,1440,1,30,30,0,0,200,3.0,3,40,3,0.01,2,inc_every2,4.53000000003469,3.186299999999985,-46.16555906442955,-64.13975820045543,95.86754241923548,97.01377694470564,4.530000000034185,3.186299999999875,299.0,582.0,0.0,2.0,5.0,7.0,0.0,1.0,3.0,3.0,14.0,44.0,-1.9300000000000002,-10.87,-99.54699999999659,-99.68137000000002,1,1
0.01,1.0,1440,1,30,30,0,0,200,3.0,3,40,5,0.01,3,inc_every3,4.53000000003469,3.186299999999985,-46.16555906442955,-64.13975820045543,95.86754241923548,97.01377694470564,4.530000000034185,3.186299999999875,299.0,582.0,0.0,2.0,5.0,7.0,0.0,1.0,3.0,3.0,14.0,44.0,-1.9300000000000002,-10.87,-99.54699999999659,-99.68137000000002,1,1
0.01,1.0,1440,1,30,30,0,0,200,3.0,3,40,99,0.0,1,flat,4.53000000003469,3.186299999999985,-46.16555906442955,-64.13975820045543,95.86754241923548,97.01377694470564,4.530000000034185,3.186299999999875,299.0,582.0,0.0,2.0,5.0,7.0,0.0,1.0,3.0,3.0,14.0,44.0,-1.9300000000000002,-10.87,-99.54699999999659,-99.68137000000002,1,1
0.01,1.0,1440,1,30,30,0,0,150,18.0,12,15,5,0.01,1,inc_every1,4.480000000072279,4.880000000090183,-46.284997797916084,-59.289681547115805,96.41341766065923,97.22979109895064,4.480000000071559,4.880000000089225,160.0,195.0,0.0,0.0,40.0,45.0,0.0,0.0,5.0,5.0,0.0,0.0,-4.64,-13.029999999999992,-99.55199999999284,-99.51199999999108,1,1
0.01,1.0,1440,1,30,30,0,0,150,18.0,18,15,5,0.01,3,inc_every3,4.480000000072279,4.880000000090183,-46.284997797916084,-59.289681547115805,96.41341766065923,97.22979109895064,4.480000000071559,4.880000000089225,160.0,195.0,0.0,0.0,40.0,45.0,0.0,0.0,5.0,5.0,0.0,0.0,-4.64,-13.029999999999992,-99.55199999999284,-99.51199999999108,1,1
0.01,1.0,1440,1,30,30,0,0,150,18.0,8,15,5,0.01,1,inc_every1,4.480000000072279,4.880000000090183,-46.284997797916084,-59.289681547115805,96.41341766065923,97.22979109895064,4.480000000071559,4.880000000089225,160.0,195.0,0.0,0.0,40.0,45.0,0.0,0.0,5.0,5.0,0.0,0.0,-4.64,-13.029999999999992,-99.55199999999284,-99.51199999999108,1,1
0.01,1.0,1440,1,30,30,0,0,150,18.0,18,15,5,0.01,1,inc_every1,4.480000000072279,4.880000000090183,-46.284997797916084,-59.289681547115805,96.41341766065923,97.22979109895064,4.480000000071559,4.880000000089225,160.0,195.0,0.0,0.0,40.0,45.0,0.0,0.0,5.0,5.0,0.0,0.0,-4.64,-13.029999999999992,-99.55199999999284,-99.51199999999108,1,1
0.01,1.0,1440,1,30,30,0,0,150,18.0,5,15,5,0.01,3,inc_every3,4.480000000072279,4.880000000090183,-46.284997797916084,-59.289681547115805,96.41341766065923,97.22979109895064,4.480000000071559,4.880000000089225,160.0,195.0,0.0,0.0,40.0,45.0,0.0,0.0,5.0,5.0,18.0,14.0,-4.64,-13.029999999999992,-99.55199999999284,-99.51199999999108,1,1
0.01,1.0,1440,1,30,30,0,0,150,18.0,18,15,99,0.0,1,flat,4.480000000072279,4.880000000090183,-46.284997797916084,-59.289681547115805,96.41341766065923,97.22979109895064,4.480000000071559,4.880000000089225,160.0,195.0,0.0,0.0,40.0,45.0,0.0,0.0,5.0,5.0,0.0,0.0,-4.64,-13.029999999999992,-99.55199999999284,-99.51199999999108,1,1
0.01,1.0,1440,1,30,30,0,0,150,18.0,5,15,5,0.01,1,inc_every1,4.480000000072279,4.880000000090183,-46.284997797916084,-59.289681547115805,96.41341766065923,97.22979109895064,4.480000000071559,4.880000000089225,160.0,195.0,0.0,0.0,40.0,45.0,0.0,0.0,5.0,5.0,18.0,14.0,-4.64,-13.029999999999992,-99.55199999999284,-99.51199999999108,1,1
0.01,1.0,1440,1,30,30,0,0,150,18.0,12,15,5,0.01,3,inc_every3,4.480000000072279,4.880000000090183,-46.284997797916084,-59.289681547115805,96.41341766065923,97.22979109895064,4.480000000071559,4.880000000089225,160.0,195.0,0.0,0.0,40.0,45.0,0.0,0.0,5.0,5.0,0.0,0.0,-4.64,-13.029999999999992,-99.55199999999284,-99.51199999999108,1,1
0.01,1.0,1440,1,30,30,0,0,150,18.0,12,15,99,0.0,1,flat,4.480000000072279,4.880000000090183,-46.284997797916084,-59.289681547115805,96.41341766065923,97.22979109895064,4.480000000071559,4.880000000089225,160.0,195.0,0.0,0.0,40.0,45.0,0.0,0.0,5.0,5.0,0.0,0.0,-4.64,-13.029999999999992,-99.55199999999284,-99.51199999999108,1,1
0.01,1.0,1440,1,30,30,0,0,150,18.0,5,15,99,0.0,1,flat,4.480000000072279,4.880000000090183,-46.284997797916084,-59.289681547115805,96.41341766065923,97.22979109895064,4.480000000071559,4.880000000089225,160.0,195.0,0.0,0.0,40.0,45.0,0.0,0.0,5.0,5.0,18.0,14.0,-4.64,-13.029999999999992,-99.55199999999284,-99.51199999999108,1,1
0.01,1.0,1440,1,30,30,0,0,150,18.0,8,15,99,0.0,1,flat,4.480000000072279,4.880000000090183,-46.284997797916084,-59.289681547115805,96.41341766065923,97.22979109895064,4.480000000071559,4.880000000089225,160.0,195.0,0.0,0.0,40.0,45.0,0.0,0.0,5.0,5.0,0.0,0.0,-4.64,-13.029999999999992,-99.55199999999284,-99.51199999999108,1,1
0.01,1.0,1440,1,30,30,0,0,150,18.0,8,15,5,0.01,3,inc_every3,4.480000000072279,4.880000000090183,-46.284997797916084,-59.289681547115805,96.41341766065923,97.22979109895064,4.480000000071559,4.880000000089225,160.0,195.0,0.0,0.0,40.0,45.0,0.0,0.0,5.0,5.0,0.0,0.0,-4.64,-13.029999999999992,-99.55199999999284,-99.51199999999108,1,1
0.01,1.0,1440,1,30,30,0,0,50,18.0,12,15,5,0.01,3,inc_every3,4.42936000000126,6.390000000077828,-46.407057157905285,-55.88918620769617,96.22229424307012,95.24093244948575,4.429360000000447,6.390000000077563,19.0,72.0,0.0,0.0,11.0,35.0,1.0,0.0,8.0,8.0,0.0,0.0,-0.25,-2.8100000000000005,-99.55706399999995,-99.36099999999225,1,1
0.01,1.0,1440,1,30,30,0,0,50,18.0,8,15,5,0.01,3,inc_every3,4.42936000000126,6.390000000077828,-46.407057157905285,-55.88918620769617,96.22229424307012,95.24093244948575,4.429360000000447,6.390000000077563,19.0,72.0,0.0,0.0,11.0,35.0,1.0,0.0,8.0,8.0,4.0,12.0,-0.25,-2.8100000000000005,-99.55706399999995,-99.36099999999225,1,1
0.01,1.0,1440,1,30,30,0,0,50,18.0,18,15,5,0.01,3,inc_every3,4.42936000000126,6.390000000077828,-46.407057157905285,-55.88918620769617,96.22229424307012,95.24093244948575,4.429360000000447,6.390000000077563,19.0,72.0,0.0,0.0,11.0,35.0,1.0,0.0,8.0,8.0,0.0,0.0,-0.25,-2.8100000000000005,-99.55706399999995,-99.36099999999225,1,1
0.01,1.0,1440,1,30,30,0,0,50,12.0,5,40,5,0.01,1,inc_every1,4.281759999999938,5.319399999999995,-46.76930612228368,-58.23171853814806,96.83348617068506,95.14165677230886,4.281759999999913,5.319399999999973,184.0,135.0,0.0,0.0,19.0,13.0,1.0,1.0,5.0,5.0,83.0,50.0,-5.32,-10.309999999999999,-99.571824,-99.46806000000001,1,1
0.01,1.0,1440,1,30,30,0,0,50,12.0,5,40,99,0.0,1,flat,4.281759999999938,5.319399999999995,-46.76930612228368,-58.23171853814806,96.83348617068506,95.14165677230886,4.281759999999913,5.319399999999973,184.0,135.0,0.0,0.0,19.0,13.0,1.0,1.0,5.0,5.0,83.0,50.0,-5.32,-10.309999999999999,-99.571824,-99.46806000000001,1,1
0.01,1.0,1440,1,30,30,0,0,50,12.0,5,40,5,0.01,3,inc_every3,4.281759999999938,5.319399999999995,-46.76930612228368,-58.23171853814806,96.83348617068506,95.14165677230886,4.281759999999913,5.319399999999973,184.0,135.0,0.0,0.0,19.0,13.0,1.0,1.0,5.0,5.0,83.0,50.0,-5.32,-10.309999999999999,-99.571824,-99.46806000000001,1,1
0.01,1.0,1440,1,30,30,0,0,50,18.0,8,40,99,0.0,1,flat,4.2013599999996725,8.591120000000139,-46.97085000728522,-51.82760753774678,97.06547461060323,96.04515030152459,4.2013599999996725,8.591119999999847,126.0,144.0,0.0,0.0,24.0,26.0,2.0,1.0,8.0,8.0,51.0,54.0,-8.23,-15.020000000000003,-99.57986400000003,-99.14088800000002,1,1
0.01,1.0,1440,1,30,30,0,0,150,18.0,12,40,3,0.01,2,inc_every2,8.870540000000247,7.464380000001,-38.41638164953294,-53.801341063430854,96.56469818418755,94.9599054692791,4.200000000012601,7.4643800000006735,35.0,158.0,0.0,0.0,4.0,16.0,1.0,2.0,6.0,6.0,0.0,0.0,-0.7600000000000001,-12.449999999999998,-99.57999999999873,-99.25356199999993,1,1
0.01,1.0,1440,1,30,30,0,0,150,18.0,18,40,3,0.01,2,inc_every2,8.870540000000247,7.464380000001,-38.41638164953294,-53.801341063430854,96.56469818418755,94.9599054692791,4.200000000012601,7.4643800000006735,35.0,158.0,0.0,0.0,4.0,16.0,1.0,2.0,6.0,6.0,0.0,0.0,-0.7600000000000001,-12.449999999999998,-99.57999999999873,-99.25356199999993,1,1
0.01,1.0,1440,1,30,30,0,0,150,18.0,8,40,3,0.01,2,inc_every2,8.870540000000247,7.464380000001,-38.41638164953294,-53.801341063430854,96.56469818418755,94.9599054692791,4.200000000012601,7.4643800000006735,35.0,158.0,0.0,0.0,4.0,16.0,1.0,2.0,6.0,6.0,0.0,0.0,-0.7600000000000001,-12.449999999999998,-99.57999999999873,-99.25356199999993,1,1
0.01,1.0,1440,1,30,30,0,0,50,12.0,5,15,5,0.01,3,inc_every3,4.167280000000513,5.2780000000003096,-47.057212547929126,-58.32871898741872,96.60423728813578,95.24632982077007,4.167279999999897,5.277999999999594,44.0,148.0,0.0,0.0,14.0,36.0,1.0,1.0,5.0,5.0,21.0,66.0,-0.49,-3.5199999999999996,-99.58327200000001,-99.47220000000004,1,1
0.01,1.0,1440,1,30,30,0,0,50,12.0,5,15,99,0.0,1,flat,4.167280000000513,5.2780000000003096,-47.057212547929126,-58.32871898741872,96.60423728813578,95.24632982077007,4.167279999999897,5.277999999999594,44.0,148.0,0.0,0.0,14.0,36.0,1.0,1.0,5.0,5.0,21.0,66.0,-0.49,-3.5199999999999996,-99.58327200000001,-99.47220000000004,1,1
0.01,1.0,1440,1,30,30,0,0,50,12.0,5,15,5,0.01,1,inc_every1,4.167280000000513,5.2780000000003096,-47.057212547929126,-58.32871898741872,96.60423728813578,95.24632982077007,4.167279999999897,5.277999999999594,44.0,148.0,0.0,0.0,14.0,36.0,1.0,1.0,5.0,5.0,21.0,66.0,-0.49,-3.5199999999999996,-99.58327200000001,-99.47220000000004,1,1
0.01,1.0,1440,1,30,30,0,0,300,18.0,3,0,3,0.01,2,inc_every2,4.068600000000856,3.5981400000001145,-47.310505598493535,-62.81886061203418,96.82562222048848,96.91093750000037,4.068600000000117,3.598139999999887,153.0,154.0,1.0,1.0,0.0,0.0,1.0,1.0,3.0,3.0,29.0,30.0,-91.46999999999994,-48.02000000000024,-99.59313999999999,-99.64018600000001,1,1
0.01,1.0,1440,1,30,30,0,0,300,18.0,3,0,5,0.01,1,inc_every1,4.068600000000856,3.5981400000001145,-47.310505598493535,-62.81886061203418,96.82562222048848,96.91093750000037,4.068600000000117,3.598139999999887,153.0,154.0,1.0,1.0,0.0,0.0,1.0,1.0,3.0,3.0,29.0,30.0,-91.46999999999994,-48.02000000000024,-99.59313999999999,-99.64018600000001,1,1
0.01,1.0,1440,1,30,30,0,0,300,18.0,3,0,99,0.0,1,flat,4.068600000000856,3.5981400000001145,-47.310505598493535,-62.81886061203418,96.82562222048848,96.91093750000037,4.068600000000117,3.598139999999887,153.0,154.0,1.0,1.0,0.0,0.0,1.0,1.0,3.0,3.0,29.0,30.0,-91.46999999999994,-48.02000000000024,-99.59313999999999,-99.64018600000001,1,1
0.01,1.0,1440,1,30,30,0,0,300,18.0,3,0,5,0.01,3,inc_every3,4.068600000000856,3.5981400000001145,-47.310505598493535,-62.81886061203418,96.82562222048848,96.91093750000037,4.068600000000117,3.598139999999887,153.0,154.0,1.0,1.0,0.0,0.0,1.0,1.0,3.0,3.0,29.0,30.0,-91.46999999999994,-48.02000000000024,-99.59313999999999,-99.64018600000001,1,1
0.01,1.0,1440,1,30,30,0,0,150,18.0,3,0,3,0.01,2,inc_every2,4.048020000000179,3.565080000000364,-47.363948779301815,-62.92084946571703,96.58077540332822,97.02389181066907,4.048019999999838,3.565080000000137,117.0,119.0,1.0,2.0,0.0,0.0,1.0,1.0,3.0,3.0,44.0,42.0,-93.50999999999995,-46.51000000000021,-99.59519800000001,-99.64349199999998,1,1
0.01,1.0,1440,1,30,30,0,0,150,18.0,3,0,99,0.0,1,flat,4.048020000000179,3.565080000000364,-47.363948779301815,-62.92084946571703,96.58077540332822,97.02389181066907,4.048019999999838,3.565080000000137,117.0,119.0,1.0,2.0,0.0,0.0,1.0,1.0,3.0,3.0,44.0,42.0,-93.50999999999995,-46.51000000000021,-99.59519800000001,-99.64349199999998,1,1
0.01,1.0,1440,1,30,30,0,0,150,18.0,3,0,5,0.01,3,inc_every3,4.048020000000179,3.565080000000364,-47.363948779301815,-62.92084946571703,96.58077540332822,97.02389181066907,4.048019999999838,3.565080000000137,117.0,119.0,1.0,2.0,0.0,0.0,1.0,1.0,3.0,3.0,44.0,42.0,-93.50999999999995,-46.51000000000021,-99.59519800000001,-99.64349199999998,1,1
0.01,1.0,1440,1,30,30,0,0,150,18.0,3,0,5,0.01,1,inc_every1,4.048020000000179,3.565080000000364,-47.363948779301815,-62.92084946571703,96.58077540332822,97.02389181066907,4.048019999999838,3.565080000000137,117.0,119.0,1.0,2.0,0.0,0.0,1.0,1.0,3.0,3.0,44.0,42.0,-93.50999999999995,-46.51000000000021,-99.59519800000001,-99.64349199999998,1,1
0.01,1.0,1440,1,30,30,0,0,200,18.0,3,0,5,0.01,3,inc_every3,4.045140000000686,3.565080000000819,-47.37144503306243,-62.92084946571562,96.50376836646531,97.01291998324267,4.045139999999833,3.5650800000002505,128.0,131.0,1.0,1.0,0.0,0.0,1.0,1.0,3.0,3.0,35.0,33.0,-92.45999999999997,-44.9700000000002,-99.59548600000002,-99.64349199999998,1,1
0.01,1.0,1440,1,30,30,0,0,200,18.0,3,0,5,0.01,1,inc_every1,4.045140000000686,3.565080000000819,-47.37144503306243,-62.92084946571562,96.50376836646531,97.01291998324267,4.045139999999833,3.5650800000002505,128.0,131.0,1.0,1.0,0.0,0.0,1.0,1.0,3.0,3.0,35.0,33.0,-92.45999999999997,-44.9700000000002,-99.59548600000002,-99.64349199999998,1,1
0.01,1.0,1440,1,30,30,0,0,200,18.0,3,0,3,0.01,2,inc_every2,4.045140000000686,3.565080000000819,-47.37144503306243,-62.92084946571562,96.50376836646531,97.01291998324267,4.045139999999833,3.5650800000002505,128.0,131.0,1.0,1.0,0.0,0.0,1.0,1.0,3.0,3.0,35.0,33.0,-92.45999999999997,-44.9700000000002,-99.59548600000002,-99.64349199999998,1,1
0.01,1.0,1440,1,30,30,0,0,200,18.0,3,0,99,0.0,1,flat,4.045140000000686,3.565080000000819,-47.37144503306243,-62.92084946571562,96.50376836646531,97.01291998324267,4.045139999999833,3.5650800000002505,128.0,131.0,1.0,1.0,0.0,0.0,1.0,1.0,3.0,3.0,35.0,33.0,-92.45999999999997,-44.9700000000002,-99.59548600000002,-99.64349199999998,1,1
0.01,1.0,1440,1,30,30,0,0,150,5.3,3,0,5,0.01,1,inc_every1,4.039710000000667,3.4959000000001765,-47.3855902147529,-63.136436347179384,96.36226024313383,96.57365480741068,4.039710000000014,3.495900000000063,205.0,421.0,3.0,5.0,0.0,0.0,1.0,1.0,3.0,3.0,30.0,57.0,-12.020000000000003,-41.660000000000174,-99.596029,-99.65041,1,1
0.01,1.0,1440,1,30,30,0,0,150,5.3,3,0,3,0.01,2,inc_every2,4.039710000000667,3.4959000000001765,-47.3855902147529,-63.136436347179384,96.36226024313383,96.57365480741068,4.039710000000014,3.495900000000063,205.0,421.0,3.0,5.0,0.0,0.0,1.0,1.0,3.0,3.0,30.0,57.0,-12.020000000000003,-41.660000000000174,-99.596029,-99.65041,1,1
0.01,1.0,1440,1,30,30,0,0,150,5.3,3,0,5,0.01,3,inc_every3,4.039710000000667,3.4959000000001765,-47.3855902147529,-63.136436347179384,96.36226024313383,96.57365480741068,4.039710000000014,3.495900000000063,205.0,421.0,3.0,5.0,0.0,0.0,1.0,1.0,3.0,3.0,30.0,57.0,-12.020000000000003,-41.660000000000174,-99.596029,-99.65041,1,1
0.01,1.0,1440,1,30,30,0,0,150,5.3,3,0,99,0.0,1,flat,4.039710000000667,3.4959000000001765,-47.3855902147529,-63.136436347179384,96.36226024313383,96.57365480741068,4.039710000000014,3.495900000000063,205.0,421.0,3.0,5.0,0.0,0.0,1.0,1.0,3.0,3.0,30.0,57.0,-12.020000000000003,-41.660000000000174,-99.596029,-99.65041,1,1
0.01,1.0,1440,1,30,30,0,0,200,3.0,12,15,5,0.01,1,inc_every1,4.033680000001166,7.360000000052562,-47.40131623310908,-53.99453626465598,96.32030651340985,94.17999999995493,4.033680000000221,5.820000000045077,804.0,525.0,0.0,0.0,25.0,19.0,1.0,0.0,4.0,4.0,0.0,0.0,-3.1999999999999997,-3.9399999999999977,-99.59663199999997,-99.41799999999549,1,1
0.01,1.0,1440,1,30,30,0,0,200,3.0,5,15,5,0.01,3,inc_every3,4.033680000001166,7.360000000052562,-47.40131623310908,-53.99453626465598,96.32030651340985,94.17999999995493,4.033680000000221,5.820000000045077,804.0,525.0,0.0,0.0,25.0,19.0,1.0,0.0,4.0,4.0,0.0,0.0,-3.1999999999999997,-3.9399999999999977,-99.59663199999997,-99.41799999999549,1,1
0.01,1.0,1440,1,30,30,0,0,200,3.0,12,15,99,0.0,1,flat,4.033680000001166,7.360000000052562,-47.40131623310908,-53.99453626465598,96.32030651340985,94.17999999995493,4.033680000000221,5.820000000045077,804.0,525.0,0.0,0.0,25.0,19.0,1.0,0.0,4.0,4.0,0.0,0.0,-3.1999999999999997,-3.9399999999999977,-99.59663199999997,-99.41799999999549,1,1
0.01,1.0,1440,1,30,30,0,0,200,3.0,18,15,99,0.0,1,flat,4.033680000001166,7.360000000052562,-47.40131623310908,-53.99453626465598,96.32030651340985,94.17999999995493,4.033680000000221,5.820000000045077,804.0,525.0,0.0,0.0,25.0,19.0,1.0,0.0,4.0,4.0,0.0,0.0,-3.1999999999999997,-3.9399999999999977,-99.59663199999997,-99.41799999999549,1,1
0.01,1.0,1440,1,30,30,0,0,200,3.0,18,15,5,0.01,1,inc_every1,4.033680000001166,7.360000000052562,-47.40131623310908,-53.99453626465598,96.32030651340985,94.17999999995493,4.033680000000221,5.820000000045077,804.0,525.0,0.0,0.0,25.0,19.0,1.0,0.0,4.0,4.0,0.0,0.0,-3.1999999999999997,-3.9399999999999977,-99.59663199999997,-99.41799999999549,1,1
0.01,1.0,1440,1,30,30,0,0,200,3.0,8,15,99,0.0,1,flat,4.033680000001166,7.360000000052562,-47.40131623310908,-53.99453626465598,96.32030651340985,94.17999999995493,4.033680000000221,5.820000000045077,804.0,525.0,0.0,0.0,25.0,19.0,1.0,0.0,4.0,4.0,0.0,0.0,-3.1999999999999997,-3.9399999999999977,-99.59663199999997,-99.41799999999549,1,1
0.01,1.0,1440,1,30,30,0,0,200,3.0,8,15,5,0.01,1,inc_every1,4.033680000001166,7.360000000052562,-47.40131623310908,-53.99453626465598,96.32030651340985,94.17999999995493,4.033680000000221,5.820000000045077,804.0,525.0,0.0,0.0,25.0,19.0,1.0,0.0,4.0,4.0,0.0,0.0,-3.1999999999999997,-3.9399999999999977,-99.59663199999997,-99.41799999999549,1,1
0.01,1.0,1440,1,30,30,0,0,200,3.0,5,15,5,0.01,1,inc_every1,4.033680000001166,7.360000000052562,-47.40131623310908,-53.99453626465598,96.32030651340985,94.17999999995493,4.033680000000221,5.820000000045077,804.0,525.0,0.0,0.0,25.0,19.0,1.0,0.0,4.0,4.0,0.0,0.0,-3.1999999999999997,-3.9399999999999977,-99.59663199999997,-99.41799999999549,1,1
0.01,1.0,1440,1,30,30,0,0,200,3.0,8,15,5,0.01,3,inc_every3,4.033680000001166,7.360000000052562,-47.40131623310908,-53.99453626465598,96.32030651340985,94.17999999995493,4.033680000000221,5.820000000045077,804.0,525.0,0.0,0.0,25.0,19.0,1.0,0.0,4.0,4.0,0.0,0.0,-3.1999999999999997,-3.9399999999999977,-99.59663199999997,-99.41799999999549,1,1
0.01,1.0,1440,1,30,30,0,0,200,3.0,18,15,5,0.01,3,inc_every3,4.033680000001166,7.360000000052562,-47.40131623310908,-53.99453626465598,96.32030651340985,94.17999999995493,4.033680000000221,5.820000000045077,804.0,525.0,0.0,0.0,25.0,19.0,1.0,0.0,4.0,4.0,0.0,0.0,-3.1999999999999997,-3.9399999999999977,-99.59663199999997,-99.41799999999549,1,1
0.01,1.0,1440,1,30,30,0,0,200,3.0,5,15,99,0.0,1,flat,4.033680000001166,7.360000000052562,-47.40131623310908,-53.99453626465598,96.32030651340985,94.17999999995493,4.033680000000221,5.820000000045077,804.0,525.0,0.0,0.0,25.0,19.0,1.0,0.0,4.0,4.0,0.0,0.0,-3.1999999999999997,-3.9399999999999977,-99.59663199999997,-99.41799999999549,1,1
0.01,1.0,1440,1,30,30,0,0,200,3.0,12,15,5,0.01,3,inc_every3,4.033680000001166,7.360000000052562,-47.40131623310908,-53.99453626465598,96.32030651340985,94.17999999995493,4.033680000000221,5.820000000045077,804.0,525.0,0.0,0.0,25.0,19.0,1.0,0.0,4.0,4.0,0.0,0.0,-3.1999999999999997,-3.9399999999999977,-99.59663199999997,-99.41799999999549,1,1
0.01,1.0,1440,1,30,30,0,0,200,3.0,3,0,99,0.0,1,flat,4.033680000000118,3.3443400000001873,-47.40131623311182,-63.61943902642544,96.32030651340993,96.65566000000021,4.033680000000118,3.3443399999997894,390.0,401.0,2.0,3.0,0.0,0.0,1.0,1.0,3.0,3.0,28.0,27.0,-11.360000000000003,-28.24000000000006,-99.59663199999999,-99.66556600000003,1,1
0.01,1.0,1440,1,30,30,0,0,200,3.0,3,0,5,0.01,1,inc_every1,4.033680000000118,3.3443400000001873,-47.40131623311182,-63.61943902642544,96.32030651340993,96.65566000000021,4.033680000000118,3.3443399999997894,390.0,401.0,2.0,3.0,0.0,0.0,1.0,1.0,3.0,3.0,28.0,27.0,-11.360000000000003,-28.24000000000006,-99.59663199999999,-99.66556600000003,1,1
0.01,1.0,1440,1,30,30,0,0,200,3.0,3,0,3,0.01,2,inc_every2,4.033680000000118,3.3443400000001873,-47.40131623311182,-63.61943902642544,96.32030651340993,96.65566000000021,4.033680000000118,3.3443399999997894,390.0,401.0,2.0,3.0,0.0,0.0,1.0,1.0,3.0,3.0,28.0,27.0,-11.360000000000003,-28.24000000000006,-99.59663199999999,-99.66556600000003,1,1
0.01,1.0,1440,1,30,30,0,0,200,3.0,3,0,5,0.01,3,inc_every3,4.033680000000118,3.3443400000001873,-47.40131623311182,-63.61943902642544,96.32030651340993,96.65566000000021,4.033680000000118,3.3443399999997894,390.0,401.0,2.0,3.0,0.0,0.0,1.0,1.0,3.0,3.0,28.0,27.0,-11.360000000000003,-28.24000000000006,-99.59663199999999,-99.66556600000003,1,1
0.01,1.0,1440,1,30,30,0,0,100,12.0,3,25,3,0.01,2,inc_every2,4.028580000000506,6.430000000030013,-47.41463153020471,-55.8071981805415,96.68456917126153,96.66573007396391,4.0285800000001615,3.5600000000288894,224.0,216.0,0.0,0.0,23.0,22.0,1.0,0.0,3.0,3.0,95.0,79.0,-4.619999999999999,-10.110000000000001,-99.59714199999999,-99.6439999999971,1,1
0.01,1.0,1440,1,30,30,0,0,100,12.0,3,25,5,0.01,3,inc_every3,4.028580000000506,6.430000000030013,-47.41463153020471,-55.8071981805415,96.68456917126153,96.66573007396391,4.0285800000001615,3.5600000000288894,224.0,216.0,0.0,0.0,23.0,22.0,1.0,0.0,3.0,3.0,95.0,79.0,-4.619999999999999,-10.110000000000001,-99.59714199999999,-99.6439999999971,1,1
0.01,1.0,1440,1,30,30,0,0,100,12.0,3,25,5,0.01,1,inc_every1,4.028580000000506,6.430000000030013,-47.41463153020471,-55.8071981805415,96.68456917126153,96.66573007396391,4.0285800000001615,3.5600000000288894,224.0,216.0,0.0,0.0,23.0,22.0,1.0,0.0,3.0,3.0,95.0,79.0,-4.619999999999999,-10.110000000000001,-99.59714199999999,-99.6439999999971,1,1
0.01,1.0,1440,1,30,30,0,0,100,12.0,3,25,99,0.0,1,flat,4.028580000000506,6.430000000030013,-47.41463153020471,-55.8071981805415,96.68456917126153,96.66573007396391,4.0285800000001615,3.5600000000288894,224.0,216.0,0.0,0.0,23.0,22.0,1.0,0.0,3.0,3.0,95.0,79.0,-4.619999999999999,-10.110000000000001,-99.59714199999999,-99.6439999999971,1,1
0.01,1.0,1440,1,30,30,0,0,50,5.3,8,40,3,0.01,2,inc_every2,4.014150000000301,7.380589999999739,-47.45237917267485,-53.95627490475674,98.10858502568132,93.05813581640395,4.0141499999997805,7.380589999999739,638.0,60.0,0.0,0.0,30.0,4.0,2.0,1.0,8.0,8.0,52.0,4.0,-7.160000000000001,-0.66,-99.59858500000003,-99.26194100000002,1,1
0.01,1.0,1440,1,30,30,0,0,100,5.3,5,15,3,0.01,2,inc_every2,4.009230000000706,3.2098800000001617,-47.46527428372217,-64.06099134146027,97.54050058278642,96.88603026775307,4.00923000000051,3.2098800000001617,688.0,71.0,0.0,0.0,48.0,9.0,1.0,1.0,5.0,5.0,63.0,8.0,-3.0299999999999994,-0.5,-99.59907699999995,-99.67901199999999,1,1
0.01,1.0,1440,1,30,30,0,0,100,5.3,8,15,3,0.01,2,inc_every2,4.009230000000706,3.2098800000001617,-47.46527428372217,-64.06099134146027,97.54050058278642,96.88603026775307,4.00923000000051,3.2098800000001617,688.0,71.0,0.0,0.0,48.0,9.0,1.0,1.0,5.0,5.0,0.0,0.0,-3.0299999999999994,-0.5,-99.59907699999995,-99.67901199999999,1,1
0.01,1.0,1440,1,30,30,0,0,100,5.3,12,15,3,0.01,2,inc_every2,4.009230000000706,3.2098800000001617,-47.46527428372217,-64.06099134146027,97.54050058278642,96.88603026775307,4.00923000000051,3.2098800000001617,688.0,71.0,0.0,0.0,48.0,9.0,1.0,1.0,5.0,5.0,0.0,0.0,-3.0299999999999994,-0.5,-99.59907699999995,-99.67901199999999,1,1
0.01,1.0,1440,1,30,30,0,0,100,5.3,18,15,3,0.01,2,inc_every2,4.009230000000706,3.2098800000001617,-47.46527428372217,-64.06099134146027,97.54050058278642,96.88603026775307,4.00923000000051,3.2098800000001617,688.0,71.0,0.0,0.0,48.0,9.0,1.0,1.0,5.0,5.0,0.0,0.0,-3.0299999999999994,-0.5,-99.59907699999995,-99.67901199999999,1,1
0.01,1.0,1440,1,30,30,0,0,100,18.0,12,15,3,0.01,2,inc_every2,4.000000000048432,9.930000000012882,-47.48949990746131,-49.70606444321478,97.49608763690284,91.72293073267397,4.000000000048432,9.930000000011368,206.0,76.0,0.0,0.0,66.0,27.0,0.0,0.0,5.0,5.0,0.0,0.0,-4.3999999999999995,-2.79,-99.59999999999516,-99.00699999999887,1,1
0.01,1.0,1440,1,30,30,0,0,100,18.0,18,15,3,0.01,2,inc_every2,4.000000000048432,9.930000000012882,-47.48949990746131,-49.70606444321478,97.49608763690284,91.72293073267397,4.000000000048432,9.930000000011368,206.0,76.0,0.0,0.0,66.0,27.0,0.0,0.0,5.0,5.0,0.0,0.0,-4.3999999999999995,-2.79,-99.59999999999516,-99.00699999999887,1,1
0.01,1.0,1440,1,30,30,0,0,100,18.0,8,15,3,0.01,2,inc_every2,4.000000000048432,9.930000000012882,-47.48949990746131,-49.70606444321478,97.49608763690284,91.72293073267397,4.000000000048432,9.930000000011368,206.0,76.0,0.0,0.0,66.0,27.0,0.0,0.0,5.0,5.0,0.0,0.0,-4.3999999999999995,-2.79,-99.59999999999516,-99.00699999999887,1,1
0.01,1.0,1440,1,30,30,0,0,100,18.0,5,15,3,0.01,2,inc_every2,4.000000000048432,9.930000000012882,-47.48949990746131,-49.70606444321478,97.49608763690284,91.72293073267397,4.000000000048432,9.930000000011368,206.0,76.0,0.0,0.0,66.0,27.0,0.0,0.0,5.0,5.0,77.0,30.0,-4.3999999999999995,-2.79,-99.59999999999516,-99.00699999999887,1,1
0.01,1.0,1440,1,30,30,0,0,150,5.3,3,15,5,0.01,3,inc_every3,3.996390000000785,3.5200000000642326,-47.498987100014276,-63.060995703789914,96.51274869110055,96.74345452857492,3.9963900000001082,3.520000000063721,723.0,403.0,0.0,0.0,41.0,26.0,1.0,0.0,3.0,3.0,116.0,69.0,-5.4399999999999995,-4.869999999999998,-99.60036099999999,-99.64799999999363,1,1
0.01,1.0,1440,1,30,30,0,0,150,5.3,3,15,99,0.0,1,flat,3.996390000000785,3.5200000000642326,-47.498987100014276,-63.060995703789914,96.51274869110055,96.74345452857492,3.9963900000001082,3.520000000063721,723.0,403.0,0.0,0.0,41.0,26.0,1.0,0.0,3.0,3.0,116.0,69.0,-5.4399999999999995,-4.869999999999998,-99.60036099999999,-99.64799999999363,1,1
0.01,1.0,1440,1,30,30,0,0,150,5.3,3,15,3,0.01,2,inc_every2,3.996390000000785,3.5200000000642326,-47.498987100014276,-63.060995703789914,96.51274869110055,96.74345452857492,3.9963900000001082,3.520000000063721,723.0,403.0,0.0,0.0,41.0,26.0,1.0,0.0,3.0,3.0,116.0,69.0,-5.4399999999999995,-4.869999999999998,-99.60036099999999,-99.64799999999363,1,1
0.01,1.0,1440,1,30,30,0,0,150,5.3,3,15,5,0.01,1,inc_every1,3.996390000000785,3.5200000000642326,-47.498987100014276,-63.060995703789914,96.51274869110055,96.74345452857492,3.9963900000001082,3.520000000063721,723.0,403.0,0.0,0.0,41.0,26.0,1.0,0.0,3.0,3.0,116.0,69.0,-5.4399999999999995,-4.869999999999998,-99.60036099999999,-99.64799999999363,1,1
0.01,1.0,1440,1,30,30,0,0,100,3.0,3,0,5,0.01,3,inc_every3,3.9921600000002684,3.4636500000003707,-47.510112397689895,-63.237962737452705,96.4272776087348,96.55083648675584,3.992159999999842,3.4636499999998023,243.0,646.0,2.0,6.0,0.0,0.0,1.0,1.0,3.0,3.0,40.0,99.0,-8.36,-41.44000000000016,-99.60078400000002,-99.65363500000002,1,1
0.01,1.0,1440,1,30,30,0,0,100,3.0,3,0,99,0.0,1,flat,3.9921600000002684,3.4636500000003707,-47.510112397689895,-63.237962737452705,96.4272776087348,96.55083648675584,3.992159999999842,3.4636499999998023,243.0,646.0,2.0,6.0,0.0,0.0,1.0,1.0,3.0,3.0,40.0,99.0,-8.36,-41.44000000000016,-99.60078400000002,-99.65363500000002,1,1
0.01,1.0,1440,1,30,30,0,0,100,3.0,3,0,5,0.01,1,inc_every1,3.9921600000002684,3.4636500000003707,-47.510112397689895,-63.237962737452705,96.4272776087348,96.55083648675584,3.992159999999842,3.4636499999998023,243.0,646.0,2.0,6.0,0.0,0.0,1.0,1.0,3.0,3.0,40.0,99.0,-8.36,-41.44000000000016,-99.60078400000002,-99.65363500000002,1,1
0.01,1.0,1440,1,30,30,0,0,100,3.0,3,0,3,0.01,2,inc_every2,3.9921600000002684,3.4636500000003707,-47.510112397689895,-63.237962737452705,96.4272776087348,96.55083648675584,3.992159999999842,3.4636499999998023,243.0,646.0,2.0,6.0,0.0,0.0,1.0,1.0,3.0,3.0,40.0,99.0,-8.36,-41.44000000000016,-99.60078400000002,-99.65363500000002,1,1
0.01,1.0,1440,1,30,30,0,0,75,3.0,3,0,3,0.01,2,inc_every2,3.9853800000008732,3.3492000000000814,-47.5279641196999,-63.60371468708356,96.38087540864534,96.65615015974453,3.9853800000000206,3.349199999999911,224.0,336.0,2.0,4.0,0.0,0.0,1.0,1.0,3.0,3.0,48.0,73.0,-8.299999999999999,-29.800000000000065,-99.601462,-99.66508,1,1
0.01,1.0,1440,1,30,30,0,0,75,3.0,3,0,5,0.01,1,inc_every1,3.9853800000008732,3.3492000000000814,-47.5279641196999,-63.60371468708356,96.38087540864534,96.65615015974453,3.9853800000000206,3.349199999999911,224.0,336.0,2.0,4.0,0.0,0.0,1.0,1.0,3.0,3.0,48.0,73.0,-8.299999999999999,-29.800000000000065,-99.601462,-99.66508,1,1
0.01,1.0,1440,1,30,30,0,0,75,3.0,3,0,5,0.01,3,inc_every3,3.9853800000008732,3.3492000000000814,-47.5279641196999,-63.60371468708356,96.38087540864534,96.65615015974453,3.9853800000000206,3.349199999999911,224.0,336.0,2.0,4.0,0.0,0.0,1.0,1.0,3.0,3.0,48.0,73.0,-8.299999999999999,-29.800000000000065,-99.601462,-99.66508,1,1
0.01,1.0,1440,1,30,30,0,0,75,3.0,3,0,99,0.0,1,flat,3.9853800000008732,3.3492000000000814,-47.5279641196999,-63.60371468708356,96.38087540864534,96.65615015974453,3.9853800000000206,3.349199999999911,224.0,336.0,2.0,4.0,0.0,0.0,1.0,1.0,3.0,3.0,48.0,73.0,-8.299999999999999,-29.800000000000065,-99.601462,-99.66508,1,1
0.01,1.0,1440,1,30,30,0,0,50,3.0,3,0,99,0.0,1,flat,3.9853800000005037,3.3178500000000497,-47.52796411970087,-63.70542974036564,96.48027907798318,96.69207377866412,3.9853799999998785,3.317849999999936,204.0,250.0,2.0,5.0,0.0,0.0,1.0,1.0,3.0,3.0,68.0,70.0,-8.54,-30.660000000000068,-99.60146200000001,-99.668215,1,1
0.01,1.0,1440,1,30,30,0,0,50,3.0,3,0,5,0.01,1,inc_every1,3.9853800000005037,3.3178500000000497,-47.52796411970087,-63.70542974036564,96.48027907798318,96.69207377866412,3.9853799999998785,3.317849999999936,204.0,250.0,2.0,5.0,0.0,0.0,1.0,1.0,3.0,3.0,68.0,70.0,-8.54,-30.660000000000068,-99.60146200000001,-99.668215,1,1
0.01,1.0,1440,1,30,30,0,0,50,3.0,3,0,3,0.01,2,inc_every2,3.9853800000005037,3.3178500000000497,-47.52796411970087,-63.70542974036564,96.48027907798318,96.69207377866412,3.9853799999998785,3.317849999999936,204.0,250.0,2.0,5.0,0.0,0.0,1.0,1.0,3.0,3.0,68.0,70.0,-8.54,-30.660000000000068,-99.60146200000001,-99.668215,1,1
0.01,1.0,1440,1,30,30,0,0,50,3.0,3,0,5,0.01,3,inc_every3,3.9853800000005037,3.3178500000000497,-47.52796411970087,-63.70542974036564,96.48027907798318,96.69207377866412,3.9853799999998785,3.317849999999936,204.0,250.0,2.0,5.0,0.0,0.0,1.0,1.0,3.0,3.0,68.0,70.0,-8.54,-30.660000000000068,-99.60146200000001,-99.668215,1,1
0.01,1.0,1440,1,30,30,0,0,100,5.3,5,15,99,0.0,1,flat,3.9833400000004637,6.350000000021437,-47.53334018830541,-55.971535534734706,97.18033552771362,94.46864111496505,3.9833399999996395,6.350000000020479,678.0,204.0,0.0,0.0,45.0,18.0,1.0,0.0,5.0,5.0,65.0,25.0,-3.3399999999999994,-1.6800000000000004,-99.60166600000004,-99.36499999999795,1,1
0.01,1.0,1440,1,30,30,0,0,100,5.3,5,15,5,0.01,1,inc_every1,3.9833400000004637,6.350000000021437,-47.53334018830541,-55.971535534734706,97.18033552771362,94.46864111496505,3.9833399999996395,6.350000000020479,678.0,204.0,0.0,0.0,45.0,18.0,1.0,0.0,5.0,5.0,65.0,25.0,-3.3399999999999994,-1.6800000000000004,-99.60166600000004,-99.36499999999795,1,1
0.01,1.0,1440,1,30,30,0,0,100,5.3,5,15,5,0.01,3,inc_every3,3.9833400000004637,6.350000000021437,-47.53334018830541,-55.971535534734706,97.18033552771362,94.46864111496505,3.9833399999996395,6.350000000020479,678.0,204.0,0.0,0.0,45.0,18.0,1.0,0.0,5.0,5.0,65.0,25.0,-3.3399999999999994,-1.6800000000000004,-99.60166600000004,-99.36499999999795,1,1
0.01,1.0,1440,1,30,30,0,0,75,18.0,3,40,5,0.01,1,inc_every1,3.981000000000602,3.330750000000984,-47.53950956780657,-63.66349430273902,96.75682281059113,97.17085704578353,3.9810000000002077,3.3307499999996715,274.0,164.0,0.0,0.0,29.0,18.0,1.0,1.0,3.0,3.0,176.0,100.0,-18.14000000000001,-25.07000000000004,-99.60189999999997,-99.66692500000003,1,1
0.01,1.0,1440,1,30,30,0,0,75,18.0,3,40,3,0.01,2,inc_every2,3.981000000000602,3.330750000000984,-47.53950956780657,-63.66349430273902,96.75682281059113,97.17085704578353,3.9810000000002077,3.3307499999996715,274.0,164.0,0.0,0.0,29.0,18.0,1.0,1.0,3.0,3.0,176.0,100.0,-18.14000000000001,-25.07000000000004,-99.60189999999997,-99.66692500000003,1,1
0.01,1.0,1440,1,30,30,0,0,75,18.0,3,40,5,0.01,3,inc_every3,3.981000000000602,3.330750000000984,-47.53950956780657,-63.66349430273902,96.75682281059113,97.17085704578353,3.9810000000002077,3.3307499999996715,274.0,164.0,0.0,0.0,29.0,18.0,1.0,1.0,3.0,3.0,176.0,100.0,-18.14000000000001,-25.07000000000004,-99.60189999999997,-99.66692500000003,1,1
0.01,1.0,1440,1,30,30,0,0,75,18.0,3,40,99,0.0,1,flat,3.981000000000602,3.330750000000984,-47.53950956780657,-63.66349430273902,96.75682281059113,97.17085704578353,3.9810000000002077,3.3307499999996715,274.0,164.0,0.0,0.0,29.0,18.0,1.0,1.0,3.0,3.0,176.0,100.0,-18.14000000000001,-25.07000000000004,-99.60189999999997,-99.66692500000003,1,1
0.01,1.0,1440,1,30,30,0,0,50,12.0,3,25,99,0.0,1,flat,3.977970000001175,7.740000000071145,-47.547502434464775,-53.300162179748554,96.53275516429885,93.46338991633354,3.977970000000081,7.740000000070474,188.0,262.0,0.0,0.0,23.0,31.0,1.0,0.0,3.0,3.0,124.0,160.0,-3.6299999999999994,-16.110000000000007,-99.60220299999999,-99.22599999999295,1,1
0.01,1.0,1440,1,30,30,0,0,50,12.0,3,25,5,0.01,3,inc_every3,3.977970000001175,7.740000000071145,-47.547502434464775,-53.300162179748554,96.53275516429885,93.46338991633354,3.977970000000081,7.740000000070474,188.0,262.0,0.0,0.0,23.0,31.0,1.0,0.0,3.0,3.0,124.0,160.0,-3.6299999999999994,-16.110000000000007,-99.60220299999999,-99.22599999999295,1,1
0.01,1.0,1440,1,30,30,0,0,50,12.0,3,25,3,0.01,2,inc_every2,3.977970000001175,7.740000000071145,-47.547502434464775,-53.300162179748554,96.53275516429885,93.46338991633354,3.977970000000081,7.740000000070474,188.0,262.0,0.0,0.0,23.0,31.0,1.0,0.0,3.0,3.0,124.0,160.0,-3.6299999999999994,-16.110000000000007,-99.60220299999999,-99.22599999999295,1,1
0.01,1.0,1440,1,30,30,0,0,50,12.0,3,25,5,0.01,1,inc_every1,3.977970000001175,7.740000000071145,-47.547502434464775,-53.300162179748554,96.53275516429885,93.46338991633354,3.977970000000081,7.740000000070474,188.0,262.0,0.0,0.0,23.0,31.0,1.0,0.0,3.0,3.0,124.0,160.0,-3.6299999999999994,-16.110000000000007,-99.60220299999999,-99.22599999999295,1,1
0.01,1.0,1440,1,30,30,0,0,75,5.3,18,40,5,0.01,1,inc_every1,3.9765000000006836,7.487760000001131,-47.551381916358025,-53.7583278720148,98.04334989913205,94.13197172029419,3.9765000000002875,7.470000000068385,1083.0,189.0,0.0,0.0,36.0,7.0,2.0,1.0,9.0,9.0,0.0,0.0,-10.769999999999996,-2.1199999999999997,-99.60234999999997,-99.25299999999316,1,1
0.01,1.0,1440,1,30,30,0,0,75,5.3,12,40,5,0.01,1,inc_every1,3.9765000000006836,7.487760000001131,-47.551381916358025,-53.7583278720148,98.04334989913205,94.13197172029419,3.9765000000002875,7.470000000068385,1083.0,189.0,0.0,0.0,36.0,7.0,2.0,1.0,9.0,9.0,0.0,0.0,-10.769999999999996,-2.1199999999999997,-99.60234999999997,-99.25299999999316,1,1
0.01,1.0,1440,1,30,30,0,0,200,8.0,3,40,3,0.01,2,inc_every2,3.9744000000005997,3.2399400000006082,-47.55692602376351,-63.96116577698574,97.01038062283732,96.90904407555865,3.9744000000004966,3.239939999999976,496.0,296.0,0.0,0.0,16.0,10.0,1.0,1.0,3.0,3.0,81.0,44.0,-10.28,-12.650000000000002,-99.60255999999995,-99.676006,1,1
0.01,1.0,1440,1,30,30,0,0,200,8.0,3,40,99,0.0,1,flat,3.9744000000005997,3.2399400000006082,-47.55692602376351,-63.96116577698574,97.01038062283732,96.90904407555865,3.9744000000004966,3.239939999999976,496.0,296.0,0.0,0.0,16.0,10.0,1.0,1.0,3.0,3.0,81.0,44.0,-10.28,-12.650000000000002,-99.60255999999995,-99.676006,1,1
0.01,1.0,1440,1,30,30,0,0,200,8.0,3,40,5,0.01,1,inc_every1,3.9744000000005997,3.2399400000006082,-47.55692602376351,-63.96116577698574,97.01038062283732,96.90904407555865,3.9744000000004966,3.239939999999976,496.0,296.0,0.0,0.0,16.0,10.0,1.0,1.0,3.0,3.0,81.0,44.0,-10.28,-12.650000000000002,-99.60255999999995,-99.676006,1,1
0.01,1.0,1440,1,30,30,0,0,200,8.0,3,40,5,0.01,3,inc_every3,3.9744000000005997,3.2399400000006082,-47.55692602376351,-63.96116577698574,97.01038062283732,96.90904407555865,3.9744000000004966,3.239939999999976,496.0,296.0,0.0,0.0,16.0,10.0,1.0,1.0,3.0,3.0,81.0,44.0,-10.28,-12.650000000000002,-99.60255999999995,-99.676006,1,1
0.01,1.0,1440,1,30,30,0,0,75,3.0,8,25,5,0.01,3,inc_every3,3.9741600000011204,3.227790000000402,-47.557559785224825,-64.00143577258817,97.02131614450835,96.77736621405745,3.9741600000000954,3.2277900000000823,811.0,377.0,0.0,0.0,21.0,12.0,1.0,1.0,8.0,8.0,20.0,11.0,-2.0100000000000002,-2.2800000000000007,-99.602584,-99.67722099999999,1,1
0.01,1.0,1440,1,30,30,0,0,75,3.0,12,25,5,0.01,3,inc_every3,3.9741600000011204,3.227790000000402,-47.557559785224825,-64.00143577258817,97.02131614450835,96.77736621405745,3.9741600000000954,3.2277900000000823,811.0,377.0,0.0,0.0,21.0,12.0,1.0,1.0,8.0,8.0,0.0,0.0,-2.0100000000000002,-2.2800000000000007,-99.602584,-99.67722099999999,1,1
0.01,1.0,1440,1,30,30,0,0,75,3.0,18,25,5,0.01,3,inc_every3,3.9741600000011204,3.227790000000402,-47.557559785224825,-64.00143577258817,97.02131614450835,96.77736621405745,3.9741600000000954,3.2277900000000823,811.0,377.0,0.0,0.0,21.0,12.0,1.0,1.0,8.0,8.0,0.0,0.0,-2.0100000000000002,-2.2800000000000007,-99.602584,-99.67722099999999,1,1
0.01,1.0,1440,1,30,30,0,0,200,5.3,8,15,5,0.01,1,inc_every1,3.970320000000166,4.060000000070806,-47.567704134472535,-61.458378512262435,96.45918130741136,96.82415519393797,3.9703199999997363,4.060000000070303,515.0,701.0,0.0,0.0,30.0,38.0,1.0,0.0,4.0,4.0,0.0,0.0,-3.6999999999999993,-11.56,-99.60296800000003,-99.59399999999297,1,1
0.01,1.0,1440,1,30,30,0,0,200,5.3,18,15,5,0.01,1,inc_every1,3.970320000000166,4.060000000070806,-47.567704134472535,-61.458378512262435,96.45918130741136,96.82415519393797,3.9703199999997363,4.060000000070303,515.0,701.0,0.0,0.0,30.0,38.0,1.0,0.0,4.0,4.0,0.0,0.0,-3.6999999999999993,-11.56,-99.60296800000003,-99.59399999999297,1,1
0.01,1.0,1440,1,30,30,0,0,200,5.3,12,15,5,0.01,3,inc_every3,3.970320000000166,4.060000000070806,-47.567704134472535,-61.458378512262435,96.45918130741136,96.82415519393797,3.9703199999997363,4.060000000070303,515.0,701.0,0.0,0.0,30.0,38.0,1.0,0.0,4.0,4.0,0.0,0.0,-3.6999999999999993,-11.56,-99.60296800000003,-99.59399999999297,1,1
0.01,1.0,1440,1,30,30,0,0,200,5.3,8,15,5,0.01,3,inc_every3,3.970320000000166,4.060000000070806,-47.567704134472535,-61.458378512262435,96.45918130741136,96.82415519393797,3.9703199999997363,4.060000000070303,515.0,701.0,0.0,0.0,30.0,38.0,1.0,0.0,4.0,4.0,0.0,0.0,-3.6999999999999993,-11.56,-99.60296800000003,-99.59399999999297,1,1
0.01,1.0,1440,1,30,30,0,0,200,5.3,5,15,5,0.01,3,inc_every3,3.970320000000166,4.060000000070806,-47.567704134472535,-61.458378512262435,96.45918130741136,96.82415519393797,3.9703199999997363,4.060000000070303,515.0,701.0,0.0,0.0,30.0,38.0,1.0,0.0,4.0,4.0,0.0,0.0,-3.6999999999999993,-11.56,-99.60296800000003,-99.59399999999297,1,1
0.01,1.0,1440,1,30,30,0,0,200,5.3,5,15,5,0.01,1,inc_every1,3.970320000000166,4.060000000070806,-47.567704134472535,-61.458378512262435,96.45918130741136,96.82415519393797,3.9703199999997363,4.060000000070303,515.0,701.0,0.0,0.0,30.0,38.0,1.0,0.0,4.0,4.0,0.0,0.0,-3.6999999999999993,-11.56,-99.60296800000003,-99.59399999999297,1,1
0.01,1.0,1440,1,30,30,0,0,200,5.3,12,15,5,0.01,1,inc_every1,3.970320000000166,4.060000000070806,-47.567704134472535,-61.458378512262435,96.45918130741136,96.82415519393797,3.9703199999997363,4.060000000070303,515.0,701.0,0.0,0.0,30.0,38.0,1.0,0.0,4.0,4.0,0.0,0.0,-3.6999999999999993,-11.56,-99.60296800000003,-99.59399999999297,1,1
0.01,1.0,1440,1,30,30,0,0,200,5.3,12,15,99,0.0,1,flat,3.970320000000166,4.060000000070806,-47.567704134472535,-61.458378512262435,96.45918130741136,96.82415519393797,3.9703199999997363,4.060000000070303,515.0,701.0,0.0,0.0,30.0,38.0,1.0,0.0,4.0,4.0,0.0,0.0,-3.6999999999999993,-11.56,-99.60296800000003,-99.59399999999297,1,1
0.01,1.0,1440,1,30,30,0,0,200,5.3,5,15,99,0.0,1,flat,3.970320000000166,4.060000000070806,-47.567704134472535,-61.458378512262435,96.45918130741136,96.82415519393797,3.9703199999997363,4.060000000070303,515.0,701.0,0.0,0.0,30.0,38.0,1.0,0.0,4.0,4.0,0.0,0.0,-3.6999999999999993,-11.56,-99.60296800000003,-99.59399999999297,1,1
0.01,1.0,1440,1,30,30,0,0,200,5.3,8,15,99,0.0,1,flat,3.970320000000166,4.060000000070806,-47.567704134472535,-61.458378512262435,96.45918130741136,96.82415519393797,3.9703199999997363,4.060000000070303,515.0,701.0,0.0,0.0,30.0,38.0,1.0,0.0,4.0,4.0,0.0,0.0,-3.6999999999999993,-11.56,-99.60296800000003,-99.59399999999297,1,1
0.01,1.0,1440,1,30,30,0,0,200,5.3,18,15,99,0.0,1,flat,3.970320000000166,4.060000000070806,-47.567704134472535,-61.458378512262435,96.45918130741136,96.82415519393797,3.9703199999997363,4.060000000070303,515.0,701.0,0.0,0.0,30.0,38.0,1.0,0.0,4.0,4.0,0.0,0.0,-3.6999999999999993,-11.56,-99.60296800000003,-99.59399999999297,1,1
0.01,1.0,1440,1,30,30,0,0,200,5.3,18,15,5,0.01,3,inc_every3,3.970320000000166,4.060000000070806,-47.567704134472535,-61.458378512262435,96.45918130741136,96.82415519393797,3.9703199999997363,4.060000000070303,515.0,701.0,0.0,0.0,30.0,38.0,1.0,0.0,4.0,4.0,0.0,0.0,-3.6999999999999993,-11.56,-99.60296800000003,-99.59399999999297,1,1
0.01,1.0,1440,1,30,30,0,0,100,5.3,8,40,3,0.01,2,inc_every2,3.9697200000003487,7.444359999999161,-47.56928989788886,-53.83824799389909,98.88687995962219,92.77807528133577,3.9697199999998194,7.444359999999161,1284.0,169.0,0.0,0.0,37.0,6.0,2.0,1.0,7.0,7.0,0.0,0.0,-10.530000000000006,-2.32,-99.60302800000002,-99.25556400000008,1,1
0.01,1.0,1440,1,30,30,0,0,100,5.3,18,40,3,0.01,2,inc_every2,3.9697200000003487,7.444359999999161,-47.56928989788886,-53.83824799389909,98.88687995962219,92.77807528133577,3.9697199999998194,7.444359999999161,1284.0,169.0,0.0,0.0,37.0,6.0,2.0,1.0,7.0,7.0,0.0,0.0,-10.530000000000006,-2.32,-99.60302800000002,-99.25556400000008,1,1
0.01,1.0,1440,1,30,30,0,0,100,5.3,12,40,3,0.01,2,inc_every2,3.9697200000003487,7.444359999999161,-47.56928989788886,-53.83824799389909,98.88687995962219,92.77807528133577,3.9697199999998194,7.444359999999161,1284.0,169.0,0.0,0.0,37.0,6.0,2.0,1.0,7.0,7.0,0.0,0.0,-10.530000000000006,-2.32,-99.60302800000002,-99.25556400000008,1,1
0.01,1.0,1440,1,30,30,0,0,100,5.3,3,25,5,0.01,3,inc_every3,3.9662700000005913,9.98000000001625,-47.57841175982617,-49.6308383400762,96.6261738686628,90.40509604855608,3.9662700000001543,9.64000000001581,511.0,299.0,0.0,0.0,20.0,13.0,1.0,0.0,3.0,3.0,121.0,60.0,-3.359999999999999,-5.259999999999999,-99.60337299999999,-99.03599999999842,1,1
0.01,1.0,1440,1,30,30,0,0,100,5.3,3,25,3,0.01,2,inc_every2,3.9662700000005913,9.98000000001625,-47.57841175982617,-49.6308383400762,96.6261738686628,90.40509604855608,3.9662700000001543,9.64000000001581,511.0,299.0,0.0,0.0,20.0,13.0,1.0,0.0,3.0,3.0,121.0,60.0,-3.359999999999999,-5.259999999999999,-99.60337299999999,-99.03599999999842,1,1
0.01,1.0,1440,1,30,30,0,0,100,5.3,3,25,5,0.01,1,inc_every1,3.9662700000005913,9.98000000001625,-47.57841175982617,-49.6308383400762,96.6261738686628,90.40509604855608,3.9662700000001543,9.64000000001581,511.0,299.0,0.0,0.0,20.0,13.0,1.0,0.0,3.0,3.0,121.0,60.0,-3.359999999999999,-5.259999999999999,-99.60337299999999,-99.03599999999842,1,1
0.01,1.0,1440,1,30,30,0,0,100,5.3,3,25,99,0.0,1,flat,3.9662700000005913,9.98000000001625,-47.57841175982617,-49.6308383400762,96.6261738686628,90.40509604855608,3.9662700000001543,9.64000000001581,511.0,299.0,0.0,0.0,20.0,13.0,1.0,0.0,3.0,3.0,121.0,60.0,-3.359999999999999,-5.259999999999999,-99.60337299999999,-99.03599999999842,1,1
0.01,1.0,1440,1,30,30,0,0,200,3.0,3,25,3,0.01,2,inc_every2,3.965640000000075,4.9600000000231255,-47.58007817638041,-59.09221715292308,96.3823754789273,95.03999999997703,3.965639999999997,4.96000000002298,421.0,226.0,0.0,0.0,9.0,7.0,1.0,0.0,3.0,3.0,28.0,17.0,-1.8,-1.7100000000000002,-99.603436,-99.5039999999977,1,1
0.01,1.0,1440,1,30,30,0,0,200,3.0,3,25,99,0.0,1,flat,3.965640000000075,4.9600000000231255,-47.58007817638041,-59.09221715292308,96.3823754789273,95.03999999997703,3.965639999999997,4.96000000002298,421.0,226.0,0.0,0.0,9.0,7.0,1.0,0.0,3.0,3.0,28.0,17.0,-1.8,-1.7100000000000002,-99.603436,-99.5039999999977,1,1
0.01,1.0,1440,1,30,30,0,0,200,3.0,3,25,5,0.01,3,inc_every3,3.965640000000075,4.9600000000231255,-47.58007817638041,-59.09221715292308,96.3823754789273,95.03999999997703,3.965639999999997,4.96000000002298,421.0,226.0,0.0,0.0,9.0,7.0,1.0,0.0,3.0,3.0,28.0,17.0,-1.8,-1.7100000000000002,-99.603436,-99.5039999999977,1,1
0.01,1.0,1440,1,30,30,0,0,200,3.0,3,25,5,0.01,1,inc_every1,3.965640000000075,4.9600000000231255,-47.58007817638041,-59.09221715292308,96.3823754789273,95.03999999997703,3.965639999999997,4.96000000002298,421.0,226.0,0.0,0.0,9.0,7.0,1.0,0.0,3.0,3.0,28.0,17.0,-1.8,-1.7100000000000002,-99.603436,-99.5039999999977,1,1
0.01,1.0,1440,1,30,30,0,0,100,12.0,3,40,99,0.0,1,flat,3.9647399999998925,5.990000000017567,-47.58245913882722,-56.72960144190549,96.73710805695023,94.21256038645704,3.9647399999998214,5.990000000017005,267.0,196.0,0.0,0.0,17.0,13.0,1.0,0.0,3.0,3.0,113.0,75.0,-7.469999999999998,-16.08000000000001,-99.60352600000002,-99.4009999999983,1,1
0.01,1.0,1440,1,30,30,0,0,100,12.0,3,40,5,0.01,3,inc_every3,3.9647399999998925,5.990000000017567,-47.58245913882722,-56.72960144190549,96.73710805695023,94.21256038645704,3.9647399999998214,5.990000000017005,267.0,196.0,0.0,0.0,17.0,13.0,1.0,0.0,3.0,3.0,113.0,75.0,-7.469999999999998,-16.08000000000001,-99.60352600000002,-99.4009999999983,1,1
0.01,1.0,1440,1,30,30,0,0,100,12.0,3,40,3,0.01,2,inc_every2,3.9647399999998925,5.990000000017567,-47.58245913882722,-56.72960144190549,96.73710805695023,94.21256038645704,3.9647399999998214,5.990000000017005,267.0,196.0,0.0,0.0,17.0,13.0,1.0,0.0,3.0,3.0,113.0,75.0,-7.469999999999998,-16.08000000000001,-99.60352600000002,-99.4009999999983,1,1
0.01,1.0,1440,1,30,30,0,0,100,12.0,3,40,5,0.01,1,inc_every1,3.9647399999998925,5.990000000017567,-47.58245913882722,-56.72960144190549,96.73710805695023,94.21256038645704,3.9647399999998214,5.990000000017005,267.0,196.0,0.0,0.0,17.0,13.0,1.0,0.0,3.0,3.0,113.0,75.0,-7.469999999999998,-16.08000000000001,-99.60352600000002,-99.4009999999983,1,1
0.01,1.0,1440,1,30,30,0,0,100,12.0,12,15,3,0.01,2,inc_every2,3.964110000000579,3.2289000000006016,-47.58412606978142,-63.997752370409614,97.03728699551529,96.9119166029069,3.964110000000579,3.2289000000005856,278.0,80.0,0.0,0.0,52.0,18.0,1.0,1.0,5.0,5.0,0.0,0.0,-2.5899999999999994,-0.89,-99.60358899999994,-99.67710999999994,1,1
0.01,1.0,1440,1,30,30,0,0,100,12.0,5,15,3,0.01,2,inc_every2,3.964110000000579,3.2289000000006016,-47.58412606978142,-63.997752370409614,97.03728699551529,96.9119166029069,3.964110000000579,3.2289000000005856,278.0,80.0,0.0,0.0,52.0,18.0,1.0,1.0,5.0,5.0,60.0,21.0,-2.5899999999999994,-0.89,-99.60358899999994,-99.67710999999994,1,1
0.01,1.0,1440,1,30,30,0,0,100,12.0,8,15,3,0.01,2,inc_every2,3.964110000000579,3.2289000000006016,-47.58412606978142,-63.997752370409614,97.03728699551529,96.9119166029069,3.964110000000579,3.2289000000005856,278.0,80.0,0.0,0.0,52.0,18.0,1.0,1.0,5.0,5.0,0.0,0.0,-2.5899999999999994,-0.89,-99.60358899999994,-99.67710999999994,1,1
0.01,1.0,1440,1,30,30,0,0,100,12.0,18,15,3,0.01,2,inc_every2,3.964110000000579,3.2289000000006016,-47.58412606978142,-63.997752370409614,97.03728699551529,96.9119166029069,3.964110000000579,3.2289000000005856,278.0,80.0,0.0,0.0,52.0,18.0,1.0,1.0,5.0,5.0,0.0,0.0,-2.5899999999999994,-0.89,-99.60358899999994,-99.67710999999994,1,1
0.01,1.0,1440,1,30,30,0,0,150,12.0,3,25,99,0.0,1,flat,3.9634200000004967,9.590000000102318,-47.58595199922085,-50.22479045779743,96.59850669412965,96.25568069541917,3.963420000000191,3.7900000000967076,229.0,378.0,0.0,0.0,21.0,33.0,1.0,0.0,3.0,3.0,66.0,106.0,-3.1099999999999985,-19.360000000000017,-99.60365799999998,-99.62099999999033,1,1
0.01,1.0,1440,1,30,30,0,0,150,12.0,3,25,5,0.01,3,inc_every3,3.9634200000004967,9.590000000102318,-47.58595199922085,-50.22479045779743,96.59850669412965,96.25568069541917,3.963420000000191,3.7900000000967076,229.0,378.0,0.0,0.0,21.0,33.0,1.0,0.0,3.0,3.0,66.0,106.0,-3.1099999999999985,-19.360000000000017,-99.60365799999998,-99.62099999999033,1,1
0.01,1.0,1440,1,30,30,0,0,150,12.0,3,25,3,0.01,2,inc_every2,3.9634200000004967,9.590000000102318,-47.58595199922085,-50.22479045779743,96.59850669412965,96.25568069541917,3.963420000000191,3.7900000000967076,229.0,378.0,0.0,0.0,21.0,33.0,1.0,0.0,3.0,3.0,66.0,106.0,-3.1099999999999985,-19.360000000000017,-99.60365799999998,-99.62099999999033,1,1
0.01,1.0,1440,1,30,30,0,0,150,12.0,3,25,5,0.01,1,inc_every1,3.9634200000004967,9.590000000102318,-47.58595199922085,-50.22479045779743,96.59850669412965,96.25568069541917,3.963420000000191,3.7900000000967076,229.0,378.0,0.0,0.0,21.0,33.0,1.0,0.0,3.0,3.0,66.0,106.0,-3.1099999999999985,-19.360000000000017,-99.60365799999998,-99.62099999999033,1,1
0.01,1.0,1440,1,30,30,0,0,300,12.0,3,40,99,0.0,1,flat,3.961320000000512,4.390000000016286,-47.59151074074796,-60.55161031923932,96.35774181684428,96.52497427371495,3.9613200000001996,4.39000000001618,108.0,199.0,0.0,0.0,6.0,10.0,1.0,0.0,3.0,3.0,15.0,24.0,-2.28,-12.0,-99.60386799999998,-99.56099999999839,1,1
0.01,1.0,1440,1,30,30,0,0,300,12.0,3,40,5,0.01,1,inc_every1,3.961320000000512,4.390000000016286,-47.59151074074796,-60.55161031923932,96.35774181684428,96.52497427371495,3.9613200000001996,4.39000000001618,108.0,199.0,0.0,0.0,6.0,10.0,1.0,0.0,3.0,3.0,15.0,24.0,-2.28,-12.0,-99.60386799999998,-99.56099999999839,1,1
0.01,1.0,1440,1,30,30,0,0,300,12.0,3,40,5,0.01,3,inc_every3,3.961320000000512,4.390000000016286,-47.59151074074796,-60.55161031923932,96.35774181684428,96.52497427371495,3.9613200000001996,4.39000000001618,108.0,199.0,0.0,0.0,6.0,10.0,1.0,0.0,3.0,3.0,15.0,24.0,-2.28,-12.0,-99.60386799999998,-99.56099999999839,1,1
0.01,1.0,1440,1,30,30,0,0,300,12.0,3,40,3,0.01,2,inc_every2,3.961320000000512,4.390000000016286,-47.59151074074796,-60.55161031923932,96.35774181684428,96.52497427371495,3.9613200000001996,4.39000000001618,108.0,199.0,0.0,0.0,6.0,10.0,1.0,0.0,3.0,3.0,15.0,24.0,-2.28,-12.0,-99.60386799999998,-99.56099999999839,1,1
0.01,1.0,1440,1,30,30,0,0,300,3.0,3,0,5,0.01,3,inc_every3,3.9613200000005406,3.3379800000005275,-47.59151074074788,-63.64004082175101,96.21614289808012,96.72971490153874,3.961319999999972,3.3379800000000728,199.0,377.0,1.0,2.0,0.0,0.0,1.0,1.0,3.0,3.0,7.0,16.0,-5.2,-25.86000000000005,-99.603868,-99.666202,1,1
0.01,1.0,1440,1,30,30,0,0,300,3.0,3,0,3,0.01,2,inc_every2,3.9613200000005406,3.3379800000005275,-47.59151074074788,-63.64004082175101,96.21614289808012,96.72971490153874,3.961319999999972,3.3379800000000728,199.0,377.0,1.0,2.0,0.0,0.0,1.0,1.0,3.0,3.0,7.0,16.0,-5.2,-25.86000000000005,-99.603868,-99.666202,1,1
0.01,1.0,1440,1,30,30,0,0,300,3.0,3,0,99,0.0,1,flat,3.9613200000005406,3.3379800000005275,-47.59151074074788,-63.64004082175101,96.21614289808012,96.72971490153874,3.961319999999972,3.3379800000000728,199.0,377.0,1.0,2.0,0.0,0.0,1.0,1.0,3.0,3.0,7.0,16.0,-5.2,-25.86000000000005,-99.603868,-99.666202,1,1
0.01,1.0,1440,1,30,30,0,0,300,3.0,3,0,5,0.01,1,inc_every1,3.9613200000005406,3.3379800000005275,-47.59151074074788,-63.64004082175101,96.21614289808012,96.72971490153874,3.961319999999972,3.3379800000000728,199.0,377.0,1.0,2.0,0.0,0.0,1.0,1.0,3.0,3.0,7.0,16.0,-5.2,-25.86000000000005,-99.603868,-99.666202,1,1
0.01,1.0,1440,1,30,30,0,0,75,5.3,3,25,99,0.0,1,flat,3.9588600000008114,7.190000000064245,-47.598025408062675,-54.31334824566878,96.52396171744738,92.84932869212935,3.958859999999685,7.190000000063989,365.0,331.0,0.0,0.0,16.0,15.0,1.0,0.0,3.0,3.0,108.0,84.0,-2.0999999999999996,-6.249999999999997,-99.60411400000004,-99.2809999999936,1,1
0.01,1.0,1440,1,30,30,0,0,75,5.3,3,25,5,0.01,3,inc_every3,3.9588600000008114,7.190000000064245,-47.598025408062675,-54.31334824566878,96.52396171744738,92.84932869212935,3.958859999999685,7.190000000063989,365.0,331.0,0.0,0.0,16.0,15.0,1.0,0.0,3.0,3.0,108.0,84.0,-2.0999999999999996,-6.249999999999997,-99.60411400000004,-99.2809999999936,1,1
0.01,1.0,1440,1,30,30,0,0,75,5.3,3,25,3,0.01,2,inc_every2,3.9588600000008114,7.190000000064245,-47.598025408062675,-54.31334824566878,96.52396171744738,92.84932869212935,3.958859999999685,7.190000000063989,365.0,331.0,0.0,0.0,16.0,15.0,1.0,0.0,3.0,3.0,108.0,84.0,-2.0999999999999996,-6.249999999999997,-99.60411400000004,-99.2809999999936,1,1
0.01,1.0,1440,1,30,30,0,0,75,5.3,3,25,5,0.01,1,inc_every1,3.9588600000008114,7.190000000064245,-47.598025408062675,-54.31334824566878,96.52396171744738,92.84932869212935,3.958859999999685,7.190000000063989,365.0,331.0,0.0,0.0,16.0,15.0,1.0,0.0,3.0,3.0,108.0,84.0,-2.0999999999999996,-6.249999999999997,-99.60411400000004,-99.2809999999936,1,1
0.01,1.0,1440,1,30,30,0,0,75,5.3,3,40,5,0.01,3,inc_every3,3.957180000000939,10.110000000068304,-47.60247631016632,-49.4364816718628,96.80692326313509,89.9453008452838,3.957180000000214,10.110000000067203,650.0,352.0,0.0,0.0,16.0,10.0,1.0,0.0,3.0,3.0,183.0,97.0,-7.6499999999999995,-12.070000000000004,-99.60428199999998,-98.98899999999328,1,1
0.01,1.0,1440,1,30,30,0,0,75,5.3,3,40,5,0.01,1,inc_every1,3.957180000000939,10.110000000068304,-47.60247631016632,-49.4364816718628,96.80692326313509,89.9453008452838,3.957180000000214,10.110000000067203,650.0,352.0,0.0,0.0,16.0,10.0,1.0,0.0,3.0,3.0,183.0,97.0,-7.6499999999999995,-12.070000000000004,-99.60428199999998,-98.98899999999328,1,1
0.01,1.0,1440,1,30,30,0,0,75,5.3,3,40,99,0.0,1,flat,3.957180000000939,10.110000000068304,-47.60247631016632,-49.4364816718628,96.80692326313509,89.9453008452838,3.957180000000214,10.110000000067203,650.0,352.0,0.0,0.0,16.0,10.0,1.0,0.0,3.0,3.0,183.0,97.0,-7.6499999999999995,-12.070000000000004,-99.60428199999998,-98.98899999999328,1,1
0.01,1.0,1440,1,30,30,0,0,75,5.3,3,40,3,0.01,2,inc_every2,3.957180000000939,10.110000000068304,-47.60247631016632,-49.4364816718628,96.80692326313509,89.9453008452838,3.957180000000214,10.110000000067203,650.0,352.0,0.0,0.0,16.0,10.0,1.0,0.0,3.0,3.0,183.0,97.0,-7.6499999999999995,-12.070000000000004,-99.60428199999998,-98.98899999999328,1,1
0.01,1.0,1440,1,30,30,0,0,150,5.3,8,25,5,0.01,1,inc_every1,3.9537300000004727,4.22079999999994,-47.61162129661868,-61.01031527690617,96.43968482665434,95.87812500000061,3.9537300000004727,4.22079999999994,278.0,416.0,0.0,0.0,12.0,16.0,1.0,1.0,6.0,6.0,0.0,0.0,-1.4100000000000001,-7.389999999999999,-99.60462699999995,-99.57792,1,1
0.01,1.0,1440,1,30,30,0,0,150,5.3,18,25,5,0.01,3,inc_every3,3.9537300000004727,4.22079999999994,-47.61162129661868,-61.01031527690617,96.43968482665434,95.87812500000061,3.9537300000004727,4.22079999999994,278.0,416.0,0.0,0.0,12.0,16.0,1.0,1.0,6.0,6.0,0.0,0.0,-1.4100000000000001,-7.389999999999999,-99.60462699999995,-99.57792,1,1
0.01,1.0,1440,1,30,30,0,0,150,5.3,12,25,5,0.01,3,inc_every3,3.9537300000004727,4.22079999999994,-47.61162129661868,-61.01031527690617,96.43968482665434,95.87812500000061,3.9537300000004727,4.22079999999994,278.0,416.0,0.0,0.0,12.0,16.0,1.0,1.0,6.0,6.0,0.0,0.0,-1.4100000000000001,-7.389999999999999,-99.60462699999995,-99.57792,1,1
0.01,1.0,1440,1,30,30,0,0,150,5.3,18,25,5,0.01,1,inc_every1,3.9537300000004727,4.22079999999994,-47.61162129661868,-61.01031527690617,96.43968482665434,95.87812500000061,3.9537300000004727,4.22079999999994,278.0,416.0,0.0,0.0,12.0,16.0,1.0,1.0,6.0,6.0,0.0,0.0,-1.4100000000000001,-7.389999999999999,-99.60462699999995,-99.57792,1,1
0.01,1.0,1440,1,30,30,0,0,150,5.3,12,25,5,0.01,1,inc_every1,3.9537300000004727,4.22079999999994,-47.61162129661868,-61.01031527690617,96.43968482665434,95.87812500000061,3.9537300000004727,4.22079999999994,278.0,416.0,0.0,0.0,12.0,16.0,1.0,1.0,6.0,6.0,0.0,0.0,-1.4100000000000001,-7.389999999999999,-99.60462699999995,-99.57792,1,1
0.01,1.0,1440,1,30,30,0,0,150,5.3,8,25,5,0.01,3,inc_every3,3.9537300000004727,4.22079999999994,-47.61162129661868,-61.01031527690617,96.43968482665434,95.87812500000061,3.9537300000004727,4.22079999999994,278.0,416.0,0.0,0.0,12.0,16.0,1.0,1.0,6.0,6.0,0.0,0.0,-1.4100000000000001,-7.389999999999999,-99.60462699999995,-99.57792,1,1
0.01,1.0,1440,1,30,30,0,0,100,18.0,3,25,5,0.01,3,inc_every3,3.953400000000677,1.550000000028728,-47.61249636888184,-71.06089099461441,96.66548582995905,98.73158756135132,3.953400000000613,1.550000000028728,173.0,237.0,0.0,0.0,28.0,36.0,1.0,1.0,3.0,3.0,101.0,122.0,-6.210000000000001,-24.270000000000042,-99.60465999999994,-99.84499999999713,1,1
0.01,1.0,1440,1,30,30,0,0,100,18.0,3,25,3,0.01,2,inc_every2,3.953400000000677,1.550000000028728,-47.61249636888184,-71.06089099461441,96.66548582995905,98.73158756135132,3.953400000000613,1.550000000028728,173.0,237.0,0.0,0.0,28.0,36.0,1.0,1.0,3.0,3.0,101.0,122.0,-6.210000000000001,-24.270000000000042,-99.60465999999994,-99.84499999999713,1,1
0.01,1.0,1440,1,30,30,0,0,100,18.0,3,25,5,0.01,1,inc_every1,3.953400000000677,1.550000000028728,-47.61249636888184,-71.06089099461441,96.66548582995905,98.73158756135132,3.953400000000613,1.550000000028728,173.0,237.0,0.0,0.0,28.0,36.0,1.0,1.0,3.0,3.0,101.0,122.0,-6.210000000000001,-24.270000000000042,-99.60465999999994,-99.84499999999713,1,1
0.01,1.0,1440,1,30,30,0,0,100,18.0,3,25,99,0.0,1,flat,3.953400000000677,1.550000000028728,-47.61249636888184,-71.06089099461441,96.66548582995905,98.73158756135132,3.953400000000613,1.550000000028728,173.0,237.0,0.0,0.0,28.0,36.0,1.0,1.0,3.0,3.0,101.0,122.0,-6.210000000000001,-24.270000000000042,-99.60465999999994,-99.84499999999713,1,1
0.01,1.0,1440,1,30,30,0,0,50,8.0,3,25,5,0.01,1,inc_every1,3.950220000000254,3.2029199999998568,-47.62093187907672,-64.0841981942632,96.65178843871882,97.0601927489681,3.950219999999767,3.202919999999814,394.0,331.0,0.0,0.0,29.0,25.0,1.0,1.0,3.0,3.0,196.0,171.0,-6.67,-12.650000000000004,-99.60497800000002,-99.67970800000002,1,1
0.01,1.0,1440,1,30,30,0,0,50,8.0,3,25,3,0.01,2,inc_every2,3.950220000000254,3.2029199999998568,-47.62093187907672,-64.0841981942632,96.65178843871882,97.0601927489681,3.950219999999767,3.202919999999814,394.0,331.0,0.0,0.0,29.0,25.0,1.0,1.0,3.0,3.0,196.0,171.0,-6.67,-12.650000000000004,-99.60497800000002,-99.67970800000002,1,1
0.01,1.0,1440,1,30,30,0,0,50,8.0,3,25,99,0.0,1,flat,3.950220000000254,3.2029199999998568,-47.62093187907672,-64.0841981942632,96.65178843871882,97.0601927489681,3.950219999999767,3.202919999999814,394.0,331.0,0.0,0.0,29.0,25.0,1.0,1.0,3.0,3.0,196.0,171.0,-6.67,-12.650000000000004,-99.60497800000002,-99.67970800000002,1,1
0.01,1.0,1440,1,30,30,0,0,50,8.0,3,25,5,0.01,3,inc_every3,3.950220000000254,3.2029199999998568,-47.62093187907672,-64.0841981942632,96.65178843871882,97.0601927489681,3.950219999999767,3.202919999999814,394.0,331.0,0.0,0.0,29.0,25.0,1.0,1.0,3.0,3.0,196.0,171.0,-6.67,-12.650000000000004,-99.60497800000002,-99.67970800000002,1,1
0.01,1.0,1440,1,30,30,0,0,300,5.3,3,40,99,0.0,1,flat,3.950160000000764,10.560000000017787,-47.62109109184727,-48.776968184356676,96.54071284700966,89.5186104218194,3.95015999999989,10.560000000017105,218.0,375.0,0.0,0.0,5.0,8.0,1.0,0.0,3.0,3.0,13.0,26.0,-2.2400000000000007,-10.979999999999997,-99.60498400000002,-98.94399999999828,1,1
0.01,1.0,1440,1,30,30,0,0,300,5.3,3,40,3,0.01,2,inc_every2,3.950160000000764,10.560000000017787,-47.62109109184727,-48.776968184356676,96.54071284700966,89.5186104218194,3.95015999999989,10.560000000017105,218.0,375.0,0.0,0.0,5.0,8.0,1.0,0.0,3.0,3.0,13.0,26.0,-2.2400000000000007,-10.979999999999997,-99.60498400000002,-98.94399999999828,1,1
0.01,1.0,1440,1,30,30,0,0,300,5.3,3,40,5,0.01,1,inc_every1,3.950160000000764,10.560000000017787,-47.62109109184727,-48.776968184356676,96.54071284700966,89.5186104218194,3.95015999999989,10.560000000017105,218.0,375.0,0.0,0.0,5.0,8.0,1.0,0.0,3.0,3.0,13.0,26.0,-2.2400000000000007,-10.979999999999997,-99.60498400000002,-98.94399999999828,1,1
0.01,1.0,1440,1,30,30,0,0,300,5.3,3,40,5,0.01,3,inc_every3,3.950160000000764,10.560000000017787,-47.62109109184727,-48.776968184356676,96.54071284700966,89.5186104218194,3.95015999999989,10.560000000017105,218.0,375.0,0.0,0.0,5.0,8.0,1.0,0.0,3.0,3.0,13.0,26.0,-2.2400000000000007,-10.979999999999997,-99.60498400000002,-98.94399999999828,1,1
0.01,1.0,1440,1,30,30,0,0,50,5.3,3,25,5,0.01,3,inc_every3,3.9490500000007174,3.2315700000006427,-47.62403687709767,-63.988895936332405,96.47877842175656,96.7978894173607,3.9490500000001063,3.231569999999614,196.0,425.0,0.0,0.0,11.0,20.0,1.0,1.0,3.0,3.0,84.0,162.0,-1.3,-10.01,-99.60509499999999,-99.67684300000003,1,1
0.01,1.0,1440,1,30,30,0,0,50,5.3,3,25,99,0.0,1,flat,3.9490500000007174,3.2315700000006427,-47.62403687709767,-63.988895936332405,96.47877842175656,96.7978894173607,3.9490500000001063,3.231569999999614,196.0,425.0,0.0,0.0,11.0,20.0,1.0,1.0,3.0,3.0,84.0,162.0,-1.3,-10.01,-99.60509499999999,-99.67684300000003,1,1
0.01,1.0,1440,1,30,30,0,0,50,5.3,3,25,3,0.01,2,inc_every2,3.9490500000007174,3.2315700000006427,-47.62403687709767,-63.988895936332405,96.47877842175656,96.7978894173607,3.9490500000001063,3.231569999999614,196.0,425.0,0.0,0.0,11.0,20.0,1.0,1.0,3.0,3.0,84.0,162.0,-1.3,-10.01,-99.60509499999999,-99.67684300000003,1,1
0.01,1.0,1440,1,30,30,0,0,50,5.3,3,25,5,0.01,1,inc_every1,3.9490500000007174,3.2315700000006427,-47.62403687709767,-63.988895936332405,96.47877842175656,96.7978894173607,3.9490500000001063,3.231569999999614,196.0,425.0,0.0,0.0,11.0,20.0,1.0,1.0,3.0,3.0,84.0,162.0,-1.3,-10.01,-99.60509499999999,-99.67684300000003,1,1
0.01,1.0,1440,1,30,30,0,0,200,18.0,3,40,3,0.01,2,inc_every2,3.9486000000001873,3.5112000000008265,-47.62523130304166,-63.08850032028332,97.44394096323154,97.53945339873883,3.9486000000001873,3.5112000000000023,190.0,269.0,0.0,0.0,16.0,22.0,1.0,1.0,3.0,3.0,61.0,86.0,-9.159999999999998,-34.350000000000094,-99.60513999999998,-99.64888,1,1
0.01,1.0,1440,1,30,30,0,0,200,18.0,3,40,5,0.01,3,inc_every3,3.9486000000001873,3.5112000000008265,-47.62523130304166,-63.08850032028332,97.44394096323154,97.53945339873883,3.9486000000001873,3.5112000000000023,190.0,269.0,0.0,0.0,16.0,22.0,1.0,1.0,3.0,3.0,61.0,86.0,-9.159999999999998,-34.350000000000094,-99.60513999999998,-99.64888,1,1
0.01,1.0,1440,1,30,30,0,0,200,18.0,3,40,99,0.0,1,flat,3.9486000000001873,3.5112000000008265,-47.62523130304166,-63.08850032028332,97.44394096323154,97.53945339873883,3.9486000000001873,3.5112000000000023,190.0,269.0,0.0,0.0,16.0,22.0,1.0,1.0,3.0,3.0,61.0,86.0,-9.159999999999998,-34.350000000000094,-99.60513999999998,-99.64888,1,1
0.01,1.0,1440,1,30,30,0,0,200,18.0,3,40,5,0.01,1,inc_every1,3.9486000000001873,3.5112000000008265,-47.62523130304166,-63.08850032028332,97.44394096323154,97.53945339873883,3.9486000000001873,3.5112000000000023,190.0,269.0,0.0,0.0,16.0,22.0,1.0,1.0,3.0,3.0,61.0,86.0,-9.159999999999998,-34.350000000000094,-99.60513999999998,-99.64888,1,1
0.01,1.0,1440,1,30,30,0,0,150,18.0,3,25,5,0.01,1,inc_every1,3.9486000000000523,3.3546300000003626,-47.625231303042014,-63.586165081045955,96.6647520905486,96.7030663390667,3.9485999999996366,3.3546299999999114,185.0,223.0,0.0,0.0,27.0,30.0,1.0,1.0,3.0,3.0,78.0,86.0,-6.39,-18.360000000000014,-99.60514000000003,-99.66453700000001,1,1
0.01,1.0,1440,1,30,30,0,0,150,18.0,3,25,99,0.0,1,flat,3.9486000000000523,3.3546300000003626,-47.625231303042014,-63.586165081045955,96.6647520905486,96.7030663390667,3.9485999999996366,3.3546299999999114,185.0,223.0,0.0,0.0,27.0,30.0,1.0,1.0,3.0,3.0,78.0,86.0,-6.39,-18.360000000000014,-99.60514000000003,-99.66453700000001,1,1
0.01,1.0,1440,1,30,30,0,0,150,18.0,3,25,3,0.01,2,inc_every2,3.9486000000000523,3.3546300000003626,-47.625231303042014,-63.586165081045955,96.6647520905486,96.7030663390667,3.9485999999996366,3.3546299999999114,185.0,223.0,0.0,0.0,27.0,30.0,1.0,1.0,3.0,3.0,78.0,86.0,-6.39,-18.360000000000014,-99.60514000000003,-99.66453700000001,1,1
0.01,1.0,1440,1,30,30,0,0,150,18.0,3,25,5,0.01,3,inc_every3,3.9486000000000523,3.3546300000003626,-47.625231303042014,-63.586165081045955,96.6647520905486,96.7030663390667,3.9485999999996366,3.3546299999999114,185.0,223.0,0.0,0.0,27.0,30.0,1.0,1.0,3.0,3.0,78.0,86.0,-6.39,-18.360000000000014,-99.60514000000003,-99.66453700000001,1,1
0.01,1.0,1440,1,30,30,0,0,75,5.3,18,15,99,0.0,1,flat,3.9455400000005234,4.284960000000535,-47.633356288265624,-60.834881540865524,96.75477874650454,95.77961193735847,3.9455400000000242,4.284960000000101,360.0,143.0,0.0,0.0,30.0,14.0,1.0,1.0,6.0,6.0,0.0,0.0,-1.6600000000000004,-0.78,-99.605446,-99.57150399999999,1,1
0.01,1.0,1440,1,30,30,0,0,75,5.3,8,15,99,0.0,1,flat,3.9455400000005234,4.284960000000535,-47.633356288265624,-60.834881540865524,96.75477874650454,95.77961193735847,3.9455400000000242,4.284960000000101,360.0,143.0,0.0,0.0,30.0,14.0,1.0,1.0,6.0,6.0,0.0,0.0,-1.6600000000000004,-0.78,-99.605446,-99.57150399999999,1,1
0.01,1.0,1440,1,30,30,0,0,75,5.3,12,15,99,0.0,1,flat,3.9455400000005234,4.284960000000535,-47.633356288265624,-60.834881540865524,96.75477874650454,95.77961193735847,3.9455400000000242,4.284960000000101,360.0,143.0,0.0,0.0,30.0,14.0,1.0,1.0,6.0,6.0,0.0,0.0,-1.6600000000000004,-0.78,-99.605446,-99.57150399999999,1,1
0.01,1.0,1440,1,30,30,0,0,300,18.0,3,40,3,0.01,2,inc_every2,3.945389999999694,3.220140000000157,-47.63375470143464,-64.02684560964673,96.70448546608812,97.08162044589454,3.9453899999994775,3.2201400000000575,223.0,139.0,0.0,0.0,16.0,10.0,1.0,1.0,3.0,3.0,48.0,24.0,-10.04,-11.979999999999997,-99.60546100000005,-99.67798599999999,1,1
0.01,1.0,1440,1,30,30,0,0,300,18.0,3,40,5,0.01,3,inc_every3,3.945389999999694,3.220140000000157,-47.63375470143464,-64.02684560964673,96.70448546608812,97.08162044589454,3.9453899999994775,3.2201400000000575,223.0,139.0,0.0,0.0,16.0,10.0,1.0,1.0,3.0,3.0,48.0,24.0,-10.04,-11.979999999999997,-99.60546100000005,-99.67798599999999,1,1
0.01,1.0,1440,1,30,30,0,0,300,18.0,3,40,99,0.0,1,flat,3.945389999999694,3.220140000000157,-47.63375470143464,-64.02684560964673,96.70448546608812,97.08162044589454,3.9453899999994775,3.2201400000000575,223.0,139.0,0.0,0.0,16.0,10.0,1.0,1.0,3.0,3.0,48.0,24.0,-10.04,-11.979999999999997,-99.60546100000005,-99.67798599999999,1,1
0.01,1.0,1440,1,30,30,0,0,300,18.0,3,40,5,0.01,1,inc_every1,3.945389999999694,3.220140000000157,-47.63375470143464,-64.02684560964673,96.70448546608812,97.08162044589454,3.9453899999994775,3.2201400000000575,223.0,139.0,0.0,0.0,16.0,10.0,1.0,1.0,3.0,3.0,48.0,24.0,-10.04,-11.979999999999997,-99.60546100000005,-99.67798599999999,1,1
0.01,1.0,1440,1,30,30,0,0,100,8.0,3,40,5,0.01,1,inc_every1,3.945300000000401,3.280440000000013,-47.63399375514859,-63.82769379458508,96.66528611275471,96.75781775054374,3.9453000000000173,3.28043999999986,205.0,373.0,0.0,1.0,9.0,15.0,1.0,1.0,3.0,3.0,63.0,114.0,-2.77,-23.36000000000004,-99.60547,-99.67195600000001,1,1
0.01,1.0,1440,1,30,30,0,0,100,8.0,3,40,3,0.01,2,inc_every2,3.945300000000401,3.280440000000013,-47.63399375514859,-63.82769379458508,96.66528611275471,96.75781775054374,3.9453000000000173,3.28043999999986,205.0,373.0,0.0,1.0,9.0,15.0,1.0,1.0,3.0,3.0,63.0,114.0,-2.77,-23.36000000000004,-99.60547,-99.67195600000001,1,1
0.01,1.0,1440,1,30,30,0,0,100,8.0,3,40,5,0.01,3,inc_every3,3.945300000000401,3.280440000000013,-47.63399375514859,-63.82769379458508,96.66528611275471,96.75781775054374,3.9453000000000173,3.28043999999986,205.0,373.0,0.0,1.0,9.0,15.0,1.0,1.0,3.0,3.0,63.0,114.0,-2.77,-23.36000000000004,-99.60547,-99.67195600000001,1,1
0.01,1.0,1440,1,30,30,0,0,100,8.0,3,40,99,0.0,1,flat,3.945300000000401,3.280440000000013,-47.63399375514859,-63.82769379458508,96.66528611275471,96.75781775054374,3.9453000000000173,3.28043999999986,205.0,373.0,0.0,1.0,9.0,15.0,1.0,1.0,3.0,3.0,63.0,114.0,-2.77,-23.36000000000004,-99.60547,-99.67195600000001,1,1
0.01,1.0,1440,1,30,30,0,0,150,8.0,3,25,5,0.01,1,inc_every1,3.945300000000394,3.1813800000001624,-47.63399375514861,-64.15624460747192,96.49649231862209,96.89560889929756,3.9452999999998397,3.181379999999912,192.0,210.0,0.0,0.0,12.0,13.0,1.0,1.0,3.0,3.0,39.0,47.0,-1.36,-6.109999999999999,-99.60547000000001,-99.68186200000001,1,1
0.01,1.0,1440,1,30,30,0,0,150,8.0,3,25,3,0.01,2,inc_every2,3.945300000000394,3.1813800000001624,-47.63399375514861,-64.15624460747192,96.49649231862209,96.89560889929756,3.9452999999998397,3.181379999999912,192.0,210.0,0.0,0.0,12.0,13.0,1.0,1.0,3.0,3.0,39.0,47.0,-1.36,-6.109999999999999,-99.60547000000001,-99.68186200000001,1,1
0.01,1.0,1440,1,30,30,0,0,150,8.0,3,25,5,0.01,3,inc_every3,3.945300000000394,3.1813800000001624,-47.63399375514861,-64.15624460747192,96.49649231862209,96.89560889929756,3.9452999999998397,3.181379999999912,192.0,210.0,0.0,0.0,12.0,13.0,1.0,1.0,3.0,3.0,39.0,47.0,-1.36,-6.109999999999999,-99.60547000000001,-99.68186200000001,1,1
0.01,1.0,1440,1,30,30,0,0,150,8.0,3,25,99,0.0,1,flat,3.945300000000394,3.1813800000001624,-47.63399375514861,-64.15624460747192,96.49649231862209,96.89560889929756,3.9452999999998397,3.181379999999912,192.0,210.0,0.0,0.0,12.0,13.0,1.0,1.0,3.0,3.0,39.0,47.0,-1.36,-6.109999999999999,-99.60547000000001,-99.68186200000001,1,1
0.01,1.0,1440,1,30,30,0,0,75,12.0,3,40,5,0.01,3,inc_every3,3.943410000000103,3.3619500000005527,-47.63901489108386,-63.56253860067177,96.66857311818875,96.71620433678456,3.9434100000000782,3.3619499999999896,293.0,298.0,0.0,0.0,20.0,20.0,1.0,1.0,3.0,3.0,149.0,140.0,-8.609999999999998,-27.650000000000052,-99.60565899999999,-99.663805,1,1
0.01,1.0,1440,1,30,30,0,0,75,12.0,3,40,3,0.01,2,inc_every2,3.943410000000103,3.3619500000005527,-47.63901489108386,-63.56253860067177,96.66857311818875,96.71620433678456,3.9434100000000782,3.3619499999999896,293.0,298.0,0.0,0.0,20.0,20.0,1.0,1.0,3.0,3.0,149.0,140.0,-8.609999999999998,-27.650000000000052,-99.60565899999999,-99.663805,1,1
0.01,1.0,1440,1,30,30,0,0,75,12.0,3,40,5,0.01,1,inc_every1,3.943410000000103,3.3619500000005527,-47.63901489108386,-63.56253860067177,96.66857311818875,96.71620433678456,3.9434100000000782,3.3619499999999896,293.0,298.0,0.0,0.0,20.0,20.0,1.0,1.0,3.0,3.0,149.0,140.0,-8.609999999999998,-27.650000000000052,-99.60565899999999,-99.663805,1,1
0.01,1.0,1440,1,30,30,0,0,75,12.0,3,40,99,0.0,1,flat,3.943410000000103,3.3619500000005527,-47.63901489108386,-63.56253860067177,96.66857311818875,96.71620433678456,3.9434100000000782,3.3619499999999896,293.0,298.0,0.0,0.0,20.0,20.0,1.0,1.0,3.0,3.0,149.0,140.0,-8.609999999999998,-27.650000000000052,-99.60565899999999,-99.663805,1,1
0.01,1.0,1440,1,30,30,0,0,75,3.0,18,40,3,0.01,2,inc_every2,3.9427500000004674,3.2373000000004275,-47.64076875710287,-63.96990676889771,97.06181533646536,97.79310109755444,3.9427499999998155,3.2372999999994576,578.0,477.0,0.0,0.0,11.0,9.0,1.0,2.0,8.0,8.0,0.0,0.0,-2.0900000000000003,-4.86,-99.60572500000002,-99.67627000000006,1,1
0.01,1.0,1440,1,30,30,0,0,75,3.0,8,40,3,0.01,2,inc_every2,3.9427500000004674,3.2373000000004275,-47.64076875710287,-63.96990676889771,97.06181533646536,97.79310109755444,3.9427499999998155,3.2372999999994576,578.0,477.0,0.0,0.0,11.0,9.0,1.0,2.0,8.0,8.0,12.0,11.0,-2.0900000000000003,-4.86,-99.60572500000002,-99.67627000000006,1,1
0.01,1.0,1440,1,30,30,0,0,75,3.0,12,40,3,0.01,2,inc_every2,3.9427500000004674,3.2373000000004275,-47.64076875710287,-63.96990676889771,97.06181533646536,97.79310109755444,3.9427499999998155,3.2372999999994576,578.0,477.0,0.0,0.0,11.0,9.0,1.0,2.0,8.0,8.0,0.0,0.0,-2.0900000000000003,-4.86,-99.60572500000002,-99.67627000000006,1,1
0.01,1.0,1440,1,30,30,0,0,200,18.0,3,25,5,0.01,3,inc_every3,3.9378300000006377,3.4300000000300166,-47.65385043664615,-63.3446068445577,96.53329518443488,96.66147556936991,3.9378300000004884,3.430000000029345,202.0,130.0,0.0,0.0,26.0,18.0,1.0,0.0,3.0,3.0,69.0,39.0,-5.049999999999999,-9.37,-99.60621699999996,-99.65699999999707,1,1
0.01,1.0,1440,1,30,30,0,0,200,18.0,3,25,5,0.01,1,inc_every1,3.9378300000006377,3.4300000000300166,-47.65385043664615,-63.3446068445577,96.53329518443488,96.66147556936991,3.9378300000004884,3.430000000029345,202.0,130.0,0.0,0.0,26.0,18.0,1.0,0.0,3.0,3.0,69.0,39.0,-5.049999999999999,-9.37,-99.60621699999996,-99.65699999999707,1,1
0.01,1.0,1440,1,30,30,0,0,200,18.0,3,25,3,0.01,2,inc_every2,3.9378300000006377,3.4300000000300166,-47.65385043664615,-63.3446068445577,96.53329518443488,96.66147556936991,3.9378300000004884,3.430000000029345,202.0,130.0,0.0,0.0,26.0,18.0,1.0,0.0,3.0,3.0,69.0,39.0,-5.049999999999999,-9.37,-99.60621699999996,-99.65699999999707,1,1
0.01,1.0,1440,1,30,30,0,0,200,18.0,3,25,99,0.0,1,flat,3.9378300000006377,3.4300000000300166,-47.65385043664615,-63.3446068445577,96.53329518443488,96.66147556936991,3.9378300000004884,3.430000000029345,202.0,130.0,0.0,0.0,26.0,18.0,1.0,0.0,3.0,3.0,69.0,39.0,-5.049999999999999,-9.37,-99.60621699999996,-99.65699999999707,1,1
0.01,1.0,1440,1,30,30,0,0,75,18.0,12,40,5,0.01,1,inc_every1,3.936690000000068,5.595599999999337,-47.65688342295826,-57.59778602285498,97.5244057351289,97.75114540631927,3.9366899999993983,5.595599999999152,101.0,228.0,0.0,0.0,18.0,38.0,2.0,3.0,9.0,9.0,0.0,0.0,-5.71,-23.430000000000014,-99.60633100000005,-99.44044000000008,1,1
0.01,1.0,1440,1,30,30,0,0,75,18.0,18,40,5,0.01,1,inc_every1,3.936690000000068,5.595599999999337,-47.65688342295826,-57.59778602285498,97.5244057351289,97.75114540631927,3.9366899999993983,5.595599999999152,101.0,228.0,0.0,0.0,18.0,38.0,2.0,3.0,9.0,9.0,0.0,0.0,-5.71,-23.430000000000014,-99.60633100000005,-99.44044000000008,1,1
0.01,1.0,1440,1,30,30,0,0,75,12.0,12,40,5,0.01,1,inc_every1,3.9359700000004967,3.1804500000001497,-47.65879935524967,-64.15936295274702,97.37496998799615,98.70771199870069,3.9359700000001823,3.180449999999995,168.0,217.0,0.0,0.0,18.0,22.0,2.0,2.0,9.0,9.0,0.0,0.0,-4.510000000000001,-10.450000000000001,-99.60640299999999,-99.681955,1,1
0.01,1.0,1440,1,30,30,0,0,75,12.0,18,40,5,0.01,1,inc_every1,3.9359700000004967,3.1804500000001497,-47.65879935524967,-64.15936295274702,97.37496998799615,98.70771199870069,3.9359700000001823,3.180449999999995,168.0,217.0,0.0,0.0,18.0,22.0,2.0,2.0,9.0,9.0,0.0,0.0,-4.510000000000001,-10.450000000000001,-99.60640299999999,-99.681955,1,1
0.01,1.0,1440,1,30,30,0,0,75,3.0,3,40,5,0.01,1,inc_every1,3.9351300000007132,3.198660000000668,-47.66103496394255,-64.09841986924822,96.42650744642214,96.80644968051124,3.935130000000198,3.198659999999961,422.0,463.0,0.0,0.0,7.0,7.0,1.0,1.0,3.0,3.0,81.0,89.0,-2.23,-7.199999999999999,-99.60648699999999,-99.68013400000001,1,1
0.01,1.0,1440,1,30,30,0,0,75,3.0,3,40,5,0.01,3,inc_every3,3.9351300000007132,3.198660000000668,-47.66103496394255,-64.09841986924822,96.42650744642214,96.80644968051124,3.935130000000198,3.198659999999961,422.0,463.0,0.0,0.0,7.0,7.0,1.0,1.0,3.0,3.0,81.0,89.0,-2.23,-7.199999999999999,-99.60648699999999,-99.68013400000001,1,1
0.01,1.0,1440,1,30,30,0,0,75,3.0,3,40,99,0.0,1,flat,3.9351300000007132,3.198660000000668,-47.66103496394255,-64.09841986924822,96.42650744642214,96.80644968051124,3.935130000000198,3.198659999999961,422.0,463.0,0.0,0.0,7.0,7.0,1.0,1.0,3.0,3.0,81.0,89.0,-2.23,-7.199999999999999,-99.60648699999999,-99.68013400000001,1,1
0.01,1.0,1440,1,30,30,0,0,75,3.0,3,40,3,0.01,2,inc_every2,3.9351300000007132,3.198660000000668,-47.66103496394255,-64.09841986924822,96.42650744642214,96.80644968051124,3.935130000000198,3.198659999999961,422.0,463.0,0.0,0.0,7.0,7.0,1.0,1.0,3.0,3.0,81.0,89.0,-2.23,-7.199999999999999,-99.60648699999999,-99.68013400000001,1,1
0.01,1.0,1440,1,30,30,0,0,200,12.0,3,40,3,0.01,2,inc_every2,3.935129999999848,5.340000000050061,-47.66103496394485,-58.18365009172479,97.04747148859606,96.12172271040114,3.9351299999994502,5.3400000000492085,286.0,355.0,0.0,0.0,15.0,19.0,1.0,0.0,3.0,3.0,67.0,80.0,-8.539999999999997,-29.100000000000065,-99.60648700000006,-99.46599999999508,1,1
0.01,1.0,1440,1,30,30,0,0,200,12.0,3,40,5,0.01,3,inc_every3,3.935129999999848,5.340000000050061,-47.66103496394485,-58.18365009172479,97.04747148859606,96.12172271040114,3.9351299999994502,5.3400000000492085,286.0,355.0,0.0,0.0,15.0,19.0,1.0,0.0,3.0,3.0,67.0,80.0,-8.539999999999997,-29.100000000000065,-99.60648700000006,-99.46599999999508,1,1
0.01,1.0,1440,1,30,30,0,0,200,12.0,3,40,5,0.01,1,inc_every1,3.935129999999848,5.340000000050061,-47.66103496394485,-58.18365009172479,97.04747148859606,96.12172271040114,3.9351299999994502,5.3400000000492085,286.0,355.0,0.0,0.0,15.0,19.0,1.0,0.0,3.0,3.0,67.0,80.0,-8.539999999999997,-29.100000000000065,-99.60648700000006,-99.46599999999508,1,1
0.01,1.0,1440,1,30,30,0,0,200,12.0,3,40,99,0.0,1,flat,3.935129999999848,5.340000000050061,-47.66103496394485,-58.18365009172479,97.04747148859606,96.12172271040114,3.9351299999994502,5.3400000000492085,286.0,355.0,0.0,0.0,15.0,19.0,1.0,0.0,3.0,3.0,67.0,80.0,-8.539999999999997,-29.100000000000065,-99.60648700000006,-99.46599999999508,1,1
0.01,1.0,1440,1,30,30,0,0,50,3.0,12,40,5,0.01,1,inc_every1,3.9335100000005667,4.19344000000126,-47.66534757317608,-61.08569611929355,97.67013563940246,95.93422532480106,3.933509999999824,4.1934400000003205,573.0,167.0,0.0,0.0,12.0,4.0,2.0,2.0,10.0,10.0,0.0,0.0,-1.8200000000000003,-0.6300000000000001,-99.60664900000002,-99.58065599999996,1,1
0.01,1.0,1440,1,30,30,0,0,50,3.0,18,40,5,0.01,1,inc_every1,3.9335100000005667,4.19344000000126,-47.66534757317608,-61.08569611929355,97.67013563940246,95.93422532480106,3.933509999999824,4.1934400000003205,573.0,167.0,0.0,0.0,12.0,4.0,2.0,2.0,10.0,10.0,0.0,0.0,-1.8200000000000003,-0.6300000000000001,-99.60664900000002,-99.58065599999996,1,1
0.01,1.0,1440,1,30,30,0,0,300,12.0,3,25,99,0.0,1,flat,3.9322500000002876,8.860000000021746,-47.66870280711844,-51.38380541962751,96.38447039352697,91.86932183167725,3.9322500000001064,8.860000000021735,132.0,206.0,0.0,0.0,11.0,16.0,1.0,0.0,3.0,3.0,21.0,28.0,-1.4600000000000002,-9.81,-99.60677499999998,-99.11399999999783,1,1
0.01,1.0,1440,1,30,30,0,0,300,12.0,3,25,5,0.01,3,inc_every3,3.9322500000002876,8.860000000021746,-47.66870280711844,-51.38380541962751,96.38447039352697,91.86932183167725,3.9322500000001064,8.860000000021735,132.0,206.0,0.0,0.0,11.0,16.0,1.0,0.0,3.0,3.0,21.0,28.0,-1.4600000000000002,-9.81,-99.60677499999998,-99.11399999999783,1,1
0.01,1.0,1440,1,30,30,0,0,300,12.0,3,25,3,0.01,2,inc_every2,3.9322500000002876,8.860000000021746,-47.66870280711844,-51.38380541962751,96.38447039352697,91.86932183167725,3.9322500000001064,8.860000000021735,132.0,206.0,0.0,0.0,11.0,16.0,1.0,0.0,3.0,3.0,21.0,28.0,-1.4600000000000002,-9.81,-99.60677499999998,-99.11399999999783,1,1
0.01,1.0,1440,1,30,30,0,0,300,12.0,3,25,5,0.01,1,inc_every1,3.9322500000002876,8.860000000021746,-47.66870280711844,-51.38380541962751,96.38447039352697,91.86932183167725,3.9322500000001064,8.860000000021735,132.0,206.0,0.0,0.0,11.0,16.0,1.0,0.0,3.0,3.0,21.0,28.0,-1.4600000000000002,-9.81,-99.60677499999998,-99.11399999999783,1,1
0.01,1.0,1440,1,30,30,0,0,100,3.0,8,40,3,0.01,2,inc_every2,3.931170000000341,3.138419999999865,-47.67157940645161,-64.30096562466261,96.91285534788854,96.91888867072467,3.931170000000341,3.138419999999865,683.0,139.0,0.0,0.0,10.0,3.0,2.0,2.0,7.0,7.0,0.0,0.0,-2.2800000000000002,-0.8200000000000002,-99.60688299999997,-99.68615800000002,1,1
0.01,1.0,1440,1,30,30,0,0,100,3.0,12,40,3,0.01,2,inc_every2,3.931170000000341,3.138419999999865,-47.67157940645161,-64.30096562466261,96.91285534788854,96.91888867072467,3.931170000000341,3.138419999999865,683.0,139.0,0.0,0.0,10.0,3.0,2.0,2.0,7.0,7.0,0.0,0.0,-2.2800000000000002,-0.8200000000000002,-99.60688299999997,-99.68615800000002,1,1
0.01,1.0,1440,1,30,30,0,0,100,3.0,18,40,3,0.01,2,inc_every2,3.931170000000341,3.138419999999865,-47.67157940645161,-64.30096562466261,96.91285534788854,96.91888867072467,3.931170000000341,3.138419999999865,683.0,139.0,0.0,0.0,10.0,3.0,2.0,2.0,7.0,7.0,0.0,0.0,-2.2800000000000002,-0.8200000000000002,-99.60688299999997,-99.68615800000002,1,1
0.01,1.0,1440,1,30,30,0,0,200,8.0,5,15,5,0.01,3,inc_every3,3.9295500000005763,4.2700000000707465,-47.67589549092399,-60.87562108982163,96.61537467700269,97.2238476041418,3.92954999999996,4.270000000070027,516.0,478.0,0.0,0.0,44.0,41.0,1.0,0.0,4.0,4.0,0.0,0.0,-5.219999999999998,-11.369999999999996,-99.607045,-99.572999999993,1,1
0.01,1.0,1440,1,30,30,0,0,200,8.0,18,15,5,0.01,1,inc_every1,3.9295500000005763,4.2700000000707465,-47.67589549092399,-60.87562108982163,96.61537467700269,97.2238476041418,3.92954999999996,4.270000000070027,516.0,478.0,0.0,0.0,44.0,41.0,1.0,0.0,4.0,4.0,0.0,0.0,-5.219999999999998,-11.369999999999996,-99.607045,-99.572999999993,1,1
0.01,1.0,1440,1,30,30,0,0,200,8.0,8,15,5,0.01,3,inc_every3,3.9295500000005763,4.2700000000707465,-47.67589549092399,-60.87562108982163,96.61537467700269,97.2238476041418,3.92954999999996,4.270000000070027,516.0,478.0,0.0,0.0,44.0,41.0,1.0,0.0,4.0,4.0,0.0,0.0,-5.219999999999998,-11.369999999999996,-99.607045,-99.572999999993,1,1
0.01,1.0,1440,1,30,30,0,0,200,8.0,18,15,99,0.0,1,flat,3.9295500000005763,4.2700000000707465,-47.67589549092399,-60.87562108982163,96.61537467700269,97.2238476041418,3.92954999999996,4.270000000070027,516.0,478.0,0.0,0.0,44.0,41.0,1.0,0.0,4.0,4.0,0.0,0.0,-5.219999999999998,-11.369999999999996,-99.607045,-99.572999999993,1,1
0.01,1.0,1440,1,30,30,0,0,200,8.0,12,15,99,0.0,1,flat,3.9295500000005763,4.2700000000707465,-47.67589549092399,-60.87562108982163,96.61537467700269,97.2238476041418,3.92954999999996,4.270000000070027,516.0,478.0,0.0,0.0,44.0,41.0,1.0,0.0,4.0,4.0,0.0,0.0,-5.219999999999998,-11.369999999999996,-99.607045,-99.572999999993,1,1
0.01,1.0,1440,1,30,30,0,0,200,8.0,8,15,99,0.0,1,flat,3.9295500000005763,4.2700000000707465,-47.67589549092399,-60.87562108982163,96.61537467700269,97.2238476041418,3.92954999999996,4.270000000070027,516.0,478.0,0.0,0.0,44.0,41.0,1.0,0.0,4.0,4.0,0.0,0.0,-5.219999999999998,-11.369999999999996,-99.607045,-99.572999999993,1,1
0.01,1.0,1440,1,30,30,0,0,200,8.0,12,15,5,0.01,3,inc_every3,3.9295500000005763,4.2700000000707465,-47.67589549092399,-60.87562108982163,96.61537467700269,97.2238476041418,3.92954999999996,4.270000000070027,516.0,478.0,0.0,0.0,44.0,41.0,1.0,0.0,4.0,4.0,0.0,0.0,-5.219999999999998,-11.369999999999996,-99.607045,-99.572999999993,1,1
0.01,1.0,1440,1,30,30,0,0,200,8.0,12,15,5,0.01,1,inc_every1,3.9295500000005763,4.2700000000707465,-47.67589549092399,-60.87562108982163,96.61537467700269,97.2238476041418,3.92954999999996,4.270000000070027,516.0,478.0,0.0,0.0,44.0,41.0,1.0,0.0,4.0,4.0,0.0,0.0,-5.219999999999998,-11.369999999999996,-99.607045,-99.572999999993,1,1
0.01,1.0,1440,1,30,30,0,0,200,8.0,18,15,5,0.01,3,inc_every3,3.9295500000005763,4.2700000000707465,-47.67589549092399,-60.87562108982163,96.61537467700269,97.2238476041418,3.92954999999996,4.270000000070027,516.0,478.0,0.0,0.0,44.0,41.0,1.0,0.0,4.0,4.0,0.0,0.0,-5.219999999999998,-11.369999999999996,-99.607045,-99.572999999993,1,1
0.01,1.0,1440,1,30,30,0,0,200,8.0,8,15,5,0.01,1,inc_every1,3.9295500000005763,4.2700000000707465,-47.67589549092399,-60.87562108982163,96.61537467700269,97.2238476041418,3.92954999999996,4.270000000070027,516.0,478.0,0.0,0.0,44.0,41.0,1.0,0.0,4.0,4.0,0.0,0.0,-5.219999999999998,-11.369999999999996,-99.607045,-99.572999999993,1,1
0.01,1.0,1440,1,30,30,0,0,200,8.0,5,15,99,0.0,1,flat,3.9295500000005763,4.2700000000707465,-47.67589549092399,-60.87562108982163,96.61537467700269,97.2238476041418,3.92954999999996,4.270000000070027,516.0,478.0,0.0,0.0,44.0,41.0,1.0,0.0,4.0,4.0,0.0,0.0,-5.219999999999998,-11.369999999999996,-99.607045,-99.572999999993,1,1
0.01,1.0,1440,1,30,30,0,0,200,8.0,5,15,5,0.01,1,inc_every1,3.9295500000005763,4.2700000000707465,-47.67589549092399,-60.87562108982163,96.61537467700269,97.2238476041418,3.92954999999996,4.270000000070027,516.0,478.0,0.0,0.0,44.0,41.0,1.0,0.0,4.0,4.0,0.0,0.0,-5.219999999999998,-11.369999999999996,-99.607045,-99.572999999993,1,1
0.01,1.0,1440,1,30,30,0,0,150,3.0,12,15,5,0.01,3,inc_every3,3.9281400000001216,4.259919999999807,-47.67965324160281,-60.90312783594407,96.49367133803511,95.98082838003644,3.9281399999997717,4.2599199999997595,667.0,644.0,0.0,0.0,23.0,22.0,1.0,1.0,4.0,4.0,0.0,0.0,-1.7000000000000004,-5.559999999999996,-99.60718600000003,-99.57400800000002,1,1
0.01,1.0,1440,1,30,30,0,0,150,3.0,5,15,99,0.0,1,flat,3.9281400000001216,4.259919999999807,-47.67965324160281,-60.90312783594407,96.49367133803511,95.98082838003644,3.9281399999997717,4.2599199999997595,667.0,644.0,0.0,0.0,23.0,22.0,1.0,1.0,4.0,4.0,0.0,0.0,-1.7000000000000004,-5.559999999999996,-99.60718600000003,-99.57400800000002,1,1
0.01,1.0,1440,1,30,30,0,0,150,3.0,5,15,5,0.01,3,inc_every3,3.9281400000001216,4.259919999999807,-47.67965324160281,-60.90312783594407,96.49367133803511,95.98082838003644,3.9281399999997717,4.2599199999997595,667.0,644.0,0.0,0.0,23.0,22.0,1.0,1.0,4.0,4.0,0.0,0.0,-1.7000000000000004,-5.559999999999996,-99.60718600000003,-99.57400800000002,1,1
0.01,1.0,1440,1,30,30,0,0,150,3.0,5,15,5,0.01,1,inc_every1,3.9281400000001216,4.259919999999807,-47.67965324160281,-60.90312783594407,96.49367133803511,95.98082838003644,3.9281399999997717,4.2599199999997595,667.0,644.0,0.0,0.0,23.0,22.0,1.0,1.0,4.0,4.0,0.0,0.0,-1.7000000000000004,-5.559999999999996,-99.60718600000003,-99.57400800000002,1,1
0.01,1.0,1440,1,30,30,0,0,150,3.0,8,15,5,0.01,3,inc_every3,3.9281400000001216,4.259919999999807,-47.67965324160281,-60.90312783594407,96.49367133803511,95.98082838003644,3.9281399999997717,4.2599199999997595,667.0,644.0,0.0,0.0,23.0,22.0,1.0,1.0,4.0,4.0,0.0,0.0,-1.7000000000000004,-5.559999999999996,-99.60718600000003,-99.57400800000002,1,1
0.01,1.0,1440,1,30,30,0,0,150,3.0,8,15,99,0.0,1,flat,3.9281400000001216,4.259919999999807,-47.67965324160281,-60.90312783594407,96.49367133803511,95.98082838003644,3.9281399999997717,4.2599199999997595,667.0,644.0,0.0,0.0,23.0,22.0,1.0,1.0,4.0,4.0,0.0,0.0,-1.7000000000000004,-5.559999999999996,-99.60718600000003,-99.57400800000002,1,1
0.01,1.0,1440,1,30,30,0,0,150,3.0,8,15,5,0.01,1,inc_every1,3.9281400000001216,4.259919999999807,-47.67965324160281,-60.90312783594407,96.49367133803511,95.98082838003644,3.9281399999997717,4.2599199999997595,667.0,644.0,0.0,0.0,23.0,22.0,1.0,1.0,4.0,4.0,0.0,0.0,-1.7000000000000004,-5.559999999999996,-99.60718600000003,-99.57400800000002,1,1
0.01,1.0,1440,1,30,30,0,0,150,3.0,12,15,99,0.0,1,flat,3.9281400000001216,4.259919999999807,-47.67965324160281,-60.90312783594407,96.49367133803511,95.98082838003644,3.9281399999997717,4.2599199999997595,667.0,644.0,0.0,0.0,23.0,22.0,1.0,1.0,4.0,4.0,0.0,0.0,-1.7000000000000004,-5.559999999999996,-99.60718600000003,-99.57400800000002,1,1
0.01,1.0,1440,1,30,30,0,0,150,3.0,18,15,99,0.0,1,flat,3.9281400000001216,4.259919999999807,-47.67965324160281,-60.90312783594407,96.49367133803511,95.98082838003644,3.9281399999997717,4.2599199999997595,667.0,644.0,0.0,0.0,23.0,22.0,1.0,1.0,4.0,4.0,0.0,0.0,-1.7000000000000004,-5.559999999999996,-99.60718600000003,-99.57400800000002,1,1
0.01,1.0,1440,1,30,30,0,0,150,3.0,18,15,5,0.01,1,inc_every1,3.9281400000001216,4.259919999999807,-47.67965324160281,-60.90312783594407,96.49367133803511,95.98082838003644,3.9281399999997717,4.2599199999997595,667.0,644.0,0.0,0.0,23.0,22.0,1.0,1.0,4.0,4.0,0.0,0.0,-1.7000000000000004,-5.559999999999996,-99.60718600000003,-99.57400800000002,1,1
0.01,1.0,1440,1,30,30,0,0,150,3.0,18,15,5,0.01,3,inc_every3,3.9281400000001216,4.259919999999807,-47.67965324160281,-60.90312783594407,96.49367133803511,95.98082838003644,3.9281399999997717,4.2599199999997595,667.0,644.0,0.0,0.0,23.0,22.0,1.0,1.0,4.0,4.0,0.0,0.0,-1.7000000000000004,-5.559999999999996,-99.60718600000003,-99.57400800000002,1,1
0.01,1.0,1440,1,30,30,0,0,150,3.0,12,15,5,0.01,1,inc_every1,3.9281400000001216,4.259919999999807,-47.67965324160281,-60.90312783594407,96.49367133803511,95.98082838003644,3.9281399999997717,4.2599199999997595,667.0,644.0,0.0,0.0,23.0,22.0,1.0,1.0,4.0,4.0,0.0,0.0,-1.7000000000000004,-5.559999999999996,-99.60718600000003,-99.57400800000002,1,1
0.01,1.0,1440,1,30,30,0,0,150,18.0,3,40,5,0.01,1,inc_every1,3.9270000000004117,3.4184400000004285,-47.682692211873686,-63.38141254110019,96.6829968747362,96.63473124630922,3.9269999999999214,3.4184399999999613,94.0,225.0,0.0,0.0,9.0,20.0,1.0,1.0,3.0,3.0,30.0,88.0,-2.28,-31.16000000000007,-99.60730000000001,-99.658156,1,1
0.01,1.0,1440,1,30,30,0,0,150,18.0,3,40,5,0.01,3,inc_every3,3.9270000000004117,3.4184400000004285,-47.682692211873686,-63.38141254110019,96.6829968747362,96.63473124630922,3.9269999999999214,3.4184399999999613,94.0,225.0,0.0,0.0,9.0,20.0,1.0,1.0,3.0,3.0,30.0,88.0,-2.28,-31.16000000000007,-99.60730000000001,-99.658156,1,1
0.01,1.0,1440,1,30,30,0,0,150,18.0,3,40,99,0.0,1,flat,3.9270000000004117,3.4184400000004285,-47.682692211873686,-63.38141254110019,96.6829968747362,96.63473124630922,3.9269999999999214,3.4184399999999613,94.0,225.0,0.0,0.0,9.0,20.0,1.0,1.0,3.0,3.0,30.0,88.0,-2.28,-31.16000000000007,-99.60730000000001,-99.658156,1,1
0.01,1.0,1440,1,30,30,0,0,150,18.0,3,40,3,0.01,2,inc_every2,3.9270000000004117,3.4184400000004285,-47.682692211873686,-63.38141254110019,96.6829968747362,96.63473124630922,3.9269999999999214,3.4184399999999613,94.0,225.0,0.0,0.0,9.0,20.0,1.0,1.0,3.0,3.0,30.0,88.0,-2.28,-31.16000000000007,-99.60730000000001,-99.658156,1,1
0.01,1.0,1440,1,30,30,0,0,200,18.0,3,15,3,0.01,2,inc_every2,3.9260100000003586,6.290000000045387,-47.68533189018361,-56.09574547460979,97.06817265327487,95.29191616763129,3.9260100000001543,6.290000000045122,223.0,191.0,0.0,0.0,46.0,41.0,1.0,0.0,3.0,3.0,79.0,68.0,-5.04,-12.950000000000001,-99.60739899999999,-99.37099999999549,1,1
0.01,1.0,1440,1,30,30,0,0,200,18.0,3,15,5,0.01,1,inc_every1,3.9260100000003586,6.290000000045387,-47.68533189018361,-56.09574547460979,97.06817265327487,95.29191616763129,3.9260100000001543,6.290000000045122,223.0,191.0,0.0,0.0,46.0,41.0,1.0,0.0,3.0,3.0,79.0,68.0,-5.04,-12.950000000000001,-99.60739899999999,-99.37099999999549,1,1
0.01,1.0,1440,1,30,30,0,0,200,18.0,3,15,5,0.01,3,inc_every3,3.9260100000003586,6.290000000045387,-47.68533189018361,-56.09574547460979,97.06817265327487,95.29191616763129,3.9260100000001543,6.290000000045122,223.0,191.0,0.0,0.0,46.0,41.0,1.0,0.0,3.0,3.0,79.0,68.0,-5.04,-12.950000000000001,-99.60739899999999,-99.37099999999549,1,1
0.01,1.0,1440,1,30,30,0,0,200,18.0,3,15,99,0.0,1,flat,3.9260100000003586,6.290000000045387,-47.68533189018361,-56.09574547460979,97.06817265327487,95.29191616763129,3.9260100000001543,6.290000000045122,223.0,191.0,0.0,0.0,46.0,41.0,1.0,0.0,3.0,3.0,79.0,68.0,-5.04,-12.950000000000001,-99.60739899999999,-99.37099999999549,1,1
0.01,1.0,1440,1,30,30,0,0,50,8.0,3,40,5,0.01,1,inc_every1,3.9224100000000135,3.3652800000010483,-47.694935210876885,-63.55180244563964,96.598673257024,96.66968827313246,3.9224100000000135,3.365280000000613,172.0,403.0,0.0,1.0,9.0,19.0,1.0,1.0,3.0,3.0,93.0,210.0,-3.8899999999999983,-29.420000000000062,-99.607759,-99.66347199999994,1,1
0.01,1.0,1440,1,30,30,0,0,50,8.0,3,40,5,0.01,3,inc_every3,3.9224100000000135,3.3652800000010483,-47.694935210876885,-63.55180244563964,96.598673257024,96.66968827313246,3.9224100000000135,3.365280000000613,172.0,403.0,0.0,1.0,9.0,19.0,1.0,1.0,3.0,3.0,93.0,210.0,-3.8899999999999983,-29.420000000000062,-99.607759,-99.66347199999994,1,1
0.01,1.0,1440,1,30,30,0,0,50,8.0,3,40,3,0.01,2,inc_every2,3.9224100000000135,3.3652800000010483,-47.694935210876885,-63.55180244563964,96.598673257024,96.66968827313246,3.9224100000000135,3.365280000000613,172.0,403.0,0.0,1.0,9.0,19.0,1.0,1.0,3.0,3.0,93.0,210.0,-3.8899999999999983,-29.420000000000062,-99.607759,-99.66347199999994,1,1
0.01,1.0,1440,1,30,30,0,0,50,8.0,3,40,99,0.0,1,flat,3.9224100000000135,3.3652800000010483,-47.694935210876885,-63.55180244563964,96.598673257024,96.66968827313246,3.9224100000000135,3.365280000000613,172.0,403.0,0.0,1.0,9.0,19.0,1.0,1.0,3.0,3.0,93.0,210.0,-3.8899999999999983,-29.420000000000062,-99.607759,-99.66347199999994,1,1
0.01,1.0,1440,1,30,30,0,0,100,8.0,12,25,3,0.01,2,inc_every2,5.891250000001474,7.474460000000661,-43.25918170270195,-53.78278486569812,97.9386864384077,95.20714331516541,3.9200000000805115,7.474460000000661,623.0,224.0,0.0,0.0,47.0,18.0,1.0,1.0,6.0,6.0,0.0,0.0,-4.659999999999998,-5.259999999999999,-99.60799999999195,-99.25255399999993,1,1
0.01,1.0,1440,1,30,30,0,0,100,8.0,8,25,3,0.01,2,inc_every2,5.891250000001474,7.474460000000661,-43.25918170270195,-53.78278486569812,97.9386864384077,95.20714331516541,3.9200000000805115,7.474460000000661,623.0,224.0,0.0,0.0,47.0,18.0,1.0,1.0,6.0,6.0,0.0,0.0,-4.659999999999998,-5.259999999999999,-99.60799999999195,-99.25255399999993,1,1
0.01,1.0,1440,1,30,30,0,0,100,8.0,18,25,3,0.01,2,inc_every2,5.891250000001474,7.474460000000661,-43.25918170270195,-53.78278486569812,97.9386864384077,95.20714331516541,3.9200000000805115,7.474460000000661,623.0,224.0,0.0,0.0,47.0,18.0,1.0,1.0,6.0,6.0,0.0,0.0,-4.659999999999998,-5.259999999999999,-99.60799999999195,-99.25255399999993,1,1
0.01,1.0,1440,1,30,30,0,0,200,5.3,3,40,5,0.01,3,inc_every3,3.9189000000011234,3.247140000000046,-47.70430523889291,-63.93735210884106,96.5050387942567,97.10180292752639,3.9189000000000576,3.247140000000046,262.0,460.0,0.0,0.0,6.0,10.0,1.0,1.0,3.0,3.0,23.0,49.0,-2.2499999999999996,-12.59,-99.60811,-99.675286,1,1
0.01,1.0,1440,1,30,30,0,0,100,5.3,3,40,3,0.01,2,inc_every2,3.918900000000569,3.1828800000001856,-47.704305238894385,-64.15121636729234,96.66646818645802,96.83200955509166,3.918900000000093,3.182879999999443,267.0,311.0,0.0,0.0,7.0,8.0,1.0,1.0,3.0,3.0,56.0,67.0,-2.27,-7.66,-99.60811,-99.68171200000006,1,1
0.01,1.0,1440,1,30,30,0,0,200,5.3,3,40,5,0.01,1,inc_every1,3.9189000000011234,3.247140000000046,-47.70430523889291,-63.93735210884106,96.5050387942567,97.10180292752639,3.9189000000000576,3.247140000000046,262.0,460.0,0.0,0.0,6.0,10.0,1.0,1.0,3.0,3.0,23.0,49.0,-2.2499999999999996,-12.59,-99.60811,-99.675286,1,1
0.01,1.0,1440,1,30,30,0,0,200,5.3,3,40,99,0.0,1,flat,3.9189000000011234,3.247140000000046,-47.70430523889291,-63.93735210884106,96.5050387942567,97.10180292752639,3.9189000000000576,3.247140000000046,262.0,460.0,0.0,0.0,6.0,10.0,1.0,1.0,3.0,3.0,23.0,49.0,-2.2499999999999996,-12.59,-99.60811,-99.675286,1,1
0.01,1.0,1440,1,30,30,0,0,100,5.3,3,40,5,0.01,1,inc_every1,3.918900000000569,3.1828800000001856,-47.704305238894385,-64.15121636729234,96.66646818645802,96.83200955509166,3.918900000000093,3.182879999999443,267.0,311.0,0.0,0.0,7.0,8.0,1.0,1.0,3.0,3.0,56.0,67.0,-2.27,-7.66,-99.60811,-99.68171200000006,1,1
0.01,1.0,1440,1,30,30,0,0,100,5.3,3,40,5,0.01,3,inc_every3,3.918900000000569,3.1828800000001856,-47.704305238894385,-64.15121636729234,96.66646818645802,96.83200955509166,3.918900000000093,3.182879999999443,267.0,311.0,0.0,0.0,7.0,8.0,1.0,1.0,3.0,3.0,56.0,67.0,-2.27,-7.66,-99.60811,-99.68171200000006,1,1
0.01,1.0,1440,1,30,30,0,0,100,5.3,3,40,99,0.0,1,flat,3.918900000000569,3.1828800000001856,-47.704305238894385,-64.15121636729234,96.66646818645802,96.83200955509166,3.918900000000093,3.182879999999443,267.0,311.0,0.0,0.0,7.0,8.0,1.0,1.0,3.0,3.0,56.0,67.0,-2.27,-7.66,-99.60811,-99.68171200000006,1,1
0.01,1.0,1440,1,30,30,0,0,200,5.3,3,40,3,0.01,2,inc_every2,3.9189000000011234,3.247140000000046,-47.70430523889291,-63.93735210884106,96.5050387942567,97.10180292752639,3.9189000000000576,3.247140000000046,262.0,460.0,0.0,0.0,6.0,10.0,1.0,1.0,3.0,3.0,23.0,49.0,-2.2499999999999996,-12.59,-99.60811,-99.675286,1,1
0.01,1.0,1440,1,30,30,0,0,50,5.3,3,40,99,0.0,1,flat,3.9175800000005125,9.920000000078431,-47.707830747101,-49.7211415751335,96.50683905483751,90.17043202528995,3.9175799999998304,9.920000000077515,218.0,499.0,0.0,0.0,7.0,15.0,1.0,0.0,3.0,3.0,87.0,202.0,-2.9999999999999987,-20.68000000000002,-99.60824200000002,-99.00799999999225,1,1
0.01,1.0,1440,1,30,30,0,0,50,5.3,3,40,5,0.01,1,inc_every1,3.9175800000005125,9.920000000078431,-47.707830747101,-49.7211415751335,96.50683905483751,90.17043202528995,3.9175799999998304,9.920000000077515,218.0,499.0,0.0,0.0,7.0,15.0,1.0,0.0,3.0,3.0,87.0,202.0,-2.9999999999999987,-20.68000000000002,-99.60824200000002,-99.00799999999225,1,1
0.01,1.0,1440,1,30,30,0,0,50,5.3,3,40,3,0.01,2,inc_every2,3.9175800000005125,9.920000000078431,-47.707830747101,-49.7211415751335,96.50683905483751,90.17043202528995,3.9175799999998304,9.920000000077515,218.0,499.0,0.0,0.0,7.0,15.0,1.0,0.0,3.0,3.0,87.0,202.0,-2.9999999999999987,-20.68000000000002,-99.60824200000002,-99.00799999999225,1,1
0.01,1.0,1440,1,30,30,0,0,50,5.3,3,40,5,0.01,3,inc_every3,3.9175800000005125,9.920000000078431,-47.707830747101,-49.7211415751335,96.50683905483751,90.17043202528995,3.9175799999998304,9.920000000077515,218.0,499.0,0.0,0.0,7.0,15.0,1.0,0.0,3.0,3.0,87.0,202.0,-2.9999999999999987,-20.68000000000002,-99.60824200000002,-99.00799999999225,1,1
0.01,1.0,1440,1,30,30,0,0,200,12.0,3,25,5,0.01,1,inc_every1,3.9164100000004254,3.1837500000008454,-47.71095642381179,-64.14830075062324,96.51378849919901,96.87407952871806,3.916409999999896,3.1837500000006536,219.0,208.0,0.0,0.0,19.0,17.0,1.0,1.0,3.0,3.0,55.0,45.0,-3.3999999999999995,-8.429999999999996,-99.60835900000001,-99.68162499999994,1,1
0.01,1.0,1440,1,30,30,0,0,200,12.0,3,25,3,0.01,2,inc_every2,3.9164100000004254,3.1837500000008454,-47.71095642381179,-64.14830075062324,96.51378849919901,96.87407952871806,3.916409999999896,3.1837500000006536,219.0,208.0,0.0,0.0,19.0,17.0,1.0,1.0,3.0,3.0,55.0,45.0,-3.3999999999999995,-8.429999999999996,-99.60835900000001,-99.68162499999994,1,1
0.01,1.0,1440,1,30,30,0,0,200,12.0,3,25,99,0.0,1,flat,3.9164100000004254,3.1837500000008454,-47.71095642381179,-64.14830075062324,96.51378849919901,96.87407952871806,3.916409999999896,3.1837500000006536,219.0,208.0,0.0,0.0,19.0,17.0,1.0,1.0,3.0,3.0,55.0,45.0,-3.3999999999999995,-8.429999999999996,-99.60835900000001,-99.68162499999994,1,1
0.01,1.0,1440,1,30,30,0,0,200,12.0,3,25,5,0.01,3,inc_every3,3.9164100000004254,3.1837500000008454,-47.71095642381179,-64.14830075062324,96.51378849919901,96.87407952871806,3.916409999999896,3.1837500000006536,219.0,208.0,0.0,0.0,19.0,17.0,1.0,1.0,3.0,3.0,55.0,45.0,-3.3999999999999995,-8.429999999999996,-99.60835900000001,-99.68162499999994,1,1
0.01,1.0,1440,1,30,30,0,0,75,8.0,18,0,5,0.01,1,inc_every1,3.9136800000005643,5.220800000000082,-47.71825257515491,-58.46362219791224,97.00238970588323,95.00497512437879,3.913679999999914,5.220800000000082,32.0,26.0,0.0,0.0,0.0,0.0,3.0,3.0,10.0,10.0,0.0,0.0,-0.71,-0.08,-99.60863200000001,-99.47792,1,1
0.01,1.0,1440,1,30,30,0,0,75,8.0,12,0,5,0.01,1,inc_every1,3.9136800000005643,5.220800000000082,-47.71825257515491,-58.46362219791224,97.00238970588323,95.00497512437879,3.913679999999914,5.220800000000082,32.0,26.0,0.0,0.0,0.0,0.0,3.0,3.0,10.0,10.0,0.0,0.0,-0.71,-0.08,-99.60863200000001,-99.47792,1,1
0.01,1.0,1440,1,30,30,0,0,75,18.0,3,0,99,0.0,1,flat,3.9100000000411796,3.5775600000003465,-47.72809412528579,-62.882271389661426,96.74844074840668,97.1222972972974,3.9100000000411796,3.5775600000003465,119.0,106.0,1.0,2.0,0.0,0.0,1.0,1.0,3.0,3.0,68.0,53.0,-116.67999999999967,-55.38000000000027,-99.60899999999589,-99.64224399999996,1,1
0.01,1.0,1440,1,30,30,0,0,75,18.0,3,0,5,0.01,3,inc_every3,3.9100000000411796,3.5775600000003465,-47.72809412528579,-62.882271389661426,96.74844074840668,97.1222972972974,3.9100000000411796,3.5775600000003465,119.0,106.0,1.0,2.0,0.0,0.0,1.0,1.0,3.0,3.0,68.0,53.0,-116.67999999999967,-55.38000000000027,-99.60899999999589,-99.64224399999996,1,1
0.01,1.0,1440,1,30,30,0,0,75,18.0,3,0,3,0.01,2,inc_every2,3.9100000000411796,3.5775600000003465,-47.72809412528579,-62.882271389661426,96.74844074840668,97.1222972972974,3.9100000000411796,3.5775600000003465,119.0,106.0,1.0,2.0,0.0,0.0,1.0,1.0,3.0,3.0,68.0,53.0,-116.67999999999967,-55.38000000000027,-99.60899999999589,-99.64224399999996,1,1
0.01,1.0,1440,1,30,30,0,0,75,18.0,3,0,5,0.01,1,inc_every1,3.9100000000411796,3.5775600000003465,-47.72809412528579,-62.882271389661426,96.74844074840668,97.1222972972974,3.9100000000411796,3.5775600000003465,119.0,106.0,1.0,2.0,0.0,0.0,1.0,1.0,3.0,3.0,68.0,53.0,-116.67999999999967,-55.38000000000027,-99.60899999999589,-99.64224399999996,1,1
0.01,1.0,1440,1,30,30,0,0,75,12.0,3,15,5,0.01,3,inc_every3,3.9095400000004137,-24.21999999992026,-47.72932484005952,-99.94670849517411,96.70442552474061,120.25422311416487,3.9095400000004137,-24.21999999992026,378.0,236.0,0.0,0.0,66.0,41.0,1.0,1.0,3.0,3.0,216.0,136.0,-8.749999999999996,-10.85,-99.60904599999996,-102.42199999999202,1,1
0.01,1.0,1440,1,30,30,0,0,75,12.0,3,15,5,0.01,1,inc_every1,3.9095400000004137,-24.21999999992026,-47.72932484005952,-99.94670849517411,96.70442552474061,120.25422311416487,3.9095400000004137,-24.21999999992026,378.0,236.0,0.0,0.0,66.0,41.0,1.0,1.0,3.0,3.0,216.0,136.0,-8.749999999999996,-10.85,-99.60904599999996,-102.42199999999202,1,1
0.01,1.0,1440,1,30,30,0,0,75,12.0,3,15,99,0.0,1,flat,3.9095400000004137,-24.21999999992026,-47.72932484005952,-99.94670849517411,96.70442552474061,120.25422311416487,3.9095400000004137,-24.21999999992026,378.0,236.0,0.0,0.0,66.0,41.0,1.0,1.0,3.0,3.0,216.0,136.0,-8.749999999999996,-10.85,-99.60904599999996,-102.42199999999202,1,1
0.01,1.0,1440,1,30,30,0,0,75,12.0,3,15,3,0.01,2,inc_every2,3.9095400000004137,-24.21999999992026,-47.72932484005952,-99.94670849517411,96.70442552474061,120.25422311416487,3.9095400000004137,-24.21999999992026,378.0,236.0,0.0,0.0,66.0,41.0,1.0,1.0,3.0,3.0,216.0,136.0,-8.749999999999996,-10.85,-99.60904599999996,-102.42199999999202,1,1
0.01,1.0,1440,1,30,30,0,0,100,18.0,5,25,99,0.0,1,flat,3.908580000000855,-19.12999999996073,-47.73189366120361,-99.94670849517411,96.8633496509107,110.51561125767344,3.908580000000235,-19.129999999961086,131.0,175.0,0.0,0.0,25.0,32.0,1.0,1.0,5.0,5.0,45.0,59.0,-3.7299999999999995,-18.130000000000003,-99.60914199999998,-101.9129999999961,1,1
0.01,1.0,1440,1,30,30,0,0,100,18.0,5,25,5,0.01,1,inc_every1,3.908580000000855,-19.12999999996073,-47.73189366120361,-99.94670849517411,96.8633496509107,110.51561125767344,3.908580000000235,-19.129999999961086,131.0,175.0,0.0,0.0,25.0,32.0,1.0,1.0,5.0,5.0,45.0,59.0,-3.7299999999999995,-18.130000000000003,-99.60914199999998,-101.9129999999961,1,1
0.01,1.0,1440,1,30,30,0,0,100,18.0,5,25,5,0.01,3,inc_every3,3.908580000000855,-19.12999999996073,-47.73189366120361,-99.94670849517411,96.8633496509107,110.51561125767344,3.908580000000235,-19.129999999961086,131.0,175.0,0.0,0.0,25.0,32.0,1.0,1.0,5.0,5.0,45.0,59.0,-3.7299999999999995,-18.130000000000003,-99.60914199999998,-101.9129999999961,1,1
0.01,1.0,1440,1,30,30,0,0,50,8.0,12,0,5,0.01,1,inc_every1,3.907170000000386,5.197400000000226,-47.73566753238473,-58.519109163223334,97.62611944832655,95.21594256259196,3.9071699999998266,5.19740000000019,45.0,14.0,0.0,0.0,0.0,0.0,4.0,3.0,12.0,11.0,1.0,0.0,-1.56,0.0,-99.60928300000002,-99.48025999999999,1,1
0.01,1.0,1440,1,30,30,0,0,50,8.0,18,0,5,0.01,1,inc_every1,3.907170000000386,5.197400000000226,-47.73566753238473,-58.519109163223334,97.62611944832655,95.21594256259196,3.9071699999998266,5.19740000000019,45.0,14.0,0.0,0.0,0.0,0.0,4.0,3.0,12.0,11.0,0.0,0.0,-1.56,0.0,-99.60928300000002,-99.48025999999999,1,1
0.01,1.0,1440,1,30,30,0,0,150,12.0,12,25,3,0.01,2,inc_every2,3.9048600000006886,8.610000000172832,-47.74185261244318,-51.79612902453643,96.64876416065901,96.60849522546407,3.904860000000184,6.180000000162192,214.0,350.0,0.0,0.0,23.0,34.0,1.0,0.0,5.0,5.0,0.0,0.0,-3.5299999999999994,-17.380000000000006,-99.60951399999998,-99.38199999998378,1,1
0.01,1.0,1440,1,30,30,0,0,150,12.0,5,25,3,0.01,2,inc_every2,3.9048600000006886,8.610000000172832,-47.74185261244318,-51.79612902453643,96.64876416065901,96.60849522546407,3.904860000000184,6.180000000162192,214.0,350.0,0.0,0.0,23.0,34.0,1.0,0.0,5.0,5.0,29.0,44.0,-3.5299999999999994,-17.380000000000006,-99.60951399999998,-99.38199999998378,1,1
0.01,1.0,1440,1,30,30,0,0,150,12.0,8,25,3,0.01,2,inc_every2,3.9048600000006886,8.610000000172832,-47.74185261244318,-51.79612902453643,96.64876416065901,96.60849522546407,3.904860000000184,6.180000000162192,214.0,350.0,0.0,0.0,23.0,34.0,1.0,0.0,5.0,5.0,0.0,0.0,-3.5299999999999994,-17.380000000000006,-99.60951399999998,-99.38199999998378,1,1
0.01,1.0,1440,1,30,30,0,0,150,12.0,18,25,3,0.01,2,inc_every2,3.9048600000006886,8.610000000172832,-47.74185261244318,-51.79612902453643,96.64876416065901,96.60849522546407,3.904860000000184,6.180000000162192,214.0,350.0,0.0,0.0,23.0,34.0,1.0,0.0,5.0,5.0,0.0,0.0,-3.5299999999999994,-17.380000000000006,-99.60951399999998,-99.38199999998378,1,1
0.01,1.0,1440,1,30,30,0,0,200,3.0,8,0,3,0.01,2,inc_every2,3.9008400000003647,3.1248900000000077,-47.75262324010618,-64.3468326508677,96.44148877942003,96.87511000000025,3.9008399999998637,3.1248899999997555,65.0,20.0,0.0,0.0,0.0,0.0,2.0,2.0,7.0,7.0,0.0,0.0,-0.36,0.0,-99.60991600000001,-99.68751100000003,1,1
0.01,1.0,1440,1,30,30,0,0,200,3.0,18,0,3,0.01,2,inc_every2,3.9008400000003647,3.1248900000000077,-47.75262324010618,-64.3468326508677,96.44148877942003,96.87511000000025,3.9008399999998637,3.1248899999997555,65.0,20.0,0.0,0.0,0.0,0.0,2.0,2.0,7.0,7.0,0.0,0.0,-0.36,0.0,-99.60991600000001,-99.68751100000003,1,1
0.01,1.0,1440,1,30,30,0,0,200,3.0,12,0,3,0.01,2,inc_every2,3.9008400000003647,3.1248900000000077,-47.75262324010618,-64.3468326508677,96.44148877942003,96.87511000000025,3.9008399999998637,3.1248899999997555,65.0,20.0,0.0,0.0,0.0,0.0,2.0,2.0,7.0,7.0,0.0,0.0,-0.36,0.0,-99.60991600000001,-99.68751100000003,1,1
0.01,1.0,1440,1,30,30,0,0,200,8.0,3,0,3,0.01,2,inc_every2,3.900000000053467,3.48993000000047,-47.754874940211245,-63.155180766785456,97.48500677110165,96.82329328235969,3.900000000053467,3.489930000000186,408.0,278.0,3.0,3.0,0.0,0.0,1.0,1.0,3.0,3.0,63.0,40.0,-115.11999999999966,-40.93000000000017,-99.60999999999466,-99.65100699999998,1,1
0.01,1.0,1440,1,30,30,0,0,200,8.0,3,0,99,0.0,1,flat,3.900000000053467,3.48993000000047,-47.754874940211245,-63.155180766785456,97.48500677110165,96.82329328235969,3.900000000053467,3.489930000000186,408.0,278.0,3.0,3.0,0.0,0.0,1.0,1.0,3.0,3.0,63.0,40.0,-115.11999999999966,-40.93000000000017,-99.60999999999466,-99.65100699999998,1,1
0.01,1.0,1440,1,30,30,0,0,200,8.0,3,0,5,0.01,1,inc_every1,3.900000000053467,3.48993000000047,-47.754874940211245,-63.155180766785456,97.48500677110165,96.82329328235969,3.900000000053467,3.489930000000186,408.0,278.0,3.0,3.0,0.0,0.0,1.0,1.0,3.0,3.0,63.0,40.0,-115.11999999999966,-40.93000000000017,-99.60999999999466,-99.65100699999998,1,1
0.01,1.0,1440,1,30,30,0,0,200,8.0,3,0,5,0.01,3,inc_every3,3.900000000053467,3.48993000000047,-47.754874940211245,-63.155180766785456,97.48500677110165,96.82329328235969,3.900000000053467,3.489930000000186,408.0,278.0,3.0,3.0,0.0,0.0,1.0,1.0,3.0,3.0,63.0,40.0,-115.11999999999966,-40.93000000000017,-99.60999999999466,-99.65100699999998,1,1
0.01,1.0,1440,1,30,30,0,0,75,3.0,5,15,3,0.01,2,inc_every2,3.8985600000004865,5.36765000000076,-47.75873590060715,-58.11933535225109,96.6298755186733,95.46536284531672,3.898560000000039,5.367649999999884,272.0,319.0,0.0,0.0,15.0,16.0,1.0,1.0,5.0,5.0,21.0,24.0,-0.2,-0.93,-99.61014399999999,-99.46323500000001,1,1
0.01,1.0,1440,1,30,30,0,0,75,3.0,18,15,3,0.01,2,inc_every2,3.8978400000006914,7.2500000000882014,-47.76066680851946,-54.20022764875952,96.63428028667825,93.34923401514924,3.8978399999998103,7.250000000087244,271.0,296.0,0.0,0.0,15.0,16.0,1.0,0.0,6.0,6.0,0.0,0.0,-0.2,-0.8500000000000002,-99.61021600000002,-99.27499999999128,1,1
0.01,1.0,1440,1,30,30,0,0,75,3.0,8,15,3,0.01,2,inc_every2,3.8978400000006914,7.2500000000882014,-47.76066680851946,-54.20022764875952,96.63428028667825,93.34923401514924,3.8978399999998103,7.250000000087244,271.0,296.0,0.0,0.0,15.0,16.0,1.0,0.0,6.0,6.0,0.0,0.0,-0.2,-0.8500000000000002,-99.61021600000002,-99.27499999999128,1,1
0.01,1.0,1440,1,30,30,0,0,75,3.0,12,15,3,0.01,2,inc_every2,3.8978400000006914,7.2500000000882014,-47.76066680851946,-54.20022764875952,96.63428028667825,93.34923401514924,3.8978399999998103,7.250000000087244,271.0,296.0,0.0,0.0,15.0,16.0,1.0,0.0,6.0,6.0,0.0,0.0,-0.2,-0.8500000000000002,-99.61021600000002,-99.27499999999128,1,1
0.01,1.0,1440,1,30,30,0,0,75,5.3,8,0,3,0.01,2,inc_every2,3.8887800000004713,5.203949999999708,-47.78498848148581,-58.50355990045103,96.98637631742102,94.9768822393828,3.888780000000299,5.203949999999708,73.0,15.0,0.0,0.0,0.0,0.0,3.0,2.0,8.0,8.0,1.0,1.0,-1.08,0.0,-99.61112199999997,-99.47960500000003,1,1
0.01,1.0,1440,1,30,30,0,0,100,5.3,18,0,5,0.01,1,inc_every1,3.885660000000314,5.2115000000004095,-47.79337464889464,-58.485653750775256,96.96195465207181,94.8730939498277,3.885660000000314,5.211500000000267,78.0,20.0,0.0,0.0,0.0,0.0,3.0,2.0,10.0,9.0,0.0,0.0,-0.5800000000000001,0.0,-99.61143399999997,-99.47884999999998,1,1
0.01,1.0,1440,1,30,30,0,0,100,5.3,12,0,5,0.01,1,inc_every1,3.885660000000314,5.2115000000004095,-47.79337464889464,-58.485653750775256,96.96195465207181,94.8730939498277,3.885660000000314,5.211500000000267,78.0,20.0,0.0,0.0,0.0,0.0,3.0,2.0,10.0,9.0,0.0,0.0,-0.5800000000000001,0.0,-99.61143399999997,-99.47884999999998,1,1
0.01,1.0,1440,1,30,30,0,0,100,18.0,12,0,5,0.01,3,inc_every3,3.8848200000006265,5.208150000000487,-47.7956333834354,-58.493596613193446,97.07512422827857,95.09035633484196,3.884820000000392,5.208149999999673,22.0,9.0,0.0,0.0,0.0,0.0,3.0,2.0,11.0,11.0,0.0,0.0,-0.56,0.0,-99.61151799999996,-99.47918500000003,1,1
0.01,1.0,1440,1,30,30,0,0,100,18.0,18,0,5,0.01,3,inc_every3,3.8848200000006265,5.208150000000487,-47.7956333834354,-58.493596613193446,97.07512422827857,95.09035633484196,3.884820000000392,5.208149999999673,22.0,9.0,0.0,0.0,0.0,0.0,3.0,2.0,11.0,11.0,0.0,0.0,-0.56,0.0,-99.61151799999996,-99.47918500000003,1,1
0.01,1.0,1440,1,30,30,0,0,100,5.3,18,0,3,0.01,2,inc_every2,3.882570000000129,7.291410000000557,-47.801685490479585,-54.122538568409695,96.91737197300549,92.92645518044216,3.882569999999607,7.291410000000294,83.0,20.0,0.0,0.0,0.0,0.0,3.0,2.0,9.0,9.0,0.0,0.0,-0.73,0.0,-99.61174300000003,-99.27085899999997,1,1
0.01,1.0,1440,1,30,30,0,0,100,5.3,12,0,3,0.01,2,inc_every2,3.882570000000129,7.291410000000557,-47.801685490479585,-54.122538568409695,96.91737197300549,92.92645518044216,3.882569999999607,7.291410000000294,83.0,20.0,0.0,0.0,0.0,0.0,3.0,2.0,9.0,9.0,0.0,0.0,-0.73,0.0,-99.61174300000003,-99.27085899999997,1,1
0.01,1.0,1440,1,30,30,0,0,100,12.0,8,0,3,0.01,2,inc_every2,3.881430000000302,5.208149999999804,-47.8047529622369,-58.49359661319505,97.1051387231504,95.01898431522613,3.8814300000000905,5.208149999999602,34.0,13.0,0.0,0.0,0.0,0.0,3.0,2.0,8.0,8.0,1.0,1.0,-0.53,0.0,-99.61185699999999,-99.47918500000004,1,1
0.01,1.0,1440,1,30,30,0,0,75,8.0,3,0,5,0.01,1,inc_every1,3.870000000058326,3.4636500000004276,-47.83554830543124,-63.23796273745253,96.63478260864508,96.6479725152434,3.870000000058326,3.463649999999461,251.0,195.0,3.0,4.0,0.0,0.0,1.0,1.0,3.0,3.0,95.0,62.0,-80.63000000000012,-44.38000000000018,-99.61299999999417,-99.65363500000005,1,1
0.01,1.0,1440,1,30,30,0,0,75,8.0,3,0,5,0.01,3,inc_every3,3.870000000058326,3.4636500000004276,-47.83554830543124,-63.23796273745253,96.63478260864508,96.6479725152434,3.870000000058326,3.463649999999461,251.0,195.0,3.0,4.0,0.0,0.0,1.0,1.0,3.0,3.0,95.0,62.0,-80.63000000000012,-44.38000000000018,-99.61299999999417,-99.65363500000005,1,1
0.01,1.0,1440,1,30,30,0,0,75,8.0,3,0,3,0.01,2,inc_every2,3.870000000058326,3.4636500000004276,-47.83554830543124,-63.23796273745253,96.63478260864508,96.6479725152434,3.870000000058326,3.463649999999461,251.0,195.0,3.0,4.0,0.0,0.0,1.0,1.0,3.0,3.0,95.0,62.0,-80.63000000000012,-44.38000000000018,-99.61299999999417,-99.65363500000005,1,1
0.01,1.0,1440,1,30,30,0,0,75,8.0,3,0,99,0.0,1,flat,3.870000000058326,3.4636500000004276,-47.83554830543124,-63.23796273745253,96.63478260864508,96.6479725152434,3.870000000058326,3.463649999999461,251.0,195.0,3.0,4.0,0.0,0.0,1.0,1.0,3.0,3.0,95.0,62.0,-80.63000000000012,-44.38000000000018,-99.61299999999417,-99.65363500000005,1,1
0.01,1.0,1440,1,30,30,0,0,300,18.0,12,25,3,0.01,2,inc_every2,3.867840000000477,3.2043600000004666,-47.84137606923089,-64.07939387230496,96.55088282504072,97.14787716955959,3.8678399999993864,3.2043600000000367,55.0,131.0,0.0,0.0,8.0,16.0,1.0,1.0,4.0,4.0,0.0,0.0,-0.6800000000000002,-6.939999999999996,-99.61321600000007,-99.679564,1,1
0.01,1.0,1440,1,30,30,0,0,300,18.0,5,25,3,0.01,2,inc_every2,3.867840000000477,3.2043600000004666,-47.84137606923089,-64.07939387230496,96.55088282504072,97.14787716955959,3.8678399999993864,3.2043600000000367,55.0,131.0,0.0,0.0,8.0,16.0,1.0,1.0,4.0,4.0,0.0,0.0,-0.6800000000000002,-6.939999999999996,-99.61321600000007,-99.679564,1,1
0.01,1.0,1440,1,30,30,0,0,300,18.0,8,25,3,0.01,2,inc_every2,3.867840000000477,3.2043600000004666,-47.84137606923089,-64.07939387230496,96.55088282504072,97.14787716955959,3.8678399999993864,3.2043600000000367,55.0,131.0,0.0,0.0,8.0,16.0,1.0,1.0,4.0,4.0,0.0,0.0,-0.6800000000000002,-6.939999999999996,-99.61321600000007,-99.679564,1,1
0.01,1.0,1440,1,30,30,0,0,300,18.0,18,25,3,0.01,2,inc_every2,3.867840000000477,3.2043600000004666,-47.84137606923089,-64.07939387230496,96.55088282504072,97.14787716955959,3.8678399999993864,3.2043600000000367,55.0,131.0,0.0,0.0,8.0,16.0,1.0,1.0,4.0,4.0,0.0,0.0,-0.6800000000000002,-6.939999999999996,-99.61321600000007,-99.679564,1,1
0.01,1.0,1440,1,30,30,0,0,75,12.0,18,15,3,0.01,2,inc_every2,3.8656500000004854,9.930000000125899,-47.84728743235881,-49.706064443044454,96.73343755281465,90.8183079055724,3.8656499999994054,9.930000000125634,44.0,154.0,0.0,0.0,13.0,38.0,1.0,0.0,6.0,6.0,0.0,0.0,-0.36000000000000004,-3.039999999999999,-99.61343500000007,-99.00699999998744,1,1
0.01,1.0,1440,1,30,30,0,0,75,12.0,8,15,3,0.01,2,inc_every2,3.8656500000004854,9.930000000125899,-47.84728743235881,-49.706064443044454,96.73343755281465,90.8183079055724,3.8656499999994054,9.930000000125634,44.0,154.0,0.0,0.0,13.0,38.0,1.0,0.0,6.0,6.0,0.0,0.0,-0.36000000000000004,-3.039999999999999,-99.61343500000007,-99.00699999998744,1,1
0.01,1.0,1440,1,30,30,0,0,75,12.0,12,15,3,0.01,2,inc_every2,3.8656500000004854,9.930000000125899,-47.84728743235881,-49.706064443044454,96.73343755281465,90.8183079055724,3.8656499999994054,9.930000000125634,44.0,154.0,0.0,0.0,13.0,38.0,1.0,0.0,6.0,6.0,0.0,0.0,-0.36000000000000004,-3.039999999999999,-99.61343500000007,-99.00699999998744,1,1
0.01,1.0,1440,1,30,30,0,0,150,5.3,3,25,3,0.01,2,inc_every2,3.864540000000055,6.270000000038568,-47.8502846257207,-56.1373336869752,96.52000000000007,93.77234803333484,3.8645400000000514,6.270000000038568,200.0,260.0,0.0,0.0,9.0,11.0,1.0,0.0,3.0,3.0,30.0,38.0,-0.9700000000000002,-3.539999999999999,-99.613546,-99.37299999999614,1,1
0.01,1.0,1440,1,30,30,0,0,150,5.3,3,25,5,0.01,3,inc_every3,3.864540000000055,6.270000000038568,-47.8502846257207,-56.1373336869752,96.52000000000007,93.77234803333484,3.8645400000000514,6.270000000038568,200.0,260.0,0.0,0.0,9.0,11.0,1.0,0.0,3.0,3.0,30.0,38.0,-0.9700000000000002,-3.539999999999999,-99.613546,-99.37299999999614,1,1
0.01,1.0,1440,1,30,30,0,0,150,5.3,3,25,5,0.01,1,inc_every1,3.864540000000055,6.270000000038568,-47.8502846257207,-56.1373336869752,96.52000000000007,93.77234803333484,3.8645400000000514,6.270000000038568,200.0,260.0,0.0,0.0,9.0,11.0,1.0,0.0,3.0,3.0,30.0,38.0,-0.9700000000000002,-3.539999999999999,-99.613546,-99.37299999999614,1,1
0.01,1.0,1440,1,30,30,0,0,150,5.3,3,25,99,0.0,1,flat,3.864540000000055,6.270000000038568,-47.8502846257207,-56.1373336869752,96.52000000000007,93.77234803333484,3.8645400000000514,6.270000000038568,200.0,260.0,0.0,0.0,9.0,11.0,1.0,0.0,3.0,3.0,30.0,38.0,-0.9700000000000002,-3.539999999999999,-99.613546,-99.37299999999614,1,1
0.01,1.0,1440,1,30,30,0,0,150,5.3,3,40,99,0.0,1,flat,3.864540000000389,3.2812200000006264,-47.850284625719794,-63.825134612784,96.52000000000024,97.01951130892994,3.86453999999987,3.2812199999999727,223.0,545.0,0.0,0.0,6.0,12.0,1.0,1.0,3.0,3.0,28.0,85.0,-1.9300000000000004,-17.30000000000001,-99.61354600000001,-99.671878,1,1
0.01,1.0,1440,1,30,30,0,0,150,5.3,3,40,5,0.01,3,inc_every3,3.864540000000389,3.2812200000006264,-47.850284625719794,-63.825134612784,96.52000000000024,97.01951130892994,3.86453999999987,3.2812199999999727,223.0,545.0,0.0,0.0,6.0,12.0,1.0,1.0,3.0,3.0,28.0,85.0,-1.9300000000000004,-17.30000000000001,-99.61354600000001,-99.671878,1,1
0.01,1.0,1440,1,30,30,0,0,150,5.3,3,40,3,0.01,2,inc_every2,3.864540000000389,3.2812200000006264,-47.850284625719794,-63.825134612784,96.52000000000024,97.01951130892994,3.86453999999987,3.2812199999999727,223.0,545.0,0.0,0.0,6.0,12.0,1.0,1.0,3.0,3.0,28.0,85.0,-1.9300000000000004,-17.30000000000001,-99.61354600000001,-99.671878,1,1
0.01,1.0,1440,1,30,30,0,0,150,5.3,3,40,5,0.01,1,inc_every1,3.864540000000389,3.2812200000006264,-47.850284625719794,-63.825134612784,96.52000000000024,97.01951130892994,3.86453999999987,3.2812199999999727,223.0,545.0,0.0,0.0,6.0,12.0,1.0,1.0,3.0,3.0,28.0,85.0,-1.9300000000000004,-17.30000000000001,-99.61354600000001,-99.671878,1,1
0.01,1.0,1440,1,30,30,0,0,100,12.0,12,40,99,0.0,1,flat,3.8645400000000603,6.39612000000098,-47.85028462572068,-55.876618724914216,96.97515654351932,96.47052179803653,3.864539999999744,6.250000000037662,100.0,240.0,0.0,0.0,9.0,18.0,1.0,1.0,9.0,9.0,0.0,0.0,-1.5700000000000003,-13.459999999999997,-99.61354600000003,-99.37499999999623,1,1
0.01,1.0,1440,1,30,30,0,0,100,12.0,18,40,99,0.0,1,flat,3.8645400000000603,6.39612000000098,-47.85028462572068,-55.876618724914216,96.97515654351932,96.47052179803653,3.864539999999744,6.250000000037662,100.0,240.0,0.0,0.0,9.0,18.0,1.0,1.0,9.0,9.0,0.0,0.0,-1.5700000000000003,-13.459999999999997,-99.61354600000003,-99.37499999999623,1,1
0.01,1.0,1440,1,30,30,0,0,75,12.0,5,15,3,0.01,2,inc_every2,3.8635500000007426,5.289300000001923,-47.85295837918871,-58.30219014360103,96.73521210072728,95.02417685794926,3.8635499999996057,5.289300000000241,45.0,124.0,0.0,0.0,13.0,30.0,1.0,1.0,5.0,5.0,14.0,41.0,-0.36000000000000004,-2.5599999999999996,-99.61364500000003,-99.47106999999997,1,1
0.01,1.0,1440,1,30,30,0,0,200,5.3,8,25,3,0.01,2,inc_every2,3.8630700000002385,3.1825800000000477,-47.85425494178009,-64.1522218821473,96.55482921608855,96.81742000000008,3.863069999999997,3.1825799999999163,202.0,485.0,0.0,0.0,9.0,17.0,1.0,1.0,5.0,5.0,0.0,0.0,-1.1400000000000001,-8.389999999999997,-99.613693,-99.68174200000001,1,1
0.01,1.0,1440,1,30,30,0,0,200,5.3,5,25,3,0.01,2,inc_every2,3.8630700000002385,3.1825800000000477,-47.85425494178009,-64.1522218821473,96.55482921608855,96.81742000000008,3.863069999999997,3.1825799999999163,202.0,485.0,0.0,0.0,9.0,17.0,1.0,1.0,5.0,5.0,9.0,16.0,-1.1400000000000001,-8.389999999999997,-99.613693,-99.68174200000001,1,1
0.01,1.0,1440,1,30,30,0,0,200,5.3,12,25,3,0.01,2,inc_every2,3.8630700000002385,3.1825800000000477,-47.85425494178009,-64.1522218821473,96.55482921608855,96.81742000000008,3.863069999999997,3.1825799999999163,202.0,485.0,0.0,0.0,9.0,17.0,1.0,1.0,5.0,5.0,0.0,0.0,-1.1400000000000001,-8.389999999999997,-99.613693,-99.68174200000001,1,1
0.01,1.0,1440,1,30,30,0,0,200,5.3,18,25,3,0.01,2,inc_every2,3.8630700000002385,3.1825800000000477,-47.85425494178009,-64.1522218821473,96.55482921608855,96.81742000000008,3.863069999999997,3.1825799999999163,202.0,485.0,0.0,0.0,9.0,17.0,1.0,1.0,5.0,5.0,0.0,0.0,-1.1400000000000001,-8.389999999999997,-99.613693,-99.68174200000001,1,1
0.01,1.0,1440,1,30,30,0,0,200,5.3,8,25,99,0.0,1,flat,3.8583300000004996,4.820000000025107,-47.867065421612686,-59.439277239708076,96.55905645233202,95.1799999999749,3.8583300000001906,4.820000000025107,205.0,196.0,0.0,0.0,9.0,9.0,1.0,0.0,5.0,5.0,0.0,0.0,-1.0400000000000003,-2.51,-99.61416699999998,-99.51799999999749,1,1
0.01,1.0,1440,1,30,30,0,0,200,5.3,5,25,5,0.01,3,inc_every3,3.8583300000004996,4.820000000025107,-47.867065421612686,-59.439277239708076,96.55905645233202,95.1799999999749,3.8583300000001906,4.820000000025107,205.0,196.0,0.0,0.0,9.0,9.0,1.0,0.0,5.0,5.0,10.0,8.0,-1.0400000000000003,-2.51,-99.61416699999998,-99.51799999999749,1,1
0.01,1.0,1440,1,30,30,0,0,200,5.3,5,25,5,0.01,1,inc_every1,3.8583300000004996,4.820000000025107,-47.867065421612686,-59.439277239708076,96.55905645233202,95.1799999999749,3.8583300000001906,4.820000000025107,205.0,196.0,0.0,0.0,9.0,9.0,1.0,0.0,5.0,5.0,10.0,8.0,-1.0400000000000003,-2.51,-99.61416699999998,-99.51799999999749,1,1
0.01,1.0,1440,1,30,30,0,0,200,5.3,12,25,99,0.0,1,flat,3.8583300000004996,4.820000000025107,-47.867065421612686,-59.439277239708076,96.55905645233202,95.1799999999749,3.8583300000001906,4.820000000025107,205.0,196.0,0.0,0.0,9.0,9.0,1.0,0.0,5.0,5.0,0.0,0.0,-1.0400000000000003,-2.51,-99.61416699999998,-99.51799999999749,1,1
0.01,1.0,1440,1,30,30,0,0,200,5.3,5,25,99,0.0,1,flat,3.8583300000004996,4.820000000025107,-47.867065421612686,-59.439277239708076,96.55905645233202,95.1799999999749,3.8583300000001906,4.820000000025107,205.0,196.0,0.0,0.0,9.0,9.0,1.0,0.0,5.0,5.0,10.0,8.0,-1.0400000000000003,-2.51,-99.61416699999998,-99.51799999999749,1,1
0.01,1.0,1440,1,30,30,0,0,200,5.3,12,25,5,0.01,3,inc_every3,3.8583300000004996,4.820000000025107,-47.867065421612686,-59.439277239708076,96.55905645233202,95.1799999999749,3.8583300000001906,4.820000000025107,205.0,196.0,0.0,0.0,9.0,9.0,1.0,0.0,5.0,5.0,0.0,0.0,-1.0400000000000003,-2.51,-99.61416699999998,-99.51799999999749,1,1
0.01,1.0,1440,1,30,30,0,0,200,5.3,12,25,5,0.01,1,inc_every1,3.8583300000004996,4.820000000025107,-47.867065421612686,-59.439277239708076,96.55905645233202,95.1799999999749,3.8583300000001906,4.820000000025107,205.0,196.0,0.0,0.0,9.0,9.0,1.0,0.0,5.0,5.0,0.0,0.0,-1.0400000000000003,-2.51,-99.61416699999998,-99.51799999999749,1,1
0.01,1.0,1440,1,30,30,0,0,200,5.3,18,25,5,0.01,1,inc_every1,3.8583300000004996,4.820000000025107,-47.867065421612686,-59.439277239708076,96.55905645233202,95.1799999999749,3.8583300000001906,4.820000000025107,205.0,196.0,0.0,0.0,9.0,9.0,1.0,0.0,5.0,5.0,0.0,0.0,-1.0400000000000003,-2.51,-99.61416699999998,-99.51799999999749,1,1
0.01,1.0,1440,1,30,30,0,0,200,5.3,18,25,5,0.01,3,inc_every3,3.8583300000004996,4.820000000025107,-47.867065421612686,-59.439277239708076,96.55905645233202,95.1799999999749,3.8583300000001906,4.820000000025107,205.0,196.0,0.0,0.0,9.0,9.0,1.0,0.0,5.0,5.0,0.0,0.0,-1.0400000000000003,-2.51,-99.61416699999998,-99.51799999999749,1,1
0.01,1.0,1440,1,30,30,0,0,200,5.3,18,25,99,0.0,1,flat,3.8583300000004996,4.820000000025107,-47.867065421612686,-59.439277239708076,96.55905645233202,95.1799999999749,3.8583300000001906,4.820000000025107,205.0,196.0,0.0,0.0,9.0,9.0,1.0,0.0,5.0,5.0,0.0,0.0,-1.0400000000000003,-2.51,-99.61416699999998,-99.51799999999749,1,1
0.01,1.0,1440,1,30,30,0,0,200,5.3,8,25,5,0.01,3,inc_every3,3.8583300000004996,4.820000000025107,-47.867065421612686,-59.439277239708076,96.55905645233202,95.1799999999749,3.8583300000001906,4.820000000025107,205.0,196.0,0.0,0.0,9.0,9.0,1.0,0.0,5.0,5.0,0.0,0.0,-1.0400000000000003,-2.51,-99.61416699999998,-99.51799999999749,1,1
0.01,1.0,1440,1,30,30,0,0,200,5.3,8,25,5,0.01,1,inc_every1,3.8583300000004996,4.820000000025107,-47.867065421612686,-59.439277239708076,96.55905645233202,95.1799999999749,3.8583300000001906,4.820000000025107,205.0,196.0,0.0,0.0,9.0,9.0,1.0,0.0,5.0,5.0,0.0,0.0,-1.0400000000000003,-2.51,-99.61416699999998,-99.51799999999749,1,1
0.01,1.0,1440,1,30,30,0,0,200,5.3,18,40,99,0.0,1,flat,3.855540000000909,5.321999999999893,-47.8746116539322,-58.225644444727564,96.56154463569112,94.67800000000034,3.8555399999996425,5.321999999999655,113.0,355.0,0.0,0.0,4.0,8.0,1.0,1.0,6.0,6.0,0.0,0.0,-1.08,-6.559999999999995,-99.61444600000003,-99.46780000000004,1,1
0.01,1.0,1440,1,30,30,0,0,200,5.3,12,40,99,0.0,1,flat,3.855540000000909,5.321999999999893,-47.8746116539322,-58.225644444727564,96.56154463569112,94.67800000000034,3.8555399999996425,5.321999999999655,113.0,355.0,0.0,0.0,4.0,8.0,1.0,1.0,6.0,6.0,0.0,0.0,-1.08,-6.559999999999995,-99.61444600000003,-99.46780000000004,1,1
0.01,1.0,1440,1,30,30,0,0,200,5.3,8,40,99,0.0,1,flat,3.855540000000909,5.321999999999893,-47.8746116539322,-58.225644444727564,96.56154463569112,94.67800000000034,3.8555399999996425,5.321999999999655,113.0,355.0,0.0,0.0,4.0,8.0,1.0,1.0,6.0,6.0,0.0,0.0,-1.08,-6.559999999999995,-99.61444600000003,-99.46780000000004,1,1
0.01,1.0,1440,1,30,30,0,0,200,5.3,8,40,5,0.01,3,inc_every3,3.8533800000007083,5.237800000001506,-47.88045689870507,-58.42342061517562,96.56347097119406,94.76219999999915,3.8533800000001843,5.237800000000846,111.0,80.0,0.0,0.0,4.0,3.0,1.0,1.0,6.0,6.0,0.0,0.0,-1.08,-0.46,-99.61466199999998,-99.47621999999991,1,1
0.01,1.0,1440,1,30,30,0,0,200,5.3,18,40,5,0.01,3,inc_every3,3.8533800000007083,5.237800000001506,-47.88045689870507,-58.42342061517562,96.56347097119406,94.76219999999915,3.8533800000001843,5.237800000000846,111.0,80.0,0.0,0.0,4.0,3.0,1.0,1.0,6.0,6.0,0.0,0.0,-1.08,-0.46,-99.61466199999998,-99.47621999999991,1,1
0.01,1.0,1440,1,30,30,0,0,200,5.3,12,40,5,0.01,3,inc_every3,3.8533800000007083,5.237800000001506,-47.88045689870507,-58.42342061517562,96.56347097119406,94.76219999999915,3.8533800000001843,5.237800000000846,111.0,80.0,0.0,0.0,4.0,3.0,1.0,1.0,6.0,6.0,0.0,0.0,-1.08,-0.46,-99.61466199999998,-99.47621999999991,1,1
0.01,1.0,1440,1,30,30,0,0,200,5.3,12,40,5,0.01,1,inc_every1,3.8533800000007083,5.237800000001506,-47.88045689870507,-58.42342061517562,96.56347097119406,94.76219999999915,3.8533800000001843,5.237800000000846,111.0,80.0,0.0,0.0,4.0,3.0,1.0,1.0,6.0,6.0,0.0,0.0,-1.08,-0.46,-99.61466199999998,-99.47621999999991,1,1
0.01,1.0,1440,1,30,30,0,0,200,5.3,18,40,5,0.01,1,inc_every1,3.8533800000007083,5.237800000001506,-47.88045689870507,-58.42342061517562,96.56347097119406,94.76219999999915,3.8533800000001843,5.237800000000846,111.0,80.0,0.0,0.0,4.0,3.0,1.0,1.0,6.0,6.0,0.0,0.0,-1.08,-0.46,-99.61466199999998,-99.47621999999991,1,1
0.01,1.0,1440,1,30,30,0,0,200,5.3,8,40,5,0.01,1,inc_every1,3.8533800000007083,5.237800000001506,-47.88045689870507,-58.42342061517562,96.56347097119406,94.76219999999915,3.8533800000001843,5.237800000000846,111.0,80.0,0.0,0.0,4.0,3.0,1.0,1.0,6.0,6.0,0.0,0.0,-1.08,-0.46,-99.61466199999998,-99.47621999999991,1,1
0.01,1.0,1440,1,30,30,0,0,300,3.0,8,25,3,0.01,2,inc_every2,3.8516400000010798,3.192030000000223,-47.88516747437893,-64.12058009210588,96.32090935141832,96.80796999999987,3.85164000000022,3.192030000000134,219.0,287.0,0.0,0.0,6.0,7.0,1.0,1.0,4.0,4.0,0.0,0.0,-1.0100000000000005,-2.06,-99.61483599999998,-99.68079699999998,1,1
0.01,1.0,1440,1,30,30,0,0,300,3.0,5,25,3,0.01,2,inc_every2,3.8516400000010798,3.192030000000223,-47.88516747437893,-64.12058009210588,96.32090935141832,96.80796999999987,3.85164000000022,3.192030000000134,219.0,287.0,0.0,0.0,6.0,7.0,1.0,1.0,4.0,4.0,0.0,0.0,-1.0100000000000005,-2.06,-99.61483599999998,-99.68079699999998,1,1
0.01,1.0,1440,1,30,30,0,0,300,3.0,12,25,3,0.01,2,inc_every2,3.8516400000010798,3.192030000000223,-47.88516747437893,-64.12058009210588,96.32090935141832,96.80796999999987,3.85164000000022,3.192030000000134,219.0,287.0,0.0,0.0,6.0,7.0,1.0,1.0,4.0,4.0,0.0,0.0,-1.0100000000000005,-2.06,-99.61483599999998,-99.68079699999998,1,1
0.01,1.0,1440,1,30,30,0,0,300,3.0,18,25,3,0.01,2,inc_every2,3.8516400000010798,3.192030000000223,-47.88516747437893,-64.12058009210588,96.32090935141832,96.80796999999987,3.85164000000022,3.192030000000134,219.0,287.0,0.0,0.0,6.0,7.0,1.0,1.0,4.0,4.0,0.0,0.0,-1.0100000000000005,-2.06,-99.61483599999998,-99.68079699999998,1,1
0.01,1.0,1440,1,30,30,0,0,50,8.0,3,0,5,0.01,1,inc_every1,3.850000000028359,3.4636500000003707,-47.88960888574032,-63.237962737452705,96.66146375301051,96.53634999999986,3.850000000028359,3.4636500000001433,214.0,171.0,3.0,4.0,0.0,0.0,1.0,1.0,3.0,3.0,111.0,89.0,-65.44000000000031,-44.94000000000018,-99.61499999999717,-99.65363499999998,1,1
0.01,1.0,1440,1,30,30,0,0,50,8.0,3,0,99,0.0,1,flat,3.850000000028359,3.4636500000003707,-47.88960888574032,-63.237962737452705,96.66146375301051,96.53634999999986,3.850000000028359,3.4636500000001433,214.0,171.0,3.0,4.0,0.0,0.0,1.0,1.0,3.0,3.0,111.0,89.0,-65.44000000000031,-44.94000000000018,-99.61499999999717,-99.65363499999998,1,1
0.01,1.0,1440,1,30,30,0,0,50,8.0,3,0,5,0.01,3,inc_every3,3.850000000028359,3.4636500000003707,-47.88960888574032,-63.237962737452705,96.66146375301051,96.53634999999986,3.850000000028359,3.4636500000001433,214.0,171.0,3.0,4.0,0.0,0.0,1.0,1.0,3.0,3.0,111.0,89.0,-65.44000000000031,-44.94000000000018,-99.61499999999717,-99.65363499999998,1,1
0.01,1.0,1440,1,30,30,0,0,50,8.0,3,0,3,0.01,2,inc_every2,3.850000000028359,3.4636500000003707,-47.88960888574032,-63.237962737452705,96.66146375301051,96.53634999999986,3.850000000028359,3.4636500000001433,214.0,171.0,3.0,4.0,0.0,0.0,1.0,1.0,3.0,3.0,111.0,89.0,-65.44000000000031,-44.94000000000018,-99.61499999999717,-99.65363499999998,1,1
0.01,1.0,1440,1,30,30,0,0,100,12.0,8,0,5,0.01,3,inc_every3,3.8490300000009263,3.1201800000006514,-47.89223653047148,-64.3628323945988,96.98729649342467,96.99288743253626,3.8490300000006776,3.1201800000004027,33.0,12.0,0.0,0.0,0.0,0.0,2.0,2.0,8.0,8.0,2.0,1.0,-3.0000000000000004,0.0,-99.61509699999993,-99.68798199999996,1,1
0.01,1.0,1440,1,30,30,0,0,200,12.0,8,0,5,0.01,3,inc_every3,3.8487900000007276,3.1492199999999926,-47.89288675109534,-64.26445294719257,97.15347237630331,97.46969307408031,3.8487900000006015,3.1492199999998434,30.0,29.0,0.0,0.0,0.0,0.0,2.0,2.0,8.0,8.0,2.0,2.0,-2.7300000000000004,-0.66,-99.61512099999995,-99.68507800000002,1,1
0.01,1.0,1440,1,30,30,0,0,150,18.0,8,0,5,0.01,3,inc_every3,3.84879000000044,4.2016799999992,-47.89288675109612,-61.06295743884971,97.34895302383269,96.38782668500802,3.8487900000001183,4.2016799999992,23.0,19.0,0.0,0.0,0.0,0.0,2.0,2.0,8.0,8.0,2.0,2.0,-2.9000000000000004,-1.3600000000000003,-99.61512099999999,-99.57983200000008,1,1
0.01,1.0,1440,1,30,30,0,0,150,12.0,12,0,99,0.0,1,flat,3.8487900000003794,4.202160000000216,-47.892886751096285,-61.061633821343705,97.09634854771826,96.52484287132002,3.848790000000033,4.202160000000209,32.0,31.0,0.0,0.0,0.0,0.0,2.0,2.0,12.0,12.0,1.0,1.0,-3.1099999999999994,-0.7,-99.615121,-99.57978399999998,1,1
0.01,1.0,1440,1,30,30,0,0,150,12.0,18,0,99,0.0,1,flat,3.8487900000003865,4.201680000000049,-47.89288675109626,-61.06295743884736,97.09634854771836,96.5252398279857,3.848789999999891,4.201680000000049,32.0,31.0,0.0,0.0,0.0,0.0,2.0,2.0,13.0,13.0,0.0,0.0,-3.1099999999999994,-0.7,-99.61512100000002,-99.579832,1,1
0.01,1.0,1440,1,30,30,0,0,150,12.0,8,0,5,0.01,3,inc_every3,3.848760000000217,4.202719999999884,-47.892968030955,-61.06008973514414,97.05030656039283,96.56191099476487,3.84875999999991,4.202719999999884,30.0,30.0,0.0,0.0,0.0,0.0,2.0,2.0,8.0,8.0,2.0,2.0,-2.9000000000000004,-0.7300000000000001,-99.61512400000001,-99.57972800000002,1,1
0.01,1.0,1440,1,30,30,0,0,75,18.0,12,0,3,0.01,2,inc_every2,3.8487600000002455,3.118440000000458,-47.89296803095492,-64.36874741922661,97.61952003958527,97.16092498179142,3.8487599999998032,3.1184400000004437,36.0,8.0,0.0,0.0,0.0,0.0,5.0,3.0,11.0,10.0,0.0,0.0,-1.11,0.0,-99.61512400000002,-99.68815599999995,1,1
0.01,1.0,1440,1,30,30,0,0,75,18.0,18,0,3,0.01,2,inc_every2,3.8487600000002455,3.118440000000458,-47.89296803095492,-64.36874741922661,97.61952003958527,97.16092498179142,3.8487599999998032,3.1184400000004437,36.0,8.0,0.0,0.0,0.0,0.0,5.0,3.0,11.0,10.0,0.0,0.0,-1.11,0.0,-99.61512400000002,-99.68815599999995,1,1
0.01,1.0,1440,1,30,30,0,0,150,12.0,18,40,5,0.01,3,inc_every3,3.8436600000003054,3.1677600000002766,-47.90679297857946,-64.2019774153372,96.70128733264724,96.87042086544172,3.8436599999995202,3.1677599999999035,41.0,170.0,0.0,0.0,4.0,11.0,1.0,1.0,7.0,7.0,0.0,0.0,-0.44,-6.960000000000001,-99.61563400000004,-99.68322400000001,1,1
0.01,1.0,1440,1,30,30,0,0,150,12.0,8,40,5,0.01,1,inc_every1,3.8436600000003107,3.1688400000004506,-47.90679297857944,-64.19834598910063,96.7012873326472,96.86935388263183,3.8436599999995487,3.168840000000076,41.0,170.0,0.0,0.0,4.0,11.0,1.0,1.0,7.0,7.0,0.0,0.0,-0.44,-6.960000000000001,-99.61563400000004,-99.683116,1,1
0.01,1.0,1440,1,30,30,0,0,150,12.0,8,40,5,0.01,3,inc_every3,3.8436600000003054,3.1677600000002766,-47.90679297857946,-64.2019774153372,96.70128733264724,96.87042086544172,3.8436599999995202,3.1677599999999035,41.0,170.0,0.0,0.0,4.0,11.0,1.0,1.0,7.0,7.0,0.0,0.0,-0.44,-6.960000000000001,-99.61563400000004,-99.68322400000001,1,1
0.01,1.0,1440,1,30,30,0,0,150,12.0,12,40,5,0.01,3,inc_every3,3.8436600000003054,3.1677600000002766,-47.90679297857946,-64.2019774153372,96.70128733264724,96.87042086544172,3.8436599999995202,3.1677599999999035,41.0,170.0,0.0,0.0,4.0,11.0,1.0,1.0,7.0,7.0,0.0,0.0,-0.44,-6.960000000000001,-99.61563400000004,-99.68322400000001,1,1
0.01,1.0,1440,1,30,30,0,0,150,12.0,12,40,5,0.01,1,inc_every1,3.8436600000003107,3.1688400000004506,-47.90679297857944,-64.19834598910063,96.7012873326472,96.86935388263183,3.8436599999995487,3.168840000000076,41.0,170.0,0.0,0.0,4.0,11.0,1.0,1.0,7.0,7.0,0.0,0.0,-0.44,-6.960000000000001,-99.61563400000004,-99.683116,1,1
0.01,1.0,1440,1,30,30,0,0,150,12.0,18,40,5,0.01,1,inc_every1,3.8436600000003107,3.1688400000004506,-47.90679297857944,-64.19834598910063,96.7012873326472,96.86935388263183,3.8436599999995487,3.168840000000076,41.0,170.0,0.0,0.0,4.0,11.0,1.0,1.0,7.0,7.0,0.0,0.0,-0.44,-6.960000000000001,-99.61563400000004,-99.683116,1,1
0.01,1.0,1440,1,30,30,0,0,300,3.0,12,0,3,0.01,2,inc_every2,3.8406600000001383,7.512540000001124,-47.91493215620074,-53.712841899047056,96.53745041471376,97.99296305201597,3.8406599999995166,7.512539999999909,74.0,903.0,0.0,0.0,0.0,0.0,2.0,2.0,7.0,11.0,0.0,0.0,-2.48,-30.930000000000025,-99.61593400000005,-99.24874600000001,1,1
0.01,1.0,1440,1,30,30,0,0,300,3.0,18,0,3,0.01,2,inc_every2,3.8406600000001383,7.512540000001124,-47.91493215620074,-53.712841899047056,96.53745041471376,97.99296305201597,3.8406599999995166,7.512539999999909,74.0,903.0,0.0,0.0,0.0,0.0,2.0,2.0,7.0,11.0,0.0,0.0,-2.48,-30.930000000000025,-99.61593400000005,-99.24874600000001,1,1
0.01,1.0,1440,1,30,30,0,0,300,3.0,8,0,3,0.01,2,inc_every2,3.8406600000001383,3.431730000000318,-47.91493215620074,-63.339106224589806,96.53745041471376,99.29931804724674,3.8406599999995166,3.4317300000000017,74.0,1241.0,0.0,2.0,0.0,0.0,2.0,2.0,7.0,8.0,0.0,3.0,-2.48,-61.280000000000086,-99.61593400000005,-99.65682699999999,1,1
0.01,1.0,1440,1,30,30,0,0,300,5.3,12,0,3,0.01,2,inc_every2,3.840060000000147,3.149459999999779,-47.91656060192968,-64.26364255406132,96.80474288567139,97.09646906978917,3.8400600000001006,3.149459999999779,59.0,42.0,0.0,0.0,0.0,0.0,2.0,2.0,7.0,7.0,0.0,0.0,-2.48,-0.31000000000000005,-99.61599399999999,-99.68505400000002,1,1
0.01,1.0,1440,1,30,30,0,0,300,5.3,8,0,3,0.01,2,inc_every2,3.840060000000147,3.149459999999779,-47.91656060192968,-64.26364255406132,96.80474288567139,97.09646906978917,3.8400600000001006,3.149459999999779,59.0,42.0,0.0,0.0,0.0,0.0,2.0,2.0,7.0,7.0,0.0,0.0,-2.48,-0.31000000000000005,-99.61599399999999,-99.68505400000002,1,1
0.01,1.0,1440,1,30,30,0,0,300,5.3,18,0,3,0.01,2,inc_every2,3.840060000000147,3.149459999999779,-47.91656060192968,-64.26364255406132,96.80474288567139,97.09646906978917,3.8400600000001006,3.149459999999779,59.0,42.0,0.0,0.0,0.0,0.0,2.0,2.0,7.0,7.0,0.0,0.0,-2.48,-0.31000000000000005,-99.61599399999999,-99.68505400000002,1,1
0.01,1.0,1440,1,30,30,0,0,300,12.0,18,0,3,0.01,2,inc_every2,3.8400600000008467,7.3333399999999,-47.916560601927785,-54.04418906355406,96.880282719961,94.0673570099514,3.8400600000000935,7.333339999999325,29.0,55.0,0.0,0.0,0.0,0.0,2.0,2.0,7.0,7.0,0.0,0.0,-2.45,-1.06,-99.61599399999999,-99.26666600000007,1,1
0.01,1.0,1440,1,30,30,0,0,300,12.0,12,0,3,0.01,2,inc_every2,3.8400600000008467,7.3333399999999,-47.916560601927785,-54.04418906355406,96.880282719961,94.0673570099514,3.8400600000000935,7.333339999999325,29.0,55.0,0.0,0.0,0.0,0.0,2.0,2.0,7.0,7.0,0.0,0.0,-2.45,-1.06,-99.61599399999999,-99.26666600000007,1,1
0.01,1.0,1440,1,30,30,0,0,300,12.0,8,0,3,0.01,2,inc_every2,3.8400600000008467,7.3333399999999,-47.916560601927785,-54.04418906355406,96.880282719961,94.0673570099514,3.8400600000000935,7.333339999999325,29.0,55.0,0.0,0.0,0.0,0.0,2.0,2.0,7.0,7.0,0.0,0.0,-2.45,-1.06,-99.61599399999999,-99.26666600000007,1,1
0.01,1.0,1440,1,30,30,0,0,200,18.0,8,0,5,0.01,1,inc_every1,3.8400600000009177,3.1500599999998933,-47.91656060192759,-64.26161676099254,97.54141750432167,97.7452866652354,3.840060000000186,3.1500599999998933,23.0,20.0,0.0,0.0,0.0,0.0,2.0,2.0,8.0,8.0,2.0,2.0,-3.4600000000000004,-0.41000000000000003,-99.61599399999999,-99.68499400000002,1,1
0.01,1.0,1440,1,30,30,0,0,300,18.0,18,0,3,0.01,2,inc_every2,3.84006000000052,7.3325000000009055,-47.91656060192867,-54.04575557679794,97.09943349195564,93.93557191299308,3.8400599999999585,7.3325000000003655,21.0,31.0,0.0,0.0,0.0,0.0,2.0,2.0,7.0,7.0,0.0,0.0,-2.45,-1.4200000000000002,-99.615994,-99.26674999999996,1,1
0.01,1.0,1440,1,30,30,0,0,300,18.0,12,0,3,0.01,2,inc_every2,3.84006000000052,7.3325000000009055,-47.91656060192867,-54.04575557679794,97.09943349195564,93.93557191299308,3.8400599999999585,7.3325000000003655,21.0,31.0,0.0,0.0,0.0,0.0,2.0,2.0,7.0,7.0,0.0,0.0,-2.45,-1.4200000000000002,-99.615994,-99.26674999999996,1,1
0.01,1.0,1440,1,30,30,0,0,300,18.0,8,0,3,0.01,2,inc_every2,3.84006000000052,7.3325000000009055,-47.91656060192867,-54.04575557679794,97.09943349195564,93.93557191299308,3.8400599999999585,7.3325000000003655,21.0,31.0,0.0,0.0,0.0,0.0,2.0,2.0,7.0,7.0,0.0,0.0,-2.45,-1.4200000000000002,-99.615994,-99.26674999999996,1,1
0.01,1.0,1440,1,30,30,0,0,200,5.3,8,0,5,0.01,3,inc_every3,3.8400599999998946,3.148320000001105,-47.91656060193037,-64.2674923078551,96.8906396761137,97.15084162895897,3.8400599999998946,3.14832000000062,70.0,45.0,0.0,0.0,0.0,0.0,2.0,2.0,8.0,8.0,2.0,2.0,-2.87,-0.45000000000000007,-99.61599400000001,-99.68516799999993,1,1
0.01,1.0,1440,1,30,30,0,0,200,12.0,8,0,5,0.01,1,inc_every1,3.840060000000463,3.155280000000868,-47.91656060192883,-64.2440037873739,97.29382663847814,97.53724633156429,3.840059999999781,3.1552800000000687,33.0,67.0,0.0,0.0,0.0,0.0,2.0,3.0,8.0,8.0,2.0,3.0,-3.39,-1.4300000000000002,-99.61599400000003,-99.684472,1,1
0.01,1.0,1440,1,30,30,0,0,200,5.3,12,0,99,0.0,1,flat,3.8400599999994363,3.1516200000006,-47.916560601931614,-64.25635096715529,96.78817330210853,97.10621614176857,3.840059999999358,3.151620000000106,70.0,43.0,0.0,0.0,0.0,0.0,2.0,2.0,11.0,10.0,0.0,0.0,-2.42,-0.39,-99.61599400000006,-99.68483799999998,1,1
0.01,1.0,1440,1,30,30,0,0,200,5.3,18,0,99,0.0,1,flat,3.8400599999994363,3.1516200000006,-47.916560601931614,-64.25635096715529,96.78817330210853,97.10621614176857,3.840059999999358,3.151620000000106,70.0,43.0,0.0,0.0,0.0,0.0,2.0,2.0,11.0,10.0,0.0,0.0,-2.42,-0.39,-99.61599400000006,-99.68483799999998,1,1
0.01,1.0,1440,1,30,30,0,0,200,18.0,12,25,5,0.01,3,inc_every3,5.008800000000221,4.223959999999391,-45.07216496816972,-61.00163114181241,97.64734713876727,95.88868989682754,3.8400000001051744,4.223959999999391,315.0,97.0,0.0,0.0,43.0,14.0,1.0,1.0,5.0,5.0,0.0,0.0,-11.29,-6.719999999999998,-99.61599999998948,-99.57760400000006,1,1
0.01,1.0,1440,1,30,30,0,0,200,18.0,18,25,99,0.0,1,flat,5.008800000000221,4.223959999999391,-45.07216496816972,-61.00163114181241,97.64734713876727,95.88868989682754,3.8400000001051744,4.223959999999391,315.0,97.0,0.0,0.0,43.0,14.0,1.0,1.0,5.0,5.0,0.0,0.0,-11.29,-6.719999999999998,-99.61599999998948,-99.57760400000006,1,1
0.01,1.0,1440,1,30,30,0,0,200,18.0,18,25,5,0.01,3,inc_every3,5.008800000000221,4.223959999999391,-45.07216496816972,-61.00163114181241,97.64734713876727,95.88868989682754,3.8400000001051744,4.223959999999391,315.0,97.0,0.0,0.0,43.0,14.0,1.0,1.0,5.0,5.0,0.0,0.0,-11.29,-6.719999999999998,-99.61599999998948,-99.57760400000006,1,1
0.01,1.0,1440,1,30,30,0,0,200,18.0,18,25,5,0.01,1,inc_every1,5.008800000000221,4.223959999999391,-45.07216496816972,-61.00163114181241,97.64734713876727,95.88868989682754,3.8400000001051744,4.223959999999391,315.0,97.0,0.0,0.0,43.0,14.0,1.0,1.0,5.0,5.0,0.0,0.0,-11.29,-6.719999999999998,-99.61599999998948,-99.57760400000006,1,1
0.01,1.0,1440,1,30,30,0,0,200,18.0,12,25,99,0.0,1,flat,5.008800000000221,4.223959999999391,-45.07216496816972,-61.00163114181241,97.64734713876727,95.88868989682754,3.8400000001051744,4.223959999999391,315.0,97.0,0.0,0.0,43.0,14.0,1.0,1.0,5.0,5.0,0.0,0.0,-11.29,-6.719999999999998,-99.61599999998948,-99.57760400000006,1,1
0.01,1.0,1440,1,30,30,0,0,200,18.0,12,25,5,0.01,1,inc_every1,5.008800000000221,4.223959999999391,-45.07216496816972,-61.00163114181241,97.64734713876727,95.88868989682754,3.8400000001051744,4.223959999999391,315.0,97.0,0.0,0.0,43.0,14.0,1.0,1.0,5.0,5.0,0.0,0.0,-11.29,-6.719999999999998,-99.61599999998948,-99.57760400000006,1,1
0.01,1.0,1440,1,30,30,0,0,200,18.0,5,25,99,0.0,1,flat,5.008800000000221,4.223959999999391,-45.07216496816972,-61.00163114181241,97.64734713876727,95.88868989682754,3.8400000001051744,4.223959999999391,315.0,97.0,0.0,0.0,43.0,14.0,1.0,1.0,5.0,5.0,59.0,14.0,-11.29,-6.719999999999998,-99.61599999998948,-99.57760400000006,1,1
0.01,1.0,1440,1,30,30,0,0,200,18.0,8,25,5,0.01,1,inc_every1,5.008800000000221,4.223959999999391,-45.07216496816972,-61.00163114181241,97.64734713876727,95.88868989682754,3.8400000001051744,4.223959999999391,315.0,97.0,0.0,0.0,43.0,14.0,1.0,1.0,5.0,5.0,0.0,0.0,-11.29,-6.719999999999998,-99.61599999998948,-99.57760400000006,1,1
0.01,1.0,1440,1,30,30,0,0,200,18.0,5,25,5,0.01,1,inc_every1,5.008800000000221,4.223959999999391,-45.07216496816972,-61.00163114181241,97.64734713876727,95.88868989682754,3.8400000001051744,4.223959999999391,315.0,97.0,0.0,0.0,43.0,14.0,1.0,1.0,5.0,5.0,59.0,14.0,-11.29,-6.719999999999998,-99.61599999998948,-99.57760400000006,1,1
0.01,1.0,1440,1,30,30,0,0,200,18.0,5,25,5,0.01,3,inc_every3,5.008800000000221,4.223959999999391,-45.07216496816972,-61.00163114181241,97.64734713876727,95.88868989682754,3.8400000001051744,4.223959999999391,315.0,97.0,0.0,0.0,43.0,14.0,1.0,1.0,5.0,5.0,59.0,14.0,-11.29,-6.719999999999998,-99.61599999998948,-99.57760400000006,1,1
0.01,1.0,1440,1,30,30,0,0,200,18.0,8,25,5,0.01,3,inc_every3,5.008800000000221,4.223959999999391,-45.07216496816972,-61.00163114181241,97.64734713876727,95.88868989682754,3.8400000001051744,4.223959999999391,315.0,97.0,0.0,0.0,43.0,14.0,1.0,1.0,5.0,5.0,0.0,0.0,-11.29,-6.719999999999998,-99.61599999998948,-99.57760400000006,1,1
0.01,1.0,1440,1,30,30,0,0,200,18.0,8,25,99,0.0,1,flat,5.008800000000221,4.223959999999391,-45.07216496816972,-61.00163114181241,97.64734713876727,95.88868989682754,3.8400000001051744,4.223959999999391,315.0,97.0,0.0,0.0,43.0,14.0,1.0,1.0,5.0,5.0,0.0,0.0,-11.29,-6.719999999999998,-99.61599999998948,-99.57760400000006,1,1
0.01,1.0,1440,1,30,30,0,0,300,3.0,12,25,99,0.0,1,flat,3.8386500000006514,4.530000000020525,-47.92038825065771,-60.18136725459565,96.33331741331531,95.46999999997948,3.838650000000257,4.530000000020525,212.0,381.0,0.0,0.0,6.0,9.0,1.0,0.0,4.0,4.0,0.0,0.0,-0.9400000000000004,-3.1799999999999993,-99.61613499999997,-99.54699999999795,1,1
0.01,1.0,1440,1,30,30,0,0,300,3.0,5,25,99,0.0,1,flat,3.8386500000006514,4.530000000020525,-47.92038825065771,-60.18136725459565,96.33331741331531,95.46999999997948,3.838650000000257,4.530000000020525,212.0,381.0,0.0,0.0,6.0,9.0,1.0,0.0,4.0,4.0,0.0,0.0,-0.9400000000000004,-3.1799999999999993,-99.61613499999997,-99.54699999999795,1,1
0.01,1.0,1440,1,30,30,0,0,300,3.0,8,25,99,0.0,1,flat,3.8386500000006514,4.530000000020525,-47.92038825065771,-60.18136725459565,96.33331741331531,95.46999999997948,3.838650000000257,4.530000000020525,212.0,381.0,0.0,0.0,6.0,9.0,1.0,0.0,4.0,4.0,0.0,0.0,-0.9400000000000004,-3.1799999999999993,-99.61613499999997,-99.54699999999795,1,1
0.01,1.0,1440,1,30,30,0,0,300,3.0,8,25,5,0.01,3,inc_every3,3.8386500000006514,4.530000000020525,-47.92038825065771,-60.18136725459565,96.33331741331531,95.46999999997948,3.838650000000257,4.530000000020525,212.0,381.0,0.0,0.0,6.0,9.0,1.0,0.0,4.0,4.0,0.0,0.0,-0.9400000000000004,-3.1799999999999993,-99.61613499999997,-99.54699999999795,1,1
0.01,1.0,1440,1,30,30,0,0,300,3.0,5,25,5,0.01,3,inc_every3,3.8386500000006514,4.530000000020525,-47.92038825065771,-60.18136725459565,96.33331741331531,95.46999999997948,3.838650000000257,4.530000000020525,212.0,381.0,0.0,0.0,6.0,9.0,1.0,0.0,4.0,4.0,0.0,0.0,-0.9400000000000004,-3.1799999999999993,-99.61613499999997,-99.54699999999795,1,1
0.01,1.0,1440,1,30,30,0,0,300,3.0,5,25,5,0.01,1,inc_every1,3.8386500000006514,4.530000000020525,-47.92038825065771,-60.18136725459565,96.33331741331531,95.46999999997948,3.838650000000257,4.530000000020525,212.0,381.0,0.0,0.0,6.0,9.0,1.0,0.0,4.0,4.0,0.0,0.0,-0.9400000000000004,-3.1799999999999993,-99.61613499999997,-99.54699999999795,1,1
0.01,1.0,1440,1,30,30,0,0,300,3.0,18,25,5,0.01,1,inc_every1,3.8386500000006514,4.530000000020525,-47.92038825065771,-60.18136725459565,96.33331741331531,95.46999999997948,3.838650000000257,4.530000000020525,212.0,381.0,0.0,0.0,6.0,9.0,1.0,0.0,4.0,4.0,0.0,0.0,-0.9400000000000004,-3.1799999999999993,-99.61613499999997,-99.54699999999795,1,1
0.01,1.0,1440,1,30,30,0,0,300,3.0,18,25,5,0.01,3,inc_every3,3.8386500000006514,4.530000000020525,-47.92038825065771,-60.18136725459565,96.33331741331531,95.46999999997948,3.838650000000257,4.530000000020525,212.0,381.0,0.0,0.0,6.0,9.0,1.0,0.0,4.0,4.0,0.0,0.0,-0.9400000000000004,-3.1799999999999993,-99.61613499999997,-99.54699999999795,1,1
0.01,1.0,1440,1,30,30,0,0,300,3.0,8,25,5,0.01,1,inc_every1,3.8386500000006514,4.530000000020525,-47.92038825065771,-60.18136725459565,96.33331741331531,95.46999999997948,3.838650000000257,4.530000000020525,212.0,381.0,0.0,0.0,6.0,9.0,1.0,0.0,4.0,4.0,0.0,0.0,-0.9400000000000004,-3.1799999999999993,-99.61613499999997,-99.54699999999795,1,1
0.01,1.0,1440,1,30,30,0,0,300,3.0,12,25,5,0.01,3,inc_every3,3.8386500000006514,4.530000000020525,-47.92038825065771,-60.18136725459565,96.33331741331531,95.46999999997948,3.838650000000257,4.530000000020525,212.0,381.0,0.0,0.0,6.0,9.0,1.0,0.0,4.0,4.0,0.0,0.0,-0.9400000000000004,-3.1799999999999993,-99.61613499999997,-99.54699999999795,1,1
0.01,1.0,1440,1,30,30,0,0,300,3.0,12,25,5,0.01,1,inc_every1,3.8386500000006514,4.530000000020525,-47.92038825065771,-60.18136725459565,96.33331741331531,95.46999999997948,3.838650000000257,4.530000000020525,212.0,381.0,0.0,0.0,6.0,9.0,1.0,0.0,4.0,4.0,0.0,0.0,-0.9400000000000004,-3.1799999999999993,-99.61613499999997,-99.54699999999795,1,1
0.01,1.0,1440,1,30,30,0,0,300,3.0,18,25,99,0.0,1,flat,3.8386500000006514,4.530000000020525,-47.92038825065771,-60.18136725459565,96.33331741331531,95.46999999997948,3.838650000000257,4.530000000020525,212.0,381.0,0.0,0.0,6.0,9.0,1.0,0.0,4.0,4.0,0.0,0.0,-0.9400000000000004,-3.1799999999999993,-99.61613499999997,-99.54699999999795,1,1
0.01,1.0,1440,1,30,30,0,0,300,3.0,3,25,5,0.01,1,inc_every1,3.838650000000394,3.1801800000002096,-47.920388250658405,-64.16026839876096,96.33331741331553,96.81981999999988,3.838650000000033,3.180180000000128,211.0,523.0,0.0,0.0,6.0,10.0,1.0,1.0,3.0,3.0,9.0,26.0,-0.8700000000000003,-4.8699999999999966,-99.616135,-99.68198199999999,1,1
0.01,1.0,1440,1,30,30,0,0,300,3.0,3,25,5,0.01,3,inc_every3,3.838650000000394,3.1801800000002096,-47.920388250658405,-64.16026839876096,96.33331741331553,96.81981999999988,3.838650000000033,3.180180000000128,211.0,523.0,0.0,0.0,6.0,10.0,1.0,1.0,3.0,3.0,9.0,26.0,-0.8700000000000003,-4.8699999999999966,-99.616135,-99.68198199999999,1,1
0.01,1.0,1440,1,30,30,0,0,300,3.0,3,25,99,0.0,1,flat,3.838650000000394,3.1801800000002096,-47.920388250658405,-64.16026839876096,96.33331741331553,96.81981999999988,3.838650000000033,3.180180000000128,211.0,523.0,0.0,0.0,6.0,10.0,1.0,1.0,3.0,3.0,9.0,26.0,-0.8700000000000003,-4.8699999999999966,-99.616135,-99.68198199999999,1,1
0.01,1.0,1440,1,30,30,0,0,300,3.0,3,25,3,0.01,2,inc_every2,3.838650000000394,3.1801800000002096,-47.920388250658405,-64.16026839876096,96.33331741331553,96.81981999999988,3.838650000000033,3.180180000000128,211.0,523.0,0.0,0.0,6.0,10.0,1.0,1.0,3.0,3.0,9.0,26.0,-0.8700000000000003,-4.8699999999999966,-99.616135,-99.68198199999999,1,1
0.01,1.0,1440,1,30,30,0,0,150,3.0,18,40,99,0.0,1,flat,3.838350000001123,6.399420000000269,-47.92120278909257,-55.86984564588771,96.43176536208989,93.60057999999987,3.8383500000000197,6.399420000000141,101.0,357.0,0.0,0.0,3.0,5.0,1.0,1.0,7.0,7.0,0.0,0.0,-0.8300000000000001,-2.9699999999999998,-99.616165,-99.36005799999998,1,1
0.01,1.0,1440,1,30,30,0,0,150,3.0,12,40,99,0.0,1,flat,3.838350000001123,6.399420000000269,-47.92120278909257,-55.86984564588771,96.43176536208989,93.60057999999987,3.8383500000000197,6.399420000000141,101.0,357.0,0.0,0.0,3.0,5.0,1.0,1.0,7.0,7.0,0.0,0.0,-0.8300000000000001,-2.9699999999999998,-99.616165,-99.36005799999998,1,1
0.01,1.0,1440,1,30,30,0,0,150,3.0,8,40,99,0.0,1,flat,3.838350000001123,6.399420000000269,-47.92120278909257,-55.86984564588771,96.43176536208989,93.60057999999987,3.8383500000000197,6.399420000000141,101.0,357.0,0.0,0.0,3.0,5.0,1.0,1.0,7.0,7.0,0.0,0.0,-0.8300000000000001,-2.9699999999999998,-99.616165,-99.36005799999998,1,1
0.01,1.0,1440,1,30,30,0,0,200,3.0,5,40,3,0.01,2,inc_every2,3.836460000000672,3.149400000000151,-47.9263355525432,-64.26384514827626,96.50021893815018,96.85059999999984,3.836459999999855,3.149400000000151,98.0,100.0,0.0,0.0,3.0,3.0,1.0,1.0,5.0,5.0,3.0,3.0,-0.9000000000000001,-0.4,-99.61635400000002,-99.68505999999998,1,1
0.01,1.0,1440,1,30,30,0,0,200,3.0,18,40,3,0.01,2,inc_every2,3.836460000000667,3.1494000000001474,-47.92633555254322,-64.26384514827626,96.50021893815014,96.85059999999986,3.8364599999998976,3.1494000000001474,98.0,100.0,0.0,0.0,3.0,3.0,1.0,1.0,6.0,6.0,0.0,0.0,-0.9000000000000001,-0.4,-99.61635400000002,-99.68505999999998,1,1
0.01,1.0,1440,1,30,30,0,0,200,3.0,12,40,3,0.01,2,inc_every2,3.836460000000667,3.1494000000001474,-47.92633555254322,-64.26384514827626,96.50021893815014,96.85059999999986,3.8364599999998976,3.1494000000001474,98.0,100.0,0.0,0.0,3.0,3.0,1.0,1.0,6.0,6.0,0.0,0.0,-0.9000000000000001,-0.4,-99.61635400000002,-99.68505999999998,1,1
0.01,1.0,1440,1,30,30,0,0,200,3.0,8,40,3,0.01,2,inc_every2,3.836460000000667,3.1494000000001474,-47.92633555254322,-64.26384514827626,96.50021893815014,96.85059999999986,3.8364599999998976,3.1494000000001474,98.0,100.0,0.0,0.0,3.0,3.0,1.0,1.0,6.0,6.0,0.0,0.0,-0.9000000000000001,-0.4,-99.61635400000002,-99.68505999999998,1,1
0.01,1.0,1440,1,30,30,0,0,300,8.0,8,0,3,0.01,2,inc_every2,3.832860000000764,3.1494599999998734,-47.936117842803036,-64.263642554061,96.88436026662329,97.19499465621675,3.8328600000001387,3.1494599999998734,50.0,36.0,0.0,0.0,0.0,0.0,2.0,2.0,7.0,7.0,0.0,0.0,-2.69,-0.31000000000000005,-99.61671399999999,-99.68505400000001,1,1
0.01,1.0,1440,1,30,30,0,0,300,8.0,18,0,3,0.01,2,inc_every2,3.832860000000764,3.1494599999998734,-47.936117842803036,-64.263642554061,96.88436026662329,97.19499465621675,3.8328600000001387,3.1494599999998734,50.0,36.0,0.0,0.0,0.0,0.0,2.0,2.0,7.0,7.0,0.0,0.0,-2.69,-0.31000000000000005,-99.61671399999999,-99.68505400000001,1,1
0.01,1.0,1440,1,30,30,0,0,300,8.0,12,0,3,0.01,2,inc_every2,3.832860000000764,3.1494599999998734,-47.936117842803036,-64.263642554061,96.88436026662329,97.19499465621675,3.8328600000001387,3.1494599999998734,50.0,36.0,0.0,0.0,0.0,0.0,2.0,2.0,7.0,7.0,0.0,0.0,-2.69,-0.31000000000000005,-99.61671399999999,-99.68505400000001,1,1
0.01,1.0,1440,1,30,30,0,0,150,3.0,3,40,5,0.01,1,inc_every1,3.832050000000457,3.2080200000007917,-47.938319870875304,-64.06718970929568,96.4176404599422,96.79197999999937,3.8320499999999313,3.2080200000006336,268.0,401.0,0.0,0.0,4.0,6.0,1.0,1.0,3.0,3.0,25.0,39.0,-1.1800000000000002,-4.379999999999998,-99.61679500000001,-99.67919799999994,1,1
0.01,1.0,1440,1,30,30,0,0,150,3.0,3,40,5,0.01,3,inc_every3,3.832050000000457,3.2080200000007917,-47.938319870875304,-64.06718970929568,96.4176404599422,96.79197999999937,3.8320499999999313,3.2080200000006336,268.0,401.0,0.0,0.0,4.0,6.0,1.0,1.0,3.0,3.0,25.0,39.0,-1.1800000000000002,-4.379999999999998,-99.61679500000001,-99.67919799999994,1,1
0.01,1.0,1440,1,30,30,0,0,150,3.0,3,40,3,0.01,2,inc_every2,3.832050000000457,3.2080200000007917,-47.938319870875304,-64.06718970929568,96.4176404599422,96.79197999999937,3.8320499999999313,3.2080200000006336,268.0,401.0,0.0,0.0,4.0,6.0,1.0,1.0,3.0,3.0,25.0,39.0,-1.1800000000000002,-4.379999999999998,-99.61679500000001,-99.67919799999994,1,1
0.01,1.0,1440,1,30,30,0,0,150,3.0,3,40,99,0.0,1,flat,3.832050000000457,3.2080200000007917,-47.938319870875304,-64.06718970929568,96.4176404599422,96.79197999999937,3.8320499999999313,3.2080200000006336,268.0,401.0,0.0,0.0,4.0,6.0,1.0,1.0,3.0,3.0,25.0,39.0,-1.1800000000000002,-4.379999999999998,-99.61679500000001,-99.67919799999994,1,1
0.01,1.0,1440,1,30,30,0,0,100,3.0,3,40,5,0.01,3,inc_every3,3.8301900000007763,3.198660000000263,-47.94337778918022,-64.09841986924955,96.57223017719717,96.81471818362898,3.8301899999999947,3.1986599999997907,237.0,501.0,0.0,0.0,4.0,7.0,1.0,1.0,3.0,3.0,30.0,72.0,-1.5500000000000003,-6.859999999999999,-99.616981,-99.68013400000002,1,1
0.01,1.0,1440,1,30,30,0,0,100,3.0,3,40,99,0.0,1,flat,3.8301900000007763,3.198660000000263,-47.94337778918022,-64.09841986924955,96.57223017719717,96.81471818362898,3.8301899999999947,3.1986599999997907,237.0,501.0,0.0,0.0,4.0,7.0,1.0,1.0,3.0,3.0,30.0,72.0,-1.5500000000000003,-6.859999999999999,-99.616981,-99.68013400000002,1,1
0.01,1.0,1440,1,30,30,0,0,100,3.0,3,40,3,0.01,2,inc_every2,3.8301900000007763,3.198660000000263,-47.94337778918022,-64.09841986924955,96.57223017719717,96.81471818362898,3.8301899999999947,3.1986599999997907,237.0,501.0,0.0,0.0,4.0,7.0,1.0,1.0,3.0,3.0,30.0,72.0,-1.5500000000000003,-6.859999999999999,-99.616981,-99.68013400000002,1,1
0.01,1.0,1440,1,30,30,0,0,100,3.0,3,40,5,0.01,1,inc_every1,3.8301900000007763,3.198660000000263,-47.94337778918022,-64.09841986924955,96.57223017719717,96.81471818362898,3.8301899999999947,3.1986599999997907,237.0,501.0,0.0,0.0,4.0,7.0,1.0,1.0,3.0,3.0,30.0,72.0,-1.5500000000000003,-6.859999999999999,-99.616981,-99.68013400000002,1,1
0.01,1.0,1440,1,30,30,0,0,300,12.0,8,0,5,0.01,1,inc_every1,3.8296200000004355,4.6663199999991924,-47.94492818969294,-59.8285014228012,96.7575819151636,99.35027990937661,3.8296200000003537,4.445059999999863,33.0,371.0,0.0,1.0,0.0,0.0,2.0,2.0,8.0,8.0,1.0,5.0,-2.0100000000000002,-75.76999999999997,-99.61703799999997,-99.55549400000001,1,1
0.01,1.0,1440,1,30,30,0,0,300,12.0,18,0,5,0.01,1,inc_every1,3.8296200000004355,3.395879999999824,-47.94492818969294,-63.453493515996776,96.7575819151636,99.54392618756637,3.8296200000003537,3.395879999999572,33.0,372.0,0.0,0.0,0.0,0.0,2.0,3.0,8.0,14.0,0.0,0.0,-2.0100000000000002,-74.05999999999996,-99.61703799999997,-99.66041200000004,1,1
0.01,1.0,1440,1,30,30,0,0,300,12.0,12,0,5,0.01,1,inc_every1,3.8296200000004355,3.4192200000007844,-47.94492818969294,-63.37892636361795,96.7575819151636,99.54079157657229,3.8296200000003537,3.4192200000004007,33.0,368.0,0.0,0.0,0.0,0.0,2.0,3.0,8.0,12.0,0.0,2.0,-2.0100000000000002,-78.38000000000001,-99.61703799999997,-99.65807799999996,1,1
0.01,1.0,1440,1,30,30,0,0,300,8.0,12,0,5,0.01,1,inc_every1,3.8296200000006237,3.395010000000667,-47.944928189692426,-63.45627996158187,96.74185809086288,99.50364625213822,3.8296199999998493,3.395009999999786,47.0,566.0,0.0,0.0,0.0,0.0,2.0,3.0,8.0,12.0,0.0,2.0,-2.0300000000000002,-61.640000000000036,-99.61703800000001,-99.66049900000002,1,1
0.01,1.0,1440,1,30,30,0,0,300,8.0,8,0,5,0.01,1,inc_every1,3.8296200000006237,5.641199999999273,-47.944928189692426,-57.495252385465044,96.74185809086288,98.88478570298929,3.8296199999998493,5.6411999999991025,47.0,462.0,0.0,1.0,0.0,0.0,2.0,2.0,8.0,8.0,1.0,5.0,-2.0300000000000002,-56.81000000000003,-99.61703800000001,-99.43588000000008,1,1
0.01,1.0,1440,1,30,30,0,0,300,8.0,18,0,5,0.01,1,inc_every1,3.8296200000006237,2.3026799999999614,-47.944928189692426,-67.44339377549568,96.74185809086288,99.66334595535025,3.8296199999998493,2.302679999999903,47.0,637.0,0.0,0.0,0.0,0.0,2.0,4.0,8.0,13.0,0.0,0.0,-2.0300000000000002,-65.51000000000002,-99.61703800000001,-99.769732,1,1
0.01,1.0,1440,1,30,30,0,0,50,3.0,3,40,5,0.01,3,inc_every3,3.82428000000138,5.370000000076388,-47.9594619664647,-58.11387991977559,96.62255585975407,94.64606181448136,3.8242800000006696,5.3700000000752866,193.0,602.0,0.0,2.0,4.0,10.0,1.0,0.0,3.0,3.0,56.0,168.0,-2.2099999999999995,-12.070000000000002,-99.61757199999994,-99.46299999999248,1,1
0.01,1.0,1440,1,30,30,0,0,50,3.0,3,40,99,0.0,1,flat,3.82428000000138,5.370000000076388,-47.9594619664647,-58.11387991977559,96.62255585975407,94.64606181448136,3.8242800000006696,5.3700000000752866,193.0,602.0,0.0,2.0,4.0,10.0,1.0,0.0,3.0,3.0,56.0,168.0,-2.2099999999999995,-12.070000000000002,-99.61757199999994,-99.46299999999248,1,1
0.01,1.0,1440,1,30,30,0,0,50,3.0,3,40,3,0.01,2,inc_every2,3.82428000000138,5.370000000076388,-47.9594619664647,-58.11387991977559,96.62255585975407,94.64606181448136,3.8242800000006696,5.3700000000752866,193.0,602.0,0.0,2.0,4.0,10.0,1.0,0.0,3.0,3.0,56.0,168.0,-2.2099999999999995,-12.070000000000002,-99.61757199999994,-99.46299999999248,1,1
0.01,1.0,1440,1,30,30,0,0,50,3.0,3,40,5,0.01,1,inc_every1,3.82428000000138,5.370000000076388,-47.9594619664647,-58.11387991977559,96.62255585975407,94.64606181448136,3.8242800000006696,5.3700000000752866,193.0,602.0,0.0,2.0,4.0,10.0,1.0,0.0,3.0,3.0,56.0,168.0,-2.2099999999999995,-12.070000000000002,-99.61757199999994,-99.46299999999248,1,1
0.01,1.0,1440,1,30,30,0,0,200,8.0,3,25,5,0.01,3,inc_every3,3.819960000000062,3.170760000000268,-47.97123151133443,-64.19189226622571,96.70976744186083,96.85565251884182,3.8199599999996714,3.1707599999999303,308.0,218.0,0.0,0.0,17.0,12.0,1.0,1.0,3.0,3.0,59.0,32.0,-3.519999999999999,-5.719999999999997,-99.61800400000003,-99.68292400000001,1,1
0.01,1.0,1440,1,30,30,0,0,200,8.0,3,25,3,0.01,2,inc_every2,3.819960000000062,3.170760000000268,-47.97123151133443,-64.19189226622571,96.70976744186083,96.85565251884182,3.8199599999996714,3.1707599999999303,308.0,218.0,0.0,0.0,17.0,12.0,1.0,1.0,3.0,3.0,59.0,32.0,-3.519999999999999,-5.719999999999997,-99.61800400000003,-99.68292400000001,1,1
0.01,1.0,1440,1,30,30,0,0,200,8.0,3,25,99,0.0,1,flat,3.819960000000062,3.170760000000268,-47.97123151133443,-64.19189226622571,96.70976744186083,96.85565251884182,3.8199599999996714,3.1707599999999303,308.0,218.0,0.0,0.0,17.0,12.0,1.0,1.0,3.0,3.0,59.0,32.0,-3.519999999999999,-5.719999999999997,-99.61800400000003,-99.68292400000001,1,1
0.01,1.0,1440,1,30,30,0,0,200,8.0,3,25,5,0.01,1,inc_every1,3.819960000000062,3.170760000000268,-47.97123151133443,-64.19189226622571,96.70976744186083,96.85565251884182,3.8199599999996714,3.1707599999999303,308.0,218.0,0.0,0.0,17.0,12.0,1.0,1.0,3.0,3.0,59.0,32.0,-3.519999999999999,-5.719999999999997,-99.61800400000003,-99.68292400000001,1,1
0.01,1.0,1440,1,30,30,0,0,300,5.3,12,0,5,0.01,1,inc_every1,3.8150400000000992,5.327849999999557,-47.98464868961013,-58.2119853516364,96.63636043025937,95.01604303087043,3.815039999999872,5.327849999999557,72.0,109.0,0.0,0.0,0.0,0.0,2.0,2.0,7.0,8.0,0.0,0.0,-2.0300000000000002,-1.3000000000000003,-99.61849600000001,-99.46721500000004,1,1
0.01,1.0,1440,1,30,30,0,0,300,5.3,8,0,5,0.01,1,inc_every1,3.8150400000000992,5.327849999999557,-47.98464868961013,-58.2119853516364,96.63636043025937,95.01604303087043,3.815039999999872,5.327849999999557,72.0,109.0,0.0,0.0,0.0,0.0,2.0,2.0,7.0,8.0,0.0,1.0,-2.0300000000000002,-1.3000000000000003,-99.61849600000001,-99.46721500000004,1,1
0.01,1.0,1440,1,30,30,0,0,300,5.3,18,0,5,0.01,1,inc_every1,3.8150400000000992,5.327849999999557,-47.98464868961013,-58.2119853516364,96.63636043025937,95.01604303087043,3.815039999999872,5.327849999999557,72.0,109.0,0.0,0.0,0.0,0.0,2.0,2.0,7.0,8.0,0.0,0.0,-2.0300000000000002,-1.3000000000000003,-99.61849600000001,-99.46721500000004,1,1
0.01,1.0,1440,1,30,30,0,0,300,3.0,18,0,5,0.01,1,inc_every1,3.8120700000000056,5.380300000000332,-47.992754784463564,-58.0899886392382,96.43531887039472,98.47669875424717,3.8120700000000056,5.380299999999828,105.0,844.0,0.0,0.0,0.0,0.0,2.0,2.0,7.0,11.0,0.0,0.0,-2.1100000000000003,-30.510000000000023,-99.618793,-99.46197000000002,1,1
0.01,1.0,1440,1,30,30,0,0,300,3.0,8,0,5,0.01,1,inc_every1,3.8120700000000056,4.528239999999592,-47.992754784463564,-60.18597150340319,96.43531887039472,98.98585921927862,3.8120700000000056,4.528239999999592,105.0,1174.0,0.0,2.0,0.0,0.0,2.0,2.0,7.0,8.0,0.0,3.0,-2.1100000000000003,-55.990000000000066,-99.618793,-99.54717600000004,1,1
0.01,1.0,1440,1,30,30,0,0,300,3.0,12,0,5,0.01,1,inc_every1,3.8120700000000056,5.380300000000332,-47.992754784463564,-58.0899886392382,96.43531887039472,98.47669875424717,3.8120700000000056,5.380299999999828,105.0,844.0,0.0,0.0,0.0,0.0,2.0,2.0,7.0,11.0,0.0,0.0,-2.1100000000000003,-30.510000000000023,-99.618793,-99.46197000000002,1,1
0.01,1.0,1440,1,30,30,0,0,75,12.0,3,25,3,0.01,2,inc_every2,3.811110000000639,3.274020000000826,-47.99537601665178,-63.848774083804116,96.78034130269509,97.00811477656966,3.8111099999999283,3.274020000000217,164.0,281.0,0.0,0.0,19.0,31.0,1.0,1.0,3.0,3.0,91.0,143.0,-3.4599999999999995,-15.850000000000007,-99.61888900000001,-99.67259799999998,1,1
0.01,1.0,1440,1,30,30,0,0,75,12.0,3,25,5,0.01,3,inc_every3,3.811110000000639,3.274020000000826,-47.99537601665178,-63.848774083804116,96.78034130269509,97.00811477656966,3.8111099999999283,3.274020000000217,164.0,281.0,0.0,0.0,19.0,31.0,1.0,1.0,3.0,3.0,91.0,143.0,-3.4599999999999995,-15.850000000000007,-99.61888900000001,-99.67259799999998,1,1
0.01,1.0,1440,1,30,30,0,0,75,12.0,3,25,5,0.01,1,inc_every1,3.811110000000639,3.274020000000826,-47.99537601665178,-63.848774083804116,96.78034130269509,97.00811477656966,3.8111099999999283,3.274020000000217,164.0,281.0,0.0,0.0,19.0,31.0,1.0,1.0,3.0,3.0,91.0,143.0,-3.4599999999999995,-15.850000000000007,-99.61888900000001,-99.67259799999998,1,1
0.01,1.0,1440,1,30,30,0,0,75,12.0,3,25,99,0.0,1,flat,3.811110000000639,3.274020000000826,-47.99537601665178,-63.848774083804116,96.78034130269509,97.00811477656966,3.8111099999999283,3.274020000000217,164.0,281.0,0.0,0.0,19.0,31.0,1.0,1.0,3.0,3.0,91.0,143.0,-3.4599999999999995,-15.850000000000007,-99.61888900000001,-99.67259799999998,1,1
0.01,1.0,1440,1,30,30,0,0,150,8.0,3,15,3,0.01,2,inc_every2,3.8111099999996814,10.20000000010115,-47.99537601665439,-49.30295309376716,96.61565580321515,94.44874108439627,3.811109999999573,6.46000000008849,444.0,453.0,0.0,0.0,41.0,40.0,1.0,0.0,3.0,3.0,105.0,107.0,-4.429999999999998,-12.139999999999999,-99.61888900000004,-99.35399999999115,1,1
0.01,1.0,1440,1,30,30,0,0,150,8.0,3,15,5,0.01,3,inc_every3,3.8111099999996814,10.20000000010115,-47.99537601665439,-49.30295309376716,96.61565580321515,94.44874108439627,3.811109999999573,6.46000000008849,444.0,453.0,0.0,0.0,41.0,40.0,1.0,0.0,3.0,3.0,105.0,107.0,-4.429999999999998,-12.139999999999999,-99.61888900000004,-99.35399999999115,1,1
0.01,1.0,1440,1,30,30,0,0,150,8.0,3,15,99,0.0,1,flat,3.8111099999996814,10.20000000010115,-47.99537601665439,-49.30295309376716,96.61565580321515,94.44874108439627,3.811109999999573,6.46000000008849,444.0,453.0,0.0,0.0,41.0,40.0,1.0,0.0,3.0,3.0,105.0,107.0,-4.429999999999998,-12.139999999999999,-99.61888900000004,-99.35399999999115,1,1
0.01,1.0,1440,1,30,30,0,0,150,8.0,3,15,5,0.01,1,inc_every1,3.8111099999996814,10.20000000010115,-47.99537601665439,-49.30295309376716,96.61565580321515,94.44874108439627,3.811109999999573,6.46000000008849,444.0,453.0,0.0,0.0,41.0,40.0,1.0,0.0,3.0,3.0,105.0,107.0,-4.429999999999998,-12.139999999999999,-99.61888900000004,-99.35399999999115,1,1
0.01,1.0,1440,1,30,30,0,0,300,12.0,3,0,5,0.01,3,inc_every3,3.8100000000184764,3.5112000000002013,-47.99840747477706,-63.08850032028528,96.7837244639388,97.20934668574176,3.8100000000184764,3.511199999999974,218.0,204.0,2.0,1.0,0.0,0.0,1.0,1.0,3.0,3.0,33.0,27.0,-77.47000000000014,-40.210000000000164,-99.61899999999815,-99.64888,1,1
0.01,1.0,1440,1,30,30,0,0,300,12.0,3,0,3,0.01,2,inc_every2,3.8100000000184764,3.5112000000002013,-47.99840747477706,-63.08850032028528,96.7837244639388,97.20934668574176,3.8100000000184764,3.511199999999974,218.0,204.0,2.0,1.0,0.0,0.0,1.0,1.0,3.0,3.0,33.0,27.0,-77.47000000000014,-40.210000000000164,-99.61899999999815,-99.64888,1,1
0.01,1.0,1440,1,30,30,0,0,300,12.0,3,0,99,0.0,1,flat,3.8100000000184764,3.5112000000002013,-47.99840747477706,-63.08850032028528,96.7837244639388,97.20934668574176,3.8100000000184764,3.511199999999974,218.0,204.0,2.0,1.0,0.0,0.0,1.0,1.0,3.0,3.0,33.0,27.0,-77.47000000000014,-40.210000000000164,-99.61899999999815,-99.64888,1,1
0.01,1.0,1440,1,30,30,0,0,300,12.0,3,0,5,0.01,1,inc_every1,3.8100000000184764,3.5112000000002013,-47.99840747477706,-63.08850032028528,96.7837244639388,97.20934668574176,3.8100000000184764,3.511199999999974,218.0,204.0,2.0,1.0,0.0,0.0,1.0,1.0,3.0,3.0,33.0,27.0,-77.47000000000014,-40.210000000000164,-99.61899999999815,-99.64888,1,1
0.01,1.0,1440,1,30,30,0,0,300,3.0,8,40,3,0.01,2,inc_every2,3.8055300000004983,3.162030000000609,-48.010622394018924,-64.22125870980314,96.36495367274829,96.83796999999996,3.80552999999988,3.162030000000044,140.0,565.0,0.0,0.0,3.0,7.0,1.0,1.0,5.0,5.0,0.0,0.0,-0.6200000000000001,-5.149999999999998,-99.61944700000001,-99.683797,1,1
0.01,1.0,1440,1,30,30,0,0,300,3.0,18,40,3,0.01,2,inc_every2,3.8055300000004983,3.162030000000609,-48.010622394018924,-64.22125870980314,96.36495367274829,96.83796999999996,3.80552999999988,3.162030000000044,140.0,565.0,0.0,0.0,3.0,7.0,1.0,1.0,5.0,5.0,0.0,0.0,-0.6200000000000001,-5.149999999999998,-99.61944700000001,-99.683797,1,1
0.01,1.0,1440,1,30,30,0,0,300,3.0,12,40,3,0.01,2,inc_every2,3.8055300000004983,3.162030000000609,-48.010622394018924,-64.22125870980314,96.36495367274829,96.83796999999996,3.80552999999988,3.162030000000044,140.0,565.0,0.0,0.0,3.0,7.0,1.0,1.0,5.0,5.0,0.0,0.0,-0.6200000000000001,-5.149999999999998,-99.61944700000001,-99.683797,1,1
0.01,1.0,1440,1,30,30,0,0,300,3.0,5,40,3,0.01,2,inc_every2,3.8055300000004983,3.162030000000609,-48.010622394018924,-64.22125870980314,96.36495367274829,96.83796999999996,3.80552999999988,3.162030000000044,140.0,565.0,0.0,0.0,3.0,7.0,1.0,1.0,5.0,5.0,3.0,9.0,-0.6200000000000001,-5.149999999999998,-99.61944700000001,-99.683797,1,1
0.01,1.0,1440,1,30,30,0,0,50,12.0,3,0,5,0.01,1,inc_every1,3.8000000000272394,3.529140000000268,-48.02574980742086,-63.03247949669931,96.6913365258798,96.84785637727812,3.8000000000272394,3.5291399999997566,144.0,135.0,2.0,2.0,0.0,0.0,1.0,1.0,3.0,3.0,87.0,73.0,-93.89999999999995,-47.0900000000002,-99.61999999999728,-99.64708600000003,1,1
0.01,1.0,1440,1,30,30,0,0,50,12.0,3,0,3,0.01,2,inc_every2,3.8000000000272394,3.529140000000268,-48.02574980742086,-63.03247949669931,96.6913365258798,96.84785637727812,3.8000000000272394,3.5291399999997566,144.0,135.0,2.0,2.0,0.0,0.0,1.0,1.0,3.0,3.0,87.0,73.0,-93.89999999999995,-47.0900000000002,-99.61999999999728,-99.64708600000003,1,1
0.01,1.0,1440,1,30,30,0,0,50,12.0,3,0,5,0.01,3,inc_every3,3.8000000000272394,3.529140000000268,-48.02574980742086,-63.03247949669931,96.6913365258798,96.84785637727812,3.8000000000272394,3.5291399999997566,144.0,135.0,2.0,2.0,0.0,0.0,1.0,1.0,3.0,3.0,87.0,73.0,-93.89999999999995,-47.0900000000002,-99.61999999999728,-99.64708600000003,1,1
0.01,1.0,1440,1,30,30,0,0,50,12.0,3,0,99,0.0,1,flat,3.8000000000272394,3.529140000000268,-48.02574980742086,-63.03247949669931,96.6913365258798,96.84785637727812,3.8000000000272394,3.5291399999997566,144.0,135.0,2.0,2.0,0.0,0.0,1.0,1.0,3.0,3.0,87.0,73.0,-93.89999999999995,-47.0900000000002,-99.61999999999728,-99.64708600000003,1,1
0.01,1.0,1440,1,30,30,0,0,300,8.0,3,0,99,0.0,1,flat,3.7900000000263105,3.5043000000005122,-48.05314975507077,-63.110100326986476,96.88936309912543,97.05074903214961,3.790000000026282,3.5043000000003417,353.0,301.0,2.0,2.0,0.0,0.0,1.0,1.0,3.0,3.0,37.0,30.0,-78.67000000000014,-38.82000000000015,-99.62099999999737,-99.64956999999997,1,1
0.01,1.0,1440,1,30,30,0,0,300,8.0,3,0,5,0.01,3,inc_every3,3.7900000000263105,3.5043000000005122,-48.05314975507077,-63.110100326986476,96.88936309912543,97.05074903214961,3.790000000026282,3.5043000000003417,353.0,301.0,2.0,2.0,0.0,0.0,1.0,1.0,3.0,3.0,37.0,30.0,-78.67000000000014,-38.82000000000015,-99.62099999999737,-99.64956999999997,1,1
0.01,1.0,1440,1,30,30,0,0,300,8.0,3,0,5,0.01,1,inc_every1,3.7900000000263105,3.5043000000005122,-48.05314975507077,-63.110100326986476,96.88936309912543,97.05074903214961,3.790000000026282,3.5043000000003417,353.0,301.0,2.0,2.0,0.0,0.0,1.0,1.0,3.0,3.0,37.0,30.0,-78.67000000000014,-38.82000000000015,-99.62099999999737,-99.64956999999997,1,1
0.01,1.0,1440,1,30,30,0,0,300,8.0,3,0,3,0.01,2,inc_every2,3.7900000000263105,3.5043000000005122,-48.05314975507077,-63.110100326986476,96.88936309912543,97.05074903214961,3.790000000026282,3.5043000000003417,353.0,301.0,2.0,2.0,0.0,0.0,1.0,1.0,3.0,3.0,37.0,30.0,-78.67000000000014,-38.82000000000015,-99.62099999999737,-99.64956999999997,1,1
0.01,1.0,1440,1,30,30,0,0,200,8.0,5,15,3,0.01,2,inc_every2,3.7772400000004254,9.700000000088027,-48.08819618490764,-50.055573402519784,96.74656330749369,93.70129870124264,3.7772399999999102,9.700000000087762,448.0,489.0,0.0,0.0,39.0,42.0,1.0,0.0,4.0,4.0,0.0,0.0,-3.749999999999998,-10.639999999999995,-99.62227600000001,-99.02999999999122,1,1
0.01,1.0,1440,1,30,30,0,0,200,8.0,18,15,3,0.01,2,inc_every2,3.7772400000004254,9.700000000088027,-48.08819618490764,-50.055573402519784,96.74656330749369,93.70129870124264,3.7772399999999102,9.700000000087762,448.0,489.0,0.0,0.0,39.0,42.0,1.0,0.0,4.0,4.0,0.0,0.0,-3.749999999999998,-10.639999999999995,-99.62227600000001,-99.02999999999122,1,1
0.01,1.0,1440,1,30,30,0,0,200,8.0,8,15,3,0.01,2,inc_every2,3.7772400000004254,9.700000000088027,-48.08819618490764,-50.055573402519784,96.74656330749369,93.70129870124264,3.7772399999999102,9.700000000087762,448.0,489.0,0.0,0.0,39.0,42.0,1.0,0.0,4.0,4.0,0.0,0.0,-3.749999999999998,-10.639999999999995,-99.62227600000001,-99.02999999999122,1,1
0.01,1.0,1440,1,30,30,0,0,200,8.0,12,15,3,0.01,2,inc_every2,3.7772400000004254,9.700000000088027,-48.08819618490764,-50.055573402519784,96.74656330749369,93.70129870124264,3.7772399999999102,9.700000000087762,448.0,489.0,0.0,0.0,39.0,42.0,1.0,0.0,4.0,4.0,0.0,0.0,-3.749999999999998,-10.639999999999995,-99.62227600000001,-99.02999999999122,1,1
0.01,1.0,1440,1,30,30,0,0,200,5.3,8,15,3,0.01,2,inc_every2,3.775140000001068,7.150000000091985,-48.0939730862762,-54.38913085436052,96.6496805111829,93.09445624870595,3.7751400000001603,7.150000000091385,535.0,690.0,0.0,0.0,31.0,38.0,1.0,0.0,4.0,4.0,0.0,0.0,-3.849999999999999,-11.36,-99.62248599999998,-99.28499999999086,1,1
0.01,1.0,1440,1,30,30,0,0,200,5.3,5,15,3,0.01,2,inc_every2,3.775140000001068,7.150000000091985,-48.0939730862762,-54.38913085436052,96.6496805111829,93.09445624870595,3.7751400000001603,7.150000000091385,535.0,690.0,0.0,0.0,31.0,38.0,1.0,0.0,4.0,4.0,0.0,0.0,-3.849999999999999,-11.36,-99.62248599999998,-99.28499999999086,1,1
0.01,1.0,1440,1,30,30,0,0,200,5.3,12,15,3,0.01,2,inc_every2,3.775140000001068,7.150000000091985,-48.0939730862762,-54.38913085436052,96.6496805111829,93.09445624870595,3.7751400000001603,7.150000000091385,535.0,690.0,0.0,0.0,31.0,38.0,1.0,0.0,4.0,4.0,0.0,0.0,-3.849999999999999,-11.36,-99.62248599999998,-99.28499999999086,1,1
0.01,1.0,1440,1,30,30,0,0,200,5.3,18,15,3,0.01,2,inc_every2,3.775140000001068,7.150000000091985,-48.0939730862762,-54.38913085436052,96.6496805111829,93.09445624870595,3.7751400000001603,7.150000000091385,535.0,690.0,0.0,0.0,31.0,38.0,1.0,0.0,4.0,4.0,0.0,0.0,-3.849999999999999,-11.36,-99.62248599999998,-99.28499999999086,1,1
0.01,1.0,1440,1,30,30,0,0,75,5.3,3,0,99,0.0,1,flat,3.7716600000002813,3.4092600000004722,-48.10355189877791,-63.410702923824935,96.67958447046388,96.60938836399808,3.7716600000002245,3.4092599999999607,217.0,252.0,4.0,5.0,0.0,0.0,1.0,1.0,3.0,3.0,65.0,68.0,-33.69000000000008,-40.07000000000014,-99.62283399999998,-99.659074,1,1
0.01,1.0,1440,1,30,30,0,0,75,5.3,3,0,5,0.01,1,inc_every1,3.7716600000002813,3.4092600000004722,-48.10355189877791,-63.410702923824935,96.67958447046388,96.60938836399808,3.7716600000002245,3.4092599999999607,217.0,252.0,4.0,5.0,0.0,0.0,1.0,1.0,3.0,3.0,65.0,68.0,-33.69000000000008,-40.07000000000014,-99.62283399999998,-99.659074,1,1
0.01,1.0,1440,1,30,30,0,0,75,5.3,3,0,5,0.01,3,inc_every3,3.7716600000002813,3.4092600000004722,-48.10355189877791,-63.410702923824935,96.67958447046388,96.60938836399808,3.7716600000002245,3.4092599999999607,217.0,252.0,4.0,5.0,0.0,0.0,1.0,1.0,3.0,3.0,65.0,68.0,-33.69000000000008,-40.07000000000014,-99.62283399999998,-99.659074,1,1
0.01,1.0,1440,1,30,30,0,0,75,5.3,3,0,3,0.01,2,inc_every2,3.7716600000002813,3.4092600000004722,-48.10355189877791,-63.410702923824935,96.67958447046388,96.60938836399808,3.7716600000002245,3.4092599999999607,217.0,252.0,4.0,5.0,0.0,0.0,1.0,1.0,3.0,3.0,65.0,68.0,-33.69000000000008,-40.07000000000014,-99.62283399999998,-99.659074,1,1
0.01,1.0,1440,1,30,30,0,0,75,18.0,3,15,5,0.01,1,inc_every1,3.7706700000006244,3.332700000000969,-48.106278197376476,-63.65716515610793,97.04075498351935,97.36065573770504,3.7706699999999955,3.332699999999992,276.0,174.0,0.0,0.0,75.0,48.0,1.0,1.0,3.0,3.0,207.0,130.0,-11.459999999999999,-14.210000000000003,-99.622933,-99.66673,1,1
0.01,1.0,1440,1,30,30,0,0,75,18.0,3,15,3,0.01,2,inc_every2,3.7706700000006244,3.332700000000969,-48.106278197376476,-63.65716515610793,97.04075498351935,97.36065573770504,3.7706699999999955,3.332699999999992,276.0,174.0,0.0,0.0,75.0,48.0,1.0,1.0,3.0,3.0,207.0,130.0,-11.459999999999999,-14.210000000000003,-99.622933,-99.66673,1,1
0.01,1.0,1440,1,30,30,0,0,75,18.0,3,15,99,0.0,1,flat,3.7706700000006244,3.332700000000969,-48.106278197376476,-63.65716515610793,97.04075498351935,97.36065573770504,3.7706699999999955,3.332699999999992,276.0,174.0,0.0,0.0,75.0,48.0,1.0,1.0,3.0,3.0,207.0,130.0,-11.459999999999999,-14.210000000000003,-99.622933,-99.66673,1,1
0.01,1.0,1440,1,30,30,0,0,75,18.0,3,15,5,0.01,3,inc_every3,3.7706700000006244,3.332700000000969,-48.106278197376476,-63.65716515610793,97.04075498351935,97.36065573770504,3.7706699999999955,3.332699999999992,276.0,174.0,0.0,0.0,75.0,48.0,1.0,1.0,3.0,3.0,207.0,130.0,-11.459999999999999,-14.210000000000003,-99.622933,-99.66673,1,1
0.01,1.0,1440,1,30,30,0,0,50,5.3,3,0,3,0.01,2,inc_every2,3.7500000000449063,3.4092600000006428,-48.163331204086845,-63.41070292382439,96.65626393219365,96.62181926278237,3.7500000000449063,3.4092600000000743,358.0,223.0,4.0,6.0,0.0,0.0,1.0,1.0,3.0,3.0,149.0,87.0,-70.54000000000025,-40.420000000000144,-99.62499999999551,-99.65907399999999,1,1
0.01,1.0,1440,1,30,30,0,0,50,5.3,3,0,99,0.0,1,flat,3.7500000000449063,3.4092600000006428,-48.163331204086845,-63.41070292382439,96.65626393219365,96.62181926278237,3.7500000000449063,3.4092600000000743,358.0,223.0,4.0,6.0,0.0,0.0,1.0,1.0,3.0,3.0,149.0,87.0,-70.54000000000025,-40.420000000000144,-99.62499999999551,-99.65907399999999,1,1
0.01,1.0,1440,1,30,30,0,0,50,5.3,3,0,5,0.01,3,inc_every3,3.7500000000449063,3.4092600000006428,-48.163331204086845,-63.41070292382439,96.65626393219365,96.62181926278237,3.7500000000449063,3.4092600000000743,358.0,223.0,4.0,6.0,0.0,0.0,1.0,1.0,3.0,3.0,149.0,87.0,-70.54000000000025,-40.420000000000144,-99.62499999999551,-99.65907399999999,1,1
0.01,1.0,1440,1,30,30,0,0,50,5.3,3,0,5,0.01,1,inc_every1,3.7500000000449063,3.4092600000006428,-48.163331204086845,-63.41070292382439,96.65626393219365,96.62181926278237,3.7500000000449063,3.4092600000000743,358.0,223.0,4.0,6.0,0.0,0.0,1.0,1.0,3.0,3.0,149.0,87.0,-70.54000000000025,-40.420000000000144,-99.62499999999551,-99.65907399999999,1,1
0.01,1.0,1440,1,30,30,0,0,100,8.0,12,25,99,0.0,1,flat,3.7262700000004294,6.349560000000569,-48.22914137248563,-55.97244340079399,97.02588394923811,95.76696000000074,3.7262699999996762,6.349559999999563,348.0,292.0,0.0,0.0,26.0,21.0,1.0,1.0,7.0,7.0,0.0,0.0,-4.41,-7.089999999999998,-99.62737300000003,-99.36504400000004,1,1
0.01,1.0,1440,1,30,30,0,0,100,8.0,18,25,99,0.0,1,flat,3.7262700000004294,6.349560000000569,-48.22914137248563,-55.97244340079399,97.02588394923811,95.76696000000074,3.7262699999996762,6.349559999999563,348.0,292.0,0.0,0.0,26.0,21.0,1.0,1.0,7.0,7.0,0.0,0.0,-4.41,-7.089999999999998,-99.62737300000003,-99.36504400000004,1,1
0.01,1.0,1440,1,30,30,0,0,100,8.0,8,25,99,0.0,1,flat,3.7262700000004294,6.349560000000569,-48.22914137248563,-55.97244340079399,97.02588394923811,95.76696000000074,3.7262699999996762,6.349559999999563,348.0,292.0,0.0,0.0,26.0,21.0,1.0,1.0,7.0,7.0,0.0,0.0,-4.41,-7.089999999999998,-99.62737300000003,-99.36504400000004,1,1
0.01,1.0,1440,1,30,30,0,0,100,12.0,3,0,99,0.0,1,flat,3.720000000013158,3.487470000000542,-48.246585874571245,-63.162911150763556,96.93852357829552,96.93839873584405,3.720000000013158,3.487470000000144,162.0,145.0,2.0,2.0,0.0,0.0,1.0,1.0,3.0,3.0,66.0,45.0,-73.10000000000022,-45.06000000000019,-99.62799999999868,-99.65125299999998,1,1
0.01,1.0,1440,1,30,30,0,0,100,12.0,3,0,5,0.01,1,inc_every1,3.720000000013158,3.487470000000542,-48.246585874571245,-63.162911150763556,96.93852357829552,96.93839873584405,3.720000000013158,3.487470000000144,162.0,145.0,2.0,2.0,0.0,0.0,1.0,1.0,3.0,3.0,66.0,45.0,-73.10000000000022,-45.06000000000019,-99.62799999999868,-99.65125299999998,1,1
0.01,1.0,1440,1,30,30,0,0,100,12.0,3,0,3,0.01,2,inc_every2,3.720000000013158,3.487470000000542,-48.246585874571245,-63.162911150763556,96.93852357829552,96.93839873584405,3.720000000013158,3.487470000000144,162.0,145.0,2.0,2.0,0.0,0.0,1.0,1.0,3.0,3.0,66.0,45.0,-73.10000000000022,-45.06000000000019,-99.62799999999868,-99.65125299999998,1,1
0.01,1.0,1440,1,30,30,0,0,100,12.0,3,0,5,0.01,3,inc_every3,3.720000000013158,3.487470000000542,-48.246585874571245,-63.162911150763556,96.93852357829552,96.93839873584405,3.720000000013158,3.487470000000144,162.0,145.0,2.0,2.0,0.0,0.0,1.0,1.0,3.0,3.0,66.0,45.0,-73.10000000000022,-45.06000000000019,-99.62799999999868,-99.65125299999998,1,1
0.01,1.0,1440,1,30,30,0,0,300,8.0,8,40,99,0.0,1,flat,5.09616000000009,3.4317300000003286,-44.88177219770277,-63.33910622458977,96.53049804140139,97.6380136279165,3.7200000000094597,3.4317300000003286,98.0,589.0,0.0,0.0,4.0,18.0,1.0,1.0,5.0,5.0,0.0,0.0,-1.1900000000000002,-25.85000000000004,-99.62799999999905,-99.65682699999996,1,1
0.01,1.0,1440,1,30,30,0,0,300,8.0,5,40,5,0.01,3,inc_every3,5.09616000000009,3.4317300000003286,-44.88177219770277,-63.33910622458977,96.53049804140139,97.6380136279165,3.7200000000094597,3.4317300000003286,98.0,589.0,0.0,0.0,4.0,18.0,1.0,1.0,5.0,5.0,4.0,24.0,-1.1900000000000002,-25.85000000000004,-99.62799999999905,-99.65682699999996,1,1
0.01,1.0,1440,1,30,30,0,0,300,8.0,12,40,99,0.0,1,flat,5.09616000000009,3.4317300000003286,-44.88177219770277,-63.33910622458977,96.53049804140139,97.6380136279165,3.7200000000094597,3.4317300000003286,98.0,589.0,0.0,0.0,4.0,18.0,1.0,1.0,5.0,5.0,0.0,0.0,-1.1900000000000002,-25.85000000000004,-99.62799999999905,-99.65682699999996,1,1
0.01,1.0,1440,1,30,30,0,0,300,8.0,12,40,5,0.01,3,inc_every3,5.09616000000009,3.4317300000003286,-44.88177219770277,-63.33910622458977,96.53049804140139,97.6380136279165,3.7200000000094597,3.4317300000003286,98.0,589.0,0.0,0.0,4.0,18.0,1.0,1.0,5.0,5.0,0.0,0.0,-1.1900000000000002,-25.85000000000004,-99.62799999999905,-99.65682699999996,1,1
0.01,1.0,1440,1,30,30,0,0,300,8.0,8,40,5,0.01,1,inc_every1,5.09616000000009,3.4317300000003286,-44.88177219770277,-63.33910622458977,96.53049804140139,97.6380136279165,3.7200000000094597,3.4317300000003286,98.0,589.0,0.0,0.0,4.0,18.0,1.0,1.0,5.0,5.0,0.0,0.0,-1.1900000000000002,-25.85000000000004,-99.62799999999905,-99.65682699999996,1,1
0.01,1.0,1440,1,30,30,0,0,300,8.0,18,40,5,0.01,3,inc_every3,5.09616000000009,3.4317300000003286,-44.88177219770277,-63.33910622458977,96.53049804140139,97.6380136279165,3.7200000000094597,3.4317300000003286,98.0,589.0,0.0,0.0,4.0,18.0,1.0,1.0,5.0,5.0,0.0,0.0,-1.1900000000000002,-25.85000000000004,-99.62799999999905,-99.65682699999996,1,1
0.01,1.0,1440,1,30,30,0,0,300,8.0,12,40,5,0.01,1,inc_every1,5.09616000000009,3.4317300000003286,-44.88177219770277,-63.33910622458977,96.53049804140139,97.6380136279165,3.7200000000094597,3.4317300000003286,98.0,589.0,0.0,0.0,4.0,18.0,1.0,1.0,5.0,5.0,0.0,0.0,-1.1900000000000002,-25.85000000000004,-99.62799999999905,-99.65682699999996,1,1
0.01,1.0,1440,1,30,30,0,0,300,8.0,18,40,5,0.01,1,inc_every1,5.09616000000009,3.4317300000003286,-44.88177219770277,-63.33910622458977,96.53049804140139,97.6380136279165,3.7200000000094597,3.4317300000003286,98.0,589.0,0.0,0.0,4.0,18.0,1.0,1.0,5.0,5.0,0.0,0.0,-1.1900000000000002,-25.85000000000004,-99.62799999999905,-99.65682699999996,1,1
0.01,1.0,1440,1,30,30,0,0,300,8.0,18,40,99,0.0,1,flat,5.09616000000009,3.4317300000003286,-44.88177219770277,-63.33910622458977,96.53049804140139,97.6380136279165,3.7200000000094597,3.4317300000003286,98.0,589.0,0.0,0.0,4.0,18.0,1.0,1.0,5.0,5.0,0.0,0.0,-1.1900000000000002,-25.85000000000004,-99.62799999999905,-99.65682699999996,1,1
0.01,1.0,1440,1,30,30,0,0,300,8.0,5,40,5,0.01,1,inc_every1,5.09616000000009,3.4317300000003286,-44.88177219770277,-63.33910622458977,96.53049804140139,97.6380136279165,3.7200000000094597,3.4317300000003286,98.0,589.0,0.0,0.0,4.0,18.0,1.0,1.0,5.0,5.0,4.0,24.0,-1.1900000000000002,-25.85000000000004,-99.62799999999905,-99.65682699999996,1,1
0.01,1.0,1440,1,30,30,0,0,300,8.0,5,40,99,0.0,1,flat,5.09616000000009,3.4317300000003286,-44.88177219770277,-63.33910622458977,96.53049804140139,97.6380136279165,3.7200000000094597,3.4317300000003286,98.0,589.0,0.0,0.0,4.0,18.0,1.0,1.0,5.0,5.0,4.0,24.0,-1.1900000000000002,-25.85000000000004,-99.62799999999905,-99.65682699999996,1,1
0.01,1.0,1440,1,30,30,0,0,300,8.0,8,40,5,0.01,3,inc_every3,5.09616000000009,3.4317300000003286,-44.88177219770277,-63.33910622458977,96.53049804140139,97.6380136279165,3.7200000000094597,3.4317300000003286,98.0,589.0,0.0,0.0,4.0,18.0,1.0,1.0,5.0,5.0,0.0,0.0,-1.1900000000000002,-25.85000000000004,-99.62799999999905,-99.65682699999996,1,1
0.01,1.0,1440,1,30,30,0,0,200,5.3,5,40,3,0.01,2,inc_every2,3.713610000000674,5.238100000001079,-48.264388457532256,-58.42271199899876,96.68812093106173,94.7618999999996,3.713610000000571,5.238100000000401,120.0,79.0,0.0,0.0,4.0,3.0,1.0,1.0,5.0,5.0,4.0,3.0,-1.1900000000000002,-0.47000000000000003,-99.62863899999994,-99.47618999999996,1,1
0.01,1.0,1440,1,30,30,0,0,200,5.3,8,40,3,0.01,2,inc_every2,3.7136099999999566,5.238100000001435,-48.26438845753426,-58.422711998997926,96.68812093106247,94.76189999999875,3.7136099999997327,5.238100000001246,120.0,80.0,0.0,0.0,4.0,3.0,1.0,1.0,6.0,6.0,0.0,0.0,-1.1900000000000002,-0.47000000000000003,-99.62863900000002,-99.47618999999987,1,1
0.01,1.0,1440,1,30,30,0,0,200,5.3,18,40,3,0.01,2,inc_every2,3.7136099999999566,5.238100000001435,-48.26438845753426,-58.422711998997926,96.68812093106247,94.76189999999875,3.7136099999997327,5.238100000001246,120.0,80.0,0.0,0.0,4.0,3.0,1.0,1.0,6.0,6.0,0.0,0.0,-1.1900000000000002,-0.47000000000000003,-99.62863900000002,-99.47618999999987,1,1
0.01,1.0,1440,1,30,30,0,0,200,5.3,12,40,3,0.01,2,inc_every2,3.7136099999999566,5.238100000001435,-48.26438845753426,-58.422711998997926,96.68812093106247,94.76189999999875,3.7136099999997327,5.238100000001246,120.0,80.0,0.0,0.0,4.0,3.0,1.0,1.0,6.0,6.0,0.0,0.0,-1.1900000000000002,-0.47000000000000003,-99.62863900000002,-99.47618999999987,1,1
0.01,1.0,1440,1,30,30,0,0,300,5.3,3,0,3,0.01,2,inc_every2,3.713610000000017,3.365220000000676,-48.26438845753409,-63.5519958238445,96.54740609892217,96.65983126550887,3.713609999999335,3.3652199999998516,379.0,266.0,3.0,2.0,0.0,0.0,1.0,1.0,3.0,3.0,26.0,17.0,-32.55000000000007,-27.270000000000064,-99.62863900000006,-99.66347800000001,1,1
0.01,1.0,1440,1,30,30,0,0,300,5.3,3,0,5,0.01,1,inc_every1,3.713610000000017,3.365220000000676,-48.26438845753409,-63.5519958238445,96.54740609892217,96.65983126550887,3.713609999999335,3.3652199999998516,379.0,266.0,3.0,2.0,0.0,0.0,1.0,1.0,3.0,3.0,26.0,17.0,-32.55000000000007,-27.270000000000064,-99.62863900000006,-99.66347800000001,1,1
0.01,1.0,1440,1,30,30,0,0,300,5.3,3,0,5,0.01,3,inc_every3,3.713610000000017,3.365220000000676,-48.26438845753409,-63.5519958238445,96.54740609892217,96.65983126550887,3.713609999999335,3.3652199999998516,379.0,266.0,3.0,2.0,0.0,0.0,1.0,1.0,3.0,3.0,26.0,17.0,-32.55000000000007,-27.270000000000064,-99.62863900000006,-99.66347800000001,1,1
0.01,1.0,1440,1,30,30,0,0,300,5.3,3,0,99,0.0,1,flat,3.713610000000017,3.365220000000676,-48.26438845753409,-63.5519958238445,96.54740609892217,96.65983126550887,3.713609999999335,3.3652199999998516,379.0,266.0,3.0,2.0,0.0,0.0,1.0,1.0,3.0,3.0,26.0,17.0,-32.55000000000007,-27.270000000000064,-99.62863900000006,-99.66347800000001,1,1
0.01,1.0,1440,1,30,30,0,0,50,12.0,5,40,3,0.01,2,inc_every2,3.709590000000805,7.53676000000036,-48.27560076457631,-53.66848558672379,97.8145457758937,94.55200231314271,3.7095899999999595,7.536759999999738,270.0,96.0,0.0,0.0,32.0,12.0,1.0,1.0,5.0,5.0,114.0,43.0,-10.420000000000002,-5.0,-99.629041,-99.24632400000003,1,1
0.01,1.0,1440,1,30,30,0,0,100,18.0,3,15,5,0.01,1,inc_every1,3.6893100000009067,10.190000000023153,-48.332312986976675,-49.31774863273197,97.0435852231752,94.98216601814039,3.6893099999998036,6.190000000022103,388.0,131.0,0.0,0.0,97.0,34.0,1.0,0.0,3.0,3.0,244.0,76.0,-13.280000000000003,-6.689999999999998,-99.63106900000002,-99.38099999999778,1,1
0.01,1.0,1440,1,30,30,0,0,100,18.0,3,15,3,0.01,2,inc_every2,3.6893100000009067,10.190000000023153,-48.332312986976675,-49.31774863273197,97.0435852231752,94.98216601814039,3.6893099999998036,6.190000000022103,388.0,131.0,0.0,0.0,97.0,34.0,1.0,0.0,3.0,3.0,244.0,76.0,-13.280000000000003,-6.689999999999998,-99.63106900000002,-99.38099999999778,1,1
0.01,1.0,1440,1,30,30,0,0,100,18.0,3,15,5,0.01,3,inc_every3,3.6893100000009067,10.190000000023153,-48.332312986976675,-49.31774863273197,97.0435852231752,94.98216601814039,3.6893099999998036,6.190000000022103,388.0,131.0,0.0,0.0,97.0,34.0,1.0,0.0,3.0,3.0,244.0,76.0,-13.280000000000003,-6.689999999999998,-99.63106900000002,-99.38099999999778,1,1
0.01,1.0,1440,1,30,30,0,0,100,18.0,3,15,99,0.0,1,flat,3.6893100000009067,10.190000000023153,-48.332312986976675,-49.31774863273197,97.0435852231752,94.98216601814039,3.6893099999998036,6.190000000022103,388.0,131.0,0.0,0.0,97.0,34.0,1.0,0.0,3.0,3.0,244.0,76.0,-13.280000000000003,-6.689999999999998,-99.63106900000002,-99.38099999999778,1,1
0.01,1.0,1440,1,30,30,0,0,150,8.0,5,15,3,0.01,2,inc_every2,3.686610000000851,3.1944000000000106,-48.33988222772598,-64.11265485474524,97.33086446568305,97.6232142857145,3.686609999999785,3.1944000000000106,633.0,348.0,0.0,0.0,60.0,34.0,1.0,1.0,4.0,4.0,0.0,0.0,-6.9899999999999975,-8.189999999999996,-99.63133900000003,-99.68056,1,1
0.01,1.0,1440,1,30,30,0,0,150,8.0,18,15,3,0.01,2,inc_every2,3.686610000000851,3.1944000000000106,-48.33988222772598,-64.11265485474524,97.33086446568305,97.6232142857145,3.686609999999785,3.1944000000000106,633.0,348.0,0.0,0.0,60.0,34.0,1.0,1.0,4.0,4.0,0.0,0.0,-6.9899999999999975,-8.189999999999996,-99.63133900000003,-99.68056,1,1
0.01,1.0,1440,1,30,30,0,0,150,8.0,12,15,3,0.01,2,inc_every2,3.686610000000851,3.1944000000000106,-48.33988222772598,-64.11265485474524,97.33086446568305,97.6232142857145,3.686609999999785,3.1944000000000106,633.0,348.0,0.0,0.0,60.0,34.0,1.0,1.0,4.0,4.0,0.0,0.0,-6.9899999999999975,-8.189999999999996,-99.63133900000003,-99.68056,1,1
0.01,1.0,1440,1,30,30,0,0,150,8.0,8,15,3,0.01,2,inc_every2,3.686610000000851,3.1944000000000106,-48.33988222772598,-64.11265485474524,97.33086446568305,97.6232142857145,3.686609999999785,3.1944000000000106,633.0,348.0,0.0,0.0,60.0,34.0,1.0,1.0,4.0,4.0,0.0,0.0,-6.9899999999999975,-8.189999999999996,-99.63133900000003,-99.68056,1,1
0.01,1.0,1440,1,30,30,0,0,200,12.0,3,0,3,0.01,2,inc_every2,3.6830400000004033,3.5501999999998475,-48.34989725659027,-62.96697058103342,96.72152394516668,97.2444892890411,3.683039999999835,3.5501999999998475,154.0,201.0,2.0,1.0,0.0,0.0,1.0,1.0,3.0,3.0,35.0,44.0,-43.43000000000016,-43.02000000000019,-99.63169600000002,-99.64498000000002,1,1
0.01,1.0,1440,1,30,30,0,0,200,12.0,3,0,5,0.01,3,inc_every3,3.6830400000004033,3.5501999999998475,-48.34989725659027,-62.96697058103342,96.72152394516668,97.2444892890411,3.683039999999835,3.5501999999998475,154.0,201.0,2.0,1.0,0.0,0.0,1.0,1.0,3.0,3.0,35.0,44.0,-43.43000000000016,-43.02000000000019,-99.63169600000002,-99.64498000000002,1,1
0.01,1.0,1440,1,30,30,0,0,200,12.0,3,0,99,0.0,1,flat,3.6830400000004033,3.5501999999998475,-48.34989725659027,-62.96697058103342,96.72152394516668,97.2444892890411,3.683039999999835,3.5501999999998475,154.0,201.0,2.0,1.0,0.0,0.0,1.0,1.0,3.0,3.0,35.0,44.0,-43.43000000000016,-43.02000000000019,-99.63169600000002,-99.64498000000002,1,1
0.01,1.0,1440,1,30,30,0,0,200,12.0,3,0,5,0.01,1,inc_every1,3.6830400000004033,3.5501999999998475,-48.34989725659027,-62.96697058103342,96.72152394516668,97.2444892890411,3.683039999999835,3.5501999999998475,154.0,201.0,2.0,1.0,0.0,0.0,1.0,1.0,3.0,3.0,35.0,44.0,-43.43000000000016,-43.02000000000019,-99.63169600000002,-99.64498000000002,1,1
0.01,1.0,1440,1,30,30,0,0,100,8.0,3,0,5,0.01,3,inc_every3,3.6500000000113744,3.5234400000004484,-48.44295576972263,-63.05025702999989,96.91488462512783,97.09766062602986,3.6500000000113744,3.523440000000164,274.0,251.0,3.0,4.0,0.0,0.0,1.0,1.0,3.0,3.0,82.0,69.0,-73.6100000000002,-45.7600000000002,-99.63499999999887,-99.64765599999998,1,1
0.01,1.0,1440,1,30,30,0,0,100,8.0,3,0,3,0.01,2,inc_every2,3.6500000000113744,3.5234400000004484,-48.44295576972263,-63.05025702999989,96.91488462512783,97.09766062602986,3.6500000000113744,3.523440000000164,274.0,251.0,3.0,4.0,0.0,0.0,1.0,1.0,3.0,3.0,82.0,69.0,-73.6100000000002,-45.7600000000002,-99.63499999999887,-99.64765599999998,1,1
0.01,1.0,1440,1,30,30,0,0,100,8.0,3,0,5,0.01,1,inc_every1,3.6500000000113744,3.5234400000004484,-48.44295576972263,-63.05025702999989,96.91488462512783,97.09766062602986,3.6500000000113744,3.523440000000164,274.0,251.0,3.0,4.0,0.0,0.0,1.0,1.0,3.0,3.0,82.0,69.0,-73.6100000000002,-45.7600000000002,-99.63499999999887,-99.64765599999998,1,1
0.01,1.0,1440,1,30,30,0,0,100,8.0,3,0,99,0.0,1,flat,3.6500000000113744,3.5234400000004484,-48.44295576972263,-63.05025702999989,96.91488462512783,97.09766062602986,3.6500000000113744,3.523440000000164,274.0,251.0,3.0,4.0,0.0,0.0,1.0,1.0,3.0,3.0,82.0,69.0,-73.6100000000002,-45.7600000000002,-99.63499999999887,-99.64765599999998,1,1
0.01,1.0,1440,1,30,30,0,0,75,12.0,3,0,5,0.01,3,inc_every3,3.6400000000408568,3.487470000000144,-48.47125398637265,-63.1629111507648,96.92489651090584,96.77712780704222,3.6400000000408568,3.4874699999999166,155.0,131.0,2.0,2.0,0.0,0.0,1.0,1.0,3.0,3.0,75.0,56.0,-81.41000000000012,-45.55000000000019,-99.63599999999592,-99.65125300000001,1,1
0.01,1.0,1440,1,30,30,0,0,75,12.0,3,0,99,0.0,1,flat,3.6400000000408568,3.487470000000144,-48.47125398637265,-63.1629111507648,96.92489651090584,96.77712780704222,3.6400000000408568,3.4874699999999166,155.0,131.0,2.0,2.0,0.0,0.0,1.0,1.0,3.0,3.0,75.0,56.0,-81.41000000000012,-45.55000000000019,-99.63599999999592,-99.65125300000001,1,1
0.01,1.0,1440,1,30,30,0,0,75,12.0,3,0,5,0.01,1,inc_every1,3.6400000000408568,3.487470000000144,-48.47125398637265,-63.1629111507648,96.92489651090584,96.77712780704222,3.6400000000408568,3.4874699999999166,155.0,131.0,2.0,2.0,0.0,0.0,1.0,1.0,3.0,3.0,75.0,56.0,-81.41000000000012,-45.55000000000019,-99.63599999999592,-99.65125300000001,1,1
0.01,1.0,1440,1,30,30,0,0,75,12.0,3,0,3,0.01,2,inc_every2,3.6400000000408568,3.487470000000144,-48.47125398637265,-63.1629111507648,96.92489651090584,96.77712780704222,3.6400000000408568,3.4874699999999166,155.0,131.0,2.0,2.0,0.0,0.0,1.0,1.0,3.0,3.0,75.0,56.0,-81.41000000000012,-45.55000000000019,-99.63599999999592,-99.65125300000001,1,1
0.01,1.0,1440,1,30,30,0,0,50,18.0,3,0,5,0.01,3,inc_every3,3.6400000000268165,3.4636500000003707,-48.471253986412435,-63.237962737452705,96.9524447421076,96.83193085155057,3.6400000000268165,3.463649999999859,116.0,67.0,1.0,2.0,0.0,0.0,1.0,1.0,3.0,3.0,78.0,43.0,-130.14999999999955,-46.270000000000195,-99.63599999999732,-99.65363500000001,1,1
0.01,1.0,1440,1,30,30,0,0,50,18.0,3,0,5,0.01,1,inc_every1,3.6400000000268165,3.4636500000003707,-48.471253986412435,-63.237962737452705,96.9524447421076,96.83193085155057,3.6400000000268165,3.463649999999859,116.0,67.0,1.0,2.0,0.0,0.0,1.0,1.0,3.0,3.0,78.0,43.0,-130.14999999999955,-46.270000000000195,-99.63599999999732,-99.65363500000001,1,1
0.01,1.0,1440,1,30,30,0,0,50,18.0,3,0,3,0.01,2,inc_every2,3.6400000000268165,3.4636500000003707,-48.471253986412435,-63.237962737452705,96.9524447421076,96.83193085155057,3.6400000000268165,3.463649999999859,116.0,67.0,1.0,2.0,0.0,0.0,1.0,1.0,3.0,3.0,78.0,43.0,-130.14999999999955,-46.270000000000195,-99.63599999999732,-99.65363500000001,1,1
0.01,1.0,1440,1,30,30,0,0,50,18.0,3,0,99,0.0,1,flat,3.6400000000268165,3.4636500000003707,-48.471253986412435,-63.237962737452705,96.9524447421076,96.83193085155057,3.6400000000268165,3.463649999999859,116.0,67.0,1.0,2.0,0.0,0.0,1.0,1.0,3.0,3.0,78.0,43.0,-130.14999999999955,-46.270000000000195,-99.63599999999732,-99.65363500000001,1,1
0.01,1.0,1440,1,30,30,0,0,200,5.3,3,0,5,0.01,3,inc_every3,3.6271200000000476,3.4959000000005176,-48.507793861557516,-63.13643634717832,96.90042727738937,96.66389922702619,3.6271199999997634,3.495900000000063,481.0,448.0,3.0,4.0,0.0,0.0,1.0,1.0,3.0,3.0,53.0,45.0,-46.53000000000018,-39.77000000000016,-99.63728800000003,-99.65041,1,1
0.01,1.0,1440,1,30,30,0,0,200,5.3,3,0,5,0.01,1,inc_every1,3.6271200000000476,3.4959000000005176,-48.507793861557516,-63.13643634717832,96.90042727738937,96.66389922702619,3.6271199999997634,3.495900000000063,481.0,448.0,3.0,4.0,0.0,0.0,1.0,1.0,3.0,3.0,53.0,45.0,-46.53000000000018,-39.77000000000016,-99.63728800000003,-99.65041,1,1
0.01,1.0,1440,1,30,30,0,0,200,5.3,3,0,99,0.0,1,flat,3.6271200000000476,3.4959000000005176,-48.507793861557516,-63.13643634717832,96.90042727738937,96.66389922702619,3.6271199999997634,3.495900000000063,481.0,448.0,3.0,4.0,0.0,0.0,1.0,1.0,3.0,3.0,53.0,45.0,-46.53000000000018,-39.77000000000016,-99.63728800000003,-99.65041,1,1
0.01,1.0,1440,1,30,30,0,0,200,5.3,3,0,3,0.01,2,inc_every2,3.6271200000000476,3.4959000000005176,-48.507793861557516,-63.13643634717832,96.90042727738937,96.66389922702619,3.6271199999997634,3.495900000000063,481.0,448.0,3.0,4.0,0.0,0.0,1.0,1.0,3.0,3.0,53.0,45.0,-46.53000000000018,-39.77000000000016,-99.63728800000003,-99.65041,1,1
0.01,1.0,1440,1,30,30,0,0,150,8.0,3,0,5,0.01,1,inc_every1,3.6265500000001794,3.586740000000418,-48.5094133179525,-62.85395454550815,96.77954888553427,97.16530467082998,3.626550000000009,3.5867399999999634,276.0,329.0,3.0,4.0,0.0,0.0,1.0,1.0,3.0,3.0,54.0,67.0,-47.34000000000018,-50.86000000000025,-99.637345,-99.641326,1,1
0.01,1.0,1440,1,30,30,0,0,150,8.0,3,0,99,0.0,1,flat,3.6265500000001794,3.586740000000418,-48.5094133179525,-62.85395454550815,96.77954888553427,97.16530467082998,3.626550000000009,3.5867399999999634,276.0,329.0,3.0,4.0,0.0,0.0,1.0,1.0,3.0,3.0,54.0,67.0,-47.34000000000018,-50.86000000000025,-99.637345,-99.641326,1,1
0.01,1.0,1440,1,30,30,0,0,150,8.0,3,0,3,0.01,2,inc_every2,3.6265500000001794,3.586740000000418,-48.5094133179525,-62.85395454550815,96.77954888553427,97.16530467082998,3.626550000000009,3.5867399999999634,276.0,329.0,3.0,4.0,0.0,0.0,1.0,1.0,3.0,3.0,54.0,67.0,-47.34000000000018,-50.86000000000025,-99.637345,-99.641326,1,1
0.01,1.0,1440,1,30,30,0,0,150,8.0,3,0,5,0.01,3,inc_every3,3.6265500000001794,3.586740000000418,-48.5094133179525,-62.85395454550815,96.77954888553427,97.16530467082998,3.626550000000009,3.5867399999999634,276.0,329.0,3.0,4.0,0.0,0.0,1.0,1.0,3.0,3.0,54.0,67.0,-47.34000000000018,-50.86000000000025,-99.637345,-99.641326,1,1
0.01,1.0,1440,1,30,30,0,0,100,18.0,8,25,5,0.01,3,inc_every3,3.62385000000085,-34.19999999996338,-48.517087194695605,-99.94670849517411,97.49439950217803,116.94579328112292,3.6238499999999583,-34.19999999996374,284.0,185.0,0.0,0.0,56.0,36.0,1.0,1.0,7.0,7.0,0.0,0.0,-8.94,-14.28,-99.63761500000001,-103.41999999999638,1,1
0.01,1.0,1440,1,30,30,0,0,100,18.0,18,25,5,0.01,3,inc_every3,3.62385000000085,-34.19999999996338,-48.517087194695605,-99.94670849517411,97.49439950217803,116.94579328112292,3.6238499999999583,-34.19999999996374,284.0,185.0,0.0,0.0,56.0,36.0,1.0,1.0,7.0,7.0,0.0,0.0,-8.94,-14.28,-99.63761500000001,-103.41999999999638,1,1
0.01,1.0,1440,1,30,30,0,0,100,18.0,12,25,5,0.01,3,inc_every3,3.62385000000085,-34.19999999996338,-48.517087194695605,-99.94670849517411,97.49439950217803,116.94579328112292,3.6238499999999583,-34.19999999996374,284.0,185.0,0.0,0.0,56.0,36.0,1.0,1.0,7.0,7.0,0.0,0.0,-8.94,-14.28,-99.63761500000001,-103.41999999999638,1,1
0.01,1.0,1440,1,30,30,0,0,75,8.0,8,40,5,0.01,3,inc_every3,3.62160000000104,7.350139999999854,-48.5234855862911,-54.01288523346769,98.49532593793022,95.99970610645738,3.621600000000166,7.350139999999854,472.0,274.0,0.0,0.0,27.0,16.0,2.0,1.0,8.0,8.0,47.0,24.0,-7.83,-8.579999999999998,-99.63783999999998,-99.26498600000002,1,1
0.01,1.0,1440,1,30,30,0,0,100,5.3,3,0,3,0.01,2,inc_every2,3.6200000000243335,3.4831800000002886,-48.52803748833391,-63.17640135525211,96.92072133376666,96.58812812224565,3.6200000000240493,3.4831799999999475,354.0,351.0,4.0,6.0,0.0,0.0,1.0,1.0,3.0,3.0,77.0,83.0,-44.380000000000166,-43.52000000000018,-99.63799999999759,-99.65168200000001,1,1
0.01,1.0,1440,1,30,30,0,0,100,5.3,3,0,5,0.01,1,inc_every1,3.6200000000243335,3.4831800000002886,-48.52803748833391,-63.17640135525211,96.92072133376666,96.58812812224565,3.6200000000240493,3.4831799999999475,354.0,351.0,4.0,6.0,0.0,0.0,1.0,1.0,3.0,3.0,77.0,83.0,-44.380000000000166,-43.52000000000018,-99.63799999999759,-99.65168200000001,1,1
0.01,1.0,1440,1,30,30,0,0,100,5.3,3,0,99,0.0,1,flat,3.6200000000243335,3.4831800000002886,-48.52803748833391,-63.17640135525211,96.92072133376666,96.58812812224565,3.6200000000240493,3.4831799999999475,354.0,351.0,4.0,6.0,0.0,0.0,1.0,1.0,3.0,3.0,77.0,83.0,-44.380000000000166,-43.52000000000018,-99.63799999999759,-99.65168200000001,1,1
0.01,1.0,1440,1,30,30,0,0,100,5.3,3,0,5,0.01,3,inc_every3,3.6200000000243335,3.4831800000002886,-48.52803748833391,-63.17640135525211,96.92072133376666,96.58812812224565,3.6200000000240493,3.4831799999999475,354.0,351.0,4.0,6.0,0.0,0.0,1.0,1.0,3.0,3.0,77.0,83.0,-44.380000000000166,-43.52000000000018,-99.63799999999759,-99.65168200000001,1,1
0.01,1.0,1440,1,30,30,0,0,75,12.0,18,40,99,0.0,1,flat,3.5894400000003692,8.79551999999952,-48.61528927318162,-51.48936173035832,97.8641913602297,96.65327803356304,3.5894399999998896,8.79551999999952,265.0,387.0,0.0,0.0,25.0,35.0,2.0,1.0,10.0,11.0,0.0,0.0,-6.82,-31.36000000000001,-99.641056,-99.12044800000005,1,1
0.01,1.0,1440,1,30,30,0,0,75,12.0,12,40,99,0.0,1,flat,3.5894400000003692,8.79551999999952,-48.61528927318162,-51.48936173035832,97.8641913602297,96.65327803356304,3.5894399999998896,8.79551999999952,265.0,387.0,0.0,0.0,25.0,35.0,2.0,1.0,10.0,11.0,0.0,0.0,-6.82,-31.36000000000001,-99.641056,-99.12044800000005,1,1
0.01,1.0,1440,1,30,30,0,0,50,12.0,8,40,5,0.01,3,inc_every3,3.5779800000004798,7.533890000000188,-48.648161916085364,-53.673736447443446,98.31687835167983,95.59266994267068,3.5779800000004798,7.533890000000188,336.0,100.0,0.0,0.0,43.0,13.0,2.0,1.0,8.0,8.0,85.0,24.0,-9.35,-3.2700000000000005,-99.64220199999995,-99.24661099999999,1,1
0.01,1.0,1440,1,30,30,0,0,75,3.0,18,40,5,0.01,3,inc_every3,3.5775600000004903,7.429239999999531,-48.649368271549264,-53.8661679963396,96.99944644804455,93.52036741208914,3.5775599999995826,6.490000000051559,428.0,173.0,0.0,0.0,8.0,4.0,1.0,1.0,9.0,9.0,0.0,0.0,-1.3300000000000003,-0.9800000000000001,-99.64224400000005,-99.35099999999484,1,1
0.01,1.0,1440,1,30,30,0,0,75,3.0,12,40,5,0.01,3,inc_every3,3.5775600000004903,7.429239999999531,-48.649368271549264,-53.8661679963396,96.99944644804455,93.52036741208914,3.5775599999995826,6.490000000051559,428.0,173.0,0.0,0.0,8.0,4.0,1.0,1.0,9.0,9.0,0.0,0.0,-1.3300000000000003,-0.9800000000000001,-99.64224400000005,-99.35099999999484,1,1
0.01,1.0,1440,1,30,30,0,0,50,3.0,18,40,99,0.0,1,flat,3.5659800000006125,6.416760000001194,-48.68267392032688,-55.83429645120117,97.74604639403438,93.63290335384329,3.5659800000000708,6.416759999999002,610.0,250.0,0.0,0.0,12.0,5.0,2.0,2.0,13.0,13.0,0.0,0.0,-2.97,-1.95,-99.643402,-99.3583240000001,1,1
0.01,1.0,1440,1,30,30,0,0,50,3.0,12,40,99,0.0,1,flat,3.565980000000076,6.416760000002046,-48.682673920328426,-55.834296451199414,97.74747015349794,93.6329033538425,3.5659799999993425,6.416759999999854,611.0,250.0,0.0,0.0,12.0,5.0,2.0,2.0,12.0,12.0,15.0,4.0,-2.97,-1.95,-99.64340200000007,-99.35832400000001,1,1
0.01,1.0,1440,1,30,30,0,0,100,18.0,3,0,99,0.0,1,flat,3.560000000015293,3.594060000000354,-48.6999070953822,-62.831411560106865,97.08817274659329,97.01589173032244,3.560000000015293,3.5940599999998426,124.0,116.0,1.0,2.0,0.0,0.0,1.0,1.0,3.0,3.0,59.0,52.0,-115.97999999999968,-54.74000000000027,-99.64399999999847,-99.64059400000002,1,1
0.01,1.0,1440,1,30,30,0,0,100,18.0,3,0,3,0.01,2,inc_every2,3.560000000015293,3.594060000000354,-48.6999070953822,-62.831411560106865,97.08817274659329,97.01589173032244,3.560000000015293,3.5940599999998426,124.0,116.0,1.0,2.0,0.0,0.0,1.0,1.0,3.0,3.0,59.0,52.0,-115.97999999999968,-54.74000000000027,-99.64399999999847,-99.64059400000002,1,1
0.01,1.0,1440,1,30,30,0,0,100,18.0,3,0,5,0.01,1,inc_every1,3.560000000015293,3.594060000000354,-48.6999070953822,-62.831411560106865,97.08817274659329,97.01589173032244,3.560000000015293,3.5940599999998426,124.0,116.0,1.0,2.0,0.0,0.0,1.0,1.0,3.0,3.0,59.0,52.0,-115.97999999999968,-54.74000000000027,-99.64399999999847,-99.64059400000002,1,1
0.01,1.0,1440,1,30,30,0,0,100,18.0,3,0,5,0.01,3,inc_every3,3.560000000015293,3.594060000000354,-48.6999070953822,-62.831411560106865,97.08817274659329,97.01589173032244,3.560000000015293,3.5940599999998426,124.0,116.0,1.0,2.0,0.0,0.0,1.0,1.0,3.0,3.0,59.0,52.0,-115.97999999999968,-54.74000000000027,-99.64399999999847,-99.64059400000002,1,1
0.01,1.0,1440,1,30,30,0,0,50,18.0,8,15,3,0.01,2,inc_every2,3.5443500000005823,5.27749999999973,-48.74511713990144,-58.32989375139401,97.4636109918421,95.76172502409347,3.544349999999998,5.277499999999087,41.0,68.0,0.0,0.0,22.0,37.0,1.0,1.0,7.0,7.0,0.0,0.0,-0.81,-5.029999999999999,-99.645565,-99.47225000000009,1,1
0.01,1.0,1440,1,30,30,0,0,50,18.0,18,15,3,0.01,2,inc_every2,3.5443500000005823,5.27749999999973,-48.74511713990144,-58.32989375139401,97.4636109918421,95.76172502409347,3.544349999999998,5.277499999999087,41.0,68.0,0.0,0.0,22.0,37.0,1.0,1.0,7.0,7.0,0.0,0.0,-0.81,-5.029999999999999,-99.645565,-99.47225000000009,1,1
0.01,1.0,1440,1,30,30,0,0,50,18.0,12,15,3,0.01,2,inc_every2,3.5443500000005823,5.27749999999973,-48.74511713990144,-58.32989375139401,97.4636109918421,95.76172502409347,3.544349999999998,5.277499999999087,41.0,68.0,0.0,0.0,22.0,37.0,1.0,1.0,7.0,7.0,0.0,0.0,-0.81,-5.029999999999999,-99.645565,-99.47225000000009,1,1
0.01,1.0,1440,1,30,30,0,0,100,18.0,12,15,99,0.0,1,flat,3.539940000001291,9.170000000027999,-48.75788567237264,-50.88372187492551,98.10444979919676,92.68273220553182,3.539940000000634,9.170000000027734,260.0,79.0,0.0,0.0,75.0,25.0,1.0,0.0,6.0,6.0,0.0,0.0,-6.92,-3.0300000000000002,-99.64600599999994,-99.08299999999723,1,1
0.01,1.0,1440,1,30,30,0,0,100,18.0,8,15,99,0.0,1,flat,3.539940000001291,9.170000000027999,-48.75788567237264,-50.88372187492551,98.10444979919676,92.68273220553182,3.539940000000634,9.170000000027734,260.0,79.0,0.0,0.0,75.0,25.0,1.0,0.0,6.0,6.0,0.0,0.0,-6.92,-3.0300000000000002,-99.64600599999994,-99.08299999999723,1,1
0.01,1.0,1440,1,30,30,0,0,100,18.0,18,15,99,0.0,1,flat,3.539940000001291,9.170000000027999,-48.75788567237264,-50.88372187492551,98.10444979919676,92.68273220553182,3.539940000000634,9.170000000027734,260.0,79.0,0.0,0.0,75.0,25.0,1.0,0.0,6.0,6.0,0.0,0.0,-6.92,-3.0300000000000002,-99.64600599999994,-99.08299999999723,1,1
0.01,1.0,1440,1,30,30,0,0,75,5.3,18,0,5,0.01,3,inc_every3,3.5384400000007172,7.287070000001247,-48.76223161053082,-54.13066625780508,97.21536161171073,92.82274204668587,3.538439999999971,7.287070000000078,49.0,18.0,0.0,0.0,0.0,0.0,3.0,2.0,12.0,11.0,0.0,0.0,-0.51,0.0,-99.646156,-99.27129299999999,1,1
0.01,1.0,1440,1,30,30,0,0,75,5.3,12,0,5,0.01,3,inc_every3,3.538440000000721,7.287070000001247,-48.762231610530804,-54.13066625780508,97.21536161171073,92.82274204668587,3.5384399999999747,7.287070000000078,49.0,18.0,0.0,0.0,0.0,0.0,3.0,2.0,12.0,11.0,1.0,0.0,-0.51,0.0,-99.646156,-99.27129299999999,1,1
0.01,1.0,1440,1,30,30,0,0,150,3.0,3,0,5,0.01,1,inc_every1,3.530000000130201,3.337980000000556,-48.78671226548483,-63.64004082175092,96.70000934829382,96.6620199999999,3.530000000130201,3.337980000000101,894.0,370.0,5.0,3.0,0.0,0.0,1.0,1.0,3.0,3.0,82.0,38.0,-83.01000000000006,-28.310000000000066,-99.64699999998697,-99.66620199999998,1,1
0.01,1.0,1440,1,30,30,0,0,150,3.0,3,0,5,0.01,3,inc_every3,3.530000000130201,3.337980000000556,-48.78671226548483,-63.64004082175092,96.70000934829382,96.6620199999999,3.530000000130201,3.337980000000101,894.0,370.0,5.0,3.0,0.0,0.0,1.0,1.0,3.0,3.0,82.0,38.0,-83.01000000000006,-28.310000000000066,-99.64699999998697,-99.66620199999998,1,1
0.01,1.0,1440,1,30,30,0,0,150,3.0,3,0,3,0.01,2,inc_every2,3.530000000130201,3.337980000000556,-48.78671226548483,-63.64004082175092,96.70000934829382,96.6620199999999,3.530000000130201,3.337980000000101,894.0,370.0,5.0,3.0,0.0,0.0,1.0,1.0,3.0,3.0,82.0,38.0,-83.01000000000006,-28.310000000000066,-99.64699999998697,-99.66620199999998,1,1
0.01,1.0,1440,1,30,30,0,0,150,3.0,3,0,99,0.0,1,flat,3.530000000130201,3.337980000000556,-48.78671226548483,-63.64004082175092,96.70000934829382,96.6620199999999,3.530000000130201,3.337980000000101,894.0,370.0,5.0,3.0,0.0,0.0,1.0,1.0,3.0,3.0,82.0,38.0,-83.01000000000006,-28.310000000000066,-99.64699999998697,-99.66620199999998,1,1
0.01,1.0,1440,1,30,30,0,0,300,12.0,5,25,3,0.01,2,inc_every2,3.5207400000007194,9.770000000017475,-48.81362529502618,-49.948590491836974,96.76283560132408,90.22999999998301,3.520739999999961,9.770000000016992,176.0,138.0,0.0,0.0,14.0,12.0,1.0,0.0,4.0,4.0,0.0,0.0,-1.9000000000000004,-4.8199999999999985,-99.647926,-99.0229999999983,1,1
0.01,1.0,1440,1,30,30,0,0,300,12.0,12,25,3,0.01,2,inc_every2,3.5207400000007194,9.770000000017475,-48.81362529502618,-49.948590491836974,96.76283560132408,90.22999999998301,3.520739999999961,9.770000000016992,176.0,138.0,0.0,0.0,14.0,12.0,1.0,0.0,4.0,4.0,0.0,0.0,-1.9000000000000004,-4.8199999999999985,-99.647926,-99.0229999999983,1,1
0.01,1.0,1440,1,30,30,0,0,300,12.0,8,25,3,0.01,2,inc_every2,3.5207400000007194,9.770000000017475,-48.81362529502618,-49.948590491836974,96.76283560132408,90.22999999998301,3.520739999999961,9.770000000016992,176.0,138.0,0.0,0.0,14.0,12.0,1.0,0.0,4.0,4.0,0.0,0.0,-1.9000000000000004,-4.8199999999999985,-99.647926,-99.0229999999983,1,1
0.01,1.0,1440,1,30,30,0,0,300,12.0,18,25,3,0.01,2,inc_every2,3.5207400000007194,9.770000000017475,-48.81362529502618,-49.948590491836974,96.76283560132408,90.22999999998301,3.520739999999961,9.770000000016992,176.0,138.0,0.0,0.0,14.0,12.0,1.0,0.0,4.0,4.0,0.0,0.0,-1.9000000000000004,-4.8199999999999985,-99.647926,-99.0229999999983,1,1
0.01,1.0,1440,1,30,30,0,0,75,12.0,18,0,99,0.0,1,flat,3.5128200000006995,4.160239999999423,-48.83668874150544,-61.177632409213054,97.3603697024345,96.01012755346763,3.51282000000036,4.160239999999423,29.0,13.0,0.0,0.0,0.0,0.0,3.0,2.0,17.0,15.0,0.0,0.0,-0.51,0.0,-99.64871799999996,-99.58397600000006,1,1
0.01,1.0,1440,1,30,30,0,0,50,12.0,5,15,3,0.01,2,inc_every2,3.512820000000671,5.311249999999838,-48.83668874150552,-58.25077200905977,97.4967433905794,95.54313166065315,3.5128200000000422,5.311249999999838,84.0,120.0,0.0,0.0,25.0,37.0,1.0,1.0,5.0,5.0,38.0,62.0,-0.43999999999999995,-4.65,-99.648718,-99.46887500000001,1,1
0.01,1.0,1440,1,30,30,0,0,50,5.3,3,15,5,0.01,1,inc_every1,3.4929599999998135,7.660000000024896,-48.89470553623848,-53.444322604373,96.88545697726288,95.77883472054593,3.4929599999997745,4.260000000025096,192.0,138.0,0.0,0.0,19.0,15.0,1.0,0.0,3.0,3.0,92.0,55.0,-1.61,-0.9199999999999999,-99.65070400000002,-99.5739999999975,1,1
0.01,1.0,1440,1,30,30,0,0,50,5.3,3,15,3,0.01,2,inc_every2,3.4929599999998135,7.660000000024896,-48.89470553623848,-53.444322604373,96.88545697726288,95.77883472054593,3.4929599999997745,4.260000000025096,192.0,138.0,0.0,0.0,19.0,15.0,1.0,0.0,3.0,3.0,92.0,55.0,-1.61,-0.9199999999999999,-99.65070400000002,-99.5739999999975,1,1
0.01,1.0,1440,1,30,30,0,0,50,5.3,3,15,5,0.01,3,inc_every3,3.4929599999998135,7.660000000024896,-48.89470553623848,-53.444322604373,96.88545697726288,95.77883472054593,3.4929599999997745,4.260000000025096,192.0,138.0,0.0,0.0,19.0,15.0,1.0,0.0,3.0,3.0,92.0,55.0,-1.61,-0.9199999999999999,-99.65070400000002,-99.5739999999975,1,1
0.01,1.0,1440,1,30,30,0,0,50,5.3,3,15,99,0.0,1,flat,3.4929599999998135,7.660000000024896,-48.89470553623848,-53.444322604373,96.88545697726288,95.77883472054593,3.4929599999997745,4.260000000025096,192.0,138.0,0.0,0.0,19.0,15.0,1.0,0.0,3.0,3.0,92.0,55.0,-1.61,-0.9199999999999999,-99.65070400000002,-99.5739999999975,1,1
0.01,1.0,1440,1,30,30,0,0,75,12.0,12,40,5,0.01,3,inc_every3,3.4840500000007566,9.733140000001129,-48.92081999514672,-50.0048572755175,97.42760632014186,96.80734107459304,3.4840500000000674,9.733140000000532,99.0,287.0,0.0,0.0,10.0,28.0,2.0,1.0,9.0,9.0,0.0,0.0,-2.3899999999999997,-17.6,-99.65159499999999,-99.02668599999994,1,1
0.01,1.0,1440,1,30,30,0,0,75,12.0,18,40,5,0.01,3,inc_every3,3.4840500000007566,9.733140000001129,-48.92081999514672,-50.0048572755175,97.42760632014186,96.80734107459304,3.4840500000000674,9.733140000000532,99.0,287.0,0.0,0.0,10.0,28.0,2.0,1.0,9.0,9.0,0.0,0.0,-2.3899999999999997,-17.6,-99.65159499999999,-99.02668599999994,1,1
0.01,1.0,1440,1,30,30,0,0,100,12.0,5,25,5,0.01,1,inc_every1,3.4788600000000027,5.6295,-48.93605607781263,-57.52150467065024,97.27703506574836,97.23949394400063,3.478859999999921,5.629499999999858,181.0,370.0,0.0,0.0,22.0,40.0,1.0,1.0,5.0,5.0,44.0,84.0,-3.58,-21.42000000000001,-99.65211400000001,-99.43705000000001,1,1
0.01,1.0,1440,1,30,30,0,0,100,12.0,5,25,99,0.0,1,flat,3.4788600000000027,5.6295,-48.93605607781263,-57.52150467065024,97.27703506574836,97.23949394400063,3.478859999999921,5.629499999999858,181.0,370.0,0.0,0.0,22.0,40.0,1.0,1.0,5.0,5.0,44.0,84.0,-3.58,-21.42000000000001,-99.65211400000001,-99.43705000000001,1,1
0.01,1.0,1440,1,30,30,0,0,100,12.0,5,25,5,0.01,3,inc_every3,3.4788600000000027,5.6295,-48.93605607781263,-57.52150467065024,97.27703506574836,97.23949394400063,3.478859999999921,5.629499999999858,181.0,370.0,0.0,0.0,22.0,40.0,1.0,1.0,5.0,5.0,44.0,84.0,-3.58,-21.42000000000001,-99.65211400000001,-99.43705000000001,1,1
0.01,1.0,1440,1,30,30,0,0,300,18.0,12,0,99,0.0,1,flat,3.478740000000915,9.288480000001059,-48.93640857216867,-50.69573002327243,97.28880056114104,98.48528997683798,3.478740000000027,6.6704800000011915,30.0,198.0,0.0,1.0,0.0,0.0,2.0,2.0,9.0,12.0,0.0,4.0,-1.6200000000000003,-78.80000000000007,-99.652126,-99.33295199999988,1,1
0.01,1.0,1440,1,30,30,0,0,300,18.0,18,0,99,0.0,1,flat,3.478740000000915,10.270170000001372,-48.93640857216867,-49.1994183358873,97.28880056114104,97.72355757508578,3.478740000000027,10.270170000000888,30.0,188.0,0.0,1.0,0.0,0.0,2.0,2.0,9.0,18.0,0.0,1.0,-1.6200000000000003,-71.76000000000006,-99.652126,-98.97298299999991,1,1
0.01,1.0,1440,1,30,30,0,0,300,12.0,12,0,99,0.0,1,flat,3.4731900000007254,6.890580000001769,-48.952722073612584,-54.88799119068965,97.0593599187198,98.42000338221312,3.473190000000116,6.540080000005261,37.0,298.0,0.0,2.0,0.0,0.0,2.0,2.0,9.0,12.0,0.0,3.0,-1.5900000000000003,-72.27,-99.65268099999999,-99.34599199999947,1,1
0.01,1.0,1440,1,30,30,0,0,300,12.0,18,0,99,0.0,1,flat,3.4731900000007254,10.239480000000839,-48.952722073612584,-49.24463962866344,97.0593599187198,97.52627738989685,3.473190000000116,10.239480000000071,37.0,287.0,0.0,2.0,0.0,0.0,2.0,2.0,9.0,17.0,0.0,0.0,-1.5900000000000003,-69.14000000000006,-99.65268099999999,-98.976052,1,1
0.01,1.0,1440,1,30,30,0,0,150,5.3,12,15,5,0.01,3,inc_every3,3.453480000000509,4.370000000073231,-49.010826086980906,-60.60517636548439,97.40749193003609,96.31067961159039,3.4534800000002317,4.37000000007248,792.0,418.0,0.0,0.0,46.0,27.0,1.0,0.0,5.0,5.0,0.0,0.0,-4.669999999999999,-4.8599999999999985,-99.65465199999997,-99.56299999999275,1,1
0.01,1.0,1440,1,30,30,0,0,150,5.3,8,15,5,0.01,1,inc_every1,3.453480000000509,4.370000000073231,-49.010826086980906,-60.60517636548439,97.40749193003609,96.31067961159039,3.4534800000002317,4.37000000007248,792.0,418.0,0.0,0.0,46.0,27.0,1.0,0.0,5.0,5.0,0.0,0.0,-4.669999999999999,-4.8599999999999985,-99.65465199999997,-99.56299999999275,1,1
0.01,1.0,1440,1,30,30,0,0,150,5.3,8,15,99,0.0,1,flat,3.453480000000509,4.370000000073231,-49.010826086980906,-60.60517636548439,97.40749193003609,96.31067961159039,3.4534800000002317,4.37000000007248,792.0,418.0,0.0,0.0,46.0,27.0,1.0,0.0,5.0,5.0,0.0,0.0,-4.669999999999999,-4.8599999999999985,-99.65465199999997,-99.56299999999275,1,1
0.01,1.0,1440,1,30,30,0,0,150,5.3,5,15,5,0.01,3,inc_every3,3.453480000000509,4.370000000073231,-49.010826086980906,-60.60517636548439,97.40749193003609,96.31067961159039,3.4534800000002317,4.37000000007248,792.0,418.0,0.0,0.0,46.0,27.0,1.0,0.0,5.0,5.0,2.0,2.0,-4.669999999999999,-4.8599999999999985,-99.65465199999997,-99.56299999999275,1,1
0.01,1.0,1440,1,30,30,0,0,150,5.3,5,15,99,0.0,1,flat,3.453480000000509,4.370000000073231,-49.010826086980906,-60.60517636548439,97.40749193003609,96.31067961159039,3.4534800000002317,4.37000000007248,792.0,418.0,0.0,0.0,46.0,27.0,1.0,0.0,5.0,5.0,2.0,2.0,-4.669999999999999,-4.8599999999999985,-99.65465199999997,-99.56299999999275,1,1
0.01,1.0,1440,1,30,30,0,0,150,5.3,18,15,99,0.0,1,flat,3.453480000000509,4.370000000073231,-49.010826086980906,-60.60517636548439,97.40749193003609,96.31067961159039,3.4534800000002317,4.37000000007248,792.0,418.0,0.0,0.0,46.0,27.0,1.0,0.0,5.0,5.0,0.0,0.0,-4.669999999999999,-4.8599999999999985,-99.65465199999997,-99.56299999999275,1,1
0.01,1.0,1440,1,30,30,0,0,150,5.3,18,15,5,0.01,1,inc_every1,3.453480000000509,4.370000000073231,-49.010826086980906,-60.60517636548439,97.40749193003609,96.31067961159039,3.4534800000002317,4.37000000007248,792.0,418.0,0.0,0.0,46.0,27.0,1.0,0.0,5.0,5.0,0.0,0.0,-4.669999999999999,-4.8599999999999985,-99.65465199999997,-99.56299999999275,1,1
0.01,1.0,1440,1,30,30,0,0,150,5.3,8,15,5,0.01,3,inc_every3,3.453480000000509,4.370000000073231,-49.010826086980906,-60.60517636548439,97.40749193003609,96.31067961159039,3.4534800000002317,4.37000000007248,792.0,418.0,0.0,0.0,46.0,27.0,1.0,0.0,5.0,5.0,0.0,0.0,-4.669999999999999,-4.8599999999999985,-99.65465199999997,-99.56299999999275,1,1
0.01,1.0,1440,1,30,30,0,0,150,5.3,12,15,99,0.0,1,flat,3.453480000000509,4.370000000073231,-49.010826086980906,-60.60517636548439,97.40749193003609,96.31067961159039,3.4534800000002317,4.37000000007248,792.0,418.0,0.0,0.0,46.0,27.0,1.0,0.0,5.0,5.0,0.0,0.0,-4.669999999999999,-4.8599999999999985,-99.65465199999997,-99.56299999999275,1,1
0.01,1.0,1440,1,30,30,0,0,150,5.3,5,15,5,0.01,1,inc_every1,3.453480000000509,4.370000000073231,-49.010826086980906,-60.60517636548439,97.40749193003609,96.31067961159039,3.4534800000002317,4.37000000007248,792.0,418.0,0.0,0.0,46.0,27.0,1.0,0.0,5.0,5.0,2.0,2.0,-4.669999999999999,-4.8599999999999985,-99.65465199999997,-99.56299999999275,1,1
0.01,1.0,1440,1,30,30,0,0,150,5.3,18,15,5,0.01,3,inc_every3,3.453480000000509,4.370000000073231,-49.010826086980906,-60.60517636548439,97.40749193003609,96.31067961159039,3.4534800000002317,4.37000000007248,792.0,418.0,0.0,0.0,46.0,27.0,1.0,0.0,5.0,5.0,0.0,0.0,-4.669999999999999,-4.8599999999999985,-99.65465199999997,-99.56299999999275,1,1
0.01,1.0,1440,1,30,30,0,0,150,5.3,12,15,5,0.01,1,inc_every1,3.453480000000509,4.370000000073231,-49.010826086980906,-60.60517636548439,97.40749193003609,96.31067961159039,3.4534800000002317,4.37000000007248,792.0,418.0,0.0,0.0,46.0,27.0,1.0,0.0,5.0,5.0,0.0,0.0,-4.669999999999999,-4.8599999999999985,-99.65465199999997,-99.56299999999275,1,1
0.01,1.0,1440,1,30,30,0,0,300,5.3,5,15,99,0.0,1,flat,3.4522200000006453,3.540000000027483,-49.014549510924965,-62.998664359193015,96.79042394942347,96.48635235729337,3.452220000000132,3.5400000000269713,422.0,453.0,0.0,0.0,23.0,25.0,1.0,0.0,3.0,3.0,0.0,0.0,-2.2,-6.859999999999993,-99.654778,-99.6459999999973,1,1
0.01,1.0,1440,1,30,30,0,0,300,5.3,8,15,5,0.01,1,inc_every1,3.4522200000006453,3.540000000027483,-49.014549510924965,-62.998664359193015,96.79042394942347,96.48635235729337,3.452220000000132,3.5400000000269713,422.0,453.0,0.0,0.0,23.0,25.0,1.0,0.0,3.0,3.0,0.0,0.0,-2.2,-6.859999999999993,-99.654778,-99.6459999999973,1,1
0.01,1.0,1440,1,30,30,0,0,300,5.3,5,15,3,0.01,2,inc_every2,3.4522200000006453,3.540000000027483,-49.014549510924965,-62.998664359193015,96.79042394942347,96.48635235729337,3.452220000000132,3.5400000000269713,422.0,453.0,0.0,0.0,23.0,25.0,1.0,0.0,3.0,3.0,0.0,0.0,-2.2,-6.859999999999993,-99.654778,-99.6459999999973,1,1
0.01,1.0,1440,1,30,30,0,0,300,5.3,8,15,5,0.01,3,inc_every3,3.4522200000006453,3.540000000027483,-49.014549510924965,-62.998664359193015,96.79042394942347,96.48635235729337,3.452220000000132,3.5400000000269713,422.0,453.0,0.0,0.0,23.0,25.0,1.0,0.0,3.0,3.0,0.0,0.0,-2.2,-6.859999999999993,-99.654778,-99.6459999999973,1,1
0.01,1.0,1440,1,30,30,0,0,300,5.3,8,15,3,0.01,2,inc_every2,3.4522200000006453,3.540000000027483,-49.014549510924965,-62.998664359193015,96.79042394942347,96.48635235729337,3.452220000000132,3.5400000000269713,422.0,453.0,0.0,0.0,23.0,25.0,1.0,0.0,3.0,3.0,0.0,0.0,-2.2,-6.859999999999993,-99.654778,-99.6459999999973,1,1
0.01,1.0,1440,1,30,30,0,0,300,5.3,3,15,99,0.0,1,flat,3.4522200000006453,3.540000000027483,-49.014549510924965,-62.998664359193015,96.79042394942347,96.48635235729337,3.452220000000132,3.5400000000269713,422.0,453.0,0.0,0.0,23.0,25.0,1.0,0.0,3.0,3.0,39.0,36.0,-2.2,-6.859999999999993,-99.654778,-99.6459999999973,1,1
0.01,1.0,1440,1,30,30,0,0,300,5.3,12,15,5,0.01,3,inc_every3,3.4522200000006453,3.540000000027483,-49.014549510924965,-62.998664359193015,96.79042394942347,96.48635235729337,3.452220000000132,3.5400000000269713,422.0,453.0,0.0,0.0,23.0,25.0,1.0,0.0,3.0,3.0,0.0,0.0,-2.2,-6.859999999999993,-99.654778,-99.6459999999973,1,1
0.01,1.0,1440,1,30,30,0,0,300,5.3,8,15,99,0.0,1,flat,3.4522200000006453,3.540000000027483,-49.014549510924965,-62.998664359193015,96.79042394942347,96.48635235729337,3.452220000000132,3.5400000000269713,422.0,453.0,0.0,0.0,23.0,25.0,1.0,0.0,3.0,3.0,0.0,0.0,-2.2,-6.859999999999993,-99.654778,-99.6459999999973,1,1
0.01,1.0,1440,1,30,30,0,0,300,5.3,3,15,5,0.01,3,inc_every3,3.4522200000006453,3.540000000027483,-49.014549510924965,-62.998664359193015,96.79042394942347,96.48635235729337,3.452220000000132,3.5400000000269713,422.0,453.0,0.0,0.0,23.0,25.0,1.0,0.0,3.0,3.0,39.0,36.0,-2.2,-6.859999999999993,-99.654778,-99.6459999999973,1,1
0.01,1.0,1440,1,30,30,0,0,300,5.3,3,15,3,0.01,2,inc_every2,3.4522200000006453,3.540000000027483,-49.014549510924965,-62.998664359193015,96.79042394942347,96.48635235729337,3.452220000000132,3.5400000000269713,422.0,453.0,0.0,0.0,23.0,25.0,1.0,0.0,3.0,3.0,39.0,36.0,-2.2,-6.859999999999993,-99.654778,-99.6459999999973,1,1
0.01,1.0,1440,1,30,30,0,0,300,5.3,18,15,5,0.01,3,inc_every3,3.4522200000006453,3.540000000027483,-49.014549510924965,-62.998664359193015,96.79042394942347,96.48635235729337,3.452220000000132,3.5400000000269713,422.0,453.0,0.0,0.0,23.0,25.0,1.0,0.0,3.0,3.0,0.0,0.0,-2.2,-6.859999999999993,-99.654778,-99.6459999999973,1,1
0.01,1.0,1440,1,30,30,0,0,300,5.3,5,15,5,0.01,1,inc_every1,3.4522200000006453,3.540000000027483,-49.014549510924965,-62.998664359193015,96.79042394942347,96.48635235729337,3.452220000000132,3.5400000000269713,422.0,453.0,0.0,0.0,23.0,25.0,1.0,0.0,3.0,3.0,0.0,0.0,-2.2,-6.859999999999993,-99.654778,-99.6459999999973,1,1
0.01,1.0,1440,1,30,30,0,0,300,5.3,5,15,5,0.01,3,inc_every3,3.4522200000006453,3.540000000027483,-49.014549510924965,-62.998664359193015,96.79042394942347,96.48635235729337,3.452220000000132,3.5400000000269713,422.0,453.0,0.0,0.0,23.0,25.0,1.0,0.0,3.0,3.0,0.0,0.0,-2.2,-6.859999999999993,-99.654778,-99.6459999999973,1,1
0.01,1.0,1440,1,30,30,0,0,300,5.3,12,15,99,0.0,1,flat,3.4522200000006453,3.540000000027483,-49.014549510924965,-62.998664359193015,96.79042394942347,96.48635235729337,3.452220000000132,3.5400000000269713,422.0,453.0,0.0,0.0,23.0,25.0,1.0,0.0,3.0,3.0,0.0,0.0,-2.2,-6.859999999999993,-99.654778,-99.6459999999973,1,1
0.01,1.0,1440,1,30,30,0,0,300,5.3,3,15,5,0.01,1,inc_every1,3.4522200000006453,3.540000000027483,-49.014549510924965,-62.998664359193015,96.79042394942347,96.48635235729337,3.452220000000132,3.5400000000269713,422.0,453.0,0.0,0.0,23.0,25.0,1.0,0.0,3.0,3.0,39.0,36.0,-2.2,-6.859999999999993,-99.654778,-99.6459999999973,1,1
0.01,1.0,1440,1,30,30,0,0,300,5.3,18,15,3,0.01,2,inc_every2,3.4522200000006453,3.540000000027483,-49.014549510924965,-62.998664359193015,96.79042394942347,96.48635235729337,3.452220000000132,3.5400000000269713,422.0,453.0,0.0,0.0,23.0,25.0,1.0,0.0,3.0,3.0,0.0,0.0,-2.2,-6.859999999999993,-99.654778,-99.6459999999973,1,1
0.01,1.0,1440,1,30,30,0,0,300,5.3,18,15,5,0.01,1,inc_every1,3.4522200000006453,3.540000000027483,-49.014549510924965,-62.998664359193015,96.79042394942347,96.48635235729337,3.452220000000132,3.5400000000269713,422.0,453.0,0.0,0.0,23.0,25.0,1.0,0.0,3.0,3.0,0.0,0.0,-2.2,-6.859999999999993,-99.654778,-99.6459999999973,1,1
0.01,1.0,1440,1,30,30,0,0,300,5.3,18,15,99,0.0,1,flat,3.4522200000006453,3.540000000027483,-49.014549510924965,-62.998664359193015,96.79042394942347,96.48635235729337,3.452220000000132,3.5400000000269713,422.0,453.0,0.0,0.0,23.0,25.0,1.0,0.0,3.0,3.0,0.0,0.0,-2.2,-6.859999999999993,-99.654778,-99.6459999999973,1,1
0.01,1.0,1440,1,30,30,0,0,300,5.3,12,15,3,0.01,2,inc_every2,3.4522200000006453,3.540000000027483,-49.014549510924965,-62.998664359193015,96.79042394942347,96.48635235729337,3.452220000000132,3.5400000000269713,422.0,453.0,0.0,0.0,23.0,25.0,1.0,0.0,3.0,3.0,0.0,0.0,-2.2,-6.859999999999993,-99.654778,-99.6459999999973,1,1
0.01,1.0,1440,1,30,30,0,0,300,5.3,12,15,5,0.01,1,inc_every1,3.4522200000006453,3.540000000027483,-49.014549510924965,-62.998664359193015,96.79042394942347,96.48635235729337,3.452220000000132,3.5400000000269713,422.0,453.0,0.0,0.0,23.0,25.0,1.0,0.0,3.0,3.0,0.0,0.0,-2.2,-6.859999999999993,-99.654778,-99.6459999999973,1,1
0.01,1.0,1440,1,30,30,0,0,300,5.3,3,25,5,0.01,1,inc_every1,3.4522200000000716,7.290000000017955,-49.014549510926656,-54.12517875830483,96.7904239494241,92.7642679900572,3.4522199999994676,7.290000000017471,232.0,297.0,0.0,0.0,9.0,11.0,1.0,0.0,3.0,3.0,17.0,22.0,-1.1000000000000005,-4.099999999999998,-99.65477800000005,-99.27099999999825,1,1
0.01,1.0,1440,1,30,30,0,0,300,5.3,3,25,3,0.01,2,inc_every2,3.4522200000000716,7.290000000017955,-49.014549510926656,-54.12517875830483,96.7904239494241,92.7642679900572,3.4522199999994676,7.290000000017471,232.0,297.0,0.0,0.0,9.0,11.0,1.0,0.0,3.0,3.0,17.0,22.0,-1.1000000000000005,-4.099999999999998,-99.65477800000005,-99.27099999999825,1,1
0.01,1.0,1440,1,30,30,0,0,300,5.3,3,25,5,0.01,3,inc_every3,3.4522200000000716,7.290000000017955,-49.014549510926656,-54.12517875830483,96.7904239494241,92.7642679900572,3.4522199999994676,7.290000000017471,232.0,297.0,0.0,0.0,9.0,11.0,1.0,0.0,3.0,3.0,17.0,22.0,-1.1000000000000005,-4.099999999999998,-99.65477800000005,-99.27099999999825,1,1
0.01,1.0,1440,1,30,30,0,0,300,5.3,3,25,99,0.0,1,flat,3.4522200000000716,7.290000000017955,-49.014549510926656,-54.12517875830483,96.7904239494241,92.7642679900572,3.4522199999994676,7.290000000017471,232.0,297.0,0.0,0.0,9.0,11.0,1.0,0.0,3.0,3.0,17.0,22.0,-1.1000000000000005,-4.099999999999998,-99.65477800000005,-99.27099999999825,1,1
0.01,1.0,1440,1,30,30,0,0,50,8.0,8,0,5,0.01,3,inc_every3,3.4494300000001807,4.154479999999854,-49.02279810534146,-61.193635214177746,97.69976660442804,96.11549322113159,3.449430000000028,4.154479999999854,63.0,15.0,0.0,0.0,0.0,0.0,3.0,2.0,8.0,8.0,7.0,1.0,-4.030000000000001,0.0,-99.655057,-99.58455200000002,1,1
0.01,1.0,1440,1,30,30,0,0,100,3.0,8,40,5,0.01,3,inc_every3,3.4426800000006637,7.344470000001415,-49.04277647827675,-54.023444652124255,97.02319066147813,92.68624775940916,3.4426800000006583,7.344470000001365,390.0,130.0,0.0,0.0,6.0,3.0,2.0,1.0,8.0,8.0,6.0,4.0,-1.1300000000000001,-0.6200000000000001,-99.65573199999993,-99.26555299999987,1,1
0.01,1.0,1440,1,30,30,0,0,100,3.0,18,40,5,0.01,3,inc_every3,3.4426800000006637,7.344470000001415,-49.04277647827675,-54.023444652124255,97.02319066147813,92.68624775940916,3.4426800000006583,7.344470000001365,390.0,130.0,0.0,0.0,6.0,3.0,2.0,1.0,8.0,8.0,0.0,0.0,-1.1300000000000001,-0.6200000000000001,-99.65573199999993,-99.26555299999987,1,1
0.01,1.0,1440,1,30,30,0,0,100,3.0,12,40,5,0.01,3,inc_every3,3.4426800000006637,7.344470000001415,-49.04277647827675,-54.023444652124255,97.02319066147813,92.68624775940916,3.4426800000006583,7.344470000001365,390.0,130.0,0.0,0.0,6.0,3.0,2.0,1.0,8.0,8.0,0.0,0.0,-1.1300000000000001,-0.6200000000000001,-99.65573199999993,-99.26555299999987,1,1
0.01,1.0,1440,1,30,30,0,0,150,5.3,8,25,3,0.01,2,inc_every2,3.440430000000042,7.398440000000342,-49.04944289866795,-53.923165776339175,97.43500335495516,92.65152959872843,3.440429999999653,7.398440000000303,563.0,377.0,0.0,0.0,23.0,15.0,1.0,1.0,5.0,5.0,0.0,0.0,-3.3299999999999996,-5.2700000000000005,-99.65595700000003,-99.26015599999997,1,1
0.01,1.0,1440,1,30,30,0,0,150,5.3,5,25,3,0.01,2,inc_every2,3.440430000000042,7.398440000000342,-49.04944289866795,-53.923165776339175,97.43500335495516,92.65152959872843,3.440429999999653,7.398440000000303,563.0,377.0,0.0,0.0,23.0,15.0,1.0,1.0,5.0,5.0,35.0,24.0,-3.3299999999999996,-5.2700000000000005,-99.65595700000003,-99.26015599999997,1,1
0.01,1.0,1440,1,30,30,0,0,150,5.3,18,25,3,0.01,2,inc_every2,3.440430000000042,7.398440000000342,-49.04944289866795,-53.923165776339175,97.43500335495516,92.65152959872843,3.440429999999653,7.398440000000303,563.0,377.0,0.0,0.0,23.0,15.0,1.0,1.0,5.0,5.0,0.0,0.0,-3.3299999999999996,-5.2700000000000005,-99.65595700000003,-99.26015599999997,1,1
0.01,1.0,1440,1,30,30,0,0,150,5.3,12,25,3,0.01,2,inc_every2,3.440430000000042,7.398440000000342,-49.04944289866795,-53.923165776339175,97.43500335495516,92.65152959872843,3.440429999999653,7.398440000000303,563.0,377.0,0.0,0.0,23.0,15.0,1.0,1.0,5.0,5.0,0.0,0.0,-3.3299999999999996,-5.2700000000000005,-99.65595700000003,-99.26015599999997,1,1
0.01,1.0,1440,1,30,30,0,0,75,3.0,18,25,3,0.01,2,inc_every2,3.4278600000005355,5.344300000001313,-49.08675026162543,-58.17363282517205,97.98550775740632,94.79772218436572,3.427860000000509,5.344300000001276,833.0,230.0,0.0,0.0,23.0,9.0,1.0,1.0,7.0,7.0,0.0,0.0,-2.71,-0.73,-99.65721399999995,-99.46556999999987,1,1
0.01,1.0,1440,1,30,30,0,0,75,3.0,8,25,3,0.01,2,inc_every2,3.4278600000005355,5.344300000001313,-49.08675026162543,-58.17363282517205,97.98550775740632,94.79772218436572,3.427860000000509,5.344300000001276,833.0,230.0,0.0,0.0,23.0,9.0,1.0,1.0,7.0,7.0,0.0,0.0,-2.71,-0.73,-99.65721399999995,-99.46556999999987,1,1
0.01,1.0,1440,1,30,30,0,0,75,3.0,12,25,3,0.01,2,inc_every2,3.4278600000005355,5.344300000001313,-49.08675026162543,-58.17363282517205,97.98550775740632,94.79772218436572,3.427860000000509,5.344300000001276,833.0,230.0,0.0,0.0,23.0,9.0,1.0,1.0,7.0,7.0,0.0,0.0,-2.71,-0.73,-99.65721399999995,-99.46556999999987,1,1
0.01,1.0,1440,1,30,30,0,0,300,8.0,18,0,99,0.0,1,flat,3.4763700000011983,6.767520000000779,-48.943372329484724,-55.12925673626492,97.0179547432548,98.40835391236872,3.4263700000002757,6.767519999999749,51.0,410.0,0.0,1.0,0.0,0.0,2.0,2.0,9.0,17.0,0.0,0.0,-1.6300000000000003,-50.98000000000005,-99.65736299999998,-99.32324800000002,1,1
0.01,1.0,1440,1,30,30,0,0,300,8.0,12,0,99,0.0,1,flat,3.4763700000011983,3.428010000001482,-48.943372329484724,-63.35093655813328,97.0179547432548,99.19376984406962,3.4263700000002757,3.428010000000551,51.0,444.0,0.0,2.0,0.0,0.0,2.0,2.0,9.0,12.0,0.0,2.0,-1.6300000000000003,-60.519999999999996,-99.65736299999998,-99.65719899999995,1,1
0.01,1.0,1440,1,30,30,0,0,100,5.3,5,25,3,0.01,2,inc_every2,3.4137000000003805,7.5900000000106544,-49.12890799101041,-53.57133307036075,98.0855252089061,93.65331549459802,3.4137000000001194,7.590000000010328,698.0,325.0,0.0,0.0,31.0,17.0,1.0,0.0,5.0,5.0,62.0,35.0,-4.4,-4.919999999999999,-99.65862999999999,-99.24099999999896,1,1
0.01,1.0,1440,1,30,30,0,0,75,18.0,18,15,99,0.0,1,flat,3.4089300000003355,9.780000000075797,-49.14314092566947,-49.93335121377375,97.45716097269869,92.19348658998008,3.4089300000003355,9.780000000074047,168.0,80.0,0.0,0.0,57.0,30.0,1.0,0.0,7.0,7.0,0.0,0.0,-4.4399999999999995,-3.1000000000000005,-99.65910699999996,-99.0219999999926,1,1
0.01,1.0,1440,1,30,30,0,0,75,18.0,8,15,99,0.0,1,flat,3.4089300000003355,9.780000000075797,-49.14314092566947,-49.93335121377375,97.45716097269869,92.19348658998008,3.4089300000003355,9.780000000074047,168.0,80.0,0.0,0.0,57.0,30.0,1.0,0.0,7.0,7.0,0.0,0.0,-4.4399999999999995,-3.1000000000000005,-99.65910699999996,-99.0219999999926,1,1
0.01,1.0,1440,1,30,30,0,0,75,18.0,12,15,99,0.0,1,flat,3.4089300000003355,9.780000000075797,-49.14314092566947,-49.93335121377375,97.45716097269869,92.19348658998008,3.4089300000003355,9.780000000074047,168.0,80.0,0.0,0.0,57.0,30.0,1.0,0.0,7.0,7.0,0.0,0.0,-4.4399999999999995,-3.1000000000000005,-99.65910699999996,-99.0219999999926,1,1
0.01,1.0,1440,1,30,30,0,0,300,8.0,12,25,3,0.01,2,inc_every2,3.3835200000002743,3.181230000000191,-49.21922998517832,-64.156747523074,96.8443200895357,96.88785951868512,3.383519999999862,3.181230000000113,132.0,182.0,0.0,0.0,8.0,10.0,1.0,1.0,4.0,4.0,0.0,0.0,-0.7200000000000001,-3.7399999999999993,-99.66164800000001,-99.68187699999999,1,1
0.01,1.0,1440,1,30,30,0,0,300,8.0,8,25,3,0.01,2,inc_every2,3.3835200000002743,3.181230000000191,-49.21922998517832,-64.156747523074,96.8443200895357,96.88785951868512,3.383519999999862,3.181230000000113,132.0,182.0,0.0,0.0,8.0,10.0,1.0,1.0,4.0,4.0,0.0,0.0,-0.7200000000000001,-3.7399999999999993,-99.66164800000001,-99.68187699999999,1,1
0.01,1.0,1440,1,30,30,0,0,300,8.0,5,25,3,0.01,2,inc_every2,3.3835200000002743,3.181230000000191,-49.21922998517832,-64.156747523074,96.8443200895357,96.88785951868512,3.383519999999862,3.181230000000113,132.0,182.0,0.0,0.0,8.0,10.0,1.0,1.0,4.0,4.0,0.0,0.0,-0.7200000000000001,-3.7399999999999993,-99.66164800000001,-99.68187699999999,1,1
0.01,1.0,1440,1,30,30,0,0,300,8.0,18,25,3,0.01,2,inc_every2,3.3835200000002743,3.181230000000191,-49.21922998517832,-64.156747523074,96.8443200895357,96.88785951868512,3.383519999999862,3.181230000000113,132.0,182.0,0.0,0.0,8.0,10.0,1.0,1.0,4.0,4.0,0.0,0.0,-0.7200000000000001,-3.7399999999999993,-99.66164800000001,-99.68187699999999,1,1
0.01,1.0,1440,1,30,30,0,0,75,3.0,3,15,3,0.01,2,inc_every2,3.3769800000000174,3.224400000001067,-49.238887644403206,-64.01269059291897,97.22470414201236,96.9117900584241,3.3769800000000174,3.224400000000003,675.0,279.0,0.0,0.0,27.0,14.0,1.0,1.0,3.0,3.0,155.0,58.0,-2.27,-1.04,-99.662302,-99.67756,1,1
0.01,1.0,1440,1,30,30,0,0,75,3.0,3,15,5,0.01,3,inc_every3,3.3769800000000174,3.224400000001067,-49.238887644403206,-64.01269059291897,97.22470414201236,96.9117900584241,3.3769800000000174,3.224400000000003,675.0,279.0,0.0,0.0,27.0,14.0,1.0,1.0,3.0,3.0,155.0,58.0,-2.27,-1.04,-99.662302,-99.67756,1,1
0.01,1.0,1440,1,30,30,0,0,75,3.0,3,15,99,0.0,1,flat,3.3769800000000174,3.224400000001067,-49.238887644403206,-64.01269059291897,97.22470414201236,96.9117900584241,3.3769800000000174,3.224400000000003,675.0,279.0,0.0,0.0,27.0,14.0,1.0,1.0,3.0,3.0,155.0,58.0,-2.27,-1.04,-99.662302,-99.67756,1,1
0.01,1.0,1440,1,30,30,0,0,75,3.0,3,15,5,0.01,1,inc_every1,3.3769800000000174,3.224400000001067,-49.238887644403206,-64.01269059291897,97.22470414201236,96.9117900584241,3.3769800000000174,3.224400000000003,675.0,279.0,0.0,0.0,27.0,14.0,1.0,1.0,3.0,3.0,155.0,58.0,-2.27,-1.04,-99.662302,-99.67756,1,1
0.01,1.0,1440,1,30,30,0,0,50,3.0,3,25,5,0.01,1,inc_every1,3.3587100000001353,3.190770000000409,-49.293964667867115,-64.1247951923847,97.03372781065117,96.81877367896334,3.358709999999874,3.190769999999823,284.0,490.0,0.0,0.0,9.0,13.0,1.0,1.0,3.0,3.0,81.0,126.0,-0.98,-5.689999999999999,-99.66412900000002,-99.68092300000002,1,1
0.01,1.0,1440,1,30,30,0,0,50,3.0,3,25,5,0.01,3,inc_every3,3.3587100000001353,3.190770000000409,-49.293964667867115,-64.1247951923847,97.03372781065117,96.81877367896334,3.358709999999874,3.190769999999823,284.0,490.0,0.0,0.0,9.0,13.0,1.0,1.0,3.0,3.0,81.0,126.0,-0.98,-5.689999999999999,-99.66412900000002,-99.68092300000002,1,1
0.01,1.0,1440,1,30,30,0,0,50,3.0,3,25,3,0.01,2,inc_every2,3.3587100000001353,3.190770000000409,-49.293964667867115,-64.1247951923847,97.03372781065117,96.81877367896334,3.358709999999874,3.190769999999823,284.0,490.0,0.0,0.0,9.0,13.0,1.0,1.0,3.0,3.0,81.0,126.0,-0.98,-5.689999999999999,-99.66412900000002,-99.68092300000002,1,1
0.01,1.0,1440,1,30,30,0,0,50,3.0,3,25,99,0.0,1,flat,3.3587100000001353,3.190770000000409,-49.293964667867115,-64.1247951923847,97.03372781065117,96.81877367896334,3.358709999999874,3.190769999999823,284.0,490.0,0.0,0.0,9.0,13.0,1.0,1.0,3.0,3.0,81.0,126.0,-0.98,-5.689999999999999,-99.66412900000002,-99.68092300000002,1,1
0.01,1.0,1440,1,30,30,0,0,200,8.0,5,40,3,0.01,2,inc_every2,3.3477000000006374,7.3299099999997495,-49.32727140697898,-54.05058645298135,97.1853875903817,92.77983648542222,3.34770000000017,7.329909999999387,98.0,60.0,0.0,0.0,5.0,3.0,1.0,1.0,5.0,5.0,5.0,4.0,-1.3700000000000003,-0.47000000000000003,-99.66522999999998,-99.26700900000006,1,1
0.01,1.0,1440,1,30,30,0,0,100,8.0,3,25,5,0.01,3,inc_every3,3.313620000000636,3.1680600000003345,-49.43092642335337,-64.20096859860406,97.1992054771362,97.03781206171112,3.3136200000002756,3.1680600000000787,307.0,228.0,0.0,0.0,20.0,15.0,1.0,1.0,3.0,3.0,100.0,63.0,-3.879999999999999,-6.469999999999998,-99.66863799999997,-99.68319399999999,1,1
0.01,1.0,1440,1,30,30,0,0,100,8.0,3,25,99,0.0,1,flat,3.313620000000636,3.1680600000003345,-49.43092642335337,-64.20096859860406,97.1992054771362,97.03781206171112,3.3136200000002756,3.1680600000000787,307.0,228.0,0.0,0.0,20.0,15.0,1.0,1.0,3.0,3.0,100.0,63.0,-3.879999999999999,-6.469999999999998,-99.66863799999997,-99.68319399999999,1,1
0.01,1.0,1440,1,30,30,0,0,100,8.0,3,25,3,0.01,2,inc_every2,3.313620000000636,3.1680600000003345,-49.43092642335337,-64.20096859860406,97.1992054771362,97.03781206171112,3.3136200000002756,3.1680600000000787,307.0,228.0,0.0,0.0,20.0,15.0,1.0,1.0,3.0,3.0,100.0,63.0,-3.879999999999999,-6.469999999999998,-99.66863799999997,-99.68319399999999,1,1
0.01,1.0,1440,1,30,30,0,0,100,8.0,3,25,5,0.01,1,inc_every1,3.313620000000636,3.1680600000003345,-49.43092642335337,-64.20096859860406,97.1992054771362,97.03781206171112,3.3136200000002756,3.1680600000000787,307.0,228.0,0.0,0.0,20.0,15.0,1.0,1.0,3.0,3.0,100.0,63.0,-3.879999999999999,-6.469999999999998,-99.66863799999997,-99.68319399999999,1,1
0.01,1.0,1440,1,30,30,0,0,150,12.0,3,0,99,0.0,1,flat,3.3100000000434875,3.6050699999997278,-49.441986756933495,-62.79756534833897,97.15928595945465,97.49700062487062,3.3100000000434875,3.6050699999995572,180.0,212.0,2.0,2.0,0.0,0.0,1.0,1.0,3.0,3.0,53.0,56.0,-72.18000000000022,-51.73000000000025,-99.66899999999565,-99.63949300000004,1,1
0.01,1.0,1440,1,30,30,0,0,150,12.0,3,0,5,0.01,1,inc_every1,3.3100000000434875,3.6050699999997278,-49.441986756933495,-62.79756534833897,97.15928595945465,97.49700062487062,3.3100000000434875,3.6050699999995572,180.0,212.0,2.0,2.0,0.0,0.0,1.0,1.0,3.0,3.0,53.0,56.0,-72.18000000000022,-51.73000000000025,-99.66899999999565,-99.63949300000004,1,1
0.01,1.0,1440,1,30,30,0,0,150,12.0,3,0,3,0.01,2,inc_every2,3.3100000000434875,3.6050699999997278,-49.441986756933495,-62.79756534833897,97.15928595945465,97.49700062487062,3.3100000000434875,3.6050699999995572,180.0,212.0,2.0,2.0,0.0,0.0,1.0,1.0,3.0,3.0,53.0,56.0,-72.18000000000022,-51.73000000000025,-99.66899999999565,-99.63949300000004,1,1
0.01,1.0,1440,1,30,30,0,0,150,12.0,3,0,5,0.01,3,inc_every3,3.3100000000434875,3.6050699999997278,-49.441986756933495,-62.79756534833897,97.15928595945465,97.49700062487062,3.3100000000434875,3.6050699999995572,180.0,212.0,2.0,2.0,0.0,0.0,1.0,1.0,3.0,3.0,53.0,56.0,-72.18000000000022,-51.73000000000025,-99.66899999999565,-99.63949300000004,1,1
0.01,1.0,1440,1,30,30,0,0,100,12.0,8,25,5,0.01,3,inc_every3,3.2569200000005836,5.383299999998975,-49.60528588117638,-58.0830360557826,97.55302779864775,96.96783823363833,3.256919999999912,5.383299999998975,140.0,216.0,0.0,0.0,19.0,27.0,1.0,1.0,7.0,7.0,0.0,0.0,-2.1799999999999997,-7.799999999999996,-99.67430800000001,-99.4616700000001,1,1
0.01,1.0,1440,1,30,30,0,0,100,12.0,12,25,5,0.01,3,inc_every3,3.2569200000005836,5.383299999998975,-49.60528588117638,-58.0830360557826,97.55302779864775,96.96783823363833,3.256919999999912,5.383299999998975,140.0,216.0,0.0,0.0,19.0,27.0,1.0,1.0,7.0,7.0,0.0,0.0,-2.1799999999999997,-7.799999999999996,-99.67430800000001,-99.4616700000001,1,1
0.01,1.0,1440,1,30,30,0,0,100,12.0,18,25,5,0.01,3,inc_every3,3.2569200000005836,5.383299999998975,-49.60528588117638,-58.0830360557826,97.55302779864775,96.96783823363833,3.256919999999912,5.383299999998975,140.0,216.0,0.0,0.0,19.0,27.0,1.0,1.0,7.0,7.0,0.0,0.0,-2.1799999999999997,-7.799999999999996,-99.67430800000001,-99.4616700000001,1,1
0.01,1.0,1440,1,30,30,0,0,75,5.3,18,15,3,0.01,2,inc_every2,3.2213400000004153,5.382100000001319,-49.71594245023725,-58.08581676249278,97.19003838101952,94.80492277992224,3.221340000000181,5.382100000000872,211.0,185.0,0.0,0.0,20.0,18.0,1.0,1.0,6.0,6.0,0.0,0.0,-0.56,-0.7300000000000001,-99.67786599999998,-99.46178999999991,1,1
0.01,1.0,1440,1,30,30,0,0,75,5.3,8,15,3,0.01,2,inc_every2,3.2213400000004153,5.382100000001319,-49.71594245023725,-58.08581676249278,97.19003838101952,94.80492277992224,3.221340000000181,5.382100000000872,211.0,185.0,0.0,0.0,20.0,18.0,1.0,1.0,6.0,6.0,0.0,0.0,-0.56,-0.7300000000000001,-99.67786599999998,-99.46178999999991,1,1
0.01,1.0,1440,1,30,30,0,0,75,5.3,12,15,3,0.01,2,inc_every2,3.2213400000004153,5.382100000001319,-49.71594245023725,-58.08581676249278,97.19003838101952,94.80492277992224,3.221340000000181,5.382100000000872,211.0,185.0,0.0,0.0,20.0,18.0,1.0,1.0,6.0,6.0,0.0,0.0,-0.56,-0.7300000000000001,-99.67786599999998,-99.46178999999991,1,1
0.01,1.0,1440,1,30,30,0,0,75,5.3,5,25,3,0.01,2,inc_every2,3.2133600000006233,5.2814000000012715,-49.740894996739016,-58.32073266479539,97.68088914549755,96.57185512138308,3.2133599999999003,5.281400000000378,263.0,317.0,0.0,0.0,15.0,18.0,1.0,1.0,5.0,5.0,36.0,47.0,-1.62,-3.84,-99.67866400000001,-99.47185999999996,1,1
0.01,1.0,1440,1,30,30,0,0,100,5.3,18,15,5,0.01,1,inc_every1,3.186960000000438,6.350000000021437,-49.82379957960408,-55.971535534734706,97.7397446808512,94.46864111496505,3.1869600000003526,6.350000000020479,676.0,204.0,0.0,0.0,45.0,18.0,1.0,0.0,6.0,5.0,0.0,0.0,-3.3399999999999994,-1.6800000000000004,-99.68130399999997,-99.36499999999795,1,1
0.01,1.0,1440,1,30,30,0,0,100,5.3,18,15,5,0.01,3,inc_every3,3.186960000000438,6.350000000021437,-49.82379957960408,-55.971535534734706,97.7397446808512,94.46864111496505,3.1869600000003526,6.350000000020479,676.0,204.0,0.0,0.0,45.0,18.0,1.0,0.0,6.0,5.0,0.0,0.0,-3.3399999999999994,-1.6800000000000004,-99.68130399999997,-99.36499999999795,1,1
0.01,1.0,1440,1,30,30,0,0,100,5.3,8,15,5,0.01,1,inc_every1,3.186960000000438,6.350000000021437,-49.82379957960408,-55.971535534734706,97.7397446808512,94.46864111496505,3.1869600000003526,6.350000000020479,676.0,204.0,0.0,0.0,45.0,18.0,1.0,0.0,6.0,5.0,0.0,0.0,-3.3399999999999994,-1.6800000000000004,-99.68130399999997,-99.36499999999795,1,1
0.01,1.0,1440,1,30,30,0,0,100,5.3,8,15,5,0.01,3,inc_every3,3.186960000000438,6.350000000021437,-49.82379957960408,-55.971535534734706,97.7397446808512,94.46864111496505,3.1869600000003526,6.350000000020479,676.0,204.0,0.0,0.0,45.0,18.0,1.0,0.0,6.0,5.0,0.0,0.0,-3.3399999999999994,-1.6800000000000004,-99.68130399999997,-99.36499999999795,1,1
0.01,1.0,1440,1,30,30,0,0,100,5.3,12,15,5,0.01,3,inc_every3,3.186960000000438,6.350000000021437,-49.82379957960408,-55.971535534734706,97.7397446808512,94.46864111496505,3.1869600000003526,6.350000000020479,676.0,204.0,0.0,0.0,45.0,18.0,1.0,0.0,6.0,5.0,0.0,0.0,-3.3399999999999994,-1.6800000000000004,-99.68130399999997,-99.36499999999795,1,1
0.01,1.0,1440,1,30,30,0,0,100,5.3,12,15,5,0.01,1,inc_every1,3.186960000000438,6.350000000021437,-49.82379957960408,-55.971535534734706,97.7397446808512,94.46864111496505,3.1869600000003526,6.350000000020479,676.0,204.0,0.0,0.0,45.0,18.0,1.0,0.0,6.0,5.0,0.0,0.0,-3.3399999999999994,-1.6800000000000004,-99.68130399999997,-99.36499999999795,1,1
0.01,1.0,1440,1,30,30,0,0,200,5.3,3,25,99,0.0,1,flat,3.181440000000256,8.890000000027118,-49.84120356942594,-51.33487810126116,97.16272184072066,95.70999999997561,3.181439999999977,4.290000000024396,416.0,246.0,0.0,0.0,15.0,10.0,1.0,0.0,3.0,3.0,51.0,25.0,-3.1599999999999997,-2.939999999999999,-99.681856,-99.57099999999755,1,1
0.01,1.0,1440,1,30,30,0,0,200,5.3,3,25,3,0.01,2,inc_every2,3.181440000000256,8.890000000027118,-49.84120356942594,-51.33487810126116,97.16272184072066,95.70999999997561,3.181439999999977,4.290000000024396,416.0,246.0,0.0,0.0,15.0,10.0,1.0,0.0,3.0,3.0,51.0,25.0,-3.1599999999999997,-2.939999999999999,-99.681856,-99.57099999999755,1,1
0.01,1.0,1440,1,30,30,0,0,200,5.3,3,25,5,0.01,3,inc_every3,3.181440000000256,8.890000000027118,-49.84120356942594,-51.33487810126116,97.16272184072066,95.70999999997561,3.181439999999977,4.290000000024396,416.0,246.0,0.0,0.0,15.0,10.0,1.0,0.0,3.0,3.0,51.0,25.0,-3.1599999999999997,-2.939999999999999,-99.681856,-99.57099999999755,1,1
0.01,1.0,1440,1,30,30,0,0,200,5.3,3,25,5,0.01,1,inc_every1,3.181440000000256,8.890000000027118,-49.84120356942594,-51.33487810126116,97.16272184072066,95.70999999997561,3.181439999999977,4.290000000024396,416.0,246.0,0.0,0.0,15.0,10.0,1.0,0.0,3.0,3.0,51.0,25.0,-3.1599999999999997,-2.939999999999999,-99.681856,-99.57099999999755,1,1
0.01,1.0,1440,1,30,30,0,0,75,5.3,8,25,5,0.01,3,inc_every3,3.1771800000004387,5.316700000000278,-49.85465143009622,-58.23802845821163,98.12919978802418,96.63734109164687,3.1771800000000727,5.316700000000253,751.0,337.0,0.0,0.0,37.0,18.0,1.0,1.0,8.0,8.0,37.0,16.0,-4.609999999999999,-4.430000000000001,-99.68228199999999,-99.46832999999998,1,1
0.01,1.0,1440,1,30,30,0,0,75,5.3,18,25,5,0.01,3,inc_every3,3.1771800000004387,5.316700000000278,-49.85465143009622,-58.23802845821163,98.12919978802418,96.63734109164687,3.1771800000000727,5.316700000000253,751.0,337.0,0.0,0.0,37.0,18.0,1.0,1.0,8.0,8.0,0.0,0.0,-4.609999999999999,-4.430000000000001,-99.68228199999999,-99.46832999999998,1,1
0.01,1.0,1440,1,30,30,0,0,75,5.3,12,25,5,0.01,3,inc_every3,3.1771800000004387,5.316700000000278,-49.85465143009622,-58.23802845821163,98.12919978802418,96.63734109164687,3.1771800000000727,5.316700000000253,751.0,337.0,0.0,0.0,37.0,18.0,1.0,1.0,8.0,8.0,0.0,0.0,-4.609999999999999,-4.430000000000001,-99.68228199999999,-99.46832999999998,1,1
0.01,1.0,1440,1,30,30,0,0,50,12.0,8,40,99,0.0,1,flat,3.153600000000621,8.500799999999138,-49.929350138979835,-51.97887352087047,97.853817884851,94.77259869635,3.153600000000182,8.500799999999138,150.0,219.0,0.0,0.0,18.0,24.0,2.0,1.0,8.0,8.0,40.0,54.0,-6.070000000000001,-15.680000000000003,-99.68463999999999,-99.14992000000008,1,1
0.01,1.0,1440,1,30,30,0,0,50,18.0,5,15,3,0.01,2,inc_every2,3.1505700000009895,9.110000000044943,-49.938981191009134,-50.97957508103805,97.65495347971684,93.56638418076004,3.1505700000005596,9.110000000044678,31.0,71.0,0.0,0.0,16.0,34.0,1.0,0.0,5.0,5.0,23.0,43.0,-0.4700000000000001,-2.08,-99.68494299999995,-99.08899999999554,1,1
0.01,1.0,1440,1,30,30,0,0,75,5.3,18,0,99,0.0,1,flat,3.110519999999717,4.160240000000053,-50.06698411284696,-61.1776324092113,97.44158578713645,95.90245247710044,3.110519999999717,4.160240000000053,66.0,18.0,0.0,0.0,0.0,0.0,3.0,2.0,16.0,15.0,0.0,0.0,-0.7300000000000001,0.0,-99.68894800000002,-99.58397599999999,1,1
0.01,1.0,1440,1,30,30,0,0,300,8.0,18,15,3,0.01,2,inc_every2,2.628940000000334,2.1325400000003754,-51.71984381285589,-68.17862108068131,97.54808804327548,97.9966744950681,2.628940000000057,2.132540000000171,389.0,305.0,0.0,0.0,31.0,25.0,1.0,1.0,3.0,3.0,0.0,0.0,-3.0299999999999994,-7.049999999999993,-99.737106,-99.78674599999998,1,1
0.01,1.0,1440,1,30,30,0,0,300,8.0,18,15,5,0.01,3,inc_every3,2.628940000000334,2.1325400000003754,-51.71984381285589,-68.17862108068131,97.54808804327548,97.9966744950681,2.628940000000057,2.132540000000171,389.0,305.0,0.0,0.0,31.0,25.0,1.0,1.0,3.0,3.0,0.0,0.0,-3.0299999999999994,-7.049999999999993,-99.737106,-99.78674599999998,1,1
0.01,1.0,1440,1,30,30,0,0,300,8.0,18,15,99,0.0,1,flat,2.628940000000334,2.1325400000003754,-51.71984381285589,-68.17862108068131,97.54808804327548,97.9966744950681,2.628940000000057,2.132540000000171,389.0,305.0,0.0,0.0,31.0,25.0,1.0,1.0,3.0,3.0,0.0,0.0,-3.0299999999999994,-7.049999999999993,-99.737106,-99.78674599999998,1,1
0.01,1.0,1440,1,30,30,0,0,300,8.0,18,15,5,0.01,1,inc_every1,2.628940000000334,2.1325400000003754,-51.71984381285589,-68.17862108068131,97.54808804327548,97.9966744950681,2.628940000000057,2.132540000000171,389.0,305.0,0.0,0.0,31.0,25.0,1.0,1.0,3.0,3.0,0.0,0.0,-3.0299999999999994,-7.049999999999993,-99.737106,-99.78674599999998,1,1
0.01,1.0,1440,1,30,30,0,0,300,8.0,8,15,5,0.01,3,inc_every3,2.628940000000334,2.1325400000003754,-51.71984381285589,-68.17862108068131,97.54808804327548,97.9966744950681,2.628940000000057,2.132540000000171,389.0,305.0,0.0,0.0,31.0,25.0,1.0,1.0,3.0,3.0,0.0,0.0,-3.0299999999999994,-7.049999999999993,-99.737106,-99.78674599999998,1,1
0.01,1.0,1440,1,30,30,0,0,300,8.0,5,15,5,0.01,3,inc_every3,2.628940000000334,2.1325400000003754,-51.71984381285589,-68.17862108068131,97.54808804327548,97.9966744950681,2.628940000000057,2.132540000000171,389.0,305.0,0.0,0.0,31.0,25.0,1.0,1.0,3.0,3.0,0.0,0.0,-3.0299999999999994,-7.049999999999993,-99.737106,-99.78674599999998,1,1
0.01,1.0,1440,1,30,30,0,0,300,8.0,3,15,99,0.0,1,flat,2.628940000000334,2.1325400000003754,-51.71984381285589,-68.17862108068131,97.54808804327548,97.9966744950681,2.628940000000057,2.132540000000171,389.0,305.0,0.0,0.0,31.0,25.0,1.0,1.0,3.0,3.0,53.0,35.0,-3.0299999999999994,-7.049999999999993,-99.737106,-99.78674599999998,1,1
0.01,1.0,1440,1,30,30,0,0,300,8.0,8,15,99,0.0,1,flat,2.628940000000334,2.1325400000003754,-51.71984381285589,-68.17862108068131,97.54808804327548,97.9966744950681,2.628940000000057,2.132540000000171,389.0,305.0,0.0,0.0,31.0,25.0,1.0,1.0,3.0,3.0,0.0,0.0,-3.0299999999999994,-7.049999999999993,-99.737106,-99.78674599999998,1,1
0.01,1.0,1440,1,30,30,0,0,300,8.0,12,15,99,0.0,1,flat,2.628940000000334,2.1325400000003754,-51.71984381285589,-68.17862108068131,97.54808804327548,97.9966744950681,2.628940000000057,2.132540000000171,389.0,305.0,0.0,0.0,31.0,25.0,1.0,1.0,3.0,3.0,0.0,0.0,-3.0299999999999994,-7.049999999999993,-99.737106,-99.78674599999998,1,1
0.01,1.0,1440,1,30,30,0,0,300,8.0,8,15,5,0.01,1,inc_every1,2.628940000000334,2.1325400000003754,-51.71984381285589,-68.17862108068131,97.54808804327548,97.9966744950681,2.628940000000057,2.132540000000171,389.0,305.0,0.0,0.0,31.0,25.0,1.0,1.0,3.0,3.0,0.0,0.0,-3.0299999999999994,-7.049999999999993,-99.737106,-99.78674599999998,1,1
0.01,1.0,1440,1,30,30,0,0,300,8.0,8,15,3,0.01,2,inc_every2,2.628940000000334,2.1325400000003754,-51.71984381285589,-68.17862108068131,97.54808804327548,97.9966744950681,2.628940000000057,2.132540000000171,389.0,305.0,0.0,0.0,31.0,25.0,1.0,1.0,3.0,3.0,0.0,0.0,-3.0299999999999994,-7.049999999999993,-99.737106,-99.78674599999998,1,1
0.01,1.0,1440,1,30,30,0,0,300,8.0,3,15,5,0.01,1,inc_every1,2.628940000000334,2.1325400000003754,-51.71984381285589,-68.17862108068131,97.54808804327548,97.9966744950681,2.628940000000057,2.132540000000171,389.0,305.0,0.0,0.0,31.0,25.0,1.0,1.0,3.0,3.0,53.0,35.0,-3.0299999999999994,-7.049999999999993,-99.737106,-99.78674599999998,1,1
0.01,1.0,1440,1,30,30,0,0,300,8.0,12,15,3,0.01,2,inc_every2,2.628940000000334,2.1325400000003754,-51.71984381285589,-68.17862108068131,97.54808804327548,97.9966744950681,2.628940000000057,2.132540000000171,389.0,305.0,0.0,0.0,31.0,25.0,1.0,1.0,3.0,3.0,0.0,0.0,-3.0299999999999994,-7.049999999999993,-99.737106,-99.78674599999998,1,1
0.01,1.0,1440,1,30,30,0,0,300,8.0,3,15,5,0.01,3,inc_every3,2.628940000000334,2.1325400000003754,-51.71984381285589,-68.17862108068131,97.54808804327548,97.9966744950681,2.628940000000057,2.132540000000171,389.0,305.0,0.0,0.0,31.0,25.0,1.0,1.0,3.0,3.0,53.0,35.0,-3.0299999999999994,-7.049999999999993,-99.737106,-99.78674599999998,1,1
0.01,1.0,1440,1,30,30,0,0,300,8.0,12,15,5,0.01,3,inc_every3,2.628940000000334,2.1325400000003754,-51.71984381285589,-68.17862108068131,97.54808804327548,97.9966744950681,2.628940000000057,2.132540000000171,389.0,305.0,0.0,0.0,31.0,25.0,1.0,1.0,3.0,3.0,0.0,0.0,-3.0299999999999994,-7.049999999999993,-99.737106,-99.78674599999998,1,1
0.01,1.0,1440,1,30,30,0,0,300,8.0,3,15,3,0.01,2,inc_every2,2.628940000000334,2.1325400000003754,-51.71984381285589,-68.17862108068131,97.54808804327548,97.9966744950681,2.628940000000057,2.132540000000171,389.0,305.0,0.0,0.0,31.0,25.0,1.0,1.0,3.0,3.0,53.0,35.0,-3.0299999999999994,-7.049999999999993,-99.737106,-99.78674599999998,1,1
0.01,1.0,1440,1,30,30,0,0,300,8.0,5,15,99,0.0,1,flat,2.628940000000334,2.1325400000003754,-51.71984381285589,-68.17862108068131,97.54808804327548,97.9966744950681,2.628940000000057,2.132540000000171,389.0,305.0,0.0,0.0,31.0,25.0,1.0,1.0,3.0,3.0,0.0,0.0,-3.0299999999999994,-7.049999999999993,-99.737106,-99.78674599999998,1,1
0.01,1.0,1440,1,30,30,0,0,300,8.0,5,15,3,0.01,2,inc_every2,2.628940000000334,2.1325400000003754,-51.71984381285589,-68.17862108068131,97.54808804327548,97.9966744950681,2.628940000000057,2.132540000000171,389.0,305.0,0.0,0.0,31.0,25.0,1.0,1.0,3.0,3.0,0.0,0.0,-3.0299999999999994,-7.049999999999993,-99.737106,-99.78674599999998,1,1
0.01,1.0,1440,1,30,30,0,0,300,8.0,5,15,5,0.01,1,inc_every1,2.628940000000334,2.1325400000003754,-51.71984381285589,-68.17862108068131,97.54808804327548,97.9966744950681,2.628940000000057,2.132540000000171,389.0,305.0,0.0,0.0,31.0,25.0,1.0,1.0,3.0,3.0,0.0,0.0,-3.0299999999999994,-7.049999999999993,-99.737106,-99.78674599999998,1,1
0.01,1.0,1440,1,30,30,0,0,300,8.0,12,15,5,0.01,1,inc_every1,2.628940000000334,2.1325400000003754,-51.71984381285589,-68.17862108068131,97.54808804327548,97.9966744950681,2.628940000000057,2.132540000000171,389.0,305.0,0.0,0.0,31.0,25.0,1.0,1.0,3.0,3.0,0.0,0.0,-3.0299999999999994,-7.049999999999993,-99.737106,-99.78674599999998,1,1
0.01,1.0,1440,1,30,30,0,0,300,18.0,12,0,5,0.01,3,inc_every3,2.5530800000000067,5.233250000001526,-52.00191531716306,-58.434171457348306,98.0102252357572,95.83041191936886,2.5530800000000067,5.233250000000169,23.0,30.0,0.0,0.0,0.0,0.0,2.0,2.0,8.0,8.0,0.0,0.0,-1.9400000000000004,-1.25,-99.744692,-99.47667499999999,1,1
0.01,1.0,1440,1,30,30,0,0,300,18.0,18,0,5,0.01,3,inc_every3,2.5530800000000067,5.233250000001526,-52.00191531716306,-58.434171457348306,98.0102252357572,95.83041191936886,2.5530800000000067,5.233250000000169,23.0,30.0,0.0,0.0,0.0,0.0,2.0,2.0,8.0,8.0,0.0,0.0,-1.9400000000000004,-1.25,-99.744692,-99.47667499999999,1,1
0.01,1.0,1440,1,30,30,0,0,300,18.0,8,0,5,0.01,3,inc_every3,2.5530800000000067,5.233250000001519,-52.00191531716306,-58.43417145734831,98.0102252357572,95.83041191936874,2.5530800000000067,5.233250000000311,23.0,30.0,0.0,0.0,0.0,0.0,2.0,2.0,8.0,8.0,1.0,1.0,-1.9400000000000004,-1.25,-99.744692,-99.47667499999997,1,1
0.01,1.0,1440,1,30,30,0,0,200,12.0,3,15,3,0.01,2,inc_every2,2.427180000000071,8.490000000068955,-52.48520997533923,-51.997036575023984,97.83943386149201,94.54124606180979,2.42717999999992,8.490000000068235,272.0,346.0,0.0,0.0,37.0,45.0,1.0,0.0,3.0,3.0,68.0,86.0,-3.759999999999999,-13.880000000000004,-99.757282,-99.15099999999318,1,1
0.01,1.0,1440,1,30,30,0,0,200,12.0,3,15,5,0.01,1,inc_every1,2.427180000000071,8.490000000068955,-52.48520997533923,-51.997036575023984,97.83943386149201,94.54124606180979,2.42717999999992,8.490000000068235,272.0,346.0,0.0,0.0,37.0,45.0,1.0,0.0,3.0,3.0,68.0,86.0,-3.759999999999999,-13.880000000000004,-99.757282,-99.15099999999318,1,1
0.01,1.0,1440,1,30,30,0,0,200,12.0,3,15,5,0.01,3,inc_every3,2.427180000000071,8.490000000068955,-52.48520997533923,-51.997036575023984,97.83943386149201,94.54124606180979,2.42717999999992,8.490000000068235,272.0,346.0,0.0,0.0,37.0,45.0,1.0,0.0,3.0,3.0,68.0,86.0,-3.759999999999999,-13.880000000000004,-99.757282,-99.15099999999318,1,1
0.01,1.0,1440,1,30,30,0,0,200,12.0,3,15,99,0.0,1,flat,2.427180000000071,8.490000000068955,-52.48520997533923,-51.997036575023984,97.83943386149201,94.54124606180979,2.42717999999992,8.490000000068235,272.0,346.0,0.0,0.0,37.0,45.0,1.0,0.0,3.0,3.0,68.0,86.0,-3.759999999999999,-13.880000000000004,-99.757282,-99.15099999999318,1,1
0.01,1.0,1440,1,30,30,0,0,150,5.3,5,40,3,0.01,2,inc_every2,2.3827199999993542,9.160000000019558,-52.66067436707469,-50.899666753665116,97.85437190454816,90.90186730232475,2.3827199999993542,9.160000000019558,187.0,89.0,0.0,0.0,6.0,4.0,1.0,0.0,5.0,5.0,10.0,5.0,-1.03,-0.5,-99.76172800000006,-99.08399999999804,1,1
0.01,1.0,1440,1,30,30,0,0,150,3.0,3,25,5,0.01,1,inc_every1,2.3827199999993383,10.480000000029925,-52.660674367074755,-48.892752309717366,97.77253435542744,89.5199999999709,2.3827199999993383,10.480000000029086,294.0,222.0,0.0,0.0,8.0,7.0,1.0,0.0,3.0,3.0,30.0,22.0,-0.7000000000000002,-1.6400000000000001,-99.76172800000006,-98.95199999999708,1,1
0.01,1.0,1440,1,30,30,0,0,150,3.0,3,25,99,0.0,1,flat,2.3827199999993383,10.480000000029925,-52.660674367074755,-48.892752309717366,97.77253435542744,89.5199999999709,2.3827199999993383,10.480000000029086,294.0,222.0,0.0,0.0,8.0,7.0,1.0,0.0,3.0,3.0,30.0,22.0,-0.7000000000000002,-1.6400000000000001,-99.76172800000006,-98.95199999999708,1,1
0.01,1.0,1440,1,30,30,0,0,150,3.0,3,25,3,0.01,2,inc_every2,2.3827199999993383,10.480000000029925,-52.660674367074755,-48.892752309717366,97.77253435542744,89.5199999999709,2.3827199999993383,10.480000000029086,294.0,222.0,0.0,0.0,8.0,7.0,1.0,0.0,3.0,3.0,30.0,22.0,-0.7000000000000002,-1.6400000000000001,-99.76172800000006,-98.95199999999708,1,1
0.01,1.0,1440,1,30,30,0,0,150,3.0,3,25,5,0.01,3,inc_every3,2.3827199999993383,10.480000000029925,-52.660674367074755,-48.892752309717366,97.77253435542744,89.5199999999709,2.3827199999993383,10.480000000029086,294.0,222.0,0.0,0.0,8.0,7.0,1.0,0.0,3.0,3.0,30.0,22.0,-0.7000000000000002,-1.6400000000000001,-99.76172800000006,-98.95199999999708,1,1
0.01,1.0,1440,1,30,30,0,0,150,3.0,12,25,5,0.01,1,inc_every1,5.396700000000141,6.620000000063534,-44.24610125739571,-55.42257354505844,97.78748721757323,93.37999999993784,2.380000000056542,6.62000000006217,385.0,442.0,0.0,0.0,9.0,11.0,1.0,0.0,6.0,6.0,0.0,0.0,-0.9200000000000002,-3.829999999999999,-99.76199999999434,-99.33799999999378,1,1
0.01,1.0,1440,1,30,30,0,0,150,3.0,8,25,5,0.01,3,inc_every3,5.396700000000141,6.620000000063534,-44.24610125739571,-55.42257354505844,97.78748721757323,93.37999999993784,2.380000000056542,6.62000000006217,385.0,442.0,0.0,0.0,9.0,11.0,1.0,0.0,6.0,6.0,0.0,0.0,-0.9200000000000002,-3.829999999999999,-99.76199999999434,-99.33799999999378,1,1
0.01,1.0,1440,1,30,30,0,0,150,3.0,18,25,5,0.01,1,inc_every1,5.396700000000141,6.620000000063534,-44.24610125739571,-55.42257354505844,97.78748721757323,93.37999999993784,2.380000000056542,6.62000000006217,385.0,442.0,0.0,0.0,9.0,11.0,1.0,0.0,6.0,6.0,0.0,0.0,-0.9200000000000002,-3.829999999999999,-99.76199999999434,-99.33799999999378,1,1
0.01,1.0,1440,1,30,30,0,0,150,3.0,12,25,5,0.01,3,inc_every3,5.396700000000141,6.620000000063534,-44.24610125739571,-55.42257354505844,97.78748721757323,93.37999999993784,2.380000000056542,6.62000000006217,385.0,442.0,0.0,0.0,9.0,11.0,1.0,0.0,6.0,6.0,0.0,0.0,-0.9200000000000002,-3.829999999999999,-99.76199999999434,-99.33799999999378,1,1
0.01,1.0,1440,1,30,30,0,0,150,3.0,8,25,5,0.01,1,inc_every1,5.396700000000141,6.620000000063534,-44.24610125739571,-55.42257354505844,97.78748721757323,93.37999999993784,2.380000000056542,6.62000000006217,385.0,442.0,0.0,0.0,9.0,11.0,1.0,0.0,6.0,6.0,0.0,0.0,-0.9200000000000002,-3.829999999999999,-99.76199999999434,-99.33799999999378,1,1
0.01,1.0,1440,1,30,30,0,0,150,3.0,18,25,5,0.01,3,inc_every3,5.396700000000141,6.620000000063534,-44.24610125739571,-55.42257354505844,97.78748721757323,93.37999999993784,2.380000000056542,6.62000000006217,385.0,442.0,0.0,0.0,9.0,11.0,1.0,0.0,6.0,6.0,0.0,0.0,-0.9200000000000002,-3.829999999999999,-99.76199999999434,-99.33799999999378,1,1
0.01,1.0,1440,1,30,30,0,0,300,5.3,12,0,99,0.0,1,flat,2.2992800000001115,9.538650000001269,-52.99717071209648,-50.30425110192213,97.9628953663506,91.07703461178744,2.2992800000001115,9.538649999999336,61.0,50.0,0.0,0.0,0.0,0.0,2.0,1.0,9.0,9.0,0.0,0.0,-1.6000000000000003,-0.33999999999999997,-99.77007199999998,-99.04613500000006,1,1
0.01,1.0,1440,1,30,30,0,0,300,5.3,18,0,99,0.0,1,flat,2.2992800000001115,9.538650000001269,-52.99717071209648,-50.30425110192213,97.9628953663506,91.07703461178744,2.2992800000001115,9.538649999999336,61.0,50.0,0.0,0.0,0.0,0.0,2.0,1.0,9.0,9.0,0.0,0.0,-1.6000000000000003,-0.33999999999999997,-99.77007199999998,-99.04613500000006,1,1
0.01,1.0,1440,1,30,30,0,0,300,3.0,12,0,5,0.01,3,inc_every3,2.298080000000269,5.633399999998886,-53.0020808262045,-57.51274965417472,97.8510566672901,98.73953415523724,2.298080000000052,5.633399999998886,73.0,1066.0,0.0,2.0,0.0,0.0,2.0,2.0,7.0,12.0,0.0,2.0,-1.8200000000000003,-48.29000000000001,-99.770192,-99.43666000000012,1,1
0.01,1.0,1440,1,30,30,0,0,300,3.0,8,0,5,0.01,3,inc_every3,2.298080000000269,3.495120000000661,-53.0020808262045,-63.13888408925374,97.8510566672901,99.32379128214069,2.298080000000052,3.495119999999872,73.0,1203.0,0.0,3.0,0.0,0.0,2.0,2.0,7.0,8.0,0.0,3.0,-1.8200000000000003,-56.23000000000002,-99.770192,-99.65048800000001,1,1
0.01,1.0,1440,1,30,30,0,0,300,3.0,18,0,5,0.01,3,inc_every3,2.298080000000269,5.639599999999177,-53.0020808262045,-57.49884018272164,97.8510566672901,98.73814691338723,2.298080000000052,5.639599999999177,73.0,1062.0,0.0,2.0,0.0,0.0,2.0,2.0,7.0,13.0,0.0,0.0,-1.8200000000000003,-48.54000000000001,-99.770192,-99.43604000000008,1,1
0.01,1.0,1440,1,30,30,0,0,200,12.0,8,15,3,0.01,2,inc_every2,2.2317999999998133,5.400000000089529,-53.27652362134339,-58.04438300213653,98.4259820861844,96.90650779096718,2.231799999999785,5.400000000088809,411.0,367.0,0.0,0.0,56.0,49.0,1.0,0.0,4.0,4.0,0.0,0.0,-7.07,-11.429999999999996,-99.77682000000001,-99.45999999999111,1,1
0.01,1.0,1440,1,30,30,0,0,200,12.0,18,15,3,0.01,2,inc_every2,2.2317999999998133,5.400000000089529,-53.27652362134339,-58.04438300213653,98.4259820861844,96.90650779096718,2.231799999999785,5.400000000088809,411.0,367.0,0.0,0.0,56.0,49.0,1.0,0.0,4.0,4.0,0.0,0.0,-7.07,-11.429999999999996,-99.77682000000001,-99.45999999999111,1,1
0.01,1.0,1440,1,30,30,0,0,200,12.0,12,15,3,0.01,2,inc_every2,2.2317999999998133,5.400000000089529,-53.27652362134339,-58.04438300213653,98.4259820861844,96.90650779096718,2.231799999999785,5.400000000088809,411.0,367.0,0.0,0.0,56.0,49.0,1.0,0.0,4.0,4.0,0.0,0.0,-7.07,-11.429999999999996,-99.77682000000001,-99.45999999999111,1,1
0.01,1.0,1440,1,30,30,0,0,200,12.0,5,15,3,0.01,2,inc_every2,2.2317999999998133,5.400000000089529,-53.27652362134339,-58.04438300213653,98.4259820861844,96.90650779096718,2.231799999999785,5.400000000088809,411.0,367.0,0.0,0.0,56.0,49.0,1.0,0.0,4.0,4.0,0.0,0.0,-7.07,-11.429999999999996,-99.77682000000001,-99.45999999999111,1,1
0.01,1.0,1440,1,30,30,0,0,300,5.3,12,25,5,0.01,1,inc_every1,2.110440000000409,3.198480000000263,-53.79640006097546,-64.09902107797187,98.0378951283003,96.82533002481381,2.110440000000205,3.1984800000001314,150.0,165.0,0.0,0.0,7.0,7.0,1.0,1.0,4.0,4.0,0.0,0.0,-0.5800000000000001,-1.8400000000000003,-99.78895599999998,-99.68015199999999,1,1
0.01,1.0,1440,1,30,30,0,0,300,5.3,12,25,5,0.01,3,inc_every3,2.110440000000409,3.198480000000263,-53.79640006097546,-64.09902107797187,98.0378951283003,96.82533002481381,2.110440000000205,3.1984800000001314,150.0,165.0,0.0,0.0,7.0,7.0,1.0,1.0,4.0,4.0,0.0,0.0,-0.5800000000000001,-1.8400000000000003,-99.78895599999998,-99.68015199999999,1,1
0.01,1.0,1440,1,30,30,0,0,300,5.3,5,25,99,0.0,1,flat,2.110440000000409,3.198480000000263,-53.79640006097546,-64.09902107797187,98.0378951283003,96.82533002481381,2.110440000000205,3.1984800000001314,150.0,165.0,0.0,0.0,7.0,7.0,1.0,1.0,4.0,4.0,0.0,0.0,-0.5800000000000001,-1.8400000000000003,-99.78895599999998,-99.68015199999999,1,1
0.01,1.0,1440,1,30,30,0,0,300,5.3,5,25,5,0.01,3,inc_every3,2.110440000000409,3.198480000000263,-53.79640006097546,-64.09902107797187,98.0378951283003,96.82533002481381,2.110440000000205,3.1984800000001314,150.0,165.0,0.0,0.0,7.0,7.0,1.0,1.0,4.0,4.0,0.0,0.0,-0.5800000000000001,-1.8400000000000003,-99.78895599999998,-99.68015199999999,1,1
0.01,1.0,1440,1,30,30,0,0,300,5.3,12,25,99,0.0,1,flat,2.110440000000409,3.198480000000263,-53.79640006097546,-64.09902107797187,98.0378951283003,96.82533002481381,2.110440000000205,3.1984800000001314,150.0,165.0,0.0,0.0,7.0,7.0,1.0,1.0,4.0,4.0,0.0,0.0,-0.5800000000000001,-1.8400000000000003,-99.78895599999998,-99.68015199999999,1,1
0.01,1.0,1440,1,30,30,0,0,300,5.3,18,25,5,0.01,1,inc_every1,2.110440000000409,3.198480000000263,-53.79640006097546,-64.09902107797187,98.0378951283003,96.82533002481381,2.110440000000205,3.1984800000001314,150.0,165.0,0.0,0.0,7.0,7.0,1.0,1.0,4.0,4.0,0.0,0.0,-0.5800000000000001,-1.8400000000000003,-99.78895599999998,-99.68015199999999,1,1
0.01,1.0,1440,1,30,30,0,0,300,5.3,18,25,99,0.0,1,flat,2.110440000000409,3.198480000000263,-53.79640006097546,-64.09902107797187,98.0378951283003,96.82533002481381,2.110440000000205,3.1984800000001314,150.0,165.0,0.0,0.0,7.0,7.0,1.0,1.0,4.0,4.0,0.0,0.0,-0.5800000000000001,-1.8400000000000003,-99.78895599999998,-99.68015199999999,1,1
0.01,1.0,1440,1,30,30,0,0,300,5.3,18,25,5,0.01,3,inc_every3,2.110440000000409,3.198480000000263,-53.79640006097546,-64.09902107797187,98.0378951283003,96.82533002481381,2.110440000000205,3.1984800000001314,150.0,165.0,0.0,0.0,7.0,7.0,1.0,1.0,4.0,4.0,0.0,0.0,-0.5800000000000001,-1.8400000000000003,-99.78895599999998,-99.68015199999999,1,1
0.01,1.0,1440,1,30,30,0,0,300,5.3,8,25,99,0.0,1,flat,2.110440000000409,3.198480000000263,-53.79640006097546,-64.09902107797187,98.0378951283003,96.82533002481381,2.110440000000205,3.1984800000001314,150.0,165.0,0.0,0.0,7.0,7.0,1.0,1.0,4.0,4.0,0.0,0.0,-0.5800000000000001,-1.8400000000000003,-99.78895599999998,-99.68015199999999,1,1
0.01,1.0,1440,1,30,30,0,0,300,5.3,5,25,5,0.01,1,inc_every1,2.110440000000409,3.198480000000263,-53.79640006097546,-64.09902107797187,98.0378951283003,96.82533002481381,2.110440000000205,3.1984800000001314,150.0,165.0,0.0,0.0,7.0,7.0,1.0,1.0,4.0,4.0,0.0,0.0,-0.5800000000000001,-1.8400000000000003,-99.78895599999998,-99.68015199999999,1,1
0.01,1.0,1440,1,30,30,0,0,300,5.3,8,25,5,0.01,1,inc_every1,2.110440000000409,3.198480000000263,-53.79640006097546,-64.09902107797187,98.0378951283003,96.82533002481381,2.110440000000205,3.1984800000001314,150.0,165.0,0.0,0.0,7.0,7.0,1.0,1.0,4.0,4.0,0.0,0.0,-0.5800000000000001,-1.8400000000000003,-99.78895599999998,-99.68015199999999,1,1
0.01,1.0,1440,1,30,30,0,0,300,5.3,8,25,5,0.01,3,inc_every3,2.110440000000409,3.198480000000263,-53.79640006097546,-64.09902107797187,98.0378951283003,96.82533002481381,2.110440000000205,3.1984800000001314,150.0,165.0,0.0,0.0,7.0,7.0,1.0,1.0,4.0,4.0,0.0,0.0,-0.5800000000000001,-1.8400000000000003,-99.78895599999998,-99.68015199999999,1,1
0.01,1.0,1440,1,30,30,0,0,100,8.0,3,15,5,0.01,1,inc_every1,-3.4499999999464386,6.190000000041783,-99.37093572682485,-56.304624512431936,102.9160679570166,95.29599513637751,-3.4499999999464386,6.19000000004128,524.0,318.0,0.0,0.0,53.0,34.0,1.0,0.0,3.0,3.0,184.0,108.0,-7.689999999999999,-7.129999999999996,-100.34499999999464,-99.38099999999588,1,1
0.01,1.0,1440,1,30,30,0,0,100,8.0,3,15,99,0.0,1,flat,-3.4499999999464386,6.190000000041783,-99.37093572682485,-56.304624512431936,102.9160679570166,95.29599513637751,-3.4499999999464386,6.19000000004128,524.0,318.0,0.0,0.0,53.0,34.0,1.0,0.0,3.0,3.0,184.0,108.0,-7.689999999999999,-7.129999999999996,-100.34499999999464,-99.38099999999588,1,1
0.01,1.0,1440,1,30,30,0,0,100,8.0,3,15,5,0.01,3,inc_every3,-3.4499999999464386,6.190000000041783,-99.37093572682485,-56.304624512431936,102.9160679570166,95.29599513637751,-3.4499999999464386,6.19000000004128,524.0,318.0,0.0,0.0,53.0,34.0,1.0,0.0,3.0,3.0,184.0,108.0,-7.689999999999999,-7.129999999999996,-100.34499999999464,-99.38099999999588,1,1
0.01,1.0,1440,1,30,30,0,0,100,8.0,3,15,3,0.01,2,inc_every2,-3.4499999999464386,6.190000000041783,-99.37093572682485,-56.304624512431936,102.9160679570166,95.29599513637751,-3.4499999999464386,6.19000000004128,524.0,318.0,0.0,0.0,53.0,34.0,1.0,0.0,3.0,3.0,184.0,108.0,-7.689999999999999,-7.129999999999996,-100.34499999999464,-99.38099999999588,1,1
